municipality_id,category_id,è‡ªæ²»ä½“æ­£å¼åç§°,category_group,parent_category_id,classification_level,è¡¨ç¤ºé †,collection_channel,ä»£è¡¨å“ç›®,å…¥ã‚Œã¦ã¯ã„ã‘ãªã„ç‰©,é©ç”¨æ¡ä»¶,æ¡ä»¶å¤–ã®æ‰±ã„,å‡ºã™å‰ã®å‡¦ç†,è¢‹ãƒ»å®¹å™¨ã®ãƒ«ãƒ¼ãƒ«,ã‚µã‚¤ã‚ºãƒ»æ¡ä»¶,ç²—å¤§ã”ã¿æ‰±ã„ã‹,äºˆç´„ãŒå¿…è¦ã‹,æœ‰æ–™ã‹,æ–™é‡‘ãƒ«ãƒ¼ãƒ«,è‡ªæ²»ä½“åŽé›†å¤–ã‹,æ³¨æ„äº‹é …,source_id,å‡ºå…¸URL,å‡ºå…¸ãƒšãƒ¼ã‚¸ãƒ»è©²å½“ç®‡æ‰€,ç¢ºèªæ—¥,ui_role,rule_status,effective_from,effective_to
M001,C-M001-01,ç‡ƒã‚„ã›ã‚‹ã”ã¿,ç‡ƒã‚„ã›ã‚‹ã”ã¿,,PRIMARY,1,CURBSIDE,å°æ‰€ã”ã¿ãƒ»ç´™ããšãƒ»è¡£é¡žãƒ»ç™ºæ³¡ã‚¹ãƒãƒ­ãƒ¼ãƒ«ãƒ»ãƒ“ãƒ‡ã‚ªãƒ†ãƒ¼ãƒ—,è³‡æºãƒ—ãƒ©ã‚¹ãƒãƒƒã‚¯ãƒ»ä¸ç‡ƒç‰©,æŒ‡å®šè¢‹ã«å…¥ã‚‹å¯ç‡ƒç‰©,æŒ‡å®šè¢‹ã«å…¥ã‚‰ãªã‘ã‚Œã°ç²—å¤§ã”ã¿,æ°´åˆ‡ã‚Šãƒ»é‡‘å…·é™¤åŽ»ãƒ»æžã¯åˆ‡æ–­ãƒ»ç´™ãŠã‚€ã¤æ±šç‰©é™¤åŽ»,ç‡ƒã‚„ã›ã‚‹ã”ã¿ãƒ»ç‡ƒã‚„ã›ãªã„ã”ã¿å…±é€šæŒ‡å®šè¢‹,æŒ‡å®šè¢‹ã«å…¥ã‚‹å¤§ãã•ãƒ»æžã¯ç›´å¾„5cmä»¥ä¸‹é•·ã•30cmä»¥ä¸‹,FALSE,FALSE,TRUE,æŒ‡å®šè¢‹ã‚’è³¼å…¥,FALSE,,S-M001-02,https://www.town.yamada.iwate.jp/fs/1/2/9/3/6/3/_/gominodashikataposter6_3.pdf,ç‡ƒã‚„ã›ã‚‹ã”ã¿,2026-08-17,SORT_BUCKET,CURRENT,,
M001,C-M001-02,ç‡ƒã‚„ã›ãªã„ã”ã¿,ç‡ƒã‚„ã›ãªã„ã”ã¿,,PRIMARY,2,CURBSIDE,ã‚¬ãƒ©ã‚¹ãƒ»é™¶ç£å™¨ãƒ»é‡‘å±žãƒ»å®¶é›»ãƒ»é‹ãƒ»ç ´æã³ã‚“ãƒ»ã‚¹ãƒ—ãƒ¬ãƒ¼ç¼¶,ä¹¾é›»æ± ãƒ»ç„¡å‚·ã®è³‡æºã³ã‚“ç¼¶,æŒ‡å®šè¢‹ã«å…¥ã‚‹ä¸ç‡ƒç‰©,æŒ‡å®šè¢‹ã«å…¥ã‚‰ãªã‘ã‚Œã°ç²—å¤§ã”ã¿,å±é™ºç‰©ã‚’åŒ…ã¿è¡¨ç¤ºãƒ»é›»æ± ã¨ç¯æ²¹ã‚’é™¤åŽ»ãƒ»ã‚¹ãƒ—ãƒ¬ãƒ¼ç¼¶ã¯ç©´ã‚’2ã€œ3ã‹æ‰€é–‹ã‘ã‚‹,ç‡ƒã‚„ã›ã‚‹ã”ã¿ãƒ»ç‡ƒã‚„ã›ãªã„ã”ã¿å…±é€šæŒ‡å®šè¢‹,æŒ‡å®šè¢‹ã«å…¥ã‚‹å¤§ãã•,FALSE,FALSE,TRUE,æŒ‡å®šè¢‹ã‚’è³¼å…¥,FALSE,,S-M001-02,https://www.town.yamada.iwate.jp/fs/1/2/9/3/6/3/_/gominodashikataposter6_3.pdf,ç‡ƒã‚„ã›ãªã„ã”ã¿,2026-08-17,SORT_BUCKET,CURRENT,,
M001,C-M001-03,ä¹¾é›»æ± ãƒ»è›å…‰ç¯ãªã©,ä¹¾é›»æ± ãƒ»è›å…‰ç¯ãªã©,,PRIMARY,3,CURBSIDE,ç­’åž‹ãƒ»è§’åž‹ãƒ»ãƒœã‚¿ãƒ³ä¹¾é›»æ± ãƒ»è›å…‰ç¯ãƒ»æ°´éŠ€ä½“æ¸©è¨ˆãƒ»æ°´éŠ€è¡€åœ§è¨ˆ,å……é›»å¼é›»æ± ãƒ»ç ´æè›å…‰ç¯,å®¶åº­ç”¨å¯¾è±¡æœ‰å®³ç‰©,å……é›»å¼é›»æ± ã¯è³¼å…¥åº—ã¸ç›¸è«‡ãƒ»ç ´æè›å…‰ç¯ã¯ç‡ƒã‚„ã›ãªã„ã”ã¿,è›å…‰ç¯ç­‰ã¯è³¼å…¥æ™‚ã‚±ãƒ¼ã‚¹ã¾ãŸã¯ç´™ã§åŒ…ã‚€,é€æ˜Žã¾ãŸã¯åŠé€æ˜Žã®è¢‹,,FALSE,FALSE,FALSE,,FALSE,,S-M001-02,https://www.town.yamada.iwate.jp/fs/1/2/9/3/6/3/_/gominodashikataposter6_3.pdf,ä¹¾é›»æ± ãƒ»è›å…‰ç¯ãªã©,2026-08-17,SORT_BUCKET,CURRENT,,
M001,C-M001-04,ç²—å¤§ã”ã¿,ç²—å¤§ã”ã¿,,PRIMARY,4,BOOKED_PICKUP,ã„ã™ãƒ»è‡ªè»¢è»Šãƒ»ã‚½ãƒ•ã‚¡ãƒ¼ãƒ»ã‚¿ãƒ³ã‚¹ãƒ»æœºãƒ»æœ¬æ£šãƒ»ã˜ã‚…ã†ãŸã‚“ãƒ»ãµã¨ã‚“,ç”ºã§åŽé›†ã§ããªã„ã”ã¿,æŒ‡å®šè¢‹ã«å…¥ã‚‰ãªã„ç‰©,åˆ‡æ–­å¯èƒ½ãªå¯ç‡ƒç‰©ã¯ç‡ƒã‚„ã›ã‚‹ã”ã¿,åŽé›†æœˆã®20æ—¥ã¾ã§ã«äºˆç´„,å‡¦ç†åˆ¸ç­‰ã¯è³‡æ–™ã«æ˜Žè¨˜ãªã—,æŒ‡å®šè¢‹ã«å…¥ã‚‰ãªã„ç‰©,TRUE,TRUE,UNKNOWN,,FALSE,å¹´2å›žåŽé›†,S-M001-02,https://www.town.yamada.iwate.jp/fs/1/2/9/3/6/3/_/gominodashikataposter6_3.pdf,ç²—å¤§ã”ã¿ï¼ˆäºˆç´„åˆ¶ï¼‰,2026-08-17,REFERENCE_ONLY,CURRENT,,
M001,C-M001-05,ãƒ—ãƒ©ã‚¹ãƒãƒƒã‚¯,è³‡æºç‰©,,PRIMARY,5,CURBSIDE,ãƒ—ãƒ©è£½å®¹å™¨åŒ…è£…ãƒ»ç™½è‰²ãƒˆãƒ¬ãƒ¼ãƒ»100ï¼…è£½å“ãƒ—ãƒ©,åœ¨å®…åŒ»ç™‚å»ƒæ£„ç‰©ãƒ»ç™ºæ³¡ã‚¹ãƒãƒ­ãƒ¼ãƒ«ç·©è¡æãƒ»åŽšã„å¤§åž‹ãƒ—ãƒ©,ãƒ—ãƒ©ãƒžãƒ¼ã‚¯å“ã¾ãŸã¯100ï¼…ãƒ—ãƒ©ã§ä¸€è¾º40cmç¨‹åº¦æœªæº€ãƒ»åŽšã•5mmç¨‹åº¦æœªæº€,æ±šã‚Œæ®‹ã‚Šã‚„å¯¾è±¡å¤–ã¯ç‡ƒã‚„ã›ã‚‹ã”ã¿,ä¸­èº«ã‚’ä½¿ã„åˆ‡ã‚Šæ±šã‚Œã‚’é™¤ã,é’è‰²ã®ãƒ—ãƒ©ã‚¹ãƒãƒƒã‚¯å°‚ç”¨æŒ‡å®šè¢‹,ä¸€è¾º40cmç¨‹åº¦æœªæº€ãƒ»åŽšã•5mmç¨‹åº¦æœªæº€,FALSE,FALSE,TRUE,æŒ‡å®šè¢‹ã‚’è³¼å…¥,FALSE,ä»¤å’Œ6å¹´4æœˆã‹ã‚‰è£½å“ãƒ—ãƒ©ã‚’æ‹¡å¤§å›žåŽ,S-M001-03,https://www.town.yamada.iwate.jp/fs/1/2/9/3/6/2/_/bunbetu.pdf,P1-2 ãƒ—ãƒ©ã‚¹ãƒãƒƒã‚¯,2026-08-17,SORT_BUCKET,CURRENT,,
M001,C-M001-06,ãƒšãƒƒãƒˆãƒœãƒˆãƒ«,è³‡æºç‰©,,PRIMARY,6,CURBSIDE,å¯¾è±¡PETãƒœãƒˆãƒ«,ã‚­ãƒ£ãƒƒãƒ—ãƒ»ãƒ©ãƒ™ãƒ«ãƒ»æ±šã‚ŒãŒå–ã‚Œãªã„ç‰©,PETå¯¾è±¡,æ±šã‚Œæ®‹ã‚Šã¯ç‡ƒã‚„ã›ã‚‹ã”ã¿ãƒ»ã‚­ãƒ£ãƒƒãƒ—ãƒ©ãƒ™ãƒ«ã¯ãƒ—ãƒ©ã‚¹ãƒãƒƒã‚¯,ä¸­ã‚’æ´—ã„ã‚­ãƒ£ãƒƒãƒ—ã¨ãƒ©ãƒ™ãƒ«ã‚’å¤–ã™,é€æ˜Žã¾ãŸã¯åŠé€æ˜Žã®è¢‹,,FALSE,FALSE,FALSE,,FALSE,,S-M001-02,https://www.town.yamada.iwate.jp/fs/1/2/9/3/6/3/_/gominodashikataposter6_3.pdf,ãƒšãƒƒãƒˆãƒœãƒˆãƒ«,2026-08-17,SORT_BUCKET,CURRENT,,
M001,C-M001-07,ç¼¶é¡ž,è³‡æºç‰©,,PRIMARY,7,CURBSIDE,é£²æ–™ãƒ»é£²é£Ÿç”¨ã‚¢ãƒ«ãƒŸç¼¶ãƒ»ã‚¹ãƒãƒ¼ãƒ«ç¼¶,ãƒšãƒ³ã‚­ç¼¶ç­‰,ä¸­èº«ã‚’å£ã«ã§ãã‚‹ç¼¶,å¯¾è±¡å¤–ã¯ç‡ƒã‚„ã›ãªã„ã”ã¿,ä¸­ã‚’æ´—ã†ãƒ»ã‚¢ãƒ«ãƒŸã¨ã‚¹ãƒãƒ¼ãƒ«ã¯åˆ†ã‘ãªã„,é€æ˜Žã¾ãŸã¯åŠé€æ˜Žã®è¢‹,,FALSE,FALSE,FALSE,,FALSE,ãµãŸã‚‚ãƒªã‚µã‚¤ã‚¯ãƒ«å¯,S-M001-03,https://www.town.yamada.iwate.jp/fs/1/2/9/3/6/2/_/bunbetu.pdf,P4 ç¼¶é¡ž,2026-08-17,SORT_BUCKET,CURRENT,,
M001,C-M001-08,ã³ã‚“é¡žï¼ˆç„¡è‰²ãƒ»èŒ¶è‰²ãƒ»ãã®ä»–ã®è‰²ï¼‰ãƒ»ãƒªã‚¿ãƒ¼ãƒŠãƒ–ãƒ«ã³ã‚“,è³‡æºç‰©,,PRIMARY,8,CURBSIDE,é£²é£Ÿç”¨ã³ã‚“ãƒ»ä¸€å‡ã³ã‚“ãƒ»ãƒ“ãƒ¼ãƒ«ã³ã‚“,åŒ–ç²§å“ã³ã‚“ãƒ»æ²¹ã³ã‚“ãƒ»ç ´æã³ã‚“,é£²é£Ÿç”¨ã§ä¸­ã‚’æ´—ãˆã‚‹ã³ã‚“,å¯¾è±¡å¤–ã¯ç‡ƒã‚„ã›ãªã„ã”ã¿,ä¸­ã‚’æ´—ã†ãƒ»ãƒªã‚¿ãƒ¼ãƒŠãƒ–ãƒ«ã³ã‚“ã¯ä»–ã¨åˆ†ã‘å£Šã‚Œãªã„ã‚ˆã†ã«ã™ã‚‹,é€æ˜Žã¾ãŸã¯åŠé€æ˜Žã®è¢‹,,FALSE,FALSE,FALSE,,FALSE,,S-M001-03,https://www.town.yamada.iwate.jp/fs/1/2/9/3/6/2/_/bunbetu.pdf,P4 ã³ã‚“é¡ž,2026-08-17,SORT_BUCKET,CURRENT,,
M001,C-M001-09,ç´™è£½å®¹å™¨åŒ…è£…,è³‡æºç‰©,,PRIMARY,9,CURBSIDE,ç´™ãƒžãƒ¼ã‚¯ã®åŒ…è£…ç´™ãƒ»ç´™ç®±ãƒ»ç´™è¢‹ãƒ»å°ç´™ãƒ»ç´™ç¼¶,å°ç­’ãƒ»ç´™ã‚³ãƒƒãƒ—ãƒ»æ±šã‚ŒãŒè½ã¡ãªã„ç‰©,ç´™è£½å®¹å™¨åŒ…è£…ãƒžãƒ¼ã‚¯å“,å¯¾è±¡å¤–ã‚„æ±šã‚Œæ®‹ã‚Šã¯ç‡ƒã‚„ã›ã‚‹ã”ã¿,ç•°ç‰©ã¨æ±šã‚Œã‚’é™¤ã,èŒ¶è‰²ã®æŒ‡å®šè¢‹,,FALSE,FALSE,TRUE,æŒ‡å®šè¢‹ã‚’è³¼å…¥,FALSE,,S-M001-03,https://www.town.yamada.iwate.jp/fs/1/2/9/3/6/2/_/bunbetu.pdf,P3 ç´™è£½å®¹å™¨åŒ…è£…,2026-08-17,SORT_BUCKET,CURRENT,,
M001,C-M001-10,é£²æ–™ç”¨ç´™ãƒ‘ãƒƒã‚¯,è³‡æºç‰©,,PRIMARY,10,CURBSIDE,å†…å´ãŒéŠ€è‰²ã§ãªã„é£²æ–™ç”¨ç´™ãƒ‘ãƒƒã‚¯,å†…å´ãŒéŠ€è‰²ã®ç‰©,é£²æ–™ç”¨ç´™ãƒ‘ãƒƒã‚¯,éŠ€è‰²å†…è£…ã¯ç´™è£½å®¹å™¨åŒ…è£…,æ´—ã„é–‹ã„ã¦ä¹¾ã‹ã™,ç´™ã²ã‚‚ã§åæ–‡å­—ã«ç¸›ã‚‹,,FALSE,FALSE,FALSE,,FALSE,,S-M001-03,https://www.town.yamada.iwate.jp/fs/1/2/9/3/6/2/_/bunbetu.pdf,P4 é£²æ–™ç”¨ç´™ãƒ‘ãƒƒã‚¯,2026-08-17,SORT_BUCKET,CURRENT,,
M001,C-M001-11,ãƒ€ãƒ³ãƒœãƒ¼ãƒ«,è³‡æºç‰©,,PRIMARY,11,CURBSIDE,ãƒ€ãƒ³ãƒœãƒ¼ãƒ«,æ±šã‚ŒãŸç‰©,ãƒ€ãƒ³ãƒœãƒ¼ãƒ«ãƒžãƒ¼ã‚¯ç­‰ã®å¯¾è±¡å“,æ±šã‚Œæ®‹ã‚Šã¯ç‡ƒã‚„ã›ã‚‹ã”ã¿,ç•°ç‰©ã‚’å¤–ã™,ç´™ã²ã‚‚ã§åæ–‡å­—ã«ç¸›ã‚‹,,FALSE,FALSE,FALSE,,FALSE,,S-M001-03,https://www.town.yamada.iwate.jp/fs/1/2/9/3/6/2/_/bunbetu.pdf,P4 ãƒ€ãƒ³ãƒœãƒ¼ãƒ«,2026-08-17,SORT_BUCKET,CURRENT,,
M001,C-M001-12,æ–°èžç´™,è³‡æºç‰©,,PRIMARY,12,CURBSIDE,æ–°èžç´™ãƒ»æŠ˜è¾¼ãƒãƒ©ã‚·,ãƒã‚¹ãƒˆæŠ•å‡½ãƒãƒ©ã‚·ç­‰,æ–°èžã¨æŠ˜è¾¼ãƒãƒ©ã‚·,ãã®ä»–ã¯é›‘èªŒç­‰ã¾ãŸã¯ç‡ƒã‚„ã›ã‚‹ã”ã¿,ç•°ç‰©ã‚’å¤–ã™,ç´™ã²ã‚‚ã§åæ–‡å­—ã«ç¸›ã‚‹,,FALSE,FALSE,FALSE,,FALSE,,S-M001-03,https://www.town.yamada.iwate.jp/fs/1/2/9/3/6/2/_/bunbetu.pdf,P4 æ–°èžç´™,2026-08-17,SORT_BUCKET,CURRENT,,
M001,C-M001-13,é›‘èªŒ,è³‡æºç‰©,,PRIMARY,13,CURBSIDE,é›‘èªŒãƒ»ãƒ‘ãƒ³ãƒ•ãƒ¬ãƒƒãƒˆãƒ»æ•™ç§‘æ›¸ãƒ»ãƒŽãƒ¼ãƒˆãƒ»ã‚³ãƒ”ãƒ¼ç”¨ç´™,æ„Ÿç†±ç´™ãƒ»ã‚«ãƒ¼ãƒœãƒ³ç´™,å†ç”Ÿå¯èƒ½ãªé›‘èªŒç­‰,æ„Ÿç†±ç´™ç­‰ã¯ç‡ƒã‚„ã›ã‚‹ã”ã¿,ç•°ç‰©ã‚’å¤–ã™,ç´™ã²ã‚‚ã§åæ–‡å­—ã«ç¸›ã‚‹,,FALSE,FALSE,FALSE,,FALSE,,S-M001-03,https://www.town.yamada.iwate.jp/fs/1/2/9/3/6/2/_/bunbetu.pdf,P4 é›‘èªŒ,2026-08-17,SORT_BUCKET,CURRENT,,
M001,C-M001-14,ä½¿ç”¨æ¸ˆå°åž‹å®¶é›»,ä½¿ç”¨æ¸ˆå°åž‹å®¶é›»,,ALTERNATIVE,14,DROP_OFF,æºå¸¯é›»è©±ãƒ»ãƒŽãƒ¼ãƒˆPCãƒ»ã‚«ãƒ¡ãƒ©ãƒ»ã‚²ãƒ¼ãƒ æ©Ÿãƒ»é›»å­è¾žæ›¸ç­‰,å®¶é›»ãƒªã‚µã‚¤ã‚¯ãƒ«å¯¾è±¡è£½å“ãƒ»æŠ•å…¥å£ã«å…¥ã‚‰ãªã„å¯¾è±¡å¤–å“,å›žåŽãƒœãƒƒã‚¯ã‚¹æŠ•å…¥å£ã«å…¥ã‚‹å®¶åº­ç”¨å°åž‹å®¶é›»,é€šå¸¸ã®ä¸ç‡ƒã”ã¿çµŒè·¯ãŒå¯èƒ½ãªå“ç›®ã‚‚ã‚ã‚‹,å€‹äººæƒ…å ±ã‚’æ¶ˆåŽ»ãƒ»é›»æ± ã‚’å¤–ã›ã‚‹å ´åˆã¯å¤–ã™,å›žåŽãƒœãƒƒã‚¯ã‚¹,æŠ•å…¥å£20cmÃ—40cm,FALSE,FALSE,FALSE,,FALSE,,S-M001-02,https://www.town.yamada.iwate.jp/fs/1/2/9/3/6/3/_/gominodashikataposter6_3.pdf,ä½¿ç”¨æ¸ˆå°åž‹å®¶é›»,2026-08-17,REFERENCE_ONLY,CURRENT,,
M001,C-M001-15,å®¶é›»ãƒªã‚µã‚¤ã‚¯ãƒ«å¯¾è±¡è£½å“,å®¶é›»ãƒªã‚µã‚¤ã‚¯ãƒ«å¯¾è±¡è£½å“,,EXCLUDED,15,RETAILER_OR_MAKER,ãƒ†ãƒ¬ãƒ“ãƒ»å†·è”µåº«ãƒ»å†·å‡åº«ãƒ»æ´—æ¿¯æ©Ÿãƒ»è¡£é¡žä¹¾ç‡¥æ©Ÿãƒ»ã‚¨ã‚¢ã‚³ãƒ³,é€šå¸¸ã®ç”ºåŽé›†ã”ã¿,å®¶é›»ãƒªã‚µã‚¤ã‚¯ãƒ«æ³•å¯¾è±¡,è³¼å…¥åº—ãƒ»è²·æ›¿åº—ãƒ»æŒ‡å®šå¼•å–å ´æ‰€,ãƒªã‚µã‚¤ã‚¯ãƒ«åˆ¸æ‰‹ç¶š,ç”ºæŒ‡å®šè¢‹ä¸å¯,,FALSE,FALSE,TRUE,ãƒªã‚µã‚¤ã‚¯ãƒ«æ–™é‡‘ãƒ»ä¾é ¼æ™‚ã¯é‹æ¬æ–™,TRUE,,S-M001-02,https://www.town.yamada.iwate.jp/fs/1/2/9/3/6/3/_/gominodashikataposter6_3.pdf,å®¶é›»ãƒªã‚µã‚¤ã‚¯ãƒ«å¯¾è±¡è£½å“,2026-08-17,EXCLUDED_NOTICE,CURRENT,,
M001,C-M001-16,ç”ºã§åŽé›†ã§ããªã„ã”ã¿,ç”ºã§åŽé›†ã§ããªã„ã”ã¿,,EXCLUDED,16,NOT_COLLECTED,ç”£æ¥­å»ƒæ£„ç‰©ãƒ»ã‚¿ã‚¤ãƒ¤ãƒ»ã‚¬ã‚¹ãƒœãƒ³ãƒ™ãƒ»æ¶ˆç«å™¨ãƒ»ãƒãƒƒãƒ†ãƒªãƒ¼ãƒ»å»ƒæ²¹ãƒ»è¾²è–¬ãƒ»å»ºè¨­å»ƒæ,ç”ºåŽé›†å¯¾è±¡ã®å®¶åº­ã”ã¿,ç”ºã§åŽé›†ã§ããªã„æŒ‡å®šå“,è³¼å…¥åº—ã¾ãŸã¯å°‚é–€æ¥­è€…,å‡¦ç†å…ˆã¸ç›¸è«‡,ç”ºæŒ‡å®šè¢‹ä¸å¯,,FALSE,FALSE,CONDITIONAL,å‡¦ç†å…ˆã«ã‚ˆã‚Šç•°ãªã‚‹,TRUE,,S-M001-02,https://www.town.yamada.iwate.jp/fs/1/2/9/3/6/3/_/gominodashikataposter6_3.pdf,ç”ºã§åŽé›†ã§ããªã„ã”ã¿,2026-08-17,EXCLUDED_NOTICE,CURRENT,,
M002,C-M002-01,ç‡ƒãˆã‚‹ã”ã¿,ç‡ƒãˆã‚‹ã”ã¿,,PRIMARY,1,CURBSIDE,ç”Ÿã”ã¿ãƒ»å†ç”Ÿã§ããªã„ç´™ãƒ»é©ãƒ»ã‚´ãƒ ãƒ»å®¹å™¨åŒ…è£…ä»¥å¤–ã®ãƒ—ãƒ©ã‚¹ãƒãƒƒã‚¯,è³‡æºå¯¾è±¡ç‰©,,è©²å½“ã™ã‚‹è³‡æºåŒºåˆ†,ç”Ÿã”ã¿ã¯æ°´åˆ‡ã‚Šãƒ»æžã¯50cmä»¥ä¸‹ã«æŸã­ã‚‹,èµ¤è‰²å°å­—ã®æŒ‡å®šè¢‹,è¢‹ã‚’çµã¹ã‚‹å¤§ãã•,FALSE,FALSE,FALSE,,FALSE,,S-M002-01,https://www.city.oshu.iwate.jp/soshiki/5/1051/2/3/316.html,ç‡ƒãˆã‚‹ã”ã¿,2026-08-17,SORT_BUCKET,CURRENT,,
M002,C-M002-02,ç‡ƒãˆãªã„ã”ã¿,ç‡ƒãˆãªã„ã”ã¿,,PRIMARY,2,CURBSIDE,é™¶å™¨ãƒ»ã‚¬ãƒ©ã‚¹ãƒ»é‡‘å±žãƒ»å°åž‹å®¶é›»,é›»æ± ãƒ»å®¶é›»4å“ç›®ãƒ»è³‡æºé‡‘å±ž,,å„å°‚ç”¨åŒºåˆ†,åˆƒç‰©ã‚„å‰²ã‚Œç‰©ã‚’åŒ…ã¿å±é™ºè¡¨ç¤ºãƒ»å®¶é›»ã‚³ãƒ¼ãƒ‰ã‚’åˆ‡ã‚‹,é’è‰²å°å­—ã®æŒ‡å®šè¢‹,è¢‹ã‚’çµã¹ã‚‹å¤§ãã•,FALSE,FALSE,FALSE,,FALSE,,S-M002-01,https://www.city.oshu.iwate.jp/soshiki/5/1051/2/3/316.html,ç‡ƒãˆãªã„ã”ã¿,2026-08-17,SORT_BUCKET,CURRENT,,
M002,C-M002-03,æ–°èžç´™,ç´™é¡ž,,PRIMARY,3,CURBSIDE,æ–°èžãƒ»æŠ˜è¾¼åºƒå‘Š,æ„Ÿç†±ç´™ãƒ»æ±šã‚ŒãŸç´™,,ç‡ƒãˆã‚‹ã”ã¿,ç¨®é¡žåˆ¥ã«ã²ã‚‚ã§çµã¶,ã²ã‚‚çµæŸ,,FALSE,FALSE,FALSE,,FALSE,,S-M002-01,https://www.city.oshu.iwate.jp/soshiki/5/1051/2/3/316.html,æ–°èžç´™,2026-08-17,SORT_BUCKET,CURRENT,,
M002,C-M002-04,é›‘èªŒé¡ž,ç´™é¡ž,,PRIMARY,4,CURBSIDE,é›‘èªŒãƒ»æ›¸ç±,æ±šã‚ŒãŸç´™,,ç‡ƒãˆã‚‹ã”ã¿,ã²ã‚‚ã§çµã¶,ã²ã‚‚çµæŸ,,FALSE,FALSE,FALSE,,FALSE,,S-M002-01,https://www.city.oshu.iwate.jp/soshiki/5/1051/2/3/316.html,é›‘èªŒé¡ž,2026-08-17,SORT_BUCKET,CURRENT,,
M002,C-M002-05,ãƒ€ãƒ³ãƒœãƒ¼ãƒ«é¡ž,ç´™é¡ž,,PRIMARY,5,CURBSIDE,æ®µãƒœãƒ¼ãƒ«,æ±šã‚ŒãŸã‚‚ã®,,ç‡ƒãˆã‚‹ã”ã¿,ãŸãŸã‚“ã§ã²ã‚‚ã§çµã¶,ã²ã‚‚çµæŸ,,FALSE,FALSE,FALSE,,FALSE,,S-M002-01,https://www.city.oshu.iwate.jp/soshiki/5/1051/2/3/316.html,ãƒ€ãƒ³ãƒœãƒ¼ãƒ«é¡ž,2026-08-17,SORT_BUCKET,CURRENT,,
M002,C-M002-06,ç´™ãƒ‘ãƒƒã‚¯,ç´™é¡ž,,PRIMARY,6,CURBSIDE,ç´™ãƒ‘ãƒƒã‚¯,å†…å´ã‚¢ãƒ«ãƒŸãƒ»æ±šã‚ŒãŸã‚‚ã®,,ç‡ƒãˆã‚‹ã”ã¿,æ´—ã£ã¦é–‹ã„ã¦ä¹¾ã‹ã—çµã¶,ã²ã‚‚çµæŸ,,FALSE,FALSE,FALSE,,FALSE,,S-M002-01,https://www.city.oshu.iwate.jp/soshiki/5/1051/2/3/316.html,ç´™ãƒ‘ãƒƒã‚¯,2026-08-17,SORT_BUCKET,CURRENT,,
M002,C-M002-07,ãã®ä»–ç´™,ç´™é¡ž,,PRIMARY,7,CURBSIDE,è“å­ç®±ãƒ»åŒ…è£…ç´™ãƒ»ç´™è¢‹,ç¦å¿Œç´™ãƒ»æ±šã‚ŒãŸç´™,,ç‡ƒãˆã‚‹ã”ã¿,ç´™è¢‹ã¾ãŸã¯ã²ã‚‚ã§ã¾ã¨ã‚ã‚‹,ç´™è¢‹ã¾ãŸã¯ã²ã‚‚çµæŸ,,FALSE,FALSE,FALSE,,FALSE,,S-M002-01,https://www.city.oshu.iwate.jp/soshiki/5/1051/2/3/316.html,ãã®ä»–ç´™,2026-08-17,SORT_BUCKET,CURRENT,,
M002,C-M002-08,ã‚¢ãƒ«ãƒŸç¼¶,é‡‘å±žé¡ž,,PRIMARY,8,CURBSIDE,é£²æ–™ç¼¶ãƒ»ç¼¶è©°ç¼¶,ä¸€æ–—ç¼¶ãƒ»å¡—æ–™ç¼¶ãƒ»ã‚¹ãƒ—ãƒ¬ãƒ¼ç¼¶,,ç‡ƒãˆãªã„ã”ã¿,æ´—ã£ã¦ã¤ã¶ã•ãªã„,æŒ‡å®šã‚³ãƒ³ãƒ†ãƒŠã¾ãŸã¯ãƒãƒƒãƒˆã¸ç›´æŽ¥,,FALSE,FALSE,FALSE,,FALSE,,S-M002-01,https://www.city.oshu.iwate.jp/soshiki/5/1051/2/3/316.html,ã‚¢ãƒ«ãƒŸç¼¶,2026-08-17,SORT_BUCKET,CURRENT,,
M002,C-M002-09,ã‚¹ãƒãƒ¼ãƒ«ç¼¶,é‡‘å±žé¡ž,,PRIMARY,9,CURBSIDE,é£²æ–™ç¼¶ãƒ»ç¼¶è©°ç¼¶,ä¸€æ–—ç¼¶ãƒ»å¡—æ–™ç¼¶ãƒ»ã‚¹ãƒ—ãƒ¬ãƒ¼ç¼¶,,ç‡ƒãˆãªã„ã”ã¿,æ´—ã£ã¦ã¤ã¶ã•ãªã„,æŒ‡å®šã‚³ãƒ³ãƒ†ãƒŠã¾ãŸã¯ãƒãƒƒãƒˆã¸ç›´æŽ¥,,FALSE,FALSE,FALSE,,FALSE,,S-M002-01,https://www.city.oshu.iwate.jp/soshiki/5/1051/2/3/316.html,ã‚¹ãƒãƒ¼ãƒ«ç¼¶,2026-08-17,SORT_BUCKET,CURRENT,,
M002,C-M002-10,ç„¡è‰²ã®ãƒ“ãƒ³,ãƒ“ãƒ³é¡ž,,PRIMARY,10,CURBSIDE,ç„¡è‰²ã®é£²é£Ÿç”¨ã³ã‚“,è–¬å“ã³ã‚“ãƒ»å‰²ã‚ŒãŸã³ã‚“,,ç‡ƒãˆãªã„ã”ã¿,ä¸­ã‚’ã™ã™ã,è‰²åˆ¥ã‚³ãƒ³ãƒ†ãƒŠã¸ç›´æŽ¥,,FALSE,FALSE,FALSE,,FALSE,,S-M002-01,https://www.city.oshu.iwate.jp/soshiki/5/1051/2/3/316.html,ç„¡è‰²ã®ãƒ“ãƒ³,2026-08-17,SORT_BUCKET,CURRENT,,
M002,C-M002-11,èŒ¶è‰²ã®ãƒ“ãƒ³,ãƒ“ãƒ³é¡ž,,PRIMARY,11,CURBSIDE,èŒ¶è‰²ã®é£²é£Ÿç”¨ã³ã‚“,è–¬å“ã³ã‚“ãƒ»å‰²ã‚ŒãŸã³ã‚“,,ç‡ƒãˆãªã„ã”ã¿,ä¸­ã‚’ã™ã™ã,è‰²åˆ¥ã‚³ãƒ³ãƒ†ãƒŠã¸ç›´æŽ¥,,FALSE,FALSE,FALSE,,FALSE,,S-M002-01,https://www.city.oshu.iwate.jp/soshiki/5/1051/2/3/316.html,èŒ¶è‰²ã®ãƒ“ãƒ³,2026-08-17,SORT_BUCKET,CURRENT,,
M002,C-M002-12,ãã®ä»–ã®è‰²ã®ãƒ“ãƒ³,ãƒ“ãƒ³é¡ž,,PRIMARY,12,CURBSIDE,ãã®ä»–è‰²ã®é£²é£Ÿç”¨ã³ã‚“,è–¬å“ã³ã‚“ãƒ»å‰²ã‚ŒãŸã³ã‚“,,ç‡ƒãˆãªã„ã”ã¿,ä¸­ã‚’ã™ã™ã,è‰²åˆ¥ã‚³ãƒ³ãƒ†ãƒŠã¸ç›´æŽ¥,,FALSE,FALSE,FALSE,,FALSE,,S-M002-01,https://www.city.oshu.iwate.jp/soshiki/5/1051/2/3/316.html,ãã®ä»–ã®è‰²ã®ãƒ“ãƒ³,2026-08-17,SORT_BUCKET,CURRENT,,
M002,C-M002-13,ãƒšãƒƒãƒˆãƒœãƒˆãƒ«,ãƒ—ãƒ©ã‚¹ãƒãƒƒã‚¯é¡ž,,PRIMARY,13,CURBSIDE,PETå¯¾è±¡ã®é£²æ–™ãƒ»é…’ãƒ»ã—ã‚‡ã†ã‚†å®¹å™¨,å¯¾è±¡å¤–ç”¨é€”ãƒ»æ±šã‚ŒãŸã‚‚ã®,,ç‡ƒãˆã‚‹ã”ã¿,ã‚­ãƒ£ãƒƒãƒ—ã¨ãƒ©ãƒ™ãƒ«ã‚’å¤–ã—ã™ã™ã,å°‚ç”¨ãƒãƒƒãƒˆã¸ç›´æŽ¥,,FALSE,FALSE,FALSE,,FALSE,,S-M002-01,https://www.city.oshu.iwate.jp/soshiki/5/1051/2/3/316.html,ãƒšãƒƒãƒˆãƒœãƒˆãƒ«,2026-08-17,SORT_BUCKET,CURRENT,,
M002,C-M002-14,ç™½è‰²ãƒˆãƒ¬ã‚¤,ãƒ—ãƒ©ã‚¹ãƒãƒƒã‚¯é¡ž,,PRIMARY,14,CURBSIDE,ç™½è‰²é£Ÿå“ãƒˆãƒ¬ã‚¤,è‰²ä»˜ããƒˆãƒ¬ã‚¤ãƒ»æ±šã‚ŒãŸã‚‚ã®,,ãã®ä»–ãƒ—ãƒ©ã‚¹ãƒãƒƒã‚¯ã¾ãŸã¯ç‡ƒãˆã‚‹ã”ã¿,æ´—ã£ã¦ä¹¾ã‹ã™,å°‚ç”¨ãƒãƒƒãƒˆã¸ç›´æŽ¥,ç™½è‰²é£Ÿå“ãƒˆãƒ¬ã‚¤ã®ã¿,FALSE,FALSE,FALSE,,FALSE,,S-M002-01,https://www.city.oshu.iwate.jp/soshiki/5/1051/2/3/316.html,ç™½è‰²ãƒˆãƒ¬ã‚¤,2026-08-17,SORT_BUCKET,CURRENT,,
M002,C-M002-15,ãã®ä»–ãƒ—ãƒ©ã‚¹ãƒãƒƒã‚¯,ãƒ—ãƒ©ã‚¹ãƒãƒƒã‚¯é¡ž,,PRIMARY,15,CURBSIDE,ãƒ—ãƒ©ãƒžãƒ¼ã‚¯ä»˜ãå®¹å™¨åŒ…è£…ãƒ»è‰²ä»˜ããƒˆãƒ¬ã‚¤ãƒ»PETã®ã‚­ãƒ£ãƒƒãƒ—ã¨ãƒ©ãƒ™ãƒ«,ãƒ—ãƒ©è£½å“ãƒ»æ±šã‚ŒãŸã‚‚ã®,å®¹å™¨åŒ…è£…ã§æ±šã‚ŒãŒè½ã¡ã‚‹,ç‡ƒãˆã‚‹ã”ã¿,ä¸­ã‚’ã™ã™ããƒ»è¢‹ã‹ã‚‰å‡ºã™,å°‚ç”¨ãƒãƒƒãƒˆã¸ç›´æŽ¥,,FALSE,FALSE,FALSE,,FALSE,,S-M002-01,https://www.city.oshu.iwate.jp/soshiki/5/1051/2/3/316.html,ãã®ä»–ãƒ—ãƒ©ã‚¹ãƒãƒƒã‚¯,2026-08-17,SORT_BUCKET,CURRENT,,
M002,C-M002-16,ç²—å¤§ã”ã¿,ç²—å¤§ã”ã¿,,PRIMARY,17,DIRECT_HAUL,æŒ‡å®šè¢‹ã«å…¥ã‚‰ãªã„å®¶åº­ã”ã¿,å®¶é›»4å“ç›®ãƒ»ãƒ‘ã‚½ã‚³ãƒ³ãƒ»å‡¦ç†å›°é›£ç‰©,æŒ‡å®šè¢‹ã‚’çµã¹ãªã„ãƒ»ã¯ã¿å‡ºã™,ç›´æŽ¥æ¬å…¥ã¾ãŸã¯è¨±å¯æ¥­è€…,æè³ªã”ã¨ã«åˆ†åˆ¥,æˆ¸åˆ¥åŽé›†ã¯å¹´åº¦æ¡ˆå†…ã«å¾“ã†,åœ°åŸŸãƒ»å“ç›®ã§æ¡ä»¶ã‚ã‚Š,TRUE,FALSE,CONDITIONAL,å“ç›®ãƒ»æ¬å…¥æ–¹æ³•ã«ã‚ˆã‚Šæœ‰æ–™,FALSE,,S-M002-02,https://www.city.oshu.iwate.jp/soshiki/5/1051/2/3/9522.html,ç²—å¤§ã”ã¿,2026-08-17,REFERENCE_ONLY,CURRENT,,
M002,C-M002-17,é›»æ± é¡žãƒ»è›å…‰ç®¡,æœ‰å®³,,PRIMARY,18,DROP_OFF,ä¹¾é›»æ± ãƒ»è›å…‰ç®¡,ç™½ç†±é›»çƒãƒ»å‰²ã‚ŒãŸè›å…‰ç®¡,,ç‡ƒãˆãªã„ã”ã¿ç­‰,è›å…‰ç®¡ã‚’ä¿è­·ãƒ»é›»æ± ã¯çµ¶ç¸,å›žåŽç®±ã¾ãŸã¯å¯¾è±¡ã‚¹ãƒ†ãƒ¼ã‚·ãƒ§ãƒ³,,FALSE,FALSE,FALSE,,FALSE,,S-M002-03,https://www.city.oshu.iwate.jp/soshiki/5/1051/2/3/1280.html,é›»æ± é¡žãƒ»è›å…‰ç®¡,2026-08-17,REFERENCE_ONLY,CURRENT,,
M002,C-M002-18,å°åž‹å……é›»å¼é›»æ± ,æœ‰å®³,,PRIMARY,19,DROP_OFF,ãƒªãƒã‚¦ãƒ ã‚¤ã‚ªãƒ³ç­‰ã®å……é›»å¼é›»æ± ãƒ»ãƒ¢ãƒã‚¤ãƒ«ãƒãƒƒãƒ†ãƒªãƒ¼,äº‹æ¥­ç”¨é›»æ± ,,è²©å£²åº—ç­‰,ç«¯å­ã‚’çµ¶ç¸,å¸‚å†…5ã‹æ‰€ã®å›žåŽæ‹ ç‚¹,å®¶åº­ç”¨,FALSE,FALSE,FALSE,,FALSE,,S-M002-04,https://www.city.oshu.iwate.jp/soshiki/5/1051/2/2/13684.html,å°åž‹å……é›»å¼é›»æ± ,2026-08-17,REFERENCE_ONLY,CURRENT,,
M002,C-M002-19,ä½¿ç”¨æ¸ˆå°åž‹å®¶é›»,æ‹ ç‚¹å›žåŽ,,PRIMARY,20,DROP_OFF,æºå¸¯é›»è©±ãƒ»ãƒ‡ã‚¸ã‚¿ãƒ«ã‚«ãƒ¡ãƒ©ç­‰,å®¶é›»4å“ç›®ãƒ»é›»æ± ,æŠ•å…¥å£ã«å…¥ã‚‹å°åž‹å®¶é›»,ç‡ƒãˆãªã„ã”ã¿ã¾ãŸã¯å¯¾è±¡å¤–ãƒ«ãƒ¼ãƒˆ,é›»æ± ã‚’å¤–ã™,å¸‚å½¹æ‰€ç­‰ã®å›žåŽãƒœãƒƒã‚¯ã‚¹,æŠ•å…¥å£ã‚µã‚¤ã‚ºä»¥å†…,FALSE,FALSE,FALSE,,FALSE,,S-M002-01,https://www.city.oshu.iwate.jp/soshiki/5/1051/2/3/316.html,ä½¿ç”¨æ¸ˆå°åž‹å®¶é›»,2026-08-17,REFERENCE_ONLY,CURRENT,,
M002,C-M002-20,å¸‚ã§åŽé›†ãƒ»å‡¦ç†ã§ããªã„ã‚‚ã®,åŽé›†å¤–,,EXCLUDED,21,NOT_COLLECTED,å®¶é›»4å“ç›®ãƒ»ãƒ‘ã‚½ã‚³ãƒ³ãƒ»å±é™ºç‰©ãƒ»å‡¦ç†å›°é›£ç‰©,å®¶åº­ç³»ã®é€šå¸¸åŽé›†ç‰©,æ³•å®šãƒªã‚µã‚¤ã‚¯ãƒ«ãƒ»æ–½è¨­å‡¦ç†ä¸å¯,è²©å£²åº—ãƒ»ãƒ¡ãƒ¼ã‚«ãƒ¼ãƒ»å°‚é–€æ¥­è€…,å„å—å…¥å…ˆã®æŒ‡ç¤ºã«å¾“ã†,ã‚¹ãƒ†ãƒ¼ã‚·ãƒ§ãƒ³ä¸å¯,,FALSE,FALSE,FALSE,,TRUE,,S-M002-01,https://www.city.oshu.iwate.jp/soshiki/5/1051/2/3/316.html,å¸‚ã§åŽé›†ãƒ»å‡¦ç†ã§ããªã„ã‚‚ã®,2026-08-17,EXCLUDED_NOTICE,CURRENT,,
M002,C-M002-21,é‰„ããšï¼ˆè¡£å·åœ°åŸŸã®ã¿ï¼‰,é‡‘å±žè³‡æº,,PRIMARY,16,CURBSIDE,ãƒˆã‚¿ãƒ³ãƒ»é‡é‡‘ãƒ»é‡‘å±žè£½å“,è¡£å·åœ°åŸŸä»¥å¤–ã®é‰„ããšãƒ»å±é™ºç‰©ãƒ»å‡¦ç†å›°é›£ç‰©,è¡£å·åœ°åŸŸã®ãƒªã‚µã‚¤ã‚¯ãƒ«ã‚¹ãƒ†ãƒ¼ã‚·ãƒ§ãƒ³ã«å‡ºã™å ´åˆã®ã¿,è¡£å·åœ°åŸŸä»¥å¤–ã¯æè³ªãƒ»å¤§ãã•ã«å¿œã˜ã¦ç‡ƒãˆãªã„ã”ã¿åˆã¯è¨±å¯æ¥­è€…ã¸ç›¸è«‡,ç•°ç‰©ã‚’é™¤ãæŒ‡å®šã‚³ãƒ³ãƒ†ãƒŠã¸ç›´æŽ¥å…¥ã‚Œã‚‹,æŒ‡å®šã‚³ãƒ³ãƒ†ãƒŠã¸ç›´æŽ¥æŠ•å…¥,,FALSE,FALSE,FALSE,,FALSE,,S-M002-01,https://www.city.oshu.iwate.jp/soshiki/5/1051/2/3/316.html,ãƒªã‚µã‚¤ã‚¯ãƒ«ã®å‡ºã—æ–¹ï¼é‡‘å±žé¡žï¼é‰„ããšï¼ˆè¡£å·åœ°åŸŸã®ã¿ï¼‰,2026-08-18,SORT_BUCKET,CURRENT,,
M003,C-M003-01,ç‡ƒãˆã‚‹ã”ã¿,ç‡ƒãˆã‚‹ã”ã¿,,PRIMARY,1,CURBSIDE,ç”Ÿã”ã¿ãƒ»ç´™ããšãƒ»ç¡¬è³ªãƒ—ãƒ©ã‚¹ãƒãƒƒã‚¯ãƒ»CD/DVD,é‡‘å±žãƒ»ã‚¬ãƒ©ã‚¹ãƒ»è³‡æºç‰©,,è©²å½“åŒºåˆ†,æ°´åˆ‡ã‚Šãƒ»é•·ã„ç‰©ã‚’çŸ­ãã™ã‚‹,è¥¿å’Œè³€ç”ºæŒ‡å®šè¢‹,æŒ‡å®šè¢‹ã«å…¥ã‚‹å¤§ãã•,FALSE,FALSE,FALSE,,FALSE,,S-M003-02,https://www.town.nishiwaga.lg.jp/material/files/group/5/0604gomihyakka.pdf,ç‡ƒãˆã‚‹ã”ã¿,2026-08-17,SORT_BUCKET,CURRENT,,
M003,C-M003-02,ç‡ƒãˆãªã„ã”ã¿,ç‡ƒãˆãªã„ã”ã¿,,PRIMARY,2,CURBSIDE,é™¶ç£å™¨ãƒ»ã‚¬ãƒ©ã‚¹ãƒ»é‡‘å±žãƒ»å°åž‹å®¶é›»,ç‡ƒãˆã‚‹ã”ã¿ãƒ»è³‡æºç‰©ãƒ»é›»æ± ,,è©²å½“åŒºåˆ†,å‰²ã‚Œç‰©ã‚’åŒ…ã‚€ãƒ»é›»æ± ã‚’å¤–ã™,è¥¿å’Œè³€ç”ºæŒ‡å®šè¢‹,æŒ‡å®šè¢‹ã«å…¥ã‚‹å¤§ãã•,FALSE,FALSE,FALSE,,FALSE,,S-M003-02,https://www.town.nishiwaga.lg.jp/material/files/group/5/0604gomihyakka.pdf,ç‡ƒãˆãªã„ã”ã¿,2026-08-17,SORT_BUCKET,CURRENT,,
M003,C-M003-03,æ–°èžç´™,è³‡æºã”ã¿,,PRIMARY,3,CURBSIDE,æ–°èžãƒ»æŠ˜è¾¼åºƒå‘Š,æ±šã‚ŒãŸç´™,,ç‡ƒãˆã‚‹ã”ã¿,ç´™ã²ã‚‚ã§çµã¶,ã²ã‚‚çµæŸ,,FALSE,FALSE,FALSE,,FALSE,,S-M003-02,https://www.town.nishiwaga.lg.jp/material/files/group/5/0604gomihyakka.pdf,æ–°èžç´™,2026-08-17,SORT_BUCKET,CURRENT,,
M003,C-M003-04,é›‘èªŒãƒ»é›‘ç´™,è³‡æºã”ã¿,,PRIMARY,4,CURBSIDE,é›‘èªŒãƒ»è“å­ç®±ãƒ»ãƒ†ã‚£ãƒƒã‚·ãƒ¥ç®±,æ®µãƒœãƒ¼ãƒ«ãƒ»æ±šã‚ŒãŸç´™,,ç‡ƒãˆã‚‹ã”ã¿,ç´™ã²ã‚‚ã§çµã¶,ã²ã‚‚çµæŸ,,FALSE,FALSE,FALSE,,FALSE,,S-M003-02,https://www.town.nishiwaga.lg.jp/material/files/group/5/0604gomihyakka.pdf,é›‘èªŒãƒ»é›‘ç´™,2026-08-17,SORT_BUCKET,CURRENT,,
M003,C-M003-05,ãƒ€ãƒ³ãƒœãƒ¼ãƒ«,è³‡æºã”ã¿,,PRIMARY,5,CURBSIDE,æ®µãƒœãƒ¼ãƒ«,è“å­ç®±ãƒ»æ±šã‚ŒãŸã‚‚ã®,,é›‘èªŒãƒ»é›‘ç´™ã¾ãŸã¯ç‡ƒãˆã‚‹ã”ã¿,ç´™ã²ã‚‚ã§çµã¶,ã²ã‚‚çµæŸ,,FALSE,FALSE,FALSE,,FALSE,,S-M003-02,https://www.town.nishiwaga.lg.jp/material/files/group/5/0604gomihyakka.pdf,ãƒ€ãƒ³ãƒœãƒ¼ãƒ«,2026-08-17,SORT_BUCKET,CURRENT,,
M003,C-M003-06,PET,è³‡æºã”ã¿,,PRIMARY,7,CURBSIDE,PETãƒžãƒ¼ã‚¯ã®ãƒœãƒˆãƒ«,ã‚­ãƒ£ãƒƒãƒ—ãƒ»ãƒ©ãƒ™ãƒ«ãƒ»å¯¾è±¡å¤–ç”¨é€”,,ãƒ—ãƒ©ã‚¹ãƒãƒƒã‚¯å®¹å™¨åŒ…è£…ã¾ãŸã¯ç‡ƒãˆã‚‹ã”ã¿,ã‚­ãƒ£ãƒƒãƒ—ã¨ãƒ©ãƒ™ãƒ«ã‚’å¤–ã—ã™ã™ã,è³‡æºå›žåŽå®¹å™¨,,FALSE,FALSE,FALSE,,FALSE,,S-M003-02,https://www.town.nishiwaga.lg.jp/material/files/group/5/0604gomihyakka.pdf,PET,2026-08-17,SORT_BUCKET,CURRENT,,
M003,C-M003-07,ãƒ—ãƒ©ã‚¹ãƒãƒƒã‚¯å®¹å™¨åŒ…è£…,è³‡æºã”ã¿,,PRIMARY,8,CURBSIDE,ãƒ—ãƒ©ãƒžãƒ¼ã‚¯ä»˜ãå®¹å™¨åŒ…è£…ãƒ»PETã®ã‚­ãƒ£ãƒƒãƒ—ã¨ãƒ©ãƒ™ãƒ«,è£½å“ãƒ—ãƒ©ã‚¹ãƒãƒƒã‚¯ãƒ»æ±šã‚ŒãŸã‚‚ã®,æ±šã‚ŒãŒè½ã¡ã‚‹,ç‡ƒãˆã‚‹ã”ã¿,ã™ã™ã„ã§ä¹¾ã‹ã™,æŒ‡å®šã®è³‡æºè¢‹ãƒ»å®¹å™¨,,FALSE,FALSE,FALSE,,FALSE,,S-M003-02,https://www.town.nishiwaga.lg.jp/material/files/group/5/0604gomihyakka.pdf,ãƒ—ãƒ©ã‚¹ãƒãƒƒã‚¯å®¹å™¨åŒ…è£…,2026-08-17,SORT_BUCKET,CURRENT,,
M003,C-M003-08,ç©ºãç¼¶,è³‡æºã”ã¿,,PRIMARY,9,CURBSIDE,é£²æ–™ç¼¶ãƒ»é£Ÿå“ç¼¶,ã‚¹ãƒ—ãƒ¬ãƒ¼ç¼¶ãƒ»æ±šã‚ŒãŸç¼¶,,ç‡ƒãˆãªã„ã”ã¿,ä¸­ã‚’ã™ã™ã,æŒ‡å®šã®è³‡æºè¢‹ãƒ»å®¹å™¨,,FALSE,FALSE,FALSE,,FALSE,,S-M003-02,https://www.town.nishiwaga.lg.jp/material/files/group/5/0604gomihyakka.pdf,ç©ºãç¼¶,2026-08-17,SORT_BUCKET,CURRENT,,
M003,C-M003-09,ã³ã‚“,è³‡æºã”ã¿,,PRIMARY,10,CURBSIDE,é£²é£Ÿç”¨ã³ã‚“,å‰²ã‚ŒãŸã³ã‚“ãƒ»è–¬å“ã³ã‚“,,ç‡ƒãˆãªã„ã”ã¿,ã‚­ãƒ£ãƒƒãƒ—ã‚’å¤–ã—ã™ã™ã,æŒ‡å®šã®è³‡æºè¢‹ãƒ»å®¹å™¨,,FALSE,FALSE,FALSE,,FALSE,,S-M003-02,https://www.town.nishiwaga.lg.jp/material/files/group/5/0604gomihyakka.pdf,ã³ã‚“,2026-08-17,SORT_BUCKET,CURRENT,,
M003,C-M003-10,ç‡ƒãˆã‚‹ã”ã¿ã®ç²—å¤§ã”ã¿,ç²—å¤§ã”ã¿,,PRIMARY,11,DIRECT_HAUL,å¸ƒå›£ãƒ»æœ¨è£½ã¾ãŸã¯ãƒ—ãƒ©ã‚¹ãƒãƒƒã‚¯è£½å®¶å…·,é‡‘å±žã‚’å«ã‚€è¤‡åˆç‰©,80cmÃ—60cmä»¥å†…ç­‰,å‡¦ç†æ¥­è€…ã¾ãŸã¯äº‹å‰ç›¸è«‡,åˆ‡æ–­ãƒ»ã²ã‚‚çµæŸ,åå‰è¡¨ç¤ºç­‰å¹´åº¦æ¡ˆå†…ã«å¾“ã†,80cmÃ—60cmÃ—60cmä»¥å†…ã‚’åŸºæœ¬,TRUE,FALSE,CONDITIONAL,å“ç›®ãƒ»æ¬å…¥æ–¹æ³•ã«ã‚ˆã‚Šæœ‰æ–™,FALSE,,S-M003-02,https://www.town.nishiwaga.lg.jp/material/files/group/5/0604gomihyakka.pdf,ç‡ƒãˆã‚‹ã”ã¿ã®ç²—å¤§ã”ã¿,2026-08-17,REFERENCE_ONLY,CURRENT,,
M003,C-M003-11,ç‡ƒãˆãªã„ç²—å¤§ã”ã¿,ç²—å¤§ã”ã¿,,PRIMARY,12,DIRECT_HAUL,æŒ‡å®šè¢‹ã«å…¥ã‚‰ãªã„ä¸ç‡ƒç‰©,å‡¦ç†å›°é›£ç‰©,æŒ‡å®šè¢‹ã«å…¥ã‚‰ãªã„,å‡¦ç†æ¥­è€…ã¾ãŸã¯ç›´æŽ¥æ¬å…¥æ¡ä»¶ã‚’ç¢ºèª,æè³ªã‚’åˆ†ã‘ã‚‹,ã‚¹ãƒ†ãƒ¼ã‚·ãƒ§ãƒ³æ¡ä»¶ã«å¾“ã†,æŒ‡å®šã‚µã‚¤ã‚ºä»¥å†…,TRUE,FALSE,CONDITIONAL,å“ç›®ãƒ»æ¬å…¥æ–¹æ³•ã«ã‚ˆã‚Šæœ‰æ–™,FALSE,,S-M003-02,https://www.town.nishiwaga.lg.jp/material/files/group/5/0604gomihyakka.pdf,ç‡ƒãˆãªã„ç²—å¤§ã”ã¿,2026-08-17,REFERENCE_ONLY,CURRENT,,
M003,C-M003-12,æœ‰å®³ã”ã¿,æœ‰å®³,,PRIMARY,13,CURBSIDE,ä¹¾é›»æ± ãƒ»è›å…‰ç®¡ãƒ»æ°´éŠ€è£½å“,å……é›»æ± ãƒ»å‡¦ç†å›°é›£ç‰©,å®¶åº­ç”¨,è²©å£²åº—ç­‰,é›»æ± ã‚’çµ¶ç¸ãƒ»è›å…‰ç®¡ã‚’ä¿è­·,æŒ‡å®šå›žåŽå®¹å™¨,,FALSE,FALSE,FALSE,,FALSE,,S-M003-02,https://www.town.nishiwaga.lg.jp/material/files/group/5/0604gomihyakka.pdf,æœ‰å®³ã”ã¿,2026-08-17,SORT_BUCKET,CURRENT,,
M003,C-M003-13,ç”ºã§åŽé›†ãƒ»å—å…¥ã§ããªã„ã‚‚ã®,åŽé›†å¤–,,EXCLUDED,14,NOT_COLLECTED,å®¶é›»4å“ç›®ãƒ»è§£ä½“ã”ã¿ãƒ»å‡¦ç†å›°é›£ç‰©ãƒ»å¤šé‡ã”ã¿,é€šå¸¸ã®å®¶åº­ã”ã¿,æ–½è¨­å‡¦ç†ä¸å¯ã¾ãŸã¯ä¸€æ™‚å¤šé‡,è²©å£²åº—ãƒ»å°‚é–€æ¥­è€…ãƒ»è¨±å¯æ¥­è€…,å—å…¥å…ˆã®æŒ‡ç¤ºã«å¾“ã†,ã‚¹ãƒ†ãƒ¼ã‚·ãƒ§ãƒ³ä¸å¯,,FALSE,FALSE,FALSE,,TRUE,,S-M003-02,https://www.town.nishiwaga.lg.jp/material/files/group/5/0604gomihyakka.pdf,ç”ºã§åŽé›†ãƒ»å—å…¥ã§ããªã„ã‚‚ã®,2026-08-17,EXCLUDED_NOTICE,CURRENT,,
M003,C-M003-14,ç´™ãƒ‘ãƒƒã‚¯,è³‡æºã”ã¿ï¼ˆç´™é¡žï¼‰,,PRIMARY,6,CURBSIDE,ç‰›ä¹³ãƒ‘ãƒƒã‚¯ãƒ»é£²æ–™ç”¨ç´™ãƒ‘ãƒƒã‚¯,å†…å´ãŒã‚¢ãƒ«ãƒŸåŠ å·¥ã•ã‚ŒãŸç´™ãƒ‘ãƒƒã‚¯ãƒ»æ±šã‚ŒãŸç´™ãƒ‘ãƒƒã‚¯,æ´—æµ„ã—ã¦ä¹¾ç‡¥ã§ãã‚‹ç´™ãƒ‘ãƒƒã‚¯,ç‡ƒãˆã‚‹ã”ã¿,æ°´æ´—ã„ã—ã¦ä¹¾ç‡¥ã—å¹³ãŸãä¼¸ã°ã™,ç´™ã²ã‚‚ã§æŸã­ã‚‹,,FALSE,FALSE,FALSE,,FALSE,,S-M003-02,https://www.town.nishiwaga.lg.jp/material/files/group/5/0604gomihyakka.pdf,8ãƒšãƒ¼ã‚¸ è³‡æºã”ã¿ï¼ç´™ãƒ‘ãƒƒã‚¯,2026-08-18,SORT_BUCKET,CURRENT,,
M004,C-M004-01,ç‡ƒã‚„ã›ã‚‹ã”ã¿,ç‡ƒã‚„ã›ã‚‹ã”ã¿,,PRIMARY,1,CURBSIDE,ç”Ÿã”ã¿ä»¥å¤–ã®å¯ç‡ƒç‰©ãƒ»æ±šã‚ŒãŸè³‡æºç‰©,è³‡æºã”ã¿ãƒ»ç”Ÿã”ã¿å¯¾è±¡åœ°åŸŸã®ç”Ÿã”ã¿,,å„å°‚ç”¨åŒºåˆ†,æ°´åˆ‡ã‚Šãƒ»é•·ã„ç‰©ã‚’åˆ‡ã‚‹,æŒ‡å®šè¢‹,æŒ‡å®šè¢‹ã«å…¥ã‚‹å¤§ãã•,FALSE,FALSE,FALSE,,FALSE,,S-M004-01,https://www.town.shiwa.iwate.jp/kurashi/gomi/1_bunebetsu/17749649372176/,ç‡ƒã‚„ã›ã‚‹ã”ã¿,2026-08-17,SORT_BUCKET,CURRENT,,
M004,C-M004-02,ç”Ÿã”ã¿,ç”Ÿã”ã¿,,PRIMARY,2,CURBSIDE,èª¿ç†ããšãƒ»æ®‹é£¯,è¢‹ãƒ»ã‚¹ãƒ—ãƒ¼ãƒ³ç­‰ã®ç•°ç‰©,ãƒã‚±ãƒ„ã‚³ãƒ³ãƒ†ãƒŠåŽé›†åœ°åŸŸ,è‡ªå®¶å‡¦ç†ã¾ãŸã¯ç‡ƒã‚„ã›ã‚‹ã”ã¿æ¡ˆå†…ã‚’ç¢ºèª,ååˆ†ã«æ°´åˆ‡ã‚Š,å°‚ç”¨ãƒã‚±ãƒ„ã‚³ãƒ³ãƒ†ãƒŠã¸ãƒ»æŒå‚è¢‹ã¯æŒã¡å¸°ã‚‹,åœ°åŸŸé™å®š,FALSE,FALSE,FALSE,,FALSE,,S-M004-01,https://www.town.shiwa.iwate.jp/kurashi/gomi/1_bunebetsu/17749649372176/,ç”Ÿã”ã¿,2026-08-17,SORT_BUCKET,CURRENT,,
M004,C-M004-03,å¤ç´™ï¼ˆæ–°èžãƒ»é›‘èªŒï¼‰,è³‡æºã”ã¿,,PRIMARY,3,CURBSIDE,æ–°èžãƒ»é›‘èªŒãƒ»æ›¸ç±,æ±šã‚ŒãŸç´™,,ç‡ƒã‚„ã›ã‚‹ã”ã¿,åŽšã•30cmä»¥å†…ã§çµæŸ,ã²ã‚‚çµæŸ,åŽšã•30cmä»¥å†…,FALSE,FALSE,FALSE,,FALSE,,S-M004-02,https://www.town.shiwa.iwate.jp/kurashi/gomi/1_bunebetsu/2348.html,å¤ç´™ï¼ˆæ–°èžãƒ»é›‘èªŒï¼‰,2026-08-17,SORT_BUCKET,CURRENT,,
M004,C-M004-04,ç´™ãƒ‘ãƒƒã‚¯,è³‡æºã”ã¿,,PRIMARY,4,CURBSIDE,100ï¼…ç´™è£½ãƒ‘ãƒƒã‚¯,å†…å´ã‚¢ãƒ«ãƒŸãƒ»ãƒ—ãƒ©ã‚¹ãƒãƒƒã‚¯åŠ å·¥å“,100ï¼…ç´™è£½,ç´™è£½å®¹å™¨åŒ…è£…,é–‹ã„ã¦æ´—ã„ä¹¾ã‹ã™,æŒ‡å®šæ–¹æ³•,,FALSE,FALSE,FALSE,,FALSE,,S-M004-02,https://www.town.shiwa.iwate.jp/kurashi/gomi/1_bunebetsu/2348.html,ç´™ãƒ‘ãƒƒã‚¯,2026-08-17,SORT_BUCKET,CURRENT,,
M004,C-M004-05,ç©ºã‚«ãƒ³,è³‡æºã”ã¿,,PRIMARY,5,CURBSIDE,é£²é£Ÿç”¨ç¼¶ãƒ»è“å­ç¼¶ãƒ»ã‚¹ãƒ—ãƒ¬ãƒ¼ç¼¶,æ¯’åŠ‡ç‰©å®¹å™¨,18Læœªæº€,å–æ‰±åº—,ä¸­èº«ã‚’ç©ºã«ã™ã‚‹ãƒ»ã‚¹ãƒ—ãƒ¬ãƒ¼ç¼¶ã¯ä½¿ã„åˆ‡ã‚Šåˆ¥è¢‹è¡¨ç¤º,ç·‘è‰²æŒ‡å®šè¢‹,,FALSE,FALSE,FALSE,,FALSE,,S-M004-02,https://www.town.shiwa.iwate.jp/kurashi/gomi/1_bunebetsu/2348.html,ç©ºã‚«ãƒ³,2026-08-17,SORT_BUCKET,CURRENT,,
M004,C-M004-06,ç©ºãƒ“ãƒ³,è³‡æºã”ã¿,,PRIMARY,6,CURBSIDE,é£²é£Ÿç”¨ã³ã‚“,æ¯’åŠ‡ç‰©å®¹å™¨ãƒ»ç•°ç‰©å…¥ã‚Š,,å–æ‰±åº—ã¾ãŸã¯å¤§å½¢ãƒ»ä¸ç‡ƒã”ã¿,ã‚­ãƒ£ãƒƒãƒ—ã‚’å¤–ã—ä¸­ã‚’ç©ºã«ã™ã‚‹,ç·‘è‰²æŒ‡å®šè¢‹,,FALSE,FALSE,FALSE,,FALSE,,S-M004-02,https://www.town.shiwa.iwate.jp/kurashi/gomi/1_bunebetsu/2348.html,ç©ºãƒ“ãƒ³,2026-08-17,SORT_BUCKET,CURRENT,,
M004,C-M004-07,æ®µãƒœãƒ¼ãƒ«,è³‡æºã”ã¿,,PRIMARY,7,CURBSIDE,æ–­é¢ãŒæ³¢å½¢ã®æ®µãƒœãƒ¼ãƒ«,æ’¥æ°´ãƒ»ã‚ã†åŠ å·¥å“,,ç‡ƒã‚„ã›ã‚‹ã”ã¿,ãŸãŸã¿ç´™ã²ã‚‚ã§çµã¶,ã²ã‚‚çµæŸ,,FALSE,FALSE,FALSE,,FALSE,,S-M004-02,https://www.town.shiwa.iwate.jp/kurashi/gomi/1_bunebetsu/2348.html,æ®µãƒœãƒ¼ãƒ«,2026-08-17,SORT_BUCKET,CURRENT,,
M004,C-M004-08,å¤ç€,è³‡æºã”ã¿,,PRIMARY,8,CURBSIDE,æ´—æ¿¯æ¸ˆã¿ã®è¡£é¡ž,æ¿¡ã‚Œãƒ»è‘—ã—ã„æ±šã‚Œ,å†åˆ©ç”¨å¯èƒ½,ç‡ƒã‚„ã›ã‚‹ã”ã¿,æ´—æ¿¯ã™ã‚‹,ç·‘è‰²æŒ‡å®šè¢‹,,FALSE,FALSE,FALSE,,FALSE,,S-M004-02,https://www.town.shiwa.iwate.jp/kurashi/gomi/1_bunebetsu/2348.html,å¤ç€,2026-08-17,SORT_BUCKET,CURRENT,,
M004,C-M004-09,å¤§å½¢ãƒ»ä¸ç‡ƒã”ã¿,å¤§å½¢ãƒ»ä¸ç‡ƒã”ã¿,,PRIMARY,9,CURBSIDE,é™¶ç£å™¨ãƒ»ã‚¬ãƒ©ã‚¹ãƒ»é‡‘å±žãƒ»è‡ªè»¢è»Šç­‰,å……é›»æ± ãƒ»åŽé›†ä¸å¯å¤§åž‹å“,è¦å®šã‚µã‚¤ã‚ºãƒ»é‡é‡æœªæº€,åŽé›†ã—ãªã„ã‚‚ã®ã¾ãŸã¯ç›´æŽ¥æ¬å…¥,å‰²ã‚Œç‰©ã‚’åŒ…ã¿è¡¨ç¤ºãƒ»ç‡ƒæ–™ã¨é›»æ± ã‚’æŠœã,è¢‹ã«å…¥ã‚‹ç‰©ã¯é’è‰²æŒ‡å®šè¢‹,æœ€é•·è¾º1mä»¥ä¸Šã¯3è¾ºè¨ˆ3mæœªæº€ãƒ»æœ€é•·è¾º2mæœªæº€ãƒ»60kgæœªæº€,CONDITIONAL,FALSE,FALSE,,FALSE,,S-M004-03,https://www.town.shiwa.iwate.jp/kurashi/gomi/1_bunebetsu/2351.html,å¤§å½¢ãƒ»ä¸ç‡ƒã”ã¿,2026-08-17,SORT_BUCKET,CURRENT,,
M004,C-M004-10,æœ‰å®³ãƒ»å±é™ºã”ã¿åŠã³ä¹¾é›»æ± ,æœ‰å®³,,PRIMARY,10,CURBSIDE,è›å…‰ç®¡ãƒ»é›»çƒãƒ»ä½“æ¸©è¨ˆãƒ»ãƒ©ã‚¤ã‚¿ãƒ¼ãƒ»ã‚«ãƒŸã‚½ãƒªãƒ»ä¹¾é›»æ± ,ä¸€èˆ¬ä¸ç‡ƒç‰©,å“ç›®ã§è¢‹ãƒ»å›žåŽç®±ãŒåˆ†å²,å¤§å½¢ãƒ»ä¸ç‡ƒã”ã¿ç­‰,è›å…‰ç®¡ç­‰ã‚’ç®±ã§ä¿è­·ãƒ»é›»æ± ã¯çµ¶ç¸,ç·‘è‰²æŒ‡å®šè¢‹ã¾ãŸã¯ä¹¾é›»æ± å›žåŽç®±,,FALSE,FALSE,FALSE,,FALSE,,S-M004-04,https://www.town.shiwa.iwate.jp/kurashi/gomi/1_bunebetsu/2353.html,æœ‰å®³ãƒ»å±é™ºã”ã¿åŠã³ä¹¾é›»æ± ,2026-08-17,SORT_BUCKET,CURRENT,,
M004,C-M004-11,ç›´æŽ¥æ¬å…¥ã”ã¿,æ¬å…¥,,PRIMARY,11,DIRECT_HAUL,ä¸€æ™‚å¤šé‡ã”ã¿ãƒ»é›†ç©æ‰€ã«å‡ºã›ãªã„è¦æ ¼å†…ã”ã¿,æ–½è¨­å—å…¥ä¸å¯ç‰©,æ–½è¨­åŸºæº–å†…,è¨±å¯æ¥­è€…ãƒ»è²©å£²åº—,åˆ†åˆ¥ã—äºˆç´„è¦å¦ã‚’ç¢ºèª,æ–½è¨­æŒ‡å®š,æ–½è¨­åŸºæº–,CONDITIONAL,FALSE,FALSE,,FALSE,,S-M004-01,https://www.town.shiwa.iwate.jp/kurashi/gomi/1_bunebetsu/17749649372176/,ç›´æŽ¥æ¬å…¥ã”ã¿,2026-08-17,REFERENCE_ONLY,CURRENT,,
M004,C-M004-12,ãã®ä»–ã®ã”ã¿,ãã®ä»–,,PRIMARY,12,CURBSIDE,å°åž‹å®¶é›»ç­‰ã®æ‹ ç‚¹å›žåŽå¯¾è±¡,é€šå¸¸åŒºåˆ†å¯¾è±¡ç‰©,å›žåŽäº‹æ¥­ã®å¯¾è±¡,é€šå¸¸ã®åˆ†åˆ¥åŒºåˆ†,é›»æ± ã‚’å¤–ã™,å›žåŽãƒœãƒƒã‚¯ã‚¹ç­‰,æŠ•å…¥å£ã‚µã‚¤ã‚ºç­‰,FALSE,FALSE,FALSE,,FALSE,,S-M004-01,https://www.town.shiwa.iwate.jp/kurashi/gomi/1_bunebetsu/17749649372176/,ãã®ä»–ã®ã”ã¿,2026-08-17,SORT_BUCKET,CURRENT,,
M004,C-M004-13,åŽé›†ãƒ»å—å…¥ã—ãªã„ã‚‚ã®,åŽé›†å¤–,,EXCLUDED,13,NOT_COLLECTED,å®¶é›»4å“ç›®ãƒ»å‡¦ç†å›°é›£ç‰©ãƒ»è¦æ ¼è¶…éŽå“,é€šå¸¸ã®å®¶åº­ã”ã¿,åŽé›†ãƒ»æ–½è¨­å—å…¥ä¸å¯,è²©å£²åº—ãƒ»å°‚é–€æ¥­è€…,å—å…¥å…ˆã®æŒ‡ç¤ºã«å¾“ã†,é›†ç©æ‰€ä¸å¯,,FALSE,FALSE,FALSE,,TRUE,,S-M004-01,https://www.town.shiwa.iwate.jp/kurashi/gomi/1_bunebetsu/17749649372176/,åŽé›†ãƒ»å—å…¥ã—ãªã„ã‚‚ã®,2026-08-17,EXCLUDED_NOTICE,CURRENT,,
M005,C-M005-01,ç‡ƒã‚„ã›ã‚‹ã”ã¿,ç‡ƒã‚„ã›ã‚‹ã”ã¿,,PRIMARY,1,CURBSIDE,ç”Ÿã”ã¿ãƒ»ç´™ããšãƒ»é©ãƒ»ã‚´ãƒ ãƒ»æ±šã‚ŒãŸãƒ—ãƒ©ã‚¹ãƒãƒƒã‚¯,è³‡æºã”ã¿ãƒ»é‡‘å±žãƒ»æœ‰å®³ã”ã¿,,å„å°‚ç”¨åŒºåˆ†,ç”Ÿã”ã¿ã¯æ°´åˆ‡ã‚Š,ç‡ƒã‚„ã›ã‚‹ã”ã¿æŒ‡å®šè¢‹,è¢‹ã«å…¥ã‚‹å¤§ãã•,FALSE,FALSE,FALSE,,FALSE,,S-M005-02,https://www.city.ishinomaki.lg.jp/cont/10210000/1582/20180320093709.html,ç‡ƒã‚„ã›ã‚‹ã”ã¿,2026-08-17,SORT_BUCKET,CURRENT,,
M005,C-M005-02,ç‡ƒã‚„ã›ãªã„ã”ã¿,ç‡ƒã‚„ã›ãªã„ã”ã¿,,PRIMARY,2,CURBSIDE,é™¶ç£å™¨ãƒ»ã‚¬ãƒ©ã‚¹ç­‰,é‡‘å±žã”ã¿ãƒ»æœ‰å®³ã”ã¿ãƒ»ç²—å¤§ã”ã¿,,å„å°‚ç”¨åŒºåˆ†,å‰²ã‚Œç‰©ã‚’åŒ…ã¿è¡¨ç¤º,æŒ‡å®šè¢‹ãƒ»ä»–åŒºåˆ†ã¨åˆ¥è¢‹,ä¸€è¾º50cmæœªæº€ã‚’åŸºæœ¬,FALSE,FALSE,FALSE,,FALSE,,S-M005-02,https://www.city.ishinomaki.lg.jp/cont/10210000/1582/20180320093709.html,ç‡ƒã‚„ã›ãªã„ã”ã¿,2026-08-17,SORT_BUCKET,CURRENT,,
M005,C-M005-03,é‡‘å±žã”ã¿,ç‡ƒã‚„ã›ãªã„ã”ã¿,,PRIMARY,3,CURBSIDE,ãªã¹ãƒ»ã‚„ã‹ã‚“ãƒ»é‡‘å±žè£½å“,ç¼¶ãƒ»ã‚¹ãƒ—ãƒ¬ãƒ¼ç¼¶ãƒ»é›»æ± ,,è³‡æºã”ã¿ã¾ãŸã¯æœ‰å®³ã”ã¿,é›»æ± ã‚„ç‡ƒæ–™ã‚’å¤–ã™,ç‡ƒã‚„ã›ãªã„ã”ã¿ã¨åˆ¥è¢‹,ä¸€è¾º50cmæœªæº€ã‚’åŸºæœ¬,FALSE,FALSE,FALSE,,FALSE,,S-M005-02,https://www.city.ishinomaki.lg.jp/cont/10210000/1582/20180320093709.html,é‡‘å±žã”ã¿,2026-08-17,SORT_BUCKET,CURRENT,,
M005,C-M005-04,æœ‰å®³ã”ã¿,ç‡ƒã‚„ã›ãªã„ã”ã¿,,PRIMARY,4,CURBSIDE,ä¹¾é›»æ± ãƒ»è›å…‰ç®¡ãƒ»æ°´éŠ€è£½å“,ä¸€èˆ¬ä¸ç‡ƒç‰©,,å„å°‚ç”¨åŒºåˆ†,è›å…‰ç®¡ã‚’ä¿è­·ãƒ»é›»æ± ç«¯å­ã‚’çµ¶ç¸,ç‡ƒã‚„ã›ãªã„ã”ã¿ã¨åˆ¥è¢‹,,FALSE,FALSE,FALSE,,FALSE,,S-M005-02,https://www.city.ishinomaki.lg.jp/cont/10210000/1582/20180320093709.html,æœ‰å®³ã”ã¿,2026-08-17,SORT_BUCKET,CURRENT,,
M005,C-M005-05,ãƒ€ãƒ³ãƒœãƒ¼ãƒ«,ç´™é¡ž,,PRIMARY,14,CURBSIDE,æ®µãƒœãƒ¼ãƒ«,æ±šã‚ŒãŸç´™,,ç‡ƒã‚„ã›ã‚‹ã”ã¿,ãŸãŸã‚“ã§çµæŸ,ã²ã‚‚çµæŸ,,FALSE,FALSE,FALSE,,FALSE,,S-M005-02,https://www.city.ishinomaki.lg.jp/cont/10210000/1582/20180320093709.html,ãƒ€ãƒ³ãƒœãƒ¼ãƒ«,2026-08-17,SORT_BUCKET,CURRENT,,
M005,C-M005-06,é›‘èªŒãƒ»å¤æœ¬,ç´™é¡ž,,PRIMARY,15,CURBSIDE,é›‘èªŒãƒ»æ›¸ç±,æ±šã‚ŒãŸç´™,,ç‡ƒã‚„ã›ã‚‹ã”ã¿,çµæŸ,ã²ã‚‚çµæŸ,,FALSE,FALSE,FALSE,,FALSE,,S-M005-02,https://www.city.ishinomaki.lg.jp/cont/10210000/1582/20180320093709.html,é›‘èªŒãƒ»å¤æœ¬,2026-08-17,SORT_BUCKET,CURRENT,,
M005,C-M005-07,æ–°èžç´™,ç´™é¡ž,,PRIMARY,16,CURBSIDE,æ–°èžãƒ»æŠ˜è¾¼åºƒå‘Š,æ±šã‚ŒãŸç´™,,ç‡ƒã‚„ã›ã‚‹ã”ã¿,çµæŸ,ã²ã‚‚çµæŸ,,FALSE,FALSE,FALSE,,FALSE,,S-M005-02,https://www.city.ishinomaki.lg.jp/cont/10210000/1582/20180320093709.html,æ–°èžç´™,2026-08-17,SORT_BUCKET,CURRENT,,
M005,C-M005-08,é›‘ç´™,ç´™é¡ž,,PRIMARY,17,CURBSIDE,è“å­ç®±ãƒ»åŒ…è£…ç´™ãƒ»ç´™è¢‹,ç¦å¿Œç´™ãƒ»æ±šã‚ŒãŸç´™,,ç‡ƒã‚„ã›ã‚‹ã”ã¿,ç´™è¢‹ç­‰ã§ã¾ã¨ã‚ã‚‹,ç´™è¢‹ã¾ãŸã¯çµæŸ,,FALSE,FALSE,FALSE,,FALSE,,S-M005-02,https://www.city.ishinomaki.lg.jp/cont/10210000/1582/20180320093709.html,é›‘ç´™,2026-08-17,SORT_BUCKET,CURRENT,,
M005,C-M005-09,ç¼¶é¡ž,è³‡æºã”ã¿,,PRIMARY,6,CURBSIDE,é£²é£Ÿç”¨ç¼¶,æ±šã‚ŒãŸç¼¶ãƒ»ã‚¹ãƒ—ãƒ¬ãƒ¼ç¼¶,,ç‡ƒã‚„ã›ãªã„ã”ã¿ã¾ãŸã¯æœ‰å®³ã”ã¿,ä¸­ã‚’ã™ã™ã,è³‡æºå›žåŽå®¹å™¨,,FALSE,FALSE,FALSE,,FALSE,,S-M005-02,https://www.city.ishinomaki.lg.jp/cont/10210000/1582/20180320093709.html,ç¼¶é¡ž,2026-08-17,SORT_BUCKET,CURRENT,,
M005,C-M005-10,ã³ã‚“é¡ž,è³‡æºç‰©ï¼ˆã‚ãã³ã‚“ï¼‰,,PRIMARY,7,CURBSIDE,é£²é£Ÿç”¨ã³ã‚“,å‰²ã‚ŒãŸã³ã‚“ãƒ»è–¬å“ã³ã‚“,,ç‡ƒã‚„ã›ãªã„ã”ã¿,ã‚­ãƒ£ãƒƒãƒ—ã‚’å¤–ã—ã™ã™ã,è‰²åˆ¥å›žåŽå®¹å™¨,,FALSE,FALSE,FALSE,,FALSE,æ•™æUIæŠ•å½±è¦ªã€‚å…¬å¼åŒºåˆ†æ•°ã¯CURRENTã®4å­åŒºåˆ†ã‚’æ•°ãˆã€ã“ã®è¦ªã¯é‡è¤‡è¨ˆä¸Šã—ãªã„ã€‚,S-M005-02,https://www.city.ishinomaki.lg.jp/cont/10210000/1582/20180320093709.html,ã³ã‚“é¡ž,2026-08-17,SORT_BUCKET,CURRENT,,
M005,C-M005-11,ãƒšãƒƒãƒˆãƒœãƒˆãƒ«,è³‡æºã”ã¿,,PRIMARY,12,CURBSIDE,PETå¯¾è±¡ãƒœãƒˆãƒ«,ã‚­ãƒ£ãƒƒãƒ—ãƒ»ãƒ©ãƒ™ãƒ«ãƒ»å¯¾è±¡å¤–ç”¨é€”,,ç‡ƒã‚„ã›ã‚‹ã”ã¿ç­‰,ã‚­ãƒ£ãƒƒãƒ—ã¨ãƒ©ãƒ™ãƒ«ã‚’å¤–ã—ã™ã™ã,è³‡æºå›žåŽå®¹å™¨,,FALSE,FALSE,FALSE,,FALSE,,S-M005-02,https://www.city.ishinomaki.lg.jp/cont/10210000/1582/20180320093709.html,ãƒšãƒƒãƒˆãƒœãƒˆãƒ«,2026-08-17,SORT_BUCKET,CURRENT,,
M005,C-M005-12,ç²—å¤§ã”ã¿,ç²—å¤§ã”ã¿,,PRIMARY,20,BOOKED_PICKUP,ä¸€è¾º50cmä»¥ä¸Šã®å®¶å…·ãƒ»å¯å…·ç­‰,å®¶é›»4å“ç›®ãƒ»å‡¦ç†å›°é›£ç‰©,ä¸€è¾º50cmä»¥ä¸Š,è²©å£²åº—ãƒ»è¨±å¯æ¥­è€…,é›»æ± ãƒ»ç‡ƒæ–™ã‚’å¤–ã™,åœ°åŒºã«ã‚ˆã‚Šäºˆç´„ãƒ»å‡¦ç†åˆ¸,ä¸€è¾º50cmä»¥ä¸Š,TRUE,CONDITIONAL,CONDITIONAL,å“ç›®ãƒ»æ¬å…¥æ–¹æ³•ã«ã‚ˆã‚Šæœ‰æ–™,FALSE,,S-M005-02,https://www.city.ishinomaki.lg.jp/cont/10210000/1582/20180320093709.html,ç²—å¤§ã”ã¿,2026-08-17,REFERENCE_ONLY,CURRENT,,
M005,C-M005-13,ãƒ—ãƒ©ã‚¹ãƒãƒƒã‚¯,è³‡æºã”ã¿,,PRIMARY,21,CURBSIDE,å®¹å™¨åŒ…è£…ã¨è£½å“ãƒ—ãƒ©ã‚¹ãƒãƒƒã‚¯,æ±šã‚ŒãŸç‰©ãƒ»å±é™ºç‰©ãƒ»é›»æ± å…¥ã‚Šè£½å“,2026å¹´10æœˆ1æ—¥ã‹ã‚‰,æ–½è¡Œå‰ã¯ç¾è¡ŒåŒºåˆ†ãƒ»æ–½è¡Œå¾Œã¯æè³ªå‰²åˆã§ç‡ƒã‚„ã›ã‚‹/ç‡ƒã‚„ã›ãªã„,æ±šã‚Œã‚’è½ã¨ã™ãƒ»ç•°ç´ æã‚’å¯èƒ½ãªé™ã‚Šå¤–ã™,ãƒ—ãƒ©ã‚¹ãƒãƒƒã‚¯å°‚ç”¨æŒ‡å®šè¢‹,æ–½è¡Œäºˆå®š,FALSE,FALSE,FALSE,,FALSE,2026å¹´10æœˆ1æ—¥æ–½è¡Œäºˆå®šã€‚æ–½è¡Œæ—¥å‰ã¯ç¾è¡ŒåŒºåˆ†ã‚’ä½¿ç”¨,S-M005-03,https://www.city.ishinomaki.lg.jp/cont/10301500/123/20260305162141.html,ãƒ—ãƒ©ã‚¹ãƒãƒƒã‚¯,2026-08-17,HIDDEN,PLANNED,2026-10-01,
M005,C-M005-14,å¸‚ã§åŽé›†ã—ãªã„ã”ã¿,åŽé›†å¤–,,EXCLUDED,22,NOT_COLLECTED,å®¶é›»4å“ç›®ãƒ»ãƒ‘ã‚½ã‚³ãƒ³ãƒ»ã‚¿ã‚¤ãƒ¤ãƒ»è–¬å“ãƒ»å»ºç¯‰å»ƒæç­‰,é€šå¸¸å®¶åº­ã”ã¿,æ³•å®šãƒªã‚µã‚¤ã‚¯ãƒ«ãƒ»å‡¦ç†å›°é›£,è²©å£²åº—ãƒ»ãƒ¡ãƒ¼ã‚«ãƒ¼ãƒ»å°‚é–€æ¥­è€…,å—å…¥å…ˆã®æŒ‡ç¤ºã«å¾“ã†,é›†ç©æ‰€ä¸å¯,,FALSE,FALSE,FALSE,,TRUE,,S-M005-02,https://www.city.ishinomaki.lg.jp/cont/10210000/1582/20180320093709.html,å¸‚ã§åŽé›†ã—ãªã„ã”ã¿,2026-08-17,EXCLUDED_NOTICE,CURRENT,,
M005,C-M005-15,ã‚¹ãƒ—ãƒ¬ãƒ¼ç¼¶ãƒ»ã‚¬ã‚¹ã‚«ãƒ¼ãƒˆãƒªãƒƒã‚¸,è³‡æºã”ã¿,,PRIMARY,5,CURBSIDE,ã‚¹ãƒ—ãƒ¬ãƒ¼ç¼¶ãƒ»ã‚«ã‚»ãƒƒãƒˆãƒœãƒ³ãƒ™ãƒ»ã‚¬ã‚¹ã‚«ãƒ¼ãƒˆãƒªãƒƒã‚¸,ä¸­èº«ãŒæ®‹ã£ã¦ã„ã‚‹ã‚‚ã®ãƒ»é£²é£Ÿç”¨ç¼¶,ä¸­èº«ã‚’ä½¿ã„åˆ‡ã£ãŸã‚¹ãƒ—ãƒ¬ãƒ¼ç¼¶ãƒ»ã‚¬ã‚¹ã‚«ãƒ¼ãƒˆãƒªãƒƒã‚¸,ä¸­èº«ãŒæ®‹ã‚‹å ´åˆã¯è²©å£²åº—ç­‰ã¸ç›¸è«‡,ä¸­èº«ã‚’ä½¿ã„åˆ‡ã‚‹,é»„è‰²ã®æŒ‡å®šè¢‹,,FALSE,FALSE,FALSE,,FALSE,ç«æ°—ã®ãªã„å ´æ‰€ã§ä¸­èº«ãŒç©ºã§ã‚ã‚‹ã“ã¨ã‚’ç¢ºèª,S-M005-02,https://www.city.ishinomaki.lg.jp/cont/10210000/1582/kateigomi-wakekata-dasikata.pdf,è³‡æºã”ã¿ï¼ã‚¹ãƒ—ãƒ¬ãƒ¼ç¼¶ãƒ»ã‚¬ã‚¹ã‚«ãƒ¼ãƒˆãƒªãƒƒã‚¸,2026-08-18,SORT_BUCKET,CURRENT,,
M005,C-M005-16,å¤ç€ãƒ»å¸ƒé¡ž,è³‡æºã”ã¿,,PRIMARY,9,CURBSIDE,å¤ç€ãƒ»ã‚¿ã‚ªãƒ«ãƒ»ã‚·ãƒ¼ãƒ„ãƒ»å¸ƒé¡ž,ã¬ã‚ŒãŸç‰©ãƒ»æ±šã‚ŒãŸç‰©ãƒ»ç¶¿å…¥ã‚Šè£½å“,å†åˆ©ç”¨ã§ãã‚‹æ¸…æ½”ãªå¤ç€ãƒ»å¸ƒé¡ž,ç‡ƒã‚„ã›ã‚‹ã”ã¿,æ´—æ¿¯ã—ä¹¾ã‹ã™,å¤ç€ãƒ»å¸ƒé¡žã®æŒ‡å®šè¢‹,,FALSE,FALSE,FALSE,,FALSE,,S-M005-02,https://www.city.ishinomaki.lg.jp/cont/10210000/1582/kateigomi-wakekata-dasikata.pdf,è³‡æºã”ã¿ï¼å¤ç€ãƒ»å¸ƒé¡ž,2026-08-18,SORT_BUCKET,CURRENT,,
M005,C-M005-17,ç´™ãƒ‘ãƒƒã‚¯,è³‡æºã”ã¿ï¼ˆç´™é¡žï¼‰,,PRIMARY,14,CURBSIDE,ç‰›ä¹³ãƒ‘ãƒƒã‚¯ãƒ»é£²æ–™ç”¨ç´™ãƒ‘ãƒƒã‚¯,å†…å´ãŒã‚¢ãƒ«ãƒŸåŠ å·¥ã•ã‚ŒãŸç´™ãƒ‘ãƒƒã‚¯ãƒ»æ±šã‚ŒãŸç´™ãƒ‘ãƒƒã‚¯,æ´—æµ„ã—ã¦ä¹¾ç‡¥ã§ãã‚‹ç´™ãƒ‘ãƒƒã‚¯,ç‡ƒã‚„ã›ã‚‹ã”ã¿,æ°´æ´—ã„ã—ä¹¾ã‹ã—ã¦é–‹ã,ç´™ã²ã‚‚ã§çµæŸ,,FALSE,FALSE,FALSE,,FALSE,,S-M005-02,https://www.city.ishinomaki.lg.jp/cont/10210000/1582/kateigomi-wakekata-dasikata.pdf,è³‡æºã”ã¿ï¼ç´™é¡žï¼ç´™ãƒ‘ãƒƒã‚¯,2026-08-18,SORT_BUCKET,CURRENT,,
M005,C-M005-18,ä½¿ç”¨æ¸ˆå°åž‹å®¶é›»,æ‹ ç‚¹å›žåŽ,,PRIMARY,15,DROP_OFF,ã‚¹ãƒžãƒ¼ãƒˆãƒ•ã‚©ãƒ³ãƒ»ãƒ‡ã‚¸ã‚¿ãƒ«ã‚«ãƒ¡ãƒ©ãƒ»æºå¸¯ã‚²ãƒ¼ãƒ æ©Ÿãƒ»é›»å“,å®¶é›»4å“ç›®ãƒ»å›žåŽãƒœãƒƒã‚¯ã‚¹ã«å…¥ã‚‰ãªã„ç‰©,å›žåŽå¯¾è±¡å“ç›®ã§æŠ•å…¥å£æ¨ª40cmÃ—ç¸¦20cmã«å…¥ã‚‹ã‚‚ã®,å¸‚ã®é€šå¸¸åŒºåˆ†åˆã¯è²©å£²åº—ãƒ»ãƒ¡ãƒ¼ã‚«ãƒ¼ã¸ç›¸è«‡,é›»æ± ã‚’å¤–ã—å€‹äººæƒ…å ±ã‚’æ¶ˆåŽ»,å›žåŽãƒœãƒƒã‚¯ã‚¹ã¸æŠ•å…¥,,FALSE,FALSE,FALSE,,FALSE,,S-M005-02,https://www.city.ishinomaki.lg.jp/cont/10210000/1582/kateigomi-wakekata-dasikata.pdf,ä½¿ç”¨æ¸ˆå°åž‹å®¶é›»ï¼ˆã§ãã‚‹ã ã‘å›žåŽãƒœãƒƒã‚¯ã‚¹ã¸ï¼‰,2026-08-18,REFERENCE_ONLY,CURRENT,,
M005,C-M005-19,ä¸€å‡ã³ã‚“ãƒ»ãƒ“ãƒ¼ãƒ«ã³ã‚“ãƒ»ãƒªã‚¿ãƒ¼ãƒŠãƒ–ãƒ«ã³ã‚“,è³‡æºç‰©ï¼ˆã‚ãã³ã‚“ï¼‰,C-M005-10,SUBCATEGORY,8,CURBSIDE,ä¸€å‡ã³ã‚“ãƒ»ãƒ“ãƒ¼ãƒ«ã³ã‚“ãƒ»ãƒªã‚¿ãƒ¼ãƒŠãƒ–ãƒ«ã³ã‚“,ã³ã‚“ã®è“‹ã‚„æ “ãƒ»ã›ã¨ã‚‚ã®ãƒ»ã‚¬ãƒ©ã‚¹è£½å“ãƒ»é›»çƒãƒ»è–¬ã³ã‚“,ä¸€å‡ã³ã‚“ãƒ»ãƒ“ãƒ¼ãƒ«ã³ã‚“ç­‰ã®ç¹°ã‚Šè¿”ã—ä½¿ç”¨ã§ãã‚‹ã³ã‚“,è‰²ã«å¿œã˜ãŸã‚ãã³ã‚“åŒºåˆ†åˆã¯ç‡ƒã‚„ã›ãªã„ã”ã¿,è“‹ã‚„æ “ã‚’å¤–ã—ä¸­ã‚’ã™ã™ã,åŽé›†æ—¥ã«æŒ‡å®šã‚³ãƒ³ãƒ†ãƒŠã¸,,FALSE,FALSE,FALSE,,FALSE,,S-M005-04,https://www.city.ishinomaki.lg.jp/cont/10301000/030/3974/kihonkeikaku2.pdf,ç¬¬2ç·¨18ãƒšãƒ¼ã‚¸ è¡¨2-1ï¼ã‚ãã³ã‚“ï¼ä¸€å‡ã³ã‚“ãƒ»ãƒ“ãƒ¼ãƒ«ã³ã‚“ãƒ»ãƒªã‚¿ãƒ¼ãƒŠãƒ–ãƒ«ã³ã‚“,2026-08-18,REFERENCE_ONLY,CURRENT,,
M005,C-M005-20,ç„¡è‰²é€æ˜Žã³ã‚“,è³‡æºç‰©ï¼ˆã‚ãã³ã‚“ï¼‰,C-M005-10,SUBCATEGORY,9,CURBSIDE,ç„¡è‰²é€æ˜Žã®é£²æ–™ãƒ»é£Ÿå“ç”¨ã³ã‚“,ã³ã‚“ã®è“‹ã‚„æ “ãƒ»ã›ã¨ã‚‚ã®ãƒ»ã‚¬ãƒ©ã‚¹è£½å“ãƒ»é›»çƒãƒ»è–¬ã³ã‚“,ç„¡è‰²é€æ˜Žã®ã‚ãã³ã‚“,ã³ã‚“ã®è‰²åˆã¯ç”¨é€”ã«å¿œã˜ãŸå…¬å¼åŒºåˆ†,è“‹ã‚„æ “ã‚’å¤–ã—ä¸­ã‚’ã™ã™ã,åŽé›†æ—¥ã«æŒ‡å®šã‚³ãƒ³ãƒ†ãƒŠã¸,,FALSE,FALSE,FALSE,,FALSE,,S-M005-04,https://www.city.ishinomaki.lg.jp/cont/10301000/030/3974/kihonkeikaku2.pdf,ç¬¬2ç·¨18ãƒšãƒ¼ã‚¸ è¡¨2-1ï¼ã‚ãã³ã‚“ï¼ç„¡è‰²é€æ˜Žã³ã‚“,2026-08-18,REFERENCE_ONLY,CURRENT,,
M005,C-M005-21,èŒ¶è‰²ã³ã‚“,è³‡æºç‰©ï¼ˆã‚ãã³ã‚“ï¼‰,C-M005-10,SUBCATEGORY,10,CURBSIDE,èŒ¶è‰²ã®é£²æ–™ãƒ»é£Ÿå“ç”¨ã³ã‚“,ã³ã‚“ã®è“‹ã‚„æ “ãƒ»ã›ã¨ã‚‚ã®ãƒ»ã‚¬ãƒ©ã‚¹è£½å“ãƒ»é›»çƒãƒ»è–¬ã³ã‚“,èŒ¶è‰²ã®ã‚ãã³ã‚“,ã³ã‚“ã®è‰²åˆã¯ç”¨é€”ã«å¿œã˜ãŸå…¬å¼åŒºåˆ†,è“‹ã‚„æ “ã‚’å¤–ã—ä¸­ã‚’ã™ã™ã,åŽé›†æ—¥ã«æŒ‡å®šã‚³ãƒ³ãƒ†ãƒŠã¸,,FALSE,FALSE,FALSE,,FALSE,,S-M005-04,https://www.city.ishinomaki.lg.jp/cont/10301000/030/3974/kihonkeikaku2.pdf,ç¬¬2ç·¨18ãƒšãƒ¼ã‚¸ è¡¨2-1ï¼ã‚ãã³ã‚“ï¼èŒ¶è‰²ã³ã‚“,2026-08-18,REFERENCE_ONLY,CURRENT,,
M005,C-M005-22,ãã®ä»–è‰²ã³ã‚“,è³‡æºç‰©ï¼ˆã‚ãã³ã‚“ï¼‰,C-M005-10,SUBCATEGORY,11,CURBSIDE,é’ãƒ»ç·‘ãƒ»é»’ç­‰ã®ãã®ä»–è‰²ã®é£²æ–™ãƒ»é£Ÿå“ç”¨ã³ã‚“,ã³ã‚“ã®è“‹ã‚„æ “ãƒ»ã›ã¨ã‚‚ã®ãƒ»ã‚¬ãƒ©ã‚¹è£½å“ãƒ»é›»çƒãƒ»è–¬ã³ã‚“,ç„¡è‰²é€æ˜Žãƒ»èŒ¶è‰²ä»¥å¤–ã®ã‚ãã³ã‚“,ã³ã‚“ã®è‰²åˆã¯ç”¨é€”ã«å¿œã˜ãŸå…¬å¼åŒºåˆ†,è“‹ã‚„æ “ã‚’å¤–ã—ä¸­ã‚’ã™ã™ã,åŽé›†æ—¥ã«æŒ‡å®šã‚³ãƒ³ãƒ†ãƒŠã¸,,FALSE,FALSE,FALSE,,FALSE,,S-M005-04,https://www.city.ishinomaki.lg.jp/cont/10301000/030/3974/kihonkeikaku2.pdf,ç¬¬2ç·¨18ãƒšãƒ¼ã‚¸ è¡¨2-1ï¼ã‚ãã³ã‚“ï¼ãã®ä»–è‰²ã³ã‚“,2026-08-18,REFERENCE_ONLY,CURRENT,,
M006,C-M006-01,ã‚‚ã‚„ã›ã‚‹ã”ã¿,ã‚‚ã‚„ã›ã‚‹ã”ã¿,,PRIMARY,1,CURBSIDE,ç”Ÿã”ã¿ãƒ»ç´™ããšãƒ»é©ãƒ»ã‚´ãƒ ç­‰,è³‡æºç‰©ãƒ»é‡‘å±žãƒ»ä¸ç‡ƒç‰©,,å„å°‚ç”¨åŒºåˆ†,æ°´åˆ‡ã‚Š,æŒ‡å®šè¢‹,æŒ‡å®šè¢‹ã«å…¥ã‚‹å¤§ãã•,FALSE,FALSE,FALSE,,FALSE,,S-M006-02,https://www.town.ogawara.miyagi.jp/secure/1106/R8ippannhaikibutusyorizissikeikaku.pdf,ã‚‚ã‚„ã›ã‚‹ã”ã¿,2026-08-17,SORT_BUCKET,CURRENT,,
M006,C-M006-02,ã‚‚ã‚„ã›ãªã„ã”ã¿,ã‚‚ã‚„ã›ãªã„ã”ã¿,,PRIMARY,2,CURBSIDE,é™¶ç£å™¨ãƒ»ã‚¬ãƒ©ã‚¹ãƒ»é‡‘å±žãƒ»å°åž‹å®¶é›»,è³‡æºç‰©ãƒ»æœ‰å®³ç‰©,,å„å°‚ç”¨åŒºåˆ†,å‰²ã‚Œç‰©ã‚’åŒ…ã¿é›»æ± ã‚’å¤–ã™,æŒ‡å®šè¢‹,æŒ‡å®šè¢‹ã«å…¥ã‚‹å¤§ãã•,FALSE,FALSE,FALSE,,FALSE,,S-M006-02,https://www.town.ogawara.miyagi.jp/secure/1106/R8ippannhaikibutusyorizissikeikaku.pdf,ã‚‚ã‚„ã›ãªã„ã”ã¿,2026-08-17,SORT_BUCKET,CURRENT,,
M006,C-M006-03,å®¹å™¨åŒ…è£…ãƒ—ãƒ©ã‚¹ãƒãƒƒã‚¯,è³‡æºã”ã¿,,PRIMARY,3,CURBSIDE,ãƒ—ãƒ©ãƒžãƒ¼ã‚¯ä»˜ãå®¹å™¨åŒ…è£…ãƒ»ãƒ¬ã‚¸è¢‹ãƒ»åµãƒ‘ãƒƒã‚¯,è£½å“ãƒ—ãƒ©ã‚¹ãƒãƒƒã‚¯ãƒ»æ±šã‚ŒãŸç‰©,å®¹å™¨åŒ…è£…ã§æ±šã‚ŒãŒè½ã¡ã‚‹,ã‚‚ã‚„ã›ã‚‹ã”ã¿ç­‰,æ´—ã£ã¦ä¹¾ã‹ã™,è³‡æºè¢‹,,FALSE,FALSE,FALSE,,FALSE,,S-M006-02,https://www.town.ogawara.miyagi.jp/secure/1106/R8ippannhaikibutusyorizissikeikaku.pdf,å®¹å™¨åŒ…è£…ãƒ—ãƒ©ã‚¹ãƒãƒƒã‚¯,2026-08-17,SORT_BUCKET,CURRENT,,
M006,C-M006-04,ãã®ä»–ã®ãƒ—ãƒ©ã‚¹ãƒãƒƒã‚¯,è³‡æºã”ã¿,,PRIMARY,4,CURBSIDE,å®¹å™¨åŒ…è£…ä»¥å¤–ã®å¯¾è±¡ãƒ—ãƒ©ã‚¹ãƒãƒƒã‚¯è£½å“,ç•°ç´ æä»˜ããƒ»æ±šã‚ŒãŸç‰©,ç”ºã®å¯¾è±¡åŸºæº–å†…,ã‚‚ã‚„ã›ã‚‹/ã‚‚ã‚„ã›ãªã„ã”ã¿,æ±šã‚Œã‚’è½ã¨ã—ç•°ç´ æã‚’å¤–ã™,æŒ‡å®šæ–¹æ³•,æ–½è¨­åŸºæº–å†…,FALSE,FALSE,FALSE,,FALSE,,S-M006-02,https://www.town.ogawara.miyagi.jp/secure/1106/R8ippannhaikibutusyorizissikeikaku.pdf,ãã®ä»–ã®ãƒ—ãƒ©ã‚¹ãƒãƒƒã‚¯,2026-08-17,SORT_BUCKET,CURRENT,,
M006,C-M006-05,ãƒšãƒƒãƒˆãƒœãƒˆãƒ«,è³‡æºã”ã¿,,PRIMARY,5,CURBSIDE,PETå¯¾è±¡ãƒœãƒˆãƒ«,ã‚­ãƒ£ãƒƒãƒ—ãƒ»ãƒ©ãƒ™ãƒ«ãƒ»æ±šã‚ŒãŸç‰©,,å®¹å™¨åŒ…è£…ãƒ—ãƒ©ã‚¹ãƒãƒƒã‚¯ç­‰,ã‚­ãƒ£ãƒƒãƒ—ã¨ãƒ©ãƒ™ãƒ«ã‚’å¤–ã—ã™ã™ã,è³‡æºè¢‹ãƒ»å›žåŽå®¹å™¨,,FALSE,FALSE,FALSE,,FALSE,,S-M006-02,https://www.town.ogawara.miyagi.jp/secure/1106/R8ippannhaikibutusyorizissikeikaku.pdf,ãƒšãƒƒãƒˆãƒœãƒˆãƒ«,2026-08-17,SORT_BUCKET,CURRENT,,
M006,C-M006-06,ç„¡è‰²é€æ˜Žã³ã‚“,ã³ã‚“é¡ž,,PRIMARY,6,CURBSIDE,ç„¡è‰²é€æ˜Žã®é£²é£Ÿç”¨ã³ã‚“,å‰²ã‚Œãƒ»æ±šã‚Œãƒ»è–¬å“ã³ã‚“,,ã‚‚ã‚„ã›ãªã„ã”ã¿,ã‚­ãƒ£ãƒƒãƒ—ã‚’å¤–ã—ã™ã™ã,è‰²åˆ¥è³‡æºè¢‹ãƒ»å®¹å™¨,,FALSE,FALSE,FALSE,,FALSE,,S-M006-02,https://www.town.ogawara.miyagi.jp/secure/1106/R8ippannhaikibutusyorizissikeikaku.pdf,ç„¡è‰²é€æ˜Žã³ã‚“,2026-08-17,SORT_BUCKET,CURRENT,,
M006,C-M006-07,èŒ¶è‰²ã³ã‚“,ã³ã‚“é¡ž,,PRIMARY,7,CURBSIDE,èŒ¶è‰²ã®é£²é£Ÿç”¨ã³ã‚“,å‰²ã‚Œãƒ»æ±šã‚Œãƒ»è–¬å“ã³ã‚“,,ã‚‚ã‚„ã›ãªã„ã”ã¿,ã‚­ãƒ£ãƒƒãƒ—ã‚’å¤–ã—ã™ã™ã,è‰²åˆ¥è³‡æºè¢‹ãƒ»å®¹å™¨,,FALSE,FALSE,FALSE,,FALSE,,S-M006-02,https://www.town.ogawara.miyagi.jp/secure/1106/R8ippannhaikibutusyorizissikeikaku.pdf,èŒ¶è‰²ã³ã‚“,2026-08-17,SORT_BUCKET,CURRENT,,
M006,C-M006-08,ãã®ä»–ã®ã³ã‚“,ã³ã‚“é¡ž,,PRIMARY,8,CURBSIDE,ãã®ä»–è‰²ã®é£²é£Ÿç”¨ã³ã‚“,å‰²ã‚Œãƒ»æ±šã‚Œãƒ»è–¬å“ã³ã‚“,,ã‚‚ã‚„ã›ãªã„ã”ã¿,ã‚­ãƒ£ãƒƒãƒ—ã‚’å¤–ã—ã™ã™ã,è‰²åˆ¥è³‡æºè¢‹ãƒ»å®¹å™¨,,FALSE,FALSE,FALSE,,FALSE,,S-M006-02,https://www.town.ogawara.miyagi.jp/secure/1106/R8ippannhaikibutusyorizissikeikaku.pdf,ãã®ä»–ã®ã³ã‚“,2026-08-17,SORT_BUCKET,CURRENT,,
M006,C-M006-09,ç¼¶é¡ž,è³‡æºã”ã¿,,PRIMARY,9,CURBSIDE,é£²é£Ÿç”¨ã‚¢ãƒ«ãƒŸç¼¶ãƒ»ã‚¹ãƒãƒ¼ãƒ«ç¼¶,ã‚¹ãƒ—ãƒ¬ãƒ¼ç¼¶ãƒ»æ±šã‚ŒãŸç¼¶,,ã‚‚ã‚„ã›ãªã„ã”ã¿ç­‰,ä¸­ã‚’ç©ºã«ã—ã™ã™ã,è³‡æºè¢‹ãƒ»å›žåŽå®¹å™¨,,FALSE,FALSE,FALSE,,FALSE,,S-M006-02,https://www.town.ogawara.miyagi.jp/secure/1106/R8ippannhaikibutusyorizissikeikaku.pdf,ç¼¶é¡ž,2026-08-17,SORT_BUCKET,CURRENT,,
M006,C-M006-10,æ–°èž,ç´™é¡ž,,PRIMARY,10,CURBSIDE,æ–°èžãƒ»æŠ˜è¾¼åºƒå‘Š,æ±šã‚ŒãŸç´™,,ã‚‚ã‚„ã›ã‚‹ã”ã¿,çµæŸ,ã²ã‚‚çµæŸ,,FALSE,FALSE,FALSE,,FALSE,,S-M006-02,https://www.town.ogawara.miyagi.jp/secure/1106/R8ippannhaikibutusyorizissikeikaku.pdf,æ–°èž,2026-08-17,SORT_BUCKET,CURRENT,,
M006,C-M006-11,ãƒ€ãƒ³ãƒœãƒ¼ãƒ«,ç´™é¡ž,,PRIMARY,11,CURBSIDE,æ®µãƒœãƒ¼ãƒ«,æ±šã‚ŒãŸç‰©,,ã‚‚ã‚„ã›ã‚‹ã”ã¿,ãŸãŸã¿çµæŸ,ã²ã‚‚çµæŸ,,FALSE,FALSE,FALSE,,FALSE,,S-M006-02,https://www.town.ogawara.miyagi.jp/secure/1106/R8ippannhaikibutusyorizissikeikaku.pdf,ãƒ€ãƒ³ãƒœãƒ¼ãƒ«,2026-08-17,SORT_BUCKET,CURRENT,,
M006,C-M006-12,é›‘ç´™é¡ž,ç´™é¡ž,,PRIMARY,12,CURBSIDE,é›‘èªŒãƒ»è“å­ç®±ãƒ»åŒ…è£…ç´™,ç¦å¿Œç´™ãƒ»æ±šã‚ŒãŸç´™,,ã‚‚ã‚„ã›ã‚‹ã”ã¿,ç´™è¢‹ç­‰ã§ã¾ã¨ã‚ã‚‹,ç´™è¢‹ã¾ãŸã¯çµæŸ,,FALSE,FALSE,FALSE,,FALSE,,S-M006-02,https://www.town.ogawara.miyagi.jp/secure/1106/R8ippannhaikibutusyorizissikeikaku.pdf,é›‘ç´™é¡ž,2026-08-17,SORT_BUCKET,CURRENT,,
M006,C-M006-13,ä½¿ç”¨æ¸ˆä¹¾é›»æ± ç­‰,æœ‰å®³,,PRIMARY,14,CURBSIDE,ä¹¾é›»æ± ãƒ»è›å…‰ç®¡ç­‰,ä¸€èˆ¬ä¸ç‡ƒç‰©,å®¶åº­ç”¨,è²©å£²åº—ç­‰,çµ¶ç¸ãƒ»ç ´æé˜²æ­¢,æŒ‡å®šå›žåŽå®¹å™¨,,FALSE,FALSE,FALSE,,FALSE,,S-M006-02,https://www.town.ogawara.miyagi.jp/secure/1106/R8ippannhaikibutusyorizissikeikaku.pdf,ä½¿ç”¨æ¸ˆä¹¾é›»æ± ç­‰,2026-08-17,SORT_BUCKET,CURRENT,,
M006,C-M006-14,ç²—å¤§ã”ã¿,ç²—å¤§ã”ã¿,,PRIMARY,15,DIRECT_HAUL,æŒ‡å®šè¢‹ã«å…¥ã‚‰ãªã„å¯ç‡ƒãƒ»ä¸ç‡ƒå®¶å…·ç­‰,å‡¦ç†å›°é›£ç‰©ãƒ»å®¶é›»4å“ç›®,æŒ‡å®šè¢‹ã«å…¥ã‚‰ãªã„,ç›´æŽ¥æ¬å…¥ã¾ãŸã¯è¨±å¯æ¥­è€…,æè³ªåˆ¥ã«åˆ†ã‘ã‚‹,é›†ç©æ‰€ä¸å¯,æ–½è¨­å—å…¥åŸºæº–å†…,TRUE,FALSE,CONDITIONAL,å“ç›®ãƒ»æ¬å…¥æ–¹æ³•ã«ã‚ˆã‚Šæœ‰æ–™,FALSE,,S-M006-02,https://www.town.ogawara.miyagi.jp/secure/1106/R8ippannhaikibutusyorizissikeikaku.pdf,ç²—å¤§ã”ã¿,2026-08-17,REFERENCE_ONLY,CURRENT,,
M006,C-M006-15,ä½¿ç”¨æ¸ˆå°åž‹é›»å­æ©Ÿå™¨ç­‰,æ‹ ç‚¹å›žåŽ,,PRIMARY,16,DROP_OFF,æŠ•å…¥å£ã«å…¥ã‚‹å°åž‹å®¶é›»,å®¶é›»4å“ç›®ãƒ»é›»æ± ,å¯¾è±¡å°åž‹å®¶é›»,ã‚‚ã‚„ã›ãªã„ã”ã¿ç­‰,é›»æ± ã‚’å¤–ã™,å½¹å ´å›žåŽãƒœãƒƒã‚¯ã‚¹,æŠ•å…¥å£15cmÃ—30cmä»¥å†…,FALSE,FALSE,FALSE,,FALSE,,S-M006-02,https://www.town.ogawara.miyagi.jp/secure/1106/R8ippannhaikibutusyorizissikeikaku.pdf,ä½¿ç”¨æ¸ˆå°åž‹é›»å­æ©Ÿå™¨ç­‰,2026-08-17,REFERENCE_ONLY,CURRENT,,
M006,C-M006-16,åŽé›†ã—ãªã„ã‚‚ã®,åŽé›†å¤–,,EXCLUDED,17,NOT_COLLECTED,å®¶é›»4å“ç›®ãƒ»ãƒ‘ã‚½ã‚³ãƒ³ãƒ»å‡¦ç†å›°é›£ç‰©ãƒ»äº‹æ¥­ã”ã¿,é€šå¸¸å®¶åº­ã”ã¿,ç”ºåŽé›†ãƒ»æ–½è¨­å‡¦ç†ä¸å¯,ãƒ¡ãƒ¼ã‚«ãƒ¼ãƒ»è²©å£²åº—ãƒ»å°‚é–€æ¥­è€…,å—å…¥å…ˆã®æŒ‡ç¤ºã«å¾“ã†,é›†ç©æ‰€ä¸å¯,,FALSE,FALSE,FALSE,,TRUE,,S-M006-02,https://www.town.ogawara.miyagi.jp/secure/1106/R8ippannhaikibutusyorizissikeikaku.pdf,åŽé›†ã—ãªã„ã‚‚ã®,2026-08-17,EXCLUDED_NOTICE,CURRENT,,
M006,C-M006-17,å¸ƒé¡ž,ç´™é¡žãƒ»å¸ƒé¡ž,,PRIMARY,13,CURBSIDE,ç¶¿50%ä»¥ä¸Šã®è¡£é¡žãƒ»å¸ƒé¡ž,ç¶¿50%æœªæº€ãƒ»æ±šã‚ŒãŸç‰©ãƒ»æ¿¡ã‚ŒãŸç‰©,ç¶¿50%ä»¥ä¸Šã®å¸ƒé¡ž,ã‚‚ã‚„ã›ã‚‹ã”ã¿,æ´—æ¿¯ã—ä¹¾ã‹ã™,ã²ã‚‚ã§æŸã­ã‚‹åˆã¯æŒ‡å®šæ–¹æ³•ã«å¾“ã†,,FALSE,FALSE,FALSE,,FALSE,,S-M006-02,https://www.town.ogawara.miyagi.jp/secure/1106/R8ippannhaikibutusyorizissikeikaku.pdf,2ãƒšãƒ¼ã‚¸ 5 ä¸€èˆ¬å»ƒæ£„ç‰©ã®åŽé›†ãƒ»é‹æ¬åŠã³æŽ’å‡ºæ–¹æ³•ï¼ç´™é¡žãƒ»å¸ƒé¡ž,2026-08-18,SORT_BUCKET,CURRENT,,
M007,C-M007-01,ç‡ƒã‚„ã›ã‚‹ã”ã¿,ç‡ƒã‚„ã›ã‚‹ã”ã¿,,PRIMARY,1,CURBSIDE,ç”Ÿã”ã¿ãƒ»è²æ®»ãƒ»ç´™ããšç­‰,è³‡æºç‰©ãƒ»ä¸ç‡ƒç‰©,,å„å°‚ç”¨åŒºåˆ†,æ°´åˆ‡ã‚Š,ç‡ƒã‚„ã›ã‚‹ã”ã¿æŒ‡å®šè¢‹,æŒ‡å®šè¢‹ã«å…¥ã‚‹å¤§ãã•,FALSE,FALSE,FALSE,,FALSE,,S-M007-01,https://www.town.kami.miyagi.jp/soshikikarasagasu/chominka/kankyoeisei/847.html,ç‡ƒã‚„ã›ã‚‹ã”ã¿,2026-08-17,SORT_BUCKET,CURRENT,,
M007,C-M007-02,ç‡ƒã‚„ã›ãªã„ã”ã¿ãƒ»ç‡ƒã‚„ã›ãªã„ç²—å¤§ã”ã¿,ç‡ƒã‚„ã›ãªã„ã”ã¿ãƒ»ç‡ƒã‚„ã›ãªã„ç²—å¤§ã”ã¿,,PRIMARY,2,CURBSIDE,ã›ã¨ã‚‚ã®ãƒ»åŒ–ç²§ã³ã‚“ãƒ»ãªã¹ãƒ»å°åž‹å®¶é›»ç­‰,è³‡æºãƒ»æœ‰å®³ãƒ»ç‡ƒã‚„ã›ã‚‹ã”ã¿,,å„å°‚ç”¨åŒºåˆ†,å‰²ã‚Œç‰©ã‚’åŒ…ã¿é›»æ± ã‚’å¤–ã™,æŒ‡å®šè¢‹ãƒ»ç²—å¤§ã¯æŒ‡å®šæ–¹æ³•,è¢‹ã«å…¥ã‚‰ãªã„ä¸ç‡ƒç‰©ã‚’å«ã‚€,CONDITIONAL,FALSE,FALSE,,FALSE,,S-M007-01,https://www.town.kami.miyagi.jp/soshikikarasagasu/chominka/kankyoeisei/847.html,ç‡ƒã‚„ã›ãªã„ã”ã¿ãƒ»ç‡ƒã‚„ã›ãªã„ç²—å¤§ã”ã¿,2026-08-17,SORT_BUCKET,CURRENT,,
M007,C-M007-03,æœ‰å®³ã”ã¿,æœ‰å®³,,PRIMARY,3,CURBSIDE,è›å…‰ç¯ãƒ»æ°´éŠ€ä½“æ¸©è¨ˆãƒ»ã‚¹ãƒ—ãƒ¬ãƒ¼ç¼¶ç­‰,ä¹¾é›»æ± ãƒ»å°åž‹å®¶é›»,,å°åž‹å®¶é›»ãƒ»ä¹¾é›»æ± ç­‰,ç ´æé˜²æ­¢ãƒ»ã‚¹ãƒ—ãƒ¬ãƒ¼ç¼¶ã‚’ä½¿ã„åˆ‡ã‚‹,æŒ‡å®šå›žåŽå®¹å™¨,,FALSE,FALSE,FALSE,,FALSE,,S-M007-02,https://www.town.kami.miyagi.jp/soshikikarasagasu/chominka/kankyoeisei/4014.html,æœ‰å®³ã”ã¿,2026-08-17,SORT_BUCKET,CURRENT,,
M007,C-M007-04,å°åž‹å®¶é›»ãƒ»ä¹¾é›»æ± ,æ‹ ç‚¹ãƒ»é›†ç©æ‰€,,PRIMARY,4,DROP_OFF,ä¹¾é›»æ± ãƒ»ãƒªãƒã‚¦ãƒ ã‚¤ã‚ªãƒ³é›»æ± ãƒ»æºå¸¯é›»è©±ãƒ»ãƒ‘ã‚½ã‚³ãƒ³ç­‰,å®¶é›»4å“ç›®,å¯¾è±¡å“ç›®,è²©å£²åº—ç­‰,é›»æ± ç«¯å­ã‚’çµ¶ç¸ãƒ»æ©Ÿå™¨ã‹ã‚‰é›»æ± ã‚’å¤–ã™,æŒ‡å®šå›žåŽå®¹å™¨ãƒ»ãƒœãƒƒã‚¯ã‚¹,å›žåŽå£åŸºæº–,FALSE,FALSE,FALSE,,FALSE,,S-M007-03,https://www.town.kami.miyagi.jp/soshikikarasagasu/chominka/kankyoeisei/3552.html,å°åž‹å®¶é›»ãƒ»ä¹¾é›»æ± ,2026-08-17,REFERENCE_ONLY,CURRENT,,
M007,C-M007-05,è³‡æºã”ã¿,è³‡æºã”ã¿,,PRIMARY,5,CURBSIDE,ç©ºãç¼¶ãƒ»PETãƒ»é£²æ–™ã³ã‚“ãƒ»ç´™ãƒ‘ãƒƒã‚¯ãƒ»æ–°èžãƒ»æ®µãƒœãƒ¼ãƒ«ãƒ»é›‘èªŒ,æ±šã‚ŒãŸç‰©ãƒ»å¯¾è±¡å¤–å®¹å™¨,,ç‡ƒã‚„ã›ã‚‹/ç‡ƒã‚„ã›ãªã„ã”ã¿,æ´—æµ„ãƒ»ã‚­ãƒ£ãƒƒãƒ—é™¤åŽ»ãƒ»ç´™é¡žçµæŸ,å“ç›®åˆ¥è¢‹ãƒ»å®¹å™¨,,FALSE,FALSE,FALSE,,FALSE,,S-M007-01,https://www.town.kami.miyagi.jp/soshikikarasagasu/chominka/kankyoeisei/847.html,è³‡æºã”ã¿,2026-08-17,SORT_BUCKET,CURRENT,,
M007,C-M007-06,ãƒ—ãƒ©ã‚¹ãƒãƒƒã‚¯,è³‡æºã”ã¿,,PRIMARY,6,CURBSIDE,å®¹å™¨åŒ…è£…ãƒ»è“å­è¢‹ãƒ»PETãµãŸãƒ»åµãƒ‘ãƒƒã‚¯ãƒ»ãƒ¬ã‚¸è¢‹ãƒ»ãƒˆãƒ¬ã‚¤ãƒ»è£½å“ãƒ—ãƒ©,é‡‘å±žä»˜ããƒ»åˆƒç‰©ãƒ»å°åž‹å®¶é›»ãƒ»é›»æ± ãƒ»ã‚´ãƒ ãƒ»ã‚·ãƒªã‚³ãƒ³ãƒ»æ±šã‚ŒãŸç‰©,100ï¼…ãƒ—ãƒ©ã‚¹ãƒãƒƒã‚¯ãƒ»ä¸€è¾º50cmæœªæº€ãƒ»ãã‚Œã„,ç‡ƒã‚„ã›ã‚‹/ç‡ƒã‚„ã›ãªã„ã”ã¿,æ±šã‚Œã‚’è½ã¨ã—ç•°ç‰©ã‚’å¤–ã™,æŒ‡å®šè¢‹,ä¸€è¾º50cmæœªæº€,FALSE,FALSE,FALSE,,FALSE,,S-M007-02,https://www.town.kami.miyagi.jp/soshikikarasagasu/chominka/kankyoeisei/4014.html,ãƒ—ãƒ©ã‚¹ãƒãƒƒã‚¯,2026-08-17,SORT_BUCKET,CURRENT,,
M007,C-M007-07,ç‡ƒã‚„ã›ã‚‹ç²—å¤§ã”ã¿,ç²—å¤§ã”ã¿,,PRIMARY,7,DIRECT_HAUL,å¸ƒå›£ãƒ»æœ¨è£½å®¶å…·ç­‰,é›†ç©æ‰€å¯¾è±¡å¤–ãƒ»å‡¦ç†å›°é›£ç‰©,æŒ‡å®šè¢‹ã«å…¥ã‚‰ãªã„å¯ç‡ƒç‰©,ç›´æŽ¥æ¬å…¥ã¾ãŸã¯è¨±å¯æ¥­è€…,é‡‘å±žç­‰ã‚’åˆ†é›¢,é›†ç©æ‰€ä¸å¯,æ–½è¨­åŸºæº–å†…,TRUE,FALSE,FALSE,,FALSE,,S-M007-01,https://www.town.kami.miyagi.jp/soshikikarasagasu/chominka/kankyoeisei/847.html,ç‡ƒã‚„ã›ã‚‹ç²—å¤§ã”ã¿,2026-08-17,REFERENCE_ONLY,CURRENT,,
M007,C-M007-08,ä½¿ç”¨æ¸ˆã¿é£Ÿç”¨æ²¹,æ‹ ç‚¹å›žåŽ,,PRIMARY,8,DROP_OFF,å®¶åº­ã®æ¤ç‰©æ€§é£Ÿç”¨æ²¹,é‰±ç‰©æ²¹ãƒ»äº‹æ¥­ç”¨æ²¹,å®¶åº­ã®å¯¾è±¡æ²¹,å°‚é–€æ¥­è€…,å®¹å™¨ã«å…¥ã‚Œæ¼ã‚Œé˜²æ­¢,æŒ‡å®šå›žåŽå ´æ‰€,,FALSE,FALSE,FALSE,,FALSE,,S-M007-01,https://www.town.kami.miyagi.jp/soshikikarasagasu/chominka/kankyoeisei/847.html,ä½¿ç”¨æ¸ˆã¿é£Ÿç”¨æ²¹,2026-08-17,REFERENCE_ONLY,CURRENT,,
M007,C-M007-09,ç”ºã§åŽé›†ãƒ»æ–½è¨­å—å…¥ã§ããªã„ã‚‚ã®,åŽé›†å¤–,,EXCLUDED,9,NOT_COLLECTED,å®¶é›»4å“ç›®ãƒ»å‡¦ç†å›°é›£ç‰©ãƒ»äº‹æ¥­ã”ã¿,é€šå¸¸å®¶åº­ã”ã¿,å‡¦ç†ä¸å¯ãƒ»äº‹æ¥­æ´»å‹•ç”±æ¥,è²©å£²åº—ãƒ»å°‚é–€æ¥­è€…ãƒ»è¨±å¯æ¥­è€…,å—å…¥å…ˆã®æŒ‡ç¤ºã«å¾“ã†,é›†ç©æ‰€ä¸å¯,,FALSE,FALSE,FALSE,,TRUE,,S-M007-01,https://www.town.kami.miyagi.jp/soshikikarasagasu/chominka/kankyoeisei/847.html,ç”ºã§åŽé›†ãƒ»æ–½è¨­å—å…¥ã§ããªã„ã‚‚ã®,2026-08-17,EXCLUDED_NOTICE,CURRENT,,
M008,C-M008-01,å¯ç‡ƒã”ã¿,å¯ç‡ƒã”ã¿,,PRIMARY,1,CURBSIDE,ç”Ÿã”ã¿ãƒ»ç´™ãƒ»æœ¨ç«¹ãƒ»é©ãƒ»ã‚´ãƒ ãƒ»æ±šã‚ŒãŸãƒ—ãƒ©å®¹å™¨,è³‡æºç‰©ãƒ»ä¸ç‡ƒç‰©,,å„å°‚ç”¨åŒºåˆ†,æ°´åˆ‡ã‚Šãƒ»é•·ã„ç‰©ã¯åˆ‡ã‚‹,æŒ‡å®šè¢‹,æŒ‡å®šè¢‹ã«å…¥ã‚‹å¤§ãã•,FALSE,FALSE,FALSE,,FALSE,,S-M008-02,https://www.town.shirataka.lg.jp/secure/5260/bunnbetuAll.pdf,å¯ç‡ƒã”ã¿,2026-08-17,SORT_BUCKET,CURRENT,,
M008,C-M008-02,ä¸ç‡ƒã”ã¿,ä¸ç‡ƒã”ã¿,,PRIMARY,2,CURBSIDE,é™¶ç£å™¨ãƒ»ã‚¬ãƒ©ã‚¹ãƒ»é‡‘å±žãƒ»ç¡¬è³ªãƒ—ãƒ©ã‚¹ãƒãƒƒã‚¯ãƒ»å°åž‹å®¶é›»,è³‡æºç‰©ãƒ»æœ‰å®³ã”ã¿,,å„å°‚ç”¨åŒºåˆ†,å‰²ã‚Œç‰©ã‚’åŒ…ã¿å±é™ºè¡¨ç¤ºãƒ»ã‚³ãƒ¼ãƒ‰ã‚’50cmç¨‹åº¦ã«åˆ‡ã‚‹ãƒ»é›»æ± ã‚’å¤–ã™,æŒ‡å®šè¢‹,æŒ‡å®šè¢‹ã«å…¥ã‚‹å¤§ãã•,FALSE,FALSE,FALSE,,FALSE,,S-M008-02,https://www.town.shirataka.lg.jp/secure/5260/bunnbetuAll.pdf,ä¸ç‡ƒã”ã¿,2026-08-17,SORT_BUCKET,CURRENT,,
M008,C-M008-03,ãƒ—ãƒ©ã‚¹ãƒãƒƒã‚¯è£½å®¹å™¨åŒ…è£…é¡ž,è³‡æºå›žåŽ,,PRIMARY,3,CURBSIDE,ãƒ—ãƒ©ãƒžãƒ¼ã‚¯ä»˜ãå®¹å™¨åŒ…è£…,è£½å“ãƒ—ãƒ©ãƒ»æ±šã‚ŒãŸç‰©,æ´—ã£ã¦æ±šã‚ŒãŒè½ã¡ã‚‹,å¯ç‡ƒã”ã¿,æ´—ã£ã¦æ°´åˆ‡ã‚Š,æŒ‡å®šè¢‹ãƒ»å›žåŽå®¹å™¨,,FALSE,FALSE,FALSE,,FALSE,,S-M008-02,https://www.town.shirataka.lg.jp/secure/5260/bunnbetuAll.pdf,ãƒ—ãƒ©ã‚¹ãƒãƒƒã‚¯è£½å®¹å™¨åŒ…è£…é¡ž,2026-08-17,SORT_BUCKET,CURRENT,,
M008,C-M008-04,è³‡æºå›žåŽï¼ˆç©ºãç¼¶ï¼‰,è³‡æºå›žåŽ,,PRIMARY,4,CURBSIDE,é£²é£Ÿç”¨ã‚¢ãƒ«ãƒŸãƒ»ã‚¹ãƒãƒ¼ãƒ«ç¼¶,æ±šã‚ŒãŸç¼¶ãƒ»è–¬å“ç¼¶,,ä¸ç‡ƒã”ã¿,æ´—ã£ã¦æ°´åˆ‡ã‚Š,æŒ‡å®šå›žåŽæ–¹æ³•,,FALSE,FALSE,FALSE,,FALSE,,S-M008-02,https://www.town.shirataka.lg.jp/secure/5260/bunnbetuAll.pdf,è³‡æºå›žåŽï¼ˆç©ºãç¼¶ï¼‰,2026-08-17,SORT_BUCKET,CURRENT,,
M008,C-M008-05,è³‡æºå›žåŽï¼ˆã‚¬ãƒ©ã‚¹ã³ã‚“ï¼‰,è³‡æºå›žåŽ,,PRIMARY,5,CURBSIDE,é£²é£Ÿç”¨ã³ã‚“,å‰²ã‚ŒãŸã³ã‚“ãƒ»åŒ–ç²§å“ã³ã‚“ãƒ»æ±šã‚ŒãŸã³ã‚“,,ä¸ç‡ƒã”ã¿,æ´—ã£ã¦æ°´åˆ‡ã‚Šãƒ»ã‚³ãƒ³ãƒ†ãƒŠã§ã¯å¯ã‹ã›ã‚‹,å›žåŽã‚³ãƒ³ãƒ†ãƒŠ,,FALSE,FALSE,FALSE,,FALSE,,S-M008-02,https://www.town.shirataka.lg.jp/secure/5260/bunnbetuAll.pdf,è³‡æºå›žåŽï¼ˆã‚¬ãƒ©ã‚¹ã³ã‚“ï¼‰,2026-08-17,SORT_BUCKET,CURRENT,,
M008,C-M008-06,è³‡æºå›žåŽï¼ˆå¤ç´™ï¼‰,è³‡æºå›žåŽ,,PRIMARY,6,CURBSIDE,æ–°èžãƒ»é›‘èªŒãƒ»æ®µãƒœãƒ¼ãƒ«ãƒ»åŽšç´™,æ±šã‚ŒãŸç´™,,å¯ç‡ƒã”ã¿,çµæŸ,ã²ã‚‚çµæŸ,,FALSE,FALSE,FALSE,,FALSE,,S-M008-02,https://www.town.shirataka.lg.jp/secure/5260/bunnbetuAll.pdf,è³‡æºå›žåŽï¼ˆå¤ç´™ï¼‰,2026-08-17,SORT_BUCKET,CURRENT,,
M008,C-M008-07,è³‡æºå›žåŽï¼ˆå¸ƒé¡žï¼‰,è³‡æºå›žåŽ,,PRIMARY,7,CURBSIDE,æ´—æ¿¯æ¸ˆã¿è¡£é¡ž,æ±šã‚ŒãŸç‰©ãƒ»å¯¾è±¡å¤–ç´ æ,,å¯ç‡ƒã”ã¿,æ´—æ¿¯ã—ä¹¾ã‹ã™,é€æ˜Žè¢‹ç­‰æŒ‡å®šæ–¹æ³•,,FALSE,FALSE,FALSE,,FALSE,,S-M008-02,https://www.town.shirataka.lg.jp/secure/5260/bunnbetuAll.pdf,è³‡æºå›žåŽï¼ˆå¸ƒé¡žï¼‰,2026-08-17,SORT_BUCKET,CURRENT,,
M008,C-M008-08,æœ‰å®³ã”ã¿,æœ‰å®³,,PRIMARY,8,CURBSIDE,ä¹¾é›»æ± ãƒ»å……é›»æ± ãƒ»è›å…‰ç®¡ãƒ»æ°´éŠ€è£½å“,ä¸€èˆ¬ä¸ç‡ƒç‰©,å®¶åº­ç”¨,è²©å£²åº—ç­‰,é›»æ± ã‚’çµ¶ç¸ãƒ»ç ´æé˜²æ­¢,æŒ‡å®šå›žåŽå®¹å™¨,,FALSE,FALSE,FALSE,,FALSE,,S-M008-02,https://www.town.shirataka.lg.jp/secure/5260/bunnbetuAll.pdf,æœ‰å®³ã”ã¿,2026-08-17,SORT_BUCKET,CURRENT,,
M008,C-M008-09,ç²—å¤§ã”ã¿,ç²—å¤§ã”ã¿,,PRIMARY,9,BOOKED_PICKUP,æŒ‡å®šè¢‹ã«å…¥ã‚‰ãªã„å®¶å…·ãƒ»å¯å…·ãƒ»å¤§åž‹å“,å®¶é›»4å“ç›®ãƒ»ãƒ‘ã‚½ã‚³ãƒ³ãƒ»å‡¦ç†å›°é›£ç‰©,æŒ‡å®šè¢‹ã«å…¥ã‚‰ãªã„,å°‚é–€æ¥­è€…ãƒ»æ³•å®šãƒ«ãƒ¼ãƒˆ,é›»æ± ãƒ»ç‡ƒæ–™ã‚’å¤–ã™ãƒ»ã‚¹ãƒ—ãƒªãƒ³ã‚°ã‚’å®Œå…¨åˆ†é›¢,ç²—å¤§ã”ã¿ç”¨è¨¼ç´™ã‚’è²¼ã‚Šæˆ¸åˆ¥æŽ’å‡º,1å›ž1ä¸–å¸¯3å€‹ã¾ã§,TRUE,CONDITIONAL,CONDITIONAL,å“ç›®ãƒ»æ¬å…¥æ–¹æ³•ã«ã‚ˆã‚Šæœ‰æ–™,FALSE,,S-M008-02,https://www.town.shirataka.lg.jp/secure/5260/bunnbetuAll.pdf,ç²—å¤§ã”ã¿,2026-08-17,REFERENCE_ONLY,CURRENT,,
M008,C-M008-10,ç”ºã§åŽé›†ã§ããªã„ã”ã¿,åŽé›†å¤–,,EXCLUDED,10,NOT_COLLECTED,å®¶é›»4å“ç›®ãƒ»ãƒ‘ã‚½ã‚³ãƒ³ãƒ»å±é™ºç‰©ãƒ»åŒ»ç™‚å»ƒæ£„ç‰©ãƒ»ã‚¿ã‚¤ãƒ¤ãƒ»è¾²æ¥­è³‡æ,é€šå¸¸å®¶åº­ã”ã¿,æ³•å®šãƒªã‚µã‚¤ã‚¯ãƒ«ãƒ»å‡¦ç†å›°é›£ãƒ»äº‹æ¥­ç”±æ¥,è²©å£²åº—ãƒ»åŒ»ç™‚æ©Ÿé–¢ãƒ»å°‚é–€æ¥­è€…,å—å…¥å…ˆã®æŒ‡ç¤ºã«å¾“ã†,é›†ç©æ‰€ãƒ»ç²—å¤§åŽé›†ä¸å¯,,FALSE,FALSE,FALSE,,TRUE,,S-M008-02,https://www.town.shirataka.lg.jp/secure/5260/bunnbetuAll.pdf,ç”ºã§åŽé›†ã§ããªã„ã”ã¿,2026-08-17,EXCLUDED_NOTICE,CURRENT,,
M009,C-M009-01,ã‚‚ã‚„ã›ã‚‹ã”ã¿,ã‚‚ã‚„ã›ã‚‹ã”ã¿,,PRIMARY,1,CURBSIDE,ç”Ÿã”ã¿ãƒ»ç´™ããšãƒ»è¡£é¡žãƒ»æœ¨ç«¹ãƒ»ã‚´ãƒ ãƒ»ãƒ—ãƒ©ã‚¹ãƒãƒƒã‚¯å®¹å™¨ç­‰,è³‡æºç‰©ãƒ»ä¸ç‡ƒç‰©,,å„å°‚ç”¨åŒºåˆ†,æ°´åˆ‡ã‚Šãƒ»æžã¯é•·ã•80cmä»¥ä¸‹ãƒ»ç›´å¾„20cmä»¥å†…ã§çµæŸ,æŒ‡å®šè¢‹,æŒ‡å®šè¢‹ã«å…¥ã‚‹å¤§ãã•,FALSE,FALSE,FALSE,,FALSE,,S-M009-02,https://www.town.oe.yamagata.jp/files/original/202403191138227511fcddfbe.pdf,ã‚‚ã‚„ã›ã‚‹ã”ã¿,2026-08-17,SORT_BUCKET,CURRENT,,
M009,C-M009-02,ã‚‚ã‚„ã›ãªã„ã”ã¿,ã‚‚ã‚„ã›ãªã„ã”ã¿,,PRIMARY,2,CURBSIDE,é™¶ç£å™¨ãƒ»ã‚¬ãƒ©ã‚¹ãƒ»ã‚¹ãƒ—ãƒ¬ãƒ¼ç¼¶ãƒ»é‡‘å±žãƒ»å°åž‹å®¶é›»ç­‰,è³‡æºç‰©ãƒ»æœ‰å®³ã”ã¿,,å„å°‚ç”¨åŒºåˆ†,å‰²ã‚Œç‰©ã‚’åŒ…ã¿è¡¨ç¤ºãƒ»ã‚¹ãƒ—ãƒ¬ãƒ¼ç¼¶ã¯ä½¿ã„åˆ‡ã‚Šç©´ã‚’é–‹ã‘ãªã„,æŒ‡å®šè¢‹,æŒ‡å®šè¢‹ã«å…¥ã‚‹å¤§ãã•,FALSE,FALSE,FALSE,,FALSE,,S-M009-02,https://www.town.oe.yamagata.jp/files/original/202403191138227511fcddfbe.pdf,ã‚‚ã‚„ã›ãªã„ã”ã¿,2026-08-17,SORT_BUCKET,CURRENT,,
M009,C-M009-03,ã³ã‚“é¡ž,è³‡æºã”ã¿,,PRIMARY,3,CURBSIDE,ç„¡è‰²ãƒ»èŒ¶è‰²ãƒ»ãã®ä»–è‰²ã®é£²é£Ÿç”¨ã³ã‚“,å‰²ã‚Œãƒ»æ±šã‚Œãƒ»è–¬å“ã³ã‚“,,ã‚‚ã‚„ã›ãªã„ã”ã¿,ã‚­ãƒ£ãƒƒãƒ—ã‚’å¤–ã—ã™ã™ã,è‰²åˆ¥æŒ‡å®šè¢‹ãƒ»å®¹å™¨,,FALSE,FALSE,FALSE,,FALSE,,S-M009-02,https://www.town.oe.yamagata.jp/files/original/202403191138227511fcddfbe.pdf,ã³ã‚“é¡ž,2026-08-17,SORT_BUCKET,CURRENT,,
M009,C-M009-04,ç¼¶é¡ž,è³‡æºã”ã¿,,PRIMARY,4,CURBSIDE,é£²é£Ÿç”¨ã‚¢ãƒ«ãƒŸãƒ»ã‚¹ãƒãƒ¼ãƒ«ç¼¶,å†…å´ã‚³ãƒ¼ãƒ†ã‚£ãƒ³ã‚°ç¼¶ãƒ»æ±šã‚ŒãŸç¼¶,,ã‚‚ã‚„ã›ãªã„ã”ã¿,ä¸­ã‚’ç©ºã«ã—ã™ã™ã,æŒ‡å®šè¢‹ãƒ»å®¹å™¨,,FALSE,FALSE,FALSE,,FALSE,,S-M009-02,https://www.town.oe.yamagata.jp/files/original/202403191138227511fcddfbe.pdf,ç¼¶é¡ž,2026-08-17,SORT_BUCKET,CURRENT,,
M009,C-M009-05,ãƒšãƒƒãƒˆãƒœãƒˆãƒ«,è³‡æºã”ã¿,,PRIMARY,5,CURBSIDE,PETãƒžãƒ¼ã‚¯ã®é£²æ–™ãƒ»é…’ãƒ»ã—ã‚‡ã†ã‚†ç”¨ãƒœãƒˆãƒ«,ã‚­ãƒ£ãƒƒãƒ—ãƒ»ãƒ©ãƒ™ãƒ«ãƒ»å¯¾è±¡å¤–ç”¨é€”,,ã‚‚ã‚„ã›ã‚‹ã”ã¿ç­‰,ã‚­ãƒ£ãƒƒãƒ—ã¨ãƒ©ãƒ™ãƒ«ã‚’å¤–ã—ã™ã™ã,æŒ‡å®šè¢‹ãƒ»å®¹å™¨,,FALSE,FALSE,FALSE,,FALSE,,S-M009-02,https://www.town.oe.yamagata.jp/files/original/202403191138227511fcddfbe.pdf,ãƒšãƒƒãƒˆãƒœãƒˆãƒ«,2026-08-17,SORT_BUCKET,CURRENT,,
M009,C-M009-06,å»ƒä¹¾é›»æ± ,æœ‰å®³ã”ã¿,,PRIMARY,6,CURBSIDE,ä¹¾é›»æ± ,å……é›»æ± ãƒ»é‰›ãƒãƒƒãƒ†ãƒªãƒ¼,å®¶åº­ç”¨,åº—é ­å›žåŽãƒ»å°‚é–€æ¥­è€…,ç«¯å­ã‚’çµ¶ç¸,æŒ‡å®šå›žåŽå®¹å™¨,,FALSE,FALSE,FALSE,,FALSE,,S-M009-02,https://www.town.oe.yamagata.jp/files/original/202403191138227511fcddfbe.pdf,å»ƒä¹¾é›»æ± ,2026-08-17,SORT_BUCKET,CURRENT,,
M009,C-M009-07,æ°´éŠ€å«æœ‰ã”ã¿,æœ‰å®³ã”ã¿,,PRIMARY,7,CURBSIDE,è›å…‰ç®¡ãƒ»æ°´éŠ€ä½“æ¸©è¨ˆãƒ»æ¸©åº¦è¨ˆãƒ»è¡€åœ§è¨ˆ,LEDãƒ»å‰²ã‚ŒãŸä¸€èˆ¬ã‚¬ãƒ©ã‚¹,æ°´éŠ€ä½¿ç”¨è£½å“,ã‚‚ã‚„ã›ãªã„ã”ã¿ç­‰,ç ´æã—ãªã„ã‚ˆã†ä¿è­·,æŒ‡å®šå›žåŽå®¹å™¨,,FALSE,FALSE,FALSE,,FALSE,,S-M009-02,https://www.town.oe.yamagata.jp/files/original/202403191138227511fcddfbe.pdf,æ°´éŠ€å«æœ‰ã”ã¿,2026-08-17,SORT_BUCKET,CURRENT,,
M009,C-M009-08,ç²—å¤§ã”ã¿,ç²—å¤§ã”ã¿,,PRIMARY,8,BOOKED_PICKUP,å®¶å…·ãƒ»å¯å…·ãƒ»å¤§åž‹å®¶é›»ç­‰ï¼ˆå®¶é›»4å“ç›®é™¤ãï¼‰,å®¶é›»4å“ç›®ãƒ»å‡¦ç†å›°é›£ç‰©,æŒ‡å®šè¢‹ã«å…¥ã‚‰ãªã„ãƒ»å“ç›®è¡¨è©²å½“,è²©å£²åº—ãƒ»å°‚é–€æ¥­è€…,é›»æ± ãƒ»ç‡ƒæ–™ã‚’å¤–ã™,è¨¼ç´™ã‚·ãƒ¼ãƒ«ã‚’è²¼ä»˜,å“ç›®åˆ¥400ï½ž2400å††,TRUE,CONDITIONAL,CONDITIONAL,å“ç›®ãƒ»æ¬å…¥æ–¹æ³•ã«ã‚ˆã‚Šæœ‰æ–™,FALSE,,S-M009-02,https://www.town.oe.yamagata.jp/files/original/202403191138227511fcddfbe.pdf,ç²—å¤§ã”ã¿,2026-08-17,REFERENCE_ONLY,CURRENT,,
M009,C-M009-09,ç”ºã§åŽé›†ãƒ»å‡¦ç†ã§ããªã„ã‚‚ã®,åŽé›†å¤–,,EXCLUDED,9,NOT_COLLECTED,å®¶é›»4å“ç›®ãƒ»æ¶ˆç«å™¨ãƒ»ã‚¿ã‚¤ãƒ¤ãƒ»ã‚¬ã‚¹ãƒœãƒ³ãƒ™ãƒ»å»ƒæ²¹ãƒ»è¾²è–¬ãƒ»å»ºç¯‰å»ƒæãƒ»åŒ»ç™‚å»ƒæ£„ç‰©,é€šå¸¸å®¶åº­ã”ã¿,æ–½è¨­å‡¦ç†ä¸å¯,è²©å£²åº—ãƒ»å°‚é–€æ¥­è€…ãƒ»åŒ»ç™‚æ©Ÿé–¢,å—å…¥å…ˆã®æŒ‡ç¤ºã«å¾“ã†,é›†ç©æ‰€ä¸å¯,,FALSE,FALSE,FALSE,,TRUE,,S-M009-02,https://www.town.oe.yamagata.jp/files/original/202403191138227511fcddfbe.pdf,ç”ºã§åŽé›†ãƒ»å‡¦ç†ã§ããªã„ã‚‚ã®,2026-08-17,EXCLUDED_NOTICE,CURRENT,,
M010,C-M010-01,æ–°èž,è³‡æºç‰©,,PRIMARY,1,CURBSIDE,æ–°èžãƒ»æŠ˜è¾¼åºƒå‘Š,æ±šã‚ŒãŸç´™,,ç„¼å´ã”ã¿,ã²ã‚‚ã§çµã¶,ã²ã‚‚çµæŸ,,FALSE,FALSE,FALSE,,FALSE,,S-M010-01,https://www.city.utsunomiya.lg.jp/kurashi/gomi/kateigomi/dashikata/index.html,æ–°èž,2026-08-17,SORT_BUCKET,CURRENT,,
M010,C-M010-02,ãƒ€ãƒ³ãƒœãƒ¼ãƒ«,è³‡æºç‰©,,PRIMARY,2,CURBSIDE,æ®µãƒœãƒ¼ãƒ«,æ±šã‚ŒãŸç‰©,,ç„¼å´ã”ã¿,ãŸãŸã¿çµæŸ,ã²ã‚‚çµæŸ,,FALSE,FALSE,FALSE,,FALSE,,S-M010-01,https://www.city.utsunomiya.lg.jp/kurashi/gomi/kateigomi/dashikata/index.html,ãƒ€ãƒ³ãƒœãƒ¼ãƒ«,2026-08-17,SORT_BUCKET,CURRENT,,
M010,C-M010-03,é›‘èªŒãƒ»ãã®ä»–ã®ç´™,è³‡æºç‰©,,PRIMARY,3,CURBSIDE,é›‘èªŒãƒ»æ›¸ç±ãƒ»è“å­ç®±ãƒ»åŒ…è£…ç´™,ç¦å¿Œç´™ãƒ»æ±šã‚ŒãŸç´™,,ç„¼å´ã”ã¿,çµæŸã¾ãŸã¯ç´™è¢‹,ã²ã‚‚çµæŸãƒ»ç´™è¢‹,,FALSE,FALSE,FALSE,,FALSE,,S-M010-01,https://www.city.utsunomiya.lg.jp/kurashi/gomi/kateigomi/dashikata/index.html,é›‘èªŒãƒ»ãã®ä»–ã®ç´™,2026-08-17,SORT_BUCKET,CURRENT,,
M010,C-M010-04,ç´™ãƒ‘ãƒƒã‚¯,è³‡æºç‰©,,PRIMARY,4,CURBSIDE,å†…å´ç™½è‰²ã®ç´™ãƒ‘ãƒƒã‚¯,å†…å´ã‚¢ãƒ«ãƒŸãƒ»æ±šã‚ŒãŸç‰©,,ç„¼å´ã”ã¿,æ´—ã£ã¦é–‹ãä¹¾ã‹ã™,ã²ã‚‚çµæŸç­‰,,FALSE,FALSE,FALSE,,FALSE,,S-M010-01,https://www.city.utsunomiya.lg.jp/kurashi/gomi/kateigomi/dashikata/index.html,ç´™ãƒ‘ãƒƒã‚¯,2026-08-17,SORT_BUCKET,CURRENT,,
M010,C-M010-05,å¸ƒé¡ž,è³‡æºç‰©,,PRIMARY,5,CURBSIDE,æ´—æ¿¯æ¸ˆã¿è¡£é¡ž,é©ãƒ»ç¶¿ç¾½æ¯›å…¥ã‚Šãƒ»æ±šã‚Œç ´ã‚Œã®ã²ã©ã„ç‰©ãƒ»ã‚«ãƒ¼ãƒ†ãƒ³ç­‰,å†åˆ©ç”¨å¯èƒ½,ç„¼å´ã”ã¿ã¾ãŸã¯ç²—å¤§ã”ã¿,æ´—ã£ã¦ãŸãŸã‚€,é€æ˜Žã¾ãŸã¯åŠé€æ˜Žè¢‹,é›¨å¤©ã«å‡ºã•ãªã„,FALSE,FALSE,FALSE,,FALSE,,S-M010-01,https://www.city.utsunomiya.lg.jp/kurashi/gomi/kateigomi/dashikata/index.html,å¸ƒé¡ž,2026-08-17,SORT_BUCKET,CURRENT,,
M010,C-M010-06,ã³ã‚“ç¼¶é¡ž,è³‡æºç‰©,,PRIMARY,6,CURBSIDE,é£²é£Ÿç”¨ã³ã‚“ãƒ»20cmä»¥ä¸‹ã®ç¼¶ãƒ»åŒ–ç²§å“ã³ã‚“,å‰²ã‚ŒãŸã‚¬ãƒ©ã‚¹è£½å“ãƒ»20cmè¶…ã®ç¼¶,,ä¸ç‡ƒã”ã¿,ã‚­ãƒ£ãƒƒãƒ—ã‚’å¤–ã—ã™ã™ã,é€æ˜Žã¾ãŸã¯åŠé€æ˜Žè¢‹ç­‰,,FALSE,FALSE,FALSE,,FALSE,,S-M010-01,https://www.city.utsunomiya.lg.jp/kurashi/gomi/kateigomi/dashikata/index.html,ã³ã‚“ç¼¶é¡ž,2026-08-17,SORT_BUCKET,CURRENT,,
M010,C-M010-07,ãƒšãƒƒãƒˆãƒœãƒˆãƒ«,è³‡æºç‰©,,PRIMARY,7,CURBSIDE,PETå¯¾è±¡ãƒœãƒˆãƒ«,ã‚­ãƒ£ãƒƒãƒ—ãƒ»ãƒ©ãƒ™ãƒ«ãƒ»å¯¾è±¡å¤–ç”¨é€”,,ãƒ—ãƒ©ã‚¹ãƒãƒƒã‚¯è£½å®¹å™¨åŒ…è£…ç­‰,ã‚­ãƒ£ãƒƒãƒ—ã¨ãƒ©ãƒ™ãƒ«ã‚’å¤–ã—ã™ã™ã,é€æ˜Žã¾ãŸã¯åŠé€æ˜Žè¢‹,,FALSE,FALSE,FALSE,,FALSE,,S-M010-01,https://www.city.utsunomiya.lg.jp/kurashi/gomi/kateigomi/dashikata/index.html,ãƒšãƒƒãƒˆãƒœãƒˆãƒ«,2026-08-17,SORT_BUCKET,CURRENT,,
M010,C-M010-08,ç™½è‰²ãƒˆãƒ¬ã‚¤,è³‡æºç‰©,,PRIMARY,8,CURBSIDE,ç™½è‰²ç™ºæ³¡é£Ÿå“ãƒˆãƒ¬ã‚¤,è‰²æŸ„ãƒˆãƒ¬ã‚¤ãƒ»æ±šã‚ŒãŸç‰©,,ãƒ—ãƒ©ã‚¹ãƒãƒƒã‚¯è£½å®¹å™¨åŒ…è£…ã¾ãŸã¯ç„¼å´ã”ã¿,æ´—ã£ã¦ä¹¾ã‹ã™,é€æ˜Žã¾ãŸã¯åŠé€æ˜Žè¢‹,ç™½è‰²ã§ç™ºæ³¡ç´ æ,FALSE,FALSE,FALSE,,FALSE,,S-M010-01,https://www.city.utsunomiya.lg.jp/kurashi/gomi/kateigomi/dashikata/index.html,ç™½è‰²ãƒˆãƒ¬ã‚¤,2026-08-17,SORT_BUCKET,CURRENT,,
M010,C-M010-09,ãƒ—ãƒ©ã‚¹ãƒãƒƒã‚¯è£½å®¹å™¨åŒ…è£…,è³‡æºç‰©,,PRIMARY,9,CURBSIDE,ãƒ—ãƒ©ãƒžãƒ¼ã‚¯ä»˜ãå®¹å™¨åŒ…è£…,è£½å“ãƒ—ãƒ©ãƒ»æ±šã‚ŒãŸç‰©,æ±šã‚ŒãŒè½ã¡ã‚‹,ç„¼å´ã”ã¿,ä¸­èº«ã‚’ä½¿ã„åˆ‡ã‚Šæ´—ã†,é€æ˜Žã¾ãŸã¯åŠé€æ˜Žè¢‹,,FALSE,FALSE,FALSE,,FALSE,,S-M010-01,https://www.city.utsunomiya.lg.jp/kurashi/gomi/kateigomi/dashikata/index.html,ãƒ—ãƒ©ã‚¹ãƒãƒƒã‚¯è£½å®¹å™¨åŒ…è£…,2026-08-17,SORT_BUCKET,CURRENT,,
M010,C-M010-10,ç„¼å´ã”ã¿,ç„¼å´ã”ã¿,,PRIMARY,10,CURBSIDE,ç”Ÿã”ã¿ãƒ»æ±šã‚ŒãŸç´™/ãƒ—ãƒ©ãƒ»æœ¨ãƒ»é©ãƒ»ã‚´ãƒ ç­‰,è³‡æºç‰©ãƒ»é‡‘å±žå‰²åˆã®å¤šã„è¤‡åˆç‰©,,ä¸ç‡ƒã”ã¿ç­‰,æ°´åˆ‡ã‚Šãƒ»é•·ã„ç‰©ã‚’è¦å®šå†…ã«ã™ã‚‹,é€æ˜Žã¾ãŸã¯åŠé€æ˜Žè¢‹,50cmæœªæº€ã‚’åŸºæœ¬,FALSE,FALSE,FALSE,,FALSE,,S-M010-01,https://www.city.utsunomiya.lg.jp/kurashi/gomi/kateigomi/dashikata/index.html,ç„¼å´ã”ã¿,2026-08-17,SORT_BUCKET,CURRENT,,
M010,C-M010-11,ä¸ç‡ƒã”ã¿,ä¸ç‡ƒã”ã¿,,PRIMARY,11,CURBSIDE,50cmæœªæº€ã®å®¶é›»ãƒ»é‹ãƒ»é™¶ç£å™¨ãƒ»ã‚¬ãƒ©ã‚¹ãƒ»é‡‘å±žç­‰,å±é™ºã”ã¿ãƒ»ãƒ‘ã‚½ã‚³ãƒ³ãƒ»ç›´æŽ¥æ¬å…¥æŒ‡å®šå“,ç¸¦æ¨ªé«˜ã•50cmæœªæº€,ç²—å¤§ã”ã¿ãƒ»å±é™ºã”ã¿ãƒ»ãƒ¡ãƒ¼ã‚«ãƒ¼å›žåŽ,é›»æ± ã‚’å¤–ã—å‰²ã‚Œç‰©ã‚’åŒ…ã‚€,é€æ˜Žã¾ãŸã¯åŠé€æ˜Žè¢‹,ç¸¦æ¨ªé«˜ã•50cmæœªæº€,FALSE,FALSE,FALSE,,FALSE,,S-M010-01,https://www.city.utsunomiya.lg.jp/kurashi/gomi/kateigomi/dashikata/index.html,ä¸ç‡ƒã”ã¿,2026-08-17,SORT_BUCKET,CURRENT,,
M010,C-M010-12,å±é™ºã”ã¿ï¼ˆé›»æ± é¡žï¼‰,å±é™ºã”ã¿,,PRIMARY,12,CURBSIDE,ä¹¾é›»æ± ãƒ»ãƒœã‚¿ãƒ³é›»æ± ãƒ»å……é›»æ± ãƒ»ãƒ¢ãƒã‚¤ãƒ«ãƒãƒƒãƒ†ãƒªãƒ¼,ä¸€èˆ¬ä¸ç‡ƒç‰©,å®¶åº­ç”¨é›»æ± ,è²©å£²åº—ç­‰,ç«¯å­ã‚’çµ¶ç¸,é€æ˜Žã¾ãŸã¯åŠé€æ˜Žè¢‹ãƒ»æŒ‡å®šå›žåŽæ–¹æ³•,,FALSE,FALSE,FALSE,,FALSE,,S-M010-01,https://www.city.utsunomiya.lg.jp/kurashi/gomi/kateigomi/dashikata/index.html,å±é™ºã”ã¿ï¼ˆé›»æ± é¡žï¼‰,2026-08-17,SORT_BUCKET,CURRENT,,
M010,C-M010-13,å±é™ºã”ã¿ï¼ˆãã®ä»–å±é™ºã”ã¿ï¼‰,å±é™ºã”ã¿,,PRIMARY,13,CURBSIDE,è›å…‰ç®¡ãƒ»é›»çƒãƒ»æ°´éŠ€ä½“æ¸©è¨ˆãƒ»ã‚¹ãƒ—ãƒ¬ãƒ¼ç¼¶ãƒ»ãƒ©ã‚¤ã‚¿ãƒ¼ãƒ»åˆƒç‰©ãƒ»é‡,å‰²ã‚ŒãŸã‚¬ãƒ©ã‚¹ãƒ»æ³¨å°„é‡ãƒ»é›»æ± é¡ž,,ä¸ç‡ƒã”ã¿ãƒ»åŒ»ç™‚æ©Ÿé–¢ãƒ»é›»æ± é¡ž,ä½¿ã„åˆ‡ã‚‹ãƒ»åˆƒã‚’ä¿è­·ãƒ»è›å…‰ç®¡ã‚’ä¿è­·,é€æ˜Žã¾ãŸã¯åŠé€æ˜Žè¢‹ãƒ»ç›´ç®¡è›å…‰ç¯ã¯ç´™ç®±å¯,,FALSE,FALSE,FALSE,,FALSE,,S-M010-01,https://www.city.utsunomiya.lg.jp/kurashi/gomi/kateigomi/dashikata/index.html,å±é™ºã”ã¿ï¼ˆãã®ä»–å±é™ºã”ã¿ï¼‰,2026-08-17,SORT_BUCKET,CURRENT,,
M010,C-M010-14,ç²—å¤§ã”ã¿,ç²—å¤§ã”ã¿,,PRIMARY,14,BOOKED_PICKUP,ç¸¦æ¨ªé«˜ã•ã®ã„ãšã‚Œã‹50cmä»¥ä¸Šã®å®¶åº­ç”¨å“,å®¶é›»4å“ç›®ãƒ»ãƒ‘ã‚½ã‚³ãƒ³ãƒ»å‡¦ç†å›°é›£ç‰©,ã„ãšã‚Œã‹50cmä»¥ä¸Š,ç›´æŽ¥æ¬å…¥ãƒ»ãƒ¡ãƒ¼ã‚«ãƒ¼ç­‰,é›»æ± ãƒ»ç‡ƒæ–™ã‚’å¤–ã™,äºˆç´„åŽé›†ã¯å‡¦ç†åˆ¸,ã„ãšã‚Œã‹50cmä»¥ä¸Š,TRUE,CONDITIONAL,CONDITIONAL,å“ç›®ãƒ»æ¬å…¥æ–¹æ³•ã«ã‚ˆã‚Šæœ‰æ–™,FALSE,,S-M010-01,https://www.city.utsunomiya.lg.jp/kurashi/gomi/kateigomi/dashikata/index.html,ç²—å¤§ã”ã¿,2026-08-17,REFERENCE_ONLY,CURRENT,,
M010,C-M010-15,å¸‚ã§ã¯åŽé›†ã—ãªã„ã”ã¿ãƒ»å‡¦ç†ã§ããªã„ã”ã¿,åŽé›†å¤–,,EXCLUDED,15,NOT_COLLECTED,å®¶é›»4å“ç›®ãƒ»ãƒ‘ã‚½ã‚³ãƒ³ãƒ»å‡¦ç†å›°é›£ç‰©ãƒ»äº‹æ¥­ã”ã¿,é€šå¸¸å®¶åº­ã”ã¿,æ³•å®šãƒªã‚µã‚¤ã‚¯ãƒ«ãƒ»æ–½è¨­å‡¦ç†ä¸å¯,è²©å£²åº—ãƒ»ãƒ¡ãƒ¼ã‚«ãƒ¼ãƒ»å°‚é–€æ¥­è€…,å—å…¥å…ˆã®æŒ‡ç¤ºã«å¾“ã†,ã‚¹ãƒ†ãƒ¼ã‚·ãƒ§ãƒ³ä¸å¯,,FALSE,FALSE,FALSE,,TRUE,,S-M010-04,https://www.city.utsunomiya.lg.jp/kurashi/gomi/kateigomi/dashikata/1004978.html,å¸‚ã§ã¯åŽé›†ã—ãªã„ã”ã¿ãƒ»å‡¦ç†ã§ããªã„ã”ã¿,2026-08-17,EXCLUDED_NOTICE,CURRENT,,
M011,C-M011-01,ç‡ƒãˆã‚‹ã”ã¿,ç‡ƒãˆã‚‹ã”ã¿,,PRIMARY,1,CURBSIDE,ç´™ããšãƒ»ç”Ÿã”ã¿ãƒ»å¸ƒå›£ãƒ»ã‚«ãƒ¼ãƒšãƒƒãƒˆãƒ»æžæœ¨ç­‰,è³‡æºç‰©ãƒ»ä¸ç‡ƒç‰©,,å„å°‚ç”¨åŒºåˆ†,æ°´åˆ‡ã‚Šãƒ»å¸ƒå›£ã‚’å°ã•ãçµæŸãƒ»æžæœ¨ã¯è¦å®šå†…,é€æ˜Žãƒ»åŠé€æ˜Žè¢‹,é•·ã•60cmä»¥å†…ã‚’åŸºæœ¬,FALSE,FALSE,FALSE,,FALSE,,S-M011-02,https://www.town.oizumi.gunma.jp/s024/kurashi/010/010/110/R8-illust-j.pdf,ç‡ƒãˆã‚‹ã”ã¿,2026-08-17,SORT_BUCKET,CURRENT,,
M011,C-M011-02,ç‡ƒãˆãªã„ã”ã¿,ç‡ƒãˆãªã„ã”ã¿,,PRIMARY,2,CURBSIDE,ã‚¬ãƒ©ã‚¹è£½å“ãƒ»é™¶å™¨ãƒ»å°åž‹å®¶é›»ãƒ»å‚˜ãƒ»é‡‘å±žé¡žãƒ»è‡ªè»¢è»Š,è³‡æºç¼¶ã³ã‚“ãƒ»å±é™ºç‰©ãƒ»ç²—å¤§ã”ã¿,1è¾º60cmä»¥å†…,ç²—å¤§ã”ã¿ãƒ»è³‡æºã”ã¿ãƒ»å±é™ºãªç‰©,é›»æ± ã‚’å¤–ã—å‰²ã‚Œç‰©ã‚’åŒ…ã‚€,é€æ˜Žãƒ»åŠé€æ˜Žè¢‹,1è¾º60cmä»¥å†…,FALSE,FALSE,FALSE,,FALSE,,S-M011-02,https://www.town.oizumi.gunma.jp/s024/kurashi/010/010/110/R8-illust-j.pdf,ç‡ƒãˆãªã„ã”ã¿,2026-08-17,SORT_BUCKET,CURRENT,,
M011,C-M011-03,ãƒ—ãƒ©ã‚¹ãƒãƒƒã‚¯è³‡æºï¼ˆå®¹å™¨åŒ…è£…åŠã³ãƒ—ãƒ©ã‚¹ãƒãƒƒã‚¯è£½å“ï¼‰,è³‡æºã”ã¿,,PRIMARY,3,CURBSIDE,ãƒ—ãƒ©ãƒžãƒ¼ã‚¯å®¹å™¨åŒ…è£…ãƒ»100ï¼…ãƒ—ãƒ©è£½å“,æ²¹æ±šã‚Œãƒ»ç•°ç´ æä»˜ããƒ»å±é™ºç‰©,è£½å“ã¯100ï¼…ãƒ—ãƒ©ã§1è¾º30cmæœªæº€,ç‡ƒãˆã‚‹ã”ã¿,æ±šã‚Œã‚’è½ã¨ã™ãƒ»ç•°ç´ æã‚’å¤–ã™,ç°è‰²ã®åŽé›†è¢‹,è£½å“ã¯1è¾º30cmæœªæº€,FALSE,FALSE,FALSE,,FALSE,,S-M011-02,https://www.town.oizumi.gunma.jp/s024/kurashi/010/010/110/R8-illust-j.pdf,ãƒ—ãƒ©ã‚¹ãƒãƒƒã‚¯è³‡æºï¼ˆå®¹å™¨åŒ…è£…åŠã³ãƒ—ãƒ©ã‚¹ãƒãƒƒã‚¯è£½å“ï¼‰,2026-08-17,SORT_BUCKET,CURRENT,,
M011,C-M011-04,ãƒšãƒƒãƒˆãƒœãƒˆãƒ«,è³‡æºã”ã¿,,PRIMARY,4,CURBSIDE,é£²æ–™ç”¨PETãƒœãƒˆãƒ«,ã‚­ãƒ£ãƒƒãƒ—ãƒ»ãƒ©ãƒ™ãƒ«ãƒ»å¯¾è±¡å¤–ç”¨é€”,é£²æ–™ç”¨,ãƒ—ãƒ©ã‚¹ãƒãƒƒã‚¯è³‡æºç­‰,ã‚­ãƒ£ãƒƒãƒ—ã¨ãƒ©ãƒ™ãƒ«ã‚’å¤–ã—ç©ºã«ã™ã‚‹,é’è‰²ã®åŽé›†è¢‹,,FALSE,FALSE,FALSE,,FALSE,,S-M011-02,https://www.town.oizumi.gunma.jp/s024/kurashi/010/010/110/R8-illust-j.pdf,ãƒšãƒƒãƒˆãƒœãƒˆãƒ«,2026-08-17,SORT_BUCKET,CURRENT,,
M011,C-M011-05,ç„¡è‰²é€æ˜Žã³ã‚“,ã‚¬ãƒ©ã‚¹ã³ã‚“,,PRIMARY,5,CURBSIDE,ç„¡è‰²é€æ˜Žã®é£²é£Ÿç”¨ã³ã‚“,å‰²ã‚Œãƒ»æ²¹æ±šã‚Œãƒ»éžé£²é£Ÿç”¨,é£²é£Ÿç”¨,ç‡ƒãˆãªã„ã”ã¿,ã‚­ãƒ£ãƒƒãƒ—ã‚’å¤–ã—ç©ºã«ã™ã‚‹,è‰²åˆ¥ã‚³ãƒ³ãƒ†ãƒŠ,,FALSE,FALSE,FALSE,,FALSE,,S-M011-02,https://www.town.oizumi.gunma.jp/s024/kurashi/010/010/110/R8-illust-j.pdf,ç„¡è‰²é€æ˜Žã³ã‚“,2026-08-17,SORT_BUCKET,CURRENT,,
M011,C-M011-06,èŒ¶è‰²ã³ã‚“,ã‚¬ãƒ©ã‚¹ã³ã‚“,,PRIMARY,6,CURBSIDE,èŒ¶è‰²ã®é£²é£Ÿç”¨ã³ã‚“,å‰²ã‚Œãƒ»æ²¹æ±šã‚Œãƒ»éžé£²é£Ÿç”¨,é£²é£Ÿç”¨,ç‡ƒãˆãªã„ã”ã¿,ã‚­ãƒ£ãƒƒãƒ—ã‚’å¤–ã—ç©ºã«ã™ã‚‹,è‰²åˆ¥ã‚³ãƒ³ãƒ†ãƒŠ,,FALSE,FALSE,FALSE,,FALSE,,S-M011-02,https://www.town.oizumi.gunma.jp/s024/kurashi/010/010/110/R8-illust-j.pdf,èŒ¶è‰²ã³ã‚“,2026-08-17,SORT_BUCKET,CURRENT,,
M011,C-M011-07,ãã®ä»–ã®è‰²ã®ã³ã‚“,ã‚¬ãƒ©ã‚¹ã³ã‚“,,PRIMARY,7,CURBSIDE,ãã®ä»–è‰²ã®é£²é£Ÿç”¨ã³ã‚“,å‰²ã‚Œãƒ»æ²¹æ±šã‚Œãƒ»éžé£²é£Ÿç”¨,é£²é£Ÿç”¨,ç‡ƒãˆãªã„ã”ã¿,ã‚­ãƒ£ãƒƒãƒ—ã‚’å¤–ã—ç©ºã«ã™ã‚‹,è‰²åˆ¥ã‚³ãƒ³ãƒ†ãƒŠ,,FALSE,FALSE,FALSE,,FALSE,,S-M011-02,https://www.town.oizumi.gunma.jp/s024/kurashi/010/010/110/R8-illust-j.pdf,ãã®ä»–ã®è‰²ã®ã³ã‚“,2026-08-17,SORT_BUCKET,CURRENT,,
M011,C-M011-08,ã‚¢ãƒ«ãƒŸç¼¶ãƒ»ã‚¹ãƒãƒ¼ãƒ«ç¼¶,è³‡æºã”ã¿,,PRIMARY,8,CURBSIDE,é£²é£Ÿç”¨ã‚¢ãƒ«ãƒŸãƒ»ã‚¹ãƒãƒ¼ãƒ«ç¼¶,ã‚¹ãƒ—ãƒ¬ãƒ¼ç¼¶ãƒ»æ²¹æ±šã‚Œç¼¶,é£²é£Ÿç”¨,ç‡ƒãˆãªã„ã”ã¿ã¾ãŸã¯å±é™ºãªç‰©,ä¸­ã‚’ç©ºã«ã™ã‚‹,ç·‘è‰²ã®åŽé›†è¢‹,,FALSE,FALSE,FALSE,,FALSE,,S-M011-02,https://www.town.oizumi.gunma.jp/s024/kurashi/010/010/110/R8-illust-j.pdf,ã‚¢ãƒ«ãƒŸç¼¶ãƒ»ã‚¹ãƒãƒ¼ãƒ«ç¼¶,2026-08-17,SORT_BUCKET,CURRENT,,
M011,C-M011-09,ç™½è‰²ãƒˆãƒ¬ã‚¤,è³‡æºã”ã¿,,PRIMARY,9,CURBSIDE,ç™½è‰²ç™ºæ³¡é£Ÿå“ãƒˆãƒ¬ã‚¤,è‰²æŸ„ãƒ»æ±šã‚ŒãŸç‰©,ãƒ‘ãƒªãƒƒã¨å‰²ã‚Œã‚‹ç™ºæ³¡ç´ æ,ç‡ƒãˆã‚‹ã”ã¿,æ´—ã£ã¦ä¹¾ã‹ã™,ç™½è‰²ãƒãƒƒãƒˆ,,FALSE,FALSE,FALSE,,FALSE,,S-M011-02,https://www.town.oizumi.gunma.jp/s024/kurashi/010/010/110/R8-illust-j.pdf,ç™½è‰²ãƒˆãƒ¬ã‚¤,2026-08-17,SORT_BUCKET,CURRENT,,
M011,C-M011-10,ç´™ãƒ‘ãƒƒã‚¯,è³‡æºã”ã¿,,PRIMARY,10,CURBSIDE,ç‰›ä¹³ãƒ»é…’ãƒ»ã‚¸ãƒ¥ãƒ¼ã‚¹ç´™ãƒ‘ãƒƒã‚¯,å†…å´ã‚¢ãƒ«ãƒŸãƒ»æ±šã‚ŒãŸç‰©,,ç‡ƒãˆã‚‹ã”ã¿,æ´—ã£ã¦é–‹ãä¹¾ã‹ã™,é’è‰²ãƒãƒƒãƒˆ,,FALSE,FALSE,FALSE,,FALSE,,S-M011-02,https://www.town.oizumi.gunma.jp/s024/kurashi/010/010/110/R8-illust-j.pdf,ç´™ãƒ‘ãƒƒã‚¯,2026-08-17,SORT_BUCKET,CURRENT,,
M011,C-M011-11,å¤æ–°èžãƒ»å¤é›‘èªŒãƒ»æ®µãƒœãƒ¼ãƒ«ãƒ»å¤å¸ƒãƒ»ãã®ä»–ã®ç´™,è³‡æºã”ã¿,,PRIMARY,11,CURBSIDE,æ–°èžãƒ»é›‘èªŒãƒ»æ®µãƒœãƒ¼ãƒ«ãƒ»ç¶¿ã®å¤å¸ƒãƒ»é›‘ç´™,ç¦å¿Œç´™ãƒ»æ±šã‚Œè‡­ã„ã®å¼·ã„ç‰©,è³‡æºåŒ–å¯èƒ½,ç‡ƒãˆã‚‹ã”ã¿,ç´™ã¯ç´™ã²ã‚‚ã§çµæŸãƒ»é›‘ç´™ã¯ç´™è¢‹ç­‰,çµæŸã¾ãŸã¯é€æ˜Žãƒ»åŠé€æ˜Žè¢‹,,FALSE,FALSE,FALSE,,FALSE,,S-M011-02,https://www.town.oizumi.gunma.jp/s024/kurashi/010/010/110/R8-illust-j.pdf,å¤æ–°èžãƒ»å¤é›‘èªŒãƒ»æ®µãƒœãƒ¼ãƒ«ãƒ»å¤å¸ƒãƒ»ãã®ä»–ã®ç´™,2026-08-17,SORT_BUCKET,CURRENT,,
M011,C-M011-12,å±é™ºãªç‰©,æœ‰å®³ãƒ»å±é™º,,PRIMARY,12,CURBSIDE,è›å…‰ç®¡ãƒ»é›»çƒãƒ»æ°´éŠ€ä½“æ¸©è¨ˆãƒ»ã‚¹ãƒ—ãƒ¬ãƒ¼ç¼¶ãƒ»ãƒ©ã‚¤ã‚¿ãƒ¼ãƒ»ä¹¾é›»æ± ãƒ»å……é›»æ± ,ä¸€èˆ¬ä¸ç‡ƒç‰©,å®¶åº­ç”¨,ç‡ƒãˆãªã„ã”ã¿ç­‰,ã‚¹ãƒ—ãƒ¬ãƒ¼ç¼¶ã¯ä½¿ã„åˆ‡ã‚Šç©´ã‚’é–‹ã‘ãªã„ãƒ»é›»æ± ã¯çµ¶ç¸,æ°´è‰²/ã‚ªãƒ¬ãƒ³ã‚¸è‰²ã‚³ãƒ³ãƒ†ãƒŠ,,FALSE,FALSE,FALSE,,FALSE,,S-M011-02,https://www.town.oizumi.gunma.jp/s024/kurashi/010/010/110/R8-illust-j.pdf,å±é™ºãªç‰©,2026-08-17,SORT_BUCKET,CURRENT,,
M011,C-M011-13,ç²—å¤§ã”ã¿,æ¬å…¥,,PRIMARY,13,DIRECT_HAUL,å®¶å…·ãƒ»ç•³ãƒ»ãƒ™ãƒƒãƒ‰ç­‰,å®¶é›»4å“ç›®ãƒ»å‡¦ç†å›°é›£ç‰©,60cmä»¥ä¸Šãƒ»è»½ãƒˆãƒ©1å°ç¨‹åº¦ã¾ã§,è¨±å¯æ¥­è€…ãƒ»æ³•å®šãƒ«ãƒ¼ãƒˆ,é›»æ± ãƒ»ç‡ƒæ–™ã‚’å¤–ã™,æ–½è¨­ã¸è‡ªå·±æ¬å…¥,60cmä»¥ä¸Š,TRUE,FALSE,CONDITIONAL,å“ç›®ãƒ»æ¬å…¥æ–¹æ³•ã«ã‚ˆã‚Šæœ‰æ–™,FALSE,,S-M011-02,https://www.town.oizumi.gunma.jp/s024/kurashi/010/010/110/R8-illust-j.pdf,ç²—å¤§ã”ã¿,2026-08-17,REFERENCE_ONLY,CURRENT,,
M011,C-M011-14,å‰ªå®šæž,è³‡æºåŒ–æ¬å…¥,,PRIMARY,14,DIRECT_HAUL,é•·ã•60cmä»¥ä¸Š2mä»¥å†…ã®æžæœ¨ãƒ»å¤§é‡ã®æž,æ ¹ãƒ»åœŸä»˜ãç­‰,ç”ºæ¡ˆå†…ã®æ¡ä»¶å†…,ç‡ƒãˆã‚‹ã”ã¿ã¾ãŸã¯å°‚é–€æ¥­è€…,æžä»¥å¤–ã‚’é™¤ã,æŒ‡å®šãƒªã‚µã‚¤ã‚¯ãƒ«æ¥­è€…ã¸è‡ªå·±æ¬å…¥,60cmä»¥ä¸Š2mä»¥å†…,FALSE,FALSE,FALSE,,FALSE,,S-M011-02,https://www.town.oizumi.gunma.jp/s024/kurashi/010/010/110/R8-illust-j.pdf,å‰ªå®šæž,2026-08-17,REFERENCE_ONLY,CURRENT,,
M011,C-M011-15,ã‚¹ãƒ†ãƒ¼ã‚·ãƒ§ãƒ³ã«å‡ºã›ãªã„ã”ã¿,åŽé›†å¤–,,EXCLUDED,15,NOT_COLLECTED,ç²—å¤§ã”ã¿ãƒ»ãƒ‘ã‚½ã‚³ãƒ³ãƒ»å®¶é›»4å“ç›®ãƒ»åœŸçŸ³ãƒ»è¾²æ©Ÿå…·ãƒ»æ¶ˆç«å™¨ãƒ»ãƒãƒƒãƒ†ãƒªãƒ¼ç­‰,é€šå¸¸ã‚¹ãƒ†ãƒ¼ã‚·ãƒ§ãƒ³ã”ã¿,æ³•å®šãƒªã‚µã‚¤ã‚¯ãƒ«ãƒ»å‡¦ç†å›°é›£ãƒ»å¤§åž‹,æ–½è¨­è‡ªå·±æ¬å…¥ãƒ»è²©å£²åº—ãƒ»è¨±å¯æ¥­è€…,å—å…¥å…ˆã®æŒ‡ç¤ºã«å¾“ã†,ã‚¹ãƒ†ãƒ¼ã‚·ãƒ§ãƒ³ä¸å¯,,FALSE,FALSE,FALSE,,TRUE,,S-M011-02,https://www.town.oizumi.gunma.jp/s024/kurashi/010/010/110/R8-illust-j.pdf,ã‚¹ãƒ†ãƒ¼ã‚·ãƒ§ãƒ³ã«å‡ºã›ãªã„ã”ã¿,2026-08-17,EXCLUDED_NOTICE,CURRENT,,
M012,C-M012-01,ç‡ƒã‚„ã›ã‚‹ã”ã¿,ç‡ƒã‚„ã›ã‚‹ã”ã¿,,PRIMARY,1,CURBSIDE,ç”Ÿã”ã¿ãƒ»æ±šã‚ŒãŸç´™ãƒ»é©ãƒ»ã‚´ãƒ ,ã‚¢ãƒ«ãƒŸãƒ›ã‚¤ãƒ«ã€è³‡æºåŒ–ã§ãã‚‹ç´™ãƒ»å¸ƒã€ãã‚Œã„ãªå®¹å™¨åŒ…è£…ãƒ—ãƒ©ã‚¹ãƒãƒƒã‚¯,,ã‚¢ãƒ«ãƒŸãƒ›ã‚¤ãƒ«ã¯ç‡ƒã‚„ã›ãªã„ã”ã¿ã€è³‡æºåŒ–ã§ãã‚‹ç‰©ã¯å„è³‡æºåŒºåˆ†,ç”Ÿã”ã¿ã¯æ°´ã‚’åˆ‡ã‚‹ã€‚æžæœ¨ã¯å¤ªã•5cmä»¥ä¸‹ãƒ»é•·ã•50cmä»¥ä¸‹ã«ã—ã¦ç›´å¾„30cmç¨‹åº¦ã«ã²ã‚‚ã§æŸã­ã‚‹,é»„è‰²ã®å¸‚æŒ‡å®šè¢‹ã«å…¥ã‚Œã€å£ã‚’çµã¶,æžæœ¨ã¯å¤ªã•5cmä»¥ä¸‹ãƒ»é•·ã•50cmä»¥ä¸‹ã€‚æ¿ã¯åŽšã•5cmä»¥ä¸‹ãƒ»é•·ã•50cmä»¥ä¸‹ãƒ»å¹…5cmä»¥ä¸‹,FALSE,FALSE,FALSE,,FALSE,,S-M012-02,https://www.city.satte.lg.jp/material/files/group/14/setumei.pdf,p23 ç‡ƒã‚„ã›ã‚‹ã”ã¿,2026-08-18,SORT_BUCKET,CURRENT,,
M012,C-M012-02,ç‡ƒã‚„ã›ãªã„ã”ã¿,ç‡ƒã‚„ã›ãªã„ã”ã¿,,PRIMARY,2,CURBSIDE,é™¶ç£å™¨ãƒ»ã‚¬ãƒ©ã‚¹ãƒ»å°åž‹é‡‘å±ž,ä¹¾é›»æ± ãƒ»ãƒœã‚¿ãƒ³é›»æ± ã€è›å…‰ç®¡ã€ã‚¹ãƒ—ãƒ¬ãƒ¼ç¼¶ã€50cmä»¥ä¸Šã®ç‰©,,é›»æ± ãƒ»è›å…‰ç®¡ã¯æœ‰å®³ã”ã¿ã€ã‚¹ãƒ—ãƒ¬ãƒ¼ç¼¶ç­‰ã¯å±é™ºã”ã¿ã€50cmä»¥ä¸Šã¯ç²—å¤§ã”ã¿,å‰²ã‚Œç‰©ãƒ»åˆƒç‰©ã¯ç´™ç­‰ã§åŒ…ã¿ã€å±é™ºç‰©ã§ã‚ã‚‹ã“ã¨ã‚’è¡¨ç¤ºã™ã‚‹ã€‚å®¹å™¨ã¯ä¸­èº«ã‚’ç©ºã«ã—ã¦æ‹­ã,é€æ˜Žã¾ãŸã¯åŠé€æ˜Žã®è¢‹ã€‚é»’è¢‹ãƒ»æ®µãƒœãƒ¼ãƒ«ç®±ãƒ»ç´™è¢‹ã¯ä¸å¯,ã„ãšã‚Œã‹ä¸€è¾ºãŒ50cmä»¥ä¸Šã¯ç²—å¤§ã”ã¿,FALSE,FALSE,FALSE,,FALSE,,S-M012-02,https://www.city.satte.lg.jp/material/files/group/14/setumei.pdf,p24 ç‡ƒã‚„ã›ãªã„ã”ã¿,2026-08-18,SORT_BUCKET,CURRENT,,
M012,C-M012-03,æœ‰å®³ã”ã¿,æœ‰å®³ã”ã¿,,PRIMARY,3,CURBSIDE,ä¹¾é›»æ± ãƒ»ãƒœã‚¿ãƒ³é›»æ± ãƒ»è›å…‰ç®¡ãƒ»æ°´éŠ€è£½å“ãƒ»ãƒ¢ãƒã‚¤ãƒ«ãƒãƒƒãƒ†ãƒªãƒ¼,ã‚¹ãƒ—ãƒ¬ãƒ¼ç¼¶ã€ã‚«ã‚»ãƒƒãƒˆã‚¬ã‚¹ãƒœãƒ³ãƒ™ã€ãƒ©ã‚¤ã‚¿ãƒ¼,,è†¨å¼µã—ãŸãƒ¢ãƒã‚¤ãƒ«ãƒãƒƒãƒ†ãƒªãƒ¼ã¯ç’°å¢ƒèª²ã¸ç›´æŽ¥æŒå‚ã€‚å±é™ºã”ã¿å¯¾è±¡ã¯å±é™ºã”ã¿ã¸,å“ç›®ã”ã¨ã«åˆ†ã‘ã‚‹ã€‚è›å…‰ç®¡ã¯ç ´æé˜²æ­¢ã—ã€ãƒ¢ãƒã‚¤ãƒ«ãƒãƒƒãƒ†ãƒªãƒ¼ã¯æ”¾é›»ã—ã¦ç«¯å­ã‚’çµ¶ç¸ã™ã‚‹,å“ç›®ã”ã¨ã«åˆ¥ã®é€æ˜Žã¾ãŸã¯åŠé€æ˜Žè¢‹,è†¨å¼µã—ãŸãƒ¢ãƒã‚¤ãƒ«ãƒãƒƒãƒ†ãƒªãƒ¼ã¯é›†ç©æ‰€ã«å‡ºã•ãªã„,FALSE,FALSE,FALSE,,FALSE,,S-M012-02,https://www.city.satte.lg.jp/material/files/group/14/setumei.pdf,p24 æœ‰å®³ã”ã¿,2026-08-18,SORT_BUCKET,CURRENT,,
M012,C-M012-04,å±é™ºã”ã¿,å±é™ºã”ã¿,,PRIMARY,4,CURBSIDE,ã‚¹ãƒ—ãƒ¬ãƒ¼ç¼¶ãƒ»ã‚«ã‚»ãƒƒãƒˆã‚¬ã‚¹ãƒœãƒ³ãƒ™ãƒ»ãƒ©ã‚¤ã‚¿ãƒ¼,ä¹¾é›»æ± ãƒ»è›å…‰ç®¡ãƒ»ãƒ¢ãƒã‚¤ãƒ«ãƒãƒƒãƒ†ãƒªãƒ¼,,ä¹¾é›»æ± ç­‰ã¯æœ‰å®³ã”ã¿,ã§ãã‚‹ã ã‘ä½¿ã„åˆ‡ã‚‹ã€‚ä½¿ã„åˆ‡ã‚Œãªã„å ´åˆã‚‚ç©´ã¯é–‹ã‘ãªã„,ã‚¹ãƒ—ãƒ¬ãƒ¼ç¼¶ç­‰ã¨ãƒ©ã‚¤ã‚¿ãƒ¼ã‚’ãã‚Œãžã‚Œåˆ¥ã®é€æ˜Žã¾ãŸã¯åŠé€æ˜Žè¢‹,,FALSE,FALSE,FALSE,,FALSE,,S-M012-02,https://www.city.satte.lg.jp/material/files/group/14/setumei.pdf,p25 å±é™ºã”ã¿,2026-08-18,SORT_BUCKET,CURRENT,,
M012,C-M012-05,ç²—å¤§ã”ã¿,ç²—å¤§ã”ã¿,,PRIMARY,5,CURBSIDE,å®¶å…·ãƒ»å¯å…·ãƒ»è‡ªè»¢è»Šãªã©ä¸€è¾º50cmä»¥ä¸Šã®ç‰©,ã‚¹ãƒ—ãƒªãƒ³ã‚°å…¥ã‚Šãƒžãƒƒãƒˆãƒ¬ã‚¹ãƒ»ã‚½ãƒ•ã‚¡ã€å®¶é›»4å“ç›®ã€æžæœ¨ãƒ»ææœ¨,,ã‚¹ãƒ—ãƒªãƒ³ã‚°è£½å“ã¯é‡‘å±žã¨å¸ƒç­‰ã«åˆ†é›¢ã§ããªã‘ã‚Œã°å°‚é–€æ¥­è€…ã€‚å®¶é›»4å“ç›®ã¯è²©å£²åº—ç­‰,è‡ªè»¢è»Šã¯ã€Žã”ã¿ã€ã¨è¡¨ç¤ºã—ã€ã‚¹ãƒˆãƒ¼ãƒ–ç­‰ã¯ç‡ƒæ–™ã‚’æŠœãã€é›»æ± ã¯å¤–ã™,åŽé›†æ—¥ã«ã”ã¿é›†ç©æ‰€ã¸å‡ºã™,ã„ãšã‚Œã‹ä¸€è¾ºãŒ50cmä»¥ä¸Š,TRUE,FALSE,FALSE,,FALSE,,S-M012-02,https://www.city.satte.lg.jp/material/files/group/14/setumei.pdf,p25 ç²—å¤§ã”ã¿,2026-08-18,REFERENCE_ONLY,CURRENT,,
M012,C-M012-06,ãã®ä»–ãƒ—ãƒ©ã‚¹ãƒãƒƒã‚¯,ãã®ä»–ãƒ—ãƒ©ã‚¹ãƒãƒƒã‚¯,,PRIMARY,6,CURBSIDE,ãƒ—ãƒ©ãƒžãƒ¼ã‚¯ã®å®¹å™¨åŒ…è£…ãƒ»ç™ºæ³¡ã‚¹ãƒãƒ­ãƒ¼ãƒ«,ãŠã‚‚ã¡ã‚ƒãƒ»ãƒã‚±ãƒ„ç­‰ã®è£½å“ãƒ—ãƒ©ã‚¹ãƒãƒƒã‚¯ã€åŒ»ç™‚ç³»å»ƒæ£„ç‰©ã€ã‹ã¿ãã‚Š,,è£½å“ãƒ—ãƒ©ã‚¹ãƒãƒƒã‚¯ã¨ã‹ã¿ãã‚Šã¯ç‡ƒã‚„ã›ãªã„ã”ã¿ã€æ±šã‚ŒãŒè½ã¡ãªã„ç‰©ã¯ç‡ƒã‚„ã›ã‚‹ã”ã¿,ä¸­èº«ã‚’ç©ºã«ã—ã€æ±šã‚Œã‚’æ´—ã†ã‹æ‹­ãå–ã£ã¦ä¹¾ã‹ã™,é€æ˜Žã¾ãŸã¯åŠé€æ˜Žè¢‹ã€‚äºŒé‡è¢‹ã¯ä¸å¯,,FALSE,FALSE,FALSE,,FALSE,,S-M012-02,https://www.city.satte.lg.jp/material/files/group/14/setumei.pdf,p26 ãã®ä»–ãƒ—ãƒ©ã‚¹ãƒãƒƒã‚¯,2026-08-18,SORT_BUCKET,CURRENT,,
M012,C-M012-07,ã‹ã‚“,ã‹ã‚“ãƒ»ã³ã‚“ãƒ»ãƒšãƒƒãƒˆãƒœãƒˆãƒ«,,PRIMARY,7,CURBSIDE,é£²é£Ÿç”¨ã‚¢ãƒ«ãƒŸç¼¶ãƒ»ã‚¹ãƒãƒ¼ãƒ«ç¼¶,å¡—æ–™ç¼¶ãƒ»è‡ªå‹•è»Šã‚ªã‚¤ãƒ«ç¼¶ã€åŠ å·¥ã—ãŸç¼¶ã€å†…å®¹ç‰©ãŒæ®‹ã‚‹ç¼¶,,å¡—æ–™ç¼¶ç­‰ã¯ä¸­èº«ã‚’é™¤ã„ã¦ç‡ƒã‚„ã›ãªã„ã”ã¿,ä¸­ã‚’ã™ã™ãŽã€ã¤ã¶ã•ãšã«å‡ºã™,ã‚ªãƒ¬ãƒ³ã‚¸è‰²ã®å›žåŽå®¹å™¨,,FALSE,FALSE,FALSE,,FALSE,,S-M012-02,https://www.city.satte.lg.jp/material/files/group/14/setumei.pdf,p27 ã‹ã‚“ãƒ»ã³ã‚“ãƒ»ãƒšãƒƒãƒˆãƒœãƒˆãƒ«,2026-08-18,SORT_BUCKET,CURRENT,,
M012,C-M012-08,ã³ã‚“,ã‹ã‚“ãƒ»ã³ã‚“ãƒ»ãƒšãƒƒãƒˆãƒœãƒˆãƒ«,,PRIMARY,8,CURBSIDE,é£²é£Ÿç”¨ã³ã‚“,è–¬å“ãƒ»è¾²è–¬ãƒ»åŒ–ç²§å“ç­‰ã®ã³ã‚“ã€å‰²ã‚ŒãŸã³ã‚“ã€å†…å®¹ç‰©ãŒæ®‹ã‚‹ã³ã‚“,,å¯¾è±¡å¤–ã³ã‚“ã¯ä¸­èº«ã‚’é™¤ã„ã¦ç‡ƒã‚„ã›ãªã„ã”ã¿ã€‚ãƒªã‚¿ãƒ¼ãƒŠãƒ–ãƒ«ã³ã‚“ã¯è²©å£²åº—è¿”å´å¯,ãµãŸã‚’å¤–ã—ã¦ä¸­ã‚’ã™ã™ã,é’è‰²ã®å›žåŽå®¹å™¨ã«æ¨ªå‘ãã«å…¥ã‚Œã‚‹,,FALSE,FALSE,FALSE,,FALSE,,S-M012-02,https://www.city.satte.lg.jp/material/files/group/14/setumei.pdf,p27 ã‹ã‚“ãƒ»ã³ã‚“ãƒ»ãƒšãƒƒãƒˆãƒœãƒˆãƒ«,2026-08-18,SORT_BUCKET,CURRENT,,
M012,C-M012-09,ãƒšãƒƒãƒˆãƒœãƒˆãƒ«,ã‹ã‚“ãƒ»ã³ã‚“ãƒ»ãƒšãƒƒãƒˆãƒœãƒˆãƒ«,,PRIMARY,9,CURBSIDE,PETãƒžãƒ¼ã‚¯ã®é£²æ–™ãƒ»é…’ãƒ»èª¿å‘³æ–™ç”¨ãƒœãƒˆãƒ«,PETä»¥å¤–ã®è¡¨ç¤ºã€ç€è‰²ãƒ»å¡—è£…ã—ãŸç‰©ã€æ±šã‚Œãƒ»ä¸­èº«ãƒ»ç•°ç‰©ãŒæ®‹ã‚‹ç‰©,,ä»–ã®ãƒ—ãƒ©è¡¨ç¤ºã¯ãã®ä»–ãƒ—ãƒ©ã‚¹ãƒãƒƒã‚¯ã€å¡—è£…å“ã¯ç‡ƒã‚„ã›ã‚‹ã”ã¿,ã‚­ãƒ£ãƒƒãƒ—ã¨ãƒ©ãƒ™ãƒ«ã‚’å¤–ã—ã€ä¸­ã‚’ã™ã™ã„ã§ã¤ã¶ã™,ãƒšãƒƒãƒˆãƒœãƒˆãƒ«ç”¨ãƒãƒƒãƒˆ,,FALSE,FALSE,FALSE,,FALSE,,S-M012-02,https://www.city.satte.lg.jp/material/files/group/14/setumei.pdf,p27 ã‹ã‚“ãƒ»ã³ã‚“ãƒ»ãƒšãƒƒãƒˆãƒœãƒˆãƒ«,2026-08-18,SORT_BUCKET,CURRENT,,
M012,C-M012-10,æ–°èž,ç´™é¡ž,,PRIMARY,10,CURBSIDE,æ–°èžãƒ»æŠ˜è¾¼åºƒå‘Š,é˜²æ°´ãƒ»æ„Ÿç†±ãƒ»ã‚³ãƒ¼ãƒ†ã‚£ãƒ³ã‚°ç´™ã€æ±šã‚Œãƒ»è‡­ã„ã®ä»˜ã„ãŸç´™,,ãƒªã‚µã‚¤ã‚¯ãƒ«ã§ããªã„ç´™ã¯ç‡ƒã‚„ã›ã‚‹ã”ã¿,æ–°èžã¨æŠ˜è¾¼åºƒå‘Šã‚’ä¸€ç·’ã«ç¨®é¡žåˆ¥ã«ã¾ã¨ã‚ã‚‹,ã‚€ãå‡ºã—ã§ã€ã²ã‚‚ã‚’åæ–‡å­—ã«çµã¶ã€‚ç´™è¢‹ãƒ»ç®±ã¯ä¸å¯,,FALSE,FALSE,FALSE,,FALSE,,S-M012-02,https://www.city.satte.lg.jp/material/files/group/14/setumei.pdf,p28 ç´™é¡ž,2026-08-18,SORT_BUCKET,CURRENT,,
M012,C-M012-11,é›‘èªŒ,ç´™é¡ž,,PRIMARY,11,CURBSIDE,é›‘èªŒãƒ»æ›¸ç±ãƒ»ãƒŽãƒ¼ãƒˆ,é‡‘å…·ä»˜ããƒ•ã‚¡ã‚¤ãƒ«ã€ãƒªã‚µã‚¤ã‚¯ãƒ«ã§ããªã„åŠ å·¥ç´™,,é‡‘å…·ã¯ç‡ƒã‚„ã›ãªã„ã”ã¿ã€ãƒªã‚µã‚¤ã‚¯ãƒ«ã§ããªã„ç´™ã¯ç‡ƒã‚„ã›ã‚‹ã”ã¿,é›‘èªŒãƒ»æ›¸ç±ãƒ»ãƒŽãƒ¼ãƒˆã‚’ç¨®é¡žåˆ¥ã«ã¾ã¨ã‚ã‚‹,ã‚€ãå‡ºã—ã§ã€ã²ã‚‚ã‚’åæ–‡å­—ã«çµã¶ã€‚ç´™è¢‹ãƒ»ç®±ã¯ä¸å¯,,FALSE,FALSE,FALSE,,FALSE,,S-M012-02,https://www.city.satte.lg.jp/material/files/group/14/setumei.pdf,p28 ç´™é¡ž,2026-08-18,SORT_BUCKET,CURRENT,,
M012,C-M012-12,é›‘ãŒã¿,ç´™é¡ž,,PRIMARY,12,CURBSIDE,è“å­ç®±ãƒ»åŒ…è£…ç´™ãƒ»å°ã•ã„ç´™,é˜²æ°´ç´™ãƒ»æ„Ÿç†±ç´™ãƒ»ã‚³ãƒ¼ãƒ†ã‚£ãƒ³ã‚°ç´™ãƒ»æ±šã‚Œã‚„è‡­ã„ã®ä»˜ã„ãŸç´™ãƒ»ã‚·ãƒ¥ãƒ¬ãƒƒãƒ€ãƒ¼ç´™,,å¯¾è±¡å¤–ã®ç´™ã¯ç‡ƒã‚„ã›ã‚‹ã”ã¿,å°ã•ã„ç´™ã¯å°ç­’ã«å…¥ã‚Œã‚‹ã‹é›‘èªŒã«æŒŸã‚€,é›‘èªŒã¨ä¸€ç·’ã«ã‚€ãå‡ºã—ã§ã²ã‚‚ã‚’åæ–‡å­—ã«çµã¶ã€‚ç´™è¢‹ãƒ»ç®±ã¯ä¸å¯,,FALSE,FALSE,FALSE,,FALSE,,S-M012-02,https://www.city.satte.lg.jp/material/files/group/14/setumei.pdf,p28 ç´™é¡ž,2026-08-18,SORT_BUCKET,CURRENT,,
M012,C-M012-13,æ®µãƒœãƒ¼ãƒ«,ç´™é¡ž,,PRIMARY,13,CURBSIDE,æ®µãƒœãƒ¼ãƒ«,æ±šã‚Œãƒ»è‡­ã„ã®ä»˜ã„ãŸæ®µãƒœãƒ¼ãƒ«,,æ±šã‚ŒãŸç‰©ã¯ç‡ƒã‚„ã›ã‚‹ã”ã¿,æŠ˜ã‚ŠãŸãŸã‚“ã§ç¨®é¡žåˆ¥ã«ã¾ã¨ã‚ã‚‹,ã‚€ãå‡ºã—ã§ã€ã²ã‚‚ã‚’åæ–‡å­—ã«çµã¶ã€‚ç´™è¢‹ãƒ»ç®±ã¯ä¸å¯,,FALSE,FALSE,FALSE,,FALSE,,S-M012-02,https://www.city.satte.lg.jp/material/files/group/14/setumei.pdf,p28 ç´™é¡ž,2026-08-18,SORT_BUCKET,CURRENT,,
M012,C-M012-14,ç´™ãƒ‘ãƒƒã‚¯,ç´™é¡ž,,PRIMARY,14,CURBSIDE,é£²æ–™ç”¨ç´™ãƒ‘ãƒƒã‚¯,å†…å´ãŒã‚¢ãƒ«ãƒŸåŠ å·¥ã•ã‚ŒãŸç´™ãƒ‘ãƒƒã‚¯,,å†…å´ã‚¢ãƒ«ãƒŸåŠ å·¥å“ã¯ç‡ƒã‚„ã›ã‚‹ã”ã¿ã€‚æ³¨ãŽå£ç­‰ã®éžç´™éƒ¨åˆ†ã¯åˆ‡ã‚Šé›¢ã—ã¦æè³ªåˆ¥åŒºåˆ†,æ´—ã£ã¦åˆ‡ã‚Šé–‹ãã€ä¹¾ã‹ã™ã€‚ã‚­ãƒ£ãƒƒãƒ—å£ç­‰ã®éžç´™éƒ¨åˆ†ã¯åˆ‡ã‚Šå–ã‚‹,ã‚€ãå‡ºã—ã§ã€ã²ã‚‚ã‚’åæ–‡å­—ã«çµã¶ã€‚ç´™ãƒ‘ãƒƒã‚¯ã¯ç®±åˆ©ç”¨å¯,,FALSE,FALSE,FALSE,,FALSE,,S-M012-02,https://www.city.satte.lg.jp/material/files/group/14/setumei.pdf,p28 ç´™é¡ž,2026-08-18,SORT_BUCKET,CURRENT,,
M012,C-M012-15,å¸ƒé¡ž,å¸ƒé¡ž,,PRIMARY,15,CURBSIDE,è¡£é¡žãƒ»æ¯›å¸ƒãƒ»ã‚¿ã‚ªãƒ«ãƒ»ã‚·ãƒ¼ãƒ„ãƒ»å¸ƒè£½ã‚«ãƒ¼ãƒ†ãƒ³,æ±šã‚Œãƒ»ç ´ã‚Œã®ã‚ã‚‹ç‰©ã€ç¶¿å…¥ã‚Šè£½å“ã€é©è£½å“ã€é®å…‰ã‚«ãƒ¼ãƒ†ãƒ³,,æ±šã‚ŒãŸè¡£é¡žç­‰ã¯ç‡ƒã‚„ã›ã‚‹ã”ã¿ã€‚å¸ƒå›£ãƒ»ã‚«ãƒ¼ãƒšãƒƒãƒˆç­‰ã¨50cmä»¥ä¸Šã®ç‰©ã¯ç²—å¤§ã”ã¿,æ´—æ¿¯ã—ã¦ä¹¾ã‹ã—ã€ãŸãŸã‚€ã€‚ãƒ•ã‚¡ã‚¹ãƒŠãƒ¼ãƒ»ãƒœã‚¿ãƒ³ã¯å¤–ã•ãªã„,é€æ˜Žã¾ãŸã¯åŠé€æ˜Žè¢‹ã€‚é›¨å¤©æ™‚ã¯é¿ã‘ã‚‹,,FALSE,FALSE,FALSE,,FALSE,,S-M012-02,https://www.city.satte.lg.jp/material/files/group/14/setumei.pdf,p28 å¸ƒé¡ž,2026-08-18,SORT_BUCKET,CURRENT,,
M012,C-M012-16,ä½¿ç”¨æ¸ˆå°åž‹å®¶é›»,ä½¿ç”¨æ¸ˆå°åž‹å®¶é›»,,PRIMARY,16,DROP_OFF,å›žåŽãƒœãƒƒã‚¯ã‚¹æŠ•å…¥å£ã«å…¥ã‚‹é›»æ°—ãƒ»é›»æ± å¼å°åž‹å®¶é›»,ãƒ¢ãƒã‚¤ãƒ«ãƒãƒƒãƒ†ãƒªãƒ¼ã€æŠ•å…¥å£ã«å…¥ã‚‰ãªã„ç‰©,,ãƒ¢ãƒã‚¤ãƒ«ãƒãƒƒãƒ†ãƒªãƒ¼ã¯æœ‰å®³ã”ã¿ã€‚å¯¾è±¡å¤–å“ã¯åˆ†åˆ¥æ—©è¦‹è¡¨ã®åŒºåˆ†,å€‹äººæƒ…å ±ã‚’æ¶ˆåŽ»ã—ã€é›»æ± ã‚’å¤–ã™,å¸‚å½¹æ‰€ç­‰ã®å›žåŽãƒœãƒƒã‚¯ã‚¹,,FALSE,FALSE,FALSE,,FALSE,,S-M012-02,https://www.city.satte.lg.jp/material/files/group/14/setumei.pdf,p35 ä½¿ç”¨æ¸ˆå°åž‹å®¶é›»,2026-08-18,REFERENCE_ONLY,CURRENT,,
M012,C-M012-17,å¸‚ã§å‡¦ç†ã§ããªã„ã‚‚ã®,å¸‚ã§å‡¦ç†ã§ããªã„ã‚‚ã®,,EXCLUDED,17,NOT_COLLECTED,å®¶é›»4å“ç›®ãƒ»ãƒ‘ã‚½ã‚³ãƒ³ãƒ»ã‚¹ãƒ—ãƒªãƒ³ã‚°è£½å“ãƒ»è‡ªå‹•è»Šéƒ¨å“ç­‰,ã”ã¿é›†ç©æ‰€ã¸ã®æŽ’å‡º,,è²©å£²åº—ãƒ»ãƒ¡ãƒ¼ã‚«ãƒ¼ãƒ»å°‚é–€æ¥­è€…ã¸ç›¸è«‡,å—å…¥å…ˆã®æŒ‡ç¤ºã«å¾“ã†,é›†ç©æ‰€ã«å‡ºã•ãªã„,,FALSE,FALSE,FALSE,,TRUE,,S-M012-02,https://www.city.satte.lg.jp/material/files/group/14/setumei.pdf,p32 å¸‚ã§å‡¦ç†ã§ããªã„ã‚‚ã®,2026-08-18,EXCLUDED_NOTICE,CURRENT,,
M013,C-M013-01,è³‡æºãƒ—ãƒ©ã‚¹ãƒãƒƒã‚¯,è³‡æº,,PRIMARY,1,CURBSIDE,ãƒ—ãƒ©ã‚¹ãƒãƒƒã‚¯å®¹å™¨åŒ…è£…ãƒ»ãƒ—ãƒ©ã‚¹ãƒãƒƒã‚¯è£½å“,æ±šã‚ŒãŒè½ã¡ãªã„ç‰©ãƒ»å±é™ºç‰©ãƒ»é›»æ± ,åŽŸå‰‡ãƒ—ãƒ©ã‚¹ãƒãƒƒã‚¯ç´ æã§å›žåŽåŸºæº–å†…,æ±šã‚ŒãŒè½ã¡ãªã„ç‰©ã¯å¯ç‡ƒã”ã¿ãƒ»å¤§åž‹ã¯ç²—å¤§ã”ã¿,ä¸­èº«ã‚’ç©ºã«ã—ã¦æ±šã‚Œã‚’è½ã¨ã™ãƒ»é›»æ± ç­‰ã‚’é™¤ã,ä¸­èº«ã®è¦‹ãˆã‚‹è¢‹,ãƒ—ãƒ©ã‚¹ãƒãƒƒã‚¯ã‚±ãƒ¼ã‚¹ç­‰ã¯60cmæœªæº€,FALSE,FALSE,FALSE,,FALSE,ãƒªãƒã‚¦ãƒ ã‚¤ã‚ªãƒ³é›»æ± ç­‰ã‚’æ··å…¥ã—ãªã„,S-M013-03,https://www.city.minato.tokyo.jp/gomigenryou/kurashi/gomi/kate/s-wakekata/plastic.html,è³‡æºãƒ—ãƒ©ã‚¹ãƒãƒƒã‚¯ã®å‡ºã—æ–¹,2026-08-17,SORT_BUCKET,CURRENT,,
M013,C-M013-02,å¤ç´™,è³‡æº,,PRIMARY,2,CURBSIDE,æ–°èžãƒ»é›‘èªŒãƒ»æ®µãƒœãƒ¼ãƒ«ãƒ»ç´™ãƒ‘ãƒƒã‚¯ãƒ»ãã®ä»–å†ç”Ÿå¯èƒ½ç´™,æ±šã‚ŒãŸç´™ãƒ»ç‰¹æ®ŠåŠ å·¥ç´™,å†ç”Ÿå¯èƒ½ãªç´™é¡ž,å¯¾è±¡å¤–ã¯å¯ç‡ƒã”ã¿,å“ç›®åˆ¥ã«åˆ†ã‘ç•°ç‰©ã‚’é™¤ããƒ»ç´™ãƒ‘ãƒƒã‚¯ã¯æ´—ã„ä¹¾ç‡¥,ã²ã‚‚ã§çµæŸã¾ãŸã¯ç´™è¢‹ç­‰ã§ã¾ã¨ã‚ã‚‹,,FALSE,FALSE,FALSE,,FALSE,,S-M013-03,https://www.city.minato.tokyo.jp/gomigenryou/kurashi/gomi/kate/s-wakekata/koshi.html,å¤ç´™ã®å‡ºã—æ–¹,2026-08-17,SORT_BUCKET,CURRENT,,
M013,C-M013-03,ã³ã‚“,è³‡æº,,PRIMARY,3,CURBSIDE,é£²é£Ÿç”¨ã³ã‚“,å‰²ã‚ŒãŸã³ã‚“ãƒ»é£²é£Ÿç”¨ä»¥å¤–ã®ã³ã‚“,é£²é£Ÿç”¨ã§ä¸­ã‚’ã™ã™ã’ã‚‹ã³ã‚“,å¯¾è±¡å¤–ã¯ä¸ç‡ƒã”ã¿ç­‰,ã‚­ãƒ£ãƒƒãƒ—ã‚„ã‚³ãƒ«ã‚¯ãƒ»é‡‘å±žç®”ã‚’å¤–ã—è»½ãã™ã™ã,å°‚ç”¨ã‚³ãƒ³ãƒ†ãƒŠã¾ãŸã¯ä¸­èº«ã®è¦‹ãˆã‚‹è¢‹ãƒ»ã‹ã‚“ã¨åˆ†ã‘ã‚‹,,FALSE,FALSE,FALSE,,FALSE,,S-M013-03,https://www.city.minato.tokyo.jp/gomigenryou/kurashi/gomi/kate/s-wakekata/bin.html,ã³ã‚“ãƒ»ã‹ã‚“ã®å‡ºã—æ–¹,2026-08-17,SORT_BUCKET,CURRENT,,
M013,C-M013-04,ã‹ã‚“,è³‡æº,,PRIMARY,4,CURBSIDE,é£²é£Ÿç”¨ã‹ã‚“,é£²é£Ÿç”¨ä»¥å¤–ã®ã‹ã‚“,é£²é£Ÿç”¨ã§ä¸­ã‚’ã™ã™ã’ã‚‹ã‹ã‚“,å¯¾è±¡å¤–ã¯ä¸ç‡ƒã”ã¿ç­‰,ã‚­ãƒ£ãƒƒãƒ—ç­‰ã‚’å¤–ã—è»½ãã™ã™ãŽã§ãã‚‹ã ã‘ã¤ã¶ã™,å°‚ç”¨ã‚³ãƒ³ãƒ†ãƒŠã¾ãŸã¯ä¸­èº«ã®è¦‹ãˆã‚‹è¢‹ãƒ»ã³ã‚“ã¨åˆ†ã‘ã‚‹,,FALSE,FALSE,FALSE,,FALSE,,S-M013-03,https://www.city.minato.tokyo.jp/gomigenryou/kurashi/gomi/kate/s-wakekata/bin.html,ã³ã‚“ãƒ»ã‹ã‚“ã®å‡ºã—æ–¹,2026-08-17,SORT_BUCKET,CURRENT,,
M013,C-M013-05,ãƒšãƒƒãƒˆãƒœãƒˆãƒ«,è³‡æº,,PRIMARY,5,CURBSIDE,å¯¾è±¡PETãƒœãƒˆãƒ«,ã‚­ãƒ£ãƒƒãƒ—ãƒ»ãƒ©ãƒ™ãƒ«ãƒ»æ±šã‚ŒãŒè½ã¡ãªã„ç‰©,PETå¯¾è±¡å®¹å™¨,ã‚­ãƒ£ãƒƒãƒ—ã¨ãƒ©ãƒ™ãƒ«ã¯è³‡æºãƒ—ãƒ©ã‚¹ãƒãƒƒã‚¯,ã‚­ãƒ£ãƒƒãƒ—ã¨ãƒ©ãƒ™ãƒ«ã‚’å¤–ã—ä¸­ã‚’ã™ã™ã,å°‚ç”¨ãƒãƒƒãƒˆã¾ãŸã¯ä¸­èº«ã®è¦‹ãˆã‚‹è¢‹,,FALSE,FALSE,FALSE,,FALSE,å±é™ºãªé›»æ± ç­‰ã‚’æ··å…¥ã—ãªã„,S-M013-03,https://www.city.minato.tokyo.jp/gomigenryou/2012_03_21.html,ãƒšãƒƒãƒˆãƒœãƒˆãƒ«ã®å‡ºã—æ–¹,2026-08-17,SORT_BUCKET,CURRENT,,
M013,C-M013-06,å¯ç‡ƒã”ã¿,å¯ç‡ƒã”ã¿,,PRIMARY,6,CURBSIDE,ç”Ÿã”ã¿ãƒ»æ±šã‚ŒãŸç´™ãƒ»çš®é©ã‚´ãƒ ãƒ»CDç­‰ãƒ»æ±šã‚ŒãŒè½ã¡ãªã„ãƒ—ãƒ©ãƒ»è¡£é¡žãƒ»ç´™ãŠã‚€ã¤,å†ç”Ÿå¯èƒ½ç´™ãƒ»è³‡æºãƒ—ãƒ©ã‚¹ãƒãƒƒã‚¯,å®¶åº­ã®å¯ç‡ƒç‰©,è©²å½“è³‡æºã¯è³‡æºåŒºåˆ†,æ°´åˆ‡ã‚Šãƒ»é‡‘å±žé™¤åŽ»ãƒ»æ±šç‰©é™¤åŽ»ãƒ»æžã‚’30cmç¨‹åº¦ãƒ»æ²¹ã‚’æŸ“ã¿è¾¼ã¾ã›ã‚‹ã‹å›ºã‚ã‚‹,ãµãŸä»˜ãå®¹å™¨ã¾ãŸã¯ä¸­èº«ã®è¦‹ãˆã‚‹è¢‹ãƒ»æ®µãƒœãƒ¼ãƒ«ç®±ã‚„ç´™è¢‹ä¸å¯,,FALSE,FALSE,FALSE,,FALSE,,S-M013-04,https://www.city.minato.tokyo.jp/gomigenryou/kurashi/gomi/kate/k-wakekata/kanen.html,å¯ç‡ƒã”ã¿,2026-08-17,SORT_BUCKET,CURRENT,,
M013,C-M013-07,ä¸ç‡ƒã”ã¿,ä¸ç‡ƒã”ã¿,,PRIMARY,7,CURBSIDE,ã‚¬ãƒ©ã‚¹ãƒ»é‡‘å±žãƒ»é™¶ç£å™¨ãƒ»å‚˜ãƒ»30cmæœªæº€ã®å°åž‹å®¶é›»,ç²—å¤§ã”ã¿ãƒ»è³‡æºç‰©,åŽŸå‰‡30cmæœªæº€ã®ä¸ç‡ƒç‰©,30cmä»¥ä¸Šã¯ç²—å¤§ã”ã¿,å‰²ã‚Œç‰©ã‚„åˆƒç‰©ã¯åŒ…ã¿ã‚­ã‚±ãƒ³è¡¨ç¤ºãƒ»è›å…‰ç¯ç­‰ã¯ã‚±ãƒ¼ã‚¹ã«å…¥ã‚Œã‚‹,ãµãŸä»˜ãå®¹å™¨ã¾ãŸã¯ä¸­èº«ã®è¦‹ãˆã‚‹è¢‹ãƒ»ç´™è¢‹ã‚„æ®µãƒœãƒ¼ãƒ«ä¸å¯,åŽŸå‰‡30cmæœªæº€,FALSE,FALSE,FALSE,,FALSE,,S-M013-05,https://www.city.minato.tokyo.jp/gomigenryou/kurashi/gomi/kate/k-wakekata/funen.html,ä¸ç‡ƒã”ã¿,2026-08-17,SORT_BUCKET,CURRENT,,
M013,C-M013-08,ç²—å¤§ã”ã¿,ç²—å¤§ã”ã¿,,PRIMARY,8,BOOKED_PICKUP,å®¶å…·ãƒ»å¸ƒå›£ãƒ»æŽƒé™¤æ©Ÿãƒ»ã‚«ãƒ¼ãƒšãƒƒãƒˆç­‰,å®¶é›»4å“ç›®ãƒ»å®¶åº­ç”¨ãƒ‘ã‚½ã‚³ãƒ³,æœ€å¤§è¾º30cmä»¥ä¸Š,60cmæœªæº€ã®ãƒ—ãƒ©ã‚±ãƒ¼ã‚¹ç­‰ã¯è³‡æºãƒ—ãƒ©ã‚¹ãƒãƒƒã‚¯,å¤§ãã•æè³ªã‚’ç¢ºèªã—ã¦äº‹å‰ç”³è¾¼ãƒ»å‡¦ç†åˆ¸è¨˜å…¥è²¼ä»˜,æ¸¯åŒºæœ‰æ–™ç²—å¤§ã”ã¿å‡¦ç†åˆ¸,æœ€å¤§è¾º30cmä»¥ä¸Šãƒ»å…ƒãŒç²—å¤§ãªã‚‰è§£ä½“å¾Œã‚‚ç²—å¤§,TRUE,TRUE,TRUE,å“ç›®åˆ¥æ‰‹æ•°æ–™ãƒ»Aåˆ¸200å††ã¨Båˆ¸300å††,FALSE,,S-M013-06,https://www.city.minato.tokyo.jp/gomigenryou/kurashi/gomi/kate/k-wakekata/sodaigomi.html,ç²—å¤§ã”ã¿ã®åŽé›†,2026-08-17,REFERENCE_ONLY,CURRENT,,
M013,C-M013-09,å¤ç€ãƒ»å°åž‹å®¶é›»ç­‰,æ‹ ç‚¹å›žåŽ,,ALTERNATIVE,9,DROP_OFF,å†ä½¿ç”¨å¯èƒ½ãªå¤ç€ãƒ»å¯¾è±¡å°åž‹å®¶é›»ç­‰,å¯¾è±¡å¤–å“ãƒ»æ±šã‚ŒãŸè¡£é¡ž,æ‹ ç‚¹å›žåŽå¯¾è±¡å“,é€šå¸¸åŒºåˆ†ã¾ãŸã¯å°‚é–€çµŒè·¯,å¤ç€ã¯æ´—æ¿¯ãƒ»å°åž‹å®¶é›»ã¯å€‹äººæƒ…å ±å‰Šé™¤ç­‰,å›žåŽæ‹ ç‚¹ã®å®¹å™¨,æ‹ ç‚¹ã”ã¨ã®æŠ•å…¥å£æ¡ä»¶,FALSE,FALSE,FALSE,,FALSE,é€šå¸¸åŽé›†ã¨ã¯åˆ¥ã®å›žåŽçµŒè·¯,S-M013-01,https://www.city.minato.tokyo.jp/documents/6284/20260604115859.pdf,P22-24 æ‹ ç‚¹å›žåŽ,2026-08-17,REFERENCE_ONLY,CURRENT,,
M013,C-M013-10,åŒºã§åŽé›†ã§ããªã„ã‚‚ã®,åŒºã§åŽé›†ã§ããªã„ã‚‚ã®,,EXCLUDED,10,NOT_COLLECTED,åœŸç ‚ãƒ»çŸ³ãƒ»ãƒ–ãƒ­ãƒƒã‚¯ãƒ»å®¶é›»4å“ç›®ãƒ»å®¶åº­ç”¨ãƒ‘ã‚½ã‚³ãƒ³ãƒ»å±é™ºç‰©ãƒ»æ¶ˆç«å™¨ãƒ»ã‚ªãƒ¼ãƒˆãƒã‚¤,åŒºåŽé›†å¯¾è±¡ã®å®¶åº­ã”ã¿,åŒºãŒåŽé›†ã§ããªã„æŒ‡å®šå“,è²©å£²åº—ãƒ»ãƒ¡ãƒ¼ã‚«ãƒ¼ãƒ»å°‚é–€æ¥­è€…ãƒ»æ³•å®šãƒªã‚µã‚¤ã‚¯ãƒ«çµŒè·¯,å‡¦ç†å…ˆã¸ç›¸è«‡,åŒºåŽé›†å®¹å™¨ä¸å¯,,FALSE,FALSE,CONDITIONAL,å‡¦ç†çµŒè·¯ã«ã‚ˆã‚Šç•°ãªã‚‹,TRUE,,S-M013-07,https://www.city.minato.tokyo.jp/unei/kurashi/gomi/kate/dekinai/,åŒºã§åŽé›†ã§ããªã„ã‚‚ã®,2026-08-17,EXCLUDED_NOTICE,CURRENT,,
M014,C-M014-01,ãƒ—ãƒ©ã‚¹ãƒãƒƒã‚¯,ãƒ—ãƒ©ã‚¹ãƒãƒƒã‚¯,,PRIMARY,1,CURBSIDE,ãƒ—ãƒ©ãƒžãƒ¼ã‚¯å®¹å™¨åŒ…è£…ãƒ»100%ãƒ—ãƒ©ã‚¹ãƒãƒƒã‚¯è£½å“,NOT_STATED_IN_CITED_SOURCE,,æ±šã‚Œã‚„è‡­ã„ãŒè½ã¡ãªã„ç‰©ã¯ç‡ƒã‚„ã™ã”ã¿,æ±šã‚Œã‚’è½ã¨ã™,,è£½å“ãƒ—ãƒ©ã¯æœ€é•·è¾º30cmä»¥ä¸‹,FALSE,FALSE,FALSE,,FALSE,,S-M014-02,https://www.city.sumida.lg.jp/kurashi/gomi_recycle/wakedashi_pamphlet/japanese.files/wakedashi202603.pdf,p3 è³‡æºç‰©ã¨ã”ã¿ã®åˆ†åˆ¥ãƒ•ãƒ­ãƒ¼,2026-08-18,SORT_BUCKET,CURRENT,,
M014,C-M014-02,å¤ç´™,å¤ç´™,,PRIMARY,2,CURBSIDE,æ–°èžãƒ»æ®µãƒœãƒ¼ãƒ«ãƒ»ç´™ãƒ‘ãƒƒã‚¯ãƒ»é›‘èªŒé›‘ãŒã¿,NOT_STATED_IN_CITED_SOURCE,,NOT_STATED_IN_CITED_SOURCE,ç¨®é¡žåˆ¥ã«ã¾ã¨ã‚ã‚‹,ã²ã‚‚çµæŸã¾ãŸã¯ç´™è¢‹,,FALSE,FALSE,FALSE,,FALSE,,S-M014-02,https://www.city.sumida.lg.jp/kurashi/gomi_recycle/wakedashi_pamphlet/japanese.files/wakedashi202603.pdf,p3 è³‡æºç‰©ã¨ã”ã¿ã®åˆ†åˆ¥ãƒ•ãƒ­ãƒ¼,2026-08-18,SORT_BUCKET,CURRENT,,
M014,C-M014-03,ç¼¶,ç¼¶,,PRIMARY,3,CURBSIDE,é£²é£Ÿç”¨ç¼¶,NOT_STATED_IN_CITED_SOURCE,,NOT_STATED_IN_CITED_SOURCE,ä¸­ã‚’ã™ã™ãŽã€ãµãŸãƒ»ãƒ©ãƒ™ãƒ«ç­‰ã‚’å¤–ã™,æŒ‡å®šã‚³ãƒ³ãƒ†ãƒŠãƒ»ãƒãƒƒãƒˆ,,FALSE,FALSE,FALSE,,FALSE,,S-M014-02,https://www.city.sumida.lg.jp/kurashi/gomi_recycle/wakedashi_pamphlet/japanese.files/wakedashi202603.pdf,p3 è³‡æºç‰©ã¨ã”ã¿ã®åˆ†åˆ¥ãƒ•ãƒ­ãƒ¼,2026-08-18,SORT_BUCKET,CURRENT,,
M014,C-M014-04,ã³ã‚“,ã³ã‚“,,PRIMARY,4,CURBSIDE,é£²é£Ÿç”¨ã³ã‚“,NOT_STATED_IN_CITED_SOURCE,,NOT_STATED_IN_CITED_SOURCE,ä¸­ã‚’ã™ã™ãŽã€ãµãŸãƒ»ãƒ©ãƒ™ãƒ«ç­‰ã‚’å¤–ã™,æŒ‡å®šã‚³ãƒ³ãƒ†ãƒŠãƒ»ãƒãƒƒãƒˆ,,FALSE,FALSE,FALSE,,FALSE,,S-M014-02,https://www.city.sumida.lg.jp/kurashi/gomi_recycle/wakedashi_pamphlet/japanese.files/wakedashi202603.pdf,p3 è³‡æºç‰©ã¨ã”ã¿ã®åˆ†åˆ¥ãƒ•ãƒ­ãƒ¼,2026-08-18,SORT_BUCKET,CURRENT,,
M014,C-M014-05,ãƒšãƒƒãƒˆãƒœãƒˆãƒ«,ãƒšãƒƒãƒˆãƒœãƒˆãƒ«,,PRIMARY,5,CURBSIDE,PETãƒžãƒ¼ã‚¯ã®ãƒœãƒˆãƒ«,NOT_STATED_IN_CITED_SOURCE,,NOT_STATED_IN_CITED_SOURCE,ä¸­ã‚’ã™ã™ãŽã€ãµãŸãƒ»ãƒ©ãƒ™ãƒ«ç­‰ã‚’å¤–ã™,æŒ‡å®šã‚³ãƒ³ãƒ†ãƒŠãƒ»ãƒãƒƒãƒˆ,,FALSE,FALSE,FALSE,,FALSE,,S-M014-02,https://www.city.sumida.lg.jp/kurashi/gomi_recycle/wakedashi_pamphlet/japanese.files/wakedashi202603.pdf,p3 è³‡æºç‰©ã¨ã”ã¿ã®åˆ†åˆ¥ãƒ•ãƒ­ãƒ¼,2026-08-18,SORT_BUCKET,CURRENT,,
M014,C-M014-06,æ‹ ç‚¹å›žåŽ,æ‹ ç‚¹å›žåŽ,,PRIMARY,6,DROP_OFF,ä¹¾é›»æ± ãƒ»å°åž‹å®¶é›»ç­‰ã®æŒ‡å®šå“,NOT_STATED_IN_CITED_SOURCE,,NOT_STATED_IN_CITED_SOURCE,NOT_STATED_IN_CITED_SOURCE,æŒ‡å®šå›žåŽç®±,,FALSE,FALSE,FALSE,,FALSE,,S-M014-02,https://www.city.sumida.lg.jp/kurashi/gomi_recycle/wakedashi_pamphlet/japanese.files/wakedashi202603.pdf,p3 æ‹ ç‚¹å›žåŽ,2026-08-18,REFERENCE_ONLY,CURRENT,,
M014,C-M014-07,ã‚¤ãƒ™ãƒ³ãƒˆå›žåŽ,ã‚¤ãƒ™ãƒ³ãƒˆå›žåŽ,,PRIMARY,7,DROP_OFF,å¤ç€ãƒ»å»ƒé£Ÿç”¨æ²¹ç­‰ã®æŒ‡å®šå“,NOT_STATED_IN_CITED_SOURCE,,NOT_STATED_IN_CITED_SOURCE,NOT_STATED_IN_CITED_SOURCE,,,FALSE,FALSE,FALSE,,FALSE,,S-M014-02,https://www.city.sumida.lg.jp/kurashi/gomi_recycle/wakedashi_pamphlet/japanese.files/wakedashi202603.pdf,p3 ã‚¤ãƒ™ãƒ³ãƒˆå›žåŽ,2026-08-18,REFERENCE_ONLY,CURRENT,,
M014,C-M014-08,ç‡ƒã‚„ã™ã”ã¿,ç‡ƒã‚„ã™ã”ã¿,,PRIMARY,8,CURBSIDE,ç”Ÿã”ã¿ãƒ»è³‡æºåŒ–ã§ããªã„ç´™ãƒ»æ±šã‚ŒãŸãƒ—ãƒ©,NOT_STATED_IN_CITED_SOURCE,,NOT_STATED_IN_CITED_SOURCE,ç”Ÿã”ã¿ã¯æ°´åˆ‡ã‚Š,åŠé€æ˜Žè¢‹,,FALSE,FALSE,FALSE,,FALSE,,S-M014-02,https://www.city.sumida.lg.jp/kurashi/gomi_recycle/wakedashi_pamphlet/japanese.files/wakedashi202603.pdf,p3ãƒ»ç‡ƒã‚„ã™ã”ã¿,2026-08-18,SORT_BUCKET,CURRENT,,
M014,C-M014-09,ç‡ƒã‚„ã•ãªã„ã”ã¿,ç‡ƒã‚„ã•ãªã„ã”ã¿,,PRIMARY,9,CURBSIDE,é™¶ç£å™¨ãƒ»ã‚¬ãƒ©ã‚¹ãƒ»é‡‘å±žãƒ»å±é™ºç‰©,NOT_STATED_IN_CITED_SOURCE,,NOT_STATED_IN_CITED_SOURCE,å‰²ã‚Œç‰©ãƒ»åˆƒç‰©ã‚’åŒ…ã¿å±é™ºè¡¨ç¤ºã€ã‚¹ãƒ—ãƒ¬ãƒ¼ç¼¶ã¯ä½¿ã„åˆ‡ã‚‹,åŠé€æ˜Žè¢‹,,FALSE,FALSE,FALSE,,FALSE,,S-M014-02,https://www.city.sumida.lg.jp/kurashi/gomi_recycle/wakedashi_pamphlet/japanese.files/wakedashi202603.pdf,p3ãƒ»ç‡ƒã‚„ã•ãªã„ã”ã¿,2026-08-18,SORT_BUCKET,CURRENT,,
M014,C-M014-10,ç²—å¤§ã”ã¿,ç²—å¤§ã”ã¿,,PRIMARY,10,BOOKED_PICKUP,ä¸€è¾º30cmã‚’è¶…ãˆã‚‹å®¶å…·ãƒ»å¯å…·ç­‰,NOT_STATED_IN_CITED_SOURCE,,NOT_STATED_IN_CITED_SOURCE,NOT_STATED_IN_CITED_SOURCE,,ãŠãŠã‚€ã­ä¸€è¾º30cmè¶…,TRUE,TRUE,TRUE,å“ç›®åˆ¥å‡¦ç†æ‰‹æ•°æ–™,FALSE,,S-M014-02,https://www.city.sumida.lg.jp/kurashi/gomi_recycle/wakedashi_pamphlet/japanese.files/wakedashi202603.pdf,ç²—å¤§ã”ã¿æ¡ˆå†…,2026-08-18,REFERENCE_ONLY,CURRENT,,
M014,C-M014-11,åŒºã§åŽé›†ã§ããªã„ã‚‚ã®,åŒºã§åŽé›†ã§ããªã„ã‚‚ã®,,EXCLUDED,11,NOT_COLLECTED,å®¶é›»4å“ç›®ãƒ»ãƒ‘ã‚½ã‚³ãƒ³ãƒ»å‡¦ç†å›°é›£ç‰©,NOT_STATED_IN_CITED_SOURCE,,è²©å£²åº—ãƒ»ãƒ¡ãƒ¼ã‚«ãƒ¼ãƒ»å°‚é–€æ¥­è€…,å—å…¥å…ˆã®æŒ‡ç¤ºã«å¾“ã†,é›†ç©æ‰€ã«å‡ºã•ãªã„,,FALSE,FALSE,FALSE,,TRUE,,S-M014-02,https://www.city.sumida.lg.jp/kurashi/gomi_recycle/wakedashi_pamphlet/japanese.files/wakedashi202603.pdf,åŒºã§ã¯åŽé›†ã§ããªã„ã‚‚ã®,2026-08-18,EXCLUDED_NOTICE,CURRENT,,
M015,C-M015-01,ç‡ƒã‚„ã™ã”ã¿,ç‡ƒã‚„ã™ã”ã¿,,PRIMARY,1,CURBSIDE,ç”Ÿã”ã¿ãƒ»ç´™ããšãƒ»ã‚´ãƒ ãƒ»é©,NOT_STATED_IN_CITED_SOURCE,,NOT_STATED_IN_CITED_SOURCE,ç”Ÿã”ã¿ã¯æ°´ã‚’åˆ‡ã‚‹,,,FALSE,FALSE,FALSE,,FALSE,,S-M015-02,https://www.city.chuo.lg.jp/documents/5392/1p-27p.pdf,p6 ç‡ƒã‚„ã™ã”ã¿,2026-08-18,SORT_BUCKET,CURRENT,,
M015,C-M015-02,ç‡ƒã‚„ã•ãªã„ã”ã¿,ç‡ƒã‚„ã•ãªã„ã”ã¿,,PRIMARY,2,CURBSIDE,é™¶ç£å™¨ãƒ»ã‚¬ãƒ©ã‚¹ãƒ»é‡‘å±žãƒ»å°åž‹å®¶é›»,NOT_STATED_IN_CITED_SOURCE,,NOT_STATED_IN_CITED_SOURCE,å‰²ã‚Œç‰©ãƒ»åˆƒç‰©ã‚’åŒ…ã¿å±é™ºè¡¨ç¤º,,,FALSE,FALSE,FALSE,,FALSE,,S-M015-02,https://www.city.chuo.lg.jp/documents/5392/1p-27p.pdf,p7 ç‡ƒã‚„ã•ãªã„ã”ã¿,2026-08-18,SORT_BUCKET,CURRENT,,
M015,C-M015-03,ãƒ—ãƒ©ã‚¹ãƒãƒƒã‚¯è£½å®¹å™¨åŒ…è£…,ãƒ—ãƒ©ã‚¹ãƒãƒƒã‚¯è£½å®¹å™¨åŒ…è£…,,PRIMARY,3,CURBSIDE,ãƒ—ãƒ©ãƒžãƒ¼ã‚¯ä»˜ãå®¹å™¨åŒ…è£…,NOT_STATED_IN_CITED_SOURCE,,æ±šã‚ŒãŒè½ã¡ãªã„ç‰©ã¯ç‡ƒã‚„ã™ã”ã¿,ä¸­èº«ã‚’é™¤ãæ±šã‚Œã‚’è½ã¨ã™,,,FALSE,FALSE,FALSE,,FALSE,,S-M015-02,https://www.city.chuo.lg.jp/documents/5392/1p-27p.pdf,p8-9 ãƒ—ãƒ©ã‚¹ãƒãƒƒã‚¯è£½å®¹å™¨åŒ…è£…,2026-08-18,SORT_BUCKET,CURRENT,,
M015,C-M015-04,è³‡æº,è³‡æº,,PRIMARY,4,CURBSIDE,å¤ç´™ãƒ»ã³ã‚“ãƒ»ç¼¶ãƒ»ãƒšãƒƒãƒˆãƒœãƒˆãƒ«ãƒ»é‡‘å±žè£½å“,NOT_STATED_IN_CITED_SOURCE,,NOT_STATED_IN_CITED_SOURCE,NOT_STATED_IN_CITED_SOURCE,,,FALSE,FALSE,FALSE,,FALSE,,S-M015-02,https://www.city.chuo.lg.jp/documents/5392/1p-27p.pdf,p10-11 è³‡æº,2026-08-18,SORT_BUCKET,CURRENT,,
M015,C-M015-05,æ–°èž,è³‡æº,C-M015-04,SUBCATEGORY,5,CURBSIDE,æ–°èžãƒ»æŠ˜è¾¼åºƒå‘Š,NOT_STATED_IN_CITED_SOURCE,,NOT_STATED_IN_CITED_SOURCE,æŠ˜è¾¼åºƒå‘Šã‚’å«ã‚ã¦ã¾ã¨ã‚ã‚‹,ã²ã‚‚ã§åæ–‡å­—ã«æŸã­ã‚‹,,FALSE,FALSE,FALSE,,FALSE,,S-M015-02,https://www.city.chuo.lg.jp/documents/5392/1p-27p.pdf,p10-11 è³‡æºãƒ»æ–°èž,2026-08-18,REFERENCE_ONLY,CURRENT,,
M015,C-M015-06,é›‘èªŒãƒ»é›‘ãŒã¿,è³‡æº,C-M015-04,SUBCATEGORY,6,CURBSIDE,é›‘èªŒãƒ»æ›¸ç±ãƒ»é›‘ãŒã¿,NOT_STATED_IN_CITED_SOURCE,,NOT_STATED_IN_CITED_SOURCE,å°ã•ã„é›‘ãŒã¿ã¯é›‘èªŒã«æŒŸã‚€ã‹ç´™è¢‹ã«å…¥ã‚Œã‚‹,é›‘èªŒã¯ã²ã‚‚ã§åæ–‡å­—ã«æŸã­ã€é›‘ãŒã¿ã¯ç´™è¢‹ã‚‚å¯,,FALSE,FALSE,FALSE,,FALSE,,S-M015-02,https://www.city.chuo.lg.jp/documents/5392/1p-27p.pdf,p10-11 è³‡æºãƒ»é›‘èªŒãƒ»é›‘ãŒã¿,2026-08-18,REFERENCE_ONLY,CURRENT,,
M015,C-M015-07,æ®µãƒœãƒ¼ãƒ«,è³‡æº,C-M015-04,SUBCATEGORY,7,CURBSIDE,æ®µãƒœãƒ¼ãƒ«,NOT_STATED_IN_CITED_SOURCE,,NOT_STATED_IN_CITED_SOURCE,æŠ˜ã‚ŠãŸãŸã‚€,ã²ã‚‚ã§åæ–‡å­—ã«æŸã­ã‚‹,,FALSE,FALSE,FALSE,,FALSE,,S-M015-02,https://www.city.chuo.lg.jp/documents/5392/1p-27p.pdf,p10-11 è³‡æºãƒ»æ®µãƒœãƒ¼ãƒ«,2026-08-18,REFERENCE_ONLY,CURRENT,,
M015,C-M015-08,ç´™ãƒ‘ãƒƒã‚¯,è³‡æº,C-M015-04,SUBCATEGORY,8,CURBSIDE,é£²æ–™ç”¨ç´™ãƒ‘ãƒƒã‚¯,NOT_STATED_IN_CITED_SOURCE,,NOT_STATED_IN_CITED_SOURCE,æ´—ã£ã¦åˆ‡ã‚Šé–‹ãã€ä¹¾ã‹ã™,ã²ã‚‚ã§åæ–‡å­—ã«æŸã­ã‚‹,,FALSE,FALSE,FALSE,,FALSE,,S-M015-02,https://www.city.chuo.lg.jp/documents/5392/1p-27p.pdf,p10-11 è³‡æºãƒ»ç´™ãƒ‘ãƒƒã‚¯,2026-08-18,REFERENCE_ONLY,CURRENT,,
M015,C-M015-09,ãƒšãƒƒãƒˆãƒœãƒˆãƒ«,è³‡æº,C-M015-04,SUBCATEGORY,9,CURBSIDE,PETãƒžãƒ¼ã‚¯ã®ãƒœãƒˆãƒ«,NOT_STATED_IN_CITED_SOURCE,,NOT_STATED_IN_CITED_SOURCE,ã‚­ãƒ£ãƒƒãƒ—ã¨ãƒ©ãƒ™ãƒ«ã‚’å¤–ã—ã€ä¸­ã‚’ã™ã™ã„ã§ã¤ã¶ã™,ãƒšãƒƒãƒˆãƒœãƒˆãƒ«å›žåŽç”¨ãƒãƒƒãƒˆ,,FALSE,FALSE,FALSE,,FALSE,,S-M015-02,https://www.city.chuo.lg.jp/documents/5392/1p-27p.pdf,p10-11 è³‡æºãƒ»ãƒšãƒƒãƒˆãƒœãƒˆãƒ«,2026-08-18,REFERENCE_ONLY,CURRENT,,
M015,C-M015-10,ã³ã‚“,è³‡æº,C-M015-04,SUBCATEGORY,10,CURBSIDE,é£²é£Ÿç”¨ã³ã‚“,NOT_STATED_IN_CITED_SOURCE,,NOT_STATED_IN_CITED_SOURCE,ãµãŸã‚’å¤–ã—ã€ä¸­ã‚’ã™ã™ã,ã³ã‚“ç”¨å›žåŽå®¹å™¨,,FALSE,FALSE,FALSE,,FALSE,,S-M015-02,https://www.city.chuo.lg.jp/documents/5392/1p-27p.pdf,p10-11 è³‡æºãƒ»ã³ã‚“,2026-08-18,REFERENCE_ONLY,CURRENT,,
M015,C-M015-11,ç¼¶,è³‡æº,C-M015-04,SUBCATEGORY,11,CURBSIDE,é£²é£Ÿç”¨ç¼¶,NOT_STATED_IN_CITED_SOURCE,,NOT_STATED_IN_CITED_SOURCE,ä¸­ã‚’ã™ã™ã,ç¼¶ç”¨å›žåŽå®¹å™¨,,FALSE,FALSE,FALSE,,FALSE,,S-M015-02,https://www.city.chuo.lg.jp/documents/5392/1p-27p.pdf,p10-11 è³‡æºãƒ»ç¼¶,2026-08-18,REFERENCE_ONLY,CURRENT,,
M015,C-M015-12,é‡‘å±žè£½ã®ãªã¹ãƒ»ã‚„ã‹ã‚“ãƒ»ãƒ•ãƒ©ã‚¤ãƒ‘ãƒ³,è³‡æº,C-M015-04,SUBCATEGORY,12,CURBSIDE,ãªã¹ãƒ»ã‚„ã‹ã‚“ãƒ»ãƒ•ãƒ©ã‚¤ãƒ‘ãƒ³,NOT_STATED_IN_CITED_SOURCE,,NOT_STATED_IN_CITED_SOURCE,ä¸­èº«ã¨æ±šã‚Œã‚’é™¤ã,è³‡æºå›žåŽå ´æ‰€ã¸ãã®ã¾ã¾å‡ºã™,,FALSE,FALSE,FALSE,,FALSE,,S-M015-02,https://www.city.chuo.lg.jp/documents/5392/1p-27p.pdf,p10-11 è³‡æºãƒ»é‡‘å±žè£½ã®ãªã¹ãƒ»ã‚„ã‹ã‚“ãƒ»ãƒ•ãƒ©ã‚¤ãƒ‘ãƒ³,2026-08-18,REFERENCE_ONLY,CURRENT,,
M015,C-M015-13,ã‚¹ãƒ—ãƒ¬ãƒ¼ç¼¶ãƒ»ã‚«ã‚»ãƒƒãƒˆãƒœãƒ³ãƒ™,è³‡æº,C-M015-04,SUBCATEGORY,13,CURBSIDE,ã‚¹ãƒ—ãƒ¬ãƒ¼ç¼¶ãƒ»ã‚«ã‚»ãƒƒãƒˆãƒœãƒ³ãƒ™,NOT_STATED_IN_CITED_SOURCE,,NOT_STATED_IN_CITED_SOURCE,ä¸­èº«ã‚’ä½¿ã„åˆ‡ã‚Šã€ç©´ã‚’é–‹ã‘ãšã«å‡ºã™,ä»–ã®è³‡æºã¨åˆ†ã‘ã¦å‡ºã™,,FALSE,FALSE,FALSE,,FALSE,,S-M015-02,https://www.city.chuo.lg.jp/documents/5392/1p-27p.pdf,p10-11 è³‡æºãƒ»ã‚¹ãƒ—ãƒ¬ãƒ¼ç¼¶ãƒ»ã‚«ã‚»ãƒƒãƒˆãƒœãƒ³ãƒ™,2026-08-18,REFERENCE_ONLY,CURRENT,,
M015,C-M015-14,æ‹ ç‚¹å›žåŽ,æ‹ ç‚¹å›žåŽ,,PRIMARY,14,DROP_OFF,ç´™ãƒ‘ãƒƒã‚¯ãƒ»é£Ÿå“ãƒˆãƒ¬ã‚¤ãƒ»ä¹¾é›»æ± ãƒ»å¤å¸ƒãƒ»å»ƒé£Ÿç”¨æ²¹ãƒ»è›å…‰ç®¡ãƒ»å°åž‹å®¶é›»,NOT_STATED_IN_CITED_SOURCE,,NOT_STATED_IN_CITED_SOURCE,NOT_STATED_IN_CITED_SOURCE,æŒ‡å®šå›žåŽç®±ãƒ»å®¹å™¨,,FALSE,FALSE,FALSE,,FALSE,,S-M015-02,https://www.city.chuo.lg.jp/documents/5392/1p-27p.pdf,p12-13 æ‹ ç‚¹å›žåŽ,2026-08-18,REFERENCE_ONLY,CURRENT,,
M015,C-M015-15,ç²—å¤§ã”ã¿,ç²—å¤§ã”ã¿,,PRIMARY,15,BOOKED_PICKUP,ä¸€è¾º30cmã‚’è¶…ãˆã‚‹å®¶å…·ãƒ»å¯å…·ç­‰,NOT_STATED_IN_CITED_SOURCE,,NOT_STATED_IN_CITED_SOURCE,NOT_STATED_IN_CITED_SOURCE,,ä¸€è¾º30cmè¶…,TRUE,TRUE,TRUE,å“ç›®åˆ¥å‡¦ç†æ‰‹æ•°æ–™,FALSE,,S-M015-02,https://www.city.chuo.lg.jp/documents/5392/1p-27p.pdf,p14-15 ç²—å¤§ã”ã¿,2026-08-18,REFERENCE_ONLY,CURRENT,,
M015,C-M015-16,åŒºã§åŽé›†ã—ãªã„ã‚‚ã®,åŒºã§åŽé›†ã—ãªã„ã‚‚ã®,,EXCLUDED,16,NOT_COLLECTED,å®¶é›»4å“ç›®ãƒ»ãƒ‘ã‚½ã‚³ãƒ³ãƒ»å‡¦ç†å›°é›£ç‰©,NOT_STATED_IN_CITED_SOURCE,,è²©å£²åº—ãƒ»ãƒ¡ãƒ¼ã‚«ãƒ¼ãƒ»å°‚é–€æ¥­è€…,å—å…¥å…ˆã®æŒ‡ç¤ºã«å¾“ã†,é›†ç©æ‰€ã«å‡ºã•ãªã„,,FALSE,FALSE,FALSE,,TRUE,,S-M015-03,https://www.city.chuo.lg.jp/documents/5392/28p-52p.pdf,åŽé›†ã§ããªã„ã‚‚ã®ãƒ»ãƒ¡ãƒ¼ã‚«ãƒ¼ãƒªã‚µã‚¤ã‚¯ãƒ«,2026-08-18,EXCLUDED_NOTICE,CURRENT,,
M016,C-M016-01,ç‡ƒã›ã‚‹ã”ã¿,ç‡ƒã›ã‚‹ã”ã¿,,PRIMARY,1,CURBSIDE,ç”Ÿã”ã¿ãƒ»ç´™ããšãƒ»æœ¨ããšãƒ»æ±šã‚ŒãŸãƒ—ãƒ©,NOT_STATED_IN_CITED_SOURCE,,NOT_STATED_IN_CITED_SOURCE,ç”Ÿã”ã¿ã¯æ°´åˆ‡ã‚Š,,,FALSE,FALSE,FALSE,,FALSE,,S-M016-02,https://www.city.miura.kanagawa.jp/material/files/group/39/P1-P4.pdf,P1-P4 ç‡ƒã›ã‚‹ã”ã¿,2026-08-18,SORT_BUCKET,CURRENT,,
M016,C-M016-02,ã³ã‚“ãƒ»ç¼¶ã€é‡‘ç‰©é¡ž,ã³ã‚“ãƒ»ç¼¶ã€é‡‘ç‰©é¡ž,,PRIMARY,2,CURBSIDE,é£²é£Ÿç”¨ã³ã‚“ãƒ»ç¼¶ãƒ»é‡‘ç‰©,NOT_STATED_IN_CITED_SOURCE,,NOT_STATED_IN_CITED_SOURCE,ã³ã‚“ãƒ»ç¼¶ã¯ä¸­ã‚’ã™ã™ãŽã€ã³ã‚“ãƒ»ç¼¶ãƒ»é‡‘ç‰©ã‚’åˆ†ã‘ã¦å‡ºã™,,,FALSE,FALSE,FALSE,,FALSE,,S-M016-02,https://www.city.miura.kanagawa.jp/material/files/group/39/P1-P4.pdf,P1-P4 ã³ã‚“ãƒ»ç¼¶ã€é‡‘ç‰©é¡ž,2026-08-18,SORT_BUCKET,CURRENT,,
M016,C-M016-03,ãƒšãƒƒãƒˆãƒœãƒˆãƒ«,ãƒšãƒƒãƒˆãƒœãƒˆãƒ«,,PRIMARY,3,CURBSIDE,PETãƒžãƒ¼ã‚¯ã®ãƒœãƒˆãƒ«,NOT_STATED_IN_CITED_SOURCE,,NOT_STATED_IN_CITED_SOURCE,ã‚­ãƒ£ãƒƒãƒ—ã¨ãƒ©ãƒ™ãƒ«ã‚’å¤–ã—ã™ã™ã,,,FALSE,FALSE,FALSE,,FALSE,,S-M016-03,https://www.city.miura.kanagawa.jp/material/files/group/39/P5-P8.pdf,P5-P8 ãƒšãƒƒãƒˆãƒœãƒˆãƒ«,2026-08-18,SORT_BUCKET,CURRENT,,
M016,C-M016-04,ãƒ—ãƒ©ã‚¹ãƒãƒƒã‚¯è£½å®¹å™¨åŒ…è£…,ãƒ—ãƒ©ã‚¹ãƒãƒƒã‚¯è£½å®¹å™¨åŒ…è£…,,PRIMARY,4,CURBSIDE,ãƒ—ãƒ©ãƒžãƒ¼ã‚¯ä»˜ãå®¹å™¨åŒ…è£…,NOT_STATED_IN_CITED_SOURCE,,NOT_STATED_IN_CITED_SOURCE,ä¸­èº«ã‚’é™¤ãæ±šã‚Œã‚’è½ã¨ã™,,,FALSE,FALSE,FALSE,,FALSE,,S-M016-03,https://www.city.miura.kanagawa.jp/material/files/group/39/P5-P8.pdf,P5-P8 ãƒ—ãƒ©ã‚¹ãƒãƒƒã‚¯è£½å®¹å™¨åŒ…è£…,2026-08-18,SORT_BUCKET,CURRENT,,
M016,C-M016-05,ä¸ç‡ƒã”ã¿,ä¸ç‡ƒã”ã¿,,PRIMARY,5,CURBSIDE,é™¶ç£å™¨ãƒ»ã‚¬ãƒ©ã‚¹ãƒ»å°åž‹ä¸ç‡ƒç‰©,NOT_STATED_IN_CITED_SOURCE,,NOT_STATED_IN_CITED_SOURCE,å‰²ã‚Œç‰©ãƒ»åˆƒç‰©ã‚’åŒ…ã¿å±é™ºè¡¨ç¤º,,,FALSE,FALSE,FALSE,,FALSE,,S-M016-03,https://www.city.miura.kanagawa.jp/material/files/group/39/P5-P8.pdf,P5-P8 ä¸ç‡ƒã”ã¿,2026-08-18,SORT_BUCKET,CURRENT,,
M016,C-M016-06,å¤ç€ãƒ»å¤å¸ƒ,å¤ç€ãƒ»å¤å¸ƒ,,PRIMARY,6,CURBSIDE,è¡£é¡žãƒ»å¤å¸ƒ,NOT_STATED_IN_CITED_SOURCE,,NOT_STATED_IN_CITED_SOURCE,æ´—æ¿¯ã—ä¹¾ã‹ã™,é€æ˜Žè¢‹,,FALSE,FALSE,FALSE,,FALSE,,S-M016-04,https://www.city.miura.kanagawa.jp/material/files/group/39/P9-P12.pdf,P9-P12 å¤ç€ãƒ»å¤å¸ƒ,2026-08-18,SORT_BUCKET,CURRENT,,
M016,C-M016-07,è›å…‰ç®¡é¡ž,è›å…‰ç®¡é¡ž,,PRIMARY,7,CURBSIDE,è›å…‰ç®¡ãƒ»æ°´éŠ€è£½å“,NOT_STATED_IN_CITED_SOURCE,,NOT_STATED_IN_CITED_SOURCE,ç ´æã—ãªã„ã‚ˆã†ä¿è­·,æŒ‡å®šå›žåŽæ–¹æ³•,,FALSE,FALSE,FALSE,,FALSE,,S-M016-04,https://www.city.miura.kanagawa.jp/material/files/group/39/P9-P12.pdf,P9-P12 è›å…‰ç®¡é¡ž,2026-08-18,SORT_BUCKET,CURRENT,,
M016,C-M016-08,ç ´ç •ã§ããªã„ã”ã¿,ç ´ç •ã§ããªã„ã”ã¿,,PRIMARY,8,CURBSIDE,å¤§åž‹é‡‘å±žãƒ»ç ´ç •å›°é›£å“,NOT_STATED_IN_CITED_SOURCE,,NOT_STATED_IN_CITED_SOURCE,å±é™ºéƒ¨åˆ†ã‚’ä¿è­·,,,FALSE,FALSE,FALSE,,FALSE,,S-M016-04,https://www.city.miura.kanagawa.jp/material/files/group/39/P9-P12.pdf,P9-P12 ç ´ç •ã§ããªã„ã”ã¿,2026-08-18,SORT_BUCKET,CURRENT,,
M016,C-M016-09,æžæœ¨ãƒ»è‰è‘‰é¡ž,æžæœ¨ãƒ»è‰è‘‰é¡ž,,PRIMARY,9,CURBSIDE,å‰ªå®šæžãƒ»è‰ãƒ»è‘‰,NOT_STATED_IN_CITED_SOURCE,,NOT_STATED_IN_CITED_SOURCE,åœŸã‚’è½ã¨ã—è¦å®šå¯¸æ³•ã«æŸã­ã‚‹,,,FALSE,FALSE,FALSE,,FALSE,,S-M016-04,https://www.city.miura.kanagawa.jp/material/files/group/39/P9-P12.pdf,P9-P12 æžæœ¨ãƒ»è‰è‘‰é¡ž,2026-08-18,SORT_BUCKET,CURRENT,,
M016,C-M016-10,æ–°èžç´™,å¤ç´™,,PRIMARY,10,CURBSIDE,æ–°èžãƒ»æŠ˜è¾¼åºƒå‘Š,NOT_STATED_IN_CITED_SOURCE,,NOT_STATED_IN_CITED_SOURCE,æŠ˜è¾¼åºƒå‘Šã‚’å«ã‚ã¦ã¾ã¨ã‚ã‚‹,ã²ã‚‚ã§åæ–‡å­—ã«æŸã­ã‚‹,,FALSE,FALSE,FALSE,,FALSE,,S-M016-05,https://www.city.miura.kanagawa.jp/material/files/group/39/P13-P15.pdf,P13-P15 æ–°èžç´™,2026-08-18,SORT_BUCKET,CURRENT,,
M016,C-M016-11,é›‘èªŒ,å¤ç´™,,PRIMARY,11,CURBSIDE,é›‘èªŒãƒ»æ›¸ç±,NOT_STATED_IN_CITED_SOURCE,,NOT_STATED_IN_CITED_SOURCE,ä»˜éŒ²ç­‰ã®ç´™ä»¥å¤–ã‚’å¤–ã™,ã²ã‚‚ã§åæ–‡å­—ã«æŸã­ã‚‹,,FALSE,FALSE,FALSE,,FALSE,,S-M016-05,https://www.city.miura.kanagawa.jp/material/files/group/39/P13-P15.pdf,P13-P15 é›‘èªŒ,2026-08-18,SORT_BUCKET,CURRENT,,
M016,C-M016-12,æ®µãƒœãƒ¼ãƒ«,å¤ç´™,,PRIMARY,12,CURBSIDE,æ®µãƒœãƒ¼ãƒ«,NOT_STATED_IN_CITED_SOURCE,,NOT_STATED_IN_CITED_SOURCE,æŠ˜ã‚ŠãŸãŸã‚€,ã²ã‚‚ã§åæ–‡å­—ã«æŸã­ã‚‹,,FALSE,FALSE,FALSE,,FALSE,,S-M016-05,https://www.city.miura.kanagawa.jp/material/files/group/39/P13-P15.pdf,P13-P15 æ®µãƒœãƒ¼ãƒ«,2026-08-18,SORT_BUCKET,CURRENT,,
M016,C-M016-13,ç´™ãƒ‘ãƒƒã‚¯,å¤ç´™,,PRIMARY,13,CURBSIDE,é£²æ–™ç”¨ç´™ãƒ‘ãƒƒã‚¯,NOT_STATED_IN_CITED_SOURCE,,NOT_STATED_IN_CITED_SOURCE,æ´—ã£ã¦åˆ‡ã‚Šé–‹ãã€ä¹¾ã‹ã™,ã²ã‚‚ã§åæ–‡å­—ã«æŸã­ã‚‹,,FALSE,FALSE,FALSE,,FALSE,,S-M016-05,https://www.city.miura.kanagawa.jp/material/files/group/39/P13-P15.pdf,P13-P15 ç´™ãƒ‘ãƒƒã‚¯,2026-08-18,SORT_BUCKET,CURRENT,,
M016,C-M016-14,ãã®ä»–ã®ç´™,å¤ç´™,,PRIMARY,14,CURBSIDE,é›‘ãŒã¿ãƒ»è“å­ç®±,NOT_STATED_IN_CITED_SOURCE,,NOT_STATED_IN_CITED_SOURCE,ç´™ä»¥å¤–ã®éƒ¨åˆ†ã‚’å¤–ã—ã€å°ã•ã„ç´™ã¯ã¾ã¨ã‚ã‚‹,ç´™è¢‹ã«å…¥ã‚Œã‚‹ã‹é›‘èªŒã«æŒŸã‚“ã§ã²ã‚‚ã§æŸã­ã‚‹,,FALSE,FALSE,FALSE,,FALSE,,S-M016-05,https://www.city.miura.kanagawa.jp/material/files/group/39/P13-P15.pdf,P13-P15 ãã®ä»–ã®ç´™,2026-08-18,SORT_BUCKET,CURRENT,,
M016,C-M016-15,ç²—å¤§ã”ã¿,ç²—å¤§ã”ã¿,,PRIMARY,15,BOOKED_PICKUP,50cmä»¥ä¸Š2mä»¥ä¸‹ã®å®¶å…·ãƒ»å¯å…·ç­‰,NOT_STATED_IN_CITED_SOURCE,,NOT_STATED_IN_CITED_SOURCE,NOT_STATED_IN_CITED_SOURCE,,50cmä»¥ä¸Š2mä»¥ä¸‹,TRUE,TRUE,TRUE,å“ç›®åˆ¥å‡¦ç†æ‰‹æ•°æ–™,FALSE,,S-M016-06,https://www.city.miura.kanagawa.jp/material/files/group/39/P16-P18.pdf,P16-P18 ç²—å¤§ã”ã¿,2026-08-18,REFERENCE_ONLY,CURRENT,,
M016,C-M016-16,ä½¿ç”¨æ¸ˆå°åž‹å®¶é›»,ä½¿ç”¨æ¸ˆå°åž‹å®¶é›»,,PRIMARY,16,DROP_OFF,å›žåŽãƒœãƒƒã‚¯ã‚¹å¯¾è±¡ã®å°åž‹å®¶é›»,NOT_STATED_IN_CITED_SOURCE,,NOT_STATED_IN_CITED_SOURCE,å€‹äººæƒ…å ±ã‚’æ¶ˆåŽ»ã—é›»æ± ã‚’å¤–ã™,å›žåŽãƒœãƒƒã‚¯ã‚¹,,FALSE,FALSE,FALSE,,FALSE,,S-M016-06,https://www.city.miura.kanagawa.jp/material/files/group/39/P16-P18.pdf,P16-P18 ä½¿ç”¨æ¸ˆå°åž‹å®¶é›»,2026-08-18,REFERENCE_ONLY,CURRENT,,
M016,C-M016-17,ä¹¾é›»æ± ,ä¹¾é›»æ± ,,PRIMARY,17,CURBSIDE,ä¹¾é›»æ± ,NOT_STATED_IN_CITED_SOURCE,,NOT_STATED_IN_CITED_SOURCE,ç«¯å­ã‚’çµ¶ç¸,æŒ‡å®šå›žåŽå®¹å™¨,,FALSE,FALSE,FALSE,,FALSE,,S-M016-06,https://www.city.miura.kanagawa.jp/material/files/group/39/P16-P18.pdf,P16-P18 ä¹¾é›»æ± ,2026-08-18,SORT_BUCKET,CURRENT,,
M016,C-M016-18,å¸‚ã§åŽé›†ãƒ»å‡¦ç†ã§ããªã„ã”ã¿,å¸‚ã§åŽé›†ãƒ»å‡¦ç†ã§ããªã„ã”ã¿,,EXCLUDED,18,NOT_COLLECTED,å®¶é›»4å“ç›®ãƒ»ãƒ‘ã‚½ã‚³ãƒ³ãƒ»å‡¦ç†å›°é›£ç‰©,NOT_STATED_IN_CITED_SOURCE,,è²©å£²åº—ãƒ»ãƒ¡ãƒ¼ã‚«ãƒ¼ãƒ»å°‚é–€æ¥­è€…,å—å…¥å…ˆã®æŒ‡ç¤ºã«å¾“ã†,é›†ç©æ‰€ã«å‡ºã•ãªã„,,FALSE,FALSE,FALSE,,TRUE,,S-M016-07,https://www.city.miura.kanagawa.jp/material/files/group/39/P19-P21.pdf,P19-P21 å¸‚ã§åŽé›†ãƒ»å‡¦ç†ã§ããªã„ã”ã¿,2026-08-18,EXCLUDED_NOTICE,CURRENT,,
M017,C-M017-01,ç‡ƒã‚„ã™ã”ã¿,ç‡ƒã‚„ã™ã”ã¿,,PRIMARY,1,CURBSIDE,ç”Ÿã”ã¿ãƒ»ç´™ããšãƒ»é©ãƒ»ã‚´ãƒ ,è³‡æºåŒ–ã§ãã‚‹ç´™ãƒ»å®¹å™¨åŒ…è£…ã€ç‡ƒã‚„ã•ãªã„ã”ã¿å¯¾è±¡å“,,æè³ªãƒ»çŠ¶æ…‹ã«å¿œã˜ã¦è³‡æºåŒºåˆ†ã¾ãŸã¯ç‡ƒã‚„ã•ãªã„ã”ã¿,ç”Ÿã”ã¿ã¯ååˆ†ã«æ°´ã‚’åˆ‡ã‚‹,æ–°æ½Ÿå¸‚æŒ‡å®šè¢‹,,FALSE,FALSE,TRUE,æŒ‡å®šè¢‹æ–™é‡‘,FALSE,,S-M017-02,https://www.city.niigata.lg.jp/kurashi/gomi/gomishigen/gomidasi/gomi_calemder/index.html,ç‡ƒã‚„ã™ã”ã¿ è¦‹å‡ºã—,2026-08-18,SORT_BUCKET,CURRENT,,
M017,C-M017-02,ç‡ƒã‚„ã•ãªã„ã”ã¿,ç‡ƒã‚„ã•ãªã„ã”ã¿,,PRIMARY,2,CURBSIDE,é™¶ç£å™¨ãƒ»ã‚¬ãƒ©ã‚¹ãƒ»é‡‘å±žãƒ»å°åž‹å®¶é›»,ç‰¹å®š5å“ç›®ã€æŒ‡å®šè¢‹ã«å…¥ã‚‰ãªã„å¤§åž‹å“,,ç‰¹å®š5å“ç›®ã¯å°‚ç”¨åŒºåˆ†ã€æŒ‡å®šè¢‹ã«å…¥ã‚‰ãªã„ç‰©ã¯ç²—å¤§ã”ã¿,å‰²ã‚Œç‰©ãƒ»åˆƒç‰©ã¯ç´™ç­‰ã§åŒ…ã¿ã€å±é™ºè¡¨ç¤ºã™ã‚‹,æ–°æ½Ÿå¸‚æŒ‡å®šè¢‹,,FALSE,FALSE,TRUE,æŒ‡å®šè¢‹æ–™é‡‘,FALSE,,S-M017-02,https://www.city.niigata.lg.jp/kurashi/gomi/gomishigen/gomidasi/gomi_calemder/index.html,ç‡ƒã‚„ã•ãªã„ã”ã¿ è¦‹å‡ºã—,2026-08-18,SORT_BUCKET,CURRENT,,
M017,C-M017-03,ç²—å¤§ã”ã¿,ç²—å¤§ã”ã¿,,PRIMARY,3,BOOKED_PICKUP,æŒ‡å®šè¢‹ã«å…¥ã‚‰ãªã„å¤§åž‹å“,NOT_STATED_IN_CITED_SOURCE,,NOT_STATED_IN_CITED_SOURCE,NOT_STATED_IN_CITED_SOURCE,,,TRUE,TRUE,TRUE,å“ç›®åˆ¥å‡¦ç†åˆ¸,FALSE,,S-M017-02,https://www.city.niigata.lg.jp/kurashi/gomi/gomishigen/gomidasi/gomi_calemder/index.html,ç²—å¤§ã”ã¿ è¦‹å‡ºã—,2026-08-18,REFERENCE_ONLY,CURRENT,,
M017,C-M017-04,ãƒ—ãƒ©ãƒžãƒ¼ã‚¯å®¹å™¨åŒ…è£…,ãƒ—ãƒ©ãƒžãƒ¼ã‚¯å®¹å™¨åŒ…è£…,,PRIMARY,4,CURBSIDE,ãƒ—ãƒ©ãƒžãƒ¼ã‚¯ä»˜ãå®¹å™¨åŒ…è£…,NOT_STATED_IN_CITED_SOURCE,,NOT_STATED_IN_CITED_SOURCE,ä¸­èº«ã‚’ä½¿ã„åˆ‡ã‚Šã€æ±šã‚Œã‚’è½ã¨ã™,é€æ˜Žã¾ãŸã¯åŠé€æ˜Žè¢‹,,FALSE,FALSE,FALSE,,FALSE,,S-M017-02,https://www.city.niigata.lg.jp/kurashi/gomi/gomishigen/gomidasi/gomi_calemder/index.html,è³‡æºãƒ»ãƒ—ãƒ©ãƒžãƒ¼ã‚¯å®¹å™¨åŒ…è£…,2026-08-18,SORT_BUCKET,CURRENT,,
M017,C-M017-05,ãƒšãƒƒãƒˆãƒœãƒˆãƒ«,ãƒšãƒƒãƒˆãƒœãƒˆãƒ«,,PRIMARY,5,CURBSIDE,PETãƒžãƒ¼ã‚¯ã®ãƒœãƒˆãƒ«,NOT_STATED_IN_CITED_SOURCE,,NOT_STATED_IN_CITED_SOURCE,ã‚­ãƒ£ãƒƒãƒ—ã¨ãƒ©ãƒ™ãƒ«ã‚’å¤–ã—ã€ä¸­ã‚’ã™ã™ã,é€æ˜Žã¾ãŸã¯åŠé€æ˜Žè¢‹,,FALSE,FALSE,FALSE,,FALSE,,S-M017-02,https://www.city.niigata.lg.jp/kurashi/gomi/gomishigen/gomidasi/gomi_calemder/index.html,è³‡æºãƒ»ãƒšãƒƒãƒˆãƒœãƒˆãƒ«,2026-08-18,SORT_BUCKET,CURRENT,,
M017,C-M017-06,é£²é£Ÿç”¨ãƒ»åŒ–ç²§å“ã³ã‚“,é£²é£Ÿç”¨ãƒ»åŒ–ç²§å“ã³ã‚“,,PRIMARY,6,CURBSIDE,é£²é£Ÿç”¨ãƒ»åŒ–ç²§å“ã³ã‚“,NOT_STATED_IN_CITED_SOURCE,,NOT_STATED_IN_CITED_SOURCE,ãµãŸã‚’å¤–ã—ã€ä¸­ã‚’ã™ã™ã,ã³ã‚“ç”¨ã‚³ãƒ³ãƒ†ãƒŠ,,FALSE,FALSE,FALSE,,FALSE,,S-M017-02,https://www.city.niigata.lg.jp/kurashi/gomi/gomishigen/gomidasi/gomi_calemder/index.html,è³‡æºãƒ»é£²é£Ÿç”¨ãƒ»åŒ–ç²§å“ã³ã‚“,2026-08-18,SORT_BUCKET,CURRENT,,
M017,C-M017-07,é£²é£Ÿç”¨ç¼¶,é£²é£Ÿç”¨ç¼¶,,PRIMARY,7,CURBSIDE,é£²é£Ÿç”¨ã‚¢ãƒ«ãƒŸç¼¶ãƒ»ã‚¹ãƒãƒ¼ãƒ«ç¼¶,NOT_STATED_IN_CITED_SOURCE,,NOT_STATED_IN_CITED_SOURCE,ä¸­ã‚’ã™ã™ã,é€æ˜Žã¾ãŸã¯åŠé€æ˜Žè¢‹,,FALSE,FALSE,FALSE,,FALSE,,S-M017-02,https://www.city.niigata.lg.jp/kurashi/gomi/gomishigen/gomidasi/gomi_calemder/index.html,è³‡æºãƒ»é£²é£Ÿç”¨ç¼¶,2026-08-18,SORT_BUCKET,CURRENT,,
M017,C-M017-08,æžè‘‰ãƒ»è‰,æžè‘‰ãƒ»è‰,,PRIMARY,8,CURBSIDE,å‰ªå®šæžãƒ»è‘‰ãƒ»è‰,NOT_STATED_IN_CITED_SOURCE,,NOT_STATED_IN_CITED_SOURCE,åœŸã‚’è½ã¨ã—ã€æžã¨è‘‰ãƒ»è‰ã‚’åˆ†ã‘ã‚‹,æžã¯ã²ã‚‚ã§æŸã­ã€è‘‰ãƒ»è‰ã¯é€æ˜Žã¾ãŸã¯åŠé€æ˜Žè¢‹,,FALSE,FALSE,FALSE,,FALSE,,S-M017-02,https://www.city.niigata.lg.jp/kurashi/gomi/gomishigen/gomidasi/gomi_calemder/index.html,è³‡æºãƒ»æžè‘‰ãƒ»è‰,2026-08-18,SORT_BUCKET,CURRENT,,
M017,C-M017-09,ç‰¹å®š5å“ç›®,ç‰¹å®š5å“ç›®,,PRIMARY,9,CURBSIDE,ä¹¾é›»æ± ãƒ»è›å…‰ç®¡ãƒ»æ°´éŠ€ä½“æ¸©è¨ˆãƒ»ãƒ©ã‚¤ã‚¿ãƒ¼ãƒ»ã‚¹ãƒ—ãƒ¬ãƒ¼ç¼¶,NOT_STATED_IN_CITED_SOURCE,,NOT_STATED_IN_CITED_SOURCE,è›å…‰ç®¡ã¯ç ´æé˜²æ­¢ã—ã€ãƒ©ã‚¤ã‚¿ãƒ¼ãƒ»ã‚¹ãƒ—ãƒ¬ãƒ¼ç¼¶ã¯ä½¿ã„åˆ‡ã‚‹,å“ç›®ã”ã¨ã«é€æ˜Žã¾ãŸã¯åŠé€æ˜Žè¢‹,,FALSE,FALSE,FALSE,,FALSE,,S-M017-02,https://www.city.niigata.lg.jp/kurashi/gomi/gomishigen/gomidasi/gomi_calemder/index.html,è³‡æºãƒ»ç‰¹å®š5å“ç›®,2026-08-18,SORT_BUCKET,CURRENT,,
M017,C-M017-10,å¤ç´™é¡ž,å¤ç´™é¡ž,,PRIMARY,10,CURBSIDE,æ–°èžãƒ»é›‘èªŒé›‘ãŒã¿ãƒ»æ®µãƒœãƒ¼ãƒ«ãƒ»ç´™ãƒ‘ãƒƒã‚¯,NOT_STATED_IN_CITED_SOURCE,,NOT_STATED_IN_CITED_SOURCE,ç¨®é¡žåˆ¥ã«ã¾ã¨ã‚ã‚‹,ã²ã‚‚çµæŸã¾ãŸã¯ç´™è¢‹,,FALSE,FALSE,FALSE,,FALSE,,S-M017-02,https://www.city.niigata.lg.jp/kurashi/gomi/gomishigen/gomidasi/gomi_calemder/index.html,è³‡æºãƒ»å¤ç´™é¡ž,2026-08-18,SORT_BUCKET,CURRENT,,
M017,C-M017-11,æ–°èž,å¤ç´™é¡ž,C-M017-10,SUBCATEGORY,11,CURBSIDE,æ–°èžãƒ»æŠ˜è¾¼åºƒå‘Š,NOT_STATED_IN_CITED_SOURCE,,NOT_STATED_IN_CITED_SOURCE,æŠ˜è¾¼åºƒå‘Šã‚’å«ã‚ã¦ã¾ã¨ã‚ã‚‹,ã²ã‚‚ã§åæ–‡å­—ã«æŸã­ã‚‹,,FALSE,FALSE,FALSE,,FALSE,,S-M017-02,https://www.city.niigata.lg.jp/kurashi/gomi/gomishigen/gomidasi/gomi_calemder/index.html,å¤ç´™é¡žãƒ»æ–°èž,2026-08-18,REFERENCE_ONLY,CURRENT,,
M017,C-M017-12,é›‘èªŒãƒ»é›‘ãŒã¿,å¤ç´™é¡ž,C-M017-10,SUBCATEGORY,12,CURBSIDE,é›‘èªŒãƒ»æ›¸ç±ãƒ»é›‘ãŒã¿,NOT_STATED_IN_CITED_SOURCE,,NOT_STATED_IN_CITED_SOURCE,ç´™ä»¥å¤–ã‚’å¤–ã—ã€å°ã•ã„ç´™ã‚’ã¾ã¨ã‚ã‚‹,é›‘èªŒã¯ã²ã‚‚ã§æŸã­ã€é›‘ãŒã¿ã¯ç´™è¢‹ã‚‚å¯,,FALSE,FALSE,FALSE,,FALSE,,S-M017-02,https://www.city.niigata.lg.jp/kurashi/gomi/gomishigen/gomidasi/gomi_calemder/index.html,å¤ç´™é¡žãƒ»é›‘èªŒãƒ»é›‘ãŒã¿,2026-08-18,REFERENCE_ONLY,CURRENT,,
M017,C-M017-13,æ®µãƒœãƒ¼ãƒ«,å¤ç´™é¡ž,C-M017-10,SUBCATEGORY,13,CURBSIDE,æ®µãƒœãƒ¼ãƒ«,NOT_STATED_IN_CITED_SOURCE,,NOT_STATED_IN_CITED_SOURCE,æŠ˜ã‚ŠãŸãŸã‚€,ã²ã‚‚ã§åæ–‡å­—ã«æŸã­ã‚‹,,FALSE,FALSE,FALSE,,FALSE,,S-M017-02,https://www.city.niigata.lg.jp/kurashi/gomi/gomishigen/gomidasi/gomi_calemder/index.html,å¤ç´™é¡žãƒ»æ®µãƒœãƒ¼ãƒ«,2026-08-18,REFERENCE_ONLY,CURRENT,,
M017,C-M017-14,ç´™ãƒ‘ãƒƒã‚¯,å¤ç´™é¡ž,C-M017-10,SUBCATEGORY,14,CURBSIDE,é£²æ–™ç”¨ç´™ãƒ‘ãƒƒã‚¯,NOT_STATED_IN_CITED_SOURCE,,NOT_STATED_IN_CITED_SOURCE,æ´—ã£ã¦åˆ‡ã‚Šé–‹ãã€ä¹¾ã‹ã™,ã²ã‚‚ã§åæ–‡å­—ã«æŸã­ã‚‹,,FALSE,FALSE,FALSE,,FALSE,,S-M017-02,https://www.city.niigata.lg.jp/kurashi/gomi/gomishigen/gomidasi/gomi_calemder/index.html,å¤ç´™é¡žãƒ»ç´™ãƒ‘ãƒƒã‚¯,2026-08-18,REFERENCE_ONLY,CURRENT,,
M017,C-M017-15,å¸‚ã§åŽé›†ãƒ»å‡¦ç†ã—ãªã„ã”ã¿,å¸‚ã§åŽé›†ãƒ»å‡¦ç†ã—ãªã„ã”ã¿,,EXCLUDED,15,NOT_COLLECTED,å®¶é›»4å“ç›®ãƒ»ãƒ‘ã‚½ã‚³ãƒ³ãƒ»å‡¦ç†å›°é›£ç‰©,NOT_STATED_IN_CITED_SOURCE,,è²©å£²åº—ãƒ»ãƒ¡ãƒ¼ã‚«ãƒ¼ãƒ»å°‚é–€æ¥­è€…,å—å…¥å…ˆã®æŒ‡ç¤ºã«å¾“ã†,é›†ç©æ‰€ã«å‡ºã•ãªã„,,FALSE,FALSE,FALSE,,TRUE,,S-M017-02,https://www.city.niigata.lg.jp/kurashi/gomi/gomishigen/gomidasi/gomi_calemder/index.html,å¸‚ã§åŽé›†ãƒ»å‡¦ç†ã—ãªã„ã”ã¿,2026-08-18,EXCLUDED_NOTICE,CURRENT,,
M018,C-M018-01,å¯ç‡ƒã”ã¿,å¯ç‡ƒã”ã¿,,PRIMARY,1,CURBSIDE,ç”Ÿã”ã¿ãƒ»ç´™ããšãƒ»é©ãƒ»ã‚´ãƒ ,NOT_STATED_IN_CITED_SOURCE,,NOT_STATED_IN_CITED_SOURCE,ç”Ÿã”ã¿ã¯æ°´ã‚’åˆ‡ã‚‹,,,FALSE,FALSE,FALSE,,FALSE,,S-M018-01,https://www.city.mizuho.lg.jp/1750.htm,å¯ç‡ƒã”ã¿ã®åˆ†ã‘æ–¹ãƒ»å‡ºã—æ–¹,2026-08-18,SORT_BUCKET,CURRENT,,
M018,C-M018-02,ã‚ãã³ã‚“,ã‚ãã³ã‚“,,PRIMARY,2,CURBSIDE,é£²é£Ÿç”¨ã³ã‚“,NOT_STATED_IN_CITED_SOURCE,,NOT_STATED_IN_CITED_SOURCE,ãµãŸã‚’å¤–ã—ã€ä¸­ã‚’ã™ã™ã,,,FALSE,FALSE,FALSE,,FALSE,,S-M018-01,https://www.city.mizuho.lg.jp/1750.htm,ã‚ãã³ã‚“ã®åˆ†ã‘æ–¹ãƒ»å‡ºã—æ–¹,2026-08-18,SORT_BUCKET,CURRENT,,
M018,C-M018-03,é™¶ç£å™¨é¡žãƒ»ã‚¬ãƒ©ã‚¹é¡ž,é™¶ç£å™¨é¡žãƒ»ã‚¬ãƒ©ã‚¹é¡ž,,PRIMARY,3,CURBSIDE,é™¶ç£å™¨ãƒ»ã‚¬ãƒ©ã‚¹è£½å“,NOT_STATED_IN_CITED_SOURCE,,NOT_STATED_IN_CITED_SOURCE,å‰²ã‚Œç‰©ã¯ç´™ç­‰ã§åŒ…ã¿å±é™ºè¡¨ç¤ºã™ã‚‹,,,FALSE,FALSE,FALSE,,FALSE,,S-M018-01,https://www.city.mizuho.lg.jp/1750.htm,é™¶ç£å™¨é¡žãƒ»ã‚¬ãƒ©ã‚¹é¡žã®åˆ†ã‘æ–¹ãƒ»å‡ºã—æ–¹,2026-08-18,SORT_BUCKET,CURRENT,,
M018,C-M018-04,ãƒšãƒƒãƒˆãƒœãƒˆãƒ«,ãƒšãƒƒãƒˆãƒœãƒˆãƒ«,,PRIMARY,4,CURBSIDE,PETãƒžãƒ¼ã‚¯ã®ãƒœãƒˆãƒ«,NOT_STATED_IN_CITED_SOURCE,,NOT_STATED_IN_CITED_SOURCE,ã‚­ãƒ£ãƒƒãƒ—ã¨ãƒ©ãƒ™ãƒ«ã‚’å¤–ã—ã€ä¸­ã‚’ã™ã™ã,,,FALSE,FALSE,FALSE,,FALSE,,S-M018-01,https://www.city.mizuho.lg.jp/1750.htm,ãƒšãƒƒãƒˆãƒœãƒˆãƒ«ã®åˆ†ã‘æ–¹ãƒ»å‡ºã—æ–¹,2026-08-18,SORT_BUCKET,CURRENT,,
M018,C-M018-05,ç©ºãç¼¶,ç©ºãç¼¶,,PRIMARY,5,CURBSIDE,é£²é£Ÿç”¨ã‚¢ãƒ«ãƒŸç¼¶ãƒ»ã‚¹ãƒãƒ¼ãƒ«ç¼¶,NOT_STATED_IN_CITED_SOURCE,,NOT_STATED_IN_CITED_SOURCE,ä¸­ã‚’ã™ã™ã,,,FALSE,FALSE,FALSE,,FALSE,,S-M018-01,https://www.city.mizuho.lg.jp/1750.htm,ç©ºãç¼¶ã®åˆ†ã‘æ–¹ãƒ»å‡ºã—æ–¹,2026-08-18,SORT_BUCKET,CURRENT,,
M018,C-M018-06,ãƒ—ãƒ©ã‚¹ãƒãƒƒã‚¯è£½å®¹å™¨åŒ…è£…,ãƒ—ãƒ©ã‚¹ãƒãƒƒã‚¯è£½å®¹å™¨åŒ…è£…,,PRIMARY,6,CURBSIDE,ãƒ—ãƒ©ãƒžãƒ¼ã‚¯ä»˜ãå®¹å™¨åŒ…è£…,NOT_STATED_IN_CITED_SOURCE,,NOT_STATED_IN_CITED_SOURCE,ä¸­èº«ã‚’ä½¿ã„åˆ‡ã‚Šã€æ±šã‚Œã‚’è½ã¨ã™,,,FALSE,FALSE,FALSE,,FALSE,,S-M018-01,https://www.city.mizuho.lg.jp/1750.htm,ãƒ—ãƒ©ã‚¹ãƒãƒƒã‚¯è£½å®¹å™¨åŒ…è£…ã®åˆ†ã‘æ–¹ãƒ»å‡ºã—æ–¹,2026-08-18,SORT_BUCKET,CURRENT,,
M018,C-M018-07,åºèˆŽå›žåŽãƒ»æ‹ ç‚¹å›žåŽ,åºèˆŽå›žåŽãƒ»æ‹ ç‚¹å›žåŽ,,PRIMARY,7,DROP_OFF,ä¹¾é›»æ± ãƒ»è›å…‰ç®¡ãƒ»å°åž‹å®¶é›»ç­‰ã®æŒ‡å®šå“,NOT_STATED_IN_CITED_SOURCE,,NOT_STATED_IN_CITED_SOURCE,NOT_STATED_IN_CITED_SOURCE,æŒ‡å®šå›žåŽç®±ãƒ»å®¹å™¨,,FALSE,FALSE,FALSE,,FALSE,,S-M018-01,https://www.city.mizuho.lg.jp/1750.htm,åºèˆŽå›žåŽãƒ»æ‹ ç‚¹å›žåŽ,2026-08-18,REFERENCE_ONLY,CURRENT,,
M018,C-M018-08,ç¾Žæ¥ã®æ£®ãƒ»å·£å—é›†ç©å ´ç„¡æ–™å›žåŽ,ç¾Žæ¥ã®æ£®ãƒ»å·£å—é›†ç©å ´ç„¡æ–™å›žåŽ,,PRIMARY,8,DROP_OFF,å¤ç´™ãƒ»å¤ç€ãƒ»è³‡æºç‰©ç­‰ã®æŒ‡å®šå“,NOT_STATED_IN_CITED_SOURCE,,NOT_STATED_IN_CITED_SOURCE,NOT_STATED_IN_CITED_SOURCE,,,FALSE,FALSE,FALSE,,FALSE,,S-M018-01,https://www.city.mizuho.lg.jp/1750.htm,ç¾Žæ¥ã®æ£®ãƒ»å·£å—é›†ç©å ´ç„¡æ–™å›žåŽ,2026-08-18,REFERENCE_ONLY,CURRENT,,
M018,C-M018-09,ç²—å¤§ã”ã¿,ç²—å¤§ã”ã¿,,PRIMARY,9,BOOKED_PICKUP,å®¶å…·ãƒ»å¯å…·ãƒ»å¤§åž‹å“,NOT_STATED_IN_CITED_SOURCE,,NOT_STATED_IN_CITED_SOURCE,NOT_STATED_IN_CITED_SOURCE,,,TRUE,TRUE,TRUE,å“ç›®åˆ¥ç²—å¤§ã”ã¿ã‚·ãƒ¼ãƒ«,FALSE,,S-M018-01,https://www.city.mizuho.lg.jp/1750.htm,ç²—å¤§ã”ã¿ã®åˆ†ã‘æ–¹ãƒ»å‡ºã—æ–¹,2026-08-18,REFERENCE_ONLY,CURRENT,,
M018,C-M018-10,å‰ªå®šæœ¨,å‰ªå®šæœ¨,,PRIMARY,10,BOOKED_PICKUP,å®¶åº­ã®å‰ªå®šæž,NOT_STATED_IN_CITED_SOURCE,,NOT_STATED_IN_CITED_SOURCE,NOT_STATED_IN_CITED_SOURCE,,,FALSE,FALSE,FALSE,,FALSE,,S-M018-01,https://www.city.mizuho.lg.jp/1750.htm,æˆ¸åˆ¥åŽé›†ãƒ»å‰ªå®šæœ¨,2026-08-18,REFERENCE_ONLY,CURRENT,,
M018,C-M018-11,å»ƒé£Ÿç”¨æ²¹,å»ƒé£Ÿç”¨æ²¹,,PRIMARY,11,DROP_OFF,å®¶åº­ã®æ¤ç‰©æ€§é£Ÿç”¨æ²¹,NOT_STATED_IN_CITED_SOURCE,,NOT_STATED_IN_CITED_SOURCE,å†·ã¾ã—ã¦å¯†é–‰å®¹å™¨ã«å…¥ã‚Œã‚‹,æŒ‡å®šå›žåŽå®¹å™¨,,FALSE,FALSE,FALSE,,FALSE,,S-M018-01,https://www.city.mizuho.lg.jp/1750.htm,å»ƒé£Ÿç”¨æ²¹ã®å›žåŽ,2026-08-18,REFERENCE_ONLY,CURRENT,,
M018,C-M018-12,å¸‚ã§åŽé›†ãƒ»å‡¦ç†ã§ããªã„ã‚‚ã®,å¸‚ã§åŽé›†ãƒ»å‡¦ç†ã§ããªã„ã‚‚ã®,,EXCLUDED,12,NOT_COLLECTED,å®¶é›»4å“ç›®ãƒ»ãƒ‘ã‚½ã‚³ãƒ³ãƒ»å‡¦ç†å›°é›£ç‰©,NOT_STATED_IN_CITED_SOURCE,,è²©å£²åº—ãƒ»ãƒ¡ãƒ¼ã‚«ãƒ¼ãƒ»å°‚é–€æ¥­è€…,å—å…¥å…ˆã®æŒ‡ç¤ºã«å¾“ã†,é›†ç©æ‰€ã«å‡ºã•ãªã„,,FALSE,FALSE,FALSE,,TRUE,,S-M018-02,https://www.city.mizuho.lg.jp/secure/1610/R7-1.pdf,å¸‚ã§å‡¦ç†ã§ããªã„ã‚‚ã®,2026-08-18,EXCLUDED_NOTICE,CURRENT,,
M019,C-M019-01,ç‡ƒãˆã‚‹ã”ã¿,ç‡ƒãˆã‚‹ã”ã¿,,PRIMARY,1,CURBSIDE,ç”Ÿã”ã¿ãƒ»ç´™ããšãƒ»é©ãƒ»ã‚´ãƒ ,NOT_STATED_IN_CITED_SOURCE,,NOT_STATED_IN_CITED_SOURCE,NOT_STATED_IN_CITED_SOURCE,,,FALSE,FALSE,FALSE,,FALSE,,S-M019-02,https://www.city.yamagata.gifu.jp/uploaded/attachment/19770.pdf,è¨ˆç”» åˆ†åˆ¥åŽé›†åŒºåˆ†ãƒ»ç‡ƒãˆã‚‹ã”ã¿,2026-08-18,SORT_BUCKET,CURRENT,,
M019,C-M019-02,ä¸ç‡ƒã”ã¿,ä¸ç‡ƒã”ã¿,,PRIMARY,2,CURBSIDE,é™¶ç£å™¨ãƒ»ã‚¬ãƒ©ã‚¹ãƒ»å°åž‹é‡‘å±ž,NOT_STATED_IN_CITED_SOURCE,,NOT_STATED_IN_CITED_SOURCE,NOT_STATED_IN_CITED_SOURCE,,,FALSE,FALSE,FALSE,,FALSE,,S-M019-02,https://www.city.yamagata.gifu.jp/uploaded/attachment/19770.pdf,è¨ˆç”» åˆ†åˆ¥åŽé›†åŒºåˆ†ãƒ»ä¸ç‡ƒã”ã¿,2026-08-18,SORT_BUCKET,CURRENT,,
M019,C-M019-03,ç²—å¤§ã”ã¿,ç²—å¤§ã”ã¿,,PRIMARY,3,BOOKED_PICKUP,å®¶å…·ãƒ»å¯å…·ãƒ»å¤§åž‹å“,NOT_STATED_IN_CITED_SOURCE,,NOT_STATED_IN_CITED_SOURCE,NOT_STATED_IN_CITED_SOURCE,,,TRUE,TRUE,TRUE,,FALSE,,S-M019-02,https://www.city.yamagata.gifu.jp/uploaded/attachment/19770.pdf,è¨ˆç”» åˆ†åˆ¥åŽé›†åŒºåˆ†ãƒ»ç²—å¤§ã”ã¿,2026-08-18,REFERENCE_ONLY,CURRENT,,
M019,C-M019-04,ã³ã‚“,è³‡æºç‰©,,PRIMARY,4,CURBSIDE,é£²é£Ÿç”¨ã³ã‚“,NOT_STATED_IN_CITED_SOURCE,,NOT_STATED_IN_CITED_SOURCE,NOT_STATED_IN_CITED_SOURCE,,,FALSE,FALSE,FALSE,,FALSE,,S-M019-02,https://www.city.yamagata.gifu.jp/uploaded/attachment/19770.pdf,è¨ˆç”» è³‡æºåŒ–åŒºåˆ†ãƒ»ã³ã‚“,2026-08-18,SORT_BUCKET,CURRENT,,
M019,C-M019-05,ç¼¶,è³‡æºç‰©,,PRIMARY,5,CURBSIDE,é£²é£Ÿç”¨ç¼¶,NOT_STATED_IN_CITED_SOURCE,,NOT_STATED_IN_CITED_SOURCE,NOT_STATED_IN_CITED_SOURCE,,,FALSE,FALSE,FALSE,,FALSE,,S-M019-02,https://www.city.yamagata.gifu.jp/uploaded/attachment/19770.pdf,è¨ˆç”» è³‡æºåŒ–åŒºåˆ†ãƒ»ç¼¶,2026-08-18,SORT_BUCKET,CURRENT,,
M019,C-M019-06,ãƒšãƒƒãƒˆãƒœãƒˆãƒ«,è³‡æºç‰©,,PRIMARY,6,CURBSIDE,PETãƒžãƒ¼ã‚¯ã®ãƒœãƒˆãƒ«,NOT_STATED_IN_CITED_SOURCE,,NOT_STATED_IN_CITED_SOURCE,NOT_STATED_IN_CITED_SOURCE,,,FALSE,FALSE,FALSE,,FALSE,,S-M019-02,https://www.city.yamagata.gifu.jp/uploaded/attachment/19770.pdf,è¨ˆç”» è³‡æºåŒ–åŒºåˆ†ãƒ»ãƒšãƒƒãƒˆãƒœãƒˆãƒ«,2026-08-18,SORT_BUCKET,CURRENT,,
M019,C-M019-07,ç™½è‰²ãƒˆãƒ¬ã‚¤,è³‡æºç‰©,,PRIMARY,7,CURBSIDE,ç™½è‰²é£Ÿå“ãƒˆãƒ¬ã‚¤,NOT_STATED_IN_CITED_SOURCE,,NOT_STATED_IN_CITED_SOURCE,NOT_STATED_IN_CITED_SOURCE,,,FALSE,FALSE,FALSE,,FALSE,,S-M019-02,https://www.city.yamagata.gifu.jp/uploaded/attachment/19770.pdf,è¨ˆç”» è³‡æºåŒ–åŒºåˆ†ãƒ»ç™½è‰²ãƒˆãƒ¬ã‚¤,2026-08-18,SORT_BUCKET,CURRENT,,
M019,C-M019-08,é‡‘å±žé¡ž,è³‡æºç‰©,,PRIMARY,8,CURBSIDE,é‡‘å±žè£½å“,NOT_STATED_IN_CITED_SOURCE,,NOT_STATED_IN_CITED_SOURCE,NOT_STATED_IN_CITED_SOURCE,,,FALSE,FALSE,FALSE,,FALSE,,S-M019-02,https://www.city.yamagata.gifu.jp/uploaded/attachment/19770.pdf,è¨ˆç”» è³‡æºåŒ–åŒºåˆ†ãƒ»é‡‘å±žé¡ž,2026-08-18,SORT_BUCKET,CURRENT,,
M019,C-M019-09,ç™ºæ³¡ã‚¹ãƒãƒ­ãƒ¼ãƒ«,è³‡æºç‰©,,PRIMARY,9,CURBSIDE,ç™ºæ³¡ã‚¹ãƒãƒ­ãƒ¼ãƒ«,NOT_STATED_IN_CITED_SOURCE,,NOT_STATED_IN_CITED_SOURCE,NOT_STATED_IN_CITED_SOURCE,,,FALSE,FALSE,FALSE,,FALSE,,S-M019-02,https://www.city.yamagata.gifu.jp/uploaded/attachment/19770.pdf,è¨ˆç”» è³‡æºåŒ–åŒºåˆ†ãƒ»ç™ºæ³¡ã‚¹ãƒãƒ­ãƒ¼ãƒ«,2026-08-18,SORT_BUCKET,CURRENT,,
M019,C-M019-10,æ–°èžãƒ»æŠ˜è¾¼ãƒãƒ©ã‚·,è³‡æºç‰©,,PRIMARY,10,CURBSIDE,æ–°èžãƒ»æŠ˜è¾¼åºƒå‘Š,NOT_STATED_IN_CITED_SOURCE,,NOT_STATED_IN_CITED_SOURCE,NOT_STATED_IN_CITED_SOURCE,,,FALSE,FALSE,FALSE,,FALSE,,S-M019-02,https://www.city.yamagata.gifu.jp/uploaded/attachment/19770.pdf,è¨ˆç”» è³‡æºåŒ–åŒºåˆ†ãƒ»æ–°èžãƒ»æŠ˜è¾¼ãƒãƒ©ã‚·,2026-08-18,SORT_BUCKET,CURRENT,,
M019,C-M019-11,é›‘èªŒãƒ»é›‘ãŒã¿,è³‡æºç‰©,,PRIMARY,11,CURBSIDE,é›‘èªŒãƒ»é›‘ãŒã¿,NOT_STATED_IN_CITED_SOURCE,,NOT_STATED_IN_CITED_SOURCE,NOT_STATED_IN_CITED_SOURCE,,,FALSE,FALSE,FALSE,,FALSE,,S-M019-02,https://www.city.yamagata.gifu.jp/uploaded/attachment/19770.pdf,è¨ˆç”» è³‡æºåŒ–åŒºåˆ†ãƒ»é›‘èªŒãƒ»é›‘ãŒã¿,2026-08-18,SORT_BUCKET,CURRENT,,
M019,C-M019-12,æ®µãƒœãƒ¼ãƒ«,è³‡æºç‰©,,PRIMARY,12,CURBSIDE,æ®µãƒœãƒ¼ãƒ«,NOT_STATED_IN_CITED_SOURCE,,NOT_STATED_IN_CITED_SOURCE,NOT_STATED_IN_CITED_SOURCE,,,FALSE,FALSE,FALSE,,FALSE,,S-M019-02,https://www.city.yamagata.gifu.jp/uploaded/attachment/19770.pdf,è¨ˆç”» è³‡æºåŒ–åŒºåˆ†ãƒ»æ®µãƒœãƒ¼ãƒ«,2026-08-18,SORT_BUCKET,CURRENT,,
M019,C-M019-13,ç´™ãƒ‘ãƒƒã‚¯,è³‡æºç‰©,,PRIMARY,13,CURBSIDE,ç‰›ä¹³ãƒ‘ãƒƒã‚¯,NOT_STATED_IN_CITED_SOURCE,,NOT_STATED_IN_CITED_SOURCE,NOT_STATED_IN_CITED_SOURCE,,,FALSE,FALSE,FALSE,,FALSE,,S-M019-02,https://www.city.yamagata.gifu.jp/uploaded/attachment/19770.pdf,è¨ˆç”» è³‡æºåŒ–åŒºåˆ†ãƒ»ç´™ãƒ‘ãƒƒã‚¯,2026-08-18,SORT_BUCKET,CURRENT,,
M019,C-M019-14,ã‚¢ãƒ«ãƒŸç¼¶,è³‡æºç‰©,,PRIMARY,14,CURBSIDE,ã‚¢ãƒ«ãƒŸç¼¶,NOT_STATED_IN_CITED_SOURCE,,NOT_STATED_IN_CITED_SOURCE,NOT_STATED_IN_CITED_SOURCE,,,FALSE,FALSE,FALSE,,FALSE,,S-M019-02,https://www.city.yamagata.gifu.jp/uploaded/attachment/19770.pdf,è¨ˆç”» è³‡æºåŒ–åŒºåˆ†ãƒ»ã‚¢ãƒ«ãƒŸç¼¶,2026-08-18,SORT_BUCKET,CURRENT,,
M019,C-M019-15,å¤ç€,è³‡æºç‰©,,PRIMARY,15,CURBSIDE,è¡£é¡žãƒ»å¤ç€,NOT_STATED_IN_CITED_SOURCE,,NOT_STATED_IN_CITED_SOURCE,NOT_STATED_IN_CITED_SOURCE,,,FALSE,FALSE,FALSE,,FALSE,,S-M019-02,https://www.city.yamagata.gifu.jp/uploaded/attachment/19770.pdf,è¨ˆç”» è³‡æºåŒ–åŒºåˆ†ãƒ»å¤ç€,2026-08-18,SORT_BUCKET,CURRENT,,
M019,C-M019-16,ä½¿ç”¨æ¸ˆå°åž‹å®¶é›»,ä½¿ç”¨æ¸ˆå°åž‹å®¶é›»,,PRIMARY,16,DROP_OFF,å›žåŽå¯¾è±¡28å“ç›®,NOT_STATED_IN_CITED_SOURCE,,NOT_STATED_IN_CITED_SOURCE,å€‹äººæƒ…å ±ã‚’æ¶ˆåŽ»ã—é›»æ± ã‚’å¤–ã™,å›žåŽãƒœãƒƒã‚¯ã‚¹,,FALSE,FALSE,FALSE,,FALSE,,S-M019-02,https://www.city.yamagata.gifu.jp/uploaded/attachment/19770.pdf,è¨ˆç”» ä½¿ç”¨æ¸ˆå°åž‹å®¶é›»,2026-08-18,REFERENCE_ONLY,CURRENT,,
M019,C-M019-17,æœ‰å®³ã”ã¿,æœ‰å®³ã”ã¿,,PRIMARY,17,CURBSIDE,ä¹¾é›»æ± ãƒ»è›å…‰ç®¡,NOT_STATED_IN_CITED_SOURCE,,NOT_STATED_IN_CITED_SOURCE,é›»æ± ã‚’çµ¶ç¸ã—è›å…‰ç®¡ã¯ç ´æé˜²æ­¢,æŒ‡å®šå›žåŽå®¹å™¨,,FALSE,FALSE,FALSE,,FALSE,,S-M019-02,https://www.city.yamagata.gifu.jp/uploaded/attachment/19770.pdf,è¨ˆç”» æœ‰å®³ã”ã¿,2026-08-18,SORT_BUCKET,CURRENT,,
M019,C-M019-18,å»ƒé£Ÿç”¨æ²¹,å»ƒé£Ÿç”¨æ²¹,,PRIMARY,18,DROP_OFF,å®¶åº­ã®æ¤ç‰©æ€§é£Ÿç”¨æ²¹,NOT_STATED_IN_CITED_SOURCE,,NOT_STATED_IN_CITED_SOURCE,å†·ã¾ã—ã¦å¯†é–‰å®¹å™¨ã«å…¥ã‚Œã‚‹,æŒ‡å®šå›žåŽå®¹å™¨,,FALSE,FALSE,FALSE,,FALSE,,S-M019-02,https://www.city.yamagata.gifu.jp/uploaded/attachment/19770.pdf,è¨ˆç”» å»ƒé£Ÿç”¨æ²¹å›žåŽ,2026-08-18,REFERENCE_ONLY,CURRENT,,
M019,C-M019-19,å¸‚ã§åŽé›†ã—ãªã„ã‚‚ã®,å¸‚ã§åŽé›†ã—ãªã„ã‚‚ã®,,EXCLUDED,19,NOT_COLLECTED,å®¶é›»4å“ç›®ãƒ»å‡¦ç†å›°é›£ç‰©,NOT_STATED_IN_CITED_SOURCE,,è²©å£²åº—ãƒ»ãƒ¡ãƒ¼ã‚«ãƒ¼ãƒ»å°‚é–€æ¥­è€…,å—å…¥å…ˆã®æŒ‡ç¤ºã«å¾“ã†,é›†ç©æ‰€ã«å‡ºã•ãªã„,,FALSE,FALSE,FALSE,,TRUE,,S-M019-02,https://www.city.yamagata.gifu.jp/uploaded/attachment/19770.pdf,è¨ˆç”» å¸‚åŽé›†å¯¾è±¡å¤–,2026-08-18,EXCLUDED_NOTICE,CURRENT,,
M020,C-M020-01,å¯ç‡ƒã”ã¿,å¯ç‡ƒã”ã¿,,PRIMARY,1,CURBSIDE,ç”Ÿã”ã¿ãƒ»ç´™ããšãƒ»é©ãƒ»ã‚´ãƒ ,NOT_STATED_IN_CITED_SOURCE,,NOT_STATED_IN_CITED_SOURCE,ç”Ÿã”ã¿ã¯æ°´ã‚’åˆ‡ã‚‹,,,FALSE,FALSE,FALSE,,FALSE,,S-M020-01,https://www.city.shizuoka.lg.jp/gomi/s000668.html,å¯ç‡ƒã”ã¿,2026-08-18,SORT_BUCKET,CURRENT,,
M020,C-M020-02,ä¸ç‡ƒãƒ»ç²—å¤§ã”ã¿ï¼ˆéžé‡‘å±žï¼‰,ä¸ç‡ƒãƒ»ç²—å¤§ã”ã¿ï¼ˆéžé‡‘å±žï¼‰,,PRIMARY,2,CURBSIDE,é™¶ç£å™¨ãƒ»ã‚¬ãƒ©ã‚¹ãƒ»å¤§åž‹éžé‡‘å±žå“,NOT_STATED_IN_CITED_SOURCE,,NOT_STATED_IN_CITED_SOURCE,å‰²ã‚Œç‰©ã‚’åŒ…ã¿å±é™ºè¡¨ç¤º,,,CONDITIONAL,FALSE,FALSE,,FALSE,åŒºãƒ»å“ç›®ã«ã‚ˆã‚ŠåŽé›†æ–¹æ³•ãŒç•°ãªã‚‹,S-M020-01,https://www.city.shizuoka.lg.jp/gomi/s000668.html,ä¸ç‡ƒãƒ»ç²—å¤§ã”ã¿,2026-08-18,SORT_BUCKET,CURRENT,,
M020,C-M020-03,é‡‘å±žé¡ž,é‡‘å±žé¡ž,,PRIMARY,3,CURBSIDE,ç¼¶ãƒ»ãªã¹ãƒ»ã‚„ã‹ã‚“ãƒ»å°åž‹é‡‘å±ž,NOT_STATED_IN_CITED_SOURCE,,NOT_STATED_IN_CITED_SOURCE,ä¸­èº«ã‚’é™¤ãå±é™ºéƒ¨åˆ†ã‚’ä¿è­·,,,FALSE,FALSE,FALSE,,FALSE,,S-M020-01,https://www.city.shizuoka.lg.jp/gomi/s000668.html,é‡‘å±žé¡ž,2026-08-18,SORT_BUCKET,CURRENT,,
M020,C-M020-04,ä¹¾é›»æ± ,å±é™ºãƒ»æœ‰å®³,,PRIMARY,4,CURBSIDE,ä¹¾é›»æ± ,NOT_STATED_IN_CITED_SOURCE,,NOT_STATED_IN_CITED_SOURCE,ç«¯å­ã‚’çµ¶ç¸ã™ã‚‹,ä¸­èº«ãŒè¦‹ãˆã‚‹å°è¢‹ã«å…¥ã‚Œã€ä»–ã®ä¸ç‡ƒãƒ»ç²—å¤§ã”ã¿ã¨åˆ†ã‘ã‚‹,,FALSE,FALSE,FALSE,,FALSE,,S-M020-01,https://www.city.shizuoka.lg.jp/gomi/s000668.html,å±é™ºãƒ»æœ‰å®³ã”ã¿ãƒ»ä¹¾é›»æ± ,2026-08-18,SORT_BUCKET,CURRENT,,
M020,C-M020-05,ãƒ©ã‚¤ã‚¿ãƒ¼,å±é™ºãƒ»æœ‰å®³,,PRIMARY,5,CURBSIDE,ä½¿ã„æ¨ã¦ãƒ©ã‚¤ã‚¿ãƒ¼,NOT_STATED_IN_CITED_SOURCE,,NOT_STATED_IN_CITED_SOURCE,ä¸­èº«ã‚’ä½¿ã„åˆ‡ã‚‹,ä¸­èº«ãŒè¦‹ãˆã‚‹å°è¢‹ã«å…¥ã‚Œã€ä»–ã®ä¸ç‡ƒãƒ»ç²—å¤§ã”ã¿ã¨åˆ†ã‘ã‚‹,,FALSE,FALSE,FALSE,,FALSE,,S-M020-01,https://www.city.shizuoka.lg.jp/gomi/s000668.html,å±é™ºãƒ»æœ‰å®³ã”ã¿ãƒ»ãƒ©ã‚¤ã‚¿ãƒ¼,2026-08-18,SORT_BUCKET,CURRENT,,
M020,C-M020-06,æ°´éŠ€ä½¿ç”¨è£½å“,å±é™ºãƒ»æœ‰å®³,,PRIMARY,6,CURBSIDE,è›å…‰ç®¡ãƒ»æ°´éŠ€ä½“æ¸©è¨ˆ,NOT_STATED_IN_CITED_SOURCE,,NOT_STATED_IN_CITED_SOURCE,ç ´æã—ãªã„ã‚ˆã†ä¿è­·ã™ã‚‹,ä¸­èº«ãŒè¦‹ãˆã‚‹å°è¢‹ã«å…¥ã‚Œã€ä»–ã®ä¸ç‡ƒãƒ»ç²—å¤§ã”ã¿ã¨åˆ†ã‘ã‚‹,,FALSE,FALSE,FALSE,,FALSE,,S-M020-01,https://www.city.shizuoka.lg.jp/gomi/s000668.html,å±é™ºãƒ»æœ‰å®³ã”ã¿ãƒ»æ°´éŠ€ä½¿ç”¨è£½å“,2026-08-18,SORT_BUCKET,CURRENT,,
M020,C-M020-07,ã‚¹ãƒ—ãƒ¬ãƒ¼ç¼¶,å±é™ºãƒ»æœ‰å®³,,PRIMARY,7,CURBSIDE,ã‚¹ãƒ—ãƒ¬ãƒ¼ç¼¶ãƒ»ã‚«ã‚»ãƒƒãƒˆãƒœãƒ³ãƒ™,NOT_STATED_IN_CITED_SOURCE,,NOT_STATED_IN_CITED_SOURCE,ä¸­èº«ã‚’ä½¿ã„åˆ‡ã‚Šã€ç©´ã‚’é–‹ã‘ãšã«å‡ºã™,ä¸­èº«ãŒè¦‹ãˆã‚‹å°è¢‹ã«å…¥ã‚Œã€ä»–ã®ä¸ç‡ƒãƒ»ç²—å¤§ã”ã¿ã¨åˆ†ã‘ã‚‹,,FALSE,FALSE,FALSE,,FALSE,,S-M020-01,https://www.city.shizuoka.lg.jp/gomi/s000668.html,å±é™ºãƒ»æœ‰å®³ã”ã¿ãƒ»ã‚¹ãƒ—ãƒ¬ãƒ¼ç¼¶,2026-08-18,SORT_BUCKET,CURRENT,,
M020,C-M020-08,ã³ã‚“,è³‡æºç‰©,,PRIMARY,8,CURBSIDE,é£²é£Ÿç”¨ã³ã‚“,NOT_STATED_IN_CITED_SOURCE,,NOT_STATED_IN_CITED_SOURCE,ä¸­ã‚’ã™ã™ãŽã‚­ãƒ£ãƒƒãƒ—ç­‰ã‚’å¤–ã™,æŒ‡å®šå›žåŽå®¹å™¨,,FALSE,FALSE,FALSE,,FALSE,,S-M020-01,https://www.city.shizuoka.lg.jp/gomi/s000668.html,è³‡æºç‰©ãƒ»ã³ã‚“,2026-08-18,SORT_BUCKET,CURRENT,,
M020,C-M020-09,ç¼¶,è³‡æºç‰©,,PRIMARY,9,CURBSIDE,é£²é£Ÿç”¨ç¼¶,NOT_STATED_IN_CITED_SOURCE,,NOT_STATED_IN_CITED_SOURCE,ä¸­ã‚’ã™ã™ãŽã‚­ãƒ£ãƒƒãƒ—ç­‰ã‚’å¤–ã™,æŒ‡å®šå›žåŽå®¹å™¨,,FALSE,FALSE,FALSE,,FALSE,,S-M020-01,https://www.city.shizuoka.lg.jp/gomi/s000668.html,è³‡æºç‰©ãƒ»ç¼¶,2026-08-18,SORT_BUCKET,CURRENT,,
M020,C-M020-10,ãƒšãƒƒãƒˆãƒœãƒˆãƒ«,è³‡æºç‰©,,PRIMARY,10,CURBSIDE,PETãƒžãƒ¼ã‚¯ã®ãƒœãƒˆãƒ«,NOT_STATED_IN_CITED_SOURCE,,NOT_STATED_IN_CITED_SOURCE,ä¸­ã‚’ã™ã™ãŽã‚­ãƒ£ãƒƒãƒ—ç­‰ã‚’å¤–ã™,æŒ‡å®šå›žåŽå®¹å™¨,,FALSE,FALSE,FALSE,,FALSE,,S-M020-01,https://www.city.shizuoka.lg.jp/gomi/s000668.html,è³‡æºç‰©ãƒ»ãƒšãƒƒãƒˆãƒœãƒˆãƒ«,2026-08-18,SORT_BUCKET,CURRENT,,
M020,C-M020-11,å¤ç´™,å¤ç´™,,PRIMARY,11,CURBSIDE,æ–°èžãƒ»é›‘èªŒé›‘ãŒã¿ãƒ»æ®µãƒœãƒ¼ãƒ«ãƒ»ç´™ãƒ‘ãƒƒã‚¯,NOT_STATED_IN_CITED_SOURCE,,NOT_STATED_IN_CITED_SOURCE,ç¨®é¡žåˆ¥ã«ã¾ã¨ã‚ã‚‹,ã²ã‚‚çµæŸã¾ãŸã¯ç´™è¢‹,,FALSE,FALSE,FALSE,,FALSE,,S-M020-01,https://www.city.shizuoka.lg.jp/gomi/s000668.html,å¤ç´™,2026-08-18,SORT_BUCKET,CURRENT,,
M020,C-M020-12,æ–°èž,å¤ç´™,C-M020-11,SUBCATEGORY,12,CURBSIDE,æ–°èžãƒ»æŠ˜è¾¼åºƒå‘Š,NOT_STATED_IN_CITED_SOURCE,,NOT_STATED_IN_CITED_SOURCE,æŠ˜è¾¼åºƒå‘Šã‚’å«ã‚ã¦ã¾ã¨ã‚ã‚‹,ã²ã‚‚ã§æŸã­ã‚‹,,FALSE,FALSE,FALSE,,FALSE,,S-M020-01,https://www.city.shizuoka.lg.jp/gomi/s000668.html,å¤ç´™ãƒ»æ–°èž,2026-08-18,REFERENCE_ONLY,CURRENT,,
M020,C-M020-13,é›‘èªŒãƒ»é›‘ãŒã¿,å¤ç´™,C-M020-11,SUBCATEGORY,13,CURBSIDE,é›‘èªŒãƒ»é›‘ãŒã¿,NOT_STATED_IN_CITED_SOURCE,,NOT_STATED_IN_CITED_SOURCE,ç´™ä»¥å¤–ã‚’å¤–ã—ã€å°ã•ã„ç´™ã‚’ã¾ã¨ã‚ã‚‹,é›‘èªŒã¯ã²ã‚‚ã§æŸã­ã€é›‘ãŒã¿ã¯ç´™è¢‹ã‚‚å¯,,FALSE,FALSE,FALSE,,FALSE,,S-M020-01,https://www.city.shizuoka.lg.jp/gomi/s000668.html,å¤ç´™ãƒ»é›‘èªŒãƒ»é›‘ãŒã¿,2026-08-18,REFERENCE_ONLY,CURRENT,,
M020,C-M020-14,æ®µãƒœãƒ¼ãƒ«,å¤ç´™,C-M020-11,SUBCATEGORY,14,CURBSIDE,æ®µãƒœãƒ¼ãƒ«,NOT_STATED_IN_CITED_SOURCE,,NOT_STATED_IN_CITED_SOURCE,æŠ˜ã‚ŠãŸãŸã‚€,ã²ã‚‚ã§æŸã­ã‚‹,,FALSE,FALSE,FALSE,,FALSE,,S-M020-01,https://www.city.shizuoka.lg.jp/gomi/s000668.html,å¤ç´™ãƒ»æ®µãƒœãƒ¼ãƒ«,2026-08-18,REFERENCE_ONLY,CURRENT,,
M020,C-M020-15,ç´™ãƒ‘ãƒƒã‚¯,å¤ç´™,C-M020-11,SUBCATEGORY,15,CURBSIDE,é£²æ–™ç”¨ç´™ãƒ‘ãƒƒã‚¯,NOT_STATED_IN_CITED_SOURCE,,NOT_STATED_IN_CITED_SOURCE,æ´—ã£ã¦åˆ‡ã‚Šé–‹ãã€ä¹¾ã‹ã™,ã²ã‚‚ã§æŸã­ã‚‹,,FALSE,FALSE,FALSE,,FALSE,,S-M020-01,https://www.city.shizuoka.lg.jp/gomi/s000668.html,å¤ç´™ãƒ»ç´™ãƒ‘ãƒƒã‚¯,2026-08-18,REFERENCE_ONLY,CURRENT,,
M020,C-M020-16,ä½¿ç”¨æ¸ˆå°åž‹å®¶é›»,ä½¿ç”¨æ¸ˆå°åž‹å®¶é›»,,PRIMARY,16,DROP_OFF,å›žåŽãƒœãƒƒã‚¯ã‚¹å¯¾è±¡ã®å°åž‹å®¶é›»,NOT_STATED_IN_CITED_SOURCE,,NOT_STATED_IN_CITED_SOURCE,å€‹äººæƒ…å ±ã‚’æ¶ˆåŽ»ã—é›»æ± ã‚’å¤–ã™,å›žåŽãƒœãƒƒã‚¯ã‚¹,,FALSE,FALSE,FALSE,,FALSE,,S-M020-01,https://www.city.shizuoka.lg.jp/gomi/s000668.html,ä½¿ç”¨æ¸ˆå°åž‹å®¶é›»,2026-08-18,REFERENCE_ONLY,CURRENT,,
M020,C-M020-17,å¸‚ã§åŽé›†ãƒ»å‡¦ç†ã§ããªã„ã‚‚ã®,å¸‚ã§åŽé›†ãƒ»å‡¦ç†ã§ããªã„ã‚‚ã®,,EXCLUDED,17,NOT_COLLECTED,å®¶é›»4å“ç›®ãƒ»ãƒ‘ã‚½ã‚³ãƒ³ãƒ»å‡¦ç†å›°é›£ç‰©,NOT_STATED_IN_CITED_SOURCE,,è²©å£²åº—ãƒ»ãƒ¡ãƒ¼ã‚«ãƒ¼ãƒ»å°‚é–€æ¥­è€…,å—å…¥å…ˆã®æŒ‡ç¤ºã«å¾“ã†,é›†ç©æ‰€ã«å‡ºã•ãªã„,,FALSE,FALSE,FALSE,,TRUE,,S-M020-01,https://www.city.shizuoka.lg.jp/gomi/s000668.html,å¸‚ã§åŽé›†ãƒ»å‡¦ç†ã§ããªã„ã‚‚ã®,2026-08-18,EXCLUDED_NOTICE,CURRENT,,
M021,C-M021-01,é‡‘å±žãƒ»ç‡ƒã‚„ã›ãªã„ã”ã¿ï¼ˆä¸ç‡ƒï¼‰,é‡‘å±žãƒ»ç‡ƒã‚„ã›ãªã„ã”ã¿ï¼ˆä¸ç‡ƒï¼‰,,PRIMARY,1,CURBSIDE,é‡‘å±žãƒ»é™¶ç£å™¨ãƒ»ã‚¬ãƒ©ã‚¹ãƒ»å°åž‹å®¶é›»,å±é™ºã”ã¿å¯¾è±¡å“ã€å®¶é›»4å“ç›®,,å±é™ºã”ã¿å¯¾è±¡å“ã¯å±é™ºã”ã¿ã€å®¶é›»4å“ç›®ã¯è²©å£²åº—ç­‰,å‰²ã‚Œç‰©ãƒ»åˆƒç‰©ã¯ç´™ç­‰ã§åŒ…ã¿å±é™ºè¡¨ç¤ºã—ã€é›»æ± ã‚’å¤–ã™,é€æ˜Žã¾ãŸã¯åŠé€æ˜Žè¢‹,,FALSE,FALSE,FALSE,,FALSE,,S-M021-02,https://www.info.city.tsu.mie.jp/_res/projects/default_project/_page_/001/001/598/8.4guidebook.pdf,p4 ã”ã¿ã®åˆ†åˆ¥åŒºåˆ†ä¸€è¦§ãƒ»é‡‘å±žãƒ»ç‡ƒã‚„ã›ãªã„ã”ã¿ï¼ˆä¸ç‡ƒï¼‰,2026-08-18,SORT_BUCKET,CURRENT,,
M021,C-M021-02,å±é™ºã”ã¿,å±é™ºã”ã¿,,PRIMARY,2,CURBSIDE,ã‚¹ãƒ—ãƒ¬ãƒ¼ç¼¶ãƒ»ãƒ©ã‚¤ã‚¿ãƒ¼ãƒ»è›å…‰ç®¡ãƒ»æ°´éŠ€è£½å“ãƒ»é›»æ± ,é‡‘å±žãƒ»ç‡ƒã‚„ã›ãªã„ã”ã¿ã€å¯ç‡ƒã”ã¿,,å„é€šå¸¸åŽé›†åŒºåˆ†ã¸,ã‚¹ãƒ—ãƒ¬ãƒ¼ç¼¶ãƒ»ãƒ©ã‚¤ã‚¿ãƒ¼ã¯ä½¿ã„åˆ‡ã‚Šã€å……é›»æ± ã¯ç«¯å­ã‚’çµ¶ç¸ã—ã€è›å…‰ç®¡ã¯ç®±ãƒ»ç­’ãƒ»è¢‹ã§ä¿è­·ã™ã‚‹,å¯¾è±¡å“ç›®ã‚’ãã‚Œãžã‚Œåˆ¥ã®é€æ˜Žã¾ãŸã¯åŠé€æ˜Žè¢‹,,FALSE,FALSE,FALSE,,FALSE,,S-M021-02,https://www.info.city.tsu.mie.jp/_res/projects/default_project/_page_/001/001/598/8.4guidebook.pdf,p4 ã”ã¿ã®åˆ†åˆ¥åŒºåˆ†ä¸€è¦§ãƒ»å±é™ºã”ã¿,2026-08-18,SORT_BUCKET,CURRENT,,
M021,C-M021-03,æ–°èž,æ–°èž,,PRIMARY,3,CURBSIDE,æ–°èžãƒ»æŠ˜è¾¼åºƒå‘Š,ãƒ“ãƒ‹ãƒ¼ãƒ«è¢‹ãƒ»ç®±ã€ãƒªã‚µã‚¤ã‚¯ãƒ«ã§ããªã„ç´™,,ãƒªã‚µã‚¤ã‚¯ãƒ«ã§ããªã„ç´™ã¯ç‡ƒã‚„ã›ã‚‹ã”ã¿,æŠ˜è¾¼åºƒå‘Šã‚’å«ã‚ã¦ã¾ã¨ã‚ã‚‹,ã²ã‚‚ã§åæ–‡å­—ã«ã—ã°ã‚‹,,FALSE,FALSE,FALSE,,FALSE,,S-M021-02,https://www.info.city.tsu.mie.jp/_res/projects/default_project/_page_/001/001/598/8.4guidebook.pdf,p4 ã”ã¿ã®åˆ†åˆ¥åŒºåˆ†ä¸€è¦§ãƒ»æ–°èž,2026-08-18,SORT_BUCKET,CURRENT,,
M021,C-M021-04,é›‘èªŒãƒ»é›‘ç´™,é›‘èªŒãƒ»é›‘ç´™,,PRIMARY,4,CURBSIDE,é›‘èªŒãƒ»é›‘ãŒã¿,ãƒ“ãƒ‹ãƒ¼ãƒ«è¢‹ãƒ»ç®±ã€åŠ å·¥ç´™ãƒ»æ±šã‚ŒãŸç´™,,ãƒªã‚µã‚¤ã‚¯ãƒ«ã§ããªã„ç´™ã¯ç‡ƒã‚„ã›ã‚‹ã”ã¿,ç´™ä»¥å¤–ã‚’å¤–ã—ã€å°ã•ã„ç´™ã¯é›‘èªŒã«æŒŸã‚€,ã²ã‚‚ã§åæ–‡å­—ã«ã—ã°ã‚‹,,FALSE,FALSE,FALSE,,FALSE,,S-M021-02,https://www.info.city.tsu.mie.jp/_res/projects/default_project/_page_/001/001/598/8.4guidebook.pdf,p4 ã”ã¿ã®åˆ†åˆ¥åŒºåˆ†ä¸€è¦§ãƒ»é›‘èªŒãƒ»é›‘ç´™,2026-08-18,SORT_BUCKET,CURRENT,,
M021,C-M021-05,ãƒ€ãƒ³ãƒœãƒ¼ãƒ«,ãƒ€ãƒ³ãƒœãƒ¼ãƒ«,,PRIMARY,5,CURBSIDE,æ®µãƒœãƒ¼ãƒ«,ãƒ“ãƒ‹ãƒ¼ãƒ«è¢‹ãƒ»ç®±ã€æ±šã‚ŒãŸæ®µãƒœãƒ¼ãƒ«,,æ±šã‚ŒãŸç‰©ã¯ç‡ƒã‚„ã›ã‚‹ã”ã¿,æŠ˜ã‚ŠãŸãŸã‚€,ã²ã‚‚ã§åæ–‡å­—ã«ã—ã°ã‚‹,,FALSE,FALSE,FALSE,,FALSE,,S-M021-02,https://www.info.city.tsu.mie.jp/_res/projects/default_project/_page_/001/001/598/8.4guidebook.pdf,p4 ã”ã¿ã®åˆ†åˆ¥åŒºåˆ†ä¸€è¦§ãƒ»ãƒ€ãƒ³ãƒœãƒ¼ãƒ«,2026-08-18,SORT_BUCKET,CURRENT,,
M021,C-M021-06,é£²æ–™ç”¨ç´™ãƒ‘ãƒƒã‚¯,é£²æ–™ç”¨ç´™ãƒ‘ãƒƒã‚¯,,PRIMARY,6,CURBSIDE,é£²æ–™ç”¨ç´™ãƒ‘ãƒƒã‚¯,å†…å´ãŒã‚¢ãƒ«ãƒŸåŠ å·¥ã•ã‚ŒãŸç‰©,,ã‚¢ãƒ«ãƒŸåŠ å·¥å“ã¯ç‡ƒã‚„ã›ã‚‹ã”ã¿,æ´—ã£ã¦åˆ‡ã‚Šé–‹ãã€ä¹¾ã‹ã™,ã²ã‚‚ã§åæ–‡å­—ã«ã—ã°ã‚‹,,FALSE,FALSE,FALSE,,FALSE,,S-M021-02,https://www.info.city.tsu.mie.jp/_res/projects/default_project/_page_/001/001/598/8.4guidebook.pdf,p4 ã”ã¿ã®åˆ†åˆ¥åŒºåˆ†ä¸€è¦§ãƒ»é£²æ–™ç”¨ç´™ãƒ‘ãƒƒã‚¯,2026-08-18,SORT_BUCKET,CURRENT,,
M021,C-M021-07,è¡£é¡žãƒ»å¸ƒé¡ž,è¡£é¡žãƒ»å¸ƒé¡ž,,PRIMARY,7,CURBSIDE,è¡£é¡žãƒ»å¤å¸ƒ,ç¶¿å…¥ã‚Šè£½å“ã€è‚Œç€ãƒ»ä¸‹ç€ã€æ±šã‚ŒãŸå¸ƒ,,å¯¾è±¡å¤–ã®å¸ƒé¡žã¯ç‡ƒã‚„ã›ã‚‹ã”ã¿,æ´—ã£ã¦ä¹¾ã‹ã™,é€æ˜Žã¾ãŸã¯åŠé€æ˜Žè¢‹,,FALSE,FALSE,FALSE,,FALSE,,S-M021-02,https://www.info.city.tsu.mie.jp/_res/projects/default_project/_page_/001/001/598/8.4guidebook.pdf,p4 ã”ã¿ã®åˆ†åˆ¥åŒºåˆ†ä¸€è¦§ãƒ»è¡£é¡žãƒ»å¸ƒé¡ž,2026-08-18,SORT_BUCKET,CURRENT,,
M021,C-M021-08,ãƒšãƒƒãƒˆãƒœãƒˆãƒ«ï¼ˆãƒšãƒƒãƒˆï¼‰,ãƒšãƒƒãƒˆãƒœãƒˆãƒ«ï¼ˆãƒšãƒƒãƒˆï¼‰,,PRIMARY,8,CURBSIDE,PETãƒžãƒ¼ã‚¯ã®ãƒœãƒˆãƒ«,PETãƒžãƒ¼ã‚¯ã®ãªã„ãƒœãƒˆãƒ«,,æè³ªã«å¿œã˜ãŸåŒºåˆ†ã¸,ãµãŸã¨ãƒ©ãƒ™ãƒ«ã‚’å¤–ã—ã€ä¸­èº«ã¨ç•°ç‰©ã‚’é™¤ã,é€æ˜Žã¾ãŸã¯åŠé€æ˜Žè¢‹,,FALSE,FALSE,FALSE,,FALSE,,S-M021-02,https://www.info.city.tsu.mie.jp/_res/projects/default_project/_page_/001/001/598/8.4guidebook.pdf,p4 ã”ã¿ã®åˆ†åˆ¥åŒºåˆ†ä¸€è¦§ãƒ»ãƒšãƒƒãƒˆãƒœãƒˆãƒ«ï¼ˆãƒšãƒƒãƒˆï¼‰,2026-08-18,SORT_BUCKET,CURRENT,,
M021,C-M021-09,ã³ã‚“,ã³ã‚“,,PRIMARY,9,CURBSIDE,äººãŒå£ã«ã™ã‚‹é£²é£Ÿæ–™å“ã®ã³ã‚“,åŒ–ç²§å“ãƒ»æ¶ˆæ¯’ç”¨ã®ã³ã‚“,,é‡‘å±žãƒ»ç‡ƒã‚„ã›ãªã„ã”ã¿,ãµãŸã‚’å¤–ã—ã€ä¸­èº«ã‚’ä½¿ã„åˆ‡ã£ã¦æ±šã‚Œã‚’é™¤ã,é€æ˜Žã¾ãŸã¯åŠé€æ˜Žè¢‹,,FALSE,FALSE,FALSE,,FALSE,,S-M021-02,https://www.info.city.tsu.mie.jp/_res/projects/default_project/_page_/001/001/598/8.4guidebook.pdf,p4 ã”ã¿ã®åˆ†åˆ¥åŒºåˆ†ä¸€è¦§ãƒ»ã³ã‚“,2026-08-18,SORT_BUCKET,CURRENT,,
M021,C-M021-10,å®¹å™¨åŒ…è£…ãƒ—ãƒ©ã‚¹ãƒãƒƒã‚¯ï¼ˆå®¹ãƒ—ãƒ©ï¼‰,å®¹å™¨åŒ…è£…ãƒ—ãƒ©ã‚¹ãƒãƒƒã‚¯ï¼ˆå®¹ãƒ—ãƒ©ï¼‰,,PRIMARY,10,CURBSIDE,ãƒ—ãƒ©ãƒžãƒ¼ã‚¯ä»˜ãå®¹å™¨åŒ…è£…,æ±šã‚ŒãŒå–ã‚Œãªã„ç‰©ã€å®¹å™¨åŒ…è£…ã§ãªã„è£½å“ãƒ—ãƒ©,,æ±šã‚ŒãŒå–ã‚Œãªã„ç‰©ã¯ç‡ƒã‚„ã›ã‚‹ã”ã¿ã€è£½å“ãƒ—ãƒ©ã¯ãã®ä»–ãƒ—ãƒ©ã‚¹ãƒãƒƒã‚¯,ç•°ç‰©ãŒæ®‹ã‚‰ãªã„ã‚ˆã†è»½ãã™ã™ã,é€æ˜Žã¾ãŸã¯åŠé€æ˜Žè¢‹,,FALSE,FALSE,FALSE,,FALSE,,S-M021-02,https://www.info.city.tsu.mie.jp/_res/projects/default_project/_page_/001/001/598/8.4guidebook.pdf,p4 ã”ã¿ã®åˆ†åˆ¥åŒºåˆ†ä¸€è¦§ãƒ»å®¹å™¨åŒ…è£…ãƒ—ãƒ©ã‚¹ãƒãƒƒã‚¯ï¼ˆå®¹ãƒ—ãƒ©ï¼‰,2026-08-18,SORT_BUCKET,CURRENT,,
M021,C-M021-11,ãã®ä»–ãƒ—ãƒ©ã‚¹ãƒãƒƒã‚¯ï¼ˆä»–ãƒ—ãƒ©ï¼‰,ãã®ä»–ãƒ—ãƒ©ã‚¹ãƒãƒƒã‚¯ï¼ˆä»–ãƒ—ãƒ©ï¼‰,,PRIMARY,11,CURBSIDE,å®¹å™¨åŒ…è£…ä»¥å¤–ã®å…¨ã¦ãƒ—ãƒ©ã‚¹ãƒãƒƒã‚¯è£½å“,é‡‘å±žãŒå–ã‚Šå¤–ã›ãªã„ç‰©ã€é›»æ± ãƒ»åˆƒç‰©ç­‰ã®å±é™ºç‰©,,é‡‘å±žãŒå¤–ã›ãªã„ç‰©ã¯é‡‘å±žãƒ»ç‡ƒã‚„ã›ãªã„ã”ã¿ã€å±é™ºç‰©ã¯å±é™ºã”ã¿,æ±šã‚Œã‚’å¯èƒ½ãªé™ã‚Šå–ã‚Šé™¤ã,é€æ˜Žã¾ãŸã¯åŠé€æ˜Žè¢‹ã€‚è¢‹ã«å…¥ã‚‰ãªã„å ´åˆã¯é£›æ•£é˜²æ­¢,,FALSE,FALSE,FALSE,,FALSE,,S-M021-02,https://www.info.city.tsu.mie.jp/_res/projects/default_project/_page_/001/001/598/8.4guidebook.pdf,p4 ã”ã¿ã®åˆ†åˆ¥åŒºåˆ†ä¸€è¦§ãƒ»ãã®ä»–ãƒ—ãƒ©ã‚¹ãƒãƒƒã‚¯ï¼ˆä»–ãƒ—ãƒ©ï¼‰,2026-08-18,SORT_BUCKET,CURRENT,,
M021,C-M021-12,ç‡ƒã‚„ã›ã‚‹ã”ã¿ï¼ˆå¯ç‡ƒï¼‰,ç‡ƒã‚„ã›ã‚‹ã”ã¿ï¼ˆå¯ç‡ƒï¼‰,,PRIMARY,12,CURBSIDE,ç”Ÿã”ã¿ãƒ»ç´™ããšãƒ»é©ãƒ»ã‚´ãƒ ,è³‡æºåŒ–ã§ãã‚‹ç‰©ã€é‡‘å±žãƒ»ã‚¬ãƒ©ã‚¹ç­‰,,å„è³‡æºåŒºåˆ†ã¾ãŸã¯é‡‘å±žãƒ»ç‡ƒã‚„ã›ãªã„ã”ã¿,ç”Ÿã”ã¿ã¯æ°´ã‚’åˆ‡ã‚Šã€æ±šç‰©ã¯ãƒˆã‚¤ãƒ¬ã¸æµã™,é€æ˜Žã¾ãŸã¯åŠé€æ˜Žè¢‹,,FALSE,FALSE,FALSE,,FALSE,,S-M021-02,https://www.info.city.tsu.mie.jp/_res/projects/default_project/_page_/001/001/598/8.4guidebook.pdf,p4 ã”ã¿ã®åˆ†åˆ¥åŒºåˆ†ä¸€è¦§ãƒ»ç‡ƒã‚„ã›ã‚‹ã”ã¿ï¼ˆå¯ç‡ƒï¼‰,2026-08-18,SORT_BUCKET,CURRENT,,
M021,C-M021-13,å¸‚ã§åŽé›†ãƒ»å‡¦ç†ã§ããªã„ã‚‚ã®,å¸‚ã§åŽé›†ãƒ»å‡¦ç†ã§ããªã„ã‚‚ã®,,EXCLUDED,13,NOT_COLLECTED,å®¶é›»4å“ç›®ãƒ»ãƒ‘ã‚½ã‚³ãƒ³ãƒ»å‡¦ç†å›°é›£ç‰©ãƒ»äº‹æ¥­ã”ã¿,NOT_STATED_IN_CITED_SOURCE,,è²©å£²åº—ãƒ»ãƒ¡ãƒ¼ã‚«ãƒ¼ãƒ»å°‚é–€æ¥­è€…,å—å…¥å…ˆã®æŒ‡ç¤ºã«å¾“ã†,é›†ç©æ‰€ã«å‡ºã•ãªã„,,FALSE,FALSE,FALSE,,TRUE,,S-M021-02,https://www.info.city.tsu.mie.jp/_res/projects/default_project/_page_/001/001/598/8.4guidebook.pdf,å¸‚ã§åŽé›†ãƒ»å‡¦ç†ã§ããªã„ã‚‚ã®,2026-08-18,EXCLUDED_NOTICE,CURRENT,,
M022,C-M022-01,å¯ç‡ƒã”ã¿,å¯ç‡ƒã”ã¿,,PRIMARY,1,CURBSIDE,ç”Ÿã”ã¿ãƒ»ç´™ããšãƒ»å¸ƒåˆ‡ã‚Œãƒ»æœ¨ããšãƒ»ãƒ—ãƒ©ã‚¹ãƒãƒƒã‚¯è£½å“,NOT_STATED_IN_CITED_SOURCE,,NOT_STATED_IN_CITED_SOURCE,ç”Ÿã”ã¿ã¯æ°´ã‚’åˆ‡ã‚‹,45Lä»¥ä¸‹ã®é€æ˜Žãƒ»åŠé€æ˜Žè¢‹,,FALSE,FALSE,FALSE,,FALSE,,S-M022-02,https://www.city.shijonawate.lg.jp/uploaded/attachment/37047.pdf,p4 å¯ç‡ƒã”ã¿,2026-08-18,SORT_BUCKET,CURRENT,,
M022,C-M022-02,ãƒšãƒƒãƒˆãƒœãƒˆãƒ«,ãƒšãƒƒãƒˆãƒœãƒˆãƒ«,,PRIMARY,2,CURBSIDE,PETãƒžãƒ¼ã‚¯ã®ãƒœãƒˆãƒ«,NOT_STATED_IN_CITED_SOURCE,,NOT_STATED_IN_CITED_SOURCE,ã‚­ãƒ£ãƒƒãƒ—ã¨ãƒ©ãƒ™ãƒ«ã‚’å¤–ã—ã™ã™ã,45Lä»¥ä¸‹ã®é€æ˜Žãƒ»åŠé€æ˜Žè¢‹,,FALSE,FALSE,FALSE,,FALSE,,S-M022-02,https://www.city.shijonawate.lg.jp/uploaded/attachment/37047.pdf,p4 ãƒšãƒƒãƒˆãƒœãƒˆãƒ«,2026-08-18,SORT_BUCKET,CURRENT,,
M022,C-M022-03,ãƒ—ãƒ©ã‚¹ãƒãƒƒã‚¯è£½å®¹å™¨åŒ…è£…,ãƒ—ãƒ©ã‚¹ãƒãƒƒã‚¯è£½å®¹å™¨åŒ…è£…,,PRIMARY,3,CURBSIDE,ãƒ—ãƒ©ãƒžãƒ¼ã‚¯ä»˜ãå®¹å™¨åŒ…è£…,NOT_STATED_IN_CITED_SOURCE,,æ±šã‚ŒãŒè½ã¡ãªã„ç‰©ã¯å¯ç‡ƒã”ã¿,æ±šã‚Œã‚’è½ã¨ã™,45Lä»¥ä¸‹ã®é€æ˜Žãƒ»åŠé€æ˜Žè¢‹,,FALSE,FALSE,FALSE,,FALSE,,S-M022-02,https://www.city.shijonawate.lg.jp/uploaded/attachment/37047.pdf,p4 ãƒ—ãƒ©ã‚¹ãƒãƒƒã‚¯è£½å®¹å™¨åŒ…è£…,2026-08-18,SORT_BUCKET,CURRENT,,
M022,C-M022-04,ç©ºãç¼¶,ç©ºãç¼¶,,PRIMARY,4,CURBSIDE,é£²é£Ÿç”¨ç¼¶,NOT_STATED_IN_CITED_SOURCE,,NOT_STATED_IN_CITED_SOURCE,ä¸­ã‚’ã™ã™ã,45Lä»¥ä¸‹ã®é€æ˜Žãƒ»åŠé€æ˜Žè¢‹,,FALSE,FALSE,FALSE,,FALSE,,S-M022-02,https://www.city.shijonawate.lg.jp/uploaded/attachment/37047.pdf,p4 ç©ºãç¼¶,2026-08-18,SORT_BUCKET,CURRENT,,
M022,C-M022-05,ç©ºãã³ã‚“,ç©ºãã³ã‚“,,PRIMARY,5,CURBSIDE,é£²é£Ÿç”¨ãƒ»åŒ–ç²§å“ã³ã‚“,NOT_STATED_IN_CITED_SOURCE,,NOT_STATED_IN_CITED_SOURCE,ä¸­ã‚’ã™ã™ã,45Lä»¥ä¸‹ã®é€æ˜Žãƒ»åŠé€æ˜Žè¢‹,,FALSE,FALSE,FALSE,,FALSE,,S-M022-02,https://www.city.shijonawate.lg.jp/uploaded/attachment/37047.pdf,p4 ç©ºãã³ã‚“,2026-08-18,SORT_BUCKET,CURRENT,,
M022,C-M022-06,ã‚¹ãƒ—ãƒ¬ãƒ¼ç¼¶ãƒ»ã‚«ã‚»ãƒƒãƒˆãƒœãƒ³ãƒ™,ã‚¹ãƒ—ãƒ¬ãƒ¼ç¼¶ãƒ»ã‚«ã‚»ãƒƒãƒˆãƒœãƒ³ãƒ™,,PRIMARY,6,CURBSIDE,ã‚¹ãƒ—ãƒ¬ãƒ¼ç¼¶ãƒ»ã‚«ã‚»ãƒƒãƒˆãƒœãƒ³ãƒ™,NOT_STATED_IN_CITED_SOURCE,,NOT_STATED_IN_CITED_SOURCE,ä¸­èº«ã‚’ä½¿ã„åˆ‡ã‚Šç©´ã‚’é–‹ã‘ãšåˆ¥è¢‹,ä»–ã®ç¼¶ã³ã‚“ã¨åˆ†ã‘ã‚‹,,FALSE,FALSE,FALSE,,FALSE,,S-M022-02,https://www.city.shijonawate.lg.jp/uploaded/attachment/37047.pdf,p4 ç©ºãç¼¶ãƒ»ç©ºãã³ã‚“,2026-08-18,SORT_BUCKET,CURRENT,,
M022,C-M022-07,å»ƒé£Ÿç”¨æ²¹,å»ƒé£Ÿç”¨æ²¹,,PRIMARY,7,DROP_OFF,å®¶åº­ã®æ¤ç‰©æ€§é£Ÿç”¨æ²¹,NOT_STATED_IN_CITED_SOURCE,,NOT_STATED_IN_CITED_SOURCE,å†·ã¾ã—ã¦æŒ‡å®šå®¹å™¨ã«å…¥ã‚Œã‚‹,æŒ‡å®šå›žåŽå®¹å™¨,,FALSE,FALSE,FALSE,,FALSE,,S-M022-02,https://www.city.shijonawate.lg.jp/uploaded/attachment/37047.pdf,p5 å»ƒæ²¹å›žåŽ,2026-08-18,REFERENCE_ONLY,CURRENT,,
M022,C-M022-08,ä¹¾é›»æ± ãƒ»è›å…‰ç®¡,ä¹¾é›»æ± ãƒ»è›å…‰ç®¡,,PRIMARY,8,DROP_OFF,ä¹¾é›»æ± ãƒ»è›å…‰ç®¡,NOT_STATED_IN_CITED_SOURCE,,NOT_STATED_IN_CITED_SOURCE,é›»æ± ã‚’çµ¶ç¸ã—è›å…‰ç®¡ã¯ç ´æé˜²æ­¢,çª“å£ãƒ»æ‹ ç‚¹å›žåŽ,,FALSE,FALSE,FALSE,,FALSE,,S-M022-02,https://www.city.shijonawate.lg.jp/uploaded/attachment/37047.pdf,p5 æœ‰å®³è³‡æºã”ã¿,2026-08-18,REFERENCE_ONLY,CURRENT,,
M022,C-M022-09,å°åž‹å……é›»å¼é›»æ± ,å°åž‹å……é›»å¼é›»æ± ,,PRIMARY,9,DROP_OFF,ãƒ‹ã‚«ãƒ‰ãƒ»ãƒ‹ãƒƒã‚±ãƒ«æ°´ç´ ãƒ»ãƒªãƒã‚¦ãƒ ã‚¤ã‚ªãƒ³é›»æ± ,NOT_STATED_IN_CITED_SOURCE,,NOT_STATED_IN_CITED_SOURCE,ç«¯å­ã‚’çµ¶ç¸,çª“å£ãƒ»æ‹ ç‚¹å›žåŽ,,FALSE,FALSE,FALSE,,FALSE,,S-M022-02,https://www.city.shijonawate.lg.jp/uploaded/attachment/37047.pdf,p5 æœ‰å®³è³‡æºã”ã¿,2026-08-18,REFERENCE_ONLY,CURRENT,,
M022,C-M022-10,æ°´éŠ€å¼æ¸©åº¦è¨ˆãƒ»ä½“æ¸©è¨ˆãƒ»è¡€åœ§è¨ˆ,æ°´éŠ€å¼æ¸©åº¦è¨ˆãƒ»ä½“æ¸©è¨ˆãƒ»è¡€åœ§è¨ˆ,,PRIMARY,10,DROP_OFF,æ°´éŠ€å¼è¨ˆæ¸¬å™¨,NOT_STATED_IN_CITED_SOURCE,,NOT_STATED_IN_CITED_SOURCE,ç ´æã—ãªã„ã‚ˆã†ä¿è­·,çª“å£ãƒ»æ‹ ç‚¹å›žåŽ,,FALSE,FALSE,FALSE,,FALSE,,S-M022-02,https://www.city.shijonawate.lg.jp/uploaded/attachment/37047.pdf,p5 æœ‰å®³è³‡æºã”ã¿,2026-08-18,REFERENCE_ONLY,CURRENT,,
M022,C-M022-11,ä½¿ã„æ¨ã¦ãƒ©ã‚¤ã‚¿ãƒ¼,ä½¿ã„æ¨ã¦ãƒ©ã‚¤ã‚¿ãƒ¼,,PRIMARY,11,DROP_OFF,ä½¿ã„æ¨ã¦ãƒ©ã‚¤ã‚¿ãƒ¼,NOT_STATED_IN_CITED_SOURCE,,NOT_STATED_IN_CITED_SOURCE,ä¸­èº«ã‚’ä½¿ã„åˆ‡ã‚‹,çª“å£ãƒ»æ‹ ç‚¹å›žåŽ,,FALSE,FALSE,FALSE,,FALSE,,S-M022-02,https://www.city.shijonawate.lg.jp/uploaded/attachment/37047.pdf,p5 æœ‰å®³è³‡æºã”ã¿,2026-08-18,REFERENCE_ONLY,CURRENT,,
M022,C-M022-12,ç²—å¤§ã”ã¿ãƒ»ä¸ç‡ƒã”ã¿,ç²—å¤§ã”ã¿ãƒ»ä¸ç‡ƒã”ã¿,,PRIMARY,12,BOOKED_PICKUP,å®¶å…·ãƒ»å¯å…·ãƒ»é™¶ç£å™¨ãƒ»ã‚¬ãƒ©ã‚¹ãƒ»å¤§åž‹å“,NOT_STATED_IN_CITED_SOURCE,,NOT_STATED_IN_CITED_SOURCE,NOT_STATED_IN_CITED_SOURCE,,,CONDITIONAL,TRUE,TRUE,æŒ‡å®šå“ç›®ãƒ»å¤§ãã•åˆ¥æ‰‹æ•°æ–™,FALSE,,S-M022-02,https://www.city.shijonawate.lg.jp/uploaded/attachment/37047.pdf,p6-9 ç²—å¤§ã”ã¿ãƒ»ä¸ç‡ƒã”ã¿,2026-08-18,REFERENCE_ONLY,CURRENT,,
M022,C-M022-13,å¸‚ã§ã¯åŽé›†ã—ãªã„ã”ã¿,å¸‚ã§ã¯åŽé›†ã—ãªã„ã”ã¿,,EXCLUDED,13,NOT_COLLECTED,å®¶é›»4å“ç›®ãƒ»ãƒ‘ã‚½ã‚³ãƒ³ãƒ»å‡¦ç†å›°é›£ç‰©,NOT_STATED_IN_CITED_SOURCE,,è²©å£²åº—ãƒ»ãƒ¡ãƒ¼ã‚«ãƒ¼ãƒ»å°‚é–€æ¥­è€…,å—å…¥å…ˆã®æŒ‡ç¤ºã«å¾“ã†,é›†ç©æ‰€ã«å‡ºã•ãªã„,,FALSE,FALSE,FALSE,,TRUE,,S-M022-02,https://www.city.shijonawate.lg.jp/uploaded/attachment/37047.pdf,å¸‚ã§ã¯åŽé›†ã—ãªã„ã”ã¿,2026-08-18,EXCLUDED_NOTICE,CURRENT,,
M023,C-M023-01,æ™®é€šã”ã¿,æ™®é€šã”ã¿,,PRIMARY,1,CURBSIDE,ç”Ÿã”ã¿ãƒ»è³‡æºåŒ–å¯¾è±¡å¤–ã®å®¶åº­ã”ã¿,è³‡æºã”ã¿ãƒ»ãƒ—ãƒ©ã‚¹ãƒãƒƒã‚¯è³‡æºãƒ»å¤ç´™è¡£é¡žãƒ»ç²—å¤§ã”ã¿å¯¾è±¡,,å„åˆ†åˆ¥åŒºåˆ†ã¾ãŸã¯ç²—å¤§ã”ã¿,ç”Ÿã”ã¿ã¯æ°´åˆ†ã‚’åˆ‡ã‚‹,é€æ˜Žã¾ãŸã¯åŠé€æ˜Žã®ä¸­èº«ãŒè¦‹ãˆã‚‹è¢‹,æœ€å¤§è¾ºãƒ»å¾„30cmä»¥å†…ã€æ£’çŠ¶1mä»¥å†…,FALSE,FALSE,FALSE,,FALSE,,S-M023-03,https://www.city.osaka.lg.jp/kankyo/page/0000009139.html,æ™®é€šã”ã¿åŽé›†ï¼å¯¾è±¡ã¨ãªã‚‹ã”ã¿,2026-08-19,SORT_BUCKET,CURRENT,,
M023,C-M023-02,è³‡æºã”ã¿,è³‡æºã”ã¿,,PRIMARY,2,CURBSIDE,ç©ºãç¼¶ãƒ»ç©ºãã³ã‚“ãƒ»ãƒšãƒƒãƒˆãƒœãƒˆãƒ«ãƒ»é‡‘å±žè£½ç”Ÿæ´»ç”¨å“,NOT_STATED_IN_CITED_SOURCE,,NOT_STATED_IN_CITED_SOURCE,ä¸­èº«ã‚’ä½¿ã„åˆ‡ã‚Šã€å®¹å™¨ã¯è»½ãã™ã™ã,,,FALSE,FALSE,FALSE,,FALSE,,S-M023-01,https://www.city.osaka.lg.jp/kankyo/page/0000009337.html,å®šæ›œæ—¥ã«åŽé›†ã™ã‚‹ã”ã¿ï¼è³‡æºã”ã¿,2026-08-19,SORT_BUCKET,CURRENT,,
M023,C-M023-03,ãƒ—ãƒ©ã‚¹ãƒãƒƒã‚¯è³‡æº,ãƒ—ãƒ©ã‚¹ãƒãƒƒã‚¯è³‡æº,,PRIMARY,3,CURBSIDE,ãƒ—ãƒ©ãƒžãƒ¼ã‚¯å®¹å™¨åŒ…è£…ãƒ»å¯¾è±¡ãƒ—ãƒ©ã‚¹ãƒãƒƒã‚¯è£½å“,NOT_STATED_IN_CITED_SOURCE,,æ±šã‚ŒãŒå–ã‚Œãªã„ç‰©ç­‰ã¯æ™®é€šã”ã¿,ä¸­èº«ã‚„æ±šã‚Œã‚’å–ã‚Šé™¤ã,,,FALSE,FALSE,FALSE,,FALSE,,S-M023-01,https://www.city.osaka.lg.jp/kankyo/page/0000009337.html,å®šæ›œæ—¥ã«åŽé›†ã™ã‚‹ã”ã¿ï¼ãƒ—ãƒ©ã‚¹ãƒãƒƒã‚¯è³‡æº,2026-08-19,SORT_BUCKET,CURRENT,,
M023,C-M023-04,å¤ç´™ãƒ»è¡£é¡ž,å¤ç´™ãƒ»è¡£é¡ž,,PRIMARY,4,CURBSIDE,æ–°èžãƒ»æ®µãƒœãƒ¼ãƒ«ãƒ»ç´™ãƒ‘ãƒƒã‚¯ãƒ»é›‘èªŒãã®ä»–ã®ç´™ãƒ»è¡£é¡ž,NOT_STATED_IN_CITED_SOURCE,,NOT_STATED_IN_CITED_SOURCE,å¤ç´™ã¯ç¨®é¡žåˆ¥ã«ã¾ã¨ã‚ã€è¡£é¡žã¯æ´—æ¿¯ã—ã¦ä¹¾ã‹ã™,,,FALSE,FALSE,FALSE,,FALSE,,S-M023-01,https://www.city.osaka.lg.jp/kankyo/page/0000009337.html,å®šæ›œæ—¥ã«åŽé›†ã™ã‚‹ã”ã¿ï¼å¤ç´™ãƒ»è¡£é¡ž,2026-08-19,SORT_BUCKET,CURRENT,,
M023,C-M023-05,ç²—å¤§ã”ã¿,ç²—å¤§ã”ã¿,,PRIMARY,5,BOOKED_PICKUP,30cmã‚’è¶…ãˆã‚‹å®¶å…·ç­‰ãƒ»æ£’çŠ¶1mè¶…,NOT_STATED_IN_CITED_SOURCE,,NOT_STATED_IN_CITED_SOURCE,NOT_STATED_IN_CITED_SOURCE,,,TRUE,TRUE,TRUE,,FALSE,,S-M023-01,https://www.city.osaka.lg.jp/kankyo/page/0000009337.html,ç²—å¤§ã”ã¿ã¸ã®å…¬å¼å°Žç·š,2026-08-19,REFERENCE_ONLY,CURRENT,,
M023,C-M023-06,ãƒªãƒã‚¦ãƒ ã‚¤ã‚ªãƒ³é›»æ± ç­‰,ãƒªãƒã‚¦ãƒ ã‚¤ã‚ªãƒ³é›»æ± ç­‰,,PRIMARY,6,DROP_OFF,å°åž‹å……é›»å¼é›»æ± ãƒ»ãƒ¢ãƒã‚¤ãƒ«ãƒãƒƒãƒ†ãƒªãƒ¼ãƒ»é›»æ± å†…è”µæ©Ÿå™¨,æ™®é€šã”ã¿ã¸ã®æ··å…¥,,å¸‚æŒ‡å®šã®å›žåŽæ–¹æ³•,ç«¯å­ã‚’çµ¶ç¸ã™ã‚‹,,,FALSE,FALSE,FALSE,,FALSE,,S-M023-03,https://www.city.osaka.lg.jp/kankyo/page/0000009139.html,æ™®é€šã”ã¿åŽé›†ï¼ãƒªãƒã‚¦ãƒ ã‚¤ã‚ªãƒ³é›»æ± ç­‰ã®å›žåŽ,2026-08-19,REFERENCE_ONLY,CURRENT,,
M023,C-M023-07,å°åž‹å®¶é›»å›žåŽ,å°åž‹å®¶é›»å›žåŽ,,PRIMARY,7,DROP_OFF,å›žåŽå¯¾è±¡ã®ä½¿ç”¨æ¸ˆå°åž‹å®¶é›»,NOT_STATED_IN_CITED_SOURCE,,NOT_STATED_IN_CITED_SOURCE,å€‹äººæƒ…å ±ã‚’æ¶ˆåŽ»ã—é›»æ± ã‚’å¤–ã™,,,FALSE,FALSE,FALSE,,FALSE,,S-M023-01,https://www.city.osaka.lg.jp/kankyo/page/0000009337.html,å°åž‹å®¶é›»ãƒªã‚µã‚¤ã‚¯ãƒ«å›žåŽã¸ã®å…¬å¼å°Žç·š,2026-08-19,REFERENCE_ONLY,CURRENT,,
M023,C-M023-08,æ‹ ç‚¹å›žåŽ,æ‹ ç‚¹å›žåŽ,,PRIMARY,8,DROP_OFF,å¸‚ãŒæŒ‡å®šã™ã‚‹è³‡æºç‰©,NOT_STATED_IN_CITED_SOURCE,,NOT_STATED_IN_CITED_SOURCE,NOT_STATED_IN_CITED_SOURCE,,,FALSE,FALSE,FALSE,,FALSE,,S-M023-01,https://www.city.osaka.lg.jp/kankyo/page/0000009337.html,æ‹ ç‚¹å›žåŽã¸ã®å…¬å¼å°Žç·š,2026-08-19,REFERENCE_ONLY,CURRENT,,
M023,C-M023-09,å¤§é˜ªå¸‚ã§åŽé›†ã—ãªã„ã‚‚ã®,å¤§é˜ªå¸‚ã§åŽé›†ã—ãªã„ã‚‚ã®,,EXCLUDED,9,NOT_COLLECTED,å®¶é›»4å“ç›®ãƒ»å‡¦ç†å›°é›£ç‰©ç­‰,å¸‚ã®å®¶åº­ã”ã¿åŽé›†ã¸ã®æŽ’å‡º,,è²©å£²åº—ãƒ»ãƒ¡ãƒ¼ã‚«ãƒ¼ç­‰ã¸ç›¸è«‡,å—å…¥å…ˆã®æŒ‡ç¤ºã«å¾“ã†,,,FALSE,FALSE,FALSE,,TRUE,,S-M023-03,https://www.city.osaka.lg.jp/kankyo/page/0000009139.html,æ™®é€šã”ã¿åŽé›†ï¼å¤§é˜ªå¸‚ã§åŽé›†ã—ãªã„ã‚‚ã®,2026-08-19,EXCLUDED_NOTICE,CURRENT,,
M024,C-M024-01,å¤§åž‹ã”ã¿,å¤§åž‹ã”ã¿,,PRIMARY,1,BOOKED_PICKUP,æŒ‡å®šè¢‹ã«å…¥ã‚‰ãªã„åˆã¯ä¸€å®šé‡é‡ä»¥ä¸Šã®å¤§åž‹å“,NOT_STATED_IN_CITED_SOURCE,,NOT_STATED_IN_CITED_SOURCE,NOT_STATED_IN_CITED_SOURCE,,,TRUE,TRUE,TRUE,,FALSE,,S-M024-01,https://www.city.kobe.lg.jp/a04164/kurashi/recycle/gomi/dashikata/calendar/suma/jinbucho.html,ã”ã¿ã®å‡ºã—æ–¹ãƒ»åˆ†åˆ¥ï¼å¤§åž‹ã”ã¿,2026-08-19,REFERENCE_ONLY,CURRENT,,
M024,C-M024-02,ç‡ƒãˆãªã„ã”ã¿,ç‡ƒãˆãªã„ã”ã¿,,PRIMARY,2,CURBSIDE,é™¶ç£å™¨ãƒ»ã‚¬ãƒ©ã‚¹ãƒ»é‡‘å±žè£½å“ç­‰,NOT_STATED_IN_CITED_SOURCE,,NOT_STATED_IN_CITED_SOURCE,NOT_STATED_IN_CITED_SOURCE,,,FALSE,FALSE,FALSE,,FALSE,,S-M024-01,https://www.city.kobe.lg.jp/a04164/kurashi/recycle/gomi/dashikata/calendar/suma/jinbucho.html,ã”ã¿ã®å‡ºã—æ–¹ãƒ»åˆ†åˆ¥ï¼ç‡ƒãˆãªã„ã”ã¿,2026-08-19,SORT_BUCKET,CURRENT,,
M024,C-M024-03,ã‚«ã‚»ãƒƒãƒˆãƒœãƒ³ãƒ™ãƒ»ã‚¹ãƒ—ãƒ¬ãƒ¼ç¼¶,ã‚«ã‚»ãƒƒãƒˆãƒœãƒ³ãƒ™ãƒ»ã‚¹ãƒ—ãƒ¬ãƒ¼ç¼¶,,PRIMARY,3,CURBSIDE,ã‚«ã‚»ãƒƒãƒˆãƒœãƒ³ãƒ™ãƒ»ã‚¹ãƒ—ãƒ¬ãƒ¼ç¼¶,ç‡ƒãˆãªã„ã”ã¿æŒ‡å®šè¢‹ã¸ã®æ··å…¥,,NOT_STATED_IN_CITED_SOURCE,ä¸­èº«ã‚’ä½¿ã„åˆ‡ã‚‹,æŒ‡å®šè¢‹ä»¥å¤–ã®ä¸­èº«ãŒè¦‹ãˆã‚‹è¢‹,,FALSE,FALSE,FALSE,,FALSE,,S-M024-01,https://www.city.kobe.lg.jp/a04164/kurashi/recycle/gomi/dashikata/calendar/suma/jinbucho.html,ã”ã¿ã®å‡ºã—æ–¹ãƒ»åˆ†åˆ¥ï¼ã‚«ã‚»ãƒƒãƒˆãƒœãƒ³ãƒ™ãƒ»ã‚¹ãƒ—ãƒ¬ãƒ¼ç¼¶,2026-08-19,SORT_BUCKET,CURRENT,,
M024,C-M024-04,ç‡ƒãˆã‚‹ã”ã¿,ç‡ƒãˆã‚‹ã”ã¿,,PRIMARY,4,CURBSIDE,ç”Ÿã”ã¿ãƒ»ç´™ããšãƒ»å¯¾è±¡å¤–ãƒ—ãƒ©ã‚¹ãƒãƒƒã‚¯è£½å“ç­‰,NOT_STATED_IN_CITED_SOURCE,,NOT_STATED_IN_CITED_SOURCE,ç”Ÿã”ã¿ã¯æ°´åˆ‡ã‚Š,,,FALSE,FALSE,FALSE,,FALSE,,S-M024-01,https://www.city.kobe.lg.jp/a04164/kurashi/recycle/gomi/dashikata/calendar/suma/jinbucho.html,ã”ã¿ã®å‡ºã—æ–¹ãƒ»åˆ†åˆ¥ï¼ç‡ƒãˆã‚‹ã”ã¿,2026-08-19,SORT_BUCKET,CURRENT,,
M024,C-M024-05,å®¹å™¨åŒ…è£…ãƒ—ãƒ©ã‚¹ãƒãƒƒã‚¯,å®¹å™¨åŒ…è£…ãƒ—ãƒ©ã‚¹ãƒãƒƒã‚¯,,PRIMARY,5,CURBSIDE,ãƒ—ãƒ©ãƒžãƒ¼ã‚¯ä»˜ãå®¹å™¨åŒ…è£…ãƒ»PETã®ã‚­ãƒ£ãƒƒãƒ—ã¨ãƒ©ãƒ™ãƒ«,æ±šã‚ŒãŒç°¡å˜ã«å–ã‚Œãªã„ç‰©ãƒ»è£½å“ãƒ—ãƒ©ã‚¹ãƒãƒƒã‚¯,,ç‡ƒãˆã‚‹ã”ã¿,ä¸­èº«ã‚’ä½¿ã„åˆ‡ã‚Šæ±šã‚Œã‚’å–ã‚Šé™¤ã,,,FALSE,FALSE,FALSE,,FALSE,,S-M024-02,https://www.city.kobe.lg.jp/a04164/kurashi/recycle/gomi/faq/qa.html,Q&Aï¼PETã‚­ãƒ£ãƒƒãƒ—ãƒ»ãƒ©ãƒ™ãƒ«ã€å®¹å™¨åŒ…è£…ãƒ—ãƒ©ã‚¹ãƒãƒƒã‚¯,2026-08-19,SORT_BUCKET,CURRENT,,
M024,C-M024-06,ç¼¶ãƒ»ã³ã‚“ãƒ»ãƒšãƒƒãƒˆãƒœãƒˆãƒ«,ç¼¶ãƒ»ã³ã‚“ãƒ»ãƒšãƒƒãƒˆãƒœãƒˆãƒ«,,PRIMARY,6,CURBSIDE,é£²é£Ÿç”¨ç¼¶ãƒ»ã³ã‚“ãƒ»PETãƒžãƒ¼ã‚¯ã®ãƒœãƒˆãƒ«,å‰²ã‚ŒãŸã³ã‚“ãƒ»åŒ–ç²§å“ã³ã‚“,,ç‡ƒãˆãªã„ã”ã¿,ä¸­èº«ã‚’ä½¿ã„åˆ‡ã‚Šè»½ãã™ã™ãã€‚PETã¯ã‚­ãƒ£ãƒƒãƒ—ã¨ãƒ©ãƒ™ãƒ«ã‚’å¤–ã™,,,FALSE,FALSE,FALSE,,FALSE,,S-M024-02,https://www.city.kobe.lg.jp/a04164/kurashi/recycle/gomi/faq/qa.html,Q&Aï¼ç¼¶ãƒ»ã³ã‚“ãƒ»ãƒšãƒƒãƒˆãƒœãƒˆãƒ«,2026-08-19,SORT_BUCKET,CURRENT,,
M024,C-M024-07,è³‡æºé›†å›£å›žåŽ,è³‡æºé›†å›£å›žåŽ,,PRIMARY,7,DROP_OFF,æ–°èžãƒ»æ®µãƒœãƒ¼ãƒ«ãƒ»å¤ç€ãƒ»å¤å¸ƒ,NOT_STATED_IN_CITED_SOURCE,,NOT_STATED_IN_CITED_SOURCE,NOT_STATED_IN_CITED_SOURCE,,,FALSE,FALSE,FALSE,,FALSE,,S-M024-01,https://www.city.kobe.lg.jp/a04164/kurashi/recycle/gomi/dashikata/calendar/suma/jinbucho.html,åœ°åŸŸã§ã®è³‡æºå›žåŽ,2026-08-19,REFERENCE_ONLY,CURRENT,,
M024,C-M024-08,é›»æ± é¡žå›žåŽãƒœãƒƒã‚¯ã‚¹,é›»æ± é¡žå›žåŽãƒœãƒƒã‚¯ã‚¹,,PRIMARY,8,DROP_OFF,ãƒ¢ãƒã‚¤ãƒ«ãƒãƒƒãƒ†ãƒªãƒ¼ãƒ»ãƒªãƒã‚¦ãƒ ã‚¤ã‚ªãƒ³é›»æ± ãƒ»ãƒœã‚¿ãƒ³é›»æ± ç­‰,NOT_STATED_IN_CITED_SOURCE,,NOT_STATED_IN_CITED_SOURCE,ç«¯å­ã‚’çµ¶ç¸ã™ã‚‹,,,FALSE,FALSE,FALSE,,FALSE,,S-M024-01,https://www.city.kobe.lg.jp/a04164/kurashi/recycle/gomi/dashikata/calendar/suma/jinbucho.html,å®¶åº­ã”ã¿é–¢é€£ãƒˆãƒ”ãƒƒã‚¯ã‚¹ï¼é›»æ± é¡žå›žåŽãƒœãƒƒã‚¯ã‚¹,2026-08-19,REFERENCE_ONLY,CURRENT,,
M024,C-M024-09,å°åž‹å®¶é›»ãƒªã‚µã‚¤ã‚¯ãƒ«å›žåŽ,å°åž‹å®¶é›»ãƒªã‚µã‚¤ã‚¯ãƒ«å›žåŽ,,PRIMARY,9,DROP_OFF,å›žåŽå¯¾è±¡ã®ä½¿ç”¨æ¸ˆå°åž‹å®¶é›»,NOT_STATED_IN_CITED_SOURCE,,NOT_STATED_IN_CITED_SOURCE,å€‹äººæƒ…å ±ã‚’æ¶ˆåŽ»ã—é›»æ± ã‚’å¤–ã™,,,FALSE,FALSE,FALSE,,FALSE,,S-M024-01,https://www.city.kobe.lg.jp/a04164/kurashi/recycle/gomi/dashikata/calendar/suma/jinbucho.html,å›žåŽå”åŠ›åº—ãªã©ã§å›žåŽï¼å°åž‹å®¶é›»,2026-08-19,REFERENCE_ONLY,CURRENT,,
M024,C-M024-10,è›å…‰ç®¡å›žåŽ,è›å…‰ç®¡å›žåŽ,,PRIMARY,10,DROP_OFF,è›å…‰ç®¡ãƒ»è›å…‰ç¯,NOT_STATED_IN_CITED_SOURCE,,NOT_STATED_IN_CITED_SOURCE,ç ´æã—ãªã„ã‚ˆã†ä¿è­·,,,FALSE,FALSE,FALSE,,FALSE,,S-M024-01,https://www.city.kobe.lg.jp/a04164/kurashi/recycle/gomi/dashikata/calendar/suma/jinbucho.html,å›žåŽå”åŠ›åº—ãªã©ã§å›žåŽï¼è›å…‰ç®¡,2026-08-19,REFERENCE_ONLY,CURRENT,,
M024,C-M024-11,æ°´éŠ€ä½¿ç”¨è£½å“å›žåŽ,æ°´éŠ€ä½¿ç”¨è£½å“å›žåŽ,,PRIMARY,11,DROP_OFF,æ°´éŠ€å¼ä½“æ¸©è¨ˆãƒ»æ¸©åº¦è¨ˆãƒ»è¡€åœ§è¨ˆ,NOT_STATED_IN_CITED_SOURCE,,NOT_STATED_IN_CITED_SOURCE,ç ´æã—ãªã„ã‚ˆã†ä¿è­·,,,FALSE,FALSE,FALSE,,FALSE,,S-M024-01,https://www.city.kobe.lg.jp/a04164/kurashi/recycle/gomi/dashikata/calendar/suma/jinbucho.html,å›žåŽå”åŠ›åº—ãªã©ã§å›žåŽï¼æ°´éŠ€å¼è£½å“,2026-08-19,REFERENCE_ONLY,CURRENT,,
M024,C-M024-12,å¸‚ã§ã¯åŽé›†ã—ãªã„ã‚‚ã®,å¸‚ã§ã¯åŽé›†ã—ãªã„ã‚‚ã®,,EXCLUDED,12,NOT_COLLECTED,å®¶é›»4å“ç›®ãƒ»ãƒ‘ã‚½ã‚³ãƒ³ãƒ»å‡¦ç†å›°é›£ç‰©ç­‰,ã‚¯ãƒªãƒ¼ãƒ³ã‚¹ãƒ†ãƒ¼ã‚·ãƒ§ãƒ³ã¸ã®æŽ’å‡º,,è²©å£²åº—ãƒ»ãƒ¡ãƒ¼ã‚«ãƒ¼ç­‰ã®æŒ‡å®šãƒ«ãƒ¼ãƒˆ,å—å…¥å…ˆã®æŒ‡ç¤ºã«å¾“ã†,,,FALSE,FALSE,FALSE,,TRUE,,S-M024-01,https://www.city.kobe.lg.jp/a04164/kurashi/recycle/gomi/dashikata/calendar/suma/jinbucho.html,å¸‚ã§ã¯åŽé›†ã—ãªã„ã‚‚ã®,2026-08-19,EXCLUDED_NOTICE,CURRENT,,
M025,C-M025-01,ç‡ƒã‚„ã™ã”ã¿,ç‡ƒã‚„ã™ã”ã¿,,PRIMARY,1,CURBSIDE,ç”Ÿã”ã¿ãƒ»ç´™ããšç­‰,NOT_STATED_IN_CITED_SOURCE,,NOT_STATED_IN_CITED_SOURCE,ç”Ÿã”ã¿ã¯æ°´åˆ‡ã‚Š,ç‡ƒã‚„ã™ã”ã¿æŒ‡å®šè¢‹ï¼ˆèµ¤ï¼‰,,FALSE,FALSE,FALSE,,FALSE,,S-M025-01,https://www.city.toyooka.lg.jp/kurashi/gomikankyo/gomi/1000944/1000945.html,å¸‚ã®åˆ†åˆ¥åŒºåˆ†9åˆ†åˆ¥ï¼ç‡ƒã‚„ã™ã”ã¿,2026-08-19,SORT_BUCKET,CURRENT,,
M025,C-M025-02,ç‡ƒã‚„ã•ãªã„ã”ã¿,ç‡ƒã‚„ã•ãªã„ã”ã¿,,PRIMARY,2,CURBSIDE,é™¶ç£å™¨ãƒ»ã‚¬ãƒ©ã‚¹ãƒ»é‡‘å±žè£½å“ç­‰,NOT_STATED_IN_CITED_SOURCE,,NOT_STATED_IN_CITED_SOURCE,NOT_STATED_IN_CITED_SOURCE,ç‡ƒã‚„ã•ãªã„ã”ã¿æŒ‡å®šè¢‹ï¼ˆé»’ï¼‰,,FALSE,FALSE,FALSE,,FALSE,,S-M025-01,https://www.city.toyooka.lg.jp/kurashi/gomikankyo/gomi/1000944/1000945.html,å¸‚ã®åˆ†åˆ¥åŒºåˆ†9åˆ†åˆ¥ï¼ç‡ƒã‚„ã•ãªã„ã”ã¿,2026-08-19,SORT_BUCKET,CURRENT,,
M025,C-M025-03,è›å…‰ç®¡,è›å…‰ç®¡,,PRIMARY,3,CURBSIDE,è›å…‰ç®¡ãƒ»æ°´éŠ€ä½¿ç”¨è£½å“,NOT_STATED_IN_CITED_SOURCE,,NOT_STATED_IN_CITED_SOURCE,ç ´æã—ãªã„ã‚ˆã†ä¿è­·,,,FALSE,FALSE,FALSE,,FALSE,,S-M025-01,https://www.city.toyooka.lg.jp/kurashi/gomikankyo/gomi/1000944/1000945.html,å¸‚ã®åˆ†åˆ¥åŒºåˆ†9åˆ†åˆ¥ï¼è›å…‰ç®¡,2026-08-19,SORT_BUCKET,CURRENT,,
M025,C-M025-04,ä¹¾é›»æ± é¡ž,ä¹¾é›»æ± é¡ž,,PRIMARY,4,CURBSIDE,ä¹¾é›»æ± ãƒ»é›»æ± é¡ž,NOT_STATED_IN_CITED_SOURCE,,NOT_STATED_IN_CITED_SOURCE,ç«¯å­ã‚’çµ¶ç¸ã™ã‚‹,,,FALSE,FALSE,FALSE,,FALSE,,S-M025-01,https://www.city.toyooka.lg.jp/kurashi/gomikankyo/gomi/1000944/1000945.html,å¸‚ã®åˆ†åˆ¥åŒºåˆ†9åˆ†åˆ¥ï¼ä¹¾é›»æ± é¡ž,2026-08-19,SORT_BUCKET,CURRENT,,
M025,C-M025-05,ç²—å¤§ã”ã¿,ç²—å¤§ã”ã¿,,PRIMARY,5,CURBSIDE,æŒ‡å®šè¢‹ã«å…¥ã‚‰ãªã„å¤§åž‹å“,NOT_STATED_IN_CITED_SOURCE,,NOT_STATED_IN_CITED_SOURCE,NOT_STATED_IN_CITED_SOURCE,æŒ‡å®šã‚¹ãƒ†ãƒƒã‚«ãƒ¼,åŽé›†å¯¾è±¡ã¯3è¾ºåˆè¨ˆ3mä»¥å†…,TRUE,FALSE,FALSE,,FALSE,,S-M025-01,https://www.city.toyooka.lg.jp/kurashi/gomikankyo/gomi/1000944/1000945.html,å¸‚ã®åˆ†åˆ¥åŒºåˆ†9åˆ†åˆ¥ï¼ç²—å¤§ã”ã¿,2026-08-19,REFERENCE_ONLY,CURRENT,,
M025,C-M025-06,ã³ã‚“ãƒ»ã‹ã‚“,ã³ã‚“ãƒ»ã‹ã‚“,,PRIMARY,6,CURBSIDE,é£²é£Ÿç”¨ã³ã‚“ãƒ»ç¼¶ãƒ»ä½¿ã„åˆ‡ã£ãŸã‚¹ãƒ—ãƒ¬ãƒ¼ç¼¶ç­‰,NOT_STATED_IN_CITED_SOURCE,,NOT_STATED_IN_CITED_SOURCE,å®¹å™¨ã¯ä¸­ã‚’ç©ºã«ã™ã‚‹ã€‚ã‚¹ãƒ—ãƒ¬ãƒ¼ç¼¶ç­‰ã¯ä½¿ã„åˆ‡ã‚Šå±‹å¤–ã§ç©´ã‚’é–‹ã‘ã‚‹,è³‡æºã”ã¿æŒ‡å®šè¢‹ï¼ˆç·‘ï¼‰,,FALSE,FALSE,FALSE,,FALSE,,S-M025-02,https://www.city.toyooka.lg.jp/kurashi/gomikankyo/gomi/1000944/1009335.html,ã‚ˆãã‚ã‚‹é–“é•ã„ï¼ã³ã‚“ãƒ»ç¼¶ãƒ»ã‚¹ãƒ—ãƒ¬ãƒ¼ç¼¶,2026-08-19,SORT_BUCKET,CURRENT,,
M025,C-M025-07,ãƒšãƒƒãƒˆãƒœãƒˆãƒ«,ãƒšãƒƒãƒˆãƒœãƒˆãƒ«,,PRIMARY,7,CURBSIDE,PETãƒžãƒ¼ã‚¯ã®ãƒœãƒˆãƒ«,ã‚­ãƒ£ãƒƒãƒ—ãƒ»ãƒ©ãƒ™ãƒ«,,ã‚­ãƒ£ãƒƒãƒ—ã¨ãƒ©ãƒ™ãƒ«ã¯ãƒ—ãƒ©ã‚¹ãƒãƒƒã‚¯è£½å®¹å™¨åŒ…è£…,ã‚­ãƒ£ãƒƒãƒ—ã¨ãƒ©ãƒ™ãƒ«ã‚’å¤–ã—ä¸­ã‚’ã™ã™ã,è³‡æºã”ã¿æŒ‡å®šè¢‹ï¼ˆç·‘ï¼‰,,FALSE,FALSE,FALSE,,FALSE,,S-M025-02,https://www.city.toyooka.lg.jp/kurashi/gomikankyo/gomi/1000944/1009335.html,ãƒšãƒƒãƒˆãƒœãƒˆãƒ«ã®åˆ†åˆ¥æ–¹æ³•,2026-08-19,SORT_BUCKET,CURRENT,,
M025,C-M025-08,ãƒ—ãƒ©ã‚¹ãƒãƒƒã‚¯è£½å®¹å™¨åŒ…è£…,ãƒ—ãƒ©ã‚¹ãƒãƒƒã‚¯è£½å®¹å™¨åŒ…è£…,,PRIMARY,8,CURBSIDE,ãƒ—ãƒ©ãƒžãƒ¼ã‚¯ä»˜ãå®¹å™¨åŒ…è£…,NOT_STATED_IN_CITED_SOURCE,,NOT_STATED_IN_CITED_SOURCE,NOT_STATED_IN_CITED_SOURCE,è³‡æºã”ã¿æŒ‡å®šè¢‹ï¼ˆç·‘ï¼‰,,FALSE,FALSE,FALSE,,FALSE,,S-M025-01,https://www.city.toyooka.lg.jp/kurashi/gomikankyo/gomi/1000944/1000945.html,å¸‚ã®åˆ†åˆ¥åŒºåˆ†9åˆ†åˆ¥ï¼ãƒ—ãƒ©ã‚¹ãƒãƒƒã‚¯è£½å®¹å™¨åŒ…è£…,2026-08-19,SORT_BUCKET,CURRENT,,
M025,C-M025-09,ç´™è£½å®¹å™¨åŒ…è£…,ç´™è£½å®¹å™¨åŒ…è£…,,PRIMARY,9,CURBSIDE,ç´™ãƒžãƒ¼ã‚¯ä»˜ãå®¹å™¨åŒ…è£…,NOT_STATED_IN_CITED_SOURCE,,NOT_STATED_IN_CITED_SOURCE,NOT_STATED_IN_CITED_SOURCE,è³‡æºã”ã¿æŒ‡å®šè¢‹ï¼ˆç·‘ï¼‰,,FALSE,FALSE,FALSE,,FALSE,,S-M025-01,https://www.city.toyooka.lg.jp/kurashi/gomikankyo/gomi/1000944/1000945.html,å¸‚ã®åˆ†åˆ¥åŒºåˆ†9åˆ†åˆ¥ï¼ç´™è£½å®¹å™¨åŒ…è£…,2026-08-19,SORT_BUCKET,CURRENT,,
M025,C-M025-10,å¸‚ã§åŽé›†ã—ãªã„ã‚‚ã®,å¸‚ã§åŽé›†ã—ãªã„ã‚‚ã®,,EXCLUDED,10,NOT_COLLECTED,å®¶é›»ãƒªã‚µã‚¤ã‚¯ãƒ«å“ãƒ»ãƒ‘ã‚½ã‚³ãƒ³ãƒ»å±é™ºç‰©ãƒ»é©æ­£å‡¦ç†å›°é›£ç‰©ç­‰,NOT_STATED_IN_CITED_SOURCE,,è²©å£²åº—ãƒ»ãƒ¡ãƒ¼ã‚«ãƒ¼ãƒ»è¨±å¯æ¥­è€…ç­‰,å—å…¥å…ˆã®æŒ‡ç¤ºã«å¾“ã†,,,FALSE,FALSE,FALSE,,TRUE,,S-M025-01,https://www.city.toyooka.lg.jp/kurashi/gomikankyo/gomi/1000944/1000945.html,å®¶åº­ã”ã¿ã®æ‰‹å¼•ãï¼å¸‚ã§åŽé›†ã—ãªã„ã‚‚ã®ã¸ã®å…¬å¼ç´¢å¼•,2026-08-19,EXCLUDED_NOTICE,CURRENT,,
M026,C-M026-01,å¯ç‡ƒã”ã¿,å¯ç‡ƒã”ã¿,,PRIMARY,1,CURBSIDE,ç”Ÿã”ã¿ãƒ»ç´™ããšç­‰,NOT_STATED_IN_CITED_SOURCE,,NOT_STATED_IN_CITED_SOURCE,NOT_STATED_IN_CITED_SOURCE,å§«è·¯å¸‚å¯ç‡ƒã”ã¿å°‚ç”¨æŒ‡å®šè¢‹,,FALSE,FALSE,FALSE,,FALSE,,S-M026-01,https://www.city.himeji.lg.jp/kurashi/category/2-10-3-5-0-0-0-0-0-0.html,å®¶åº­ã”ã¿ï¼å¯ç‡ƒã”ã¿,2026-08-19,SORT_BUCKET,CURRENT,,
M026,C-M026-02,ãƒ—ãƒ©ã‚¹ãƒãƒƒã‚¯è£½å®¹å™¨åŒ…è£…,ãƒ—ãƒ©ã‚¹ãƒãƒƒã‚¯è£½å®¹å™¨åŒ…è£…,,PRIMARY,2,CURBSIDE,ãƒ—ãƒ©ãƒžãƒ¼ã‚¯ä»˜ãå®¹å™¨åŒ…è£…,NOT_STATED_IN_CITED_SOURCE,,NOT_STATED_IN_CITED_SOURCE,NOT_STATED_IN_CITED_SOURCE,å§«è·¯å¸‚ãƒ—ãƒ©ã‚¹ãƒãƒƒã‚¯è£½å®¹å™¨åŒ…è£…æŒ‡å®šè¢‹,,FALSE,FALSE,FALSE,,FALSE,,S-M026-01,https://www.city.himeji.lg.jp/kurashi/category/2-10-3-5-0-0-0-0-0-0.html,å®¶åº­ã”ã¿ï¼ãƒ—ãƒ©ã‚¹ãƒãƒƒã‚¯è£½å®¹å™¨åŒ…è£…,2026-08-19,SORT_BUCKET,CURRENT,,
M026,C-M026-03,ãƒŸãƒƒã‚¯ã‚¹ãƒšãƒ¼ãƒ‘ãƒ¼,ãƒŸãƒƒã‚¯ã‚¹ãƒšãƒ¼ãƒ‘ãƒ¼,,PRIMARY,3,CURBSIDE,è“å­ç®±ãƒ»åŒ…è£…ç´™ç­‰ã®å¯¾è±¡ç´™,NOT_STATED_IN_CITED_SOURCE,,NOT_STATED_IN_CITED_SOURCE,NOT_STATED_IN_CITED_SOURCE,å®¶åº­ã®ç´™è¢‹ã¾ãŸã¯æŽ¨å¥¨è¢‹,,FALSE,FALSE,FALSE,,FALSE,,S-M026-01,https://www.city.himeji.lg.jp/kurashi/category/2-10-3-5-0-0-0-0-0-0.html,å®¶åº­ã”ã¿ï¼ãƒŸãƒƒã‚¯ã‚¹ãƒšãƒ¼ãƒ‘ãƒ¼,2026-08-19,SORT_BUCKET,CURRENT,,
M026,C-M026-04,ç©ºã‚«ãƒ³é¡ž,ç©ºã‚«ãƒ³é¡ž,,PRIMARY,4,CURBSIDE,é£²é£Ÿç”¨ç¼¶,NOT_STATED_IN_CITED_SOURCE,,NOT_STATED_IN_CITED_SOURCE,NOT_STATED_IN_CITED_SOURCE,,,FALSE,FALSE,FALSE,,FALSE,,S-M026-01,https://www.city.himeji.lg.jp/kurashi/category/2-10-3-5-0-0-0-0-0-0.html,å®¶åº­ã”ã¿ï¼ç©ºã‚«ãƒ³é¡ž,2026-08-19,SORT_BUCKET,CURRENT,,
M026,C-M026-05,ç©ºãƒ“ãƒ³é¡ž,ç©ºãƒ“ãƒ³é¡ž,,PRIMARY,5,CURBSIDE,é£²é£Ÿç”¨ã³ã‚“,NOT_STATED_IN_CITED_SOURCE,,NOT_STATED_IN_CITED_SOURCE,NOT_STATED_IN_CITED_SOURCE,,,FALSE,FALSE,FALSE,,FALSE,,S-M026-01,https://www.city.himeji.lg.jp/kurashi/category/2-10-3-5-0-0-0-0-0-0.html,å®¶åº­ã”ã¿ï¼ç©ºãƒ“ãƒ³é¡ž,2026-08-19,SORT_BUCKET,CURRENT,,
M026,C-M026-06,ãƒšãƒƒãƒˆãƒœãƒˆãƒ«,ãƒšãƒƒãƒˆãƒœãƒˆãƒ«,,PRIMARY,6,CURBSIDE,PETãƒžãƒ¼ã‚¯ã®ãƒœãƒˆãƒ«,NOT_STATED_IN_CITED_SOURCE,,NOT_STATED_IN_CITED_SOURCE,NOT_STATED_IN_CITED_SOURCE,,,FALSE,FALSE,FALSE,,FALSE,,S-M026-01,https://www.city.himeji.lg.jp/kurashi/category/2-10-3-5-0-0-0-0-0-0.html,å®¶åº­ã”ã¿ï¼ãƒšãƒƒãƒˆãƒœãƒˆãƒ«,2026-08-19,SORT_BUCKET,CURRENT,,
M026,C-M026-07,ç´™ãƒ‘ãƒƒã‚¯,ç´™ãƒ‘ãƒƒã‚¯,,PRIMARY,7,CURBSIDE,é£²æ–™ç”¨ç´™ãƒ‘ãƒƒã‚¯,NOT_STATED_IN_CITED_SOURCE,,NOT_STATED_IN_CITED_SOURCE,NOT_STATED_IN_CITED_SOURCE,,,FALSE,FALSE,FALSE,,FALSE,,S-M026-01,https://www.city.himeji.lg.jp/kurashi/category/2-10-3-5-0-0-0-0-0-0.html,å®¶åº­ã”ã¿ï¼ç´™ãƒ‘ãƒƒã‚¯,2026-08-19,SORT_BUCKET,CURRENT,,
M026,C-M026-08,å¤ç´™é¡žï¼ˆæ–°èžç´™ãƒ»ãƒ€ãƒ³ãƒœãƒ¼ãƒ«ãƒ»é›‘èªŒé¡žï¼‰,å¤ç´™é¡žï¼ˆæ–°èžç´™ãƒ»ãƒ€ãƒ³ãƒœãƒ¼ãƒ«ãƒ»é›‘èªŒé¡žï¼‰,,PRIMARY,8,CURBSIDE,æ–°èžç´™ãƒ»æ®µãƒœãƒ¼ãƒ«ãƒ»é›‘èªŒé¡ž,NOT_STATED_IN_CITED_SOURCE,,NOT_STATED_IN_CITED_SOURCE,NOT_STATED_IN_CITED_SOURCE,,,FALSE,FALSE,FALSE,,FALSE,,S-M026-01,https://www.city.himeji.lg.jp/kurashi/category/2-10-3-5-0-0-0-0-0-0.html,å®¶åº­ã”ã¿ï¼å¤ç´™é¡ž,2026-08-19,SORT_BUCKET,CURRENT,,
M026,C-M026-09,ä¹¾é›»æ± ç­‰,ä¹¾é›»æ± ç­‰,,PRIMARY,9,CURBSIDE,ä¹¾é›»æ± ç­‰,NOT_STATED_IN_CITED_SOURCE,,NOT_STATED_IN_CITED_SOURCE,NOT_STATED_IN_CITED_SOURCE,,,FALSE,FALSE,FALSE,,FALSE,,S-M026-01,https://www.city.himeji.lg.jp/kurashi/category/2-10-3-5-0-0-0-0-0-0.html,å®¶åº­ã”ã¿ï¼ä¹¾é›»æ± ç­‰,2026-08-19,SORT_BUCKET,CURRENT,,
M026,C-M026-10,è›å…‰ç®¡,è›å…‰ç®¡,,PRIMARY,10,CURBSIDE,è›å…‰ç®¡ãƒ»é›»çƒ,NOT_STATED_IN_CITED_SOURCE,,NOT_STATED_IN_CITED_SOURCE,NOT_STATED_IN_CITED_SOURCE,,,FALSE,FALSE,FALSE,,FALSE,,S-M026-01,https://www.city.himeji.lg.jp/kurashi/category/2-10-3-5-0-0-0-0-0-0.html,å®¶åº­ã”ã¿ï¼è›å…‰ç®¡,2026-08-19,SORT_BUCKET,CURRENT,,
M026,C-M026-11,ä½¿ç”¨æ¸ˆå°åž‹å®¶é›»ã®ãƒªã‚µã‚¤ã‚¯ãƒ«,ä½¿ç”¨æ¸ˆå°åž‹å®¶é›»ã®ãƒªã‚µã‚¤ã‚¯ãƒ«,,PRIMARY,11,DROP_OFF,å›žåŽå¯¾è±¡ã®ä½¿ç”¨æ¸ˆå°åž‹å®¶é›»,NOT_STATED_IN_CITED_SOURCE,,NOT_STATED_IN_CITED_SOURCE,å€‹äººæƒ…å ±ã‚’æ¶ˆåŽ»ã—é›»æ± é¡žã‚’å¤–ã™,,,FALSE,FALSE,FALSE,,FALSE,,S-M026-01,https://www.city.himeji.lg.jp/kurashi/category/2-10-3-5-0-0-0-0-0-0.html,å®¶åº­ã”ã¿ï¼ä½¿ç”¨æ¸ˆå°åž‹å®¶é›»,2026-08-19,REFERENCE_ONLY,CURRENT,,
M026,C-M026-12,æœ¨è£½å“é¡žï¼ˆæ—§å§«è·¯å¸‚åŸŸï¼‰,æœ¨è£½å“é¡žï¼ˆæ—§å§«è·¯å¸‚åŸŸï¼‰,,PRIMARY,12,CURBSIDE,æœ¨è£½å®¶å…·ãƒ»æœ¨åˆ‡ã‚Œç­‰,NOT_STATED_IN_CITED_SOURCE,æ—§å§«è·¯å¸‚åŸŸ,NOT_STATED_IN_CITED_SOURCE,NOT_STATED_IN_CITED_SOURCE,,,FALSE,FALSE,FALSE,,FALSE,,S-M026-01,https://www.city.himeji.lg.jp/kurashi/category/2-10-3-5-0-0-0-0-0-0.html,å®¶åº­ã”ã¿ï¼æœ¨è£½å“é¡žï¼ˆæ—§å§«è·¯å¸‚åŸŸï¼‰,2026-08-19,REFERENCE_ONLY,CURRENT,,
M026,C-M026-13,é‡‘å±žè¤‡åˆè£½å“é¡žï¼ˆæ—§å§«è·¯å¸‚åŸŸï¼‰,é‡‘å±žè¤‡åˆè£½å“é¡žï¼ˆæ—§å§«è·¯å¸‚åŸŸï¼‰,,PRIMARY,13,CURBSIDE,é‡‘å±žã‚’å«ã‚€è¤‡åˆè£½å“ãƒ»å°åž‹å®¶é›»ç­‰,NOT_STATED_IN_CITED_SOURCE,æ—§å§«è·¯å¸‚åŸŸ,NOT_STATED_IN_CITED_SOURCE,NOT_STATED_IN_CITED_SOURCE,,,FALSE,FALSE,FALSE,,FALSE,,S-M026-01,https://www.city.himeji.lg.jp/kurashi/category/2-10-3-5-0-0-0-0-0-0.html,å®¶åº­ã”ã¿ï¼é‡‘å±žè¤‡åˆè£½å“é¡žï¼ˆæ—§å§«è·¯å¸‚åŸŸï¼‰,2026-08-19,REFERENCE_ONLY,CURRENT,,
M026,C-M026-14,ãƒ—ãƒ©ã‚¹ãƒãƒƒã‚¯è¤‡åˆè£½å“é¡žï¼ˆæ—§å§«è·¯å¸‚åŸŸï¼‰,ãƒ—ãƒ©ã‚¹ãƒãƒƒã‚¯è¤‡åˆè£½å“é¡žï¼ˆæ—§å§«è·¯å¸‚åŸŸï¼‰,,PRIMARY,14,CURBSIDE,å®¹å™¨åŒ…è£…ä»¥å¤–ã®è¤‡åˆãƒ—ãƒ©ã‚¹ãƒãƒƒã‚¯è£½å“,NOT_STATED_IN_CITED_SOURCE,æ—§å§«è·¯å¸‚åŸŸ,NOT_STATED_IN_CITED_SOURCE,NOT_STATED_IN_CITED_SOURCE,,,FALSE,FALSE,FALSE,,FALSE,,S-M026-01,https://www.city.himeji.lg.jp/kurashi/category/2-10-3-5-0-0-0-0-0-0.html,å®¶åº­ã”ã¿ï¼ãƒ—ãƒ©ã‚¹ãƒãƒƒã‚¯è¤‡åˆè£½å“é¡žï¼ˆæ—§å§«è·¯å¸‚åŸŸï¼‰,2026-08-19,REFERENCE_ONLY,CURRENT,,
M026,C-M026-15,ãµã¨ã‚“ãƒ»ã‚¸ãƒ¥ãƒ¼ã‚¿ãƒ³é¡ž,ãµã¨ã‚“ãƒ»ã‚¸ãƒ¥ãƒ¼ã‚¿ãƒ³é¡ž,,PRIMARY,15,CURBSIDE,ãµã¨ã‚“ãƒ»ã˜ã‚…ã†ãŸã‚“é¡ž,NOT_STATED_IN_CITED_SOURCE,æ—§å§«è·¯å¸‚åŸŸãƒ»å¤¢å‰ç”ºåŸŸãƒ»é¦™å¯ºç”ºåŸŸãƒ»å®‰å¯Œç”ºåŸŸ,NOT_STATED_IN_CITED_SOURCE,NOT_STATED_IN_CITED_SOURCE,,,TRUE,FALSE,FALSE,,FALSE,,S-M026-01,https://www.city.himeji.lg.jp/kurashi/category/2-10-3-5-0-0-0-0-0-0.html,å®¶åº­ã”ã¿ï¼ãµã¨ã‚“ãƒ»ã‚¸ãƒ¥ãƒ¼ã‚¿ãƒ³é¡ž,2026-08-19,REFERENCE_ONLY,CURRENT,,
M026,C-M026-16,é™¶ç£å™¨é¡žãƒ»ç©ºãƒ“ãƒ³ä»¥å¤–ã®ã‚¬ãƒ©ã‚¹é¡žï¼ˆæ—§å§«è·¯å¸‚åŸŸï¼‰,é™¶ç£å™¨é¡žãƒ»ç©ºãƒ“ãƒ³ä»¥å¤–ã®ã‚¬ãƒ©ã‚¹é¡žï¼ˆæ—§å§«è·¯å¸‚åŸŸï¼‰,,PRIMARY,16,CURBSIDE,é™¶ç£å™¨ãƒ»ã‚¬ãƒ©ã‚¹è£½å“,NOT_STATED_IN_CITED_SOURCE,æ—§å§«è·¯å¸‚åŸŸ,NOT_STATED_IN_CITED_SOURCE,NOT_STATED_IN_CITED_SOURCE,,,FALSE,FALSE,FALSE,,FALSE,,S-M026-01,https://www.city.himeji.lg.jp/kurashi/category/2-10-3-5-0-0-0-0-0-0.html,å®¶åº­ã”ã¿ï¼é™¶ç£å™¨é¡žãƒ»ç©ºãƒ“ãƒ³ä»¥å¤–ã®ã‚¬ãƒ©ã‚¹é¡žï¼ˆæ—§å§«è·¯å¸‚åŸŸï¼‰,2026-08-19,REFERENCE_ONLY,CURRENT,,
M026,C-M026-17,å¤§åž‹ã”ã¿ï¼ˆå¤¢å‰ç”ºåŸŸãƒ»é¦™å¯ºç”ºåŸŸãƒ»å®‰å¯Œç”ºåŸŸï¼‰,å¤§åž‹ã”ã¿ï¼ˆå¤¢å‰ç”ºåŸŸãƒ»é¦™å¯ºç”ºåŸŸãƒ»å®‰å¯Œç”ºåŸŸï¼‰,,PRIMARY,17,CURBSIDE,å¤§åž‹å®¶å…·ç­‰,NOT_STATED_IN_CITED_SOURCE,å¤¢å‰ç”ºåŸŸãƒ»é¦™å¯ºç”ºåŸŸãƒ»å®‰å¯Œç”ºåŸŸ,NOT_STATED_IN_CITED_SOURCE,NOT_STATED_IN_CITED_SOURCE,,,TRUE,FALSE,FALSE,,FALSE,,S-M026-01,https://www.city.himeji.lg.jp/kurashi/category/2-10-3-5-0-0-0-0-0-0.html,å®¶åº­ã”ã¿ï¼å¤§åž‹ã”ã¿ï¼ˆå¤¢å‰ç”ºåŸŸãƒ»é¦™å¯ºç”ºåŸŸãƒ»å®‰å¯Œç”ºåŸŸï¼‰,2026-08-19,REFERENCE_ONLY,CURRENT,,
M026,C-M026-18,å¤§åž‹ã”ã¿ç­‰ï¼ˆå®¶å³¶ç”ºåŸŸï¼‰,å¤§åž‹ã”ã¿ç­‰ï¼ˆå®¶å³¶ç”ºåŸŸï¼‰,,PRIMARY,18,CURBSIDE,å¤§åž‹å“ãƒ»åœ°åŸŸæŒ‡å®šå“,NOT_STATED_IN_CITED_SOURCE,å®¶å³¶ç”ºåŸŸ,NOT_STATED_IN_CITED_SOURCE,NOT_STATED_IN_CITED_SOURCE,,,TRUE,FALSE,FALSE,,FALSE,,S-M026-01,https://www.city.himeji.lg.jp/kurashi/category/2-10-3-5-0-0-0-0-0-0.html,å®¶åº­ã”ã¿ï¼å¤§åž‹ã”ã¿ç­‰ï¼ˆå®¶å³¶ç”ºåŸŸï¼‰,2026-08-19,REFERENCE_ONLY,CURRENT,,
M026,C-M026-19,ä¸ç‡ƒã”ã¿ï¼ˆå¤¢å‰ç”ºåŸŸãƒ»é¦™å¯ºç”ºåŸŸãƒ»å®‰å¯Œç”ºåŸŸï¼‰,ä¸ç‡ƒã”ã¿ï¼ˆå¤¢å‰ç”ºåŸŸãƒ»é¦™å¯ºç”ºåŸŸãƒ»å®‰å¯Œç”ºåŸŸï¼‰,,PRIMARY,19,CURBSIDE,é™¶ç£å™¨ãƒ»ã‚¬ãƒ©ã‚¹ãƒ»é‡‘å±žè¤‡åˆè£½å“ç­‰,NOT_STATED_IN_CITED_SOURCE,å¤¢å‰ç”ºåŸŸãƒ»é¦™å¯ºç”ºåŸŸãƒ»å®‰å¯Œç”ºåŸŸ,NOT_STATED_IN_CITED_SOURCE,NOT_STATED_IN_CITED_SOURCE,,,FALSE,FALSE,FALSE,,FALSE,,S-M026-01,https://www.city.himeji.lg.jp/kurashi/category/2-10-3-5-0-0-0-0-0-0.html,å®¶åº­ã”ã¿ï¼ä¸ç‡ƒã”ã¿ï¼ˆå¤¢å‰ç”ºåŸŸãƒ»é¦™å¯ºç”ºåŸŸãƒ»å®‰å¯Œç”ºåŸŸï¼‰,2026-08-19,REFERENCE_ONLY,CURRENT,,
M026,C-M026-20,çªè—»åœŸè£½å“ï¼ˆã‚¢ã‚¹ãƒ™ã‚¹ãƒˆå«æœ‰ï¼‰,çªè—»åœŸè£½å“ï¼ˆã‚¢ã‚¹ãƒ™ã‚¹ãƒˆå«æœ‰ï¼‰,,PRIMARY,20,DROP_OFF,ã‚¢ã‚¹ãƒ™ã‚¹ãƒˆå«æœ‰ã®çªè—»åœŸè£½å“,NOT_STATED_IN_CITED_SOURCE,,NOT_STATED_IN_CITED_SOURCE,NOT_STATED_IN_CITED_SOURCE,,,FALSE,FALSE,FALSE,,FALSE,é€šå¸¸ã®å®¶åº­ã”ã¿ã«æ··å…¥ã—ãªã„,S-M026-01,https://www.city.himeji.lg.jp/kurashi/category/2-10-3-5-0-0-0-0-0-0.html,å®¶åº­ã”ã¿ï¼çªè—»åœŸè£½å“ï¼ˆã‚¢ã‚¹ãƒ™ã‚¹ãƒˆå«æœ‰ï¼‰,2026-08-19,REFERENCE_ONLY,CURRENT,,
M026,C-M026-21,å¸‚ã§ã¯åŽé›†ã—ãªã„ã‚‚ã®,å¸‚ã§ã¯åŽé›†ã—ãªã„ã‚‚ã®,,EXCLUDED,21,NOT_COLLECTED,å®¶é›»4å“ç›®ãƒ»ã‚¬ã‚¹ãƒœãƒ³ãƒ™ãƒ»æ¶²ä½“ã®æ²¹ç­‰,NOT_STATED_IN_CITED_SOURCE,,è²©å£²åº—ç­‰ã¸ç›¸è«‡,å—å…¥å…ˆã®æŒ‡ç¤ºã«å¾“ã†,,,FALSE,FALSE,FALSE,,TRUE,,S-M026-02,https://www.city.himeji.lg.jp/kurashi/0000000097.html,ã”ã¿åˆ†åˆ¥ä¸€è¦§è¡¨ï¼å¸‚ã§ã¯åŽé›†ã—ã¾ã›ã‚“,2026-08-19,EXCLUDED_NOTICE,CURRENT,,
M027,C-M027-01,ç‡ƒãˆã‚‹ã”ã¿,ç‡ƒãˆã‚‹ã”ã¿,,PRIMARY,1,CURBSIDE,ç”Ÿã”ã¿ãƒ»ç´™ããšç­‰,NOT_STATED_IN_CITED_SOURCE,,NOT_STATED_IN_CITED_SOURCE,ç”Ÿã”ã¿ã¯æ°´åˆ†ã‚’ã‚ˆãåˆ‡ã‚‹,ãƒ“ãƒ‹ãƒ¼ãƒ«è¢‹,,FALSE,FALSE,FALSE,,FALSE,,S-M027-01,https://www.city.yamatokoriyama.lg.jp/soshiki/cleancenter/gomi_recycle/26/1374.html,åˆ†ã‘æ–¹ã¨å‡ºã—æ–¹ï¼ç‡ƒãˆã‚‹ã”ã¿,2026-08-19,SORT_BUCKET,CURRENT,,
M027,C-M027-02,ç‡ƒãˆãªã„ã”ã¿,ç‡ƒãˆãªã„ã”ã¿,,PRIMARY,2,CURBSIDE,é™¶ç£å™¨ãƒ»ã‚¬ãƒ©ã‚¹ãƒ»é‡‘å±žç­‰,NOT_STATED_IN_CITED_SOURCE,,NOT_STATED_IN_CITED_SOURCE,NOT_STATED_IN_CITED_SOURCE,ãƒ“ãƒ‹ãƒ¼ãƒ«è¢‹,,FALSE,FALSE,FALSE,,FALSE,,S-M027-01,https://www.city.yamatokoriyama.lg.jp/soshiki/cleancenter/gomi_recycle/26/1374.html,åˆ†ã‘æ–¹ã¨å‡ºã—æ–¹ï¼ç‡ƒãˆãªã„ã”ã¿,2026-08-19,SORT_BUCKET,CURRENT,,
M027,C-M027-03,ç²—å¤§(å¤§åž‹)ã”ã¿,ç²—å¤§(å¤§åž‹)ã”ã¿,,PRIMARY,3,CURBSIDE,å®¶å…·ç­‰ã®å¤§åž‹å“,NOT_STATED_IN_CITED_SOURCE,,NOT_STATED_IN_CITED_SOURCE,NOT_STATED_IN_CITED_SOURCE,,,TRUE,FALSE,FALSE,,FALSE,,S-M027-01,https://www.city.yamatokoriyama.lg.jp/soshiki/cleancenter/gomi_recycle/26/1374.html,åˆ†ã‘æ–¹ã¨å‡ºã—æ–¹ï¼ç²—å¤§(å¤§åž‹)ã”ã¿,2026-08-19,REFERENCE_ONLY,CURRENT,,
M027,C-M027-04,æœ‰å®³ã”ã¿,æœ‰å®³ã”ã¿,,PRIMARY,4,CURBSIDE,ä¹¾é›»æ± ãƒ»è›å…‰ç¯ãƒ»æ°´éŠ€è£½å“ãƒ»ãƒªãƒã‚¦ãƒ ã‚¤ã‚ªãƒ³é›»æ± ä½¿ç”¨è£½å“,ç‡ƒãˆã‚‹ã”ã¿ãƒ»ç‡ƒãˆãªã„ã”ã¿ã¸ã®æ··å…¥,,NOT_STATED_IN_CITED_SOURCE,é›»æ± é¡žã¯æœ‰å®³ã”ã¿åˆã¯å°‚ç”¨å›žåŽãƒœãƒƒã‚¯ã‚¹ã€‚è†¨å¼µå“ã¯æ¸…æŽƒã‚»ãƒ³ã‚¿ãƒ¼ã¸ç›´æŽ¥æŒå‚,ä¸­èº«ãŒè¦‹ãˆã‚‹é€æ˜Žç³»è¢‹,,FALSE,FALSE,FALSE,,FALSE,,S-M027-02,https://www.city.yamatokoriyama.lg.jp/soshiki/cleancenter/gomi_recycle/26/15036.html,ã”ã¿ã®åˆ†ã‘æ–¹ã¨å‡ºã—æ–¹ã®ãƒ«ãƒ¼ãƒ«ï¼æœ‰å®³ã”ã¿ãƒ»é›»æ± é¡ž,2026-08-19,SORT_BUCKET,CURRENT,,
M027,C-M027-05,ãƒšãƒƒãƒˆãƒœãƒˆãƒ«,ãƒšãƒƒãƒˆãƒœãƒˆãƒ«,,PRIMARY,5,CURBSIDE,PETãƒžãƒ¼ã‚¯ã®é£²æ–™ãƒ»é…’ãƒ»ã—ã‚‡ã†ã‚†ç”¨ãƒœãƒˆãƒ«,NOT_STATED_IN_CITED_SOURCE,,ã‚­ãƒ£ãƒƒãƒ—ã¯åˆ¥è¢‹ã§åŒæ™‚åŽé›†,ä¸­ã‚’æ´—ã„ã€ã‚­ãƒ£ãƒƒãƒ—ã¨ãƒ©ãƒ™ãƒ«ã‚’å¤–ã™,ä¸­èº«ãŒè¦‹ãˆã‚‹é€æ˜Žç³»è¢‹,,FALSE,FALSE,FALSE,,FALSE,,S-M027-01,https://www.city.yamatokoriyama.lg.jp/soshiki/cleancenter/gomi_recycle/26/1374.html,åˆ†ã‘æ–¹ã¨å‡ºã—æ–¹ï¼ãƒšãƒƒãƒˆãƒœãƒˆãƒ«,2026-08-19,SORT_BUCKET,CURRENT,,
M027,C-M027-06,è³‡æºã”ã¿,è³‡æºã”ã¿,,PRIMARY,6,DROP_OFF,æ®µãƒœãƒ¼ãƒ«ãƒ»å¤æ–°èžãƒ»å¤é›‘èªŒãƒ»å¤å¸ƒãƒ»ç‰›ä¹³ãƒ‘ãƒƒã‚¯,NOT_STATED_IN_CITED_SOURCE,,NOT_STATED_IN_CITED_SOURCE,åœ°åŸŸã®è³‡æºå›žåŽç­‰ã¸å‡ºã™,,,FALSE,FALSE,FALSE,,FALSE,,S-M027-01,https://www.city.yamatokoriyama.lg.jp/soshiki/cleancenter/gomi_recycle/26/1374.html,åˆ†ã‘æ–¹ã¨å‡ºã—æ–¹ï¼è³‡æºã”ã¿,2026-08-19,SORT_BUCKET,CURRENT,,
M027,C-M027-07,å¸‚ã§ã¯åŽé›†ãƒ»å‡¦ç†ã§ããªã„ã”ã¿,å¸‚ã§ã¯åŽé›†ãƒ»å‡¦ç†ã§ããªã„ã”ã¿,,EXCLUDED,7,NOT_COLLECTED,å®¶é›»4å“ç›®ãƒ»å‡¦ç†å›°é›£ç‰©ç­‰,NOT_STATED_IN_CITED_SOURCE,,è²©å£²åº—ãƒ»ãƒ¡ãƒ¼ã‚«ãƒ¼ç­‰,å—å…¥å…ˆã®æŒ‡ç¤ºã«å¾“ã†,,,FALSE,FALSE,FALSE,,TRUE,,S-M027-02,https://www.city.yamatokoriyama.lg.jp/soshiki/cleancenter/gomi_recycle/26/15036.html,ã”ã¿ã®åˆ†ã‘æ–¹ã¨å‡ºã—æ–¹ã®ãƒ«ãƒ¼ãƒ«ï¼å¸‚ã§ã¯åŽé›†ã€å‡¦ç†ã§ããªã„ã”ã¿,2026-08-19,EXCLUDED_NOTICE,CURRENT,,
M028,C-M028-01,å¯ç‡ƒã”ã¿,å¯ç‡ƒã”ã¿,,PRIMARY,1,CURBSIDE,NOT_STATED_IN_CITED_SOURCE,NOT_STATED_IN_CITED_SOURCE,,NOT_STATED_IN_CITED_SOURCE,NOT_STATED_IN_CITED_SOURCE,,,FALSE,FALSE,FALSE,,FALSE,,S-M028-01,https://www.town.yura.wakayama.jp/docs/2014011700505/,ä½æ°‘å‘ã‘ã”ã¿åˆ†åˆ¥æ¡ˆå†…ï¼å¯ç‡ƒã”ã¿,2026-08-19,SORT_BUCKET,CURRENT,,
M028,C-M028-02,ãƒ—ãƒ©ã‚¹ãƒãƒƒã‚¯,ãƒ—ãƒ©ã‚¹ãƒãƒƒã‚¯,,PRIMARY,2,CURBSIDE,NOT_STATED_IN_CITED_SOURCE,NOT_STATED_IN_CITED_SOURCE,,NOT_STATED_IN_CITED_SOURCE,NOT_STATED_IN_CITED_SOURCE,,,FALSE,FALSE,FALSE,,FALSE,,S-M028-01,https://www.town.yura.wakayama.jp/docs/2014011700505/,ä½æ°‘å‘ã‘ã”ã¿åˆ†åˆ¥æ¡ˆå†…ï¼ãƒ—ãƒ©ã‚¹ãƒãƒƒã‚¯,2026-08-19,SORT_BUCKET,CURRENT,,
M028,C-M028-03,ä¸ç‡ƒã”ã¿,ä¸ç‡ƒã”ã¿,,PRIMARY,3,CURBSIDE,NOT_STATED_IN_CITED_SOURCE,NOT_STATED_IN_CITED_SOURCE,,NOT_STATED_IN_CITED_SOURCE,NOT_STATED_IN_CITED_SOURCE,,,FALSE,FALSE,FALSE,,FALSE,,S-M028-01,https://www.town.yura.wakayama.jp/docs/2014011700505/,ä½æ°‘å‘ã‘ã”ã¿åˆ†åˆ¥æ¡ˆå†…ï¼ä¸ç‡ƒã”ã¿,2026-08-19,SORT_BUCKET,CURRENT,,
M028,C-M028-04,è³‡æºã”ã¿,è³‡æºã”ã¿,,PRIMARY,4,CURBSIDE,NOT_STATED_IN_CITED_SOURCE,NOT_STATED_IN_CITED_SOURCE,,NOT_STATED_IN_CITED_SOURCE,NOT_STATED_IN_CITED_SOURCE,,,FALSE,FALSE,FALSE,,FALSE,,S-M028-01,https://www.town.yura.wakayama.jp/docs/2014011700505/,ä½æ°‘å‘ã‘ã”ã¿åˆ†åˆ¥æ¡ˆå†…ï¼è³‡æºã”ã¿,2026-08-19,SORT_BUCKET,CURRENT,,
M028,C-M028-05,ç²—å¤§ã”ã¿,ç²—å¤§ã”ã¿,,PRIMARY,5,CURBSIDE,NOT_STATED_IN_CITED_SOURCE,NOT_STATED_IN_CITED_SOURCE,,NOT_STATED_IN_CITED_SOURCE,NOT_STATED_IN_CITED_SOURCE,,,TRUE,FALSE,FALSE,,FALSE,,S-M028-01,https://www.town.yura.wakayama.jp/docs/2014011700505/,ä½æ°‘å‘ã‘ã”ã¿åˆ†åˆ¥æ¡ˆå†…ï¼ç²—å¤§ã”ã¿,2026-08-19,REFERENCE_ONLY,CURRENT,,
M029,C-M029-01,å¯ç‡ƒã”ã¿,å¯ç‡ƒã”ã¿,,PRIMARY,1,CURBSIDE,ç”Ÿã”ã¿ãƒ»ç´™ããšç­‰,NOT_STATED_IN_CITED_SOURCE,,NOT_STATED_IN_CITED_SOURCE,ç”Ÿã”ã¿ã¯æ°´åˆ‡ã‚Š,,,FALSE,FALSE,FALSE,,FALSE,,S-M029-01,https://www.city.tottori.lg.jp/page/4083.html,å®¶åº­ã”ã¿ï¼å¯ç‡ƒã”ã¿,2026-08-19,SORT_BUCKET,CURRENT,,
M029,C-M029-02,ãƒ—ãƒ©ã‚¹ãƒãƒƒã‚¯ã”ã¿,ãƒ—ãƒ©ã‚¹ãƒãƒƒã‚¯ã”ã¿,,PRIMARY,2,CURBSIDE,ãƒ—ãƒ©ã‚¹ãƒãƒƒã‚¯é¡žã®å¸‚æŒ‡å®šå¯¾è±¡ç‰©,NOT_STATED_IN_CITED_SOURCE,,NOT_STATED_IN_CITED_SOURCE,NOT_STATED_IN_CITED_SOURCE,,,FALSE,FALSE,FALSE,,FALSE,,S-M029-01,https://www.city.tottori.lg.jp/page/4083.html,å®¶åº­ã”ã¿ï¼ãƒ—ãƒ©ã‚¹ãƒãƒƒã‚¯ã”ã¿,2026-08-19,SORT_BUCKET,CURRENT,,
M029,C-M029-03,ãƒšãƒƒãƒˆãƒœãƒˆãƒ«,ãƒšãƒƒãƒˆãƒœãƒˆãƒ«,,PRIMARY,3,CURBSIDE,PETãƒžãƒ¼ã‚¯ã®ãƒœãƒˆãƒ«,NOT_STATED_IN_CITED_SOURCE,,NOT_STATED_IN_CITED_SOURCE,ã‚­ãƒ£ãƒƒãƒ—ã¨ãƒ©ãƒ™ãƒ«ã‚’å¤–ã—ä¸­ã‚’ã™ã™ã,,,FALSE,FALSE,FALSE,,FALSE,,S-M029-01,https://www.city.tottori.lg.jp/page/4083.html,å®¶åº­ã”ã¿ï¼ãƒšãƒƒãƒˆãƒœãƒˆãƒ«,2026-08-19,SORT_BUCKET,CURRENT,,
M029,C-M029-04,è³‡æºã”ã¿ï¼ˆãƒ“ãƒ³ãƒ»ç¼¶ï¼‰,è³‡æºã”ã¿ï¼ˆãƒ“ãƒ³ãƒ»ç¼¶ï¼‰,,PRIMARY,4,CURBSIDE,é£²é£Ÿç”¨ã³ã‚“ãƒ»ç¼¶,NOT_STATED_IN_CITED_SOURCE,,NOT_STATED_IN_CITED_SOURCE,ä¸­ã‚’ã™ã™ã,,,FALSE,FALSE,FALSE,,FALSE,,S-M029-01,https://www.city.tottori.lg.jp/page/4083.html,å®¶åº­ã”ã¿ï¼è³‡æºã”ã¿ï¼ˆãƒ“ãƒ³ãƒ»ç¼¶ï¼‰,2026-08-19,SORT_BUCKET,CURRENT,,
M029,C-M029-05,å°åž‹ç ´ç •ã”ã¿,å°åž‹ç ´ç •ã”ã¿,,PRIMARY,5,CURBSIDE,é™¶ç£å™¨ãƒ»ã‚¬ãƒ©ã‚¹ãƒ»é‡‘å±žãƒ»å°åž‹è£½å“ç­‰,NOT_STATED_IN_CITED_SOURCE,,NOT_STATED_IN_CITED_SOURCE,NOT_STATED_IN_CITED_SOURCE,,,FALSE,FALSE,FALSE,,FALSE,,S-M029-01,https://www.city.tottori.lg.jp/page/4083.html,å®¶åº­ã”ã¿ï¼å°åž‹ç ´ç •ã”ã¿,2026-08-19,SORT_BUCKET,CURRENT,,
M029,C-M029-06,å¤ç´™é¡ž,å¤ç´™é¡ž,,PRIMARY,6,CURBSIDE,æ–°èžãƒ»é›‘èªŒé›‘ãŒã¿ãƒ»æ®µãƒœãƒ¼ãƒ«ç­‰,NOT_STATED_IN_CITED_SOURCE,,NOT_STATED_IN_CITED_SOURCE,ç¨®é¡žåˆ¥ã«ã¾ã¨ã‚ã‚‹,,,FALSE,FALSE,FALSE,,FALSE,,S-M029-01,https://www.city.tottori.lg.jp/page/4083.html,å®¶åº­ã”ã¿ï¼å¤ç´™é¡ž,2026-08-19,SORT_BUCKET,CURRENT,,
M029,C-M029-07,ä¹¾é›»æ± ãƒ»è›å…‰ç®¡ç­‰,ä¹¾é›»æ± ãƒ»è›å…‰ç®¡ç­‰,,PRIMARY,7,CURBSIDE,ä¹¾é›»æ± ãƒ»ãƒœã‚¿ãƒ³é›»æ± ãƒ»å……é›»å¼é›»æ± ãƒ»è›å…‰ç®¡ç­‰,NOT_STATED_IN_CITED_SOURCE,,NOT_STATED_IN_CITED_SOURCE,é›»æ± ç«¯å­ã‚’çµ¶ç¸ã—è›å…‰ç®¡ã¯ç ´æé˜²æ­¢,,,FALSE,FALSE,FALSE,,FALSE,,S-M029-02,https://www.city.tottori.lg.jp/page/31552.html,ä»¤å’Œ8å¹´åº¦åŽé›†æ›œæ—¥ä¸€è¦§ï¼ä¹¾é›»æ± ç­‰,2026-08-19,SORT_BUCKET,CURRENT,,
M029,C-M029-08,æœ‰å®³ã”ã¿,æœ‰å®³ã”ã¿,,PRIMARY,8,CURBSIDE,å¸‚æŒ‡å®šã®æœ‰å®³ã”ã¿å¯¾è±¡å“,NOT_STATED_IN_CITED_SOURCE,,NOT_STATED_IN_CITED_SOURCE,NOT_STATED_IN_CITED_SOURCE,,,FALSE,FALSE,FALSE,,FALSE,ä»¤å’Œ6å¹´4æœˆ1æ—¥é–‹å§‹ã®åŒºåˆ†,S-M029-02,https://www.city.tottori.lg.jp/page/31552.html,ä»¤å’Œ8å¹´åº¦åŽé›†æ›œæ—¥ä¸€è¦§ï¼æœ‰å®³ã”ã¿,2026-08-19,SORT_BUCKET,CURRENT,,
M029,C-M029-09,å¤§åž‹ã”ã¿,å¤§åž‹ã”ã¿,,PRIMARY,9,BOOKED_PICKUP,å¤§åž‹å®¶å…·ç­‰,NOT_STATED_IN_CITED_SOURCE,,NOT_STATED_IN_CITED_SOURCE,NOT_STATED_IN_CITED_SOURCE,,,TRUE,FALSE,FALSE,,FALSE,,S-M029-01,https://www.city.tottori.lg.jp/page/4083.html,å®¶åº­ã”ã¿ï¼å¤§åž‹ã”ã¿,2026-08-19,REFERENCE_ONLY,CURRENT,,
M029,C-M029-10,å¸‚ã§åŽé›†ãƒ»å‡¦ç†ã—ãªã„ã‚‚ã®,å¸‚ã§åŽé›†ãƒ»å‡¦ç†ã—ãªã„ã‚‚ã®,,EXCLUDED,10,NOT_COLLECTED,å®¶é›»4å“ç›®ãƒ»å‡¦ç†å›°é›£ç‰©ç­‰,NOT_STATED_IN_CITED_SOURCE,,è²©å£²åº—ãƒ»ãƒ¡ãƒ¼ã‚«ãƒ¼ç­‰,å—å…¥å…ˆã®æŒ‡ç¤ºã«å¾“ã†,,,FALSE,FALSE,FALSE,,TRUE,,S-M029-01,https://www.city.tottori.lg.jp/page/4083.html,å®¶åº­ã”ã¿ï¼å¸‚ã§åŽé›†ã—ãªã„ã‚‚ã®,2026-08-19,EXCLUDED_NOTICE,CURRENT,,
M030,C-M030-01,å¯ç‡ƒã”ã¿,å¯ç‡ƒã”ã¿,,PRIMARY,1,CURBSIDE,ç”Ÿã”ã¿ãƒ»ç´™ããšãƒ»è»Ÿè³ªãƒ—ãƒ©ã‚¹ãƒãƒƒã‚¯ãƒ»è¡£é¡žãƒ»æ±šã‚ŒãŸå®¹å™¨,ä¸ç‡ƒç‰©ãƒ»è³‡æºç‰©,å¯ç‡ƒã”ã¿å°‚ç”¨è¢‹ã«å…¥ã‚‹ç‰©ãƒ»è¦å®šå¯¸æ³•ã®æŸ,åŸºæº–å¤–ã¯è¨±å¯æ¥­è€…ç­‰,æ°´åˆ‡ã‚Šãƒ»é‡‘å…·ã‚’ã§ãã‚‹ã ã‘å¤–ã™ãƒ»ç«¹ä¸²ã‚’æŠ˜ã‚‹ãƒ»æ²¹ã‚’å›ºã‚ã‚‹,å¯ç‡ƒã”ã¿å°‚ç”¨æŒ‡å®šè¢‹ã¾ãŸã¯å¯ç‡ƒã”ã¿å°‚ç”¨åŽé›†ã‚·ãƒ¼ãƒ«,è¢‹å¤–ã¯é•·ã•90cmä»¥å†…ãƒ»ç›´å¾„40cmä»¥å†…ãƒ»15kgä»¥å†…ç­‰,CONDITIONAL,FALSE,TRUE,æŒ‡å®šè¢‹ã¾ãŸã¯åŽé›†ã‚·ãƒ¼ãƒ«,FALSE,ãƒ—ãƒ©ã¯ãƒã‚µãƒŸã§åˆ‡ã‚Œã‚‹ç¡¬ã•ãªã‚‰å¯ç‡ƒ,S-M030-01,https://www.city.yonago.lg.jp/1880.htm,å¯ç‡ƒã”ã¿,2026-08-17,SORT_BUCKET,CURRENT,,
M030,C-M030-02,ä¸ç‡ƒã”ã¿,ä¸ç‡ƒã”ã¿,,PRIMARY,2,CURBSIDE,é™¶ç£å™¨ãƒ»ã‚¬ãƒ©ã‚¹ãƒ»é‡‘å±žãƒ»ç¡¬è³ªãƒ—ãƒ©ã‚¹ãƒãƒƒã‚¯ãƒ»å°åž‹å®¶é›»,é›»æ± é¡žãƒ»é£²é£Ÿç”¨ç¼¶ã³ã‚“,æŒ‡å®šè¢‹ã«å…¥ã‚‹ä¸ç‡ƒç‰©,è¢‹ã«å…¥ã‚‰ãªã„è¦å®šå“ã¯ä¸ç‡ƒæ€§ç²—å¤§ã”ã¿,å±é™ºç‰©ã¯ç´™ã§åŒ…ã¿è¡¨ç¤ºãƒ»ã‚¹ãƒ—ãƒ¬ãƒ¼ç¼¶ã¯ä½¿ã„åˆ‡ã‚Šå±‹å¤–ã§ç©´ã‚ã‘,ä¸ç‡ƒã”ã¿å°‚ç”¨æŒ‡å®šè¢‹,æŒ‡å®šè¢‹ã«å…¥ã‚‹å¤§ãã•,FALSE,FALSE,TRUE,ä¸ç‡ƒã”ã¿å°‚ç”¨æŒ‡å®šè¢‹,FALSE,ãƒ—ãƒ©ã¯ãƒã‚µãƒŸã§åˆ‡ã‚Œãªã„ç¡¬ã•ãªã‚‰ä¸ç‡ƒ,S-M030-01,https://www.city.yonago.lg.jp/1880.htm,ä¸ç‡ƒã”ã¿ãƒ»ä¸ç‡ƒæ€§ç²—å¤§ã”ã¿,2026-08-17,SORT_BUCKET,CURRENT,,
M030,C-M030-03,ä¸ç‡ƒæ€§ç²—å¤§ã”ã¿,ä¸ç‡ƒæ€§ç²—å¤§ã”ã¿,,PRIMARY,3,CURBSIDE,è‡ªè»¢è»Šãƒ»ç‰©å¹²ã–ãŠãƒ»ã‚¹ãƒãƒ¼ãƒ«æœºãƒ»è„šç«‹ç­‰,æ··åˆç²—å¤§ã”ã¿ãƒ»å‡¦ç†å›°é›£ç‰©,æŒ‡å®šè¢‹ã«å…¥ã‚‰ãšå¸‚åŸºæº–å†…ã®ä¸ç‡ƒç‰©,åˆ†è§£ä¸èƒ½ãªæ··åˆç²—å¤§ç­‰ã¯è¨±å¯æ¥­è€…,å¿…è¦ã«å¿œã˜åˆ†è§£ãƒ»åˆ‡æ–­ã—ã‚·ãƒ¼ãƒ«è²¼ä»˜,ä¸ç‡ƒã”ã¿å°‚ç”¨åŽé›†ã‚·ãƒ¼ãƒ«,å¸‚ã®åŽé›†å¯èƒ½å¯¸æ³•ãƒ»é‡é‡å†…,TRUE,FALSE,TRUE,ä¸ç‡ƒã”ã¿å°‚ç”¨åŽé›†ã‚·ãƒ¼ãƒ«,FALSE,è¢‹ã«ã‚·ãƒ¼ãƒ«ã‚’è²¼ã£ã¦ä½¿ã†ã“ã¨ã¯ä¸å¯,S-M030-03,https://www.city.yonago.lg.jp/6357.htm,æŒ‡å®šã”ã¿è¢‹ã¨åŽé›†ã‚·ãƒ¼ãƒ«,2026-08-17,SORT_BUCKET,CURRENT,,
M030,C-M030-04,ç™½è‰²ç™ºæ³¡ã‚¹ãƒãƒ­ãƒ¼ãƒ«ãƒ»ãƒˆãƒ¬ãƒ¼,è³‡æº,,PRIMARY,4,CURBSIDE,ç™½è‰²ç™ºæ³¡ãƒˆãƒ¬ãƒ¼ãƒ»ç™½è‰²ç™ºæ³¡ã‚¹ãƒãƒ­ãƒ¼ãƒ«,ç€è‰²å“ãƒ»æ±šã‚ŒãŒè½ã¡ãªã„ç‰©,ç™½è‰²ã‹ã¤æ´—æµ„å¯èƒ½,ç€è‰²ãƒ»æ±šã‚Œæ®‹ã‚Šã¯å¯ç‡ƒã”ã¿,æ´—æµ„ã—ãƒ†ãƒ¼ãƒ—ãƒ»ã‚·ãƒ¼ãƒ«ãƒ»ã²ã‚‚ã‚’å…¨ã¦å¤–ã™,ç„¡è‰²é€æ˜Žã¾ãŸã¯åŠé€æ˜Žã®è¢‹,,FALSE,FALSE,FALSE,,FALSE,åº—é ­å›žåŽã‚‚åˆ©ç”¨å¯,S-M030-01,https://www.city.yonago.lg.jp/1880.htm,ç™½è‰²ç™ºæ³¡ã‚¹ãƒãƒ­ãƒ¼ãƒ«ãƒ»ãƒˆãƒ¬ãƒ¼,2026-08-17,SORT_BUCKET,CURRENT,,
M030,C-M030-05,ç¼¶ãƒ»ãƒ“ãƒ³é¡ž,è³‡æº,,PRIMARY,5,CURBSIDE,é£²æ–™ãƒ»é£Ÿå“ç”¨ã®ç¼¶ã¨ã³ã‚“,å‰²ã‚ŒãŸã³ã‚“ãƒ»ã³ã‚“ã®ãµãŸãƒ»ã‚³ãƒ«ã‚¯æ “,é£²é£Ÿç”¨ã§ä¸­ã‚’ã™ã™ã’ã‚‹,å‰²ã‚Œã³ã‚“ã¨é‡‘å±žãµãŸã¯ä¸ç‡ƒãƒ»ã‚³ãƒ«ã‚¯ã¯å¯ç‡ƒ,ä¸­ã‚’ã™ã™ãŽã¤ã¶ã•ãªã„ãƒ»ãƒ©ãƒ™ãƒ«ã‚’ã§ãã‚‹ã ã‘å¤–ã™,ç„¡è‰²é€æ˜Žã¾ãŸã¯åŠé€æ˜Žã®è¢‹ãƒ»ç¼¶ã¨ã³ã‚“ã¯åŒè¢‹å¯,,FALSE,FALSE,FALSE,,FALSE,,S-M030-01,https://www.city.yonago.lg.jp/1880.htm,ç¼¶ãƒ»ãƒ“ãƒ³é¡ž,2026-08-17,SORT_BUCKET,CURRENT,,
M030,C-M030-06,ãƒšãƒƒãƒˆãƒœãƒˆãƒ«,è³‡æº,,PRIMARY,6,CURBSIDE,é£²æ–™ãƒ»ã—ã‚‡ã†ã‚†ãƒ»é…’é¡žãƒ»ã¿ã‚Šã‚“ãƒ»ã‚ã‚“ã¤ã‚†ç­‰ã®å¯¾è±¡PET,å¯¾è±¡å¤–ç”¨é€”ãƒ»æ±šã‚ŒãŒè½ã¡ãªã„ç‰©ãƒ»ã¯ãŒã‚Œãªã„ãƒ©ãƒ™ãƒ«,PETãƒžãƒ¼ã‚¯ã‹ã¤å¯¾è±¡ç”¨é€”,å¯¾è±¡å¤–ã‚„æ±šã‚Œæ®‹ã‚Šã¯å¯ç‡ƒã”ã¿,ãµãŸã¨ãƒ©ãƒ™ãƒ«ã‚’å¤–ã—ä¸­ã‚’ã™ã™ããƒ»ç„¡è‰²é€æ˜Žä»¥å¤–ã®å–ã£æ‰‹ã‚’å¤–ã™,ç„¡è‰²é€æ˜Žã¾ãŸã¯åŠé€æ˜Žã®è¢‹,,FALSE,FALSE,FALSE,,FALSE,,S-M030-01,https://www.city.yonago.lg.jp/1880.htm,ãƒšãƒƒãƒˆãƒœãƒˆãƒ«,2026-08-17,SORT_BUCKET,CURRENT,,
M030,C-M030-07,å¤ç´™é¡ž,è³‡æº,,PRIMARY,7,CURBSIDE,æ–°èžãƒ»ãƒãƒ©ã‚·ãƒ»æœ¬ãƒ»é›‘èªŒãƒ»é›‘ãŒã¿ãƒ»ç‰›ä¹³ãƒ‘ãƒƒã‚¯ãƒ»ãƒ€ãƒ³ãƒœãƒ¼ãƒ«ãƒ»ç´™ç®±,ã‚¢ãƒ«ãƒŸã‚³ãƒ¼ãƒˆç´™ãƒ‘ãƒƒã‚¯ãƒ»æ„Ÿç†±ç´™ç­‰,å“ç›®åˆ¥ã«åˆ†ã‘ã‚‰ã‚Œã‚‹å†ç”Ÿå¯èƒ½ç´™,ã‚¢ãƒ«ãƒŸã‚³ãƒ¼ãƒˆç´™ãƒ‘ãƒƒã‚¯ç­‰ã¯å¯ç‡ƒã”ã¿,ç´™ãƒ‘ãƒƒã‚¯ã¯ã™ã™ãŽé–‹ã„ã¦ä¹¾ç‡¥ãƒ»æ³¨ãŽå£ã‚’é™¤åŽ»ãƒ»å“ç›®åˆ¥ã«ã²ã‚‚ã§çµæŸ,ã²ã‚‚ã§å“ç›®åˆ¥ã«çµæŸ,,FALSE,FALSE,FALSE,,FALSE,æ³¨ãŽå£ã¯ä¸ç‡ƒã”ã¿,S-M030-01,https://www.city.yonago.lg.jp/1880.htm,å¤ç´™é¡ž,2026-08-17,SORT_BUCKET,CURRENT,,
M030,C-M030-08,ä¹¾é›»æ± ãƒ»ãƒªãƒã‚¦ãƒ ã‚¤ã‚ªãƒ³å……é›»æ± é¡ž,é›»æ± é¡žãƒ»è›å…‰ç®¡ç­‰,,SUBCATEGORY,8,CURBSIDE,ä¹¾é›»æ± ãƒ»ãƒœã‚¿ãƒ³é›»æ± ãƒ»ãƒªãƒã‚¦ãƒ ã‚¤ã‚ªãƒ³é›»æ± ãƒ»ãƒ‹ã‚«ãƒ‰é›»æ± ãƒ»ãƒ‹ãƒƒã‚±ãƒ«æ°´ç´ é›»æ± ,ç ´æãƒ»è†¨å¼µã—ãŸå……é›»æ± ,å®¶åº­ç”¨é›»æ± é¡ž,ç ´æè†¨å¼µå“ã¯ã‚¯ãƒªãƒ¼ãƒ³æŽ¨é€²èª²ã¸æŒè¾¼,ä¸¡æ¥µã¾ãŸã¯é‡‘å±žç«¯å­ã‚’ãƒ†ãƒ¼ãƒ—ã§çµ¶ç¸ãƒ»ãªã‚‹ã¹ãä½¿ã„åˆ‡ã‚‹,ç„¡è‰²é€æ˜Žã¾ãŸã¯åŠé€æ˜Žã®è¢‹ãƒ»è›å…‰ç®¡ç­‰ã¨åˆ¥è¢‹,,FALSE,FALSE,FALSE,,FALSE,è²©å£²åº—ã®å›žåŽã‚‚åˆ©ç”¨å¯,S-M030-01,https://www.city.yonago.lg.jp/1880.htm,é›»æ± é¡žãƒ»è›å…‰ç®¡ç­‰ï¼ä¹¾é›»æ± ãƒ»ãƒªãƒã‚¦ãƒ ã‚¤ã‚ªãƒ³å……é›»æ± é¡ž,2026-08-17,SORT_BUCKET,CURRENT,,
M030,C-M030-09,è›å…‰ç®¡ãƒ»æ°´éŠ€ä½“æ¸©è¨ˆãƒ»é›»çƒ,é›»æ± é¡žãƒ»è›å…‰ç®¡ç­‰,,SUBCATEGORY,9,CURBSIDE,è›å…‰ç®¡ãƒ»æ°´éŠ€ä½“æ¸©è¨ˆãƒ»é›»çƒ,é›»æ± é¡ž,å¯¾è±¡ç…§æ˜Žç­‰,å“ç›®åˆ¥åŒºåˆ†,ç®±ã¾ãŸã¯æ–°èžç´™ã§åŒ…ã¿å‰²ã‚‰ãªã„,ç„¡è‰²é€æ˜Žã¾ãŸã¯åŠé€æ˜Žã®è¢‹ãƒ»é›»æ± é¡žã¨åˆ¥è¢‹,,FALSE,FALSE,FALSE,,FALSE,å‰²ã‚ŒãŸç‰©ã‚‚é€æ˜Žè¢‹ã§åŽé›†,S-M030-01,https://www.city.yonago.lg.jp/1880.htm,é›»æ± é¡žãƒ»è›å…‰ç®¡ç­‰ï¼è›å…‰ç®¡ãƒ»æ°´éŠ€ä½“æ¸©è¨ˆãƒ»é›»çƒ,2026-08-17,SORT_BUCKET,CURRENT,,
M030,C-M030-10,å°åž‹å®¶é›»ãƒªã‚µã‚¤ã‚¯ãƒ«,å°åž‹å®¶é›»ãƒªã‚µã‚¤ã‚¯ãƒ«,,ALTERNATIVE,10,DROP_OFF,æºå¸¯é›»è©±ãƒ»ã‚«ãƒ¡ãƒ©ãƒ»ã‚²ãƒ¼ãƒ æ©Ÿãƒ»ãƒ‘ã‚½ã‚³ãƒ³ãƒ»å®¶é›»ãƒ»ãƒ¢ãƒã‚¤ãƒ«ãƒãƒƒãƒ†ãƒªãƒ¼,å®¶é›»ãƒªã‚µã‚¤ã‚¯ãƒ«æ³•å¯¾è±¡å“ç­‰,å®¶åº­ã®é›»æ°—ãƒ»é›»æ± ã§å‹•ãå¯¾è±¡å“,ä¸ç‡ƒã”ã¿ã¾ãŸã¯ä¸ç‡ƒæ€§ç²—å¤§ã”ã¿ã®é€šå¸¸çµŒè·¯ã‚‚å¯,å€‹äººæƒ…å ±ã‚’æ¶ˆåŽ»ã—é›»æ± ã‚’å¤–ã›ã‚‹å ´åˆã¯å¤–ã™,å›žåŽãƒœãƒƒã‚¯ã‚¹,æŠ•å…¥å£40cmÃ—20cmãƒ»å¤§åž‹ã¯ã‚¯ãƒªãƒ¼ãƒ³ã‚»ãƒ³ã‚¿ãƒ¼,FALSE,FALSE,FALSE,,FALSE,ç„¡æ–™å›žåŽã®ä»£æ›¿çµŒè·¯,S-M030-01,https://www.city.yonago.lg.jp/1880.htm,å°åž‹å®¶é›»ãƒªã‚µã‚¤ã‚¯ãƒ«,2026-08-17,REFERENCE_ONLY,CURRENT,,
M030,C-M030-11,å¸‚ã§åŽé›†å‡¦ç†ã—ãªã„ã”ã¿,å¸‚ã§åŽé›†å‡¦ç†ã—ãªã„ã”ã¿,,EXCLUDED,11,NOT_COLLECTED,å®¶é›»4å“ç›®ãƒ»å‡¦ç†å›°é›£ç‰©ãƒ»äº‹æ¥­ã”ã¿ç­‰,å¸‚åŽé›†å¯¾è±¡ã®å®¶åº­ã”ã¿,å¸‚ã®åŽé›†å‡¦ç†å¯¾è±¡å¤–,è²©å£²åº—ãƒ»è¨±å¯æ¥­è€…ãƒ»æ³•å®šãƒªã‚µã‚¤ã‚¯ãƒ«çµŒè·¯,å‡¦ç†å…ˆã¸ç›¸è«‡,å¸‚æŒ‡å®šè¢‹ä¸å¯,,FALSE,FALSE,CONDITIONAL,å‡¦ç†çµŒè·¯ã«ã‚ˆã‚Šç•°ãªã‚‹,TRUE,,S-M030-01,https://www.city.yonago.lg.jp/1880.htm,å¸‚ã§åŽé›†å‡¦ç†ã—ãªã„ã”ã¿,2026-08-17,EXCLUDED_NOTICE,CURRENT,,
M031,C-M031-01,å¯ç‡ƒã”ã¿,å¯ç‡ƒã”ã¿,,PRIMARY,1,CURBSIDE,ç”Ÿã”ã¿ãƒ»ç´™ããšç­‰,NOT_STATED_IN_CITED_SOURCE,,NOT_STATED_IN_CITED_SOURCE,ç”Ÿã”ã¿ã¯æ°´åˆ‡ã‚Š,,,FALSE,FALSE,FALSE,,FALSE,,S-M031-02,https://www.city.kurayoshi.lg.jp/1897.htm,ä»¤å’Œ8å¹´åº¦æ—¥ç¨‹è¡¨ï¼å¯ç‡ƒã”ã¿,2026-08-19,SORT_BUCKET,CURRENT,,
M031,C-M031-02,ã³ã‚“é¡ž,ã³ã‚“é¡ž,,PRIMARY,2,CURBSIDE,é£²é£Ÿç”¨ã³ã‚“,NOT_STATED_IN_CITED_SOURCE,,NOT_STATED_IN_CITED_SOURCE,ä¸­ã‚’ã™ã™ã,,,FALSE,FALSE,FALSE,,FALSE,,S-M031-01,https://www.city.kurayoshi.lg.jp/1878.htm,ä¿å­˜ç‰ˆåˆ†åˆ¥æ¡ˆå†…ï¼ã³ã‚“é¡ž,2026-08-19,SORT_BUCKET,CURRENT,,
M031,C-M031-03,ç¼¶é¡ž,ç¼¶é¡ž,,PRIMARY,3,CURBSIDE,é£²é£Ÿç”¨ç¼¶,NOT_STATED_IN_CITED_SOURCE,,NOT_STATED_IN_CITED_SOURCE,ä¸­ã‚’ã™ã™ã,,,FALSE,FALSE,FALSE,,FALSE,,S-M031-01,https://www.city.kurayoshi.lg.jp/1878.htm,ä¿å­˜ç‰ˆåˆ†åˆ¥æ¡ˆå†…ï¼ç¼¶é¡ž,2026-08-19,SORT_BUCKET,CURRENT,,
M031,C-M031-04,å°åž‹å®¶é›»,å°åž‹å®¶é›»,,PRIMARY,4,DROP_OFF,å¸‚æŒ‡å®šã®å°åž‹å®¶é›»,NOT_STATED_IN_CITED_SOURCE,,NOT_STATED_IN_CITED_SOURCE,å€‹äººæƒ…å ±ã‚’æ¶ˆåŽ»ã—é›»æ± ã‚’å¤–ã™,,,FALSE,FALSE,FALSE,,FALSE,,S-M031-01,https://www.city.kurayoshi.lg.jp/1878.htm,ä¿å­˜ç‰ˆåˆ†åˆ¥æ¡ˆå†…ï¼å°åž‹å®¶é›»,2026-08-19,REFERENCE_ONLY,CURRENT,,
M031,C-M031-05,ä¸ç‡ƒã”ã¿,ä¸ç‡ƒã”ã¿,,PRIMARY,5,CURBSIDE,é™¶ç£å™¨ãƒ»ã‚¬ãƒ©ã‚¹ãƒ»é‡‘å±žç­‰,NOT_STATED_IN_CITED_SOURCE,,NOT_STATED_IN_CITED_SOURCE,NOT_STATED_IN_CITED_SOURCE,,,FALSE,FALSE,FALSE,,FALSE,,S-M031-02,https://www.city.kurayoshi.lg.jp/1897.htm,ä»¤å’Œ8å¹´åº¦æ—¥ç¨‹è¡¨ï¼ä¸ç‡ƒã”ã¿,2026-08-19,SORT_BUCKET,CURRENT,,
M031,C-M031-06,æœ‰å®³ã”ã¿,æœ‰å®³ã”ã¿,,PRIMARY,6,CURBSIDE,ä¹¾é›»æ± ãƒ»å……é›»æ± ãƒ»ã‚¹ãƒ—ãƒ¬ãƒ¼ç¼¶ç­‰ã®å¸‚æŒ‡å®šæœ‰å®³å“,NOT_STATED_IN_CITED_SOURCE,,NOT_STATED_IN_CITED_SOURCE,é›»æ± ç«¯å­ã‚’çµ¶ç¸ã™ã‚‹,,,FALSE,FALSE,FALSE,,FALSE,,S-M031-01,https://www.city.kurayoshi.lg.jp/1878.htm,ã”ã¿ã®å‡ºã—æ–¹ï¼æœ‰å®³ã”ã¿,2026-08-19,SORT_BUCKET,CURRENT,,
M031,C-M031-07,å†ç”Ÿè³‡æº,å†ç”Ÿè³‡æº,,PRIMARY,7,CURBSIDE,æ–°èžãƒ»é›‘èªŒé›‘ç´™ãƒ»æ®µãƒœãƒ¼ãƒ«ãƒ»å¸ƒé¡žãƒ»ç‰›ä¹³ãƒ‘ãƒƒã‚¯ãƒ»ç™ºæ³¡ã‚¹ãƒãƒ­ãƒ¼ãƒ«ãƒ»ç™½è‰²ãƒˆãƒ¬ãƒ¼ãƒ»ãƒšãƒƒãƒˆãƒœãƒˆãƒ«,NOT_STATED_IN_CITED_SOURCE,,NOT_STATED_IN_CITED_SOURCE,NOT_STATED_IN_CITED_SOURCE,,,FALSE,FALSE,FALSE,,FALSE,,S-M031-02,https://www.city.kurayoshi.lg.jp/1897.htm,ä»¤å’Œ8å¹´åº¦æ—¥ç¨‹è¡¨ï¼å†ç”Ÿè³‡æº,2026-08-19,SORT_BUCKET,CURRENT,,
M031,C-M031-08,æ–°èžãƒ»ãƒãƒ©ã‚·åºƒå‘Š,å†ç”Ÿè³‡æº,C-M031-07,SUBCATEGORY,8,CURBSIDE,æ–°èžãƒ»æŠ˜è¾¼åºƒå‘Š,NOT_STATED_IN_CITED_SOURCE,,NOT_STATED_IN_CITED_SOURCE,ç¨®é¡žåˆ¥ã«ã¾ã¨ã‚ã‚‹,,,FALSE,FALSE,FALSE,,FALSE,,S-M031-01,https://www.city.kurayoshi.lg.jp/1878.htm,ä¿å­˜ç‰ˆåˆ†åˆ¥æ¡ˆå†…ï¼å†ç”Ÿè³‡æºï¼æ–°èžãƒ»ãƒãƒ©ã‚·åºƒå‘Š,2026-08-19,REFERENCE_ONLY,CURRENT,,
M031,C-M031-09,é›‘èªŒãƒ»é›‘ç´™é¡ž,å†ç”Ÿè³‡æº,C-M031-07,SUBCATEGORY,9,CURBSIDE,é›‘èªŒãƒ»é›‘ãŒã¿,NOT_STATED_IN_CITED_SOURCE,,NOT_STATED_IN_CITED_SOURCE,ç´™ä»¥å¤–ã‚’å¤–ã—ã¦ã¾ã¨ã‚ã‚‹,,,FALSE,FALSE,FALSE,,FALSE,,S-M031-01,https://www.city.kurayoshi.lg.jp/1878.htm,ä¿å­˜ç‰ˆåˆ†åˆ¥æ¡ˆå†…ï¼å†ç”Ÿè³‡æºï¼é›‘èªŒãƒ»é›‘ç´™é¡ž,2026-08-19,REFERENCE_ONLY,CURRENT,,
M031,C-M031-10,æ®µãƒœãƒ¼ãƒ«,å†ç”Ÿè³‡æº,C-M031-07,SUBCATEGORY,10,CURBSIDE,æ®µãƒœãƒ¼ãƒ«,NOT_STATED_IN_CITED_SOURCE,,NOT_STATED_IN_CITED_SOURCE,æŠ˜ã‚ŠãŸãŸã‚€,,,FALSE,FALSE,FALSE,,FALSE,,S-M031-01,https://www.city.kurayoshi.lg.jp/1878.htm,ä¿å­˜ç‰ˆåˆ†åˆ¥æ¡ˆå†…ï¼å†ç”Ÿè³‡æºï¼æ®µãƒœãƒ¼ãƒ«,2026-08-19,REFERENCE_ONLY,CURRENT,,
M031,C-M031-11,å¸ƒé¡ž,å†ç”Ÿè³‡æº,C-M031-07,SUBCATEGORY,11,CURBSIDE,è¡£é¡žãƒ»å¤å¸ƒ,NOT_STATED_IN_CITED_SOURCE,,NOT_STATED_IN_CITED_SOURCE,æ´—ã£ã¦ä¹¾ã‹ã™,,,FALSE,FALSE,FALSE,,FALSE,,S-M031-01,https://www.city.kurayoshi.lg.jp/1878.htm,ä¿å­˜ç‰ˆåˆ†åˆ¥æ¡ˆå†…ï¼å†ç”Ÿè³‡æºï¼å¸ƒé¡ž,2026-08-19,REFERENCE_ONLY,CURRENT,,
M031,C-M031-12,ç‰›ä¹³ãƒ‘ãƒƒã‚¯,å†ç”Ÿè³‡æº,C-M031-07,SUBCATEGORY,12,CURBSIDE,é£²æ–™ç”¨ç´™ãƒ‘ãƒƒã‚¯,NOT_STATED_IN_CITED_SOURCE,,NOT_STATED_IN_CITED_SOURCE,æ´—ã£ã¦åˆ‡ã‚Šé–‹ãä¹¾ã‹ã™,,,FALSE,FALSE,FALSE,,FALSE,,S-M031-01,https://www.city.kurayoshi.lg.jp/1878.htm,ä¿å­˜ç‰ˆåˆ†åˆ¥æ¡ˆå†…ï¼å†ç”Ÿè³‡æºï¼ç‰›ä¹³ãƒ‘ãƒƒã‚¯,2026-08-19,REFERENCE_ONLY,CURRENT,,
M031,C-M031-13,ç™ºæ³¡ã‚¹ãƒãƒ­ãƒ¼ãƒ«,å†ç”Ÿè³‡æº,C-M031-07,SUBCATEGORY,13,CURBSIDE,ç™ºæ³¡ã‚¹ãƒãƒ­ãƒ¼ãƒ«,NOT_STATED_IN_CITED_SOURCE,,NOT_STATED_IN_CITED_SOURCE,æ±šã‚Œã‚’è½ã¨ã™,,,FALSE,FALSE,FALSE,,FALSE,,S-M031-01,https://www.city.kurayoshi.lg.jp/1878.htm,ä¿å­˜ç‰ˆåˆ†åˆ¥æ¡ˆå†…ï¼å†ç”Ÿè³‡æºï¼ç™ºæ³¡ã‚¹ãƒãƒ­ãƒ¼ãƒ«,2026-08-19,REFERENCE_ONLY,CURRENT,,
M031,C-M031-14,ç™½è‰²ãƒˆãƒ¬ãƒ¼,å†ç”Ÿè³‡æº,C-M031-07,SUBCATEGORY,14,CURBSIDE,ç™½è‰²é£Ÿå“ãƒˆãƒ¬ãƒ¼,NOT_STATED_IN_CITED_SOURCE,,NOT_STATED_IN_CITED_SOURCE,æ´—ã£ã¦ä¹¾ã‹ã™,,,FALSE,FALSE,FALSE,,FALSE,,S-M031-01,https://www.city.kurayoshi.lg.jp/1878.htm,ä¿å­˜ç‰ˆåˆ†åˆ¥æ¡ˆå†…ï¼å†ç”Ÿè³‡æºï¼ç™½è‰²ãƒˆãƒ¬ãƒ¼,2026-08-19,REFERENCE_ONLY,CURRENT,,
M031,C-M031-15,ãƒšãƒƒãƒˆãƒœãƒˆãƒ«,å†ç”Ÿè³‡æº,C-M031-07,SUBCATEGORY,15,CURBSIDE,PETãƒžãƒ¼ã‚¯ã®ãƒœãƒˆãƒ«,NOT_STATED_IN_CITED_SOURCE,,NOT_STATED_IN_CITED_SOURCE,ã‚­ãƒ£ãƒƒãƒ—ã¨ãƒ©ãƒ™ãƒ«ã‚’å¤–ã—ä¸­ã‚’ã™ã™ã,,,FALSE,FALSE,FALSE,,FALSE,,S-M031-01,https://www.city.kurayoshi.lg.jp/1878.htm,ä¿å­˜ç‰ˆåˆ†åˆ¥æ¡ˆå†…ï¼å†ç”Ÿè³‡æºï¼ãƒšãƒƒãƒˆãƒœãƒˆãƒ«,2026-08-19,REFERENCE_ONLY,CURRENT,,
M031,C-M031-16,å¯ç‡ƒæ€§ç²—å¤§ã”ã¿,å¯ç‡ƒæ€§ç²—å¤§ã”ã¿,,PRIMARY,16,CURBSIDE,å¯ç‡ƒæ€§ã®å¤§åž‹å®¶å…·ãƒ»å¯å…·ç­‰,NOT_STATED_IN_CITED_SOURCE,,NOT_STATED_IN_CITED_SOURCE,NOT_STATED_IN_CITED_SOURCE,,,TRUE,FALSE,FALSE,,FALSE,,S-M031-02,https://www.city.kurayoshi.lg.jp/1897.htm,ä»¤å’Œ8å¹´åº¦æ—¥ç¨‹è¡¨ï¼ç²—å¤§ã”ã¿,2026-08-19,REFERENCE_ONLY,CURRENT,,
M031,C-M031-17,ä¸ç‡ƒæ€§ç²—å¤§ã”ã¿,ä¸ç‡ƒæ€§ç²—å¤§ã”ã¿,,PRIMARY,17,CURBSIDE,ä¸ç‡ƒæ€§ã®å¤§åž‹å“,NOT_STATED_IN_CITED_SOURCE,,NOT_STATED_IN_CITED_SOURCE,NOT_STATED_IN_CITED_SOURCE,,,TRUE,FALSE,FALSE,,FALSE,,S-M031-02,https://www.city.kurayoshi.lg.jp/1897.htm,ä»¤å’Œ8å¹´åº¦æ—¥ç¨‹è¡¨ï¼ç²—å¤§ã”ã¿,2026-08-19,REFERENCE_ONLY,CURRENT,,
M031,C-M031-18,å»ƒé£Ÿç”¨æ²¹,å»ƒé£Ÿç”¨æ²¹,,PRIMARY,18,DROP_OFF,å®¶åº­ã®ä½¿ç”¨æ¸ˆã¿é£Ÿç”¨æ²¹,NOT_STATED_IN_CITED_SOURCE,,NOT_STATED_IN_CITED_SOURCE,ç•°ç‰©ã‚’é™¤ãæŒ‡å®šæ–¹æ³•ã§å›žåŽã¸,,,FALSE,FALSE,FALSE,,FALSE,,S-M031-01,https://www.city.kurayoshi.lg.jp/1878.htm,ã”ã¿ã®å‡ºã—æ–¹ï¼å»ƒé£Ÿç”¨æ²¹ã®ãƒªã‚µã‚¤ã‚¯ãƒ«,2026-08-19,REFERENCE_ONLY,CURRENT,,
M031,C-M031-19,å¸‚ã§åŽé›†ãƒ»å‡¦ç†ã§ããªã„ã‚‚ã®,å¸‚ã§åŽé›†ãƒ»å‡¦ç†ã§ããªã„ã‚‚ã®,,EXCLUDED,19,NOT_COLLECTED,å®¶é›»4å“ç›®ãƒ»å‡¦ç†å›°é›£ç‰©ç­‰,NOT_STATED_IN_CITED_SOURCE,,è²©å£²åº—ãƒ»ãƒ¡ãƒ¼ã‚«ãƒ¼ç­‰,å—å…¥å…ˆã®æŒ‡ç¤ºã«å¾“ã†,,,FALSE,FALSE,FALSE,,TRUE,,S-M031-01,https://www.city.kurayoshi.lg.jp/1878.htm,å®¶åº­é›»åŒ–è£½å“ã®ãƒªã‚µã‚¤ã‚¯ãƒ«ç­‰ã¸ã®å…¬å¼å°Žç·š,2026-08-19,EXCLUDED_NOTICE,CURRENT,,
M032,C-M032-01,å¯ç‡ƒã‚´ãƒŸ,å¯ç‡ƒã‚´ãƒŸ,,PRIMARY,1,CURBSIDE,ç”Ÿã”ã¿ãƒ»ç´™ããšç­‰,NOT_STATED_IN_CITED_SOURCE,,NOT_STATED_IN_CITED_SOURCE,ç”Ÿã”ã¿ã¯æ°´åˆ‡ã‚Š,,,FALSE,FALSE,FALSE,,FALSE,,S-M032-02,https://www.city.sakaiminato.lg.jp/m/index.php?view=1695,å¸‚å…¬å¼ãƒ¢ãƒã‚¤ãƒ«ç‰ˆï¼å¯ç‡ƒã‚´ãƒŸ,2026-08-19,SORT_BUCKET,CURRENT,,
M032,C-M032-02,è³‡æºã‚´ãƒŸï¼ˆãƒ“ãƒ³ç¼¶é¡žï¼‰,è³‡æºã‚´ãƒŸï¼ˆãƒ“ãƒ³ç¼¶é¡žï¼‰,,PRIMARY,2,CURBSIDE,é£²é£Ÿç”¨ã³ã‚“ãƒ»ç¼¶,NOT_STATED_IN_CITED_SOURCE,,NOT_STATED_IN_CITED_SOURCE,ä¸­ã‚’ã™ã™ã,,,FALSE,FALSE,FALSE,,FALSE,,S-M032-02,https://www.city.sakaiminato.lg.jp/m/index.php?view=1695,å¸‚å…¬å¼ãƒ¢ãƒã‚¤ãƒ«ç‰ˆï¼è³‡æºã‚´ãƒŸï¼ˆãƒ“ãƒ³ç¼¶é¡žï¼‰,2026-08-19,SORT_BUCKET,CURRENT,,
M032,C-M032-03,è³‡æºã‚´ãƒŸï¼ˆå¤ç´™é¡žï¼‰,è³‡æºã‚´ãƒŸï¼ˆå¤ç´™é¡žï¼‰,,PRIMARY,3,CURBSIDE,æ–°èžãƒ»é›‘èªŒé›‘ç´™ãƒ»æ®µãƒœãƒ¼ãƒ«ç­‰,NOT_STATED_IN_CITED_SOURCE,,NOT_STATED_IN_CITED_SOURCE,ç¨®é¡žåˆ¥ã«ã¾ã¨ã‚ã‚‹,,,FALSE,FALSE,FALSE,,FALSE,,S-M032-02,https://www.city.sakaiminato.lg.jp/m/index.php?view=1695,å¸‚å…¬å¼ãƒ¢ãƒã‚¤ãƒ«ç‰ˆï¼è³‡æºã‚´ãƒŸï¼ˆå¤ç´™é¡žï¼‰,2026-08-19,SORT_BUCKET,CURRENT,,
M032,C-M032-04,è³‡æºã‚´ãƒŸï¼ˆãƒ—ãƒ©ã‚¹ãƒãƒƒã‚¯ï¼‰,è³‡æºã‚´ãƒŸï¼ˆãƒ—ãƒ©ã‚¹ãƒãƒƒã‚¯ï¼‰,,PRIMARY,4,CURBSIDE,å¸‚æŒ‡å®šã®è³‡æºãƒ—ãƒ©ã‚¹ãƒãƒƒã‚¯,NOT_STATED_IN_CITED_SOURCE,,NOT_STATED_IN_CITED_SOURCE,NOT_STATED_IN_CITED_SOURCE,,,FALSE,FALSE,FALSE,,FALSE,,S-M032-02,https://www.city.sakaiminato.lg.jp/m/index.php?view=1695,å¸‚å…¬å¼ãƒ¢ãƒã‚¤ãƒ«ç‰ˆï¼è³‡æºã‚´ãƒŸï¼ˆãƒ—ãƒ©ã‚¹ãƒãƒƒã‚¯ï¼‰,2026-08-19,SORT_BUCKET,CURRENT,,
M032,C-M032-05,è»Ÿè³ªãƒ—ãƒ©ã‚¹ãƒãƒƒã‚¯é¡ž,è»Ÿè³ªãƒ—ãƒ©ã‚¹ãƒãƒƒã‚¯é¡ž,,PRIMARY,5,CURBSIDE,å®¶åº­ã®è»Ÿè³ªãƒ—ãƒ©ã‚¹ãƒãƒƒã‚¯é¡ž,NOT_STATED_IN_CITED_SOURCE,,NOT_STATED_IN_CITED_SOURCE,NOT_STATED_IN_CITED_SOURCE,,,FALSE,FALSE,FALSE,,FALSE,,S-M032-01,https://www.city.sakaiminato.lg.jp/index.php?view=108858,å®¶åº­ã”ã¿ã®åˆ†ã‘æ–¹å‡ºã—æ–¹ï¼è»Ÿè³ªãƒ—ãƒ©ã‚¹ãƒãƒƒã‚¯é¡ž,2026-08-19,SORT_BUCKET,CURRENT,,
M032,C-M032-06,ä¸ç‡ƒã‚´ãƒŸ,ä¸ç‡ƒã‚´ãƒŸ,,PRIMARY,6,CURBSIDE,é™¶ç£å™¨ãƒ»ã‚¬ãƒ©ã‚¹ãƒ»é‡‘å±žç­‰,NOT_STATED_IN_CITED_SOURCE,,NOT_STATED_IN_CITED_SOURCE,NOT_STATED_IN_CITED_SOURCE,,,FALSE,FALSE,FALSE,,FALSE,,S-M032-02,https://www.city.sakaiminato.lg.jp/m/index.php?view=1695,å¸‚å…¬å¼ãƒ¢ãƒã‚¤ãƒ«ç‰ˆï¼ä¸ç‡ƒã‚´ãƒŸ,2026-08-19,SORT_BUCKET,CURRENT,,
M032,C-M032-07,æœ‰å®³ã‚´ãƒŸ,æœ‰å®³ã‚´ãƒŸ,,PRIMARY,7,CURBSIDE,ä¹¾é›»æ± ãƒ»è›å…‰ç®¡ãƒ»æ°´éŠ€è£½å“ç­‰,NOT_STATED_IN_CITED_SOURCE,,NOT_STATED_IN_CITED_SOURCE,é›»æ± ã‚’çµ¶ç¸ã—ç ´æã—ã‚„ã™ã„ç‰©ã¯ä¿è­·,,,FALSE,FALSE,FALSE,,FALSE,,S-M032-02,https://www.city.sakaiminato.lg.jp/m/index.php?view=1695,å¸‚å…¬å¼ãƒ¢ãƒã‚¤ãƒ«ç‰ˆï¼æœ‰å®³ã‚´ãƒŸ,2026-08-19,SORT_BUCKET,CURRENT,,
M032,C-M032-08,å»ƒé£Ÿæ²¹,å»ƒé£Ÿæ²¹,,PRIMARY,8,DROP_OFF,å®¶åº­ã®ä½¿ç”¨æ¸ˆã¿é£Ÿç”¨æ²¹,NOT_STATED_IN_CITED_SOURCE,,NOT_STATED_IN_CITED_SOURCE,æŒ‡å®šå®¹å™¨ãƒ»æŒ‡å®šæ–¹æ³•ã§å›žåŽã¸,,,FALSE,FALSE,FALSE,,FALSE,,S-M032-02,https://www.city.sakaiminato.lg.jp/m/index.php?view=1695,å¸‚å…¬å¼ãƒ¢ãƒã‚¤ãƒ«ç‰ˆï¼å»ƒé£Ÿæ²¹,2026-08-19,REFERENCE_ONLY,CURRENT,,
M032,C-M032-09,ç²—å¤§ã‚´ãƒŸ,ç²—å¤§ã‚´ãƒŸ,,PRIMARY,9,CURBSIDE,å®¶å…·ãƒ»å¯å…·ç­‰ã®å¤§åž‹å“,NOT_STATED_IN_CITED_SOURCE,,NOT_STATED_IN_CITED_SOURCE,NOT_STATED_IN_CITED_SOURCE,,,TRUE,FALSE,FALSE,,FALSE,,S-M032-02,https://www.city.sakaiminato.lg.jp/m/index.php?view=1695,å¸‚å…¬å¼ãƒ¢ãƒã‚¤ãƒ«ç‰ˆï¼ç²—å¤§ã‚´ãƒŸ,2026-08-19,REFERENCE_ONLY,CURRENT,,
M032,C-M032-10,åŽé›†ã—ãªã„ã‚´ãƒŸ,åŽé›†ã—ãªã„ã‚´ãƒŸ,,EXCLUDED,10,NOT_COLLECTED,å¸‚ã®åŽé›†å¯¾è±¡å¤–å“,NOT_STATED_IN_CITED_SOURCE,,è²©å£²åº—ãƒ»ãƒ¡ãƒ¼ã‚«ãƒ¼ç­‰,å—å…¥å…ˆã®æŒ‡ç¤ºã«å¾“ã†,,,FALSE,FALSE,FALSE,,TRUE,,S-M032-02,https://www.city.sakaiminato.lg.jp/m/index.php?view=1695,å¸‚å…¬å¼ãƒ¢ãƒã‚¤ãƒ«ç‰ˆï¼åŽé›†ã—ãªã„ã‚´ãƒŸ,2026-08-19,EXCLUDED_NOTICE,CURRENT,,
M033,C-M033-01,å¯ç‡ƒã”ã¿,å¯ç‡ƒã”ã¿,,PRIMARY,1,CURBSIDE,ç”Ÿã”ã¿ãƒ»ç´™ããšç­‰,NOT_STATED_IN_CITED_SOURCE,,NOT_STATED_IN_CITED_SOURCE,ç”Ÿã”ã¿ã¯æ°´åˆ‡ã‚Š,ç”ºæŒ‡å®šè¢‹,,FALSE,FALSE,FALSE,,FALSE,,S-M033-01,https://www.iwami.gr.jp/1112.htm,å®¶åº­ã”ã¿ã‚¬ã‚¤ãƒ‰ï¼å¯ç‡ƒã”ã¿,2026-08-19,SORT_BUCKET,CURRENT,,
M033,C-M033-02,å¤ç´™é¡ž,å¤ç´™é¡ž,,PRIMARY,2,CURBSIDE,æ–°èžãƒ»é›‘èªŒé›‘ç´™ãƒ»æ®µãƒœãƒ¼ãƒ«ç­‰,NOT_STATED_IN_CITED_SOURCE,,NOT_STATED_IN_CITED_SOURCE,ç¨®é¡žåˆ¥ã«ã¾ã¨ã‚ã‚‹,,,FALSE,FALSE,FALSE,,FALSE,,S-M033-01,https://www.iwami.gr.jp/1112.htm,å®¶åº­ã”ã¿ã‚¬ã‚¤ãƒ‰ï¼å¤ç´™é¡ž,2026-08-19,SORT_BUCKET,CURRENT,,
M033,C-M033-03,ãƒ—ãƒ©ã‚¹ãƒãƒƒã‚¯ã”ã¿,ãƒ—ãƒ©ã‚¹ãƒãƒƒã‚¯ã”ã¿,,PRIMARY,3,CURBSIDE,ç”ºæŒ‡å®šã®ãƒ—ãƒ©ã‚¹ãƒãƒƒã‚¯ã”ã¿,NOT_STATED_IN_CITED_SOURCE,,NOT_STATED_IN_CITED_SOURCE,NOT_STATED_IN_CITED_SOURCE,é€æ˜Žã¾ãŸã¯åŠé€æ˜Žã®ä¸­èº«ãŒè¦‹ãˆã‚‹è¢‹,,FALSE,FALSE,FALSE,,FALSE,,S-M033-02,https://www.iwami.gr.jp/1111.htm,ã”ã¿ã®å‡ºã—æ–¹ï¼ãƒ—ãƒ©ã‚¹ãƒãƒƒã‚¯ã”ã¿,2026-08-19,SORT_BUCKET,CURRENT,,
M033,C-M033-04,è³‡æºã”ã¿,è³‡æºã”ã¿,,PRIMARY,4,CURBSIDE,ã³ã‚“ãƒ»ç¼¶ç­‰ã®è³‡æºç‰©,NOT_STATED_IN_CITED_SOURCE,,NOT_STATED_IN_CITED_SOURCE,NOT_STATED_IN_CITED_SOURCE,å°‚ç”¨å®¹å™¨ã«ç›´æŽ¥å…¥ã‚Œã‚‹,,FALSE,FALSE,FALSE,,FALSE,,S-M033-02,https://www.iwami.gr.jp/1111.htm,ã”ã¿ã®å‡ºã—æ–¹ï¼è³‡æºã”ã¿,2026-08-19,SORT_BUCKET,CURRENT,,
M033,C-M033-05,å°åž‹ç ´ç •ã”ã¿,å°åž‹ç ´ç •ã”ã¿,,PRIMARY,5,CURBSIDE,é™¶ç£å™¨ãƒ»ã‚¬ãƒ©ã‚¹ãƒ»å°åž‹é‡‘å±žè£½å“ç­‰,NOT_STATED_IN_CITED_SOURCE,,NOT_STATED_IN_CITED_SOURCE,NOT_STATED_IN_CITED_SOURCE,é€æ˜Žã¾ãŸã¯åŠé€æ˜Žã®ä¸­èº«ãŒè¦‹ãˆã‚‹è¢‹,,FALSE,FALSE,FALSE,,FALSE,,S-M033-02,https://www.iwami.gr.jp/1111.htm,ã”ã¿ã®å‡ºã—æ–¹ï¼å°åž‹ç ´ç •ã”ã¿,2026-08-19,SORT_BUCKET,CURRENT,,
M033,C-M033-06,å¤§åž‹è³‡æºã”ã¿,å¤§åž‹è³‡æºã”ã¿,,PRIMARY,6,CURBSIDE,ç”ºæŒ‡å®šã®å¤§åž‹è³‡æºç‰©,NOT_STATED_IN_CITED_SOURCE,,NOT_STATED_IN_CITED_SOURCE,NOT_STATED_IN_CITED_SOURCE,,,TRUE,FALSE,FALSE,,FALSE,,S-M033-01,https://www.iwami.gr.jp/1112.htm,å®¶åº­ã”ã¿ã‚¬ã‚¤ãƒ‰ï¼å¤§åž‹è³‡æºã”ã¿,2026-08-19,REFERENCE_ONLY,CURRENT,,
M033,C-M033-07,ãƒšãƒƒãƒˆãƒœãƒˆãƒ«,ãƒšãƒƒãƒˆãƒœãƒˆãƒ«,,PRIMARY,7,CURBSIDE,PETãƒžãƒ¼ã‚¯ã®ãƒœãƒˆãƒ«,NOT_STATED_IN_CITED_SOURCE,,NOT_STATED_IN_CITED_SOURCE,ã‚­ãƒ£ãƒƒãƒ—ã¨ãƒ©ãƒ™ãƒ«ã‚’å¤–ã—ä¸­ã‚’ã™ã™ã,å°‚ç”¨å®¹å™¨ã«ç›´æŽ¥å…¥ã‚Œã‚‹,,FALSE,FALSE,FALSE,,FALSE,,S-M033-02,https://www.iwami.gr.jp/1111.htm,ã”ã¿ã®å‡ºã—æ–¹ï¼ãƒšãƒƒãƒˆãƒœãƒˆãƒ«,2026-08-19,SORT_BUCKET,CURRENT,,
M033,C-M033-08,æœ‰å®³ã”ã¿,æœ‰å®³ã”ã¿,,PRIMARY,8,CURBSIDE,è›å…‰ç®¡ãƒ»æ°´éŠ€è£½å“ç­‰ã®ç”ºæŒ‡å®šæœ‰å®³å“,NOT_STATED_IN_CITED_SOURCE,,NOT_STATED_IN_CITED_SOURCE,ç ´æã—ãªã„ã‚ˆã†ä¿è­·,,,FALSE,FALSE,FALSE,,FALSE,,S-M033-01,https://www.iwami.gr.jp/1112.htm,å®¶åº­ã”ã¿ã‚¬ã‚¤ãƒ‰ï¼æœ‰å®³ã”ã¿,2026-08-19,SORT_BUCKET,CURRENT,,
M033,C-M033-09,ä¹¾é›»æ± é¡ž,ä¹¾é›»æ± é¡ž,,PRIMARY,9,CURBSIDE,ä¹¾é›»æ± ãƒ»é›»æ± é¡ž,NOT_STATED_IN_CITED_SOURCE,,NOT_STATED_IN_CITED_SOURCE,ç«¯å­ã‚’çµ¶ç¸ã™ã‚‹,é€æ˜Žã¾ãŸã¯åŠé€æ˜Žã®ä¸­èº«ãŒè¦‹ãˆã‚‹è¢‹,,FALSE,FALSE,FALSE,,FALSE,,S-M033-02,https://www.iwami.gr.jp/1111.htm,ã”ã¿ã®å‡ºã—æ–¹ï¼ä¹¾é›»æ± é¡ž,2026-08-19,SORT_BUCKET,CURRENT,,
M033,C-M033-10,ä½¿ç”¨æ¸ˆå°åž‹é›»å­æ©Ÿå™¨ç­‰,ä½¿ç”¨æ¸ˆå°åž‹é›»å­æ©Ÿå™¨ç­‰,,PRIMARY,10,DROP_OFF,å›žåŽå¯¾è±¡ã®ä½¿ç”¨æ¸ˆå°åž‹å®¶é›»,NOT_STATED_IN_CITED_SOURCE,,NOT_STATED_IN_CITED_SOURCE,å€‹äººæƒ…å ±ã‚’æ¶ˆåŽ»ã—é›»æ± ã‚’å¤–ã™,,,FALSE,FALSE,FALSE,,FALSE,,S-M033-01,https://www.iwami.gr.jp/1112.htm,å®¶åº­ã”ã¿åˆ†åˆ¥ä¸€è¦§ï¼å°åž‹å®¶é›»ãƒªã‚µã‚¤ã‚¯ãƒ«,2026-08-19,REFERENCE_ONLY,CURRENT,,
M033,C-M033-11,è¡£é¡žç­‰,è¡£é¡žç­‰,,PRIMARY,11,DROP_OFF,è¡£é¡žãƒ»å¤å¸ƒç­‰,NOT_STATED_IN_CITED_SOURCE,,NOT_STATED_IN_CITED_SOURCE,æ´—ã£ã¦ä¹¾ã‹ã™,,,FALSE,FALSE,FALSE,,FALSE,,S-M033-01,https://www.iwami.gr.jp/1112.htm,å®¶åº­ã”ã¿åˆ†åˆ¥ä¸€è¦§ï¼è¡£é¡žç­‰ã®å—ã‘å…¥ã‚Œ,2026-08-19,REFERENCE_ONLY,CURRENT,,
M033,C-M033-12,ç”ºã§åŽé›†ãƒ»å‡¦ç†ã§ããªã„ã‚‚ã®,ç”ºã§åŽé›†ãƒ»å‡¦ç†ã§ããªã„ã‚‚ã®,,EXCLUDED,12,NOT_COLLECTED,å®¶é›»4å“ç›®ãƒ»ãƒ‘ã‚½ã‚³ãƒ³ãƒ»å‡¦ç†å›°é›£ç‰©ç­‰,NOT_STATED_IN_CITED_SOURCE,,è²©å£²åº—ãƒ»ãƒ¡ãƒ¼ã‚«ãƒ¼ç­‰,å—å…¥å…ˆã®æŒ‡ç¤ºã«å¾“ã†,,,FALSE,FALSE,FALSE,,TRUE,,S-M033-01,https://www.iwami.gr.jp/1112.htm,å®¶åº­ã”ã¿åˆ†åˆ¥ä¸€è¦§ï¼å®¶é›»ãƒ»ãƒ‘ã‚½ã‚³ãƒ³ç­‰ã®å…¬å¼å°Žç·š,2026-08-19,EXCLUDED_NOTICE,CURRENT,,
M034,C-M034-01,å¯ç‡ƒã‚´ãƒŸ,å¯ç‡ƒã‚´ãƒŸ,,PRIMARY,1,CURBSIDE,ç”Ÿã”ã¿ãƒ»ç´™ããšãƒ»é©ã‚´ãƒ ãƒ»ã‚„ã‚ã‚‰ã‹ã„ãƒ—ãƒ©ã‚¹ãƒãƒƒã‚¯,NOT_STATED_IN_CITED_SOURCE,,NOT_STATED_IN_CITED_SOURCE,ç”Ÿã”ã¿ã¯ååˆ†æ°´åˆ‡ã‚Šã€‚ä¸ç‡ƒç‰©ã‚„ä»˜å±žé‡‘å±žã‚’å¤–ã™,ç”ºæŒ‡å®šè¢‹,,FALSE,FALSE,FALSE,,FALSE,,S-M034-01,https://www.town.wakasa.tottori.jp/soshikikarasagasu/zeimujuminka/gyoumuannai/chominka/1/1/1/574.html,ã”ã¿ã®åˆ†åˆ¥ï¼å¯ç‡ƒã‚´ãƒŸ,2026-08-19,SORT_BUCKET,CURRENT,,
M034,C-M034-02,ç¼¶ãƒ»ãƒ“ãƒ³,ç¼¶ãƒ»ãƒ“ãƒ³,,PRIMARY,2,CURBSIDE,é£²é£Ÿç”¨ç¼¶ãƒ»ã³ã‚“,NOT_STATED_IN_CITED_SOURCE,,NOT_STATED_IN_CITED_SOURCE,ä¸­èº«ã‚’ä½¿ã„åˆ‡ã‚Šè»½ãæ´—ã„ã€ãµãŸã‚’å¤–ã™,å°‚ç”¨ã‚«ã‚´ã¸ç›´æŽ¥,,FALSE,FALSE,FALSE,,FALSE,,S-M034-01,https://www.town.wakasa.tottori.jp/soshikikarasagasu/zeimujuminka/gyoumuannai/chominka/1/1/1/574.html,ã”ã¿ã®åˆ†åˆ¥ï¼ç¼¶ãƒ»ãƒ“ãƒ³,2026-08-19,SORT_BUCKET,CURRENT,,
M034,C-M034-03,ãƒ—ãƒ©ã‚¹ãƒãƒƒã‚¯ã”ã¿,ãƒ—ãƒ©ã‚¹ãƒãƒƒã‚¯ã”ã¿,,PRIMARY,3,CURBSIDE,ãƒ—ãƒ©ã‚¹ãƒãƒƒã‚¯ãƒ»ãƒ“ãƒ‹ãƒ¼ãƒ«è£½å“ãƒ»ç™½è‰²ãƒˆãƒ¬ã‚¤,NOT_STATED_IN_CITED_SOURCE,,NOT_STATED_IN_CITED_SOURCE,æ±šã‚Œã‚’è»½ãæ°´æ´—ã„ã—ã€ç•°ç´ æã‚’å¤–ã™,ç„¡è‰²é€æ˜Žã®ä¸­èº«ãŒè¦‹ãˆã‚‹è¢‹,,FALSE,FALSE,FALSE,,FALSE,,S-M034-01,https://www.town.wakasa.tottori.jp/soshikikarasagasu/zeimujuminka/gyoumuannai/chominka/1/1/1/574.html,ã”ã¿ã®åˆ†åˆ¥ï¼ãƒ—ãƒ©ã‚¹ãƒãƒƒã‚¯ã”ã¿,2026-08-19,SORT_BUCKET,CURRENT,,
M034,C-M034-04,ãƒšãƒƒãƒˆãƒœãƒˆãƒ«,ãƒšãƒƒãƒˆãƒœãƒˆãƒ«,,PRIMARY,4,CURBSIDE,PETãƒžãƒ¼ã‚¯ã®ãƒœãƒˆãƒ«,NOT_STATED_IN_CITED_SOURCE,,NOT_STATED_IN_CITED_SOURCE,ã‚­ãƒ£ãƒƒãƒ—ã¨ãƒ©ãƒ™ãƒ«ã‚’å¤–ã—æ°´æ´—ã„ã€‚ã¤ã¶ã—ã¦ã‚‚å¯,å°‚ç”¨å›žåŽå®¹å™¨,,FALSE,FALSE,FALSE,,FALSE,,S-M034-01,https://www.town.wakasa.tottori.jp/soshikikarasagasu/zeimujuminka/gyoumuannai/chominka/1/1/1/574.html,ã”ã¿ã®åˆ†åˆ¥ï¼ãƒšãƒƒãƒˆãƒœãƒˆãƒ«,2026-08-19,SORT_BUCKET,CURRENT,,
M034,C-M034-05,å°åž‹ç ´ç •ã”ã¿,å°åž‹ç ´ç •ã”ã¿,,PRIMARY,5,CURBSIDE,ã‚¬ãƒ©ã‚¹ãƒ»åˆƒç‰©ãƒ»é›»çƒãƒ»å°åž‹ä¸ç‡ƒç‰©,NOT_STATED_IN_CITED_SOURCE,,NOT_STATED_IN_CITED_SOURCE,å±é™ºç‰©ã¯é€æ˜Žè¢‹ã«å…¥ã‚Œã€Œã‚­ã‚±ãƒ³ã€ã¨è¡¨ç¤º,,50cmæœªæº€,FALSE,FALSE,FALSE,,FALSE,,S-M034-01,https://www.town.wakasa.tottori.jp/soshikikarasagasu/zeimujuminka/gyoumuannai/chominka/1/1/1/574.html,ã”ã¿ã®åˆ†åˆ¥ï¼å°åž‹ç ´ç •ã”ã¿,2026-08-19,SORT_BUCKET,CURRENT,,
M034,C-M034-06,å¤§åž‹è³‡æºã”ã¿,å¤§åž‹è³‡æºã”ã¿,,PRIMARY,6,CURBSIDE,50cmä»¥ä¸Šã®ä¸ç‡ƒç‰©ãƒ»è‡ªè»¢è»Šãƒ»ã‚¹ãƒˆãƒ¼ãƒ–ç­‰,NOT_STATED_IN_CITED_SOURCE,,NOT_STATED_IN_CITED_SOURCE,NOT_STATED_IN_CITED_SOURCE,,åŽŸå‰‡50cmä»¥ä¸Š,TRUE,FALSE,FALSE,,FALSE,,S-M034-01,https://www.town.wakasa.tottori.jp/soshikikarasagasu/zeimujuminka/gyoumuannai/chominka/1/1/1/574.html,ã”ã¿ã®åˆ†åˆ¥ï¼å¤§åž‹è³‡æºã”ã¿,2026-08-19,SORT_BUCKET,CURRENT,,
M034,C-M034-07,ä¹¾é›»æ± é¡ž,ä¹¾é›»æ± é¡ž,,PRIMARY,7,CURBSIDE,ä¹¾é›»æ± ãƒ»ãƒœã‚¿ãƒ³é›»æ± ãƒ»å°åž‹å……é›»å¼é›»æ± ãƒ»è›å…‰ç®¡ç­‰,NOT_STATED_IN_CITED_SOURCE,,NOT_STATED_IN_CITED_SOURCE,é›»æ± ã¯ç«¯å­ã‚’çµ¶ç¸ã€‚è›å…‰ç®¡ã¯ç ´æé˜²æ­¢,,,FALSE,FALSE,FALSE,,FALSE,,S-M034-01,https://www.town.wakasa.tottori.jp/soshikikarasagasu/zeimujuminka/gyoumuannai/chominka/1/1/1/574.html,ã”ã¿ã®åˆ†åˆ¥ï¼ä¹¾é›»æ± é¡ž,2026-08-19,SORT_BUCKET,CURRENT,,
M034,C-M034-08,æœ‰å®³ã”ã¿,æœ‰å®³ã”ã¿,,PRIMARY,8,CURBSIDE,ã‚¹ãƒ—ãƒ¬ãƒ¼ç¼¶ãƒ»ã‚«ã‚»ãƒƒãƒˆãƒœãƒ³ãƒ™ãƒ»ãƒ©ã‚¤ã‚¿ãƒ¼ãƒ»é›»æ± ã‚’å¤–ã›ãªã„å……é›»å¼è£½å“,NOT_STATED_IN_CITED_SOURCE,,NOT_STATED_IN_CITED_SOURCE,ã‚¹ãƒ—ãƒ¬ãƒ¼ç¼¶ç­‰ã¯ä¸­èº«ã‚’ä½¿ã„åˆ‡ã‚‹ã€‚ç©´ã‚ã‘ä¸è¦,,,FALSE,FALSE,FALSE,,FALSE,,S-M034-01,https://www.town.wakasa.tottori.jp/soshikikarasagasu/zeimujuminka/gyoumuannai/chominka/1/1/1/574.html,ã”ã¿ã®åˆ†åˆ¥ï¼æœ‰å®³ã”ã¿,2026-08-19,SORT_BUCKET,CURRENT,,
M034,C-M034-09,åŽé›†ã§ããªã„ã‚´ãƒŸ,åŽé›†ã§ããªã„ã‚´ãƒŸ,,EXCLUDED,9,NOT_COLLECTED,å®¶é›»4å“ç›®ãƒ»å‡¦ç†å›°é›£ç‰©ç­‰,NOT_STATED_IN_CITED_SOURCE,,è²©å£²åº—ãƒ»ãƒ¡ãƒ¼ã‚«ãƒ¼ãƒ»å°‚é–€æ¥­è€…ç­‰ã®å…¬å¼æ¡ˆå†…ã«å¾“ã†,å—å…¥å…ˆã®æŒ‡ç¤ºã«å¾“ã†,,,FALSE,FALSE,FALSE,,TRUE,,S-M034-01,https://www.town.wakasa.tottori.jp/soshikikarasagasu/zeimujuminka/gyoumuannai/chominka/1/1/1/574.html,ã”ã¿ã®åˆ†åˆ¥ï¼åŽé›†ã§ããªã„ã‚´ãƒŸ,2026-08-19,EXCLUDED_NOTICE,CURRENT,,
M035,C-M035-01,å¯ç‡ƒã”ã¿,å¯ç‡ƒã”ã¿,,PRIMARY,1,CURBSIDE,ç”Ÿã”ã¿ãƒ»ç´™ããšãƒ»é©ã‚´ãƒ ç­‰,NOT_STATED_IN_CITED_SOURCE,,NOT_STATED_IN_CITED_SOURCE,ç”Ÿã”ã¿ã¯æ°´åˆ‡ã‚Š,ç”ºæŒ‡å®šè¢‹,,FALSE,FALSE,FALSE,,FALSE,,S-M035-03,https://www1.town.chizu.tottori.jp/chizu/zeimu/gomi/bunbetsu/gomi01/,å¯ç‡ƒã”ã¿,2026-08-19,SORT_BUCKET,CURRENT,,
M035,C-M035-02,è³‡æºã”ã¿,è³‡æºã”ã¿,,PRIMARY,2,CURBSIDE,é£²é£Ÿç”¨ç¼¶ãƒ»ã³ã‚“,NOT_STATED_IN_CITED_SOURCE,,NOT_STATED_IN_CITED_SOURCE,ãµãŸã‚’å¤–ã—ã€ã•ã£ã¨æ´—ã†,å°‚ç”¨å®¹å™¨ã¸ç›´æŽ¥,,FALSE,FALSE,FALSE,,FALSE,,S-M035-03,https://www1.town.chizu.tottori.jp/chizu/zeimu/gomi/bunbetsu/gomi01/,è³‡æºã”ã¿,2026-08-19,SORT_BUCKET,CURRENT,,
M035,C-M035-03,ãƒ—ãƒ©ã‚¹ãƒãƒƒã‚¯ã”ã¿,ãƒ—ãƒ©ã‚¹ãƒãƒƒã‚¯ã”ã¿,,PRIMARY,3,CURBSIDE,50cmä»¥ä¸‹ã®ãƒ—ãƒ©ã‚¹ãƒãƒƒã‚¯ãƒ»ãƒ“ãƒ‹ãƒ¼ãƒ«è£½å“,NOT_STATED_IN_CITED_SOURCE,,NOT_STATED_IN_CITED_SOURCE,æ±šã‚Œã‚’è»½ãæ°´æ´—ã„ã—ç•°ç´ æã‚’å¤–ã™,ä¸­èº«ãŒè¦‹ãˆã‚‹è¢‹,,FALSE,FALSE,FALSE,,FALSE,,S-M035-03,https://www1.town.chizu.tottori.jp/chizu/zeimu/gomi/bunbetsu/gomi01/,ãƒ—ãƒ©ã‚¹ãƒãƒƒã‚¯ã”ã¿,2026-08-19,SORT_BUCKET,CURRENT,,
M035,C-M035-04,ãƒšãƒƒãƒˆãƒœãƒˆãƒ«,ãƒšãƒƒãƒˆãƒœãƒˆãƒ«,,PRIMARY,4,CURBSIDE,PETãƒžãƒ¼ã‚¯ã®ãƒœãƒˆãƒ«,NOT_STATED_IN_CITED_SOURCE,,NOT_STATED_IN_CITED_SOURCE,ã‚­ãƒ£ãƒƒãƒ—ã¨ãƒ©ãƒ™ãƒ«ã‚’å¤–ã—æ°´æ´—ã„,,,FALSE,FALSE,FALSE,,FALSE,,S-M035-03,https://www1.town.chizu.tottori.jp/chizu/zeimu/gomi/bunbetsu/gomi01/,ãƒšãƒƒãƒˆãƒœãƒˆãƒ«,2026-08-19,SORT_BUCKET,CURRENT,,
M035,C-M035-05,å°åž‹ç ´ç •ã”ã¿,å°åž‹ç ´ç •ã”ã¿,,PRIMARY,5,CURBSIDE,50cmæœªæº€ã®å°åž‹ä¸ç‡ƒç‰©ãƒ»å‰²ã‚Œã³ã‚“ãƒ»åˆƒç‰©,NOT_STATED_IN_CITED_SOURCE,,NOT_STATED_IN_CITED_SOURCE,å±é™ºç‰©ã¯é€æ˜Žè¢‹ã§ä¿è­·,,50cmæœªæº€,FALSE,FALSE,FALSE,,FALSE,,S-M035-04,https://www1.town.chizu.tottori.jp/chizu/zeimu/gomi/bunbetsu/gomi02/,å°åž‹ç ´ç •ã”ã¿,2026-08-19,SORT_BUCKET,CURRENT,,
M035,C-M035-06,ä¹¾é›»æ± é¡ž,ä¹¾é›»æ± é¡ž,,PRIMARY,6,CURBSIDE,ä¹¾é›»æ± ãƒ»æ°´éŠ€è£½å“ãƒ»è›å…‰ç®¡ãƒ»ãƒœã‚¿ãƒ³é›»æ± ãƒ»å°åž‹å……é›»å¼é›»æ± ,NOT_STATED_IN_CITED_SOURCE,,NOT_STATED_IN_CITED_SOURCE,é›»æ± ã¯ä¸¡æ¥µã‚’çµ¶ç¸ã€‚è›å…‰ç®¡ã¯ã‚±ãƒ¼ã‚¹åˆã¯æ–°èžç´™ã§ä¿è­·,,,FALSE,FALSE,FALSE,,FALSE,,S-M035-04,https://www1.town.chizu.tottori.jp/chizu/zeimu/gomi/bunbetsu/gomi02/,ä¹¾é›»æ± é¡ž,2026-08-19,SORT_BUCKET,CURRENT,,
M035,C-M035-07,å¤§åž‹è³‡æºã”ã¿,å¤§åž‹è³‡æºã”ã¿,,PRIMARY,7,CURBSIDE,50cmä»¥ä¸Š1.8mæœªæº€ã®ä¸ç‡ƒç‰©,NOT_STATED_IN_CITED_SOURCE,,NOT_STATED_IN_CITED_SOURCE,ã‚¹ãƒˆãƒ¼ãƒ–ã¯æ²¹ã‚’æŠœãã€é›»æ± ã‚’å¤–ã™,,50cmä»¥ä¸Š1.8mæœªæº€,TRUE,FALSE,FALSE,,FALSE,,S-M035-04,https://www1.town.chizu.tottori.jp/chizu/zeimu/gomi/bunbetsu/gomi02/,å¤§åž‹è³‡æºã”ã¿,2026-08-19,SORT_BUCKET,CURRENT,,
M035,C-M035-08,æœ‰å®³ã”ã¿,æœ‰å®³ã”ã¿,,PRIMARY,8,CURBSIDE,ã‚¹ãƒ—ãƒ¬ãƒ¼ç¼¶ãƒ»ã‚«ã‚»ãƒƒãƒˆãƒœãƒ³ãƒ™ãƒ»ãƒ©ã‚¤ã‚¿ãƒ¼ãƒ»é›»æ± ã‚’å¤–ã›ãªã„å……é›»å¼è£½å“,NOT_STATED_IN_CITED_SOURCE,,NOT_STATED_IN_CITED_SOURCE,ã‚¹ãƒ—ãƒ¬ãƒ¼ç¼¶ç­‰ã¯ä¸­èº«ã‚’ä½¿ã„åˆ‡ã‚‹,,,FALSE,FALSE,FALSE,,FALSE,,S-M035-04,https://www1.town.chizu.tottori.jp/chizu/zeimu/gomi/bunbetsu/gomi02/,æœ‰å®³ã”ã¿,2026-08-19,SORT_BUCKET,CURRENT,,
M035,C-M035-09,åŽé›†ã§ããªã„ã”ã¿,åŽé›†ã§ããªã„ã”ã¿,,EXCLUDED,9,NOT_COLLECTED,ç‰¹å®šå®¶é›»ãƒ»å‡¦ç†å›°é›£ç‰©ç­‰,NOT_STATED_IN_CITED_SOURCE,,è²©å£²åº—ãƒ»ãƒ¡ãƒ¼ã‚«ãƒ¼ãƒ»å°‚é–€æ¥­è€…ç­‰ã®å…¬å¼æ¡ˆå†…ã«å¾“ã†,å—å…¥å…ˆã®æŒ‡ç¤ºã«å¾“ã†,,,FALSE,FALSE,FALSE,,TRUE,,S-M035-01,https://www1.town.chizu.tottori.jp/chizu/zeimu/gomi/bunbetsu/bunrui/,å®¶åº­ã”ã¿ã®åˆ†é¡žï¼åŽé›†ã§ããªã„ã”ã¿,2026-08-19,EXCLUDED_NOTICE,CURRENT,,
M036,C-M036-01,å¯ç‡ƒã”ã¿,å¯ç‡ƒã”ã¿,,PRIMARY,1,CURBSIDE,ç”Ÿã”ã¿ãƒ»ç´™ããšãƒ»é©ã‚´ãƒ ç­‰,NOT_STATED_IN_CITED_SOURCE,,NOT_STATED_IN_CITED_SOURCE,ç”Ÿã”ã¿ã¯æ°´åˆ‡ã‚Š,ç”ºæŒ‡å®šè¢‹,,FALSE,FALSE,FALSE,,FALSE,,S-M036-01,https://www.town.yazu.tottori.jp/site/gomi/1048.html,ä»¤å’Œ6å¹´4æœˆç‰ˆæ‰‹å¼•ãï¼å¯ç‡ƒã”ã¿,2026-08-19,SORT_BUCKET,CURRENT,,
M036,C-M036-02,ç¼¶ãƒ»ãƒ“ãƒ³,ç¼¶ãƒ»ãƒ“ãƒ³,,PRIMARY,2,CURBSIDE,é£²é£Ÿç”¨ç¼¶ãƒ»ã³ã‚“,NOT_STATED_IN_CITED_SOURCE,,NOT_STATED_IN_CITED_SOURCE,ãµãŸã‚’å¤–ã—ä¸­ã‚’æ´—ã†,å°‚ç”¨ã‚«ã‚´,,FALSE,FALSE,FALSE,,FALSE,,S-M036-01,https://www.town.yazu.tottori.jp/site/gomi/1048.html,ä»¤å’Œ6å¹´4æœˆç‰ˆæ‰‹å¼•ãï¼ç¼¶ãƒ»ãƒ“ãƒ³,2026-08-19,SORT_BUCKET,CURRENT,,
M036,C-M036-03,ãƒ—ãƒ©ã‚¹ãƒãƒƒã‚¯ã”ã¿,ãƒ—ãƒ©ã‚¹ãƒãƒƒã‚¯ã”ã¿,,PRIMARY,3,CURBSIDE,ãƒ—ãƒ©ã‚¹ãƒãƒƒã‚¯è£½å“ãƒ»ç™½è‰²/è‰²ä»˜ããƒˆãƒ¬ã‚¤,NOT_STATED_IN_CITED_SOURCE,,NOT_STATED_IN_CITED_SOURCE,è»½ãæ°´æ´—ã„,ç”ºæŒ‡å®šè¢‹,,FALSE,FALSE,FALSE,,FALSE,,S-M036-03,https://www.town.yazu.tottori.jp/site/gomi/7845.html,å¤‰æ›´ç‚¹2ï¼ç™½è‰²ãƒˆãƒ¬ã‚¤ã‚’ãƒ—ãƒ©ã‚¹ãƒãƒƒã‚¯ã”ã¿ã¸,2026-08-19,SORT_BUCKET,CURRENT,,
M036,C-M036-04,ãƒšãƒƒãƒˆãƒœãƒˆãƒ«,ãƒšãƒƒãƒˆãƒœãƒˆãƒ«,,PRIMARY,4,CURBSIDE,PETãƒžãƒ¼ã‚¯ã®ãƒœãƒˆãƒ«,NOT_STATED_IN_CITED_SOURCE,,NOT_STATED_IN_CITED_SOURCE,ã‚­ãƒ£ãƒƒãƒ—ã¨ãƒ©ãƒ™ãƒ«ã‚’å¤–ã—æ°´æ´—ã„ã€‚ã¤ã¶ã—ã¦ã‚‚å¯,,,FALSE,FALSE,FALSE,,FALSE,,S-M036-03,https://www.town.yazu.tottori.jp/site/gomi/7845.html,å¤‰æ›´ç‚¹3ï¼ãƒšãƒƒãƒˆãƒœãƒˆãƒ«,2026-08-19,SORT_BUCKET,CURRENT,,
M036,C-M036-05,å°åž‹ç ´ç •ã”ã¿,å°åž‹ç ´ç •ã”ã¿,,PRIMARY,5,CURBSIDE,50cmæœªæº€ã®å°åž‹ä¸ç‡ƒç‰©ãƒ»åˆƒç‰©ãƒ»ã‚¬ãƒ©ã‚¹,NOT_STATED_IN_CITED_SOURCE,,NOT_STATED_IN_CITED_SOURCE,å±é™ºç‰©ã¯é€æ˜Žè¢‹ã«å…¥ã‚Œã‚­ã‚±ãƒ³è¡¨ç¤º,,50cmæœªæº€,FALSE,FALSE,FALSE,,FALSE,,S-M036-01,https://www.town.yazu.tottori.jp/site/gomi/1048.html,å®¶åº­ã”ã¿æ‰‹å¼•ãï¼å°åž‹ç ´ç •ã”ã¿,2026-08-19,SORT_BUCKET,CURRENT,,
M036,C-M036-06,å¤§åž‹è³‡æºã”ã¿,å¤§åž‹è³‡æºã”ã¿,,PRIMARY,6,CURBSIDE,50cmä»¥ä¸Š1.8mæœªæº€ã®ä¸ç‡ƒç‰©,NOT_STATED_IN_CITED_SOURCE,,NOT_STATED_IN_CITED_SOURCE,NOT_STATED_IN_CITED_SOURCE,,50cmä»¥ä¸Š1.8mæœªæº€,TRUE,FALSE,FALSE,,FALSE,,S-M036-01,https://www.town.yazu.tottori.jp/site/gomi/1048.html,å®¶åº­ã”ã¿æ‰‹å¼•ãï¼å¤§åž‹è³‡æºã”ã¿,2026-08-19,SORT_BUCKET,CURRENT,,
M036,C-M036-07,ä¹¾é›»æ± é¡ž,ä¹¾é›»æ± é¡ž,,PRIMARY,7,CURBSIDE,ä¹¾é›»æ± ãƒ»å°åž‹å……é›»å¼é›»æ± ç­‰,NOT_STATED_IN_CITED_SOURCE,,NOT_STATED_IN_CITED_SOURCE,ç«¯å­ã‚’çµ¶ç¸,,,FALSE,FALSE,FALSE,,FALSE,,S-M036-01,https://www.town.yazu.tottori.jp/site/gomi/1048.html,å®¶åº­ã”ã¿æ‰‹å¼•ãï¼ä¹¾é›»æ± é¡ž,2026-08-19,SORT_BUCKET,CURRENT,,
M036,C-M036-08,æœ‰å®³ã”ã¿,æœ‰å®³ã”ã¿,,PRIMARY,8,CURBSIDE,ã‚¹ãƒ—ãƒ¬ãƒ¼ç¼¶ãƒ»ã‚«ã‚»ãƒƒãƒˆãƒœãƒ³ãƒ™ãƒ»ãƒ©ã‚¤ã‚¿ãƒ¼ãƒ»é›»æ± ã‚’å¤–ã›ãªã„å……é›»å¼è£½å“,NOT_STATED_IN_CITED_SOURCE,,NOT_STATED_IN_CITED_SOURCE,ä¸­èº«ã‚’ä½¿ã„åˆ‡ã‚‹ã€‚ç©´ã‚ã‘ä¸è¦,,,FALSE,FALSE,FALSE,,FALSE,,S-M036-03,https://www.town.yazu.tottori.jp/site/gomi/7845.html,å¤‰æ›´ç‚¹1ï¼æœ‰å®³ã”ã¿,2026-08-19,SORT_BUCKET,CURRENT,,
M036,C-M036-09,åŽé›†ã—ãªã„ã”ã¿,åŽé›†ã—ãªã„ã”ã¿,,EXCLUDED,9,NOT_COLLECTED,å‡¦ç†å›°é›£ç‰©ãƒ»å®¶é›»4å“ç›®ç­‰,NOT_STATED_IN_CITED_SOURCE,,è²©å£²åº—ãƒ»ãƒ¡ãƒ¼ã‚«ãƒ¼ãƒ»å°‚é–€æ¥­è€…ç­‰ã®å…¬å¼æ¡ˆå†…ã«å¾“ã†,å—å…¥å…ˆã®æŒ‡ç¤ºã«å¾“ã†,,,FALSE,FALSE,FALSE,,TRUE,,S-M036-01,https://www.town.yazu.tottori.jp/site/gomi/1048.html,å®¶åº­ã”ã¿æ‰‹å¼•ãï¼åŽé›†ã—ãªã„ã”ã¿,2026-08-19,EXCLUDED_NOTICE,CURRENT,,
M037,C-M037-01,å¯ç‡ƒã”ã¿,å¯ç‡ƒã”ã¿,,PRIMARY,1,CURBSIDE,ç”Ÿã”ã¿ãƒ»ç´™ããšç­‰,NOT_STATED_IN_CITED_SOURCE,,NOT_STATED_IN_CITED_SOURCE,ç”Ÿã”ã¿ã¯ã—ã£ã‹ã‚Šæ°´åˆ‡ã‚Š,ç”ºæŒ‡å®šè¢‹,,FALSE,FALSE,FALSE,,FALSE,,S-M037-02,https://www.town.misasa.tottori.jp/315/319/324/764/1901/1906/20959.html,ä»¤å’Œ8å¹´åº¦å‰æœŸæ—¥ç¨‹ï¼å¯ç‡ƒã”ã¿,2026-08-19,SORT_BUCKET,CURRENT,,
M037,C-M037-02,ä¸ç‡ƒã”ã¿,ä¸ç‡ƒã”ã¿,,PRIMARY,2,CURBSIDE,é‡‘å±žãƒ»é™¶ç£å™¨ãƒ»ã‚¬ãƒ©ã‚¹ç­‰,NOT_STATED_IN_CITED_SOURCE,,NOT_STATED_IN_CITED_SOURCE,NOT_STATED_IN_CITED_SOURCE,,,FALSE,FALSE,FALSE,,FALSE,,S-M037-02,https://www.town.misasa.tottori.jp/315/319/324/764/1901/1906/20959.html,ä»¤å’Œ8å¹´åº¦å‰æœŸæ—¥ç¨‹ï¼ä¸ç‡ƒã”ã¿,2026-08-19,SORT_BUCKET,CURRENT,,
M037,C-M037-03,å°åž‹å®¶é›»,å°åž‹å®¶é›»,,PRIMARY,3,CURBSIDE,ç”ºæŒ‡å®šã®å°åž‹å®¶é›»,NOT_STATED_IN_CITED_SOURCE,,NOT_STATED_IN_CITED_SOURCE,NOT_STATED_IN_CITED_SOURCE,,,FALSE,FALSE,FALSE,,FALSE,,S-M037-02,https://www.town.misasa.tottori.jp/315/319/324/764/1901/1906/20959.html,ä»¤å’Œ8å¹´åº¦å‰æœŸæ—¥ç¨‹ï¼å°åž‹å®¶é›»,2026-08-19,SORT_BUCKET,CURRENT,,
M037,C-M037-04,æœ‰å®³ã”ã¿,æœ‰å®³ã”ã¿,,PRIMARY,4,CURBSIDE,å……é›»å¼é›»æ± ãƒ»ä¹¾é›»æ± é¡žãƒ»è›å…‰ç®¡ãƒ»é›»æ± ã‚’å¤–ã›ãªã„å°åž‹å®¶é›»,NOT_STATED_IN_CITED_SOURCE,,NOT_STATED_IN_CITED_SOURCE,ä»¤å’Œ8å¹´4æœˆã‹ã‚‰å……é›»å¼é›»æ± ã‚‚æœ‰å®³ã”ã¿,,,FALSE,FALSE,FALSE,,FALSE,,S-M037-02,https://www.town.misasa.tottori.jp/315/319/324/764/1901/1906/20959.html,ä»¤å’Œ8å¹´åº¦å‰æœŸæ—¥ç¨‹ï¼æœ‰å®³ã”ã¿,2026-08-19,SORT_BUCKET,CURRENT,,
M037,C-M037-05,å¯ç‡ƒæ€§ç²—å¤§ã”ã¿,å¯ç‡ƒæ€§ç²—å¤§ã”ã¿,,PRIMARY,5,CURBSIDE,å¯ç‡ƒæ€§ã®å¤§åž‹å“,NOT_STATED_IN_CITED_SOURCE,,NOT_STATED_IN_CITED_SOURCE,NOT_STATED_IN_CITED_SOURCE,,,TRUE,FALSE,FALSE,,FALSE,,S-M037-02,https://www.town.misasa.tottori.jp/315/319/324/764/1901/1906/20959.html,ä»¤å’Œ8å¹´åº¦å‰æœŸæ—¥ç¨‹ï¼å¯ç‡ƒæ€§ç²—å¤§,2026-08-19,SORT_BUCKET,CURRENT,,
M037,C-M037-06,ä¸ç‡ƒæ€§ç²—å¤§ã”ã¿,ä¸ç‡ƒæ€§ç²—å¤§ã”ã¿,,PRIMARY,6,CURBSIDE,ä¸ç‡ƒæ€§ã®å¤§åž‹å“,NOT_STATED_IN_CITED_SOURCE,,NOT_STATED_IN_CITED_SOURCE,NOT_STATED_IN_CITED_SOURCE,,,TRUE,FALSE,FALSE,,FALSE,,S-M037-02,https://www.town.misasa.tottori.jp/315/319/324/764/1901/1906/20959.html,ä»¤å’Œ8å¹´åº¦å‰æœŸæ—¥ç¨‹ï¼ä¸ç‡ƒæ€§ç²—å¤§,2026-08-19,SORT_BUCKET,CURRENT,,
M037,C-M037-07,ãƒšãƒƒãƒˆãƒœãƒˆãƒ«,ãƒšãƒƒãƒˆãƒœãƒˆãƒ«,,PRIMARY,7,CURBSIDE,PETãƒžãƒ¼ã‚¯ã®ãƒœãƒˆãƒ«,NOT_STATED_IN_CITED_SOURCE,,NOT_STATED_IN_CITED_SOURCE,NOT_STATED_IN_CITED_SOURCE,,,FALSE,FALSE,FALSE,,FALSE,,S-M037-02,https://www.town.misasa.tottori.jp/315/319/324/764/1901/1906/20959.html,ä»¤å’Œ8å¹´åº¦å‰æœŸæ—¥ç¨‹ï¼ãƒšãƒƒãƒˆãƒœãƒˆãƒ«,2026-08-19,SORT_BUCKET,CURRENT,,
M037,C-M037-08,ã³ã‚“é¡ž,ã³ã‚“é¡ž,,PRIMARY,8,CURBSIDE,é£²é£Ÿç”¨ã³ã‚“,NOT_STATED_IN_CITED_SOURCE,,NOT_STATED_IN_CITED_SOURCE,NOT_STATED_IN_CITED_SOURCE,,,FALSE,FALSE,FALSE,,FALSE,,S-M037-02,https://www.town.misasa.tottori.jp/315/319/324/764/1901/1906/20959.html,ä»¤å’Œ8å¹´åº¦å‰æœŸæ—¥ç¨‹ï¼ã³ã‚“é¡ž,2026-08-19,SORT_BUCKET,CURRENT,,
M037,C-M037-09,ã‚¢ãƒ«ãƒŸç¼¶,ã‚¢ãƒ«ãƒŸç¼¶,,PRIMARY,9,CURBSIDE,é£²é£Ÿç”¨ã‚¢ãƒ«ãƒŸç¼¶,NOT_STATED_IN_CITED_SOURCE,,NOT_STATED_IN_CITED_SOURCE,NOT_STATED_IN_CITED_SOURCE,,,FALSE,FALSE,FALSE,,FALSE,,S-M037-02,https://www.town.misasa.tottori.jp/315/319/324/764/1901/1906/20959.html,ä»¤å’Œ8å¹´åº¦å‰æœŸæ—¥ç¨‹ï¼ã‚¢ãƒ«ãƒŸç¼¶,2026-08-19,SORT_BUCKET,CURRENT,,
M037,C-M037-10,ã‚¹ãƒãƒ¼ãƒ«ç¼¶ãƒ»ã‚¹ãƒ—ãƒ¬ãƒ¼ç¼¶,ã‚¹ãƒãƒ¼ãƒ«ç¼¶ãƒ»ã‚¹ãƒ—ãƒ¬ãƒ¼ç¼¶,,PRIMARY,10,CURBSIDE,ã‚¹ãƒãƒ¼ãƒ«ç¼¶ãƒ»ã‚¹ãƒ—ãƒ¬ãƒ¼ç¼¶,NOT_STATED_IN_CITED_SOURCE,,NOT_STATED_IN_CITED_SOURCE,NOT_STATED_IN_CITED_SOURCE,,,FALSE,FALSE,FALSE,,FALSE,,S-M037-02,https://www.town.misasa.tottori.jp/315/319/324/764/1901/1906/20959.html,ä»¤å’Œ8å¹´åº¦å‰æœŸæ—¥ç¨‹ï¼ã‚¹ãƒãƒ¼ãƒ«ç¼¶ãƒ»ã‚¹ãƒ—ãƒ¬ãƒ¼ç¼¶,2026-08-19,SORT_BUCKET,CURRENT,,
M037,C-M037-11,è³‡æºã”ã¿,è³‡æºã”ã¿,,PRIMARY,11,CURBSIDE,å¤ç´™ãƒ»å¤ç€å¸ƒç­‰ã®å†ç”Ÿè³‡æº,NOT_STATED_IN_CITED_SOURCE,,NOT_STATED_IN_CITED_SOURCE,NOT_STATED_IN_CITED_SOURCE,,,FALSE,FALSE,FALSE,,FALSE,,S-M037-02,https://www.town.misasa.tottori.jp/315/319/324/764/1901/1906/20959.html,ä»¤å’Œ8å¹´åº¦å‰æœŸæ—¥ç¨‹ï¼è³‡æºã”ã¿,2026-08-19,SORT_BUCKET,CURRENT,,
M038,C-M038-01,å¯ç‡ƒã”ã¿,å¯ç‡ƒã”ã¿,,PRIMARY,1,CURBSIDE,ç”Ÿã”ã¿ãƒ»ç´™ããšç­‰,NOT_STATED_IN_CITED_SOURCE,,NOT_STATED_IN_CITED_SOURCE,ç”Ÿã”ã¿ã¯æ°´åˆ‡ã‚Š,,,FALSE,FALSE,FALSE,,FALSE,,S-M038-01,https://www.yurihama.jp/soshiki/4/1431.html,å†Šå­P1-2ï¼å¯ç‡ƒã”ã¿,2026-08-19,SORT_BUCKET,CURRENT,,
M038,C-M038-02,ä¸ç‡ƒã”ã¿,ä¸ç‡ƒã”ã¿,,PRIMARY,2,CURBSIDE,é‡‘å±žãƒ»é™¶ç£å™¨ãƒ»ã‚¬ãƒ©ã‚¹ç­‰,NOT_STATED_IN_CITED_SOURCE,,NOT_STATED_IN_CITED_SOURCE,NOT_STATED_IN_CITED_SOURCE,,,FALSE,FALSE,FALSE,,FALSE,,S-M038-01,https://www.yurihama.jp/soshiki/4/1431.html,å†Šå­P1-2ï¼ä¸ç‡ƒã”ã¿,2026-08-19,SORT_BUCKET,CURRENT,,
M038,C-M038-03,å°åž‹å®¶é›»,å°åž‹å®¶é›»,,PRIMARY,3,CURBSIDE,ç”ºæŒ‡å®šã®å°åž‹å®¶é›»,NOT_STATED_IN_CITED_SOURCE,,NOT_STATED_IN_CITED_SOURCE,NOT_STATED_IN_CITED_SOURCE,,,FALSE,FALSE,FALSE,,FALSE,,S-M038-01,https://www.yurihama.jp/soshiki/4/1431.html,å†Šå­P1-2ï¼å°åž‹å®¶é›»,2026-08-19,SORT_BUCKET,CURRENT,,
M038,C-M038-04,ã³ã‚“é¡ž,ã³ã‚“é¡ž,,PRIMARY,4,CURBSIDE,é£²é£Ÿç”¨ã³ã‚“,NOT_STATED_IN_CITED_SOURCE,,NOT_STATED_IN_CITED_SOURCE,ä¸­ã‚’ã™ã™ã,,,FALSE,FALSE,FALSE,,FALSE,,S-M038-01,https://www.yurihama.jp/soshiki/4/1431.html,å†Šå­P1-2ï¼ã³ã‚“é¡ž,2026-08-19,SORT_BUCKET,CURRENT,,
M038,C-M038-05,ç¼¶é¡ž,ç¼¶é¡ž,,PRIMARY,5,CURBSIDE,é£²é£Ÿç”¨ç¼¶ãƒ»ã‚¹ãƒ—ãƒ¬ãƒ¼ç¼¶,NOT_STATED_IN_CITED_SOURCE,,NOT_STATED_IN_CITED_SOURCE,NOT_STATED_IN_CITED_SOURCE,,,FALSE,FALSE,FALSE,,FALSE,,S-M038-01,https://www.yurihama.jp/soshiki/4/1431.html,å†Šå­P1-2ï¼ç¼¶é¡ž,2026-08-19,SORT_BUCKET,CURRENT,,
M038,C-M038-06,ç´™ãƒ»å¸ƒé¡ž,ç´™ãƒ»å¸ƒé¡ž,,PRIMARY,6,CURBSIDE,æ–°èžãƒ»é›‘èªŒãƒ»æ®µãƒœãƒ¼ãƒ«ãƒ»å¸ƒé¡ž,NOT_STATED_IN_CITED_SOURCE,,NOT_STATED_IN_CITED_SOURCE,ç¨®é¡žåˆ¥ã«ã¾ã¨ã‚ã‚‹,,,FALSE,FALSE,FALSE,,FALSE,,S-M038-01,https://www.yurihama.jp/soshiki/4/1431.html,å†Šå­P1-2ï¼ç´™ãƒ»å¸ƒé¡ž,2026-08-19,SORT_BUCKET,CURRENT,,
M038,C-M038-07,ç‰›ä¹³ãƒ‘ãƒƒã‚¯,ç‰›ä¹³ãƒ‘ãƒƒã‚¯,,PRIMARY,7,CURBSIDE,é£²æ–™ç”¨ç´™ãƒ‘ãƒƒã‚¯,NOT_STATED_IN_CITED_SOURCE,,NOT_STATED_IN_CITED_SOURCE,æ´—ã£ã¦åˆ‡ã‚Šé–‹ãä¹¾ã‹ã™,,,FALSE,FALSE,FALSE,,FALSE,,S-M038-01,https://www.yurihama.jp/soshiki/4/1431.html,å†Šå­P1-2ï¼ç‰›ä¹³ãƒ‘ãƒƒã‚¯,2026-08-19,SORT_BUCKET,CURRENT,,
M038,C-M038-08,ç™ºæ³¡ã‚¹ãƒãƒ­ãƒ¼ãƒ«ã€ãƒˆãƒ¬ãƒ¼,ç™ºæ³¡ã‚¹ãƒãƒ­ãƒ¼ãƒ«ã€ãƒˆãƒ¬ãƒ¼,,PRIMARY,8,CURBSIDE,ç™ºæ³¡ã‚¹ãƒãƒ­ãƒ¼ãƒ«ãƒ»é£Ÿå“ãƒˆãƒ¬ãƒ¼,NOT_STATED_IN_CITED_SOURCE,,NOT_STATED_IN_CITED_SOURCE,æ±šã‚Œã‚’è½ã¨ã™,,,FALSE,FALSE,FALSE,,FALSE,,S-M038-01,https://www.yurihama.jp/soshiki/4/1431.html,å†Šå­P1-2ï¼ç™ºæ³¡ã‚¹ãƒãƒ­ãƒ¼ãƒ«ã€ãƒˆãƒ¬ãƒ¼,2026-08-19,SORT_BUCKET,CURRENT,,
M038,C-M038-09,ãƒšãƒƒãƒˆãƒœãƒˆãƒ«,ãƒšãƒƒãƒˆãƒœãƒˆãƒ«,,PRIMARY,9,CURBSIDE,PETãƒžãƒ¼ã‚¯ã®ãƒœãƒˆãƒ«,NOT_STATED_IN_CITED_SOURCE,,NOT_STATED_IN_CITED_SOURCE,ã‚­ãƒ£ãƒƒãƒ—ã¨ãƒ©ãƒ™ãƒ«ã‚’å¤–ã—ä¸­ã‚’ã™ã™ã,,,FALSE,FALSE,FALSE,,FALSE,,S-M038-01,https://www.yurihama.jp/soshiki/4/1431.html,å†Šå­P1-2ï¼ãƒšãƒƒãƒˆãƒœãƒˆãƒ«,2026-08-19,SORT_BUCKET,CURRENT,,
M038,C-M038-10,å¯ç‡ƒæ€§ç²—å¤§ã”ã¿,å¯ç‡ƒæ€§ç²—å¤§ã”ã¿,,PRIMARY,10,CURBSIDE,å¯ç‡ƒæ€§ã®å¤§åž‹å“,NOT_STATED_IN_CITED_SOURCE,,NOT_STATED_IN_CITED_SOURCE,NOT_STATED_IN_CITED_SOURCE,,,TRUE,FALSE,FALSE,,FALSE,,S-M038-01,https://www.yurihama.jp/soshiki/4/1431.html,å†Šå­P1-2ï¼å¯ç‡ƒæ€§ç²—å¤§ã”ã¿,2026-08-19,SORT_BUCKET,CURRENT,,
M038,C-M038-11,ä¸ç‡ƒæ€§ç²—å¤§ã”ã¿,ä¸ç‡ƒæ€§ç²—å¤§ã”ã¿,,PRIMARY,11,CURBSIDE,ä¸ç‡ƒæ€§ã®å¤§åž‹å“,NOT_STATED_IN_CITED_SOURCE,,NOT_STATED_IN_CITED_SOURCE,NOT_STATED_IN_CITED_SOURCE,,,TRUE,FALSE,FALSE,,FALSE,,S-M038-01,https://www.yurihama.jp/soshiki/4/1431.html,å†Šå­P1-2ï¼ä¸ç‡ƒæ€§ç²—å¤§ã”ã¿,2026-08-19,SORT_BUCKET,CURRENT,,
M038,C-M038-12,æœ‰å®³ã”ã¿,æœ‰å®³ã”ã¿,,PRIMARY,12,CURBSIDE,è›å…‰ç®¡ãƒ»ä¹¾é›»æ± ãƒ»å……é›»æ± ä¸€ä½“åž‹è£½å“,NOT_STATED_IN_CITED_SOURCE,,NOT_STATED_IN_CITED_SOURCE,é›»æ± ç«¯å­ã‚’çµ¶ç¸ã—ã€è›å…‰ç®¡ã¯ç ´æé˜²æ­¢,,,FALSE,FALSE,FALSE,,FALSE,,S-M038-01,https://www.yurihama.jp/soshiki/4/1431.html,å†Šå­P1-2ï¼æœ‰å®³ã”ã¿,2026-08-19,SORT_BUCKET,CURRENT,,
M038,C-M038-13,ç”ºã§åŽé›†ã—ãªã„ã‚‚ã®,ç”ºã§åŽé›†ã—ãªã„ã‚‚ã®,,EXCLUDED,13,NOT_COLLECTED,å®¶é›»4å“ç›®ãƒ»å‡¦ç†å›°é›£ç‰©ç­‰,NOT_STATED_IN_CITED_SOURCE,,è²©å£²åº—ãƒ»ãƒ¡ãƒ¼ã‚«ãƒ¼ãƒ»å°‚é–€æ¥­è€…ç­‰ã®å…¬å¼æ¡ˆå†…ã«å¾“ã†,å—å…¥å…ˆã®æŒ‡ç¤ºã«å¾“ã†,,,FALSE,FALSE,FALSE,,TRUE,,S-M038-01,https://www.yurihama.jp/soshiki/4/1431.html,å†Šå­ï¼å°‚é–€æ¥­è€…ã§å‡¦ç†ã™ã‚‹ã‚‚ã®,2026-08-19,EXCLUDED_NOTICE,CURRENT,,
M039,C-M039-01,å¯ç‡ƒã”ã¿,å¯ç‡ƒã”ã¿,,PRIMARY,1,CURBSIDE,ç”Ÿã”ã¿ãƒ»ç´™ããšãƒ»æœ¨ããšç­‰,NOT_STATED_IN_CITED_SOURCE,,NOT_STATED_IN_CITED_SOURCE,ç”Ÿã”ã¿ã¯æ°´åˆ‡ã‚Š,ç”ºæŒ‡å®šã‚‚ãˆã‚‹ã”ã¿è¢‹,,FALSE,FALSE,FALSE,,FALSE,,S-M039-01,https://www.town.kotoura.tottori.jp/docs/2012121300677/,å®¶åº­ã”ã¿ã®åˆ†ã‘æ–¹ãƒ»å‡ºã—æ–¹ï¼å¯ç‡ƒã”ã¿,2026-08-19,SORT_BUCKET,CURRENT,,
M039,C-M039-02,ãƒ—ãƒ©ã‚¹ãƒãƒƒã‚¯,ãƒ—ãƒ©ã‚¹ãƒãƒƒã‚¯,,PRIMARY,2,CURBSIDE,åŒ…è£…ãƒ—ãƒ©ã‚¹ãƒãƒƒã‚¯ç­‰,NOT_STATED_IN_CITED_SOURCE,,NOT_STATED_IN_CITED_SOURCE,NOT_STATED_IN_CITED_SOURCE,,,FALSE,FALSE,FALSE,,FALSE,,S-M039-01,https://www.town.kotoura.tottori.jp/docs/2012121300677/,å®¶åº­ã”ã¿ã®åˆ†ã‘æ–¹ãƒ»å‡ºã—æ–¹ï¼ãƒ—ãƒ©ã‚¹ãƒãƒƒã‚¯,2026-08-19,SORT_BUCKET,CURRENT,,
M039,C-M039-03,ä¸ç‡ƒã”ã¿,ä¸ç‡ƒã”ã¿,,PRIMARY,3,CURBSIDE,é™¶ç£å™¨ãƒ»ã‚¬ãƒ©ã‚¹ãƒ»é‡‘å±žç­‰,NOT_STATED_IN_CITED_SOURCE,,NOT_STATED_IN_CITED_SOURCE,NOT_STATED_IN_CITED_SOURCE,,,FALSE,FALSE,FALSE,,FALSE,,S-M039-01,https://www.town.kotoura.tottori.jp/docs/2012121300677/,å®¶åº­ã”ã¿ã®åˆ†ã‘æ–¹ãƒ»å‡ºã—æ–¹ï¼ä¸ç‡ƒã”ã¿,2026-08-19,SORT_BUCKET,CURRENT,,
M039,C-M039-04,å°åž‹å®¶é›»,å°åž‹å®¶é›»,,PRIMARY,4,CURBSIDE,ç”ºæŒ‡å®šã®å°åž‹å®¶é›»,NOT_STATED_IN_CITED_SOURCE,,NOT_STATED_IN_CITED_SOURCE,NOT_STATED_IN_CITED_SOURCE,,,FALSE,FALSE,FALSE,,FALSE,,S-M039-01,https://www.town.kotoura.tottori.jp/docs/2012121300677/,å®¶åº­ã”ã¿ã®åˆ†ã‘æ–¹ãƒ»å‡ºã—æ–¹ï¼å°åž‹å®¶é›»,2026-08-19,SORT_BUCKET,CURRENT,,
M039,C-M039-05,ã³ã‚“é¡ž,ã³ã‚“é¡ž,,PRIMARY,5,CURBSIDE,é£²é£Ÿç”¨ã³ã‚“,NOT_STATED_IN_CITED_SOURCE,,NOT_STATED_IN_CITED_SOURCE,ä¸­ã‚’ã™ã™ã,,,FALSE,FALSE,FALSE,,FALSE,,S-M039-01,https://www.town.kotoura.tottori.jp/docs/2012121300677/,å®¶åº­ã”ã¿ã®åˆ†ã‘æ–¹ãƒ»å‡ºã—æ–¹ï¼ã³ã‚“é¡ž,2026-08-19,SORT_BUCKET,CURRENT,,
M039,C-M039-06,ç¼¶é¡ž,ç¼¶é¡ž,,PRIMARY,6,CURBSIDE,é£²é£Ÿç”¨ç¼¶ãƒ»ã‚¹ãƒ—ãƒ¬ãƒ¼ç¼¶,NOT_STATED_IN_CITED_SOURCE,,NOT_STATED_IN_CITED_SOURCE,NOT_STATED_IN_CITED_SOURCE,,,FALSE,FALSE,FALSE,,FALSE,,S-M039-01,https://www.town.kotoura.tottori.jp/docs/2012121300677/,å®¶åº­ã”ã¿ã®åˆ†ã‘æ–¹ãƒ»å‡ºã—æ–¹ï¼ç¼¶é¡ž,2026-08-19,SORT_BUCKET,CURRENT,,
M039,C-M039-07,ç´™ãƒ»å¸ƒé¡ž,ç´™ãƒ»å¸ƒé¡ž,,PRIMARY,7,CURBSIDE,æ–°èžãƒ»é›‘èªŒãƒ»æ®µãƒœãƒ¼ãƒ«ãƒ»å¸ƒé¡ž,NOT_STATED_IN_CITED_SOURCE,,NOT_STATED_IN_CITED_SOURCE,ç¨®é¡žåˆ¥ã«ã¾ã¨ã‚ã‚‹,,,FALSE,FALSE,FALSE,,FALSE,,S-M039-01,https://www.town.kotoura.tottori.jp/docs/2012121300677/,å®¶åº­ã”ã¿ã®åˆ†ã‘æ–¹ãƒ»å‡ºã—æ–¹ï¼ç´™ãƒ»å¸ƒé¡ž,2026-08-19,SORT_BUCKET,CURRENT,,
M039,C-M039-08,ç´™ãƒ‘ãƒƒã‚¯é¡ž,ç´™ãƒ‘ãƒƒã‚¯é¡ž,,PRIMARY,8,CURBSIDE,é£²æ–™ç”¨ç´™ãƒ‘ãƒƒã‚¯,NOT_STATED_IN_CITED_SOURCE,,NOT_STATED_IN_CITED_SOURCE,æ´—ã£ã¦åˆ‡ã‚Šé–‹ãä¹¾ã‹ã™,,,FALSE,FALSE,FALSE,,FALSE,,S-M039-01,https://www.town.kotoura.tottori.jp/docs/2012121300677/,å®¶åº­ã”ã¿ã®åˆ†ã‘æ–¹ãƒ»å‡ºã—æ–¹ï¼ç´™ãƒ‘ãƒƒã‚¯é¡ž,2026-08-19,SORT_BUCKET,CURRENT,,
M039,C-M039-09,ç™ºæ³¡ã‚¹ãƒãƒ­ãƒ¼ãƒ«ãƒ»ãƒˆãƒ¬ãƒ¼,ç™ºæ³¡ã‚¹ãƒãƒ­ãƒ¼ãƒ«ãƒ»ãƒˆãƒ¬ãƒ¼,,PRIMARY,9,CURBSIDE,ç™ºæ³¡ã‚¹ãƒãƒ­ãƒ¼ãƒ«ãƒ»é£Ÿå“ãƒˆãƒ¬ãƒ¼,NOT_STATED_IN_CITED_SOURCE,,NOT_STATED_IN_CITED_SOURCE,æ±šã‚Œã‚’è½ã¨ã™,,,FALSE,FALSE,FALSE,,FALSE,,S-M039-01,https://www.town.kotoura.tottori.jp/docs/2012121300677/,å®¶åº­ã”ã¿ã®åˆ†ã‘æ–¹ãƒ»å‡ºã—æ–¹ï¼ç™ºæ³¡ã‚¹ãƒãƒ­ãƒ¼ãƒ«ãƒ»ãƒˆãƒ¬ãƒ¼,2026-08-19,SORT_BUCKET,CURRENT,,
M039,C-M039-10,ãƒšãƒƒãƒˆãƒœãƒˆãƒ«,ãƒšãƒƒãƒˆãƒœãƒˆãƒ«,,PRIMARY,10,CURBSIDE,PETãƒžãƒ¼ã‚¯ã®ãƒœãƒˆãƒ«,NOT_STATED_IN_CITED_SOURCE,,NOT_STATED_IN_CITED_SOURCE,ã‚­ãƒ£ãƒƒãƒ—ã¨ãƒ©ãƒ™ãƒ«ã‚’å¤–ã—ä¸­ã‚’ã™ã™ã,,,FALSE,FALSE,FALSE,,FALSE,,S-M039-01,https://www.town.kotoura.tottori.jp/docs/2012121300677/,å®¶åº­ã”ã¿ã®åˆ†ã‘æ–¹ãƒ»å‡ºã—æ–¹ï¼ãƒšãƒƒãƒˆãƒœãƒˆãƒ«,2026-08-19,SORT_BUCKET,CURRENT,,
M039,C-M039-11,å¯ç‡ƒæ€§ç²—å¤§ã”ã¿,å¯ç‡ƒæ€§ç²—å¤§ã”ã¿,,PRIMARY,11,CURBSIDE,å¯ç‡ƒæ€§å¤§åž‹å“,NOT_STATED_IN_CITED_SOURCE,,NOT_STATED_IN_CITED_SOURCE,NOT_STATED_IN_CITED_SOURCE,,,TRUE,FALSE,FALSE,,FALSE,,S-M039-01,https://www.town.kotoura.tottori.jp/docs/2012121300677/,å®¶åº­ã”ã¿ã®åˆ†ã‘æ–¹ãƒ»å‡ºã—æ–¹ï¼å¯ç‡ƒæ€§ç²—å¤§ã”ã¿,2026-08-19,SORT_BUCKET,CURRENT,,
M039,C-M039-12,ä¸ç‡ƒæ€§ç²—å¤§ã”ã¿,ä¸ç‡ƒæ€§ç²—å¤§ã”ã¿,,PRIMARY,12,CURBSIDE,ä¸ç‡ƒæ€§å¤§åž‹å“,NOT_STATED_IN_CITED_SOURCE,,NOT_STATED_IN_CITED_SOURCE,NOT_STATED_IN_CITED_SOURCE,,,TRUE,FALSE,FALSE,,FALSE,,S-M039-01,https://www.town.kotoura.tottori.jp/docs/2012121300677/,å®¶åº­ã”ã¿ã®åˆ†ã‘æ–¹ãƒ»å‡ºã—æ–¹ï¼ä¸ç‡ƒæ€§ç²—å¤§ã”ã¿,2026-08-19,SORT_BUCKET,CURRENT,,
M039,C-M039-13,æœ‰å®³ã”ã¿,æœ‰å®³ã”ã¿,,PRIMARY,13,CURBSIDE,è›å…‰ç®¡ãƒ»é›»æ± ãƒ»å……é›»æ± ä¸€ä½“åž‹è£½å“ç­‰,NOT_STATED_IN_CITED_SOURCE,,NOT_STATED_IN_CITED_SOURCE,é›»æ± ç«¯å­ã‚’çµ¶ç¸,,,FALSE,FALSE,FALSE,,FALSE,,S-M039-01,https://www.town.kotoura.tottori.jp/docs/2012121300677/,å®¶åº­ã”ã¿ã®åˆ†ã‘æ–¹ãƒ»å‡ºã—æ–¹ï¼æœ‰å®³ã”ã¿,2026-08-19,SORT_BUCKET,CURRENT,,
M039,C-M039-14,ç”ºã§åŽé›†ã—ãªã„ã‚‚ã®,ç”ºã§åŽé›†ã—ãªã„ã‚‚ã®,,EXCLUDED,14,NOT_COLLECTED,è‡ªå‹•è»Šé–¢ä¿‚å“ãƒ»å®¶é›»4å“ç›®ãƒ»å‡¦ç†å›°é›£ç‰©ç­‰,NOT_STATED_IN_CITED_SOURCE,,è²©å£²åº—ãƒ»ãƒ¡ãƒ¼ã‚«ãƒ¼ãƒ»å°‚é–€æ¥­è€…ç­‰ã®å…¬å¼æ¡ˆå†…ã«å¾“ã†,å—å…¥å…ˆã®æŒ‡ç¤ºã«å¾“ã†,,,FALSE,FALSE,FALSE,,TRUE,,S-M039-01,https://www.town.kotoura.tottori.jp/docs/2012121300677/,å®¶åº­ã”ã¿ã®åˆ†ã‘æ–¹ãƒ»å‡ºã—æ–¹ï¼åŽé›†å¯¾è±¡å¤–,2026-08-19,EXCLUDED_NOTICE,CURRENT,,
M040,C-M040-01,å¯ç‡ƒã”ã¿,å¯ç‡ƒã”ã¿,,PRIMARY,1,CURBSIDE,ç”Ÿã”ã¿ãƒ»ç´™ããšç­‰,NOT_STATED_IN_CITED_SOURCE,,NOT_STATED_IN_CITED_SOURCE,ç”Ÿã”ã¿ã¯æ°´åˆ‡ã‚Š,,,FALSE,FALSE,FALSE,,FALSE,,S-M040-01,https://www.e-hokuei.net/soshiki/5/1341.html,ã”ã¿ã®åŒºåˆ†ã¨å‡ºã—æ–¹ï¼å¯ç‡ƒã”ã¿,2026-08-19,SORT_BUCKET,CURRENT,,
M040,C-M040-02,ä¸ç‡ƒã”ã¿,ä¸ç‡ƒã”ã¿,,PRIMARY,2,CURBSIDE,é™¶ç£å™¨ãƒ»ã‚¬ãƒ©ã‚¹ãƒ»é‡‘å±žç­‰,NOT_STATED_IN_CITED_SOURCE,,NOT_STATED_IN_CITED_SOURCE,NOT_STATED_IN_CITED_SOURCE,,,FALSE,FALSE,FALSE,,FALSE,,S-M040-01,https://www.e-hokuei.net/soshiki/5/1341.html,ã”ã¿ã®åŒºåˆ†ã¨å‡ºã—æ–¹ï¼ä¸ç‡ƒã”ã¿,2026-08-19,SORT_BUCKET,CURRENT,,
M040,C-M040-03,å°åž‹å®¶é›»,å°åž‹å®¶é›»,,PRIMARY,3,CURBSIDE,ç”ºæŒ‡å®šã®å°åž‹å®¶é›»,NOT_STATED_IN_CITED_SOURCE,,NOT_STATED_IN_CITED_SOURCE,NOT_STATED_IN_CITED_SOURCE,,,FALSE,FALSE,FALSE,,FALSE,,S-M040-01,https://www.e-hokuei.net/soshiki/5/1341.html,ã”ã¿ã®åŒºåˆ†ã¨å‡ºã—æ–¹ï¼å°åž‹å®¶é›»,2026-08-19,SORT_BUCKET,CURRENT,,
M040,C-M040-04,ã³ã‚“é¡ž,ã³ã‚“é¡ž,,PRIMARY,4,CURBSIDE,é£²é£Ÿç”¨ã³ã‚“,NOT_STATED_IN_CITED_SOURCE,,NOT_STATED_IN_CITED_SOURCE,ä¸­ã‚’ã™ã™ã,,,FALSE,FALSE,FALSE,,FALSE,,S-M040-01,https://www.e-hokuei.net/soshiki/5/1341.html,ã”ã¿ã®åŒºåˆ†ã¨å‡ºã—æ–¹ï¼ã³ã‚“é¡ž,2026-08-19,SORT_BUCKET,CURRENT,,
M040,C-M040-05,ç¼¶é¡ž,ç¼¶é¡ž,,PRIMARY,5,CURBSIDE,é£²é£Ÿç”¨ç¼¶ãƒ»ã‚¹ãƒ—ãƒ¬ãƒ¼ç¼¶,NOT_STATED_IN_CITED_SOURCE,,NOT_STATED_IN_CITED_SOURCE,NOT_STATED_IN_CITED_SOURCE,,,FALSE,FALSE,FALSE,,FALSE,,S-M040-01,https://www.e-hokuei.net/soshiki/5/1341.html,ã”ã¿ã®åŒºåˆ†ã¨å‡ºã—æ–¹ï¼ç¼¶é¡ž,2026-08-19,SORT_BUCKET,CURRENT,,
M040,C-M040-06,ç´™ãƒ»å¸ƒé¡ž,ç´™ãƒ»å¸ƒé¡ž,,PRIMARY,6,CURBSIDE,æ–°èžãƒ»é›‘èªŒãƒ»æ®µãƒœãƒ¼ãƒ«ãƒ»å¸ƒé¡ž,NOT_STATED_IN_CITED_SOURCE,,NOT_STATED_IN_CITED_SOURCE,ç¨®é¡žåˆ¥ã«ã¾ã¨ã‚ã‚‹,,,FALSE,FALSE,FALSE,,FALSE,,S-M040-01,https://www.e-hokuei.net/soshiki/5/1341.html,ã”ã¿ã®åŒºåˆ†ã¨å‡ºã—æ–¹ï¼ç´™ãƒ»å¸ƒé¡ž,2026-08-19,SORT_BUCKET,CURRENT,,
M040,C-M040-07,ç‰›ä¹³ãƒ‘ãƒƒã‚¯é¡ž,ç‰›ä¹³ãƒ‘ãƒƒã‚¯é¡ž,,PRIMARY,7,CURBSIDE,é£²æ–™ç”¨ç´™ãƒ‘ãƒƒã‚¯,NOT_STATED_IN_CITED_SOURCE,,NOT_STATED_IN_CITED_SOURCE,æ´—ã£ã¦åˆ‡ã‚Šé–‹ãä¹¾ã‹ã™,,,FALSE,FALSE,FALSE,,FALSE,,S-M040-01,https://www.e-hokuei.net/soshiki/5/1341.html,ã”ã¿ã®åŒºåˆ†ã¨å‡ºã—æ–¹ï¼ç‰›ä¹³ãƒ‘ãƒƒã‚¯é¡ž,2026-08-19,SORT_BUCKET,CURRENT,,
M040,C-M040-08,ç™ºæ³¡ã‚¹ãƒãƒ­ãƒ¼ãƒ«ã€ãƒˆãƒ¬ãƒ¼,ç™ºæ³¡ã‚¹ãƒãƒ­ãƒ¼ãƒ«ã€ãƒˆãƒ¬ãƒ¼,,PRIMARY,8,CURBSIDE,ç™ºæ³¡ã‚¹ãƒãƒ­ãƒ¼ãƒ«ãƒ»é£Ÿå“ãƒˆãƒ¬ãƒ¼,NOT_STATED_IN_CITED_SOURCE,,NOT_STATED_IN_CITED_SOURCE,æ±šã‚Œã‚’è½ã¨ã™,,,FALSE,FALSE,FALSE,,FALSE,,S-M040-01,https://www.e-hokuei.net/soshiki/5/1341.html,ã”ã¿ã®åŒºåˆ†ã¨å‡ºã—æ–¹ï¼ç™ºæ³¡ã‚¹ãƒãƒ­ãƒ¼ãƒ«ã€ãƒˆãƒ¬ãƒ¼,2026-08-19,SORT_BUCKET,CURRENT,,
M040,C-M040-09,ãƒšãƒƒãƒˆãƒœãƒˆãƒ«,ãƒšãƒƒãƒˆãƒœãƒˆãƒ«,,PRIMARY,9,CURBSIDE,PETãƒžãƒ¼ã‚¯ã®ãƒœãƒˆãƒ«,NOT_STATED_IN_CITED_SOURCE,,NOT_STATED_IN_CITED_SOURCE,ã‚­ãƒ£ãƒƒãƒ—ã¨ãƒ©ãƒ™ãƒ«ã‚’å¤–ã—ä¸­ã‚’ã™ã™ã,,,FALSE,FALSE,FALSE,,FALSE,,S-M040-01,https://www.e-hokuei.net/soshiki/5/1341.html,ã”ã¿ã®åŒºåˆ†ã¨å‡ºã—æ–¹ï¼ãƒšãƒƒãƒˆãƒœãƒˆãƒ«,2026-08-19,SORT_BUCKET,CURRENT,,
M040,C-M040-10,å¯ç‡ƒæ€§ç²—å¤§ã”ã¿,å¯ç‡ƒæ€§ç²—å¤§ã”ã¿,,PRIMARY,10,CURBSIDE,å¯ç‡ƒæ€§å¤§åž‹å“,NOT_STATED_IN_CITED_SOURCE,,NOT_STATED_IN_CITED_SOURCE,NOT_STATED_IN_CITED_SOURCE,,,TRUE,FALSE,FALSE,,FALSE,,S-M040-01,https://www.e-hokuei.net/soshiki/5/1341.html,ã”ã¿ã®åŒºåˆ†ã¨å‡ºã—æ–¹ï¼å¯ç‡ƒæ€§ç²—å¤§ã”ã¿,2026-08-19,SORT_BUCKET,CURRENT,,
M040,C-M040-11,ä¸ç‡ƒæ€§ç²—å¤§ã”ã¿,ä¸ç‡ƒæ€§ç²—å¤§ã”ã¿,,PRIMARY,11,CURBSIDE,ä¸ç‡ƒæ€§å¤§åž‹å“,NOT_STATED_IN_CITED_SOURCE,,NOT_STATED_IN_CITED_SOURCE,NOT_STATED_IN_CITED_SOURCE,,,TRUE,FALSE,FALSE,,FALSE,,S-M040-01,https://www.e-hokuei.net/soshiki/5/1341.html,ã”ã¿ã®åŒºåˆ†ã¨å‡ºã—æ–¹ï¼ä¸ç‡ƒæ€§ç²—å¤§ã”ã¿,2026-08-19,SORT_BUCKET,CURRENT,,
M040,C-M040-12,æœ‰å®³ã”ã¿,æœ‰å®³ã”ã¿,,PRIMARY,12,CURBSIDE,è›å…‰ç®¡ãƒ»ä¹¾é›»æ± ãƒ»å……é›»æ± ç­‰,NOT_STATED_IN_CITED_SOURCE,,NOT_STATED_IN_CITED_SOURCE,ä»¤å’Œ8å¹´åº¦ã‹ã‚‰å……é›»æ± ã‚‚æœ‰å®³ã”ã¿ã¨ã—ã¦å›žåŽã€‚ç«¯å­ã‚’çµ¶ç¸,,,FALSE,FALSE,FALSE,,FALSE,,S-M040-03,https://www.e-hokuei.net/soshiki/2/4862.html,ã”ã¿ã®åŒºåˆ†ã¨å‡ºã—æ–¹ï¼æœ‰å®³ã”ã¿,2026-08-19,SORT_BUCKET,CURRENT,,
M041,C-M041-01,ã‚‚ãˆã‚‹ã‚´ãƒŸ,ã‚‚ãˆã‚‹ã‚´ãƒŸ,,PRIMARY,1,CURBSIDE,ç”Ÿã”ã¿ãƒ»ç´™ããšãƒ»å¯ç‡ƒç‰©,NOT_STATED_IN_CITED_SOURCE,,NOT_STATED_IN_CITED_SOURCE,NOT_STATED_IN_CITED_SOURCE,,,FALSE,FALSE,FALSE,,FALSE,,S-M041-02,https://www.hiezu.jp/%E3%82%B4%E3%83%9F%E3%81%AE%E5%8F%8E%E9%9B%86%E6%97%A5%E3%81%AB%E3%81%A4%E3%81%84%E3%81%A6/,ã”ã¿ã®åŽé›†æ—¥ï¼ã‚‚ãˆã‚‹ã‚´ãƒŸ,2026-08-19,SORT_BUCKET,CURRENT,,
M041,C-M041-02,ã‚‚ãˆãªã„ã‚´ãƒŸ,ã‚‚ãˆãªã„ã‚´ãƒŸ,,PRIMARY,2,CURBSIDE,é‡‘å±žãƒ»é™¶ç£å™¨ãƒ»ã‚¬ãƒ©ã‚¹ãƒ»å°åž‹å®¶é›»ç­‰,NOT_STATED_IN_CITED_SOURCE,,NOT_STATED_IN_CITED_SOURCE,NOT_STATED_IN_CITED_SOURCE,,,FALSE,FALSE,FALSE,,FALSE,,S-M041-02,https://www.hiezu.jp/%E3%82%B4%E3%83%9F%E3%81%AE%E5%8F%8E%E9%9B%86%E6%97%A5%E3%81%AB%E3%81%A4%E3%81%84%E3%81%A6/,ã”ã¿ã®åŽé›†æ—¥ï¼ã‚‚ãˆãªã„ã‚´ãƒŸ,2026-08-19,SORT_BUCKET,CURRENT,,
M041,C-M041-03,å¸ƒãƒ»ãƒ—ãƒ©ã‚¹ãƒãƒƒã‚¯é¡žï¼ˆè³‡æºã‚´ãƒŸï¼‰,å¸ƒãƒ»ãƒ—ãƒ©ã‚¹ãƒãƒƒã‚¯é¡žï¼ˆè³‡æºã‚´ãƒŸï¼‰,,PRIMARY,3,CURBSIDE,å¸ƒé¡žãƒ»è»Ÿè³ªãƒ—ãƒ©ã‚¹ãƒãƒƒã‚¯é¡ž,NOT_STATED_IN_CITED_SOURCE,,NOT_STATED_IN_CITED_SOURCE,NOT_STATED_IN_CITED_SOURCE,,,FALSE,FALSE,FALSE,,FALSE,,S-M041-02,https://www.hiezu.jp/%E3%82%B4%E3%83%9F%E3%81%AE%E5%8F%8E%E9%9B%86%E6%97%A5%E3%81%AB%E3%81%A4%E3%81%84%E3%81%A6/,ã”ã¿ã®åŽé›†æ—¥ï¼å¸ƒãƒ»ãƒ—ãƒ©ã‚¹ãƒãƒƒã‚¯é¡žï¼ˆè³‡æºã‚´ãƒŸï¼‰,2026-08-19,SORT_BUCKET,CURRENT,,
M041,C-M041-04,ç™ºæ³¡ã‚¹ãƒãƒ­ãƒ¼ãƒ«ï¼ˆè³‡æºã‚´ãƒŸï¼‰,ç™ºæ³¡ã‚¹ãƒãƒ­ãƒ¼ãƒ«ï¼ˆè³‡æºã‚´ãƒŸï¼‰,,PRIMARY,4,CURBSIDE,ç™ºæ³¡ã‚¹ãƒãƒ­ãƒ¼ãƒ«,NOT_STATED_IN_CITED_SOURCE,,NOT_STATED_IN_CITED_SOURCE,NOT_STATED_IN_CITED_SOURCE,,,FALSE,FALSE,FALSE,,FALSE,,S-M041-02,https://www.hiezu.jp/%E3%82%B4%E3%83%9F%E3%81%AE%E5%8F%8E%E9%9B%86%E6%97%A5%E3%81%AB%E3%81%A4%E3%81%84%E3%81%A6/,ã”ã¿ã®åŽé›†æ—¥ï¼ç™ºæ³¡ã‚¹ãƒãƒ­ãƒ¼ãƒ«ï¼ˆè³‡æºã‚´ãƒŸï¼‰,2026-08-19,SORT_BUCKET,CURRENT,,
M041,C-M041-05,ãã®ä»–è³‡æºã‚´ãƒŸ,ãã®ä»–è³‡æºã‚´ãƒŸ,,PRIMARY,5,CURBSIDE,ã³ã‚“ãƒ»ç¼¶ãƒ»ãƒšãƒƒãƒˆãƒœãƒˆãƒ«ãƒ»å¤ç´™ç­‰ã®æ‘æŒ‡å®šè³‡æº,NOT_STATED_IN_CITED_SOURCE,,NOT_STATED_IN_CITED_SOURCE,NOT_STATED_IN_CITED_SOURCE,,,FALSE,FALSE,FALSE,,FALSE,,S-M041-02,https://www.hiezu.jp/%E3%82%B4%E3%83%9F%E3%81%AE%E5%8F%8E%E9%9B%86%E6%97%A5%E3%81%AB%E3%81%A4%E3%81%84%E3%81%A6/,ã”ã¿ã®åŽé›†æ—¥ï¼ãã®ä»–è³‡æºã‚´ãƒŸ,2026-08-19,SORT_BUCKET,CURRENT,,
M041,C-M041-06,è›å…‰ç¯,è›å…‰ç¯,,PRIMARY,6,CURBSIDE,è›å…‰ç®¡,NOT_STATED_IN_CITED_SOURCE,,NOT_STATED_IN_CITED_SOURCE,ç ´æã—ãªã„ã‚ˆã†ä¿è­·,,,FALSE,FALSE,FALSE,,FALSE,,S-M041-02,https://www.hiezu.jp/%E3%82%B4%E3%83%9F%E3%81%AE%E5%8F%8E%E9%9B%86%E6%97%A5%E3%81%AB%E3%81%A4%E3%81%84%E3%81%A6/,ã”ã¿ã®åŽé›†æ—¥ï¼è›å…‰ç¯,2026-08-19,SORT_BUCKET,CURRENT,,
M041,C-M041-07,ä¹¾é›»æ± ,ä¹¾é›»æ± ,,PRIMARY,7,CURBSIDE,ä¹¾é›»æ± é¡ž,NOT_STATED_IN_CITED_SOURCE,,NOT_STATED_IN_CITED_SOURCE,ç«¯å­ã‚’çµ¶ç¸,,,FALSE,FALSE,FALSE,,FALSE,,S-M041-02,https://www.hiezu.jp/%E3%82%B4%E3%83%9F%E3%81%AE%E5%8F%8E%E9%9B%86%E6%97%A5%E3%81%AB%E3%81%A4%E3%81%84%E3%81%A6/,ã”ã¿ã®åŽé›†æ—¥ï¼ä¹¾é›»æ± ,2026-08-19,SORT_BUCKET,CURRENT,,
M041,C-M041-08,æŒã¡å‡ºã—ã§ãã¾ã›ã‚“,æŒã¡å‡ºã—ã§ãã¾ã›ã‚“,,EXCLUDED,8,NOT_COLLECTED,å®¶é›»4å“ç›®ãƒ»è€ç«é‡‘åº«ãƒ»å‡¦ç†å›°é›£ç‰©ç­‰,NOT_STATED_IN_CITED_SOURCE,,è²©å£²åº—ãƒ»ãƒ¡ãƒ¼ã‚«ãƒ¼ãƒ»å°‚é–€æ¥­è€…ç­‰ã®å…¬å¼æ¡ˆå†…ã«å¾“ã†,å—å…¥å…ˆã®æŒ‡ç¤ºã«å¾“ã†,,,FALSE,FALSE,FALSE,,TRUE,,S-M041-03,https://www.hiezu.jp/user/filer_public/68/02/6802772b-964a-4a93-8ce0-9594e1ca9fa8/r4gomifen-kefang-zao-jian-biao.pdf,å®¶åº­ã‚´ãƒŸã®åˆ†ã‘æ–¹è©³ç´°ç‰ˆï¼æŒã¡å‡ºã—ã§ãã¾ã›ã‚“,2026-08-19,EXCLUDED_NOTICE,CURRENT,,
M042,C-M042-01,å¯ç‡ƒï¼ˆã‚‚ã‚„ã›ã‚‹ï¼‰ã”ã¿,å¯ç‡ƒï¼ˆã‚‚ã‚„ã›ã‚‹ï¼‰ã”ã¿,,PRIMARY,1,CURBSIDE,ç”Ÿã”ã¿ãƒ»ç´™ããšãƒ»ã‚„ã‚ã‚‰ã‹ã„ãƒ—ãƒ©ã‚¹ãƒãƒƒã‚¯ç­‰,NOT_STATED_IN_CITED_SOURCE,,NOT_STATED_IN_CITED_SOURCE,ç”Ÿã”ã¿ã¯ååˆ†æ°´åˆ‡ã‚Šã€‚ç¡¬ã„ç•°ç´ æã‚’å¤–ã™,å¤§å±±ç”ºæŒ‡å®šå¯ç‡ƒç”¨è¢‹,,FALSE,FALSE,FALSE,,FALSE,,S-M042-01,https://www.daisen.jp/user/filer_public/b1/61/b1611d62-e336-4068-8123-b4ec28cb25f6/gomi-funbetu-tebiki-kaiteiban.pdf,æ‰‹å¼•ãp4 å¯ç‡ƒã”ã¿,2026-08-19,SORT_BUCKET,CURRENT,,
M042,C-M042-02,å¯ç‡ƒï¼ˆã‚‚ã‚„ã›ã‚‹ï¼‰ç²—å¤§ã”ã¿,å¯ç‡ƒï¼ˆã‚‚ã‚„ã›ã‚‹ï¼‰ç²—å¤§ã”ã¿,,PRIMARY,2,DROP_OFF,è¢‹ã«å…¥ã‚‰ãªã„æœ¨è£½å®¶å…·ãƒ»å¸ƒå›£ç­‰,NOT_STATED_IN_CITED_SOURCE,,NOT_STATED_IN_CITED_SOURCE,NOT_STATED_IN_CITED_SOURCE,,é•·ã•2mä»¥ä¸‹ç­‰ã®æŒè¾¼åŸºæº–,TRUE,FALSE,FALSE,,FALSE,,S-M042-01,https://www.daisen.jp/user/filer_public/b1/61/b1611d62-e336-4068-8123-b4ec28cb25f6/gomi-funbetu-tebiki-kaiteiban.pdf,æ‰‹å¼•ãp5 å¯ç‡ƒç²—å¤§ã”ã¿,2026-08-19,REFERENCE_ONLY,CURRENT,,
M042,C-M042-03,ä¸ç‡ƒï¼ˆã‚‚ãˆãªã„ï¼‰ã”ã¿,ä¸ç‡ƒï¼ˆã‚‚ãˆãªã„ï¼‰ã”ã¿,,PRIMARY,3,CURBSIDE,é‡‘å±žãƒ»é™¶ç£å™¨ãƒ»ã‚¬ãƒ©ã‚¹ãƒ»ç¡¬ã„ãƒ—ãƒ©ã‚¹ãƒãƒƒã‚¯ç­‰,NOT_STATED_IN_CITED_SOURCE,,NOT_STATED_IN_CITED_SOURCE,å‰²ã‚Œç‰©ãƒ»åˆƒç‰©ã¯åŒ…ã‚“ã§è¡¨ç¤ºã€‚ã‚¹ãƒ—ãƒ¬ãƒ¼ç¼¶ç­‰ã¯ä½¿ã„åˆ‡ã‚‹,å¤§å±±ç”ºæŒ‡å®šåˆ†åˆ¥ç”¨è¢‹,,FALSE,FALSE,FALSE,,FALSE,,S-M042-01,https://www.daisen.jp/user/filer_public/b1/61/b1611d62-e336-4068-8123-b4ec28cb25f6/gomi-funbetu-tebiki-kaiteiban.pdf,æ‰‹å¼•ãp6 ä¸ç‡ƒã”ã¿,2026-08-19,SORT_BUCKET,CURRENT,,
M042,C-M042-04,ä¸ç‡ƒï¼ˆã‚‚ãˆãªã„ï¼‰ç²—å¤§ã”ã¿,ä¸ç‡ƒï¼ˆã‚‚ãˆãªã„ï¼‰ç²—å¤§ã”ã¿,,PRIMARY,4,CURBSIDE,æŒ‡å®šè¢‹ã«å…¥ã‚‰ãªã„ä¸ç‡ƒç‰©,NOT_STATED_IN_CITED_SOURCE,,NOT_STATED_IN_CITED_SOURCE,NOT_STATED_IN_CITED_SOURCE,ä¸ç‡ƒç²—å¤§ã”ã¿ã‚·ãƒ¼ãƒ«,,TRUE,FALSE,FALSE,,FALSE,,S-M042-01,https://www.daisen.jp/user/filer_public/b1/61/b1611d62-e336-4068-8123-b4ec28cb25f6/gomi-funbetu-tebiki-kaiteiban.pdf,æ‰‹å¼•ãp7 ä¸ç‡ƒç²—å¤§ã”ã¿,2026-08-19,SORT_BUCKET,CURRENT,,
M042,C-M042-05,å¤ç´™é¡ž,å¤ç´™é¡ž,,PRIMARY,5,CURBSIDE,æ–°èžãƒ»æ®µãƒœãƒ¼ãƒ«ãƒ»ç´™ãƒ‘ãƒƒã‚¯ãƒ»é›‘èªŒé¡žãƒ»ç´™è£½å®¹å™¨åŒ…è£…,NOT_STATED_IN_CITED_SOURCE,,NOT_STATED_IN_CITED_SOURCE,ç¨®é¡žåˆ¥ã«ã¾ã¨ã‚ã‚‹,,,FALSE,FALSE,FALSE,,FALSE,,S-M042-02,https://www.daisen.jp/10/4/4/r100/s542/,ä»¤å’Œ8å¹´4æœˆå¤‰æ›´ï¼ç´™è£½å®¹å™¨åŒ…è£…ã¯é›‘èªŒé¡žï¼ˆå¤ç´™é¡žï¼‰ã¸,2026-08-19,SORT_BUCKET,CURRENT,,
M042,C-M042-06,ç¼¶ãƒ»ã³ã‚“,ç¼¶ãƒ»ã³ã‚“,,PRIMARY,6,CURBSIDE,é£²é£Ÿç”¨ç¼¶ãƒ»ã³ã‚“ãƒ»æ—§æŒ‡å®šã³ã‚“,NOT_STATED_IN_CITED_SOURCE,,NOT_STATED_IN_CITED_SOURCE,ä¸­èº«ã‚’ç©ºã«ã—ã¦æ´—ã†,,,FALSE,FALSE,FALSE,,FALSE,,S-M042-02,https://www.daisen.jp/10/4/4/r100/s542/,ä»¤å’Œ8å¹´4æœˆå¤‰æ›´ï¼æŒ‡å®šã³ã‚“ã¯ç¼¶ãƒ»ã³ã‚“ã¸,2026-08-19,SORT_BUCKET,CURRENT,,
M042,C-M042-07,ç™ºæ³¡ã‚¹ãƒãƒ­ãƒ¼ãƒ«,ç™ºæ³¡ã‚¹ãƒãƒ­ãƒ¼ãƒ«,,PRIMARY,7,CURBSIDE,ç™½è‰²ã®ç™ºæ³¡ã‚¹ãƒãƒ­ãƒ¼ãƒ«,NOT_STATED_IN_CITED_SOURCE,,ç™½è‰²ä»¥å¤–ãƒ»æ±šã‚ŒãŒè½ã¡ãªã„ç‰©ã¯å¯ç‡ƒã”ã¿,æ´—ã£ã¦ä¹¾ã‹ã—ã€ã‚·ãƒ¼ãƒ«ç­‰ã‚’å¤–ã™,,,FALSE,FALSE,FALSE,,FALSE,,S-M042-02,https://www.daisen.jp/10/4/4/r100/s542/,ä»¤å’Œ8å¹´4æœˆå¤‰æ›´ï¼ç™½è‰²ã®ã¿,2026-08-19,SORT_BUCKET,CURRENT,,
M042,C-M042-08,ãƒšãƒƒãƒˆãƒœãƒˆãƒ«,ãƒšãƒƒãƒˆãƒœãƒˆãƒ«,,PRIMARY,8,CURBSIDE,PETãƒžãƒ¼ã‚¯ã®é£²æ–™ãƒ»èª¿å‘³æ–™ãƒœãƒˆãƒ«,NOT_STATED_IN_CITED_SOURCE,,NOT_STATED_IN_CITED_SOURCE,ã‚­ãƒ£ãƒƒãƒ—ã¨ãƒ©ãƒ™ãƒ«ã‚’å¤–ã—æ´—ã†,,,FALSE,FALSE,FALSE,,FALSE,,S-M042-01,https://www.daisen.jp/user/filer_public/b1/61/b1611d62-e336-4068-8123-b4ec28cb25f6/gomi-funbetu-tebiki-kaiteiban.pdf,æ‰‹å¼•ãp12 ãƒšãƒƒãƒˆãƒœãƒˆãƒ«,2026-08-19,SORT_BUCKET,CURRENT,,
M042,C-M042-09,é›»æ± ,é›»æ± ,,PRIMARY,9,CURBSIDE,ä¹¾é›»æ± ãƒ»ã‚³ã‚¤ãƒ³åž‹ãƒ»ãƒœã‚¿ãƒ³åž‹é›»æ± ,NOT_STATED_IN_CITED_SOURCE,,NOT_STATED_IN_CITED_SOURCE,é‡‘å±žç«¯å­ã‚’çµ¶ç¸,é€æ˜Žã¾ãŸã¯åŠé€æ˜Žè¢‹,,FALSE,FALSE,FALSE,,FALSE,,S-M042-04,https://www.daisen.jp/10/4/4/r100/m165/,é›»æ± ã®å‡ºã—æ–¹ï¼ä¹¾é›»æ± ç­‰,2026-08-19,SORT_BUCKET,CURRENT,,
M042,C-M042-10,è›å…‰ç®¡,è›å…‰ç®¡,,PRIMARY,10,CURBSIDE,ä¸¸åž‹ãƒ»ç›´ç®¡ãƒ»é›»çƒåž‹è›å…‰ç®¡,NOT_STATED_IN_CITED_SOURCE,,NOT_STATED_IN_CITED_SOURCE,ç ´æé˜²æ­¢ã€‚LEDç­‰ã¯ä¸ç‡ƒã”ã¿,,,FALSE,FALSE,FALSE,,FALSE,,S-M042-01,https://www.daisen.jp/user/filer_public/b1/61/b1611d62-e336-4068-8123-b4ec28cb25f6/gomi-funbetu-tebiki-kaiteiban.pdf,æ‰‹å¼•ãp13 è›å…‰ç®¡,2026-08-19,SORT_BUCKET,CURRENT,,
M042,C-M042-11,å°åž‹å……é›»å¼é›»æ± ,å°åž‹å……é›»å¼é›»æ± ,,PRIMARY,11,DROP_OFF,ãƒ‹ã‚«ãƒ‰ãƒ»ãƒ‹ãƒƒã‚±ãƒ«æ°´ç´ ãƒ»ãƒªãƒã‚¦ãƒ ã‚¤ã‚ªãƒ³é›»æ± ãƒ»ãƒ¢ãƒã‚¤ãƒ«ãƒãƒƒãƒ†ãƒªãƒ¼,NOT_STATED_IN_CITED_SOURCE,,NOT_STATED_IN_CITED_SOURCE,ç«¯å­ã‚’çµ¶ç¸ã—å›žåŽãƒœãƒƒã‚¯ã‚¹ã¸,,,FALSE,FALSE,FALSE,,FALSE,,S-M042-04,https://www.daisen.jp/10/4/4/r100/m165/,é›»æ± ã®å‡ºã—æ–¹ï¼å°åž‹å……é›»å¼é›»æ± ,2026-08-19,REFERENCE_ONLY,CURRENT,,
M042,C-M042-12,ãƒãƒƒãƒ†ãƒªãƒ¼,ãƒãƒƒãƒ†ãƒªãƒ¼,,PRIMARY,12,DROP_OFF,è‡ªå®¶ç”¨è‡ªå‹•è»Šãƒ»ãƒã‚¤ã‚¯ç”¨ãƒãƒƒãƒ†ãƒªãƒ¼,NOT_STATED_IN_CITED_SOURCE,,NOT_STATED_IN_CITED_SOURCE,NOT_STATED_IN_CITED_SOURCE,,,FALSE,FALSE,FALSE,,FALSE,,S-M042-01,https://www.daisen.jp/user/filer_public/b1/61/b1611d62-e336-4068-8123-b4ec28cb25f6/gomi-funbetu-tebiki-kaiteiban.pdf,æ‰‹å¼•ãp14 ãƒãƒƒãƒ†ãƒªãƒ¼,2026-08-19,REFERENCE_ONLY,CURRENT,,
M042,C-M042-13,æ··åˆç²—å¤§ã”ã¿,æ··åˆç²—å¤§ã”ã¿,,PRIMARY,13,DROP_OFF,ç‡ƒãˆã‚‹ç‰©ã¨ç‡ƒãˆãªã„ç‰©ãŒåˆ†é›¢å›°é›£ãªå¤§åž‹å“,NOT_STATED_IN_CITED_SOURCE,,NOT_STATED_IN_CITED_SOURCE,NOT_STATED_IN_CITED_SOURCE,,,TRUE,FALSE,FALSE,,FALSE,,S-M042-01,https://www.daisen.jp/user/filer_public/b1/61/b1611d62-e336-4068-8123-b4ec28cb25f6/gomi-funbetu-tebiki-kaiteiban.pdf,æ‰‹å¼•ãp14 æ··åˆç²—å¤§ã”ã¿,2026-08-19,REFERENCE_ONLY,CURRENT,,
M042,C-M042-14,å°åž‹å®¶é›»,å°åž‹å®¶é›»,,PRIMARY,14,DROP_OFF,å›žåŽå¯¾è±¡ã®å°åž‹å®¶é›»ãƒ»é›»æ± ã‚’å¤–ã›ãªã„å……é›»å¼è£½å“,NOT_STATED_IN_CITED_SOURCE,,NOT_STATED_IN_CITED_SOURCE,å–ã‚Šå¤–ã›ã‚‹é›»æ± ãƒ»ãƒãƒƒãƒ†ãƒªãƒ¼ã¯å¤–ã™,,,FALSE,FALSE,FALSE,,FALSE,,S-M042-01,https://www.daisen.jp/user/filer_public/b1/61/b1611d62-e336-4068-8123-b4ec28cb25f6/gomi-funbetu-tebiki-kaiteiban.pdf,æ‰‹å¼•ãp15 å°åž‹å®¶é›»,2026-08-19,REFERENCE_ONLY,CURRENT,,
M042,C-M042-15,åŽé›†ãƒ»å‡¦ç†ã§ããªã„ã”ã¿,åŽé›†ãƒ»å‡¦ç†ã§ããªã„ã”ã¿,,EXCLUDED,15,NOT_COLLECTED,å®¶é›»4å“ç›®ãƒ»å±é™ºæœ‰å®³ç‰©ãƒ»å‡¦ç†å›°é›£ç‰©ç­‰,NOT_STATED_IN_CITED_SOURCE,,è²©å£²åº—ãƒ»ãƒ¡ãƒ¼ã‚«ãƒ¼ãƒ»å°‚é–€æ¥­è€…ç­‰ã®å…¬å¼æ¡ˆå†…ã«å¾“ã†,å—å…¥å…ˆã®æŒ‡ç¤ºã«å¾“ã†,,,FALSE,FALSE,FALSE,,TRUE,,S-M042-01,https://www.daisen.jp/user/filer_public/b1/61/b1611d62-e336-4068-8123-b4ec28cb25f6/gomi-funbetu-tebiki-kaiteiban.pdf,æ‰‹å¼•ãp17 åŽé›†ãƒ»å‡¦ç†ã§ããªã„ã”ã¿,2026-08-19,EXCLUDED_NOTICE,CURRENT,,
M043,C-M043-01,å¯ç‡ƒã”ã¿,å¯ç‡ƒã”ã¿,,PRIMARY,1,CURBSIDE,ç”Ÿã”ã¿ãƒ»ç´™ããšç­‰,NOT_STATED_IN_CITED_SOURCE,,NOT_STATED_IN_CITED_SOURCE,ç”Ÿã”ã¿ã¯æ°´åˆ‡ã‚Š,,,FALSE,FALSE,FALSE,,FALSE,,S-M043-01,https://www.town.nanbu.tottori.jp/admin/chouminseikatsuka/gomi1/g141/,å®¶åº­ã”ã¿åˆ†åˆ¥ï¼å¯ç‡ƒã”ã¿,2026-08-19,SORT_BUCKET,CURRENT,,
M043,C-M043-02,ä¸ç‡ƒã”ã¿,ä¸ç‡ƒã”ã¿,,PRIMARY,2,CURBSIDE,é‡‘å±žãƒ»é™¶ç£å™¨ãƒ»ã‚¬ãƒ©ã‚¹ãƒ»å°åž‹å®¶é›»ç­‰,NOT_STATED_IN_CITED_SOURCE,,NOT_STATED_IN_CITED_SOURCE,NOT_STATED_IN_CITED_SOURCE,,,FALSE,FALSE,FALSE,,FALSE,,S-M043-01,https://www.town.nanbu.tottori.jp/admin/chouminseikatsuka/gomi1/g141/,å®¶åº­ã”ã¿åˆ†åˆ¥ï¼ä¸ç‡ƒã”ã¿,2026-08-19,SORT_BUCKET,CURRENT,,
M043,C-M043-03,ä¸ç‡ƒç²—å¤§ã”ã¿,ä¸ç‡ƒç²—å¤§ã”ã¿,,PRIMARY,3,CURBSIDE,ã‚¹ãƒˆãƒ¼ãƒ–ãƒ»è‡ªè»¢è»Šç­‰ã®å¤§åž‹ä¸ç‡ƒç‰©,NOT_STATED_IN_CITED_SOURCE,,NOT_STATED_IN_CITED_SOURCE,NOT_STATED_IN_CITED_SOURCE,,,TRUE,FALSE,FALSE,,FALSE,,S-M043-01,https://www.town.nanbu.tottori.jp/admin/chouminseikatsuka/gomi1/g141/,å®¶åº­ã”ã¿åˆ†åˆ¥ï¼ä¸ç‡ƒç²—å¤§ã”ã¿,2026-08-19,SORT_BUCKET,CURRENT,,
M043,C-M043-04,å¤ç´™é¡ž,å¤ç´™é¡ž,,PRIMARY,4,CURBSIDE,æ–°èžãƒ»æ®µãƒœãƒ¼ãƒ«ãƒ»ç´™ãƒ‘ãƒƒã‚¯ãƒ»é›‘èªŒç­‰,NOT_STATED_IN_CITED_SOURCE,,NOT_STATED_IN_CITED_SOURCE,ç¨®é¡žåˆ¥ã«ã¾ã¨ã‚ã‚‹,,,FALSE,FALSE,FALSE,,FALSE,,S-M043-01,https://www.town.nanbu.tottori.jp/admin/chouminseikatsuka/gomi1/g141/,å®¶åº­ã”ã¿åˆ†åˆ¥ï¼å¤ç´™é¡ž,2026-08-19,SORT_BUCKET,CURRENT,,
M043,C-M043-05,å°é›‘ç´™,å°é›‘ç´™,,PRIMARY,5,CURBSIDE,å°åž‹ã®é›‘ãŒã¿,NOT_STATED_IN_CITED_SOURCE,,NOT_STATED_IN_CITED_SOURCE,æŒ‡å®šæ–¹æ³•ã§ã¾ã¨ã‚ã‚‹,,,FALSE,FALSE,FALSE,,FALSE,,S-M043-01,https://www.town.nanbu.tottori.jp/admin/chouminseikatsuka/gomi1/g141/,å®¶åº­ã”ã¿åˆ†åˆ¥ï¼å°é›‘ç´™,2026-08-19,SORT_BUCKET,CURRENT,,
M043,C-M043-06,ãƒ“ãƒ³ãƒ»ç¼¶é¡ž,ãƒ“ãƒ³ãƒ»ç¼¶é¡ž,,PRIMARY,6,CURBSIDE,é£²é£Ÿç”¨ã³ã‚“ãƒ»ç¼¶,NOT_STATED_IN_CITED_SOURCE,,NOT_STATED_IN_CITED_SOURCE,ä¸­ã‚’ã™ã™ã,,,FALSE,FALSE,FALSE,,FALSE,,S-M043-01,https://www.town.nanbu.tottori.jp/admin/chouminseikatsuka/gomi1/g141/,å®¶åº­ã”ã¿åˆ†åˆ¥ï¼ãƒ“ãƒ³ãƒ»ç¼¶é¡ž,2026-08-19,SORT_BUCKET,CURRENT,,
M043,C-M043-07,å†åˆ©ç”¨ãƒ“ãƒ³,å†åˆ©ç”¨ãƒ“ãƒ³,,PRIMARY,7,CURBSIDE,å¤§æ‰‹4ç¤¾ç­‰ã®å†åˆ©ç”¨å¯èƒ½ã³ã‚“,NOT_STATED_IN_CITED_SOURCE,,NOT_STATED_IN_CITED_SOURCE,NOT_STATED_IN_CITED_SOURCE,,,FALSE,FALSE,FALSE,,FALSE,,S-M043-01,https://www.town.nanbu.tottori.jp/admin/chouminseikatsuka/gomi1/g141/,å®¶åº­ã”ã¿åˆ†åˆ¥ï¼å†åˆ©ç”¨ãƒ“ãƒ³,2026-08-19,SORT_BUCKET,CURRENT,,
M043,C-M043-08,è»Ÿè³ªãƒ—ãƒ©ã‚¹ãƒãƒƒã‚¯é¡ž,è»Ÿè³ªãƒ—ãƒ©ã‚¹ãƒãƒƒã‚¯é¡ž,,PRIMARY,8,CURBSIDE,ç™ºæ³¡ã‚¹ãƒãƒ­ãƒ¼ãƒ«ãƒ»è»Ÿè³ªãƒ—ãƒ©ã‚¹ãƒãƒƒã‚¯ãƒ»å¸ƒå›£åº­æœ¨ç­‰ã®æŒ‡å®šå“,NOT_STATED_IN_CITED_SOURCE,,NOT_STATED_IN_CITED_SOURCE,NOT_STATED_IN_CITED_SOURCE,,,FALSE,FALSE,FALSE,,FALSE,,S-M043-01,https://www.town.nanbu.tottori.jp/admin/chouminseikatsuka/gomi1/g141/,å®¶åº­ã”ã¿åˆ†åˆ¥ï¼è»Ÿè³ªãƒ—ãƒ©ã‚¹ãƒãƒƒã‚¯é¡ž,2026-08-19,SORT_BUCKET,CURRENT,,
M043,C-M043-09,ãƒšãƒƒãƒˆãƒœãƒˆãƒ«,ãƒšãƒƒãƒˆãƒœãƒˆãƒ«,,PRIMARY,9,CURBSIDE,PETãƒžãƒ¼ã‚¯ã®ãƒœãƒˆãƒ«,NOT_STATED_IN_CITED_SOURCE,,NOT_STATED_IN_CITED_SOURCE,ã‚­ãƒ£ãƒƒãƒ—ã¨ãƒ©ãƒ™ãƒ«ã‚’å¤–ã—ä¸­ã‚’ã™ã™ã,,,FALSE,FALSE,FALSE,,FALSE,,S-M043-01,https://www.town.nanbu.tottori.jp/admin/chouminseikatsuka/gomi1/g141/,å®¶åº­ã”ã¿åˆ†åˆ¥ï¼ãƒšãƒƒãƒˆãƒœãƒˆãƒ«,2026-08-19,SORT_BUCKET,CURRENT,,
M043,C-M043-10,é›»æ± ,é›»æ± ,,PRIMARY,10,CURBSIDE,ãƒžãƒ³ã‚¬ãƒ³ãƒ»ã‚¢ãƒ«ã‚«ãƒªé›»æ± ç­‰,NOT_STATED_IN_CITED_SOURCE,,NOT_STATED_IN_CITED_SOURCE,ç«¯å­ã‚’çµ¶ç¸,,,FALSE,FALSE,FALSE,,FALSE,,S-M043-01,https://www.town.nanbu.tottori.jp/admin/chouminseikatsuka/gomi1/g141/,å®¶åº­ã”ã¿åˆ†åˆ¥ï¼é›»æ± ,2026-08-19,SORT_BUCKET,CURRENT,,
M043,C-M043-11,è›å…‰ç®¡,è›å…‰ç®¡,,PRIMARY,11,CURBSIDE,è›å…‰ç®¡,NOT_STATED_IN_CITED_SOURCE,,NOT_STATED_IN_CITED_SOURCE,ç ´æã—ãªã„ã‚ˆã†ä¿è­·,,,FALSE,FALSE,FALSE,,FALSE,,S-M043-01,https://www.town.nanbu.tottori.jp/admin/chouminseikatsuka/gomi1/g141/,å®¶åº­ã”ã¿åˆ†åˆ¥ï¼è›å…‰ç®¡,2026-08-19,SORT_BUCKET,CURRENT,,
M043,C-M043-12,æœ¨è³ªé¡ž,æœ¨è³ªé¡ž,,PRIMARY,12,CURBSIDE,ç”ºæŒ‡å®šã®æœ¨è³ªé¡ž,NOT_STATED_IN_CITED_SOURCE,,NOT_STATED_IN_CITED_SOURCE,NOT_STATED_IN_CITED_SOURCE,,,FALSE,FALSE,FALSE,,FALSE,,S-M043-01,https://www.town.nanbu.tottori.jp/admin/chouminseikatsuka/gomi1/g141/,å®¶åº­ã”ã¿åˆ†åˆ¥ï¼æœ¨è³ªé¡ž,2026-08-19,SORT_BUCKET,CURRENT,,
M043,C-M043-13,å¸ƒé¡ž,å¸ƒé¡ž,,PRIMARY,13,CURBSIDE,è¡£é¡žãƒ»å¤å¸ƒç­‰,NOT_STATED_IN_CITED_SOURCE,,NOT_STATED_IN_CITED_SOURCE,æ´—ã£ã¦ä¹¾ã‹ã™,,,FALSE,FALSE,FALSE,,FALSE,,S-M043-01,https://www.town.nanbu.tottori.jp/admin/chouminseikatsuka/gomi1/g141/,å®¶åº­ã”ã¿åˆ†åˆ¥ï¼å¸ƒé¡ž,2026-08-19,SORT_BUCKET,CURRENT,,
M043,C-M043-14,ä½¿ç”¨æ¸ˆã¿å°åž‹å®¶é›»,ä½¿ç”¨æ¸ˆã¿å°åž‹å®¶é›»,,PRIMARY,14,DROP_OFF,å›žåŽå¯¾è±¡ã®ä½¿ç”¨æ¸ˆã¿å°åž‹å®¶é›»,NOT_STATED_IN_CITED_SOURCE,,NOT_STATED_IN_CITED_SOURCE,å€‹äººæƒ…å ±ã‚’æ¶ˆåŽ»ã—é›»æ± ã‚’å¤–ã™,,,FALSE,FALSE,FALSE,,FALSE,,S-M043-01,https://www.town.nanbu.tottori.jp/admin/chouminseikatsuka/gomi1/g141/,å®¶åº­ã”ã¿åˆ†åˆ¥ï¼å°åž‹å®¶é›»ãƒªã‚µã‚¤ã‚¯ãƒ«,2026-08-19,REFERENCE_ONLY,CURRENT,,
M043,C-M043-15,åŽé›†ã—ãªã„ã‚‚ã®,åŽé›†ã—ãªã„ã‚‚ã®,,EXCLUDED,15,NOT_COLLECTED,å®¶é›»4å“ç›®ãƒ»å‡¦ç†å›°é›£ç‰©ç­‰,NOT_STATED_IN_CITED_SOURCE,,è²©å£²åº—ãƒ»ãƒ¡ãƒ¼ã‚«ãƒ¼ãƒ»å°‚é–€æ¥­è€…ç­‰ã®å…¬å¼æ¡ˆå†…ã«å¾“ã†,å—å…¥å…ˆã®æŒ‡ç¤ºã«å¾“ã†,,,FALSE,FALSE,FALSE,,TRUE,,S-M043-01,https://www.town.nanbu.tottori.jp/admin/chouminseikatsuka/gomi1/g141/,å®¶åº­ã”ã¿åˆ†åˆ¥ï¼åŽé›†ã—ãªã„ã‚‚ã®,2026-08-19,EXCLUDED_NOTICE,CURRENT,,
M044,C-M044-01,å¯ç‡ƒã”ã¿,å¯ç‡ƒã”ã¿,,PRIMARY,1,CURBSIDE,ç”Ÿã”ã¿ãƒ»ç´™ããšãƒ»å¯ç‡ƒæ€§ã®å®¶åº­ã”ã¿,NOT_STATED_IN_CITED_SOURCE,,NOT_STATED_IN_CITED_SOURCE,ç”Ÿã”ã¿ã¯æ°´åˆ‡ã‚Š,ç”ºæŒ‡å®šè¢‹,,FALSE,FALSE,FALSE,,FALSE,,S-M044-01,https://www.houki-town.jp/new1/10/12/gomi/6/c935/,å†Šå­ï¼å¯ç‡ƒã”ã¿,2026-08-19,SORT_BUCKET,CURRENT,,
M044,C-M044-02,ä¸ç‡ƒã”ã¿,ä¸ç‡ƒã”ã¿,,PRIMARY,2,CURBSIDE,é‡‘å±žãƒ»é™¶ç£å™¨ãƒ»ã‚¬ãƒ©ã‚¹ãƒ»ç¡¬è³ªãƒ—ãƒ©ã‚¹ãƒãƒƒã‚¯ç­‰,NOT_STATED_IN_CITED_SOURCE,,NOT_STATED_IN_CITED_SOURCE,å‰²ã‚Œç‰©ãƒ»åˆƒç‰©ã¯å±é™ºé˜²æ­¢,,,FALSE,FALSE,FALSE,,FALSE,,S-M044-01,https://www.houki-town.jp/new1/10/12/gomi/6/c935/,å†Šå­ï¼ä¸ç‡ƒã”ã¿,2026-08-19,SORT_BUCKET,CURRENT,,
M044,C-M044-03,ä¸ç‡ƒç²—å¤§ã”ã¿,ä¸ç‡ƒç²—å¤§ã”ã¿,,PRIMARY,3,CURBSIDE,æŒ‡å®šè¢‹ã«å…¥ã‚‰ãªã„å¤§åž‹ä¸ç‡ƒç‰©,NOT_STATED_IN_CITED_SOURCE,,NOT_STATED_IN_CITED_SOURCE,NOT_STATED_IN_CITED_SOURCE,,,TRUE,FALSE,FALSE,,FALSE,,S-M044-01,https://www.houki-town.jp/new1/10/12/gomi/6/c935/,å†Šå­ï¼ä¸ç‡ƒç²—å¤§ã”ã¿,2026-08-19,SORT_BUCKET,CURRENT,,
M044,C-M044-04,ç¼¶ãƒ»ãƒ“ãƒ³,ç¼¶ãƒ»ãƒ“ãƒ³,,PRIMARY,4,CURBSIDE,é£²é£Ÿç”¨ç¼¶ãƒ»ã³ã‚“,NOT_STATED_IN_CITED_SOURCE,,NOT_STATED_IN_CITED_SOURCE,ä¸­èº«ã‚’ç©ºã«ã—ã¦æ´—ã†,,,FALSE,FALSE,FALSE,,FALSE,,S-M044-01,https://www.houki-town.jp/new1/10/12/gomi/6/c935/,å†Šå­ï¼è³‡æºã”ã¿ï¼ˆç¼¶ãƒ»ãƒ“ãƒ³ï¼‰,2026-08-19,SORT_BUCKET,CURRENT,,
M044,C-M044-05,å†ç”Ÿåˆ©ç”¨ãƒ“ãƒ³,å†ç”Ÿåˆ©ç”¨ãƒ“ãƒ³,,PRIMARY,5,CURBSIDE,å†ä½¿ç”¨ã§ãã‚‹æŒ‡å®šã³ã‚“,NOT_STATED_IN_CITED_SOURCE,,NOT_STATED_IN_CITED_SOURCE,NOT_STATED_IN_CITED_SOURCE,,,FALSE,FALSE,FALSE,,FALSE,,S-M044-01,https://www.houki-town.jp/new1/10/12/gomi/6/c935/,å†Šå­ï¼è³‡æºã”ã¿ï¼ˆå†ç”Ÿåˆ©ç”¨ãƒ“ãƒ³ï¼‰,2026-08-19,SORT_BUCKET,CURRENT,,
M044,C-M044-06,å¤ç´™é¡ž,å¤ç´™é¡ž,,PRIMARY,6,CURBSIDE,æ–°èžãƒ»é›‘èªŒãƒ»æ®µãƒœãƒ¼ãƒ«ãƒ»ç´™ãƒ‘ãƒƒã‚¯ç­‰,NOT_STATED_IN_CITED_SOURCE,,NOT_STATED_IN_CITED_SOURCE,ç¨®é¡žåˆ¥ã«ã¾ã¨ã‚ã‚‹,,,FALSE,FALSE,FALSE,,FALSE,,S-M044-01,https://www.houki-town.jp/new1/10/12/gomi/6/c935/,å†Šå­ï¼è³‡æºã”ã¿ï¼ˆå¤ç´™é¡žï¼‰,2026-08-19,SORT_BUCKET,CURRENT,,
M044,C-M044-07,ç™ºæ³¡ã‚¹ãƒãƒ­ãƒ¼ãƒ«ãƒ»è»Ÿè³ªãƒ—ãƒ©ã‚¹ãƒãƒƒã‚¯,ç™ºæ³¡ã‚¹ãƒãƒ­ãƒ¼ãƒ«ãƒ»è»Ÿè³ªãƒ—ãƒ©ã‚¹ãƒãƒƒã‚¯,,PRIMARY,7,CURBSIDE,ç™ºæ³¡ã‚¹ãƒãƒ­ãƒ¼ãƒ«ãƒ»è»Ÿè³ªãƒ—ãƒ©ã‚¹ãƒãƒƒã‚¯é¡ž,NOT_STATED_IN_CITED_SOURCE,,NOT_STATED_IN_CITED_SOURCE,æ±šã‚Œã‚’è½ã¨ã™,,,FALSE,FALSE,FALSE,,FALSE,,S-M044-01,https://www.houki-town.jp/new1/10/12/gomi/6/c935/,å†Šå­ï¼è³‡æºã”ã¿ï¼ˆç™ºæ³¡ã‚¹ãƒãƒ­ãƒ¼ãƒ«ãƒ»è»Ÿè³ªãƒ—ãƒ©ã‚¹ãƒãƒƒã‚¯ï¼‰,2026-08-19,SORT_BUCKET,CURRENT,,
M044,C-M044-08,ãƒšãƒƒãƒˆãƒœãƒˆãƒ«,ãƒšãƒƒãƒˆãƒœãƒˆãƒ«,,PRIMARY,8,CURBSIDE,PETãƒžãƒ¼ã‚¯ã®ãƒœãƒˆãƒ«,NOT_STATED_IN_CITED_SOURCE,,NOT_STATED_IN_CITED_SOURCE,ã‚­ãƒ£ãƒƒãƒ—ã¨ãƒ©ãƒ™ãƒ«ã‚’å¤–ã—ä¸­ã‚’ã™ã™ã,,,FALSE,FALSE,FALSE,,FALSE,,S-M044-01,https://www.houki-town.jp/new1/10/12/gomi/6/c935/,å†Šå­ï¼è³‡æºã”ã¿ï¼ˆãƒšãƒƒãƒˆãƒœãƒˆãƒ«ï¼‰,2026-08-19,SORT_BUCKET,CURRENT,,
M044,C-M044-09,å¸ƒé¡ž,å¸ƒé¡ž,,PRIMARY,9,CURBSIDE,è¡£é¡žãƒ»ã‚¿ã‚ªãƒ«ãƒ»ã‚·ãƒ¼ãƒ„é¡ž,NOT_STATED_IN_CITED_SOURCE,,NOT_STATED_IN_CITED_SOURCE,è¢‹ã®å£ã‚’ã—ã°ã‚‹,å¸ƒé¡žå°‚ç”¨è¢‹ç­‰,,FALSE,FALSE,FALSE,,FALSE,,S-M044-01,https://www.houki-town.jp/new1/10/12/gomi/6/c935/,å†Šå­ï¼å¸ƒé¡ž,2026-08-19,SORT_BUCKET,CURRENT,,
M044,C-M044-10,æœ‰å®³ã”ã¿,æœ‰å®³ã”ã¿,,PRIMARY,10,CURBSIDE,ä¹¾é›»æ± ãƒ»è›å…‰ç®¡ãƒ»æ°´éŠ€è£½å“ç­‰,NOT_STATED_IN_CITED_SOURCE,,NOT_STATED_IN_CITED_SOURCE,é›»æ± ã¯çµ¶ç¸ã—ã€è›å…‰ç®¡ã¯ç ´æé˜²æ­¢,,,FALSE,FALSE,FALSE,,FALSE,,S-M044-01,https://www.houki-town.jp/new1/10/12/gomi/6/c935/,å†Šå­ï¼æœ‰å®³ã”ã¿,2026-08-19,SORT_BUCKET,CURRENT,,
M044,C-M044-11,æ··åˆç²—å¤§ã”ã¿,æ··åˆç²—å¤§ã”ã¿,,PRIMARY,11,DROP_OFF,ç‡ƒãˆã‚‹ç‰©ã¨ç‡ƒãˆãªã„ç‰©ã®æ··åˆå¤§åž‹å“,NOT_STATED_IN_CITED_SOURCE,,NOT_STATED_IN_CITED_SOURCE,NOT_STATED_IN_CITED_SOURCE,,,TRUE,FALSE,FALSE,,FALSE,,S-M044-01,https://www.houki-town.jp/new1/10/12/gomi/6/c935/,å†Šå­ï¼æ··åˆç²—å¤§ã”ã¿,2026-08-19,REFERENCE_ONLY,CURRENT,,
M044,C-M044-12,ç”ºã§åŽé›†ã—ãªã„ã”ã¿,ç”ºã§åŽé›†ã—ãªã„ã”ã¿,,EXCLUDED,12,NOT_COLLECTED,å®¶é›»4å“ç›®ãƒ»å‡¦ç†å›°é›£ç‰©ç­‰,NOT_STATED_IN_CITED_SOURCE,,è²©å£²åº—ãƒ»ãƒ¡ãƒ¼ã‚«ãƒ¼ãƒ»å°‚é–€æ¥­è€…ç­‰ã®å…¬å¼æ¡ˆå†…ã«å¾“ã†,å—å…¥å…ˆã®æŒ‡ç¤ºã«å¾“ã†,,,FALSE,FALSE,FALSE,,TRUE,,S-M044-01,https://www.houki-town.jp/new1/10/12/gomi/6/c935/,å†Šå­ï¼ç”ºã§åŽé›†ã—ãªã„ã”ã¿,2026-08-19,EXCLUDED_NOTICE,CURRENT,,
M045,C-M045-01,å¯ç‡ƒ,å¯ç‡ƒ,,PRIMARY,1,CURBSIDE,ç”Ÿã”ã¿ãƒ»ç´™ãŠã‚€ã¤ãƒ»ã‚´ãƒ çš®é©ãƒ»å¯ç‡ƒç‰©,NOT_STATED_IN_CITED_SOURCE,,NOT_STATED_IN_CITED_SOURCE,ç”Ÿã”ã¿ã¯æ°´åˆ‡ã‚Šã€‚ãƒ—ãƒ©ã‚¹ãƒãƒƒã‚¯è£½å®¹å™¨ã®ãµãŸãƒ»ãƒãƒ³ãƒ—ã¯ä¸ç‡ƒ,å¯ç‡ƒã”ã¿ç”¨æŒ‡å®šè¢‹,,FALSE,FALSE,FALSE,,FALSE,,S-M045-01,https://www.town.nichinan.lg.jp/material/files/group/31/nichinantyou_gomibunbetu202503.pdf,æ—¥å—ç”ºã”ã¿åˆ†åˆ¥è¡¨ï¼å¯ç‡ƒ,2026-08-19,SORT_BUCKET,CURRENT,,
M045,C-M045-02,ä¸ç‡ƒ,ä¸ç‡ƒ,,PRIMARY,2,CURBSIDE,é‡‘å±žããšãƒ»é™¶ç£å™¨ãƒ»ã‚¬ãƒ©ã‚¹ãƒ»ç¡¬è³ªãƒ—ãƒ©ã‚¹ãƒãƒƒã‚¯,NOT_STATED_IN_CITED_SOURCE,,NOT_STATED_IN_CITED_SOURCE,åˆƒç‰©ã¯æ–°èžç´™ã§åŒ…ã‚€ã€‚ã‚¹ãƒ—ãƒ¬ãƒ¼ç¼¶ãƒ»ã‚¬ã‚¹ç¼¶ã¯ä½¿ã„åˆ‡ã‚‹,ä¸ç‡ƒã”ã¿ç”¨æŒ‡å®šè¢‹,,FALSE,FALSE,FALSE,,FALSE,,S-M045-01,https://www.town.nichinan.lg.jp/material/files/group/31/nichinantyou_gomibunbetu202503.pdf,æ—¥å—ç”ºã”ã¿åˆ†åˆ¥è¡¨ï¼ä¸ç‡ƒ,2026-08-19,SORT_BUCKET,CURRENT,,
M045,C-M045-03,ä¸ç‡ƒæ€§ç²—å¤§,ä¸ç‡ƒæ€§ç²—å¤§,,PRIMARY,3,CURBSIDE,60cmä»¥ä¸Šã®ä¸ç‡ƒæ€§ç²—å¤§,NOT_STATED_IN_CITED_SOURCE,,NOT_STATED_IN_CITED_SOURCE,NOT_STATED_IN_CITED_SOURCE,,æ¦‚ã­60cmä»¥ä¸Šã€2mÃ—1mÃ—1mä»¥å†…,TRUE,FALSE,FALSE,,FALSE,,S-M045-01,https://www.town.nichinan.lg.jp/material/files/group/31/nichinantyou_gomibunbetu202503.pdf,æ—¥å—ç”ºã”ã¿åˆ†åˆ¥è¡¨ï¼ä¸ç‡ƒæ€§ç²—å¤§,2026-08-19,SORT_BUCKET,CURRENT,,
M045,C-M045-04,ç¼¶é¡žï¼ˆè³‡æºï¼‰,ç¼¶é¡žï¼ˆè³‡æºï¼‰,,PRIMARY,4,CURBSIDE,é£²é£Ÿç”¨ç¼¶,NOT_STATED_IN_CITED_SOURCE,,NOT_STATED_IN_CITED_SOURCE,ä¸­èº«ã‚’ç©ºã«ã—ã¦æ±šã‚Œã¯ã™ã™ãã€‚ã‚­ãƒ£ãƒƒãƒ—ã¯ä¸ç‡ƒ,è³‡æºã”ã¿ç”¨æŒ‡å®šè¢‹,,FALSE,FALSE,FALSE,,FALSE,,S-M045-01,https://www.town.nichinan.lg.jp/material/files/group/31/nichinantyou_gomibunbetu202503.pdf,æ—¥å—ç”ºã”ã¿åˆ†åˆ¥è¡¨ï¼ç¼¶é¡žï¼ˆè³‡æºï¼‰,2026-08-19,SORT_BUCKET,CURRENT,,
M045,C-M045-05,ãƒ“ãƒ³é¡žï¼ˆè³‡æºï¼‰,ãƒ“ãƒ³é¡žï¼ˆè³‡æºï¼‰,,PRIMARY,5,CURBSIDE,é£²é£Ÿç”¨ãƒ»èª¿å‘³æ–™ç­‰ã®ã³ã‚“,NOT_STATED_IN_CITED_SOURCE,,NOT_STATED_IN_CITED_SOURCE,ä¸­èº«ã‚’ç©ºã«ã—ã¦ã‚ˆãã™ã™ãã€‚ãµãŸã¯ä¸ç‡ƒ,è³‡æºã”ã¿ç”¨æŒ‡å®šè¢‹,,FALSE,FALSE,FALSE,,FALSE,,S-M045-01,https://www.town.nichinan.lg.jp/material/files/group/31/nichinantyou_gomibunbetu202503.pdf,æ—¥å—ç”ºã”ã¿åˆ†åˆ¥è¡¨ï¼ãƒ“ãƒ³é¡žï¼ˆè³‡æºï¼‰,2026-08-19,SORT_BUCKET,CURRENT,,
M045,C-M045-06,ç”Ÿããƒ“ãƒ³ï¼ˆè³‡æºï¼‰,ç”Ÿããƒ“ãƒ³ï¼ˆè³‡æºï¼‰,,PRIMARY,6,CURBSIDE,ãƒ“ãƒ¼ãƒ«ã³ã‚“ãƒ»èŒ¶è‰²ã®ä¸€å‡ã³ã‚“,NOT_STATED_IN_CITED_SOURCE,,NOT_STATED_IN_CITED_SOURCE,ãƒ©ãƒ™ãƒ«ã¯å–ã‚‰ãšæ´—ã£ã¦ãã®ã¾ã¾å‡ºã™,è³‡æºã”ã¿ç”¨æŒ‡å®šè¢‹,,FALSE,FALSE,FALSE,,FALSE,,S-M045-01,https://www.town.nichinan.lg.jp/material/files/group/31/nichinantyou_gomibunbetu202503.pdf,æ—¥å—ç”ºã”ã¿åˆ†åˆ¥è¡¨ï¼ç”Ÿããƒ“ãƒ³ï¼ˆè³‡æºï¼‰,2026-08-19,SORT_BUCKET,CURRENT,,
M045,C-M045-07,ãƒšãƒƒãƒˆãƒœãƒˆãƒ«ï¼ˆè³‡æºï¼‰,ãƒšãƒƒãƒˆãƒœãƒˆãƒ«ï¼ˆè³‡æºï¼‰,,PRIMARY,7,CURBSIDE,PETãƒžãƒ¼ã‚¯ã®ãƒœãƒˆãƒ«,NOT_STATED_IN_CITED_SOURCE,,NOT_STATED_IN_CITED_SOURCE,ä¸­ã‚’æ´—ã†ã€‚æ±šã‚ŒãŒè½ã¡ãªã„ç‰©ã¯å¯ç‡ƒã€‚ã‚­ãƒ£ãƒƒãƒ—ã¯åˆ¥å›žåŽåˆã¯ä¸ç‡ƒ,è³‡æºã”ã¿ç”¨æŒ‡å®šè¢‹,,FALSE,FALSE,FALSE,,FALSE,,S-M045-01,https://www.town.nichinan.lg.jp/material/files/group/31/nichinantyou_gomibunbetu202503.pdf,æ—¥å—ç”ºã”ã¿åˆ†åˆ¥è¡¨ï¼ãƒšãƒƒãƒˆãƒœãƒˆãƒ«ï¼ˆè³‡æºï¼‰,2026-08-19,SORT_BUCKET,CURRENT,,
M045,C-M045-08,ç™ºæ³¡ã‚¹ãƒãƒ­ãƒ¼ãƒ«ï¼ˆè³‡æºï¼‰,ç™ºæ³¡ã‚¹ãƒãƒ­ãƒ¼ãƒ«ï¼ˆè³‡æºï¼‰,,PRIMARY,8,CURBSIDE,ç™ºæ³¡ã‚¹ãƒãƒ­ãƒ¼ãƒ«ãƒ»é£Ÿå“ãƒˆãƒ¬ãƒ¼,NOT_STATED_IN_CITED_SOURCE,,NOT_STATED_IN_CITED_SOURCE,æ±šã‚Œã‚’è½ã¨ã™,è³‡æºã”ã¿ç”¨æŒ‡å®šè¢‹,,FALSE,FALSE,FALSE,,FALSE,,S-M045-01,https://www.town.nichinan.lg.jp/material/files/group/31/nichinantyou_gomibunbetu202503.pdf,æ—¥å—ç”ºã”ã¿åˆ†åˆ¥è¡¨ï¼ç™ºæ³¡ã‚¹ãƒãƒ­ãƒ¼ãƒ«ï¼ˆè³‡æºï¼‰,2026-08-19,SORT_BUCKET,CURRENT,,
M045,C-M045-09,è»Ÿè³ªãƒ—ãƒ©ã‚¹ãƒãƒƒã‚¯ï¼ˆè³‡æºï¼‰,è»Ÿè³ªãƒ—ãƒ©ã‚¹ãƒãƒƒã‚¯ï¼ˆè³‡æºï¼‰,,PRIMARY,9,CURBSIDE,ãƒ¬ã‚¸è¢‹ãƒ»åµãƒ‘ãƒƒã‚¯ãƒ»è±†è…å®¹å™¨ãƒ»è“å­è¢‹ç­‰,NOT_STATED_IN_CITED_SOURCE,,NOT_STATED_IN_CITED_SOURCE,æ±šã‚ŒãŒè½ã¡ãªã„ç‰©ã¯å¯ç‡ƒ,è³‡æºã”ã¿ç”¨æŒ‡å®šè¢‹,,FALSE,FALSE,FALSE,,FALSE,,S-M045-01,https://www.town.nichinan.lg.jp/material/files/group/31/nichinantyou_gomibunbetu202503.pdf,æ—¥å—ç”ºã”ã¿åˆ†åˆ¥è¡¨ï¼è»Ÿè³ªãƒ—ãƒ©ã‚¹ãƒãƒƒã‚¯ï¼ˆè³‡æºï¼‰,2026-08-19,SORT_BUCKET,CURRENT,,
M045,C-M045-10,å¸ƒé¡žï¼ˆè³‡æºï¼‰,å¸ƒé¡žï¼ˆè³‡æºï¼‰,,PRIMARY,10,CURBSIDE,å¸ƒãƒ»è¡£é¡ž,NOT_STATED_IN_CITED_SOURCE,,NOT_STATED_IN_CITED_SOURCE,åœ°åŒºã”ã¨ã®æŒ‡å®šå›žåŽå ´æ‰€ã¸,è³‡æºã”ã¿ç”¨æŒ‡å®šè¢‹,,FALSE,FALSE,FALSE,,FALSE,,S-M045-01,https://www.town.nichinan.lg.jp/material/files/group/31/nichinantyou_gomibunbetu202503.pdf,æ—¥å—ç”ºã”ã¿åˆ†åˆ¥è¡¨ï¼å¸ƒé¡žï¼ˆè³‡æºï¼‰,2026-08-19,SORT_BUCKET,CURRENT,,
M045,C-M045-11,ä¹¾é›»æ± ãƒ»ãƒœã‚¿ãƒ³é›»æ± ,ä¹¾é›»æ± ãƒ»ãƒœã‚¿ãƒ³é›»æ± ,,PRIMARY,11,CURBSIDE,ä¹¾é›»æ± ãƒ»ãƒœã‚¿ãƒ³é›»æ± ,NOT_STATED_IN_CITED_SOURCE,,NOT_STATED_IN_CITED_SOURCE,ä½¿ã„åˆ‡ã‚Šã€ãƒœã‚¿ãƒ³é›»æ± ã¯ãƒ†ãƒ¼ãƒ—ã§åŒ…ã‚€,é€æ˜Žè¢‹,,FALSE,FALSE,FALSE,,FALSE,,S-M045-01,https://www.town.nichinan.lg.jp/material/files/group/31/nichinantyou_gomibunbetu202503.pdf,æ—¥å—ç”ºã”ã¿åˆ†åˆ¥è¡¨ï¼ä¹¾é›»æ± ãƒ»ãƒœã‚¿ãƒ³é›»æ± ,2026-08-19,SORT_BUCKET,CURRENT,,
M045,C-M045-12,è›å…‰ç®¡,è›å…‰ç®¡,,PRIMARY,12,CURBSIDE,è›å…‰ç®¡,NOT_STATED_IN_CITED_SOURCE,,NOT_STATED_IN_CITED_SOURCE,ç ´æã—ãªã„ã‚ˆã†ä¿è­·,é€æ˜Žè¢‹,,FALSE,FALSE,FALSE,,FALSE,,S-M045-01,https://www.town.nichinan.lg.jp/material/files/group/31/nichinantyou_gomibunbetu202503.pdf,æ—¥å—ç”ºã”ã¿åˆ†åˆ¥è¡¨ï¼è›å…‰ç®¡,2026-08-19,SORT_BUCKET,CURRENT,,
M045,C-M045-13,æ°´éŠ€å«æœ‰æ©Ÿå™¨,æ°´éŠ€å«æœ‰æ©Ÿå™¨,,PRIMARY,13,CURBSIDE,æ°´éŠ€ä½“æ¸©è¨ˆãƒ»æ°´éŠ€è¡€åœ§è¨ˆç­‰,NOT_STATED_IN_CITED_SOURCE,,NOT_STATED_IN_CITED_SOURCE,ãƒ‡ã‚¸ã‚¿ãƒ«å¼ã‚’é™¤ãã€ç ´æã—ãªã„ã‚ˆã†ä¿è­·,é€æ˜Žè¢‹,,FALSE,FALSE,FALSE,,FALSE,,S-M045-01,https://www.town.nichinan.lg.jp/material/files/group/31/nichinantyou_gomibunbetu202503.pdf,æ—¥å—ç”ºã”ã¿åˆ†åˆ¥è¡¨ï¼æ°´éŠ€å«æœ‰æ©Ÿå™¨,2026-08-19,SORT_BUCKET,CURRENT,,
M045,C-M045-14,æ–°èž,æ–°èž,,PRIMARY,14,CURBSIDE,æ–°èžãƒ»æŠ˜è¾¼åºƒå‘Š,NOT_STATED_IN_CITED_SOURCE,,NOT_STATED_IN_CITED_SOURCE,å“ç›®ã”ã¨ã«ã²ã‚‚ã§çµæŸ,,,FALSE,FALSE,FALSE,,FALSE,,S-M045-01,https://www.town.nichinan.lg.jp/material/files/group/31/nichinantyou_gomibunbetu202503.pdf,æ—¥å—ç”ºã”ã¿åˆ†åˆ¥è¡¨ï¼æ–°èž,2026-08-19,SORT_BUCKET,CURRENT,,
M045,C-M045-15,ãƒ€ãƒ³ãƒœãƒ¼ãƒ«,ãƒ€ãƒ³ãƒœãƒ¼ãƒ«,,PRIMARY,15,CURBSIDE,æ®µãƒœãƒ¼ãƒ«,NOT_STATED_IN_CITED_SOURCE,,NOT_STATED_IN_CITED_SOURCE,å“ç›®ã”ã¨ã«ã²ã‚‚ã§çµæŸ,,,FALSE,FALSE,FALSE,,FALSE,,S-M045-01,https://www.town.nichinan.lg.jp/material/files/group/31/nichinantyou_gomibunbetu202503.pdf,æ—¥å—ç”ºã”ã¿åˆ†åˆ¥è¡¨ï¼ãƒ€ãƒ³ãƒœãƒ¼ãƒ«,2026-08-19,SORT_BUCKET,CURRENT,,
M045,C-M045-16,é›‘èªŒ,é›‘èªŒ,,PRIMARY,16,CURBSIDE,é›‘èªŒãƒ»æœ¬é¡ž,NOT_STATED_IN_CITED_SOURCE,,NOT_STATED_IN_CITED_SOURCE,å“ç›®ã”ã¨ã«ã²ã‚‚ã§çµæŸ,,,FALSE,FALSE,FALSE,,FALSE,,S-M045-01,https://www.town.nichinan.lg.jp/material/files/group/31/nichinantyou_gomibunbetu202503.pdf,æ—¥å—ç”ºã”ã¿åˆ†åˆ¥è¡¨ï¼é›‘èªŒ,2026-08-19,SORT_BUCKET,CURRENT,,
M045,C-M045-17,ç‰›ä¹³ãƒ‘ãƒƒã‚¯,ç‰›ä¹³ãƒ‘ãƒƒã‚¯,,PRIMARY,17,CURBSIDE,é£²æ–™ç”¨ç´™ãƒ‘ãƒƒã‚¯,NOT_STATED_IN_CITED_SOURCE,,NOT_STATED_IN_CITED_SOURCE,ä¸­ã‚’ã™ã™ãŽã€é–‹ã„ã¦ã²ã‚‚ã§çµæŸ,,,FALSE,FALSE,FALSE,,FALSE,,S-M045-01,https://www.town.nichinan.lg.jp/material/files/group/31/nichinantyou_gomibunbetu202503.pdf,æ—¥å—ç”ºã”ã¿åˆ†åˆ¥è¡¨ï¼ç‰›ä¹³ãƒ‘ãƒƒã‚¯,2026-08-19,SORT_BUCKET,CURRENT,,
M045,C-M045-18,ç´™è£½å®¹å™¨åŒ…è£…,ç´™è£½å®¹å™¨åŒ…è£…,,PRIMARY,18,CURBSIDE,ç´™è£½å®¹å™¨åŒ…è£…,NOT_STATED_IN_CITED_SOURCE,,NOT_STATED_IN_CITED_SOURCE,è‡­ã„ãƒ»æ±šã‚Œã®å¼·ã„ç´™ã¯å¯ç‡ƒ,,,FALSE,FALSE,FALSE,,FALSE,,S-M045-01,https://www.town.nichinan.lg.jp/material/files/group/31/nichinantyou_gomibunbetu202503.pdf,æ—¥å—ç”ºã”ã¿åˆ†åˆ¥è¡¨ï¼ç´™è£½å®¹å™¨åŒ…è£…,2026-08-19,SORT_BUCKET,CURRENT,,
M045,C-M045-19,å°åž‹å®¶é›»ï¼ˆè³‡æºï¼‰,å°åž‹å®¶é›»ï¼ˆè³‡æºï¼‰,,PRIMARY,19,DROP_OFF,æºå¸¯é›»è©±ãƒ»ãƒ‡ã‚¸ã‚«ãƒ¡ãƒ»PCãƒ»é›»å­ãƒ¬ãƒ³ã‚¸ãƒ»ãƒ—ãƒªãƒ³ã‚¿ãƒ¼ç­‰,NOT_STATED_IN_CITED_SOURCE,,NOT_STATED_IN_CITED_SOURCE,é›»æ± ãƒ»ãƒãƒƒãƒ†ãƒªãƒ¼ã‚’å¤–ã—å€‹äººæƒ…å ±ã‚’æ¶ˆåŽ»,,,FALSE,FALSE,FALSE,,FALSE,,S-M045-01,https://www.town.nichinan.lg.jp/material/files/group/31/nichinantyou_gomibunbetu202503.pdf,æ—¥å—ç”ºã”ã¿åˆ†åˆ¥è¡¨ï¼å°åž‹å®¶é›»ï¼ˆè³‡æºï¼‰,2026-08-19,REFERENCE_ONLY,CURRENT,,
M045,C-M045-20,å»ƒé£Ÿæ²¹,å»ƒé£Ÿæ²¹,,PRIMARY,20,DROP_OFF,å®¶åº­ã®æ¤ç‰©æ€§å»ƒé£Ÿæ²¹,NOT_STATED_IN_CITED_SOURCE,,NOT_STATED_IN_CITED_SOURCE,å‹•ç‰©æ²¹è„‚ã‚’æ··ãœãªã„,,,FALSE,FALSE,FALSE,,FALSE,,S-M045-01,https://www.town.nichinan.lg.jp/material/files/group/31/nichinantyou_gomibunbetu202503.pdf,æ—¥å—ç”ºã”ã¿åˆ†åˆ¥è¡¨ï¼å»ƒé£Ÿæ²¹,2026-08-19,REFERENCE_ONLY,CURRENT,,
M045,C-M045-21,ãƒšãƒƒãƒˆãƒœãƒˆãƒ«ã‚­ãƒ£ãƒƒãƒ—,ãƒšãƒƒãƒˆãƒœãƒˆãƒ«ã‚­ãƒ£ãƒƒãƒ—,,PRIMARY,21,DROP_OFF,ãƒšãƒƒãƒˆãƒœãƒˆãƒ«ã®ã‚­ãƒ£ãƒƒãƒ—,NOT_STATED_IN_CITED_SOURCE,,NOT_STATED_IN_CITED_SOURCE,NOT_STATED_IN_CITED_SOURCE,,,FALSE,FALSE,FALSE,,FALSE,,S-M045-01,https://www.town.nichinan.lg.jp/material/files/group/31/nichinantyou_gomibunbetu202503.pdf,æ—¥å—ç”ºã”ã¿åˆ†åˆ¥è¡¨ï¼ãƒšãƒƒãƒˆãƒœãƒˆãƒ«ã‚­ãƒ£ãƒƒãƒ—,2026-08-19,REFERENCE_ONLY,CURRENT,,
M045,C-M045-22,ãƒ“ãƒ‡ã‚ªãƒ†ãƒ¼ãƒ—ãƒ»ã‚«ã‚»ãƒƒãƒˆãƒ†ãƒ¼ãƒ—,ãƒ“ãƒ‡ã‚ªãƒ†ãƒ¼ãƒ—ãƒ»ã‚«ã‚»ãƒƒãƒˆãƒ†ãƒ¼ãƒ—,,PRIMARY,22,DROP_OFF,ãƒ“ãƒ‡ã‚ªãƒ†ãƒ¼ãƒ—ãƒ»ã‚«ã‚»ãƒƒãƒˆãƒ†ãƒ¼ãƒ—,NOT_STATED_IN_CITED_SOURCE,,NOT_STATED_IN_CITED_SOURCE,NOT_STATED_IN_CITED_SOURCE,,,FALSE,FALSE,FALSE,,FALSE,,S-M045-01,https://www.town.nichinan.lg.jp/material/files/group/31/nichinantyou_gomibunbetu202503.pdf,æ—¥å—ç”ºã”ã¿åˆ†åˆ¥è¡¨ï¼ãƒ“ãƒ‡ã‚ªãƒ†ãƒ¼ãƒ—ãƒ»ã‚«ã‚»ãƒƒãƒˆãƒ†ãƒ¼ãƒ—,2026-08-19,REFERENCE_ONLY,CURRENT,,
M045,C-M045-23,ã‚¤ãƒ³ã‚¯ã‚«ãƒ¼ãƒˆãƒªãƒƒã‚¸,ã‚¤ãƒ³ã‚¯ã‚«ãƒ¼ãƒˆãƒªãƒƒã‚¸,,PRIMARY,23,DROP_OFF,ç´”æ­£ã‚¤ãƒ³ã‚¯ã‚«ãƒ¼ãƒˆãƒªãƒƒã‚¸,NOT_STATED_IN_CITED_SOURCE,,NOT_STATED_IN_CITED_SOURCE,NOT_STATED_IN_CITED_SOURCE,,,FALSE,FALSE,FALSE,,FALSE,,S-M045-01,https://www.town.nichinan.lg.jp/material/files/group/31/nichinantyou_gomibunbetu202503.pdf,æ—¥å—ç”ºã”ã¿åˆ†åˆ¥è¡¨ï¼ã‚¤ãƒ³ã‚¯ã‚«ãƒ¼ãƒˆãƒªãƒƒã‚¸,2026-08-19,REFERENCE_ONLY,CURRENT,,
M045,C-M045-24,å°åž‹äºŒæ¬¡å……é›»æ± ,å°åž‹äºŒæ¬¡å……é›»æ± ,,PRIMARY,24,DROP_OFF,å›žåŽå¯¾è±¡ãƒžãƒ¼ã‚¯ä»˜ãå°åž‹å……é›»å¼é›»æ± ,NOT_STATED_IN_CITED_SOURCE,,NOT_STATED_IN_CITED_SOURCE,ç«¯å­ã‚’çµ¶ç¸,,,FALSE,FALSE,FALSE,,FALSE,,S-M045-01,https://www.town.nichinan.lg.jp/material/files/group/31/nichinantyou_gomibunbetu202503.pdf,æ—¥å—ç”ºã”ã¿åˆ†åˆ¥è¡¨ï¼å°åž‹äºŒæ¬¡å……é›»æ± ,2026-08-19,REFERENCE_ONLY,CURRENT,,
M045,C-M045-25,å¯ç‡ƒæ€§ç²—å¤§åŠã³å¤§åž‹ä¸ç‡ƒæ€§ç²—å¤§,å¯ç‡ƒæ€§ç²—å¤§åŠã³å¤§åž‹ä¸ç‡ƒæ€§ç²—å¤§,,PRIMARY,25,DROP_OFF,æœ¨è£½å®¶å…·ãƒ»æ··åˆç²—å¤§ãƒ»å¤§åž‹ä¸ç‡ƒç‰©,NOT_STATED_IN_CITED_SOURCE,,NOT_STATED_IN_CITED_SOURCE,NOT_STATED_IN_CITED_SOURCE,,å¯ç‡ƒç²—å¤§ã¯æ¦‚ã­60cmä»¥ä¸Šã€‚å¤§åž‹ä¸ç‡ƒã¯2mÃ—1mÃ—1mä»¥ä¸Š,TRUE,FALSE,FALSE,,FALSE,,S-M045-01,https://www.town.nichinan.lg.jp/material/files/group/31/nichinantyou_gomibunbetu202503.pdf,æ—¥å—ç”ºã”ã¿åˆ†åˆ¥è¡¨ï¼å¯ç‡ƒæ€§ç²—å¤§åŠã³å¤§åž‹ä¸ç‡ƒæ€§ç²—å¤§,2026-08-19,REFERENCE_ONLY,CURRENT,,
M045,C-M045-26,å®¶é›»4å“ç›®,å®¶é›»4å“ç›®,,PRIMARY,26,DROP_OFF,ãƒ†ãƒ¬ãƒ“ãƒ»ã‚¨ã‚¢ã‚³ãƒ³ãƒ»æ´—æ¿¯æ©Ÿè¡£é¡žä¹¾ç‡¥æ©Ÿãƒ»å†·è”µåº«å†·å‡åº«,NOT_STATED_IN_CITED_SOURCE,,NOT_STATED_IN_CITED_SOURCE,éƒµä¾¿å±€ã§ãƒªã‚µã‚¤ã‚¯ãƒ«åˆ¸ã‚’è³¼å…¥,,,FALSE,FALSE,FALSE,,FALSE,,S-M045-01,https://www.town.nichinan.lg.jp/material/files/group/31/nichinantyou_gomibunbetu202503.pdf,æ—¥å—ç”ºã”ã¿åˆ†åˆ¥è¡¨ï¼å®¶é›»4å“ç›®,2026-08-19,REFERENCE_ONLY,CURRENT,,
M045,C-M045-27,å‡¦ç†å›°é›£ç‰©,å‡¦ç†å›°é›£ç‰©,,EXCLUDED,27,NOT_COLLECTED,ç”£æ¥­å»ƒæ£„ç‰©ãƒ»ã‚¬ãƒ¬ã‚­ãƒ»æ¶ˆç«å™¨ãƒ»ã‚¿ã‚¤ãƒ¤ãƒ»è¾²è–¬ç­‰,NOT_STATED_IN_CITED_SOURCE,,è²©å£²åº—ãƒ»ãƒ¡ãƒ¼ã‚«ãƒ¼ãƒ»å°‚é–€æ¥­è€…ç­‰ã®å…¬å¼æ¡ˆå†…ã«å¾“ã†,å—å…¥å…ˆã®æŒ‡ç¤ºã«å¾“ã†,,,FALSE,FALSE,FALSE,,TRUE,,S-M045-01,https://www.town.nichinan.lg.jp/material/files/group/31/nichinantyou_gomibunbetu202503.pdf,æ—¥å—ç”ºã”ã¿åˆ†åˆ¥è¡¨ï¼å‡¦ç†å›°é›£ç‰©,2026-08-19,EXCLUDED_NOTICE,CURRENT,,
M046,C-M046-01,å¯ç‡ƒ,å¯ç‡ƒ,,PRIMARY,1,CURBSIDE,ç”Ÿã”ã¿ãƒ»ã‚´ãƒ ãƒ»é©è£½å“ç­‰,NOT_STATED_IN_CITED_SOURCE,,NOT_STATED_IN_CITED_SOURCE,ç”Ÿã”ã¿ã¯ååˆ†æ°´åˆ‡ã‚Š,ç”ºæŒ‡å®šè¢‹,,FALSE,FALSE,FALSE,,FALSE,,S-M046-01,https://www.town.hino.tottori.jp/secure/43691/2026karendagetumoku.pdf,ä»¤å’Œ8å¹´åº¦ã”ã¿åŽé›†ã‚«ãƒ¬ãƒ³ãƒ€ãƒ¼ï¼å¯ç‡ƒ,2026-08-19,SORT_BUCKET,CURRENT,,
M046,C-M046-02,ä¸ç‡ƒ,ä¸ç‡ƒ,,PRIMARY,2,CURBSIDE,ç¡¬ã„ãƒ—ãƒ©ã‚¹ãƒãƒƒã‚¯ãƒ»ã‚¬ãƒ©ã‚¹ãƒ»é™¶ç£å™¨ãƒ»é‡‘å±žç­‰,NOT_STATED_IN_CITED_SOURCE,,NOT_STATED_IN_CITED_SOURCE,å±é™ºç‰©ã¯ä¿è­·,,,FALSE,FALSE,FALSE,,FALSE,,S-M046-01,https://www.town.hino.tottori.jp/secure/43691/2026karendagetumoku.pdf,ä»¤å’Œ8å¹´åº¦ã”ã¿åŽé›†ã‚«ãƒ¬ãƒ³ãƒ€ãƒ¼ï¼ä¸ç‡ƒ,2026-08-19,SORT_BUCKET,CURRENT,,
M046,C-M046-03,è³‡æº,è³‡æº,,PRIMARY,3,CURBSIDE,é£²é£Ÿç”¨ã³ã‚“ãƒ»ç¼¶,NOT_STATED_IN_CITED_SOURCE,,NOT_STATED_IN_CITED_SOURCE,æ°´æ´—ã„ã€‚æ±šã‚Œãƒ»ã•ã³ã¯ä¸ç‡ƒã€‚ãµãŸã¯ä¸ç‡ƒ,,,FALSE,FALSE,FALSE,,FALSE,,S-M046-01,https://www.town.hino.tottori.jp/secure/43691/2026karendagetumoku.pdf,ä»¤å’Œ8å¹´åº¦ã”ã¿åŽé›†ã‚«ãƒ¬ãƒ³ãƒ€ãƒ¼ï¼è³‡æº,2026-08-19,SORT_BUCKET,CURRENT,,
M046,C-M046-04,å¤ç´™,å¤ç´™,,PRIMARY,4,CURBSIDE,æ–°èžãƒ»é›‘èªŒãƒ»æ®µãƒœãƒ¼ãƒ«ãƒ»ç´™ãƒ‘ãƒƒã‚¯ç­‰,NOT_STATED_IN_CITED_SOURCE,,NOT_STATED_IN_CITED_SOURCE,ç¨®é¡žåˆ¥ã«ã²ã‚‚ã§ç¸›ã‚Šå¤ç´™ã‚·ãƒ¼ãƒ«ã€‚æ¿¡ã‚‰ã•ãªã„,,,FALSE,FALSE,FALSE,,FALSE,,S-M046-01,https://www.town.hino.tottori.jp/secure/43691/2026karendagetumoku.pdf,ä»¤å’Œ8å¹´åº¦ã”ã¿åŽé›†ã‚«ãƒ¬ãƒ³ãƒ€ãƒ¼ï¼å¤ç´™,2026-08-19,SORT_BUCKET,CURRENT,,
M046,C-M046-05,è»Ÿãƒ—ãƒ©,è»Ÿãƒ—ãƒ©,,PRIMARY,5,CURBSIDE,è»Ÿè³ªãƒ—ãƒ©ã‚¹ãƒãƒƒã‚¯é¡ž,NOT_STATED_IN_CITED_SOURCE,,NOT_STATED_IN_CITED_SOURCE,ç”ºã®æŒ‡å®šæ¡ä»¶ã«å¾“ã†,,,FALSE,FALSE,FALSE,,FALSE,,S-M046-01,https://www.town.hino.tottori.jp/secure/43691/2026karendagetumoku.pdf,ä»¤å’Œ8å¹´åº¦ã”ã¿åŽé›†ã‚«ãƒ¬ãƒ³ãƒ€ãƒ¼ï¼è»Ÿãƒ—ãƒ©,2026-08-19,SORT_BUCKET,CURRENT,,
M046,C-M046-06,ãƒšãƒƒãƒˆãƒœãƒˆãƒ«,ãƒšãƒƒãƒˆãƒœãƒˆãƒ«,,PRIMARY,6,CURBSIDE,PETãƒžãƒ¼ã‚¯ã®ãƒœãƒˆãƒ«,NOT_STATED_IN_CITED_SOURCE,,NOT_STATED_IN_CITED_SOURCE,ãƒ©ãƒ™ãƒ«ã¨ã‚­ãƒ£ãƒƒãƒ—ã‚’å¤–ã—æ°´æ´—ã„ã€‚æ±šã‚ŒãŸæœ¬ä½“ã¯å¯ç‡ƒã€ãƒ©ãƒ™ãƒ«ã¯è»Ÿãƒ—ãƒ©ã€ã‚­ãƒ£ãƒƒãƒ—ã¯ä¸ç‡ƒ,,,FALSE,FALSE,FALSE,,FALSE,,S-M046-01,https://www.town.hino.tottori.jp/secure/43691/2026karendagetumoku.pdf,ä»¤å’Œ8å¹´åº¦ã”ã¿åŽé›†ã‚«ãƒ¬ãƒ³ãƒ€ãƒ¼ï¼ãƒšãƒƒãƒˆãƒœãƒˆãƒ«,2026-08-19,SORT_BUCKET,CURRENT,,
M046,C-M046-07,å¸ƒç•³,å¸ƒç•³,,PRIMARY,7,CURBSIDE,å¸ƒé¡žãƒ»ç•³,NOT_STATED_IN_CITED_SOURCE,,NOT_STATED_IN_CITED_SOURCE,ç”ºã®æŒ‡å®šæ¡ä»¶ã«å¾“ã†,,,FALSE,FALSE,FALSE,,FALSE,,S-M046-01,https://www.town.hino.tottori.jp/secure/43691/2026karendagetumoku.pdf,ä»¤å’Œ8å¹´åº¦ã”ã¿åŽé›†ã‚«ãƒ¬ãƒ³ãƒ€ãƒ¼ï¼å¸ƒç•³,2026-08-19,SORT_BUCKET,CURRENT,,
M046,C-M046-08,å»ƒæ²¹,å»ƒæ²¹,,PRIMARY,8,DROP_OFF,å®¶åº­ã®ä½¿ç”¨æ¸ˆã¿å¤©ã·ã‚‰æ²¹,NOT_STATED_IN_CITED_SOURCE,,NOT_STATED_IN_CITED_SOURCE,äº‹æ¥­æ‰€ãƒ»åº—èˆ—ã®æ²¹ã¯ä¸å¯,,,FALSE,FALSE,FALSE,,FALSE,,S-M046-01,https://www.town.hino.tottori.jp/secure/43691/2026karendagetumoku.pdf,ä»¤å’Œ8å¹´åº¦ã”ã¿åŽé›†ã‚«ãƒ¬ãƒ³ãƒ€ãƒ¼ï¼å»ƒæ²¹,2026-08-19,REFERENCE_ONLY,CURRENT,,
M046,C-M046-09,è›å…‰ç®¡,è›å…‰ç®¡,,PRIMARY,9,CURBSIDE,è›å…‰ç®¡,NOT_STATED_IN_CITED_SOURCE,,NOT_STATED_IN_CITED_SOURCE,ç ´æã—ãªã„ã‚ˆã†ä¿è­·,,,FALSE,FALSE,FALSE,,FALSE,,S-M046-01,https://www.town.hino.tottori.jp/secure/43691/2026karendagetumoku.pdf,ä»¤å’Œ8å¹´åº¦ã”ã¿åŽé›†ã‚«ãƒ¬ãƒ³ãƒ€ãƒ¼ï¼è›å…‰ç®¡,2026-08-19,SORT_BUCKET,CURRENT,,
M046,C-M046-10,é›»æ± ,é›»æ± ,,PRIMARY,10,CURBSIDE,å˜1ï½žå˜4ãƒ»9Vãƒ»ã‚³ã‚¤ãƒ³é›»æ± ç­‰,NOT_STATED_IN_CITED_SOURCE,,NOT_STATED_IN_CITED_SOURCE,ç”ºæŒ‡å®šè¢‹ã€‚å°åž‹å……é›»å¼é›»æ± ç­‰ã¯å½¹å ´ç­‰ã¸,,,FALSE,FALSE,FALSE,,FALSE,,S-M046-01,https://www.town.hino.tottori.jp/secure/43691/2026karendagetumoku.pdf,ä»¤å’Œ8å¹´åº¦ã”ã¿åŽé›†ã‚«ãƒ¬ãƒ³ãƒ€ãƒ¼ï¼é›»æ± ,2026-08-19,SORT_BUCKET,CURRENT,,
M046,C-M046-11,å¯ç‡ƒç²—å¤§,å¯ç‡ƒç²—å¤§,,PRIMARY,11,CURBSIDE,æŒ‡å®šè¢‹ã«å…¥ã‚‰ãªã„å¯ç‡ƒã”ã¿,NOT_STATED_IN_CITED_SOURCE,,NOT_STATED_IN_CITED_SOURCE,NOT_STATED_IN_CITED_SOURCE,,1mÃ—1mÃ—1.8mã¾ã§ã®ç”ºåŸºæº–,TRUE,FALSE,FALSE,,FALSE,,S-M046-01,https://www.town.hino.tottori.jp/secure/43691/2026karendagetumoku.pdf,ä»¤å’Œ8å¹´åº¦ã”ã¿åŽé›†ã‚«ãƒ¬ãƒ³ãƒ€ãƒ¼ï¼å¯ç‡ƒç²—å¤§,2026-08-19,SORT_BUCKET,CURRENT,,
M046,C-M046-12,ä¸ç‡ƒç²—å¤§,ä¸ç‡ƒç²—å¤§,,PRIMARY,12,CURBSIDE,æŒ‡å®šè¢‹ã«å…¥ã‚‰ãªã„ä¸ç‡ƒã”ã¿,NOT_STATED_IN_CITED_SOURCE,,NOT_STATED_IN_CITED_SOURCE,NOT_STATED_IN_CITED_SOURCE,,1mÃ—1mÃ—1.8mã¾ã§ã®ç”ºåŸºæº–,TRUE,FALSE,FALSE,,FALSE,,S-M046-01,https://www.town.hino.tottori.jp/secure/43691/2026karendagetumoku.pdf,ä»¤å’Œ8å¹´åº¦ã”ã¿åŽé›†ã‚«ãƒ¬ãƒ³ãƒ€ãƒ¼ï¼ä¸ç‡ƒç²—å¤§,2026-08-19,SORT_BUCKET,CURRENT,,
M046,C-M046-13,å……é›»å¼å°åž‹å®¶é›»,å……é›»å¼å°åž‹å®¶é›»,,PRIMARY,13,DROP_OFF,ã‚¹ãƒžãƒ¼ãƒˆãƒ•ã‚©ãƒ³ãƒ»ãƒ¢ãƒã‚¤ãƒ«ãƒãƒƒãƒ†ãƒªãƒ¼ç­‰,NOT_STATED_IN_CITED_SOURCE,,NOT_STATED_IN_CITED_SOURCE,å¯ç‡ƒãƒ»ä¸ç‡ƒã«æ··ãœãšå½¹å ´å»ºè¨­æ°´é“èª²åˆã¯é»’å‚æ”¯æ‰€ã¸,,,FALSE,FALSE,FALSE,,FALSE,,S-M046-01,https://www.town.hino.tottori.jp/secure/43691/2026karendagetumoku.pdf,ä»¤å’Œ8å¹´åº¦ã‚«ãƒ¬ãƒ³ãƒ€ãƒ¼ï¼å……é›»å¼å°åž‹å®¶é›»,2026-08-19,REFERENCE_ONLY,CURRENT,,
M047,C-M047-01,å¯ç‡ƒã”ã¿,å¯ç‡ƒã”ã¿,,PRIMARY,1,CURBSIDE,å°æ‰€ã”ã¿ãƒ»æ±šã‚Œã®ã²ã©ã„è»Ÿè³ªãƒ—ãƒ©ãƒ»çš®ã‚´ãƒ ,NOT_STATED_IN_CITED_SOURCE,,NOT_STATED_IN_CITED_SOURCE,ç”Ÿã”ã¿ã¯æ°´åˆ‡ã‚Š,ç”ºæŒ‡å®šå¯ç‡ƒã”ã¿è¢‹,,FALSE,FALSE,FALSE,,FALSE,,S-M047-01,https://www.town-kofu.jp/2/1/4/9/2/,å®¶åº­ã”ã¿åˆ†åˆ¥è¡¨ï¼å¯ç‡ƒã”ã¿,2026-08-19,SORT_BUCKET,CURRENT,,
M047,C-M047-02,å¯ç‡ƒç²—å¤§ã”ã¿,å¯ç‡ƒç²—å¤§ã”ã¿,,PRIMARY,2,CURBSIDE,æœ¨è£½å®¶å…·é¡ž,NOT_STATED_IN_CITED_SOURCE,,NOT_STATED_IN_CITED_SOURCE,NOT_STATED_IN_CITED_SOURCE,,,TRUE,FALSE,FALSE,,FALSE,,S-M047-01,https://www.town-kofu.jp/2/1/4/9/2/,å®¶åº­ã”ã¿åˆ†åˆ¥è¡¨ï¼å¯ç‡ƒç²—å¤§ã”ã¿,2026-08-19,SORT_BUCKET,CURRENT,,
M047,C-M047-03,ä¸ç‡ƒã”ã¿,ä¸ç‡ƒã”ã¿,,PRIMARY,3,CURBSIDE,å°åž‹å®¶é›»ãƒ»é‡‘å±žãƒ»é™¶ç£å™¨ãƒ»ã‚¬ãƒ©ã‚¹ãƒ»ç¡¬è³ªãƒ—ãƒ©ç­‰,NOT_STATED_IN_CITED_SOURCE,,NOT_STATED_IN_CITED_SOURCE,NOT_STATED_IN_CITED_SOURCE,,æ¦‚ã­60cmä»¥å†…,FALSE,FALSE,FALSE,,FALSE,,S-M047-01,https://www.town-kofu.jp/2/1/4/9/2/,å®¶åº­ã”ã¿åˆ†åˆ¥è¡¨ï¼ä¸ç‡ƒã”ã¿,2026-08-19,SORT_BUCKET,CURRENT,,
M047,C-M047-04,ä¸ç‡ƒç²—å¤§ã”ã¿,ä¸ç‡ƒç²—å¤§ã”ã¿,,PRIMARY,4,CURBSIDE,å¤§åž‹ä¸ç‡ƒå®¶åº­ç”¨å“ãƒ»äº‹å‹™æ©Ÿå™¨ç­‰,NOT_STATED_IN_CITED_SOURCE,,NOT_STATED_IN_CITED_SOURCE,NOT_STATED_IN_CITED_SOURCE,,æ¦‚ã­60cmè¶…ã€1mÃ—1mÃ—2mä»¥ä¸‹,TRUE,FALSE,FALSE,,FALSE,,S-M047-01,https://www.town-kofu.jp/2/1/4/9/2/,å®¶åº­ã”ã¿åˆ†åˆ¥è¡¨ï¼ä¸ç‡ƒç²—å¤§ã”ã¿,2026-08-19,SORT_BUCKET,CURRENT,,
M047,C-M047-05,ãƒ“ãƒ³ãƒ»ç¼¶é¡ž,ãƒ“ãƒ³ãƒ»ç¼¶é¡ž,,PRIMARY,5,CURBSIDE,é£²é£Ÿç”¨ã³ã‚“ãƒ»ç¼¶,NOT_STATED_IN_CITED_SOURCE,,NOT_STATED_IN_CITED_SOURCE,ä¸­èº«ã‚’ç©ºã«ã—ã¦æ´—ã†,,,FALSE,FALSE,FALSE,,FALSE,,S-M047-01,https://www.town-kofu.jp/2/1/4/9/2/,å®¶åº­ã”ã¿åˆ†åˆ¥è¡¨ï¼ãƒ“ãƒ³ãƒ»ç¼¶é¡ž,2026-08-19,SORT_BUCKET,CURRENT,,
M047,C-M047-06,ãƒšãƒƒãƒˆãƒœãƒˆãƒ«,ãƒšãƒƒãƒˆãƒœãƒˆãƒ«,,PRIMARY,6,CURBSIDE,é£²æ–™ãƒ»é…’ãƒ»ã—ã‚‡ã†ã‚†ç”¨PET,NOT_STATED_IN_CITED_SOURCE,,NOT_STATED_IN_CITED_SOURCE,ç”ºã®æŒ‡å®šæ–¹æ³•ã§å‡ºã™,,,FALSE,FALSE,FALSE,,FALSE,,S-M047-01,https://www.town-kofu.jp/2/1/4/9/2/,å®¶åº­ã”ã¿åˆ†åˆ¥è¡¨ï¼ãƒšãƒƒãƒˆãƒœãƒˆãƒ«,2026-08-19,SORT_BUCKET,CURRENT,,
M047,C-M047-07,å®¶é›»ãƒªã‚µã‚¤ã‚¯ãƒ«å“,å®¶é›»ãƒªã‚µã‚¤ã‚¯ãƒ«å“,,PRIMARY,7,BOOKED_PICKUP,ãƒ†ãƒ¬ãƒ“ãƒ»ã‚¨ã‚¢ã‚³ãƒ³ãƒ»æ´—æ¿¯æ©Ÿä¹¾ç‡¥æ©Ÿãƒ»å†·è”µåº«å†·å‡åº«,NOT_STATED_IN_CITED_SOURCE,,NOT_STATED_IN_CITED_SOURCE,å¿…è¦ã«å¿œã˜éƒµä¾¿å±€ã§ãƒªã‚µã‚¤ã‚¯ãƒ«åˆ¸ã‚’è³¼å…¥,,,FALSE,FALSE,FALSE,,FALSE,,S-M047-01,https://www.town-kofu.jp/2/1/4/9/2/,å®¶åº­ã”ã¿åˆ†åˆ¥è¡¨ï¼å®¶é›»ãƒªã‚µã‚¤ã‚¯ãƒ«å“,2026-08-19,REFERENCE_ONLY,CURRENT,,
M047,C-M047-08,ç´™ãƒ‘ãƒƒã‚¯,ç´™ãƒ‘ãƒƒã‚¯,,PRIMARY,8,CURBSIDE,500mlä»¥ä¸Šã®ç´™ãƒ‘ãƒƒã‚¯,NOT_STATED_IN_CITED_SOURCE,,NOT_STATED_IN_CITED_SOURCE,ç´™è£½å®¹å™¨åŒ…è£…ç´™ã®æ—¥ã«å‡ºã™,,,FALSE,FALSE,FALSE,,FALSE,,S-M047-01,https://www.town-kofu.jp/2/1/4/9/2/,å®¶åº­ã”ã¿åˆ†åˆ¥è¡¨ï¼ç´™ãƒ‘ãƒƒã‚¯,2026-08-19,SORT_BUCKET,CURRENT,,
M047,C-M047-09,ãƒ€ãƒ³ãƒœãƒ¼ãƒ«,ãƒ€ãƒ³ãƒœãƒ¼ãƒ«,,PRIMARY,9,CURBSIDE,æ®µãƒœãƒ¼ãƒ«,NOT_STATED_IN_CITED_SOURCE,,NOT_STATED_IN_CITED_SOURCE,ã¾ã¨ã‚ã¦å‡ºã™,,,FALSE,FALSE,FALSE,,FALSE,,S-M047-01,https://www.town-kofu.jp/2/1/4/9/2/,å®¶åº­ã”ã¿åˆ†åˆ¥è¡¨ï¼ãƒ€ãƒ³ãƒœãƒ¼ãƒ«,2026-08-19,SORT_BUCKET,CURRENT,,
M047,C-M047-10,ç´™è£½å®¹å™¨åŒ…è£…ç´™,ç´™è£½å®¹å™¨åŒ…è£…ç´™,,PRIMARY,10,CURBSIDE,é£Ÿå“ç©ºç®±ãƒ»ç”Ÿæ´»ç”¨å“ç©ºç®±ãƒ»åŒ…è£…ãƒ»å°ç´™,NOT_STATED_IN_CITED_SOURCE,,NOT_STATED_IN_CITED_SOURCE,ç´™ä»¥å¤–ã‚’å¤–ã™,,,FALSE,FALSE,FALSE,,FALSE,,S-M047-01,https://www.town-kofu.jp/2/1/4/9/2/,å®¶åº­ã”ã¿åˆ†åˆ¥è¡¨ï¼ç´™è£½å®¹å™¨åŒ…è£…ç´™,2026-08-19,SORT_BUCKET,CURRENT,,
M047,C-M047-11,æ–°èžãƒ»ãƒãƒ©ã‚·,æ–°èžãƒ»ãƒãƒ©ã‚·,,PRIMARY,11,CURBSIDE,æ–°èžãƒ»æŠ˜è¾¼åºƒå‘Š,NOT_STATED_IN_CITED_SOURCE,,NOT_STATED_IN_CITED_SOURCE,ã¾ã¨ã‚ã¦å‡ºã™,,,FALSE,FALSE,FALSE,,FALSE,,S-M047-01,https://www.town-kofu.jp/2/1/4/9/2/,å®¶åº­ã”ã¿åˆ†åˆ¥è¡¨ï¼æ–°èžãƒ»ãƒãƒ©ã‚·,2026-08-19,SORT_BUCKET,CURRENT,,
M047,C-M047-12,æœ¬ãƒ»é›‘èªŒ,æœ¬ãƒ»é›‘èªŒ,,PRIMARY,12,CURBSIDE,å¤æœ¬ãƒ»å¤é›‘èªŒ,NOT_STATED_IN_CITED_SOURCE,,NOT_STATED_IN_CITED_SOURCE,ã¾ã¨ã‚ã¦å‡ºã™,,,FALSE,FALSE,FALSE,,FALSE,,S-M047-01,https://www.town-kofu.jp/2/1/4/9/2/,å®¶åº­ã”ã¿åˆ†åˆ¥è¡¨ï¼æœ¬ãƒ»é›‘èªŒ,2026-08-19,SORT_BUCKET,CURRENT,,
M047,C-M047-13,ç™ºæ³¡ã‚¹ãƒãƒ­ãƒ¼ãƒ«è»Ÿè³ªãƒ—ãƒ©ã‚¹ãƒãƒƒã‚¯,ç™ºæ³¡ã‚¹ãƒãƒ­ãƒ¼ãƒ«è»Ÿè³ªãƒ—ãƒ©ã‚¹ãƒãƒƒã‚¯,,PRIMARY,13,CURBSIDE,é£Ÿå“ãƒˆãƒ¬ãƒ¼ãƒ»ç™ºæ³¡å®¹å™¨ãƒ»è²·ç‰©è¢‹ãƒ»åµãƒ‘ãƒƒã‚¯ç­‰,NOT_STATED_IN_CITED_SOURCE,,NOT_STATED_IN_CITED_SOURCE,æ±šã‚Œã‚’è½ã¨ã™,,,FALSE,FALSE,FALSE,,FALSE,,S-M047-01,https://www.town-kofu.jp/2/1/4/9/2/,å®¶åº­ã”ã¿åˆ†åˆ¥è¡¨ï¼ç™ºæ³¡ã‚¹ãƒãƒ­ãƒ¼ãƒ«è»Ÿè³ªãƒ—ãƒ©ã‚¹ãƒãƒƒã‚¯,2026-08-19,SORT_BUCKET,CURRENT,,
M047,C-M047-14,ãƒ“ãƒ‡ã‚ªãƒ»ã‚«ã‚»ãƒƒãƒˆãƒ†ãƒ¼ãƒ—é¡ž,ãƒ“ãƒ‡ã‚ªãƒ»ã‚«ã‚»ãƒƒãƒˆãƒ†ãƒ¼ãƒ—é¡ž,,PRIMARY,14,CURBSIDE,ãƒ“ãƒ‡ã‚ªãƒ†ãƒ¼ãƒ—ãƒ»ã‚«ã‚»ãƒƒãƒˆãƒ†ãƒ¼ãƒ—,NOT_STATED_IN_CITED_SOURCE,,NOT_STATED_IN_CITED_SOURCE,NOT_STATED_IN_CITED_SOURCE,,,FALSE,FALSE,FALSE,,FALSE,,S-M047-01,https://www.town-kofu.jp/2/1/4/9/2/,å®¶åº­ã”ã¿åˆ†åˆ¥è¡¨ï¼ãƒ“ãƒ‡ã‚ªãƒ»ã‚«ã‚»ãƒƒãƒˆãƒ†ãƒ¼ãƒ—é¡ž,2026-08-19,SORT_BUCKET,CURRENT,,
M047,C-M047-15,å¸ƒé¡ž,å¸ƒé¡ž,,PRIMARY,15,CURBSIDE,ã‚¿ã‚ªãƒ«ãƒ»è¡£é¡žãƒ»ã‚·ãƒ¼ãƒ„ãƒ»å¸ƒå›£ç­‰,NOT_STATED_IN_CITED_SOURCE,,NOT_STATED_IN_CITED_SOURCE,NOT_STATED_IN_CITED_SOURCE,,,FALSE,FALSE,FALSE,,FALSE,,S-M047-01,https://www.town-kofu.jp/2/1/4/9/2/,å®¶åº­ã”ã¿åˆ†åˆ¥è¡¨ï¼å¸ƒé¡ž,2026-08-19,SORT_BUCKET,CURRENT,,
M047,C-M047-16,ä¹¾é›»æ± ,ä¹¾é›»æ± ,,PRIMARY,16,CURBSIDE,ä¹¾é›»æ± ,NOT_STATED_IN_CITED_SOURCE,,NOT_STATED_IN_CITED_SOURCE,ç«¯å­ã‚’çµ¶ç¸,,,FALSE,FALSE,FALSE,,FALSE,,S-M047-01,https://www.town-kofu.jp/2/1/4/9/2/,å®¶åº­ã”ã¿åˆ†åˆ¥è¡¨ï¼ä¹¾é›»æ± ,2026-08-19,SORT_BUCKET,CURRENT,,
M047,C-M047-17,å°åž‹å……é›»æ± ,å°åž‹å……é›»æ± ,,PRIMARY,17,CURBSIDE,å°åž‹å……é›»å¼é›»æ± ,NOT_STATED_IN_CITED_SOURCE,,NOT_STATED_IN_CITED_SOURCE,ç«¯å­ã‚’çµ¶ç¸,,,FALSE,FALSE,FALSE,,FALSE,,S-M047-01,https://www.town-kofu.jp/2/1/4/9/2/,å®¶åº­ã”ã¿åˆ†åˆ¥è¡¨ï¼å°åž‹å……é›»æ± ,2026-08-19,SORT_BUCKET,CURRENT,,
M047,C-M047-18,è›å…‰ç®¡ãƒ»æ°´éŠ€ä½“æ¸©è¨ˆ,è›å…‰ç®¡ãƒ»æ°´éŠ€ä½“æ¸©è¨ˆ,,PRIMARY,18,CURBSIDE,è›å…‰ç®¡ãƒ»æ°´éŠ€ä½“æ¸©è¨ˆ,NOT_STATED_IN_CITED_SOURCE,,NOT_STATED_IN_CITED_SOURCE,ç ´æã—ãªã„ã‚ˆã†ä¿è­·,,,FALSE,FALSE,FALSE,,FALSE,,S-M047-01,https://www.town-kofu.jp/2/1/4/9/2/,å®¶åº­ã”ã¿åˆ†åˆ¥è¡¨ï¼è›å…‰ç®¡ãƒ»æ°´éŠ€ä½“æ¸©è¨ˆ,2026-08-19,SORT_BUCKET,CURRENT,,
M047,C-M047-19,å°åž‹å®¶é›»ç­‰,å°åž‹å®¶é›»ç­‰,,PRIMARY,19,DROP_OFF,æºå¸¯é›»è©±ãƒ»ãƒ‡ã‚¸ã‚«ãƒ¡ãƒ»PCãƒ»é›»å­ãƒ¬ãƒ³ã‚¸ç­‰,NOT_STATED_IN_CITED_SOURCE,,NOT_STATED_IN_CITED_SOURCE,å€‹äººæƒ…å ±ã‚’æ¶ˆåŽ»ã—é›»æ± ã‚’å¤–ã™,,,FALSE,FALSE,FALSE,,FALSE,,S-M047-01,https://www.town-kofu.jp/2/1/4/9/2/,å®¶åº­ã”ã¿åˆ†åˆ¥è¡¨ï¼å°åž‹å®¶é›»ç­‰,2026-08-19,REFERENCE_ONLY,CURRENT,,
M047,C-M047-20,åŽé›†ãƒ»å‡¦ç†ã§ããªã„ã”ã¿,åŽé›†ãƒ»å‡¦ç†ã§ããªã„ã”ã¿,,EXCLUDED,20,NOT_COLLECTED,åˆ†åˆ¥ã•ã‚Œã¦ã„ãªã„ã”ã¿ãƒ»ç”£å»ƒãƒ»æ¶ˆç«å™¨ãƒ»ã‚¿ã‚¤ãƒ¤ãƒ»åœŸç ‚ç­‰,NOT_STATED_IN_CITED_SOURCE,,è²©å£²åº—ãƒ»ãƒ¡ãƒ¼ã‚«ãƒ¼ãƒ»å°‚é–€æ¥­è€…ç­‰ã®å…¬å¼æ¡ˆå†…ã«å¾“ã†,å—å…¥å…ˆã®æŒ‡ç¤ºã«å¾“ã†,,,FALSE,FALSE,FALSE,,TRUE,,S-M047-01,https://www.town-kofu.jp/2/1/4/9/2/,å®¶åº­ã”ã¿ã®å‡ºã—æ–¹ï¼åŽé›†ãƒ»å‡¦ç†ã§ããªã„ã”ã¿,2026-08-19,EXCLUDED_NOTICE,CURRENT,,
M048,C-M048-01,ã‚‚ã‚„ã›ã‚‹ã”ã¿,ã‚‚ã‚„ã›ã‚‹ã”ã¿,,PRIMARY,1,CURBSIDE,ç”Ÿã”ã¿ãƒ»ç´™ããšãƒ»è³‡æºåŒ–ã§ããªã„å¯ç‡ƒç‰©,NOT_STATED_IN_CITED_SOURCE,,NOT_STATED_IN_CITED_SOURCE,ç”Ÿã”ã¿ã¯æ°´åˆ‡ã‚Š,å¸‚æŒ‡å®šè¢‹,,FALSE,FALSE,FALSE,,FALSE,,S-M048-01,https://www.city.matsue.lg.jp/kurashi_tetsuzuki/gomi_kankyo_pet/6/2/7883.html,å®¶åº­ã‹ã‚‰å‡ºã‚‹ã”ã¿ï¼ã‚‚ã‚„ã›ã‚‹ã”ã¿,2026-08-19,SORT_BUCKET,CURRENT,,
M048,C-M048-02,é‡‘å±ž,é‡‘å±ž,,PRIMARY,2,CURBSIDE,é‡‘å±žè£½å“ãƒ»å°åž‹é‡‘å±žé¡ž,NOT_STATED_IN_CITED_SOURCE,,NOT_STATED_IN_CITED_SOURCE,NOT_STATED_IN_CITED_SOURCE,å¸‚æŒ‡å®šè¢‹,,FALSE,FALSE,FALSE,,FALSE,,S-M048-01,https://www.city.matsue.lg.jp/kurashi_tetsuzuki/gomi_kankyo_pet/6/2/7883.html,å®¶åº­ã‹ã‚‰å‡ºã‚‹ã”ã¿ï¼é‡‘å±ž,2026-08-19,SORT_BUCKET,CURRENT,,
M048,C-M048-03,å¤ç´™ãƒ»å¤ç€,å¤ç´™ãƒ»å¤ç€,,PRIMARY,3,CURBSIDE,æ–°èžãƒ»é›‘èªŒãƒ»æ®µãƒœãƒ¼ãƒ«ãƒ»å¤ç€ç­‰,NOT_STATED_IN_CITED_SOURCE,,NOT_STATED_IN_CITED_SOURCE,å¤ç´™ã¯ç¨®é¡žåˆ¥ã«ã¾ã¨ã‚ã‚‹,,,FALSE,FALSE,FALSE,,FALSE,,S-M048-01,https://www.city.matsue.lg.jp/kurashi_tetsuzuki/gomi_kankyo_pet/6/2/7883.html,å®¶åº­ã‹ã‚‰å‡ºã‚‹ã”ã¿ï¼è³‡æºï¼å¤ç´™ãƒ»å¤ç€,2026-08-19,SORT_BUCKET,CURRENT,,
M048,C-M048-04,ç´™è£½å®¹å™¨åŒ…è£…,ç´™è£½å®¹å™¨åŒ…è£…,,PRIMARY,4,CURBSIDE,ç´™è£½ã®å®¹å™¨åŒ…è£…,NOT_STATED_IN_CITED_SOURCE,,NOT_STATED_IN_CITED_SOURCE,NOT_STATED_IN_CITED_SOURCE,å¸‚æŒ‡å®šè¢‹,,FALSE,FALSE,FALSE,,FALSE,,S-M048-01,https://www.city.matsue.lg.jp/kurashi_tetsuzuki/gomi_kankyo_pet/6/2/7883.html,å®¶åº­ã‹ã‚‰å‡ºã‚‹ã”ã¿ï¼è³‡æºï¼ç´™è£½å®¹å™¨åŒ…è£…,2026-08-19,SORT_BUCKET,CURRENT,,
M048,C-M048-05,ãƒ—ãƒ©ã‚¹ãƒãƒƒã‚¯è£½å®¹å™¨åŒ…è£…,ãƒ—ãƒ©ã‚¹ãƒãƒƒã‚¯è£½å®¹å™¨åŒ…è£…,,PRIMARY,5,CURBSIDE,ãƒ—ãƒ©ãƒžãƒ¼ã‚¯ã®å®¹å™¨åŒ…è£…,NOT_STATED_IN_CITED_SOURCE,,NOT_STATED_IN_CITED_SOURCE,ä¸­èº«ãƒ»æ±šã‚Œã‚’é™¤ã,å¸‚æŒ‡å®šè¢‹,,FALSE,FALSE,FALSE,,FALSE,,S-M048-01,https://www.city.matsue.lg.jp/kurashi_tetsuzuki/gomi_kankyo_pet/6/2/7883.html,å®¶åº­ã‹ã‚‰å‡ºã‚‹ã”ã¿ï¼è³‡æºï¼ãƒ—ãƒ©ã‚¹ãƒãƒƒã‚¯è£½å®¹å™¨åŒ…è£…,2026-08-19,SORT_BUCKET,CURRENT,,
M048,C-M048-06,ç¼¶ãƒ»ã³ã‚“ãƒ»ãƒšãƒƒãƒˆãƒœãƒˆãƒ«,ç¼¶ãƒ»ã³ã‚“ãƒ»ãƒšãƒƒãƒˆãƒœãƒˆãƒ«,,PRIMARY,6,CURBSIDE,é£²é£Ÿç”¨ç¼¶ãƒ»ã³ã‚“ãƒ»PETãƒœãƒˆãƒ«,NOT_STATED_IN_CITED_SOURCE,,NOT_STATED_IN_CITED_SOURCE,ä¸­èº«ã‚’ç©ºã«ã—ã¦ã™ã™ã,,,FALSE,FALSE,FALSE,,FALSE,,S-M048-01,https://www.city.matsue.lg.jp/kurashi_tetsuzuki/gomi_kankyo_pet/6/2/7883.html,å®¶åº­ã‹ã‚‰å‡ºã‚‹ã”ã¿ï¼è³‡æºï¼ç¼¶ãƒ»ã³ã‚“ãƒ»ãƒšãƒƒãƒˆãƒœãƒˆãƒ«,2026-08-19,SORT_BUCKET,CURRENT,,
M048,C-M048-07,ç²—å¤§ã”ã¿,ç²—å¤§ã”ã¿,,PRIMARY,7,BOOKED_PICKUP,æŒ‡å®šè¢‹ã«å…¥ã‚‰ãªã„å¤§åž‹å®¶åº­ã”ã¿,NOT_STATED_IN_CITED_SOURCE,,NOT_STATED_IN_CITED_SOURCE,NOT_STATED_IN_CITED_SOURCE,,,TRUE,FALSE,FALSE,,FALSE,,S-M048-01,https://www.city.matsue.lg.jp/kurashi_tetsuzuki/gomi_kankyo_pet/6/2/7883.html,å®¶åº­ã‹ã‚‰å‡ºã‚‹ã”ã¿ï¼ç²—å¤§ã”ã¿,2026-08-19,REFERENCE_ONLY,CURRENT,,
M049,C-M049-01,ç‡ƒã‚„ã›ã‚‹ã”ã¿,ç‡ƒã‚„ã›ã‚‹ã”ã¿,,PRIMARY,1,CURBSIDE,ç”Ÿã”ã¿ãƒ»ç´™ããšãƒ»å¸ƒé©ã‚´ãƒ ãƒ»ãƒ—ãƒ©ãƒžãƒ¼ã‚¯ãªã—ãƒ—ãƒ©ç­‰,NOT_STATED_IN_CITED_SOURCE,,NOT_STATED_IN_CITED_SOURCE,ç”Ÿã”ã¿ã¯æ°´åˆ‡ã‚Šã€‚æžæœ¨ã¯æŒ‡å®šå¯¸æ³•ã«ã™ã‚‹,ç·‘è‰²æŒ‡å®šè¢‹,,FALSE,FALSE,FALSE,,FALSE,,S-M049-01,https://www.city.hamada.shimane.jp/www/contents/1001000003096/index.html,ä¸€èˆ¬å®¶åº­ï¼ç‡ƒã‚„ã›ã‚‹ã”ã¿,2026-08-19,SORT_BUCKET,CURRENT,,
M049,C-M049-02,ç‡ƒã‚„ã›ãªã„ã”ã¿,ç‡ƒã‚„ã›ãªã„ã”ã¿,,PRIMARY,2,CURBSIDE,ã‚¬ãƒ©ã‚¹ãƒ»é™¶ç£å™¨ãƒ»é‡‘å±žãƒ»é›»æ°—è£½å“ç­‰,NOT_STATED_IN_CITED_SOURCE,,NOT_STATED_IN_CITED_SOURCE,å‰²ã‚Œç‰©ãƒ»åˆƒç‰©ã¯å±é™ºé˜²æ­¢,é’è‰²æŒ‡å®šè¢‹,,FALSE,FALSE,FALSE,,FALSE,,S-M049-01,https://www.city.hamada.shimane.jp/www/contents/1001000003096/index.html,ä¸€èˆ¬å®¶åº­ï¼ç‡ƒã‚„ã›ãªã„ã”ã¿,2026-08-19,SORT_BUCKET,CURRENT,,
M049,C-M049-03,å±é™ºç‰©ãƒ»æœ‰å®³ç‰©,å±é™ºç‰©ãƒ»æœ‰å®³ç‰©,,PRIMARY,3,CURBSIDE,ãƒ©ã‚¤ã‚¿ãƒ¼ãƒ»ã‚¹ãƒ—ãƒ¬ãƒ¼ç¼¶ãƒ»ã‚¬ã‚¹ç¼¶ãƒ»ä¹¾é›»æ± ãƒ»æ°´éŠ€ä½“æ¸©è¨ˆç­‰,NOT_STATED_IN_CITED_SOURCE,,NOT_STATED_IN_CITED_SOURCE,ãƒ©ã‚¤ã‚¿ãƒ¼ãƒ»ã‚¹ãƒ—ãƒ¬ãƒ¼ç¼¶ç­‰ã¯ä½¿ã„åˆ‡ã‚‹ã€‚ç©´ã‚ã‘ã¯å¿…é ˆã§ãªã„,é€æ˜Žãƒ»åŠé€æ˜Žè¢‹ç­‰,,FALSE,FALSE,FALSE,,FALSE,,S-M049-01,https://www.city.hamada.shimane.jp/www/contents/1001000003096/index.html,ä¸€èˆ¬å®¶åº­ï¼å±é™ºç‰©ãƒ»æœ‰å®³ç‰©,2026-08-19,SORT_BUCKET,CURRENT,,
M049,C-M049-04,ãƒšãƒƒãƒˆãƒœãƒˆãƒ«ãƒ»ãƒ—ãƒ©ã‚¹ãƒãƒƒã‚¯è£½å®¹å™¨åŒ…è£…,ãƒšãƒƒãƒˆãƒœãƒˆãƒ«ãƒ»ãƒ—ãƒ©ã‚¹ãƒãƒƒã‚¯è£½å®¹å™¨åŒ…è£…,,PRIMARY,4,CURBSIDE,PETãƒœãƒˆãƒ«ãƒ»ãƒ—ãƒ©ãƒžãƒ¼ã‚¯å®¹å™¨åŒ…è£…,NOT_STATED_IN_CITED_SOURCE,,NOT_STATED_IN_CITED_SOURCE,è»½ãæ°´æ´—ã„ã€‚PETã¯ã‚­ãƒ£ãƒƒãƒ—ã¨ãƒ©ãƒ™ãƒ«ã‚’å¤–ã—ã8,PRIMARY,7,CURBSIDE,PETãƒžãƒ¼ã‚¯ã®ãƒœãƒˆãƒ«,NOT_STATED_IN_CITED_SOURCE,,NOT_STATED_IN_CITED_S%9}%Q}M=UI°±9=Q}MQQ}%9}%Q}M=UI³ž®¿–¶CŽ
KžÖÛžâ°°±1M±1M±1M°±1M°±Lµ4ÀÔÀ´ÀÄ±¡ÑÑÁÌè¼½ÝÝÜ¹¥Ñä¹¥éÕµ¼¹Í¡¥µ…¹”¹©À½ÝÝÜ½½¹Ñ•¹ÑÌ¼ÄÜÔÄäÐÀÔäÐÀÐÄ½¥¹‘•à¹¡Ñµ°³ŽSŽÿŽ»–"¦†{Žï–›žBŽ»šÖŽ
3¾ò?’öÿžR£šâ#ž¶K–z/’æû¦nïšÆ€°ÈÀÈØ´Àà´Ää±M=IQ}	U-P±UII9P°°)4ÀÔÀ±µ4ÀÔÀ´Àä³’öÿžR£šâ#¢n7–'žº„³’öÿžR£šâ#¢n7–'žº„°±AI%5Id°ä±UI	M%³¢n7–'žº„±9=Q}MQQ}%9}%Q}M=UI°±9=Q}MQQ}%9}%Q}M=UI³ž‚ÓšB7Ž_Ž«ŽŽ
#Ž’þw¢¶Ü°°±1M±1M±1M°±1M°±Lµ4ÀÔÀ´ÀÄ±¡ÑÑÁÌè¼½ÝÝÜ¹¥Ñä¹¥éÕµ¼¹Í¡¥µ…¹”¹©À½ÝÝÜ½½¹Ñ•¹ÑÌ¼ÄÜÔÄäÐÀÔäÐÀÐÄ½¥¹‘•à¹¡Ñµ°³ŽSŽÿŽ»–"¦†{Žï–›žBŽ»šÖŽ
3¾ò?’öÿžR£šâ#¢n7–'žº„°ÈÀÈØ´Àà´Ää±M=IQ}	U-P±UII9P°°)4ÀÔÀ±µ4ÀÔÀ´ÄÀ³–>“žÒd³–>“žÒd°±AI%5Id°ÄÀ±UI	M%³šZÃ¢{Žï¦nG¢ª3Žïšº×ŽsŽóŽ¯ž¶$±9=Q}MQQ}%9}%Q}M=UI°±9=Q}MQQ}%9}%Q}M=UI³ž¢»¦†{–"—Ž¯ŽûŽ£Ž
Ž
,°°±1M±1M±1M°±1M°±Lµ4ÀÔÀ´ÀÄ±¡ÑÑÁÌè¼½ÝÝÜ¹¥Ñä¹¥éÕµ¼¹Í¡¥µ…¹”¹©À½ÝÝÜ½½¹Ñ•¹ÑÌ¼ÄÜÔÄäÐÀÔäÐÀÐÄ½¥¹‘•à¹¡Ñµ°³ŽSŽÿŽ»–"¦†{Žï–›žBŽ»šÖŽ
3¾ò?–>“žÒd°ÈÀÈØ´Àà´Ää±M=IQ}	U-P±UII9P°°)4ÀÔÀ±µ4ÀÔÀ´ÄÄ³–>“žv ³–>“žv °±AI%5Id°ÄÄ±UI	M%³¢†¦†{Žï–>“žv ±9=Q}MQQ}%9}%Q}M=UI°±9=Q}MQQ}%9}%Q}M=UI³šÒ_ŽŽ›’æûŽ/Žd°°±1M±1M±1M°±1M°±Lµ4ÀÔÀ´ÀÄ±¡ÑÑÁÌè¼½ÝÝÜ¹¥Ñä¹¥éÕµ¼¹Í¡¥µ…¹”¹©À½ÝÝÜ½½¹Ñ•¹ÑÌ¼ÄÜÔÄäÐÀÔäÐÀÐÄ½¥¹‘•à¹¡Ñµ°³ŽSŽÿŽ»–"¦†{Žï–›žBŽ»šÖŽ
3¾ò?–>“žv °ÈÀÈØ´Àà´Ää±M=IQ}	U-P±UII9P°°)4ÀÔÀ±µ4ÀÔÀ´ÄÈ³’öÿžR£šâ#–&ËŽ
+ŽÃŽ\³’öÿžR£šâ#–&ËŽ
+ŽÃŽ\°±AI%5Id°ÄÈ±I=A}=³’öÿžR£šâ#Žÿ–&ËŽ
+žºà±9=Q}MQQ}%9}%Q}M=UI°±9=Q}MQQ}%9}%Q}M=UI±9=Q}MQQ}%9}%Q}M=UI°°±1M±1M±1M°±1M°±Lµ4ÀÔÀ´ÀÄ±¡ÑÑÁÌè¼½ÝÝÜ¹¥Ñä¹¥éÕµ¼¹Í¡¥µ…¹”¹©À½ÝÝÜ½½¹Ñ•¹ÑÌ¼ÄÜÔÄäÐÀÔäÐÀÐÄ½¥¹‘•à¹¡Ñµ°³ŽSŽÿŽ»–"¦†{Žï–›žBŽ»šÖŽ
3¾ò?’öÿžR£šâ#–&ËŽ
+ŽÃŽ\°ÈÀÈØ´Àà´Ää±II9}=91d±UII9P°°)4ÀÔÀ±µ4ÀÔÀ´ÄÌ³–î¦ŽžR£šÊä³–î¦ŽžR£šÊä°±AI%5Id°ÄÌ±I=A}=³–ºÛ–ê·Ž»’öÿžR£šâ#Žÿ¦ŽžR£šÊä±9=Q}MQQ}%9}%Q}M=UI°±9=Q}MQQ}%9}%Q}M=UI±9=Q}MQQ}%9}%Q}M=UI°°±1M±1M±1M°±1M°±Lµ4ÀÔÀ´ÀÄ±¡ÑÑÁÌè¼½ÝÝÜ¹¥Ñä¹¥éÕµ¼¹Í¡¥µ…¹”¹©À½ÝÝÜ½½¹Ñ•¹ÑÌ¼ÄÜÔÄäÐÀÔäÐÀÐÄ½¥¹‘•à¹¡Ñµ°³ŽSŽÿŽ»–"¦†{Žï–›žBŽ»šÖŽ
3¾ò?–î¦ŽžR£šÊä°ÈÀÈØ´Àà´Ää±II9}=91d±UII9P°°)4ÀÔÄ±µ4ÀÔÄ´ÀÄ³žŽ
ŽoŽ
/ŽSŽü³žŽ
ŽoŽ
/ŽSŽü°±AI%5Id°Ä±UI	M%³žRŽSŽÿŽïžÒgŽ?ŽkŽïšzwšr£ž¶$±9=Q}MQQ}%9}%Q}M=UI°±9=Q}MQQ}%9}%Q}M=UI³žRŽSŽÿŽ¿šÂÓ–"Ž
+Žšzwšr£Ž¿žnÓ–ú–>#Ž¿–:kŽTÄÁ·’î—’â/Ž¦VßŽTÅ·’î—’â,³š2–ºk¢Š,°±1M±1M±1M°±1M°±Lµ4ÀÔÄ´ÀÄ±¡ÑÑÁÌè¼½ÝÝÜ¹¥Ñä¹µ…ÍÕ‘„¹±œ¹©À½Í½Í¡¥­¥­…É…Í……ÍÔ½™Õ­ÕÍ¡¥­…¹­å½‰Ô½­…¹­å½•¥Í•¥­„¼È¼ÄÄ¼ÈÔÔÐ¹¡Ñµ°³ŽSŽÿŽ»–"–"—–2ë–"Ž£–ëŽ_šZç¾ò?žŽ
ŽoŽ
/ŽSŽü°ÈÀÈØ´Àà´Ää±M=IQ}	U-P±UII9P°°)4ÀÔÄ±µ4ÀÔÄ´ÀÈ³Ž
çŽŽóŽ
ßŽŸŽÏ–>;¦n–nÃ¦nž&¤³Ž
çŽŽóŽ
ßŽŸŽÏ–>;¦n–nÃ¦nž&¤°±AI%5Id°È±	==-}A%-U@³–â–nŽïš¾o–âŽïŽ
¯ŽóŽkŽŽ#ŽïžVÏž¶'Ž»š2–ºk–N±9=Q}MQQ}%9}%Q}M=UI°±9=Q}MQQ}%9}%Q}M=UI³¦nï¢¦Ç’ê#žÒŽ_–›žB–"ãŽ
K¢ÊóŽ
,°°±QIU±1M±1M°±1M°±Lµ4ÀÔÄ´ÀÄ±¡ÑÑÁÌè¼½ÝÝÜ¹¥Ñä¹µ…ÍÕ‘„¹±œ¹©À½Í½Í¡¥­¥­…É…Í……ÍÔ½™Õ­ÕÍ¡¥­…¹­å½‰Ô½­…¹­å½•¥Í•¥­„¼È¼ÄÄ¼ÈÔÔÐ¹¡Ñµ°³žŽ
ŽoŽ
/ŽSŽÿ¾ò?Ž
çŽŽóŽ
ßŽŸŽÏ–>;¦n–nÃ¦nž&¤°ÈÀÈØ´Àà´Ää±II9}=91d±UII9P°°)4ÀÔÄ±µ4ÀÔÄ´ÀÌ³–ºç–f£–2¢ŽŽ_Ž§Ž
çŽŽŽ
¿ŽSŽü³–ºç–f£–2¢ŽŽ_Ž§Ž
çŽŽŽ
¿ŽSŽü°±AI%5Id°Ì±UI	M%³Ž_Ž§Ž{ŽóŽ
¿Ž»–ºç–f£–2¢Ž±9=Q}MQQ}%9}%Q}M=UI°±9=Q}MQQ}%9}%Q}M=UI³’â·¢ê¯ŽïšÆkŽ
3Ž
K¦f“Ž<³š2–ºk¢Š,°±1M±1M±1M°±1M°±Lµ4ÀÔÄ´ÀÄ±¡ÑÑÁÌè¼½ÝÝÜ¹¥Ñä¹µ…ÍÕ‘„¹±œ¹©À½Í½Í¡¥­¥­…É…Í……ÍÔ½™Õ­ÕÍ¡¥­…¹­å½‰Ô½­…¹­å½•¥Í•¥­„¼È¼ÄÄ¼ÈÔÔÐ¹¡Ñµ°³ŽSŽÿŽ»–"–"—–2ë–"Ž£–ëŽ_šZç¾ò?–ºç–f£–2¢ŽŽ_Ž§Ž
çŽŽŽ
¿ŽSŽü°ÈÀÈØ´Àà´Ää±M=IQ}	U-P±UII9P°°)4ÀÔÄ±µ4ÀÔÄ´ÀÐ³–~/Ž
ž®/Ž›Ž
/ŽSŽü³–~/Ž
ž®/Ž›Ž
/ŽSŽü°±AI%5Id°Ð±UI	M%³¦fÛžŽ–f£ŽïŽ
³Ž§Ž
çŽï¢n7–'ž¿ž¶$±9=Q}MQQ}%9}%Q}M=UI°±9=Q}MQQ}%9}%Q}M=UI³¢n7–'ž¿Žï¦fÛžŽ–f£ŽïŽ
³Ž§Ž
çŽ¿ŽŸŽ7Ž
/ŽƒŽG–"—¢Š/ŽŸ–6Ç¦fë¢†£ž’è³š2–ºk¢Š,°±1M±1M±1M°±1M°±Lµ4ÀÔÄ´ÀÄ±¡ÑÑÁÌè¼½ÝÝÜ¹¥Ñä¹µ…ÍÕ‘„¹±œ¹©À½Í½Í¡¥­¥­…É…Í……ÍÔ½™Õ­ÕÍ¡¥­…¹­å½‰Ô½­…¹­å½•¥Í•¥­„¼È¼ÄÄ¼ÈÔÔÐ¹¡Ñµ°³ŽSŽÿŽ»–"–"—–2ë–"Ž£–ëŽ_šZç¾ò?–~/Ž
ž®/Ž›Ž
/ŽSŽü°ÈÀÈØ´Àà´Ää±M=IQ}	U-P±UII9P°°)4ÀÔÄ±µ4ÀÔÄ´ÀÔ³Ž
¯ŽÏ¦†x³Ž
¯ŽÏ¦†x°±AI%5Id°Ô±UI	M%³¦ŽË¦ŽžR£žòÛž¶$±9=Q}MQQ}%9}%Q}M=UI°±9=Q}MQQ}%9}%Q}M=UI³’â·¢ê¯Ž
Kž¦ëŽ¯Ž_Ž›ŽgŽgŽ@³¦?šb;Žï–6+¦?šb;¢Š,°±1M±1M±1M°±1M°±Lµ4ÀÔÄ´ÀÄ±¡ÑÑÁÌè¼½ÝÝÜ¹¥Ñä¹µ…ÍÕ‘„¹±œ¹©À½Í½Í¡¥­¥­…É…Í……ÍÔ½™Õ­ÕÍ¡¥­…¹­å½‰Ô½­…¹­å½•¥Í•¥­„¼È¼ÄÄ¼ÈÔÔÐ¹¡Ñµ°³¢ÎšêC¦†{¾ò?Ž
¯ŽÏ¦†x°ÈÀÈØ´Àà´Ää±M=IQ}	U-P±UII9P°°)4ÀÔÄ±µ4ÀÔÄ´ÀØ³ŽÏŽ
O¦†x³ŽÏŽ
O¦†x°±AI%5Id°Ø±UI	M%³¦ŽË¦ŽžR£ŽÏŽ
L±9=Q}MQQ}%9}%Q}M=UI°±9=Q}MQQ}%9}%Q}M=UI³ž‡¢&ËŽï¢2Û¢&ËŽïŽwŽ»’î[¢&ËŽ¯–"ŽGŽ
,³¦?šb;Žï–6+¦?šb;¢Š,°±1M±1M±1M°±1M°±Lµ4ÀÔÄ´ÀÄ±¡ÑÑÁÌè¼½ÝÝÜ¹¥Ñä¹µ…ÍÕ‘„¹±œ¹©À½Í½Í¡¥­¥­…É…Í……ÍÔ½™Õ­ÕÍ¡¥­…¹­å½‰Ô½­…¹­å½•¥Í•¥­„¼È¼ÄÄ¼ÈÔÔÐ¹¡Ñµ°³¢ÎšêC¦†{¾ò?ŽÏŽ
O¦†x°ÈÀÈØ´Àà´Ää±M=IQ}	U-P±UII9P°°)4ÀÔÄ±µ4ÀÔÄ´ÀÜ³–>“žÒg¦†x³–>“žÒg¦†x°±AI%5Id°Ü±UI	M%³šZÃ¢{Žïšº×ŽsŽóŽ¯Žï¦nGžÒg¦nG¢ª0±9=Q}MQQ}%9}%Q}M=UI°±9=Q}MQQ}%9}%Q}M=UI³šZÃ¢{Žïšº×ŽsŽóŽ¯Žï¦nGžÒg¦nG¢ª3Ž¯–"ŽGŽ›žÒgŽËŽ
ŽŸšvŽ·Ž
,°°±1M±1M±1M°±1M°±Lµ4ÀÔÄ´ÀÄ±¡ÑÑÁÌè¼½ÝÝÜ¹¥Ñä¹µ…ÍÕ‘„¹±œ¹©À½Í½Í¡¥­¥­…É…Í……ÍÔ½™Õ­ÕÍ¡¥­…¹­å½‰Ô½­…¹­å½•¥Í•¥­„¼È¼ÄÄ¼ÈÔÔÐ¹¡Ñµ°³¢ÎšêC¦†{¾ò?–>“žÒg¦†x°ÈÀÈØ´Àà´Ää±M=IQ}	U-P±UII9P°°)4ÀÔÄ±µ4ÀÔÄ´Àà³ŽkŽŽ#ŽsŽ#Ž¬³ŽkŽŽ#ŽsŽ#Ž¬°±AI%5Id°à±UI	M%±ASŽ{ŽóŽ
¿Ž»ŽsŽ#Ž¬±9=Q}MQQ}%9}%Q}M=UI°±9=Q}MQQ}%9}%Q}M=UI³–âŽ»š2–ºkšZçšÎWŽŸ–ëŽd³¦?šb;Žï–6+¦?šb;¢Š,°±1M±1M±1M°±1M°±Lµ4ÀÔÄ´ÀÄ±¡ÑÑÁÌè¼½ÝÝÜ¹¥Ñä¹µ…ÍÕ‘„¹±œ¹©À½Í½Í¡¥­¥­…É…Í……ÍÔ½™Õ­ÕÍ¡¥­…¹­å½‰Ô½­…¹­å½•¥Í•¥­„¼È¼ÄÄ¼ÈÔÔÐ¹¡Ñµ°³¢ÎšêC¦†{¾ò?ŽkŽŽ#ŽsŽ#Ž¬°ÈÀÈØ´Àà´Ää±M=IQ}	U-P±UII9P°°)4ÀÔÄ±µ4ÀÔÄ´Àä³žÒgŽGŽŽ
¼³žÒgŽGŽŽ
¼°±AI%5Id°ä±UI	M%³¦ŽËšZgžR£žÒgŽGŽŽ
¼±9=Q}MQQ}%9}%Q}M=UI°±9=Q}MQQ}%9}%Q}M=UI³ŽËŽ
ŽŸšvŽ·Ž
/ŽšÎ£Ž;–>Ž
·ŽŽŽ_Ž¿–ºç–f£–2¢ŽŽ_Ž¤°°±1M±1M±1M°±1M°±Lµ4ÀÔÄ´ÀÄ±¡ÑÑÁÌè¼½ÝÝÜ¹¥Ñä¹µ…ÍÕ‘„¹±œ¹©À½Í½Í¡¥­¥­…É…Í……ÍÔ½™Õ­ÕÍ¡¥­…¹­å½‰Ô½­…¹­å½•¥Í•¥­„¼È¼ÄÄ¼ÈÔÔÐ¹¡Ñµ°³¢ÎšêC¦†{¾ò?žÒgŽGŽŽ
¼°ÈÀÈØ´Àà´Ää±M=IQ}	U-P±UII9P°°)4ÀÔÄ±µ4ÀÔÄ´ÄÀ³–ºÛ¦nï¢Ž÷–NŽï¦G–Æ{¦†x³–ºÛ¦nï¢Ž÷–NŽï¦G–Æ{¦†x°±AI%5Id°ÄÀ±UI	M%³–ºÛ¦nï¢Ž÷–NŽï¦G–Æ{¦†{Žï–Â?–z/¦G–Æ{Žï–"ž&¤±9=Q}MQQ}%9}%Q}M=UI°±9=Q}MQQ}%9}%Q}M=UI³–"ž&§Ž¿–"Ž
K–2¢ŽŽ_–6Ç¦fë¢†£ž’è³–Â?–z/–NŽ¿¦?šb;Žï–6+¦?šb;¢Š,°±1M±1M±1M°±1M°±Lµ4ÀÔÄ´ÀÄ±¡ÑÑÁÌè¼½ÝÝÜ¹¥Ñä¹µ…ÍÕ‘„¹±œ¹©À½Í½Í¡¥­¥­…É…Í……ÍÔ½™Õ­ÕÍ¡¥­…¹­å½‰Ô½­…¹­å½•¥Í•¥­„¼È¼ÄÄ¼ÈÔÔÐ¹¡Ñµ°³ŽSŽÿŽ»–"–"—–2ë–"Ž£–ëŽ_šZç¾ò?–ºÛ¦nï¢Ž÷–NŽï¦G–Æ{¦†x°ÈÀÈØ´Àà´Ää±M=IQ}	U-P±UII9P°°)4ÀÔÄ±µ4ÀÔÄ´ÄÄ³žfëšÎ‡Ž
çŽŽ·ŽóŽ¯¦†x³žfëšÎ‡Ž
çŽŽ·ŽóŽ¯¦†x°±AI%5Id°ÄÄ±UI	M%³žfëšÎ‡Ž
çŽŽ·ŽóŽ¬±9=Q}MQQ}%9}%Q}M=UI°±9=Q}MQQ}%9}%Q}M=UI³šÆkŽ
3Ž»ž¢/–ê›ŽŸ–"ŽGŽ
/ŽŽËŽ§ŽšÆkŽ
3Ž¿–~/ž®,°°±1M±1M±1M°±1M°±Lµ4ÀÔÄ´ÀÄ±¡ÑÑÁÌè¼½ÝÝÜ¹¥Ñä¹µ…ÍÕ‘„¹±œ¹©À½Í½Í¡¥­¥­…É…Í……ÍÔ½™Õ­ÕÍ¡¥­…¹­å½‰Ô½­…¹­å½•¥Í•¥­„¼È¼ÄÄ¼ÈÔÔÐ¹¡Ñµ°³ŽSŽÿŽ»–"–"—–2ë–"Ž£–ëŽ_šZç¾ò?žfëšÎ‡Ž
çŽŽ·ŽóŽ¯¦†x°ÈÀÈØ´Àà´Ää±M=IQ}	U-P±UII9P°°)4ÀÔÄ±µ4ÀÔÄ´ÄÈ³–î¦ŽžR£šÊä³–î¦ŽžR£šÊä°±AI%5Id°ÄÈ±I=A}=³–ºÛ–ê·Ž»š’7ž&§šŸ–î¦ŽžR£šÊä±9=Q}MQQ}%9}%Q}M=UI°±9=Q}MQQ}%9}%Q}M=UI³š’7ž&§šŸšÊçŽ»ŽÿŽžVÃž&§Ž
KšÞßŽsŽ«Ž°°±1M±1M±1M°±1M°±Lµ4ÀÔÄ´ÀÄ±¡ÑÑÁÌè¼½ÝÝÜ¹¥Ñä¹µ…ÍÕ‘„¹±œ¹©À½Í½Í¡¥­¥­…É…Í……ÍÔ½™Õ­ÕÍ¡¥­…¹­å½‰Ô½­…¹­å½•¥Í•¥­„¼È¼ÄÄ¼ÈÔÔÐ¹¡Ñµ°³ŽSŽÿŽ»–"–"—–2ë–"Ž£–ëŽ_šZç¾ò?–î¦ŽžR£šÊä°ÈÀÈØ´Àà´Ää±II9}=91d±UII9P°°)4ÀÔÄ±µ4ÀÔÄ´ÄÌ³šr£¢Ž÷–ºÛ–Ü³šr£¢Ž÷–ºÛ–Ü°±AI%5Id°ÄÌ±	==-}A%-U@³ŽŽ
OŽgŽïšrëž¶'Ž»šr£¢Ž÷–ºÛ–Ü±9=Q}MQQ}%9}%Q}M=UI°±9=Q}MQQ}%9}%Q}M=UI³¦nï¢¦ÇžRÏ¢úó–>#Ž¿Ž«Ž
×Ž
“Ž
¿Ž¯Ž_Ž§Ž
ÛŽãžnÓš:—šB³–”°°±QIU±1M±1M°±1M°±Lµ4ÀÔÄ´ÀÄ±¡ÑÑÁÌè¼½ÝÝÜ¹¥Ñä¹µ…ÍÕ‘„¹±œ¹©À½Í½Í¡¥­¥­…É…Í……ÍÔ½™Õ­ÕÍ¡¥­…¹­å½‰Ô½­…¹­å½•¥Í•¥­„¼È¼ÄÄ¼ÈÔÔÐ¹¡Ñµ°³ŽSŽÿŽ»–"–"—–2ë–"Ž£–ëŽ_šZç¾ò?šr£¢Ž÷–ºÛ–Ü°ÈÀÈØ´Àà´Ää±II9}=91d±UII9P°°)4ÀÔÈ±µ4ÀÔÈ´ÀÄ³¢ÎšêCž&¥Ž
ÃŽ¯ŽóŽ\³¢ÎšêCž&¥Ž
ÃŽ¯ŽóŽ\°±AI%5Id°Ä±UI	M%³Ž
‹Ž¯ŽžòÛŽïŽ
çŽŽóŽ¯žòÛŽïŽ
³Ž§Ž
çžNØ±9=Q}MQQ}%9}%Q}M=UI°±9=Q}MQQ}%9}%Q}M=UI³’â·¢ê¯Ž
Kž¦ëŽ¯Ž_Ž›ŽgŽgŽ@°°±1M±1M±1M°±1M°±Lµ4ÀÔÈ´ÀÄ±¡ÑÑÁÌè¼½ÝÝÜ¹¥Ñä¹½‘„¹±œ¹©À½½¡‘…}¥Ñä½¥Ñå}½É…¹¥é…Ñ¥½¸¼ÌÌ¼Ìà½½µ¤µÉ¥Í…¥­ÕÉÔ¼ÈÀÈà¼äÐäÔ³ŽSŽÿŽ»–"¦†{Ž£–ëŽ_šZç¾ò?¢ÎšêCž&¥Ž
ÃŽ¯ŽóŽ\°ÈÀÈØ´Àà´Ää±M=IQ}	U-P±UII9P°°)4ÀÔÈ±µ4ÀÔÈ´ÀÈ³¢ÎšêCž&¥Ž
ÃŽ¯ŽóŽ\³¢ÎšêCž&¥Ž
ÃŽ¯ŽóŽ\°±AI%5Id°È±UI	M%³ŽkŽŽ#ŽsŽ#Ž¯Žï–î’æû¦nïšÆƒŽï–¦nï–ò?¦nïšÆƒŽïšÂÓ¦*’öOšâ§¢¢ ±9=Q}MQQ}%9}%Q}M=UI°±9=Q}MQQ}%9}%Q}M=UI³¦nïšÆƒ¦†{Ž¿ž®¿–¶CŽ
KžÖÛžâ°°±1M±1M±1M°±1M°±Lµ4ÀÔÈ´ÀÄ±¡ÑÑÁÌè¼½ÝÝÜ¹¥Ñä¹½‘„¹±œ¹©À½½¡‘…}¥Ñä½¥Ñå}½É…¹¥é…Ñ¥½¸¼ÌÌ¼Ìà½½µ¤µÉ¥Í…¥­ÕÉÔ¼ÈÀÈà¼äÐäÔ³ŽSŽÿŽ»–"¦†{Ž£–ëŽ_šZç¾ò?¢ÎšêCž&¥Ž
ÃŽ¯ŽóŽ\°ÈÀÈØ´Àà´Ää±M=IQ}	U-P±UII9P°°)4ÀÔÈ±µ4ÀÔÈ´ÀÌ³¢ÎšêCž&¥Ž
ÃŽ¯ŽóŽ\³¢ÎšêCž&¥Ž
ÃŽ¯ŽóŽ\°±AI%5Id°Ì±UI	M%³šº×ŽsŽóŽ¯ŽïšZÃ¢{š*c¢úó–ê–F+ŽïŽwŽ»’î[Ž»žÒgŽï–>“–âŽïžÒgŽGŽŽ
¼±9=Q}MQQ}%9}%Q}M=UI°±9=Q}MQQ}%9}%Q}M=UI³žÒg¦†{Ž¿ž¢»¦†{–"—Ž¯ŽûŽ£Ž
Ž
,°°±1M±1M±1M°±1M°±Lµ4ÀÔÈ´ÀÄ±¡ÑÑÁÌè¼½ÝÝÜ¹¥Ñä¹½‘„¹±œ¹©À½½¡‘…}¥Ñä½¥Ñå}½É…¹¥é…Ñ¥½¸¼ÌÌ¼Ìà½½µ¤µÉ¥Í…¥­ÕÉÔ¼ÈÀÈà¼äÐäÔ³ŽSŽÿŽ»–"¦†{Ž£–ëŽ_šZç¾ò?¢ÎšêCž&¥Ž
ÃŽ¯ŽóŽ\°ÈÀÈØ´Àà´Ää±M=IQ}	U-P±UII9P°°)4ÀÔÈ±µ4ÀÔÈ´ÀÐ³Ž_Ž§Ž
çŽŽŽ
¿¢Ž÷–ºç–f£–2¢Ž³Ž_Ž§Ž
çŽŽŽ
¿¢Ž÷–ºç–f£–2¢Ž°±AI%5Id°Ð±UI	M%³Ž_Ž§Ž{ŽóŽ
¿Ž»–ºç–f£–2¢Ž±9=Q}MQQ}%9}%Q}M=UI°±9=Q}MQQ}%9}%Q}M=UI³’â·¢ê¯ŽïšÆkŽ
3Ž
K¦f“Ž<³š2–ºk¢Š,°±1M±1M±1M°±1M°±Lµ4ÀÔÈ´ÀÄ±¡ÑÑÁÌè¼½ÝÝÜ¹¥Ñä¹½‘„¹±œ¹©À½½¡‘…}¥Ñä½¥Ñå}½É…¹¥é…Ñ¥½¸¼ÌÌ¼Ìà½½µ¤µÉ¥Í…¥­ÕÉÔ¼ÈÀÈà¼äÐäÔ³ŽSŽÿŽ»–"¦†{Ž£–ëŽ_šZç¾ò?Ž_Ž§Ž
çŽŽŽ
¿¢Ž÷–ºç–f£–2¢Ž°ÈÀÈØ´Àà´Ää±M=IQ}	U-P±UII9P°°)4ÀÔÈ±µ4ÀÔÈ´ÀÔ³žŽ
ŽoŽ
/ŽSŽü³žŽ
ŽoŽ
/ŽSŽü°±AI%5Id°Ô±UI	M%³žRŽSŽÿŽïžÒgŽ?Žkž¶'Ž»–>¿žž&¤±9=Q}MQQ}%9}%Q}M=UI°±9=Q}MQQ}%9}%Q}M=UI³žRŽSŽÿŽ¿šÂÓ–"Ž
(³š2–ºk¢Š,°±1M±1M±1M°±1M°±Lµ4ÀÔÈ´ÀÄ±¡ÑÑÁÌè¼½ÝÝÜ¹¥Ñä¹½‘„¹±œ¹©À½½¡‘…}¥Ñä½¥Ñå}½É…¹¥é…Ñ¥½¸¼ÌÌ¼Ìà½½µ¤µÉ¥Í…¥­ÕÉÔ¼ÈÀÈà¼äÐäÔ³ŽSŽÿŽ»–"¦†{Ž£–ëŽ_šZç¾ò?žŽ
ŽoŽ
/ŽSŽü°ÈÀÈØ´Àà´Ää±M=IQ}	U-P±UII9P°°)4ÀÔÈ±µ4ÀÔÈ´ÀØ³–ºÛ–ê·’â7žŽSŽü³–ºÛ–ê·’â7žŽSŽü°±AI%5Id°Ø±UI	M%³–ºÛ–ê·Ž»’â7žŽSŽü±9=Q}MQQ}%9}%Q}M=UI°±9=Q}MQQ}%9}%Q}M=UI±9=Q}MQQ}%9}%Q}M=UI³š2–ºk¢Š,°±1M±1M±1M°±1M°±Lµ4ÀÔÈ´ÀÄ±¡ÑÑÁÌè¼½ÝÝÜ¹¥Ñä¹½‘„¹±œ¹©À½½¡‘…}¥Ñä½¥Ñå}½É…¹¥é…Ñ¥½¸¼ÌÌ¼Ìà½½µ¤µÉ¥Í…¥­ÕÉÔ¼ÈÀÈà¼äÐäÔ³ŽSŽÿŽ»–"¦†{Ž£–ëŽ_šZç¾ò?–ºÛ–ê·’â7žŽSŽü°ÈÀÈØ´Àà´Ää±M=IQ}	U-P±UII9P°°)4ÀÔÈ±µ4ÀÔÈ´ÀÜ³–ºÛ–ê·’â7žžÊ_–’ŸŽSŽü³–ºÛ–ê·’â7žžÊ_–’ŸŽSŽü°±AI%5Id°Ü±UI	M%³š2–ºk¢Š/Ž¯–—Ž
'Ž«Ž’â7ž–’Ÿ–z/–N±9=Q}MQQ}%9}%Q}M=UI°±9=Q}MQQ}%9}%Q}M=UI³–›žB–"ãŽ
K¢ÊóŽ
/–>#Ž¿žnÓš:—šB³–”°°É·\Å·\Å·’î—–±QIU±1M±1M°±1M°±Lµ4ÀÔÈ´ÀÄ±¡ÑÑÁÌè¼½ÝÝÜ¹¥Ñä¹½‘„¹±œ¹©À½½¡‘…}¥Ñä½¥Ñå}½É…¹¥é…Ñ¥½¸¼ÌÌ¼Ìà½½µ¤µÉ¥Í…¥­ÕÉÔ¼ÈÀÈà¼äÐäÔ³ŽSŽÿŽ»–"¦†{Ž£–ëŽ_šZç¾ò?–ºÛ–ê·’â7žžÊ_–’ŸŽSŽü°ÈÀÈØ´Àà´Ää±II9}=91d±UII9P°°)4ÀÔÈ±µ4ÀÔÈ´Àà³–âŽŸ–>;¦nŽï–›žBŽŸŽ7Ž«ŽŽSŽü³–âŽŸ–>;¦nŽï–›žBŽŸŽ7Ž«ŽŽSŽü°±a1U°à±9=Q}=11Q³–ºÛ¦nìÓ–Nžn»Žï–›žB–nÃ¦nž&§ž¶$±9=Q}MQQ}%9}%Q}M=UI°³¢Ê§–ŽË–ê_ŽïŽ‡ŽóŽ
¯ŽóŽï–Â¦Zš–·¢ž¶'Ž»–³–ò?š†#–Ž¯–úOŽ³–>_–—–#Ž»š2ž’ëŽ¯–úOŽ°°±1M±1M±1M°±QIU°±Lµ4ÀÔÈ´ÀÌ±¡ÑÑÁÌè¼½ÝÝÜ¹¥Ñä¹½‘„¹±œ¹©À½½¡‘…}¥Ñä½¥Ñå}½É…¹¥é…Ñ¥½¸¼ÌÌ¼Ìà½½µ¤µÉ¥Í…¥­ÕÉÔ¼ÈÀÈà½é¥­½¡…¸¼³ŽSŽÿŽ»¢«–ÞÇšB³–—Ž¯Ž“ŽŽ›¾ò?–âŽŸŽ¿–>;¦nŽ
–›žBŽ
ŽŸŽ7Ž«ŽŽSŽü°ÈÀÈØ´Àà´Ää±a1U}9=Q%±UII9P°°)4ÀÔÌ±µ4ÀÔÌ´ÀÄ³žŽ
ŽgŽSŽü³žŽ
ŽgŽSŽü°±AI%5Id°Ä±UI	M%³žRŽSŽÿŽïžÒgŽ?ŽkŽï¢6'¦†{ž¶$±9=Q}MQQ}%9}%Q}M=UI°±9=Q}MQQ}%9}%Q}M=UI³žRŽSŽÿŽ¿šÂÓ–"Ž
(³–âš2–ºk¢Š,°±1M±1M±1M°±1M°±Lµ4ÀÔÌ´ÀÄ±¡ÑÑÁÌè¼½ÝÝÜ¹¥Ñä¹å…ÍÕ¤¹Í¡¥µ…¹”¹©À½­ÕÉ…Í¡¤½½µ¤½½µ¤µÉ•å±”½Ñ•‰¥­¤¹¡Ñµ°³ŽSŽÿ–"–"—Ž»š&/–òWŽ7¾ò?žŽ
ŽgŽSŽü°ÈÀÈØ´Àà´Ää±M=IQ}	U-P±UII9P°°)4ÀÔÌ±µ4ÀÔÌ´ÀÈ³Ž_Ž§Ž
çŽŽŽ
¿¦†x³Ž_Ž§Ž
çŽŽŽ
¿¦†x°±AI%5Id°È±UI	M%³Ž_Ž§Ž
çŽŽŽ
¿ŽƒŽGŽŸŽŸŽ7Žž&§Žïš2–ºkŽ_Ž§¦†x±9=Q}MQQ}%9}%Q}M=UI°±9=Q}MQQ}%9}%Q}M=UI³’â·¢ê¯ŽïšÆkŽ
3Ž
K¦f“Ž<°°±1M±1M±1M°±1M°±Lµ4ÀÔÌ´ÀÄ±¡ÑÑÁÌè¼½ÝÝÜ¹¥Ñä¹å…ÍÕ¤¹Í¡¥µ…¹”¹©À½­ÕÉ…Í¡¤½½µ¤½½µ¤µÉ•å±”½Ñ•‰¥­¤¹¡Ñµ°³ŽSŽÿ–"–"—Ž»š&/–òWŽ7¾ò?Ž_Ž§Ž
çŽŽŽ
¿¦†x°ÈÀÈØ´Àà´Ää±M=IQ}	U-P±UII9P°°)4ÀÔÌ±µ4ÀÔÌ´ÀÌ³ŽkŽŽ#ŽsŽ#Ž¬³ŽkŽŽ#ŽsŽ#Ž¬°±AI%5Id°Ì±UI	M%±ASŽ{ŽóŽ
¿Ž»ŽsŽ#Ž¬±9=Q}MQQ}%9}%Q}M=UI°±9=Q}MQQ}%9}%Q}M=UI³Ž
·ŽŽŽ_ŽïŽ§ŽgŽ¯Ž
K–’[Žd°°±1M±1M±1M°±1M°±Lµ4ÀÔÌ´ÀÄ±¡ÑÑÁÌè¼½ÝÝÜ¹¥Ñä¹å…ÍÕ¤¹Í¡¥µ…¹”¹©À½­ÕÉ…Í¡¤½½µ¤½½µ¤µÉ•å±”½Ñ•‰¥­¤¹¡Ñµ°³ŽSŽÿ–"–"—Ž»š&/–òWŽ7¾ò?ŽkŽŽ#ŽsŽ#Ž¬°ÈÀÈØ´Àà´Ää±M=IQ}	U-P±UII9P°°)4ÀÔÌ±µ4ÀÔÌ´ÀÐ³ŽOŽÏ¦†{¾ò#¦ŽË¦ŽžR£¾ò$³ŽOŽÏ¦†{¾ò#¦ŽË¦ŽžR£¾ò$°±AI%5Id°Ð±UI	M%³¦ŽË¦ŽžR£ŽÏŽ
L±9=Q}MQQ}%9}%Q}M=UI°±9=Q}MQQ}%9}%Q}M=UI³’â·Ž
KŽgŽgŽ@°°±1M±1M±1M°±1M°±Lµ4ÀÔÌ´ÀÄ±¡ÑÑÁÌè¼½ÝÝÜ¹¥Ñä¹å…ÍÕ¤¹Í¡¥µ…¹”¹©À½­ÕÉ…Í¡¤½½µ¤½½µ¤µÉ•å±”½Ñ•‰¥­¤¹¡Ñµ°³ŽSŽÿ–"–"—Ž»š&/–òWŽ7¾ò?ŽOŽÏ¦†{¾ò#¦ŽË¦ŽžR£¾ò$°ÈÀÈØ´Àà´Ää±M=IQ}	U-P±UII9P°°)4ÀÔÌ±µ4ÀÔÌ´ÀÔ³¦G–Æ{¦†x³¦G–Æ{¦†x°±AI%5Id°Ô±UI	M%³¦G–Æ{–ºç–f£Žï–Þ—–ßž¶$±9=Q}MQQ}%9}%Q}M=UI°±9=Q}MQQ}%9}%Q}M=UI±9=Q}MQQ}%9}%Q}M=UI°°±1M±1M±1M°±1M°±Lµ4ÀÔÌ´ÀÄ±¡ÑÑÁÌè¼½ÝÝÜ¹¥Ñä¹å…ÍÕ¤¹Í¡¥µ…¹”¹©À½­ÕÉ…Í¡¤½½µ¤½½µ¤µÉ•å±”½Ñ•‰¥­¤¹¡Ñµ°³ŽSŽÿ–"–"—Ž»š&/–òWŽ7¾ò?¦G–Æ{¦†x°ÈÀÈØ´Àà´Ää±M=IQ}	U-P±UII9P°°)4ÀÔÌ±µ4ÀÔÌ´ÀØ³žòÛ¦†{¾ò#¦ŽËšZgžR£¾ò$³žòÛ¦†{¾ò#¦ŽËšZgžR£¾ò$°±AI%5Id°Ø±UI	M%³Ž
‹Ž¯ŽžòÛŽïŽ
çŽŽóŽ¯žòØ±9=Q}MQQ}%9}%Q}M=UI°±9=Q}MQQ}%9}%Q}M=UI³Ž“ŽÛŽWŽkšÒ_ŽŽ›–ëŽd°°±1M±1M±1M°±1M°±Lµ4ÀÔÌ´ÀÄ±¡ÑÑÁÌè¼½ÝÝÜ¹¥Ñä¹å…ÍÕ¤¹Í¡¥µ…¹”¹©À½­ÕÉ…Í¡¤½½µ¤½½µ¤µÉ•å±”½Ñ•‰¥­¤¹¡Ñµ°³ŽSŽÿ–"–"—Ž»š&/–òWŽ7¾ò?žòÛ¦†{¾ò#¦ŽËšZgžR£¾ò$°ÈÀÈØ´Àà´Ää±M=IQ}	U-P±UII9P°°)4ÀÔÌ±µ4ÀÔÌ´ÀÜ³¦nGžÒg¾ò#ŽwŽ»’î[Ž»žÒg¦†{¾ò$³¦nGžÒg¾ò#ŽwŽ»’î[Ž»žÒg¦†{¾ò$°±AI%5Id°Ü±UI	M%³–Âž¶KŽï–2¢ŽžÒgž¶'Ž»¦nGŽ3Žü±9=Q}MQQ}%9}%Q}M=UI°±9=Q}MQQ}%9}%Q}M=UI³žÒg’î—–’[Ž
K–>[Ž
+¦f“Ž<°°±1M±1M±1M°±1M°±Lµ4ÀÔÌ´ÀÄ±¡ÑÑÁÌè¼½ÝÝÜ¹¥Ñä¹å…ÍÕ¤¹Í¡¥µ…¹”¹©À½­ÕÉ…Í¡¤½½µ¤½½µ¤µÉ•å±”½Ñ•‰¥­¤¹¡Ñµ°³ŽSŽÿ–"–"—Ž»š&/–òWŽ7¾ò?¦nGžÒg¾ò#ŽwŽ»’î[Ž»žÒg¦†{¾ò$°ÈÀÈØ´Àà´Ää±M=IQ}	U-P±UII9P°°)4ÀÔÌ±µ4ÀÔÌ´Àà³šr³¾ò#šnãžÆ7¾ò'Žï¦nG¢ª3Žï–+–¶@³šr³¾ò#šnãžÆ7¾ò'Žï¦nG¢ª3Žï–+–¶@°±AI%5Id°à±UI	M%³šr³Žïšò¯žRïŽï¦Ç–"+¢ª3ŽïŽGŽÏŽWŽ³ŽŽ#ž¶$±9=Q}MQQ}%9}%Q}M=UI°±9=Q}MQQ}%9}%Q}M=UI³ž¢»¦†{–"—Ž¯ŽûŽ£Ž
Ž
,°°±1M±1M±1M°±1M°±Lµ4ÀÔÌ´ÀÄ±¡ÑÑÁÌè¼½ÝÝÜ¹¥Ñä¹å…ÍÕ¤¹Í¡¥µ…¹”¹©À½­ÕÉ…Í¡¤½½µ¤½½µ¤µÉ•å±”½Ñ•‰¥­¤¹¡Ñµ°³ŽSŽÿ–"–"—Ž»š&/–òWŽ7¾ò?šr³¾ò#šnãžÆ7¾ò'Žï¦nG¢ª3Žï–+–¶@°ÈÀÈØ´Àà´Ää±M=IQ}	U-P±UII9P°°)4ÀÔÌ±µ4ÀÔÌ´Àä³ŽŽÏŽsŽóŽ¬³ŽŽÏŽsŽóŽ¬°±AI%5Id°ä±UI	M%³šº×ŽsŽóŽ¬±9=Q}MQQ}%9}%Q}M=UI°±9=Q}MQQ}%9}%Q}M=UI³žÒgŽËŽ
ž¶'ŽŸŽûŽ£Ž
Ž
,°°±1M±1M±1M°±1M°±Lµ4ÀÔÌ´ÀÄ±¡ÑÑÁÌè¼½ÝÝÜ¹¥Ñä¹å…ÍÕ¤¹Í¡¥µ…¹”¹©À½­ÕÉ…Í¡¤½½µ¤½½µ¤µÉ•å±”½Ñ•‰¥­¤¹¡Ñµ°³ŽSŽÿ–"–"—Ž»š&/–òWŽ7¾ò?ŽŽÏŽsŽóŽ¬°ÈÀÈØ´Àà´Ää±M=IQ}	U-P±UII9P°°)4ÀÔÌ±µ4ÀÔÌ´ÄÀ³ž&o’æÏŽGŽŽ
¼³ž&o’æÏŽGŽŽ
¼°±AI%5Id°ÄÀ±UI	M%³¦ŽËšZgžR£žÒgŽGŽŽ
¼±9=Q}MQQ}%9}%Q}M=UI°±9=Q}MQQ}%9}%Q}M=UI³šÒ_ŽŽ›–"Ž
+¦Z/Ž7’æûŽ/Žd°°±1M±1M±1M°±1M°±Lµ4ÀÔÌ´ÀÄ±¡ÑÑÁÌè¼½ÝÝÜ¹¥Ñä¹å…ÍÕ¤¹Í¡¥µ…¹”¹©À½­ÕÉ…Í¡¤½½µ¤½½µ¤µÉ•å±”½Ñ•‰¥­¤¹¡Ñµ°³ŽSŽÿ–"–"—Ž»š&/–òWŽ7¾ò?ž&o’æÏŽGŽŽ
¼°ÈÀÈØ´Àà´Ää±M=IQ}	U-P±UII9P°°)4ÀÔÌ±µ4ÀÔÌ´ÄÄ³šZÃ¢{ŽïšZÃ¢{ŽŽ§Ž
Ü³šZÃ¢{ŽïšZÃ¢{ŽŽ§Ž
Ü°±AI%5Id°ÄÄ±UI	M%³šZÃ¢{Žïš*c¢úóŽŽ§Ž
Ü±9=Q}MQQ}%9}%Q}M=UI°±9=Q}MQQ}%9}%Q}M=UI³ŽûŽ£Ž
Ž›–ëŽd°°±1M±1M±1M°±1M°±Lµ4ÀÔÌ´ÀÄ±¡ÑÑÁÌè¼½ÝÝÜ¹¥Ñä¹å…ÍÕ¤¹Í¡¥µ…¹”¹©À½­ÕÉ…Í¡¤½½µ¤½½µ¤µÉ•å±”½Ñ•‰¥­¤¹¡Ñµ°³ŽSŽÿ–"–"—Ž»š&/–òWŽ7¾ò?šZÃ¢{ŽïšZÃ¢{ŽŽ§Ž
Ü°ÈÀÈØ´Àà´Ää±M=IQ}	U-P±UII9P°°)4ÀÔÌ±µ4ÀÔÌ´ÄÈ³¢†¦†x³¢†¦†x°±AI%5Id°ÄÈ±UI	M%³¢†¦†{Žï–>“žv ±9=Q}MQQ}%9}%Q}M=UI°±9=Q}MQQ}%9}%Q}M=UI³šÒ_ŽŽ›’æûŽ/Žd°°±1M±1M±1M°±1M°±Lµ4ÀÔÌ´ÀÄ±¡ÑÑÁÌè¼½ÝÝÜ¹¥Ñä¹å…ÍÕ¤¹Í¡¥µ…¹”¹©À½­ÕÉ…Í¡¤½½µ¤½½µ¤µÉ•å±”½Ñ•‰¥­¤¹¡Ñµ°³ŽSŽÿ–"–"—Ž»š&/–òWŽ7¾ò?¢†¦†x°ÈÀÈØ´Àà´Ää±M=IQ}	U-P±UII9P°°)4ÀÔÌ±µ4ÀÔÌ´ÄÌ³¢n7–'žº‡ŽïšÂÓ¦*’öOšâ§¢¢ ³¢n7–'žº‡ŽïšÂÓ¦*’öOšâ§¢¢ °±AI%5Id°ÄÌ±UI	M%³¢n7–'žº‡ŽïšÂÓ¦*’öOšâ§¢¢ ±9=Q}MQQ}%9}%Q}M=UI°±9=Q}MQQ}%9}%Q}M=UI³ž‚ÓšB7Ž_Ž«ŽŽ
#Ž’þw¢¶Ü°°±1M±1M±1M°±1M°±Lµ4ÀÔÌ´ÀÄ±¡ÑÑÁÌè¼½ÝÝÜ¹¥Ñä¹å…ÍÕ¤¹Í¡¥µ…¹”¹©À½­ÕÉ…Í¡¤½½µ¤½½µ¤µÉ•å±”½Ñ•‰¥­¤¹¡Ñµ°³ŽSŽÿ–"–"—Ž»š&/–òWŽ7¾ò?¢n7–'žº‡ŽïšÂÓ¦*’öOšâ§¢¢ °ÈÀÈØ´Àà´Ää±M=IQ}	U-P±UII9P°°)4ÀÔÌ±µ4ÀÔÌ´ÄÐ³švÿŽ
³Ž§Ž
ä³švÿŽ
³Ž§Ž
ä°±AI%5Id°ÄÐ±UI	M%³švÿŽ
³Ž§Ž
ä±9=Q}MQQ}%9}%Q}M=UI°±9=Q}MQQ}%9}%Q}M=UI³ž‚ÓšB7¦bËš¶ˆ°°±1M±1M±1M°±1M°±Lµ4ÀÔÌ´ÀÄ±¡ÑÑÁÌè¼½ÝÝÜ¹¥Ñä¹å…ÍÕ¤¹Í¡¥µ…¹”¹©À½­ÕÉ…Í¡¤½½µ¤½½µ¤µÉ•å±”½Ñ•‰¥­¤¹¡Ñµ°³ŽSŽÿ–"–"—Ž»š&/–òWŽ7¾ò?švÿŽ
³Ž§Ž
ä°ÈÀÈØ´Àà´Ää±M=IQ}	U-P±UII9P°°)4ÀÔÌ±µ4ÀÔÌ´ÄÔ³–~/ž®/ŽSŽü³–~/ž®/ŽSŽü°±AI%5Id°ÄÔ±UI	M%³¦fÛžŽ–f£Žï–&ËŽ
3ŽÏŽ
OŽï¦>‡ž¶$±9=Q}MQQ}%9}%Q}M=UI°±9=Q}MQQ}%9}%Q}M=UI³–6Ç¦fëž&§Ž¿’þw¢¶Ü°°±1M±1M±1M°±1M°±Lµ4ÀÔÌ´ÀÄ±¡ÑÑÁÌè¼½ÝÝÜ¹¥Ñä¹å…ÍÕ¤¹Í¡¥µ…¹”¹©À½­ÕÉ…Í¡¤½½µ¤½½µ¤µÉ•å±”½Ñ•‰¥­¤¹¡Ñµ°³ŽSŽÿ–"–"—Ž»š&/–òWŽ7¾ò?–~/ž®/ŽSŽü°ÈÀÈØ´Àà´Ää±M=IQ}	U-P±UII9P°°)4ÀÔÌ±µ4ÀÔÌ´ÄØ³žÊ_–’ŸŽSŽü³žÊ_–’ŸŽSŽü°±AI%5Id°ÄØ±	==-}A%-U@³š2–ºk¢Š/ž¶'Ž¯–—Ž
'Ž«Ž–’Ÿ–z/–ºÛ–ê·ŽSŽü±9=Q}MQQ}%9}%Q}M=UI°±9=Q}MQQ}%9}%Q}M=UI±9=Q}MQQ}%9}%Q}M=UI°°±QIU±1M±1M°±1M°±Lµ4ÀÔÌ´ÀÄ±¡ÑÑÁÌè¼½ÝÝÜ¹¥Ñä¹å…ÍÕ¤¹Í¡¥µ…¹”¹©À½­ÕÉ…Í¡¤½½µ¤½½µ¤µÉ•å±”½Ñ•‰¥­¤¹¡Ñµ°³ŽSŽÿ–"–"—Ž»š&/–òWŽ7¾ò?žÊ_–’ŸŽSŽü°ÈÀÈØ´Àà´Ää±II9}=91d±UII9P°°)4ÀÔÌ±µ4ÀÔÌ´ÄÜ³–âŽŸŽ¿–>;¦nŽï–›žBŽ_Ž«ŽŽ
Ž¸³–âŽŸŽ¿–>;¦nŽï–›žBŽ_Ž«ŽŽ
Ž¸°±a1U°ÄÜ±9=Q}=11Q³–ºÛ¦nïŽ«Ž
×Ž
“Ž
¿Ž¯šÎW–¾û¢Æ‡–NŽïŽGŽ
÷Ž
ÏŽÏŽï–Â¦Zš–·¢–›žB–N±9=Q}MQQ}%9}%Q}M=UI°³¢Ê§–ŽË–ê_ŽïŽ‡ŽóŽ
¯ŽóŽï–Â¦Zš–·¢ž¶'Ž»–³–ò?š†#–Ž¯–úOŽ³–>_–—–#Ž»š2ž’ëŽ¯–úOŽ°°±1M±1M±1M°±QIU°±Lµ4ÀÔÌ´ÀÄ±¡ÑÑÁÌè¼½ÝÝÜ¹¥Ñä¹å…ÍÕ¤¹Í¡¥µ…¹”¹©À½­ÕÉ…Í¡¤½½µ¤½½µ¤µÉ•å±”½Ñ•‰¥­¤¹¡Ñµ°³ŽSŽÿ–"–"—Ž»š&/–òWŽ7¾ò?–âŽŸŽ¿–>;¦nŽï–›žBŽ_Ž«ŽŽ
Ž¸°ÈÀÈØ´Àà´Ää±a1U}9=Q%±UII9P°°)4ÀÔÐ±µ4ÀÔÐ´ÀÄ³¦Gž&§¦†{¾ò#žÊ_–’ŸŽSŽÿŽ
K–B¯Ž
¾ò$³¦Gž&§¦†{¾ò#žÊ_–’ŸŽSŽÿŽ
K–B¯Ž
¾ò$°±AI%5Id°Ä±UI	M%³¦G–Æ{¢Ž÷–NŽï¦G–Æ{Ž
K–B¯Ž
žÊ_–’Ÿ–N±9=Q}MQQ}%9}%Q}M=UI°±9=Q}MQQ}%9}%Q}M=UI±9=Q}MQQ}%9}%Q}M=UI°°±1M±1M±1M°±1M°±Lµ4ÀÔÐ´ÀÄ±¡ÑÑÁÌè¼½ÝÝÜ¹¥Ñä¹½ÑÍÔ¹±œ¹©À½Í½Í¡¥­¤¼ÄÈ¼ÌäÀÐà¹¡Ñµ°³’î“–J0ã–æÓ–ê›–>;¦nš^—¾ò?¦Gž&§¦†{¾ò#žÊ_–’ŸŽSŽÿŽ
K–B¯Ž
¾ò$°ÈÀÈØ´Àà´Ää±M=IQ}	U-P±UII9P°°)4ÀÔÐ±µ4ÀÔÐ´ÀÈ³šr'–ºÏŽSŽÿ¾ò#žÊ_–’ŸŽSŽÿŽ
K–B¯Ž
¾ò$³šr'–ºÏŽSŽÿ¾ò#žÊ_–’ŸŽSŽÿŽ
K–B¯Ž
¾ò$°±AI%5Id°È±UI	M%³¦nïšÆƒ¦†{Žï¢n7–'ž¿Žï¦nïžBž¶$±9=Q}MQQ}%9}%Q}M=UI°±9=Q}MQQ}%9}%Q}M=UI³–Nžn»–"—Ž»–âš2–ºkšZçšÎWŽ¯–úOŽ°°±1M±1M±1M°±1M°±Lµ4ÀÔÐ´ÀÄ±¡ÑÑÁÌè¼½ÝÝÜ¹¥Ñä¹½ÑÍÔ¹±œ¹©À½Í½Í¡¥­¤¼ÄÈ¼ÌäÀÐà¹¡Ñµ°³’î“–J0ã–æÓ–ê›–>;¦nš^—¾ò?šr'–ºÏŽSŽÿ¾ò#žÊ_–’ŸŽSŽÿŽ
K–B¯Ž
¾ò$°ÈÀÈØ´Àà´Ää±M=IQ}	U-P±UII9P°°)4ÀÔÐ±µ4ÀÔÐ´ÀÌ³Ž
³Ž§Ž
çŽï¦fÛ–f£¦†{¾ò#žÊ_–’ŸŽSŽÿŽ
K–B¯Ž
¾ò$³Ž
³Ž§Ž
çŽï¦fÛ–f£¦†{¾ò#žÊ_–’ŸŽSŽÿŽ
K–B¯Ž
¾ò$°±AI%5Id°Ì±UI	M%³Ž
³Ž§Ž
çŽï¦fÛ–f£¦†x±9=Q}MQQ}%9}%Q}M=UI°±9=Q}MQQ}%9}%Q}M=UI³–&ËŽ
3ž&§Ž¿–6Ç¦fë¦bËš¶ˆ°°±1M±1M±1M°±1M°±Lµ4ÀÔÐ´ÀÄ±¡ÑÑÁÌè¼½ÝÝÜ¹¥Ñä¹½ÑÍÔ¹±œ¹©À½Í½Í¡¥­¤¼ÄÈ¼ÌäÀÐà¹¡Ñµ°³’î“–J0ã–æÓ–ê›–>;¦nš^—¾ò?Ž
³Ž§Ž
çŽï¦fÛ–f£¦†{¾ò#žÊ_–’ŸŽSŽÿŽ
K–B¯Ž
¾ò$°ÈÀÈØ´Àà´Ää±M=IQ}	U-P±UII9P°°)4ÀÔÐ±µ4ÀÔÐ´ÀÐ³žŽ
ŽoŽ
/ŽSŽü³žŽ
ŽoŽ
/ŽSŽü°±AI%5Id°Ð±UI	M%³žRŽSŽÿŽïžÒgŽ?Žkž¶$±9=Q}MQQ}%9}%Q}M=UI°±9=Q}MQQ}%9}%Q}M=UI³žRŽSŽÿŽ¿šÂÓ–"Ž
(³–âš2–ºk¢Š,°±1M±1M±1M°±1M°±Lµ4ÀÔÐ´ÀÄ±¡ÑÑÁÌè¼½ÝÝÜ¹¥Ñä¹½ÑÍÔ¹±œ¹©À½Í½Í¡¥­¤¼ÄÈ¼ÌäÀÐà¹¡Ñµ°³’î“–J0ã–æÓ–ê›–>;¦nš^—¾ò?žŽ
ŽoŽ
/ŽSŽü°ÈÀÈØ´Àà´Ää±M=IQ}	U-P±UII9P°°)4ÀÔÐ±µ4ÀÔÐ´ÀÔ³žŽ
ŽoŽ
/žÊ_–’ŸŽSŽü³žŽ
ŽoŽ
/žÊ_–’ŸŽSŽü°±AI%5Id°Ô±UI	M%³š2–ºk¢Š/Ž¯–—Ž
'Ž«Ž–>¿ž–’Ÿ–z/–N±9=Q}MQQ}%9}%Q}M=UI°±9=Q}MQQ}%9}%Q}M=UI³–âš2–ºkŽSŽÿ–"ãŽ
K¢ÊóŽ
,°³¦VßŽTÉ·ž¢/–ê›ŽûŽŸž¶'Ž»–â–~ëšêX±QIU±1M±1M°±1M°±Lµ4ÀÔÐ´ÀÄ±¡ÑÑÁÌè¼½ÝÝÜ¹¥Ñä¹½ÑÍÔ¹±œ¹©À½Í½Í¡¥­¤¼ÄÈ¼ÌäÀÐà¹¡Ñµ°³’î“–J0ã–æÓ–ê›–>;¦nš^—¾ò?žŽ
ŽoŽ
/žÊ_–’ŸŽSŽü°ÈÀÈØ´Àà´Ää±M=IQ}	U-P±UII9P°°)4ÀÔÐ±µ4ÀÔÐ´ÀØ³ŽOŽÏ¦†x³ŽOŽÏ¦†x°±AI%5Id°Ø±UI	M%³¦ŽË¦ŽžR£ŽÏŽ
L±9=Q}MQQ}%9}%Q}M=UI°±9=Q}MQQ}%9}%Q}M=UI³’â·¢ê¯Ž
Kž¦ëŽ¯Ž_Ž›šÒ_ŽŽŽ×ŽŽ
K–’[Žd°°±1M±1M±1M°±1M°±Lµ4ÀÔÐ´ÀÈ±¡ÑÑÁÌè¼½ÝÝÜ¹¥Ñä¹½ÑÍÔ¹±œ¹©À½Í½Í¡¥­¤¼ÄÈ¼àÔÈä¹¡Ñµ°³–ºÛ–ê·ŽSŽÿŽ»–"ŽGšZç¾ò?ŽOŽÏ¦†x°ÈÀÈØ´Àà´Ää±M=IQ}	U-P±UII9P°°)4ÀÔÐ±µ4ÀÔÐ´ÀÜ³žòÛ¦†x³žòÛ¦†x°±AI%5Id°Ü±UI	M%³¦ŽËšZgžR£Ž
‹Ž¯ŽžòÛŽïŽ
çŽŽóŽ¯žòØ±9=Q}MQQ}%9}%Q}M=UI°±9=Q}MQQ}%9}%Q}M=UI³’â·¢ê¯Ž
Kž¦ëŽ¯Ž_Ž›šÒ_ŽŽŽ“ŽÛŽWŽ«Ž°°±1M±1M±1M°±1M°±Lµ4ÀÔÐ´ÀÈ±¡ÑÑÁÌè¼½ÝÝÜ¹¥Ñä¹½ÑÍÔ¹±œ¹©À½Í½Í¡¥­¤¼ÄÈ¼àÔÈä¹¡Ñµ°³–ºÛ–ê·ŽSŽÿŽ»–"ŽGšZç¾ò?žòÛ¦†x°ÈÀÈØ´Àà´Ää±M=IQ}	U-P±UII9P°°)4ÀÔÐ±µ4ÀÔÐ´Àà³–ºç–f£–2¢ŽŽ_Ž§Ž
çŽŽŽ
¿¦†x³–ºç–f£–2¢ŽŽ_Ž§Ž
çŽŽŽ
¿¦†x°±AI%5Id°à±UI	M%³Ž_Ž§Ž{ŽóŽ
¿Ž»–ºç–f£–2¢Ž±9=Q}MQQ}%9}%Q}M=UI°±9=Q}MQQ}%9}%Q}M=UI³šÆkŽ
3Ž
K¢B÷Ž£ŽgŽšÆkŽ
3Ž3šº/Ž
/ž&§Ž¿žŽ
ŽoŽ
/ŽSŽü°°±1M±1M±1M°±1M°±Lµ4ÀÔÐ´ÀÈ±¡ÑÑÁÌè¼½ÝÝÜ¹¥Ñä¹½ÑÍÔ¹±œ¹©À½Í½Í¡¥­¤¼ÄÈ¼àÔÈä¹¡Ñµ°³–ºÛ–ê·ŽSŽÿŽ»–"ŽGšZç¾ò?–ºç–f£–2¢ŽŽ_Ž§Ž
çŽŽŽ
¿¦†x°ÈÀÈØ´Àà´Ää±M=IQ}	U-P±UII9P°°)4ÀÔÐ±µ4ÀÔÐ´Àä³ŽkŽŽ#ŽsŽ#Ž¬³ŽkŽŽ#ŽsŽ#Ž¬°±AI%5Id°ä±UI	M%±ASŽ{ŽóŽ
¿Ž»ŽsŽ#Ž¬±9=Q}MQQ}%9}%Q}M=UI°±9=Q}MQQ}%9}%Q}M=UI³Ž×ŽŽ£Ž§ŽgŽ¯Ž
K–’[Ž_ŽŽ“ŽÛŽWŽ«Ž°°±1M±1M±1M°±1M°±Lµ4ÀÔÐ´ÀÈ±¡ÑÑÁÌè¼½ÝÝÜ¹¥Ñä¹½ÑÍÔ¹±œ¹©À½Í½Í¡¥­¤¼ÄÈ¼àÔÈä¹¡Ñµ°³–ºÛ–ê·ŽSŽÿŽ»–"ŽGšZç¾ò?ŽkŽŽ#ŽsŽ#Ž¬°ÈÀÈØ´Àà´Ää±M=IQ}	U-P±UII9P°°)4ÀÔÐ±µ4ÀÔÐ´ÄÀ³žfëšÎ‡Ž
çŽŽ·ŽóŽ¬³žfëšÎ‡Ž
çŽŽ·ŽóŽ¬°±AI%5Id°ÄÀ±UI	M%³žfëšÎ‡Ž
çŽŽ·ŽóŽ¬±9=Q}MQQ}%9}%Q}M=UI°±9=Q}MQQ}%9}%Q}M=UI³ŽŽóŽ_ŽïŽ
ßŽóŽ¯Ž
K–’[Ž_šÆkŽ
3Ž
K¢B÷Ž£Žd°°±1M±1M±1M°±1M°±Lµ4ÀÔÐ´ÀÈ±¡ÑÑÁÌè¼½ÝÝÜ¹¥Ñä¹½ÑÍÔ¹±œ¹©À½Í½Í¡¥­¤¼ÄÈ¼àÔÈä¹¡Ñµ°³–ºÛ–ê·ŽSŽÿŽ»–"ŽGšZç¾ò?žfëšÎ‡Ž
çŽŽ·ŽóŽ¬°ÈÀÈØ´Àà´Ää±M=IQ}	U-P±UII9P°°)4ÀÔÐ±µ4ÀÔÐ´ÄÄ³žf÷¢&ËŽ#Ž³Ž
³žf÷¢&ËŽ#Ž³Ž
°±AI%5Id°ÄÄ±UI	M%³žf÷¢&Ë¦Ž–NŽ#Ž³Ž
±9=Q}MQQ}%9}%Q}M=UI°±9=Q}MQQ}%9}%Q}M=UI³šÆkŽ
3Ž
K¢B÷Ž£Žd°°±1M±1M±1M°±1M°±Lµ4ÀÔÐ´ÀÈ±¡ÑÑÁÌè¼½ÝÝÜ¹¥Ñä¹½ÑÍÔ¹±œ¹©À½Í½Í¡¥­¤¼ÄÈ¼àÔÈä¹¡Ñµ°³–ºÛ–ê·ŽSŽÿŽ»–"ŽGšZç¾ò?žf÷¢&ËŽ#Ž³Ž
°ÈÀÈØ´Àà´Ää±M=IQ}	U-P±UII9P°°)4ÀÔÐ±µ4ÀÔÐ´ÄÈ³žÒg¦†x³žÒg¦†x°±AI%5Id°ÄÈ±UI	M%³šZÃ¢{ŽïŽŽ§Ž
ßŽï¦nG¢ª3ŽïšnãžÆ7ŽïžºÇžÒgž¶$±9=Q}MQQ}%9}%Q}M=UI°±9=Q}MQQ}%9}%Q}M=UI³žÒgž¢»–"—Ž»–âš2–ºkšZçšÎWŽŸŽûŽ£Ž
Ž
,°°±1M±1M±1M°±1M°±Lµ4ÀÔÐ´ÀÈ±¡ÑÑÁÌè¼½ÝÝÜ¹¥Ñä¹½ÑÍÔ¹±œ¹©À½Í½Í¡¥­¤¼ÄÈ¼àÔÈä¹¡Ñµ°³–ºÛ–ê·ŽSŽÿŽ»–"ŽGšZç¾ò?žÒg¦†x°ÈÀÈØ´Àà´Ää±M=IQ}	U-P±UII9P°°)4ÀÔÔ±µ4ÀÔÔ´ÀÄ³žŽ
ŽoŽ
/ŽSŽü³žŽ
ŽoŽ
/ŽSŽü°±AI%5Id°Ä±UI	M%³–>¿žšŸ–ºÛ–ê·ŽSŽü±9=Q}MQQ}%9}%Q}M=UI°±9=Q}MQQ}%9}%Q}M=UI±9=Q}MQQ}%9}%Q}M=UI°°±1M±1M±1M°±1M°±Lµ4ÀÔÔ´ÀÈ±¡ÑÑÁÌè¼½ÝÝÜ¹Õ¹¹…¸µåÕµ”¹¹•Ð½™¥±•Ì½™½Éµ…Ð½­…¹­å½}•‰½½­}•¹•Í•¸¹Á‘˜³–³–ò?–"–"—š&/–òWŽ7¾ò?žŽ
ŽoŽ
/ŽSŽü°ÈÀÈØ´Àà´Ää±M=IQ}	U-P±UII9P°°)4ÀÔÔ±µ4ÀÔÔ´ÀÈ³¢ÎšêCŽSŽÿ¾ò#ŽOŽÏŽïŽ
¯ŽÏ¾ò$³¢ÎšêCŽSŽÿ¾ò#ŽOŽÏŽïŽ
¯ŽÏ¾ò$°±AI%5Id°È±UI	M%³¦ŽË¦ŽžR£ŽÏŽ
OŽïžòØ±9=Q}MQQ}%9}%Q}M=UI°±9=Q}MQQ}%9}%Q}M=UI³’â·¢ê¯Ž
Kž¦ëŽ¯Ž_šÒ_Ž°°±1M±1M±1M°±1M°±Lµ4ÀÔÔ´ÀÈ±¡ÑÑÁÌè¼½ÝÝÜ¹Õ¹¹…¸µåÕµ”¹¹•Ð½™¥±•Ì½™½Éµ…Ð½­…¹­å½}•‰½½­}•¹•Í•¸¹Á‘˜³–³–ò?–"–"—š&/–òWŽ7¾ò?¢ÎšêCŽSŽÿ¾ò#ŽOŽÏŽïŽ
¯ŽÏ¾ò$°ÈÀÈØ´Àà´Ää±M=IQ}	U-P±UII9P°°)4ÀÔÔ±µ4ÀÔÔ´ÀÌ³¢ÎšêCŽSŽÿ¾ò#–>“žÒg¾ò$³¢ÎšêCŽSŽÿ¾ò#–>“žÒg¾ò$°±AI%5Id°Ì±UI	M%³šZÃ¢{Žï¦nG¢ª3Žïšº×ŽsŽóŽ¯ž¶$±9=Q}MQQ}%9}%Q}M=UI°±9=Q}MQQ}%9}%Q}M=UI³ž¢»¦†{–"—Ž¯ŽûŽ£Ž
Ž
,°°±1M±1M±1M°±1M°±Lµ4ÀÔÔ´ÀÈ±¡ÑÑÁÌè¼½ÝÝÜ¹Õ¹¹…¸µåÕµ”¹¹•Ð½™¥±•Ì½™½Éµ…Ð½­…¹­å½}•‰½½­}•¹•Í•¸¹Á‘˜³–³–ò?–"–"—š&/–òWŽ7¾ò?¢ÎšêCŽSŽÿ¾ò#–>“žÒg¾ò$°ÈÀÈØ´Àà´Ää±M=IQ}	U-P±UII9P°°)4ÀÔÔ±µ4ÀÔÔ´ÀÐ³¦fÛ–f£ŽïŽ
³Ž§Ž
ç¦†x³¦fÛ–f£ŽïŽ
³Ž§Ž
ç¦†x°±AI%5Id°Ð±UI	M%³¦fÛ–f£ŽïŽ
³Ž§Ž
ç¦†x±9=Q}MQQ}%9}%Q}M=UI°±9=Q}MQQ}%9}%Q}M=UI±9=Q}MQQ}%9}%Q}M=UI°°±1M±1M±1M°±1M°±Lµ4ÀÔÔ´ÀÈ±¡ÑÑÁÌè¼½ÝÝÜ¹Õ¹¹…¸µåÕµ”¹¹•Ð½™¥±•Ì½™½Éµ…Ð½­…¹­å½}•‰½½­}•¹•Í•¸¹Á‘˜³–³–ò?–"–"—š&/–òWŽ7¾ò?¦fÛ–f£ŽïŽ
³Ž§Ž
ç¦†x°ÈÀÈØ´Àà´Ää±M=IQ}	U-P±UII9P°°)4ÀÔÔ±µ4ÀÔÔ´ÀÔ³Ž?Ž“¦†{ŽïŽ_Ž§Ž
çŽŽŽ
¿¦†x³Ž?Ž“¦†{ŽïŽ_Ž§Ž
çŽŽŽ
¿¦†x°±AI%5Id°Ô±UI	M%³¦vÓŽïŽ_Ž§Ž
çŽŽŽ
¿¢Ž÷–Nž¶$±9=Q}MQQ}%9}%Q}M=UI°±9=Q}MQQ}%9}%Q}M=UI±9=Q}MQQ}%9}%Q}M=UI°°±1M±1M±1M°±1M°±Lµ4ÀÔÔ´ÀÈ±¡ÑÑÁÌè¼½ÝÝÜ¹Õ¹¹…¸µåÕµ”¹¹•Ð½™¥±•Ì½™½Éµ…Ð½­…¹­å½}•‰½½­}•¹•Í•¸¹Á‘˜³–³–ò?–"–"—š&/–òWŽ7¾ò?Ž?Ž“¦†{ŽïŽ_Ž§Ž
çŽŽŽ
¿¦†x°ÈÀÈØ´Àà´Ää±M=IQ}	U-P±UII9P°°)4ÀÔÔ±µ4ÀÔÔ´ÀØ³¦G–Æ{¦†{¾ò#–Â?–z/–ºÛ¦nï¦†{–B¯Ž
¾ò$³¦G–Æ{¦†{¾ò#–Â?–z/–ºÛ¦nï¦†{–B¯Ž
¾ò$°±AI%5Id°Ø±UI	M%³¦G–Æ{Žï–Â?–z/–ºÛ¦nï¦†x±9=Q}MQQ}%9}%Q}M=UI°±9=Q}MQQ}%9}%Q}M=UI³–>[Ž
+–’[ŽoŽ
/¦nïšÆƒŽ
K–’[Žd°°±1M±1M±1M°±1M°±Lµ4ÀÔÔ´ÀÈ±¡ÑÑÁÌè¼½ÝÝÜ¹Õ¹¹…¸µåÕµ”¹¹•Ð½™¥±•Ì½™½Éµ…Ð½­…¹­å½}•‰½½­}•¹•Í•¸¹Á‘˜³–³–ò?–"–"—š&/–òWŽ7¾ò?¦G–Æ{¦†{¾ò#–Â?–z/–ºÛ¦nï¦†{–B¯Ž
¾ò$°ÈÀÈØ´Àà´Ää±M=IQ}	U-P±UII9P°°)4ÀÔÔ±µ4ÀÔÔ´ÀÜ³žÃ¦†x³žÃ¦†x°±AI%5Id°Ü±UI	M%³–ºÛ–ê·Ž/Ž
'–ëŽ
/žÀ±9=Q}MQQ}%9}%Q}M=UI°±9=Q}MQQ}%9}%Q}M=UI±9=Q}MQQ}%9}%Q}M=UI°°±1M±1M±1M°±1M°±Lµ4ÀÔÔ´ÀÈ±¡ÑÑÁÌè¼½ÝÝÜ¹Õ¹¹…¸µåÕµ”¹¹•Ð½™¥±•Ì½™½Éµ…Ð½­…¹­å½}•‰½½­}•¹•Í•¸¹Á‘˜³–³–ò?–"–"—š&/–òWŽ7¾ò?žÃ¦†x°ÈÀÈØ´Àà´Ää±M=IQ}	U-P±UII9P°°)4ÀÔÔ±µ4ÀÔÔ´Àà³šr'–ºÏŽSŽüÄ³šr'–ºÏŽSŽüÄ°±AI%5Id°à±UI	M%³¢n7–'ž¿¦†x±9=Q}MQQ}%9}%Q}M=UI°±9=Q}MQQ}%9}%Q}M=UI³ž‚ÓšB7Ž_Ž«ŽŽ
#Ž’þw¢¶Ü°°±1M±1M±1M°±1M°±Lµ4ÀÔÔ´ÀÌ±¡ÑÑÁÌè¼½ÝÝÜ¹Õ¹¹…¸µåÕµ”¹¹•Ð½™¥±•Ì½™½Éµ…Ð½­…¹­å½}•‰½½­}¥¥Í¡¤¹Á‘˜³–³–ò?–"–"—š&/–òWŽ7¾ò?šr'–ºÏŽSŽüÄ°ÈÀÈØ´Àà´Ää±M=IQ}	U-P±UII9P°°)4ÀÔÔ±µ4ÀÔÔ´Àä³šr'–ºÏŽSŽüÈ³šr'–ºÏŽSŽüÈ°±AI%5Id°ä±UI	M%³’æû¦nïšÆƒŽïšÂÓ¦*¢Ž÷–NŽï¦nï–¶CŽŽÃŽOž¶$±9=Q}MQQ}%9}%Q}M=UI°±9=Q}MQQ}%9}%Q}M=UI³¦nïšÆƒ¦†{Ž¿ž®¿–¶CŽ
KžÖÛžâ°°±1M±1M±1M°±1M°±Lµ4ÀÔÔ´ÀÌ±¡ÑÑÁÌè¼½ÝÝÜ¹Õ¹¹…¸µåÕµ”¹¹•Ð½™¥±•Ì½™½Éµ…Ð½­…¹­å½}•‰½½­}¥¥Í¡¤¹Á‘˜³–³–ò?–"–"—š&/–òWŽ7¾ò?šr'–ºÏŽSŽüÈ°ÈÀÈØ´Àà´Ää±M=IQ}	U-P±UII9P°°)4ÀÔÔ±µ4ÀÔÔ´ÄÀ³žÊ_–’ŸŽSŽÿ¾ò#žnÓš:—š2¢úóŽÿ¾ò$³žÊ_–’ŸŽSŽÿ¾ò#žnÓš:—š2¢úóŽÿ¾ò$°±AI%5Id°ÄÀ±I=A}=³–’Ÿ–z/–ºÛ–ê·ŽSŽü±9=Q}MQQ}%9}%Q}M=UI°±9=Q}MQQ}%9}%Q}M=UI±9=Q}MQQ}%9}%Q}M=UI°°±QIU±1M±1M°±1M°±Lµ4ÀÔÔ´ÀÈ±¡ÑÑÁÌè¼½ÝÝÜ¹Õ¹¹…¸µåÕµ”¹¹•Ð½™¥±•Ì½™½Éµ…Ð½­…¹­å½}•‰½½­}•¹•Í•¸¹Á‘˜³–³–ò?–"–"—š&/–òWŽ7¾ò?žÊ_–’ŸŽSŽÿ¾ò#žnÓš:—š2¢úóŽÿ¾ò$°ÈÀÈØ´Àà´Ää±II9}=91d±UII9P°°)4ÀÔÔ±µ4ÀÔÔ´ÄÄ³ž&ç–ºk–ºÛ¦nì³ž&ç–ºk–ºÛ¦nì°±AI%5Id°ÄÄ±I=A}=³–ºÛ¦nìÓ–Nžn¸±9=Q}MQQ}%9}%Q}M=UI°±9=Q}MQQ}%9}%Q}M=UI±9=Q}MQQ}%9}%Q}M=UI°°±1M±1M±1M°±1M°±Lµ4ÀÔÔ´ÀÈ±¡ÑÑÁÌè¼½ÝÝÜ¹Õ¹¹…¸µåÕµ”¹¹•Ð½™¥±•Ì½™½Éµ…Ð½­…¹­å½}•‰½½­}•¹•Í•¸¹Á‘˜³–³–ò?–"–"—š&/–òWŽ7¾ò?ž&ç–ºk–ºÛ¦nì°ÈÀÈØ´Àà´Ää±II9}=91d±UII9P°°)4ÀÔÔ±µ4ÀÔÔ´ÄÈ³–>;¦nŽï–›žBŽ_Ž«ŽŽ
Ž¸³–>;¦nŽï–›žBŽ_Ž«ŽŽ
Ž¸°±a1U°ÄÈ±9=Q}=11Q³–›žB–nÃ¦nž&§Žï’ê/š–·žÎï–¾û¢Æ‡–’[–Nž¶$±9=Q}MQQ}%9}%Q}M=UI°³¢Ê§–ŽË–ê_ŽïŽ‡ŽóŽ
¯ŽóŽï–Â¦Zš–·¢ž¶'Ž»–³–ò?š†#–Ž¯–úOŽ³–>_–—–#Ž»š2ž’ëŽ¯–úOŽ°°±1M±1M±1M°±QIU°±Lµ4ÀÔÔ´ÀÈ±¡ÑÑÁÌè¼½ÝÝÜ¹Õ¹¹…¸µåÕµ”¹¹•Ð½™¥±•Ì½™½Éµ…Ð½­…¹­å½}•‰½½­}•¹•Í•¸¹Á‘˜³–³–ò?–"–"—š&/–òWŽ7¾ò?–>;¦nŽï–›žBŽ_Ž«ŽŽ
Ž¸°ÈÀÈØ´Àà´Ää±a1U}9=Q%±UII9P°°)4ÀÔØ±µ4ÀÔØ´ÀÄ³žŽ
ŽoŽ
/ŽSŽü³žŽ
ŽoŽ
/ŽSŽü°±AI%5Id°Ä±UI	M%³žRŽSŽÿŽïžÒgŽï–âŽï¦v§Ž
ÓŽƒŽï¦v{–ºç–f£Ž_Ž§ž¶$±9=Q}MQQ}%9}%Q}M=UI°±9=Q}MQQ}%9}%Q}M=UI³žRŽSŽÿŽ¿šÂÓ–"Ž
(³žRëš2–ºk¢Š,°±1M±1M±1M°±1M°±Lµ4ÀÔØ´ÀÄ±¡ÑÑÁÌè¼½ÝÝÜ¹Ñ½Ý¸¹½­Õ¥éÕµ¼¹Í¡¥µ…¹”¹©À½ÝÝÜ½½¹Ñ•¹ÑÌ¼ÄÜÜÌÌààÐÄÈÜÈÜ½™¥±•Ì½Èá½µ¥‰Õ¹‰•ÑÍÔ¹Á‘˜³’î“–J0ã–æÐÓšr#ž&#¾ò?žŽ
ŽoŽ
/ŽSŽü°ÈÀÈØ´Àà´Ää±M=IQ}	U-P±UII9P°°)4ÀÔØ±µ4ÀÔØ´ÀÈ³Ž_Ž§–ºç–f£–2¢Ž³Ž_Ž§–ºç–f£–2¢Ž°±AI%5Id°È±UI	M%³Ž_Ž§Ž{ŽóŽ
¿Ž»–ºç–f£–2¢Ž±9=Q}MQQ}%9}%Q}M=UI°±9=Q}MQQ}%9}%Q}M=UI³šÆkŽ
3Ž
KŽgŽgŽŽŸ¢B÷Ž£Žd°°±1M±1M±1M°±1M°±Lµ4ÀÔØ´ÀÄ±¡ÑÑÁÌè¼½ÝÝÜ¹Ñ½Ý¸¹½­Õ¥éÕµ¼¹Í¡¥µ…¹”¹©À½ÝÝÜ½½¹Ñ•¹ÑÌ¼ÄÜÜÌÌààÐÄÈÜÈÜ½™¥±•Ì½Èá½µ¥‰Õ¹‰•ÑÍÔ¹Á‘˜³’î“–J0ã–æÐÓšr#ž&#¾ò?Ž_Ž§–ºç–f£–2¢Ž°ÈÀÈØ´Àà´Ää±M=IQ}	U-P±UII9P°°)4ÀÔØ±µ4ÀÔØ´ÀÌ³ŽkŽŽ#ŽsŽ#Ž¬³ŽkŽŽ#ŽsŽ#Ž¬°±AI%5Id°Ì±UI	M%±ASŽ{ŽóŽ
¿Ž»ŽsŽ#Ž¬±9=Q}MQQ}%9}%Q}M=UI°±9=Q}MQQ}%9}%Q}M=UI³Ž
·ŽŽŽ_Ž£Ž§ŽgŽ¯Ž
K–’[Ž_ŽŽgŽgŽ@°°±1M±1M±1M°±1M°±Lµ4ÀÔØ´ÀÄ±¡ÑÑÁÌè¼½ÝÝÜ¹Ñ½Ý¸¹½­Õ¥éÕµ¼¹Í¡¥µ…¹”¹©À½ÝÝÜ½½¹Ñ•¹ÑÌ¼ÄÜÜÌÌààÐÄÈÜÈÜ½™¥±•Ì½Èá½µ¥‰Õ¹‰•ÑÍÔ¹Á‘˜³’î“–J0ã–æÐÓšr#ž&#¾ò?ŽkŽŽ#ŽsŽ#Ž¬°ÈÀÈØ´Àà´Ää±M=IQ}	U-P±UII9P°°)4ÀÔØ±µ4ÀÔØ´ÀÐ³ž¦ëŽ7žòØ³ž¦ëŽ7žòØ°±AI%5Id°Ð±UI	M%³¦ŽËšZgžòÛŽïŽ
çŽ_Ž³ŽóžòÛŽïŽ
¯Ž
ïŽŽ#ŽsŽÏŽd±9=Q}MQQ}%9}%Q}M=UI°±9=Q}MQQ}%9}%Q}M=UI³Ž
çŽ_Ž³ŽóžòÛŽïŽ
¯Ž
ïŽŽ#ŽsŽÏŽgŽ¿’â·¢ê¯Ž
K’öÿŽ–"Ž
+Žž¯šÂ_Ž»Ž«Žš&ŽŸž¦ÓŽ
K¦Z/ŽGŽ
,°°±1M±1M±1M°±1M°±Lµ4ÀÔØ´ÀÈ±¡ÑÑÁÌè¼½ÝÝÜ¹Ñ½Ý¸¹½­Õ¥éÕµ¼¹Í¡¥µ…¹”¹©À½­ÕÉ…Í¡¤½½µ¤µÉ•å±”¼ÄÀÀÄÀÀÀÀÀÀÌäÜ¹¡Ñµ°³’î“–J0ã–æÐÓšr#ž&#¾ò?ž¦ëŽ7žòØ°ÈÀÈØ´Àà´Ää±M=IQ}	U-P±UII9P°°)4ÀÔØ±µ4ÀÔØ´ÀÔ³ž¦ëŽ7ŽÏŽ
L³ž¦ëŽ7ŽÏŽ
L°±AI%5Id°Ô±UI	M%³¦ŽË¦Žž&§Žï–2[žÊŸ–NŽï–ºÛ–ê·–âã–
g¢Z³Ž»ŽÏŽ
L±9=Q}MQQ}%9}%Q}M=UI°±9=Q}MQQ}%9}%Q}M=UI³Ž×ŽŽ
K–’[Ž_ŽŽgŽgŽ@°°±1M±1M±1M°±1M°±Lµ4ÀÔØ´ÀÄ±¡ÑÑÁÌè¼½ÝÝÜ¹Ñ½Ý¸¹½­Õ¥éÕµ¼¹Í¡¥µ…¹”¹©À½ÝÝÜ½½¹Ñ•¹ÑÌ¼ÄÜÜÌÌààÐÄÈÜÈÜ½™¥±•Ì½Èá½µ¥‰Õ¹‰•ÑÍÔ¹Á‘˜³’î“–J0ã–æÐÓšr#ž&#¾ò?ž¦ëŽ7ŽÏŽ
L°ÈÀÈØ´Àà´Ää±M=IQ}	U-P±UII9P°°)4ÀÔØ±µ4ÀÔØ´ÀØ³’â7žŽSŽü³’â7žŽSŽü°±AI%5Id°Ø±UI	M%³¦G–Æ{Žï¦fÛ–f£ŽïŽ
³Ž§Ž
çŽï–Â?–z/–ºÛ¦nïž¶$±9=Q}MQQ}%9}%Q}M=UI°±9=Q}MQQ}%9}%Q}M=UI³–Â?–z/–ºÛ¦nïŽ¿–>[Ž
+–’[ŽoŽ
/’æû¦nïšÆƒ¦†{Ž
K–’[Žd°°±1M±1M±1M°±1M°±Lµ4ÀÔØ´ÀÄ±¡ÑÑÁÌè¼½ÝÝÜ¹Ñ½Ý¸¹½­Õ¥éÕµ¼¹Í¡¥µ…¹”¹©À½ÝÝÜ½½¹Ñ•¹ÑÌ¼ÄÜÜÌÌààÐÄÈÜÈÜ½™¥±•Ì½Èá½µ¥‰Õ¹‰•ÑÍÔ¹Á‘˜³’î“–J0ã–æÐÓšr#ž&#¾ò?’â7žŽSŽü°ÈÀÈØ´Àà´Ää±M=IQ}	U-P±UII9P°°)4ÀÔØ±µ4ÀÔØ´ÀÜ³šr'–ºÏŽSŽü³šq¶¬{®0®+^zºè¬è‘ééŠ—¢yk¬øàe8àoË’SPT–KËÕT”ÒQK:&ãyabyàkøàîù.oºfîù¬h:hg‹“ÕÔÕUQÒS—ÐÒUQÔÓÕTÑK“ÕÔÕUQÒS—ÐÒUQÔÓÕTÑK:&ãyabyàkøàj9.oºfîù¬h:hg¸àkùb)xà!xàjøàfxà¢ËSÑKSÑKSÑKSÑKËSLM‹LKÎ‹ËÝÝÝËÝÛ‹›ÚÝZ^[[ËœÚ[X[™KšœÝÝÝËØÛÛ[ËÌMÍÌÌÎLÌËÙš[\ËÜŽÛÛZX[˜™]ÝKœ‹9.é9d£9nm9§"9âb;ï#ù§"yk¬øàe8àoËŒ‹LLNKÓÔ•Ð•PÒÑUÕT”‘S•“LM‹ËSLM‹L9cé9í&zhg‹9cé9í&zhg‹’SPT–K“ÔÓÑ‘‹9¥¬: g¸àîù«­xàç8àï8àêøàîúfäz*£:fäyí&xàîùâfù.løàäxààøà«øàîøà­øàéxàë8ààøàà8àï9í&K“ÕÔÕUQÒS—ÐÒUQÔÓÕTÑK“ÕÔÕUQÒS—ÐÒUQÔÓÕTÑK9cé9í&yfç¹cã¹¥éyê"øàjùo¤øàa‹SÑKSÑKSÑKSÑKËSLM‹LKÎ‹ËÝÝÝËÝÛ‹›ÚÝZ^[[ËœÚ[X[™KšœÝÝÝËØÛÛ[ËÌMÍÌÌÎLÌËÙš[\ËÜŽÛÛZX[˜™]ÝKœ‹9.é9d£9nm9§"9âb;ï#ùcé9í&zhg‹Œ‹LLNK‘Q‘T‘SÑWÓÓ“KÕT”‘S•“LM‹ËSLM‹LK9ì¥ùi)øàe8àoË9ì¥ùi)øàe8àoË’SPT–KK“ÔÓÑ‘‹:(¢øàjùaixà¢xàj¸àa9cëùáàøàîù.#yáàùi)ùg¢ùdàK“ÕÔÕUQÒS—ÐÒUQÔÓÕTÑK“ÕÔÕUQÒS—ÐÒUQÔÓÕTÑK“ÕÔÕUQÒS—ÐÒUQÔÓÕTÑK•QKSÑKSÑKSÑKËSLM‹LKÎ‹ËÝÝÝËÝÛ‹›ÚÝZ^[[ËœÚ[X[™KšœÝÝÝËØÛÛ[ËÌMÍÌÌÎLÌËÙš[\ËÜŽÛÛZX[˜™]ÝKœ‹9.é9d£9nm9§"9âb;ï#ùì¥ùi)øàe8àoËŒ‹LLNK‘Q‘T‘SÑWÓÓ“KÕT”‘S•“LM‹ËSLM‹LL9¬-:b 9/oùå*:(ïydàK9¬-:b 9/oùå*:(ïydàK’SPT–KL“ÔÓÑ‘‹9¬-:b 9/dù®*z*"8àîù®*yn©º*"8àîú(`9g)ú*"“ÕÔÕUQÒS—ÐÒUQÔÓÕTÑK“ÕÔÕUQÒS—ÐÒUQÔÓÕTÑK9è-9¤#xàeøàj¸àa8à¢8àa¹fç¹cã¸àç8ààøà«øà®xànSÑKSÑKSÑKSÑKËSLM‹LKÎ‹ËÝÝÝËÝÛ‹›ÚÝZ^[[ËœÚ[X[™KšœÝÝÝËØÛÛ[ËÌMÍÌÌÎLÌËÙš[\ËÜŽÛÛZX[˜™]ÝKœ‹9.é9d£9nm9§"9âb;ï#ù¬-:b 9/oùå*:(ïydàKŒ‹LLNK‘Q‘T‘SÑWÓÓ“KÕT”‘S•“LM‹ËSLM‹LLK9å.¸àiùaé¹ä!¸àiøàcxàj¸àa8àe8àoË9å.¸àiùaé¹ä!¸àiøàcxàj¸àa8àe8àoËVÓQQLK“ÕÐÓÓPÕQ9k­ºfîÍ9dàyæë¸àîùå(ùnàøàîú/¬¹ªgùamøàîú/¬º%«8àîùaé¹ä!¹fì:fèùâjyëbK“ÕÔÕUQÒS—ÐÒUQÔÓÕTÑK:,ªyhì¹n¥øàîøàèxàï8àªøàï8àîùl ºe 9©kz !yëbxàk¹ak9o#ù¨b9a¡xàjùo¤øàa‹9cåùaiyab8àk¹£!ùé.¸àjùo¤øàa‹SÑKSÑKSÑK•QKËSLM‹LKÎ‹ËÝÝÝËÝÛ‹›ÚÝZ^[[ËœÚ[X[™KšœÝÝÝËØÛÛ[ËÌMÍÌÌÎLÌËÙš[\ËÜŽÛÛZX[˜™]ÝKœ‹9.é9d£9nm9§"9âb;ï#ùå.¸àiùaé¹ä!¸àiøàcxàj¸àa8àe8àoËŒ‹LLNKVÓQQÓ“ÕPÑKÕT”‘S•“LMËËSLMËLK9áàøà¡8àføà¢øàe8àoË9áàøà¡8àføà¢øàe8àoË’SPT–KKÕT”ÒQK9cëùáàù )ùk­¹n«xàe8àoË“ÕÔÕUQÒS—ÐÒUQÔÓÕTÑK“ÕÔÕUQÒS—ÐÒUQÔÓÕTÑK“ÕÔÕUQÒS—ÐÒUQÔÓÕTÑKSÑKSÑKSÑKSÑKËSLMËL‹Î‹ËÝÝÝË[›˜[‹^][YK›™]Ùš[\ËÙ›Ü›X]ÚØ[šÞ[×ÙX›ÛÚ×ÚZ\ÚKœ‹8àa8àa8àeÐÐùb!¹b)y¢bùo%xàc{ï#ùáàøà¡8àføà¢øàe8àoËŒ‹LLNKÓÔ•Ð•PÒÑUÕT”‘S•“LMËËSLMËL‹:,áù®¤8àe8àoûï"8àäøàìøàîøàªøàìûï"K:,áù®¤8àe8àoûï"8àäøàìøàîøàªøàìûï"K’SPT–K‹ÕT”ÒQK:hìºhçùå*8àløà¤øàîùï-‹“ÕÔÕUQÒS—ÐÒUQÔÓÕTÑK“ÕÔÕUQÒS—ÐÒUQÔÓÕTÑK9.+z.ªøà¤¹ên¸àjøàeù­%øàa‹SÑKSÑKSÑKSÑKËSLMËL‹Î‹ËÝÝÝË[›˜[‹^][YK›™]Ùš[\ËÙ›Ü›X]ÚØ[šÞ[×ÙX›ÛÚ×ÚZ\ÚKœ‹8àa8àa8àeÐÐùb!¹b)y¢bùo%xàc{ï#ú,áù®¤8àe8àoûï"8àäøàìøàîøàªøàìûï"KŒ‹LLNKÓÔ•Ð•PÒÑUÕT”‘S•“LMËËSLMËLË:,áù®¤8àe8àoûï"9cé9í&{ï"K:,áù®¤8àe8àoûï"9cé9í&{ï"K’SPT–KËÕT”ÒQK9¥¬: g¸àîúfäz*£8àîù«­xàç8àï8àêùëbK“ÕÔÕUQÒS—ÐÒUQÔÓÕTÑK“ÕÔÕUQÒS—ÐÒUQÔÓÕTÑK9ê+ºhg¹b)xàjøào¸àj8à xà¢ËSÑKSÑKSÑKSÑKËSLMËL‹Î‹ËÝÝÝË[›˜[‹^][YK›™]Ùš[\ËÙ›Ü›X]ÚØ[šÞ[×ÙX›ÛÚ×ÚZ\ÚKœ‹8àa8àa8àeÐÐùb!¹b)y¢bùo%xàc{ï#ú,áù®¤8àe8àoûï"9cé9í&{ï"KŒ‹LLNKÓÔ•Ð•PÒÑUÕT”‘S•“LMËËSLMËL:fm¹fj8àîøà«8àêxà®zhg‹:fm¹fj8àîøà«8àêxà®zhg‹’SPT–KÕT”ÒQK:fm¹fj8àîøà«8àêxà®zhg‹“ÕÔÕUQÒS—ÐÒUQÔÓÕTÑK“ÕÔÕUQÒS—ÐÒUQÔÓÕTÑK“ÕÔÕUQÒS—ÐÒUQÔÓÕTÑKSÑKSÑKSÑKSÑKËSLMËL‹Î‹ËÝÝÝË[›˜[‹^][YK›™]Ùš[\ËÙ›Ü›X]ÚØ[šÞ[×ÙX›ÛÚ×ÚZ\ÚKœ‹8àa8àa8àeÐÐùb!¹b)y¢bùo%xàc{ï#úfm¹fj8àîøà«8àêxà®zhg‹Œ‹LLNKÓÔ•Ð•PÒÑUÕT”‘S•“LMËËSLMËLK8àcøài:hg¸àîøàåøàêxà®xààxààøà«úhg‹8àcøài:hg¸àîøàåøàêxà®xààxààøà«úhg‹’SPT–KKÕT”ÒQK:gm8àîøàåøàêxà®xààxààøà«ú(ïydàyëbK“ÕÔÕUQÒS—ÐÒUQÔÓÕTÑK“ÕÔÕUQÒS—ÐÒUQÔÓÕTÑK“ÕÔÕUQÒS—ÐÒUQÔÓÕTÑKSÑKSÑKSÑKSÑKËSLMËL‹Î‹ËÝÝÝË[›˜[‹^][YK›™]Ùš[\ËÙ›Ü›X]ÚØ[šÞ[×ÙX›ÛÚ×ÚZ\ÚKœ‹8àa8àa8àeÐÐùb!¹b)y¢bùo%xàc{ï#øàcøài:hg¸àîøàåøàêxà®xààxààøà«úhg‹Œ‹LLNKÓÔ•Ð•PÒÑUÕT”‘S•“LMËËSLMËL‹:aäylgºhg»ï"9l#ùg¢ùk­ºfîúhg¹d*øà ;ï"K:aäylgºhg»ï"9l#ùg¢ùk­ºfîúhg¹d*øà ;ï"K’SPT–K‹ÕT”ÒQK:aäylg¸àîùl#ùg¢ùk­ºfîúhg‹“ÕÔÕUQÒS—ÐÒUQÔÓÕTÑK“ÕÔÕUQÒS—ÐÒUQÔÓÕTÑK9cå¸à¢¹i%¸àføà¢úfîù¬h8à¤¹i%¸àfKSÑKSÑKSÑKSÑKËSLMËL‹Î‹ËÝÝÝË[›˜[‹^][YK›™]Ùš[\ËÙ›Ü›X]ÚØ[šÞ[×ÙX›ÛÚ×ÚZ\ÚKœ‹8àa8àa8àeÐÐùb!¹b)y¢bùo%xàc{ï#úaäylgºhg»ï"9l#ùg¢ùk­ºfîúhg¹d*øà ;ï"KŒ‹LLNKÓÔ•Ð•PÒÑUÕT”‘S•“LMËËSLMËLË9àl:hg‹9àl:hg‹’SPT–KËÕT”ÒQK9k­¹n«xàbøà¢yaî¸à¢ùàl“ÕÔÕUQÒS—ÐÒUQÔÓÕTÑK“ÕÔÕUQÒS—ÐÒUQÔÓÕTÑK“ÕÔÕUQÒS—ÐÒUQÔÓÕTÑKSÑKSÑKSÑKSÑKËSLMËL‹Î‹ËÝÝÝË[›˜[‹^][YK›™]Ùš[\ËÙ›Ü›X]ÚØ[šÞ[×ÙX›ÛÚ×ÚZ\ÚKœ‹8àa8àa8àeÐÐùb!¹b)y¢bùo%xàc{ï#ùàl:hg‹Œ‹LLNKÓÔ•Ð•PÒÑUÕT”‘S•“LMËËSLMËL9§"yk¬øàe8àoÌK9§"yk¬øàe8àoÌK’SPT–KÕT”ÒQK:&ãyabyàkúhg‹“ÕÔÕUQÒS—ÐÒUQÔÓÕTÑK“ÕÔÕUQÒS—ÐÒUQÔÓÕTÑK9è-9¤#xàeøàj¸àa8à¢8àa¹/çz+mËSÑKSÑKSÑKSÑKËSLMËL‹Î‹ËÝÝÝË[›˜[‹^][YK›™]Ùš[\ËÙ›Ü›X]ÚØ[šÞ[×ÙX›ÛÚ×ÚZ\ÚKœ‹8àa8àa8àeÐÐùb!¹b)y¢bùo%xàc{ï#ù§"yk¬øàe8àoÌKŒ‹LLNKÓÔ•Ð•PÒÑUÕT”‘S•“LMËËSLMËLK9§"yk¬øàe8àoÌ‹9§"yk¬øàe8àoÌ‹’SPT–KKÕT”ÒQK9.oºfîù¬h8àîù¬-:b :(ïydàxàîúfîùkd8àgøàl8àdùëbK“ÕÔÕUQÒS—ÐÒUQÔÓÕTÑK“ÕÔÕUQÒS—ÐÒUQÔÓÕTÑK:fîù¬h:hg¸àkùêëùkd8à¤¹ím¹î KSÑKSÑKSÑKSÑKËSLMËL‹Î‹ËÝÝÝË[›˜[‹^][YK›™]Ùš[\ËÙ›Ü›X]ÚØ[šÞ[×ÙX›ÛÚ×ÚZ\ÚKœ‹8àa8àa8àeÐÐùb!¹b)y¢bùo%xàc{ï#ù§"yk¬øàe8àoÌ‹Œ‹LLNKÓÔ•Ð•PÒÑUÕT”‘S•“LMËËSLMËLL9ì¥ùi)øàe8àoûï"9æí9£©y£ z/¯8àoûï"K9ì¥ùi)øàe8àoûï"9æí9£©y£ z/¯8àoûï"K’SPT–KL“ÔÓÑ‘‹9i)ùg¢ùk­¹n«xàe8àoË“ÕÔÕUQÒS—ÐÒUQÔÓÕTÑK“ÕÔÕUQÒS—ÐÒUQÔÓÕTÑK“ÕÔÕUQÒS—ÐÒUQÔÓÕTÑK•QKSÑKSÑKSÑKËSLMËL‹Î‹ËÝÝÝË[›˜[‹^][YK›™]Ùš[\ËÙ›Ü›X]ÚØ[šÞ[×ÙX›ÛÚ×ÚZ\ÚKœ‹8àa8àa8àeÐÐùb!¹b)y¢bùo%xàc{ï#ùì¥ùi)øàe8àoûï"9æí9£©y£ z/¯8àoûï"KŒ‹LLNK‘Q‘T‘SÑWÓÓ“KÕT”‘S•“LMËËSLMËLLK9ânyk¦¹k­ºfîË9ânyk¦¹k­ºfîË’SPT–KLK“ÔÓÑ‘‹9k­ºfîÍ9dàyæë‹“ÕÔÕUQÒS—ÐÒUQÔÓÕTÑK“ÕÔÕUQÒS—ÐÒUQÔÓÕTÑK“ÕÔÕUQÒS—ÐÒUQÔÓÕTÑKSÑKSÑKSÑKSÑKËSLMËL‹Î‹ËÝÝÝË[›˜[‹^][YK›™]Ùš[\ËÙ›Ü›X]ÚØ[šÞ[×ÙX›ÛÚ×ÚZ\ÚKœ‹8àa8àa8àeÐÐùb!¹b)y¢bùo%xàc{ï#ùânyk¦¹k­ºfîËŒ‹LLNK‘Q‘T‘SÑWÓÓ“KÕT”‘S•“LMËËSLMËLL‹9aé¹ä!¸àiøàcxàj¸àa8àe8àoË9aé¹ä!¸àiøàcxàj¸àa8àe8àoËVÓQQL‹“ÕÐÓÓPÕQ9aé¹ä!¹fì:fèùâjxàîùkïº,hyi%¹dàK“ÕÔÕUQÒS—ÐÒUQÔÓÕTÑK:,ªyhì¹n¥øàîøàèxàï8àªøàï8àîùl ºe 9©kz !yëbxàk¹ak9o#ù¨b9a¡xàjùo¤øàa‹9cåùaiyab8àk¹£!ùé.¸àjùo¤øàa‹SÑKSÑKSÑK•QKËSLMËL‹Î‹ËÝÝÝË[›˜[‹^][YK›™]Ùš[\ËÙ›Ü›X]ÚØ[šÞ[×ÙX›ÛÚ×ÚZ\ÚKœ‹8àa8àa8àeÐÐùb!¹b)y¢bùo%xàc{ï#ùaé¹ä!¸àiøàcxàj¸àa8àe8àoËŒ‹LLNKVÓQQÓ“ÕPÑKÕT”‘S•“LNËSLNLK9áàøàb8à¢øàe8àoË9áàøàb8à¢øàe8àoË’SPT–KKÕT”ÒQK9å'øàe8àoøàîùí&xàcøàf¸àîúgg¹k®yfj8àåøàêyëbK“ÕÔÕUQÒS—ÐÒUQÔÓÕTÑK“ÕÔÕUQÒS—ÐÒUQÔÓÕTÑK9å'øàe8àoøàkù¬-9b!øà¢‹SÑKSÑKSÑKSÑKËSLNLKÎ‹ËÝÝÝËÝÛ‹œÚ[X[™KZØ]Ø[[ÝË›ËšœÙÞ[ÜÙZKÙÞ[ÜÙZWÙ[š\›Û›Y[Ù[š\›Û›Y[ÍÍÍË9b!¹b)yc.¹b!»ï#ùáàøàb8à¢øàe8àoËŒ‹LLNKÓÔ•Ð•PÒÑUÕT”‘S•“LNËSLNL‹9cé9í&zhg¸àîùí&xàäxààøà«Ë9cé9í&zhg¸àîùí&xàäxààøà«Ë’SPT–K‹ÕT”ÒQK9¥¬: g¸àîúfäz*£8àîù«­xàç8àï8àêøàîùí&xàäxààøà«Ë“ÕÔÕUQÒS—ÐÒUQÔÓÕTÑK“ÕÔÕUQÒS—ÐÒUQÔÓÕTÑK9ê+ºhg¹b)xàjøào¸àj8à xà¢ËSÑKSÑKSÑKSÑKËSLNLKÎ‹ËÝÝÝËÝÛ‹œÚ[X[™KZØ]Ø[[ÝË›ËšœÙÞ[ÜÙZKÙÞ[ÜÙZWÙ[š\›Û›Y[Ù[š\›Û›Y[ÍÍÍË9b!¹b)yc.¹b!»ï#ùcé9í&zhg¸àîùí&xàäxààøà«ËŒ‹LLNKÓÔ•Ð•PÒÑUÕT”‘S•“LNËSLNLË9¥¬: g¹í&xàîù¢¦:/¯9n ùdb‹9¥¬: g¹í&xàîù¢¦:/¯9n ùdb‹ËSLNL‹ÕPÐUQÓÔ–KËÕT”ÒQK9¥¬: g¹í&xàîù¢¦:/¯9n ùdb‹“ÕÔÕUQÒS—ÐÒUQÔÓÕTÑK“ÕÔÕUQÒS—ÐÒUQÔÓÕTÑK8àl¸à ¸àiùc`ykeøàjøàcøàcøà¢ËSÑKSÑKSÑKSÑKËSLNLKÎ‹ËÝÝÝËÝÛ‹œÚ[X[™KZØ]Ø[[ÝË›ËšœÙÞ[ÜÙZKÙÞ[ÜÙZWÙ[š\›Û›Y[Ù[š\›Û›Y[ÍÍÍË9cé9í&zhg¸àîùí&xàäxààøà«ûï#ù¥¬: g¹í&xàîù¢¦:/¯9n ùdb‹Œ‹LLNK‘Q‘T‘SÑWÓÓ“KÕT”‘S•“LNËSLNL9n ùdb¸àîúfäz*£8àîù¦î9ìcK9n ùdb¸àîúfäz*£8àîù¦î9ìcKËSLNL‹ÕPÐUQÓÔ–KÕT”ÒQK9n ùdb¸àîúfäz*£8àîù¦î9ìcK“ÕÔÕUQÒS—ÐÒUQÔÓÕTÑK“ÕÔÕUQÒS—ÐÒUQÔÓÕTÑK8àl¸à ¸àiùc`ykeøàjøàcøàcøà¢ËSÑKSÑKSÑKSÑKËSLNLKÎ‹ËÝÝÝËÝÛ‹œÚ[X[™KZØ]Ø[[ÝË›ËšœÙÞ[ÜÙZKÙÞ[ÜÙZWÙ[š\›Û›Y[Ù[š\›Û›Y[ÍÍÍË9cé9í&zhg¸àîùí&xàäxààøà«ûï#ùn ùdb¸àîúfäz*£8àîù¦î9ìcKŒ‹LLNK‘Q‘T‘SÑWÓÓ“KÕT”‘S•“LNËSLNLK9«­xàç8àï8àêË9«­xàç8àï8àêËËSLNL‹ÕPÐUQÓÔ–KKÕT”ÒQK9«­xàç8àï8àêË“ÕÔÕUQÒS—ÐÒUQÔÓÕTÑK“ÕÔÕUQÒS—ÐÒUQÔÓÕTÑK8àl¸à ¸àiùc`ykeøàjøàcøàcøà¢ËSÑKSÑKSÑKSÑKËSLNLKÎ‹ËÝÝÝËÝÛ‹œÚ[X[™KZØ]Ø[[ÝË›ËšœÙÞ[ÜÙZKÙÞ[ÜÙZWÙ[š\›Û›Y[Ù[š\›Û›Y[ÍÍÍË9cé9í&zhg¸àîùí&xàäxààøà«ûï#ù«­xàç8àï8àêËŒ‹LLNK‘Q‘T‘SÑWÓÓ“KÕT”‘S•“LNËSLNL‹9í&xàäxààøà«Ë9í&xàäxààøà«ËËSLNL‹ÕPÐUQÓÔ–K‹ÕT”ÒQK9âfù.løàîøà®8àéxàï8à®yëbxàk¹í&xàäxààøà«Ë“ÕÔÕUQÒS—ÐÒUQÔÓÕTÑK“ÕÔÕUQÒS—ÐÒUQÔÓÕTÑK9­%øàhøàiºe¢øàcy.o¸àbøàeøà xàl¸à ¸àiøào¸àj8à xà¢ËSÑKSÑKSÑKSÑKËSLNLKÎ‹ËÝÝÝËÝÛ‹œÚ[X[™KZØ]Ø[[ÝË›ËšœÙÞ[ÜÙZKÙÞ[ÜÙZWÙ[š\›Û›Y[Ù[š\›Û›Y[ÍÍÍË9cé9í&zhg¸àîùí&xàäxààøà«ûï#ùí&xàäxààøà«ËŒ‹LLNK‘Q‘T‘SÑWÓÓ“KÕT”‘S•“LNËSLNLË9k®yfj9c!z(áyí&K9k®yfj9c!z(áyí&K’SPT–KËÕT”ÒQK9í&xàç¸àï8à«øàk¹k®yfj9c!z(áK“ÕÔÕUQÒS—ÐÒUQÔÓÕTÑK“ÕÔÕUQÒS—ÐÒUQÔÓÕTÑK9ål9âjxà¤ºfi8àcxà y¬f¸à£8àc9cå¸à£8àj¸àa9âjxàkùáàøàb8à¢øàe8àoËSÑKSÑKSÑKSÑKËSLNLKÎ‹ËÝÝÝËÝÛ‹œÚ[X[™KZØ]Ø[[ÝË›ËšœÙÞ[ÜÙZKÙÞ[ÜÙZWÙ[š\›Û›Y[Ù[š\›Û›Y[ÍÍÍË9b!¹b)yc.¹b!»ï#ùk®yfj9c!z(áyí&KŒ‹LLNKÓÔ•Ð•PÒÑUÕT”‘S•“LNËSLNL9k®yfj9c!z(áxàåøàêxà®xààxààøà«Ë9k®yfj9c!z(áxàåøàêxà®xààxààøà«Ë’SPT–KÕT”ÒQK8àåøàêxàç¸àï8à«øàk¹k®yfj9c!z(áK“ÕÔÕUQÒS—ÐÒUQÔÓÕTÑK“ÕÔÕUQÒS—ÐÒUQÔÓÕTÑK9ål9âjxà¤ºfi8àcy­%øàhøài¹¬-9b!øà¢¸à ¹¬f¸à£8àc9cå¸à£8àj¸àa9âjxàkùáàøàb8à¢øàe8àoËSÑKSÑKSÑKSÑKËSLNLKÎ‹ËÝÝÝËÝÛ‹œÚ[X[™KZØ]Ø[[ÝË›ËšœÙÞ[ÜÙZKÙÞ[ÜÙZWÙ[š\›Û›Y[Ù[š\›Û›Y[ÍÍÍË9b!¹b)yc.¹b!»ï#ùk®yfj9c!z(áxàåøàêxà®xààxààøà«ËŒ‹LLNKÓÔ•Ð•PÒÑUÕT”‘S•“LNËSLNLK8àäøàìË8àäøàìË’SPT–KKÕT”ÒQK:hçùdàxàîúhì¹¥¦yå*8àløà¤Ë“ÕÔÕUQÒS—ÐÒUQÔÓÕTÑK“ÕÔÕUQÒS—ÐÒUQÔÓÕTÑK8àmxàgøà¤¹i%¸àeù.+xà¤¸àfxàfxàdSÑKSÑKSÑKSÑKËSLNLKÎ‹ËÝÝÝËÝÛ‹œÚ[X[™KZØ]Ø[[ÝË›ËšœÙÞ[ÜÙZKÙÞ[ÜÙZWÙ[š\›Û›Y[Ù[š\›Û›Y[ÍÍÍË9b!¹b)yc.¹b!»ï#øàäøàìËŒ‹LLNKÓÔ•Ð•PÒÑUÕT”‘S•“LNËSLNLL8àªøàìË8àªøàìË’SPT–KLÕT”ÒQK:hì¹¥¦yå*9ï-‹“ÕÔÕUQÒS—ÐÒUQÔÓÕTÑK“ÕÔÕUQÒS—ÐÒUQÔÓÕTÑK9.+xà¤¸àfxàfxàc¸à xài8àm¸àexàj¸àaSÑKSÑKSÑKSÑKËSLNLKÎ‹ËÝÝÝËÝÛ‹œÚ[X[™KZØ]Ø[[ÝË›ËšœÙÞ[ÜÙZKÙÞ[ÜÙZWÙ[š\›Û›Y[Ù[š\›Û›Y[ÍÍÍË9b!¹b)yc.¹b!»ï#øàªøàìËŒ‹LLNKÓÔ•Ð•PÒÑUÕT”‘S•“LNËSLNLLK8àæ¸ààøàâ8àç8àâ8àêË8àæ¸ààøàâ8àç8àâ8àêË’SPT–KLKÕT”ÒQKU8àç¸àï8à«øàk¸àç8àâ8àêË“ÕÔÕUQÒS—ÐÒUQÔÓÕTÑK“ÕÔÕUQÒS—ÐÒUQÔÓÕTÑK8àmxàgøàj8àêxàæxàêøà¤¹b!¹b)xàeù.+xà¤¸àfxàfxàdSÑKSÑKSÑKSÑKËSLNLKÎ‹ËÝÝÝËÝÛ‹œÚ[X[™KZØ]Ø[[ÝË›ËšœÙÞ[ÜÙZKÙÞ[ÜÙZWÙ[š\›Û›Y[Ù[š\›Û›Y[ÍÍÍË9b!¹b)yc.¹b!»ï#øàæ¸ààøàâ8àç8àâ8àêËŒ‹LLNKÓÔ•Ð•PÒÑUÕT”‘S•“LNËSLNLL‹9.#yáàøàe8àoË9.#yáàøàe8àoË’SPT–KL‹ÕT”ÒQK8à«8àêxà®xàîúfm¹èàyfj8àîúaäylg¸àîùl#ùg¢úfîùc%º(ïydàyëbK“ÕÔÕUQÒS—ÐÒUQÔÓÕTÑK“ÕÔÕUQÒS—ÐÒUQÔÓÕTÑK8à®xàåøàë8àï9ï-¸àîøàªøà®øààøàâ8àç8àìøàæxàkù.+z.ªøà¤¹/oøàa9b!øà¢¸à yàjù¬%øàk¸àj¸àa9lbùi%¸àiùêm8à¤ºe¢øàdxà¢ËSÑKSÑKSÑKSÑKËSLNLKÎ‹ËÝÝÝËÝÛ‹œÚ[X[™KZØ]Ø[[ÝË›ËšœÙÞ[ÜÙZKÙÞ[ÜÙZWÙ[š\›Û›Y[Ù[š\›Û›Y[ÍÍÍË9b!¹b)yc.¹b!»ï#ù.#yáàøàe8àoËŒ‹LLNKÓÔ•Ð•PÒÑUÕT”‘S•“LNËSLNLLË9§"yk¬øàe8àoË9§"yk¬øàe8àoË’SPT–KLËÕT”ÒQK:fîù¬h8àîú&ãyabyë¨xàîù¬-:b :(ïydàyëbK“ÕÔÕUQÒS—ÐÒUQÔÓÕTÑK“ÕÔÕUQÒS—ÐÒUQÔÓÕTÑK9.+z.ªøàkº)¢øàb8à¢ú(¢ùëbxà yak9o#ù£!ùk¦¹¥®y¬åxàjùo¤øàa‹SÑKSÑKSÑKSÑKËSLNLKÎ‹ËÝÝÝËÝÛ‹œÚ[X[™KZØ]Ø[[ÝË›ËšœÙÞ[ÜÙZKÙÞ[ÜÙZWÙ[š\›Û›Y[Ù[š\›Û›Y[ÍÍÍË9b!¹b)yc.¹b!»ï#ù§"yk¬øàe8àoËŒ‹LLNKÓÔ•Ð•PÒÑUÕT”‘S•“LNËSLNLM9ì¥ùi)øàe8àoË9ì¥ùi)øàe8àoË’SPT–KMÕT”ÒQK9kçyamøàîùk­¹amøàîùi)ùg¢úfîùc%º(ïydàyëbK“ÕÔÕUQÒS—ÐÒUQÔÓÕTÑK“ÕÔÕUQÒS—ÐÒUQÔÓÕTÑK9áàù¥¦xàîúfîù¬h8à¤¹cå¸à¢ºfi8àcË•QKSÑKSÑKSÑKËSLNLKÎ‹ËÝÝÝËÝÛ‹œÚ[X[™KZØ]Ø[[ÝË›ËšœÙÞ[ÜÙZKÙÞ[ÜÙZWÙ[š\›Û›Y[Ù[š\›Û›Y[ÍÍÍË9b!¹b)yc.¹b!»ï#ùì¥ùi)øàe8àoËŒ‹LLNKÓÔ•Ð•PÒÑUÕT”‘S•“LNËSLNLMK9cãºfá¸àîùaé¹ä!¸àiøàcxàj¸àa8à ¸àk‹9cãºfá¸àîùaé¹ä!¸àiøàcxàj¸àa8à ¸àk‹VÓQQMK“ÕÐÓÓPÕQ9k­ºfîÍ9dàyæë¸àîùaé¹ä!¹fì:fèùâjyëbK“ÕÔÕUQÒS—ÐÒUQÔÓÕTÑK:,ªyhì¹n¥øàîøàèxàï8àªøàï8àîùl ºe 9©kz !yëbxàk¹ak9o#ù¨b9a¡xàjùo¤øàa‹9cåùaiyab8àk¹£!ùé.¸àjùo¤øàa‹SÑKSÑKSÑK•QKËSLNLKÎ‹ËÝÝÝËÝÛ‹œÚ[X[™KZØ]Ø[[ÝË›ËšœÙÞ[ÜÙZKÙÞ[ÜÙZWÙ[š\›Û›Y[Ù[š\›Û›Y[ÍÍÍË9b!¹b)y¨b9a¡{ï#ùcãºfá¸àîùaé¹ä!¸àiøàcxàj¸àa8à ¸àk‹Œ‹LLNKVÓQQÓ“ÕPÑKÕT”‘S•“LNKËSLNKLK9áàøàb8à¢øàe8àoË9áàøàb8à¢øàe8àoË’SPT–KKÕT”ÒQK9å'øàe8àoøàîùí&xàcøàf¸àîúgg¹k®yfj8àåøàêyëbK“ÕÔÕUQÒS—ÐÒUQÔÓÕTÑK“ÕÔÕUQÒS—ÐÒUQÔÓÕTÑK9å'øàe8àoøàkù¬-9b!øà¢‹SÑKSÑKSÑKSÑKËSLNKLKÎ‹ËÙÛÝ‹ÝÛ‹œÚ[X[™K[Z\Ø]Ë›ËšœÚÝ\˜\ÚKÚØ[šÞ[ËÌ‹ÙÝZYK9b!¹b)yc.¹b!»ï#ùáàøàb8à¢øàe8àoËŒ‹LLNKÓÔ•Ð•PÒÑUÕT”‘S•“LNKËSLNKL‹9cé9í&zhg¸àîùí&xàäxààøà«Ë9cé9í&zhg¸àîùí&xàäxààøà«Ë’SPT–K‹ÕT”ÒQK9¥¬: g¸àîúfäz*£8àîù«­xàç8àï8àêøàîùí&xàäxààøà«Ë“ÕÔÕUQÒS—ÐÒUQÔÓÕTÑK“ÕÔÕUQÒS—ÐÒUQÔÓÕTÑK9ê+ºhg¹b)xàjøào¸àj8à xà¢ËSÑKSÑKSÑKSÑKËSLNKLKÎ‹ËÙÛÝ‹ÝÛ‹œÚ[X[™K[Z\Ø]Ë›ËšœÚÝ\˜\ÚKÚØ[šÞ[ËÌ‹ÙÝZYK9b!¹b)yc.¹b!»ï#ùcé9í&zhg¸àîùí&xàäxààøà«ËŒ‹LLNKÓÔ•Ð•PÒÑUÕT”‘S•“LNKËSLNKLË9¥¬: g¹í&xàîù¢¦:/¯9n ùdb‹9¥¬: g¹í&xàîù¢¦:/¯9n ùdb‹ËSLNKL‹ÕPÐUQÓÔ–KËÕT”ÒQK9¥¬: g¹í&xàîù¢¦:/¯9n ùdb‹“ÕÔÕUQÒS—ÐÒUQÔÓÕTÑK“ÕÔÕUQÒS—ÐÒUQÔÓÕTÑK8àl¸à ¸àiùc`ykeøàjøàcøàcøà¢ËSÑKSÑKSÑKSÑKËSLNKLKÎ‹ËÙÛÝ‹ÝÛ‹œÚ[X[™K[Z\Ø]Ë›ËšœÚÝ\˜\ÚKÚØ[šÞ[ËÌ‹ÙÝZYK9cé9í&zhg¸àîùí&xàäxààøà«ûï#ù¥¬: g¹í&xàîù¢¦:/¯9n ùdb‹Œ‹LLNK‘Q‘T‘SÑWÓÓ“KÕT”‘S•“LNKËSLNKL9n ùdb¸àîúfäz*£8àîù¦î9ìcK9n ùdb¸àîúfäz*£8àîù¦î9ìcKËSLNKL‹ÕPÐUQÓÔ–KÕT”ÒQK9n ùdb¸àîúfäz*£8àîù¦î9ìcK“ÕÔÕUQÒS—ÐÒUQÔÓÕTÑK“ÕÔÕUQÒS—ÐÒUQÔÓÕTÑK8àl¸à ¸àiùc`ykeøàjøàcøàcøà¢ËSÑKSÑKSÑKSÑKËSLNKLKÎ‹ËÙÛÝ‹ÝÛ‹œÚ[X[™K[Z\Ø]Ë›ËšœÚÝ\˜\ÚKÚØ[šÞ[ËÌ‹ÙÝZYK9cé9í&zhg¸àîùí&xàäxààøà«ûï#ùn ùdb¸àîúfäz*£8àîù¦î9ìcKŒ‹LLNK‘Q‘T‘SÑWÓÓ“KÕT”‘S•“LNKËSLNKLK9«­xàç8àï8àêË9«­xàç8àï8àêËËSLNKL‹ÕPÐUQÓÔ–KKÕT”ÒQK9«­xàç8àï8àêË“ÕÔÕUQÒS—ÐÒUQÔÓÕTÑK“ÕÔÕUQÒS—ÐÒUQÔÓÕTÑK8àl¸à ¸àiùc`ykeøàjøàcøàcøà¢ËSÑKSÑKSÑKSÑKËSLNKLKÎ‹ËÙÛÝ‹ÝÛ‹œÚ[X[™K[Z\Ø]Ë›ËšœÚÝ\˜\ÚKÚØ[šÞ[ËÌ‹ÙÝZYK9cé9í&zhg¸àîùí&xàäxààøà«ûï#ù«­xàç8àï8àêËŒ‹LLNK‘Q‘T‘SÑWÓÓ“KÕT”‘S•“LNKËSLNKL‹9í&xàäxààøà«Ë9í&xàäxààøà«ËËSLNKL‹ÕPÐUQÓÔ–K‹ÕT”ÒQK9âfù.løàîøà®8àéxàï8à®yëbxàk¹í&xàäxààøà«Ë“ÕÔÕUQÒS—ÐÒUQÔÓÕTÑK“ÕÔÕUQÒS—ÐÒUQÔÓÕTÑK9­%øàhøàiºe¢øàcy.o¸àbøàeøà xàl¸à ¸àiøào¸àj8à xà¢ËSÑKSÑKSÑKSÑKËSLNKLKÎ‹ËÙÛÝ‹ÝÛ‹œÚ[X[™K[Z\Ø]Ë›ËšœÚÝ\˜\ÚKÚØ[šÞ[ËÌ‹ÙÝZYK9cé9í&zhg¸àîùí&xàäxààøà«ûï#ùí&xàäxààøà«ËŒ‹LLNK‘Q‘T‘SÑWÓÓ“KÕT”‘S•“LNKËSLNKLË9k®yfj9c!z(áyí&K9k®yfj9c!z(áyí&K’SPT–KËÕT”ÒQK9í&xàç¸àï8à«øàk¹k®yfj9c!z(áK“ÕÔÕUQÒS—ÐÒUQÔÓÕTÑK“ÕÔÕUQÒS—ÐÒUQÔÓÕTÑK9ål9âjxà¤ºfi8àcxà y¬f¸à£8àc9cå¸à£8àj¸àa9âjxàkùáàøàb8à¢øàe8àoËSÑKSÑKSÑKSÑKËSLNKLKÎ‹ËÙÛÝ‹ÝÛ‹œÚ[X[™K[Z\Ø]Ë›ËšœÚÝ\˜\ÚKÚØ[šÞ[ËÌ‹ÙÝZYK9b!¹b)yc.¹b!»ï#ùk®yfj9c!z(áyí&KŒ‹LLNKÓÔ•Ð•PÒÑUÕT”‘S•“LNKËSLNKL9k®yfj9c!z(áxàåøàêxà®xààxààøà«Ë9k®yfj9c!z(áxàåøàêxà®xààxààøà«Ë’SPT–KÕT”ÒQK8àåøàêxàç¸àï8à«øàk¹k®yfj9c!z(áK“ÕÔÕUQÒS—ÐÒUQÔÓÕTÑK“ÕÔÕUQÒS—ÐÒUQÔÓÕTÑK9ål9âjxà¤ºfi8àcy­%øàhøài¹¬-9b!øà¢¸à ¹¬f¸à£8àc9cå¸à£8àj¸àa9âjxàkùáàøàb8à¢øàe8àoËSÑKSÑKSÑKSÑKËSLNKLKÎ‹ËÙÛÝ‹ÝÛ‹œÚ[X[™K[Z\Ø]Ë›ËšœÚÝ\˜\ÚKÚØ[šÞ[ËÌ‹ÙÝZYK9b!¹b)yc.¹b!»ï#ùk®yfj9c!z(áxàåøàêxà®xààxààøà«ËŒ‹LLNKÓÔ•Ð•PÒÑUÕT”‘S•“LNKËSLNKLK8àäøàìË8àäøàìË’SPT–KKÕT”ÒQK:hçùdàxàîúhì¹¥¦yå*8àløà¤Ë“ÕÔÕUQÒS—ÐÒUQÔÓÕTÑK“ÕÔÕUQÒS—ÐÒUQÔÓÕTÑK8àmxàgøà¤¹i%¸àeù.+xà¤¸àfxàfxàdSÑKSÑKSÑKSÑKËSLNKLKÎ‹ËÙÛÝ‹ÝÛ‹œÚ[X[™K[Z\Ø]Ë›ËšœÚÝ\˜\ÚKÚØ[šÞ[ËÌ‹ÙÝZYK9b!¹b)yc.¹b!»ï#øàäøàìËŒ‹LLNKÓÔ•Ð•PÒÑUÕT”‘S•“LNKËSLNKLL8àªøàìË8àªøàìË’SPT–KLÕT”ÒQK:hì¹¥¦yå*9ï-‹“ÕÔÕUQÒS—ÐÒUQÔÓÕTÑK“ÕÔÕUQÒS—ÐÒUQÔÓÕTÑK9.+xà¤¸àfxàfxàc¸à xài8àm¸àexàj¸àaSÑKSÑKSÑKSÑKËSLNKLKÎ‹ËÙÛÝ‹ÝÛ‹œÚ[X[™K[Z\Ø]Ë›ËšœÚÝ\˜\ÚKÚØ[šÞ[ËÌ‹ÙÝZYK9b!¹b)yc.¹b!»ï#øàªøàìËŒ‹LLNKÓÔ•Ð•PÒÑUÕT”‘S•“LNKËSLNKLLK8àæ¸ààøàâ8àç8àâ8àêË8àæ¸ààøàâ8àç8àâ8àêË’SPT–KLKÕT”ÒQKU8àç¸àï8à«øàk¸àç8àâ8àêË“ÕÔÕUQÒS—ÐÒUQÔÓÕTÑK“ÕÔÕUQÒS—ÐÒUQÔÓÕTÑK8àmxàgøàj8àêxàæxàêøà¤¹b!¹b)xàeù.+xà¤¸àfxàfxàdSÑKSÑKSÑKSÑKËSLNKLKÎ‹ËÙÛÝ‹ÝÛ‹œÚ[X[™K[Z\Ø]Ë›ËšœÚÝ\˜\ÚKÚØ[šÞ[ËÌ‹ÙÝZYK9b!¹b)yc.¹b!»ï#øàæ¸ààøàâ8àç8àâ8àêËŒ‹LLNKÓÔ•Ð•PÒÑUÕT”‘S•“LNKËSLNKLL‹9.#yáàøàe8àoË9.#yáàøàe8àoË’SPT–KL‹ÕT”ÒQK8à«8àêxà®xàîúfm¹èàyfj8àîúaäylg¸àîùl#ùg¢úfîùc%º(ïydàyëbK“ÕÔÕUQÒS—ÐÒUQÔÓÕTÑK“ÕÔÕUQÒS—ÐÒUQÔÓÕTÑK8à®xàåøàë8àï9ï-¸àkù.+z.ªøà¤¹/oøàa9b!øà¢¸à ylbùi%¸àiùêm8à¤ºe¢øàdxà¢ËSÑKSÑKSÑKSÑKËSLNKLKÎ‹ËÙÛÝ‹ÝÛ‹œÚ[X[™K[Z\Ø]Ë›ËšœÚÝ\˜\ÚKÚØ[šÞ[ËÌ‹ÙÝZYK9b!¹b)yc.¹b!»ï#ù.#yáàøàe8àoËŒ‹LLNKÓÔ•Ð•PÒÑUÕT”‘S•“LNKËSLNKLLË9§"yk¬øàe8àoË9§"yk¬øàe8àoË’SPT–KLËÕT”ÒQK:fîù¬h8àîú&ãyabyë¨xàîù¬-:b :(ïydàyëbK“ÕÔÕUQÒS—ÐÒUQÔÓÕTÑK“ÕÔÕUQÒS—ÐÒUQÔÓÕTÑK9.+z.ªøàkº)¢øàb8à¢ú(¢ùëbxà yak9o#ù£!ùk¦¹¥®y¬åxàjùo¤øàa‹SÑKSÑKSÑKSÑKËSLNKLKÎ‹ËÙÛÝ‹ÝÛ‹œÚ[X[™K[Z\Ø]Ë›ËšœÚÝ\˜\ÚKÚØ[šÞ[ËÌ‹ÙÝZYK9b!¹b)yc.¹b!»ï#ù§"yk¬øàe8àoËŒ‹LLNKÓÔ•Ð•PÒÑUÕT”‘S•“LNKËSLNKLM9ì¥ùi)øàe8àoË9ì¥ùi)øàe8àoË’SPT–KMÕT”ÒQK9kçyamøàîùk­¹amøàîùi)ùg¢úfîùc%º(ïydàyëbK“ÕÔÕUQÒS—ÐÒUQÔÓÕTÑK“ÕÔÕUQÒS—ÐÒUQÔÓÕTÑK9áàù¥¦xàîúfîù¬h8à¤¹cå¸à¢ºfi8àcË•QKSÑKSÑKSÑKËSLNKLKÎ‹ËÙÛÝ‹ÝÛ‹œÚ[X[™K[Z\Ø]Ë›ËšœÚÝ\˜\ÚKÚØ[šÞ[ËÌ‹ÙÝZYK9b!¹b)yc.¹b!»ï#ùì¥ùi)øàe8àoËŒ‹LLNKÓÔ•Ð•PÒÑUÕT”‘S•“LNKËSLNKLMK9cãºfá¸àîùaé¹ä!¸àiøàcxàj¸àa8à ¸àk‹9cãºfá¸àîùaé¹ä!¸àiøàcxàj¸àa8à ¸àk‹VÓQQMK“ÕÐÓÓPÕQ9k­ºfîÍ9dàyæë¸àîùaé¹ä!¹fì:fèùâjyëbK“ÕÔÕUQÒS—ÐÒUQÔÓÕTÑK:,ªyhì¹n¥øàîøàèxàï8àªøàï8àîùl ºe 9©kz !yëbxàk¹ak9o#ù¨b9a¡xàjùo¤øàa‹9cåùaiyab8àk¹£!ùé.¸àjùo¤øàa‹SÑKSÑKSÑK•QKËSLNKLKÎ‹ËÙÛÝ‹ÝÛ‹œÚ[X[™K[Z\Ø]Ë›ËšœÚÝ\˜\ÚKÚØ[šÞ[ËÌ‹ÙÝZYK9b!¹b)y¨b9a¡{ï#ùcãºfá¸àîùaé¹ä!¸àiøàcxàj¸àa8à ¸àk‹Œ‹LLNKVÓQQÓ“ÕPÑKÕT”‘S•“LŒËSLŒLK9áàøàb8à¢øàe8àoË9áàøàb8à¢øàe8àoË’SPT–KKÕT”ÒQK9å'øàe8àoøàîùí&xàcøàf¸àîúgg¹k®yfj8àåøàêyëbK“ÕÔÕUQÒS—ÐÒUQÔÓÕTÑK“ÕÔÕUQÒS—ÐÒUQÔÓÕTÑK9å'øàe8àoøàkù¬-9b!øà¢‹SÑKSÑKSÑKSÑKËSLŒLËÎ‹ËÝÝÝËÝÛ‹›Ú˜[‹›ËšœÝÝÝËØÛÛ[ËÌMÌMÌLÌŽ‹ÜÚ[\KÚÙZZØZÝKœ‹9b!¹b)yc.¹b!»ï#ùáàøàb8à¢øàe8àoËŒ‹LLNKÓÔ•Ð•PÒÑUÕT”‘S•“LŒËSLŒL‹9cé9í&zhg¸àîùí&xàäxààøà«Ë9cé9í&zhg¸àîùí&xàäxààøà«Ë’SPT–K‹ÕT”ÒQK9¥¬: g¸àîúfäz*£8àîù«­xàç8àï8àêøàîùí&xàäxààøà«Ë“ÕÔÕUQÒS—ÐÒUQÔÓÕTÑK“ÕÔÕUQÒS—ÐÒUQÔÓÕTÑK9ê+ºhg¹b)xàjøào¸àj8à xà¢ËSÑKSÑKSÑKSÑKËSLŒLËÎ‹ËÝÝÝËÝÛ‹›Ú˜[‹›ËšœÝÝÝËØÛÛ[ËÌMÌMÌLÌŽ‹ÜÚ[\KÚÙZZØZÝKœ‹9b!¹b)yc.¹b!»ï#ùcé9í&zhg¸àîùí&xàäxààøà«ËŒ‹LLNKÓÔ•Ð•PÒÑUÕT”‘S•“LŒËSLŒLË9¥¬: g¹í&xàîù¢¦:/¯9n ùdb‹9¥¬: g¹í&xàîù¢¦:/¯9n ùdb‹ËSLŒL‹ÕPÐUQÓÔ–KËÕT”ÒQK9¥¬: g¹í&xàîù¢¦:/¯9n ùdb‹“ÕÔÕUQÒS—ÐÒUQÔÓÕTÑK“ÕÔÕUQÒS—ÐÒUQÔÓÕTÑK8àl¸à ¸àiùc`ykeøàjøàcøàcøà¢ËSÑKSÑKSÑKSÑKËSLŒLËÎ‹ËÝÝÝËÝÛ‹›Ú˜[‹›ËšœÝÝÝËØÛÛ[ËÌMÌMÌLÌŽ‹ÜÚ[\KÚÙZZØZÝKœ‹9cé9í&zhg¸àîùí&xàäxààøà«ûï#ù¥¬: g¹í&xàîù¢¦:/¯9n ùdb‹Œ‹LLNK‘Q‘T‘SÑWÓÓ“KÕT”‘S•“LŒËSLŒL9n ùdb¸àîúfäz*£8àîù¦î9ìcK9n ùdb¸àîúfäz*£8àîù¦î9ìcKËSLŒL‹ÕPÐUQÓÔ–KÕT”ÒQK9n ùdb¸àîúfäz*£8àîù¦î9ìcK“ÕÔÕUQÒS—ÐÒUQÔÓÕTÑK“ÕÔÕUQÒS—ÐÒUQÔÓÕTÑK8àl¸à ¸àiùc`ykeøàjøàcøàcøà¢ËSÑKSÑKSÑKSÑKËSLŒLËÎ‹ËÝÝÝËÝÛ‹›Ú˜[‹›ËšœÝÝÝËØÛÛ[ËÌMÌMÌLÌŽ‹ÜÚ[\KÚÙZZØZÝKœ‹9cé9í&zhg¸àîùí&xàäxààøà«ûï#ùn ùdb¸àîúfäz*£8àîù¦î9ìcKŒ‹LLNK‘Q‘T‘SÑWÓÓ“KÕT”‘S•“LŒËSLŒLK9«­xàç8àï8àêË9«­xàç8àï8àêËËSLŒL‹ÕPÐUQÓÔ–KKÕT”ÒQK9«­xàç8àï8àêË“ÕÔÕUQÒS—ÐÒUQÔÓÕTÑK“ÕÔÕUQÒS—ÐÒUQÔÓÕTÑK8àl¸à ¸àiùc`ykeøàjøàcøàcøà¢ËSÑKSÑKSÑKSÑKËSLŒLËÎ‹ËÝÝÝËÝÛ‹›Ú˜[‹›ËšœÝÝÝËØÛÛ[ËÌMÌMÌLÌŽ‹ÜÚ[\KÚÙZZØZÝKœ‹9cé9í&zhg¸àîùí&xàäxààøà«ûï#ù«­xàç8àï8àêËŒ‹LLNK‘Q‘T‘SÑWÓÓ“KÕT”‘S•“LŒËSLŒL‹9í&xàäxààøà«Ë9í&xàäxààøà«ËËSLŒL‹ÕPÐUQÓÔ–K‹ÕT”ÒQK9âfù.løàîøà®8àéxàï8à®yëbxàk¹í&xàäxààøà«Ë“ÕÔÕUQÒS—ÐÒUQÔÓÕTÑK“ÕÔÕUQÒS—ÐÒUQÔÓÕTÑK9­%øàhøàiºe¢øàcy.o¸àbøàeøà xàl¸à ¸àiøào¸àj8à xà¢ËSÑKSÑKSÑKSÑKËSLŒLËÎ‹ËÝÝÝËÝÛ‹›Ú˜[‹›ËšœÝÝÝËØÛÛ[ËÌMÌMÌLÌŽ‹ÜÚ[\KÚÙZZØZÝKœ‹9cé9í&zhg¸àîùí&xàäxààøà«ûï#ùí&xàäxààøà«ËŒ‹LLNK‘Q‘T‘SÑWÓÓ“KÕT”‘S•“LŒËSLŒLË9k®yfj9c!z(áyí&K9k®yfj9c!z(áyí&K’SPT–KËÕT”ÒQK9í&xàç¸àï8à«øàk¹k®yfj9c!z(áK“ÕÔÕUQÒS—ÐÒUQÔÓÕTÑK“ÕÔÕUQÒS—ÐÒUQÔÓÕTÑK9ål9âjxà¤ºfi8àcxà y¬f¸à£8àc9cå¸à£8àj¸àa9âjxàkùáàøàb8à¢øàe8àoËSÑKSÑKSÑKSÑKËSLŒLËÎ‹ËÝÝÝËÝÛ‹›Ú˜[‹›ËšœÝÝÝËØÛÛ[ËÌMÌMÌLÌŽ‹ÜÚ[\KÚÙZZØZÝKœ‹9b!¹b)yc.¹b!»ï#ùk®yfj9c!z(áyí&KŒ‹LLNKÓÔ•Ð•PÒÑUÕT”‘S•“LŒËSLŒL9k®yfj9c!z(áxàåøàêxà®xààxààøà«Ë9k®yfj9c!z(áxàåøàêxà®xààxààøà«Ë’SPT–KÕT”ÒQK8àåøàêxàç¸àï8à«øàk¹k®yfj9c!z(áK“ÕÔÕUQÒS—ÐÒUQÔÓÕTÑK“ÕÔÕUQÒS—ÐÒUQÔÓÕTÑK9ål9âjxà¤ºfi8àcy­%øàhøài¹¬-9b!øà¢¸à ¹¬f¸à£8àc9cå¸à£8àj¸àa9âjxàkùáàøàb8à¢øàe8àoËSÑKSÑKSÑKSÑKËSLŒLËÎ‹ËÝÝÝËÝÛ‹›Ú˜[‹›ËšœÝÝÝËØÛÛ[ËÌMÌMÌLÌŽ‹ÜÚ[\KÚÙZZØZÝKœ‹9b!¹b)yc.¹b!»ï#ùk®yfj9c!z(áxàåøàêxà®xààxààøà«ËŒ‹LLNKÓÔ•Ð•PÒÑUÕT”‘S•“LŒËSLŒLK8àäøàìË8àäøàìË’SPT–KKÕT”ÒQK:hçùdàxàîúhì¹¥¦yå*8àløà¤Ë“ÕÔÕUQÒS—ÐÒUQÔÓÕTÑK“ÕÔÕUQÒS—ÐÒUQÔÓÕTÑK8àmxàgøà¤¹i%¸àeù.+xà¤¸àfxàfxàdSÑKSÑKSÑKSÑKËSLŒLËÎ‹ËÝÝÝËÝÛ‹›Ú˜[‹›ËšœÝÝÝËØÛÛ[ËÌMÌMÌLÌŽ‹ÜÚ[\KÚÙZZØZÝKœ‹9b!¹b)yc.¹b!»ï#øàäøàìËŒ‹LLNKÓÔ•Ð•PÒÑUÕT”‘S•“LŒËSLŒLL8àªøàìË8àªøàìË’SPT–KLÕT”ÒQK:hì¹¥¦yå*9ï-‹“ÕÔÕUQÒS—ÐÒUQÔÓÕTÑK“ÕÔÕUQÒS—ÐÒUQÔÓÕTÑK9.+xà¤¸àfxàfxàc¸à xài8àm¸àexàj¸àaSÑKSÑKSÑKSÑKËSLŒLËÎ‹ËÝÝÝËÝÛ‹›Ú˜[‹›ËšœÝÝÝËØÛÛ[ËÌMÌMÌLÌŽ‹ÜÚ[\KÚÙZZØZÝKœ‹9b!¹b)yc.¹b!»ï#øàªøàìËŒ‹LLNKÓÔ•Ð•PÒÑUÕT”‘S•“LŒËSLŒLLK8àæ¸ààøàâ8àç8àâ8àêË8àæ¸ààøàâ8àç8àâ8àêË’SPT–KLKÕT”ÒQKU8àç¸àï8à«øàk¸àç8àâ8àêË“ÕÔÕUQÒS—ÐÒUQÔÓÕTÑK“ÕÔÕUQÒS—ÐÒUQÔÓÕTÑK8àmxàgøàj8àêxàæxàêøà¤¹b!¹b)xàeù.+xà¤¸àfxàfxàdSÑKSÑKSÑKSÑKËSLŒLËÎ‹ËÝÝÝËÝÛ‹›Ú˜[‹›ËšœÝÝÝËØÛÛ[ËÌMÌMÌLÌŽ‹ÜÚ[\KÚÙZZØZÝKœ‹9b!¹b)yc.¹b!»ï#øàæ¸ààøàâ8àç8àâ8àêËŒ‹LLNKÓÔ•Ð•PÒÑUÕT”‘S•“LŒËSLŒLL‹9.#yáàøàe8àoË9.#yáàøàe8àoË’SPT–KL‹ÕT”ÒQK8à«8àêxà®xàîúfm¹èàyfj8àîúaäylg¸àîùl#ùg¢úfîùc%º(ïydàyëbK“ÕÔÕUQÒS—ÐÒUQÔÓÕTÑK“ÕÔÕUQÒS—ÐÒUQÔÓÕTÑK8à®xàåøàë8àï9ï-¸àkù.+z.ªøà¤¹/oøàa9b!øà¢¸à ylbùi%¸àiùêm8à¤ºe¢øàdxà¢ËSÑKSÑKSÑKSÑKËSLŒLËÎ‹ËÝÝÝËÝÛ‹›Ú˜[‹›ËšœÝÝÝËØÛÛ[ËÌMÌMÌLÌŽ‹ÜÚ[\KÚÙZZØZÝKœ‹9b!¹b)yc.¹b!»ï#ù.#yáàøàe8àoËŒ‹LLNKÓÔ•Ð•PÒÑUÕT”‘S•“LŒËSLŒLLË9§"yk¬øàe8àoË9§"yk¬øàe8àoË’SPT–KLËÕT”ÒQK:fîù¬h8àîú&ãyabyë¨xàîù¬-:b :(ïydàyëbK“ÕÔÕUQÒS—ÐÒUQÔÓÕTÑK“ÕÔÕUQÒS—ÐÒUQÔÓÕTÑK9.+z.ªøàkº)¢øàb8à¢ú(¢ùëbxà yak9o#ù£!ùk¦¹¥®y¬åxàjùo¤øàa‹SÑKSÑKSÑKSÑKËSLŒLËÎ‹ËÝÝÝËÝÛ‹›Ú˜[‹›ËšœÝÝÝËØÛÛ[ËÌMÌMÌLÌŽ‹ÜÚ[\KÚÙZZØZÝKœ‹9b!¹b)yc.¹b!»ï#ù§"yk¬øàe8àoËŒ‹LLNKÓÔ•Ð•PÒÑUÕT”‘S•“LŒËSLŒLM9ì¥ùi)øàe8àoË9ì¥ùi)øàe8àoË’SPT–KMÕT”ÒQK9kçyamøàîùk­¹amøàîùi)ùg¢úfîùc%º(ïydàyëbK“ÕÔÕUQÒS—ÐÒUQÔÓÕTÑK“ÕÔÕUQÒS—ÐÒUQÔÓÕTÑK9áàù¥¦xàîúfîù¬h8à¤¹cå¸à¢ºfi8àcË•QKSÑKSÑKSÑKËSLŒLËÎ‹ËÝÝÝËÝÛ‹›Ú˜[‹›ËšœÝÝÝËØÛÛ[ËÌMÌMÌLÌŽ‹ÜÚ[\KÚÙZZØZÝKœ‹9b!¹b)yc.¹b!»ï#ùì¥ùi)øàe8àoËŒ‹LLNKÓÔ•Ð•PÒÑUÕT”‘S•“LŒËSLŒLMK9cãºfá¸àîùaé¹ä!¸àiøàcxàj¸àa8à ¸àk‹9cãºfá¸àîùaé¹ä!¸àiøàcxàj¸àa8à ¸àk‹VÓQQMK“ÕÐÓÓPÕQ9k­ºfîÍ9dàyæë¸àîùaé¹ä!¹fì:fèùâjyëbK“ÕÔÕUQÒS—ÐÒUQÔÓÕTÑK:,ªyhì¹n¥øàîøàèxàï8àªøàï8àîùl ºe 9©kz !yëbxàk¹ak9o#ù¨b9a¡xàjùo¤øàa‹9cåùaiyab8àk¹£!ùé.¸àjùo¤øàa‹SÑKSÑKSÑK•QKËSLŒLËÎ‹ËÝÝÝËÝÛ‹›Ú˜[‹›ËšœÝÝÝËØÛÛ[ËÌMÌMÌLÌŽ‹ÜÚ[\KÚÙZZØZÝKœ‹9b!¹b)y¨b9a¡{ï#ùcãºfá¸àîùaé¹ä!¸àiøàcxàj¸àa8à ¸àk‹Œ‹LLNKVÓQQÓ“ÕPÑKÕT”‘S•“LŒKËSLŒKLK8à ¸à¡8àføà¢øàe8àoË8à ¸à¡8àføà¢øàe8àoË’SPT–KKÕT”ÒQK9cì9¢`8àe8àoøàîùí&xàcøàf¸àîùn úhg¸àîú#by§*:hg¹ëbK“ÕÔÕUQÒS—ÐÒUQÔÓÕTÑK“ÕÔÕUQÒS—ÐÒUQÔÓÕTÑK9å'øàe8àoøàkù¬-9b!øà¢‹SÑKSÑKSÑKSÑKËSLŒKL‹Î‹ËÝÝÝËÝÛ‹Ý]Ø[›Ë›ËšœÝÝÝËØÛÛ[ËÌLÍNÜÚ[\KÙÛÛZ[›ÝØZÙZØ]Y\ÚZØ][›ÝXšZÚ\Þ[Ëœ‹Ž9¢bùo%y¦î;ï#øà ¸à¡8àføà¢øàe8àoËŒ‹LLNKÓÔ•Ð•PÒÑUÕT”‘S•“LŒKËSLŒKL‹9k®yfj9c!z(áxàåøàêxà®xààxààøà«Ë9k®yfj9c!z(áxàåøàêxà®xààxààøà«Ë’SPT–K‹ÕT”ÒQKU8àç8àâ8àêøàîøàâ8àë8à©8àîøàªøààøàåøàîú(¢øàîùæn¹¬èxà®xààxàëxàï8àêùëbK“ÕÔÕUQÒS—ÐÒUQÔÓÕTÑK“ÕÔÕUQÒS—ÐÒUQÔÓÕTÑK9å.¹£!ùk¦¹¥®y¬åxàiù¬f¸à£8à¤ºfi8àcËSÑKSÑKSÑKSÑKËSLŒKL‹Î‹ËÝÝÝËÝÛ‹Ý]Ø[›Ë›ËšœÝÝÝËØÛÛ[ËÌLÍNÜÚ[\KÙÛÛZ[›ÝØZÙZØ]Y\ÚZØ][›ÝXšZÚ\Þ[Ëœ‹Ž9¢bùo%y¦î;ï#ùk®yfj9c!z(áxàåøàêxà®xààxààøà«ËŒ‹LLNKÓÔ•Ð•PÒÑUÕT”‘S•“LŒKËSLŒKLË9ea¹dàxàåøàêxà®xààxààøà«Ë9ea¹dàxàåøàêxà®xààxààøà«Ë’SPT–KËÕT”ÒQK9¥¡ùamøàîùãªyamøàîøàåøàêxà®xààxààøà«ú(ïydàxàîøàäøàâøàï8àêøà­8àè:(ïydàK“ÕÔÕUQÒS—ÐÒUQÔÓÕTÑK“ÕÔÕUQÒS—ÐÒUQÔÓÕTÑK9.oºfîù¬h8àîùaazfîù¬h8à¤¹i%¸àfKSÑKSÑKSÑKSÑKËSLŒKL‹Î‹ËÝÝÝËÝÛ‹Ý]Ø[›Ë›ËšœÝÝÝËØÛÛ[ËÌLÍNÜÚ[\KÙÛÛZ[›ÝØZÙZØ]Y\ÚZØ][›ÝXšZÚ\Þ[Ëœ‹Ž9¢bùo%y¦î;ï#ùea¹dàxàåøàêxà®xààxààøà«ËŒ‹LLNKÓÔ•Ð•PÒÑUÕT”‘S•“LŒKËSLŒKL8àløà¤øàîøà«8àêxà®xàîúfm¹fj:hg‹8àløà¤øàîøà«8àêxà®xàîúfm¹fj:hg‹’SPT–KÕT”ÒQK:hìºhçùå*8àløà¤øàîøà«8àêxà®xàîúfm¹fj:hg‹“ÕÔÕUQÒS—ÐÒUQÔÓÕTÑK“ÕÔÕUQÒS—ÐÒUQÔÓÕTÑK8à«xàèøààøàåùëbxà¤¹i%¸àeù­%øàa‹SÑKSÑKSÑKSÑKËSLŒKL‹Î‹ËÝÝÝËÝÛ‹Ý]Ø[›Ë›ËšœÝÝÝËØÛÛ[ËÌLÍNÜÚ[\KÙÛÛZ[›ÝØZÙZØ]Y\ÚZØ][›ÝXšZÚ\Þ[Ëœ‹Ž9¢bùo%y¦î;ï#øàløà¤øàîøà«8àêxà®xàîúfm¹fj:hg‹Œ‹LLNKÓÔ•Ð•PÒÑUÕT”‘S•“LŒKËSLŒKLK9ï-ºhg‹9ï-ºhg‹’SPT–KKÕT”ÒQK:hìºhçùå*9ï-¸àîùl#ùg¢úaäylgºhg‹“ÕÔÕUQÒS—ÐÒUQÔÓÕTÑK“ÕÔÕUQÒS—ÐÒUQÔÓÕTÑK9.+z.ªøà¤¹ên¸àjøàfxà¢ËSÑKSÑKSÑKSÑKËSLŒKL‹Î‹ËÝÝÝËÝÛ‹Ý]Ø[›Ë›ËšœÝÝÝËØÛÛ[ËÌLÍNÜÚ[\KÙÛÛZ[›ÝØZÙZØ]Y\ÚZØ][›ÝXšZÚ\Þ[Ëœ‹Ž9¢bùo%y¦î;ï#ùï-ºhg‹Œ‹LLNKÓÔ•Ð•PÒÑUÕT”‘S•“LŒKËSLŒKL‹9§"yk¬øàe8àoË9§"yk¬øàe8àoË’SPT–K‹ÕT”ÒQK:&ãyabyàkøàîúfîùä øàîù¬-:b 9/dù®*z*"8àîù.oºfîù¬h8àîúcèyëbK“ÕÔÕUQÒS—ÐÒUQÔÓÕTÑK“ÕÔÕUQÒS—ÐÒUQÔÓÕTÑK9è-9¤#xàeøàj¸àa8à¢8àa¹/çz+mËSÑKSÑKSÑKSÑKËSLŒKL‹Î‹ËÝÝÝËÝÛ‹Ý]Ø[›Ë›ËšœÝÝÝËØÛÛ[ËÌLÍNÜÚ[\KÙÛÛZ[›ÝØZÙZØ]Y\ÚZØ][›ÝXšZÚ\Þ[Ëœ‹Ž9¢bùo%y¦î;ï#ù§"yk¬øàe8àoËŒ‹LLNKÓÔ•Ð•PÒÑUÕT”‘S•“LŒKËSLŒKLË9ì¥ùi)øàe8àoË9ì¥ùi)øàe8àoË’SPT–KËÕT”ÒQK8à¡8àbøà¤øàîúcbøàîú!êº.èº.â¸àîùl#ùg¢ùk­ºfîøàîùn ùfèùëbK“ÕÔÕUQÒS—ÐÒUQÔÓÕTÑK“ÕÔÕUQÒS—ÐÒUQÔÓÕTÑK“ÕÔÕUQÒS—ÐÒUQÔÓÕTÑK•QKSÑKSÑKSÑKËSLŒKL‹Î‹ËÝÝÝËÝÛ‹Ý]Ø[›Ë›ËšœÝÝÝËØÛÛ[ËÌLÍNÜÚ[\KÙÛÛZ[›ÝØZÙZØ]Y\ÚZØ][›ÝXšZÚ\Þ[Ëœ‹Ž9¢bùo%y¦î;ï#ùì¥ùi)øàe8àoËŒ‹LLNKÓÔ•Ð•PÒÑUÕT”‘S•“LŒKËSLŒKL:,áù®¤8àe8àoË:,áù®¤8àe8àoË’SPT–KÕT”ÒQK9¥¬: g¸àîúfäz*£8àîù«­xàç8àï8àêøàîùí&xàäxààøà«øàîú(húhg¹ëbK“ÕÔÕUQÒS—ÐÒUQÔÓÕTÑK“ÕÔÕUQÒS—ÐÒUQÔÓÕTÑK9dàyæë¹b)xàjøào¸àj8à xà¢ËSÑKSÑKSÑKSÑKËSLŒKL‹Î‹ËÝÝÝËÝÛ‹Ý]Ø[›Ë›ËšœÝÝÝËØÛÛ[ËÌLÍNÜÚ[\KÙÛÛZ[›ÝØZÙZØ]Y\ÚZØ][›ÝXšZÚ\Þ[Ëœ‹Ž9¢bùo%y¦î;ï#ú,áù®¤8àe8àoËŒ‹LLNKÓÔ•Ð•PÒÑUÕT”‘S•“LŒKËSLŒKLK9cãºfá¸àîù¤+9aixàiøàcxàj¸àa8à ¸àk‹9cãºfá¸àîù¤+9aixàiøàcxàj¸àa8à ¸àk‹VÓQQK“ÕÐÓÓPÕQ9aé¹ä!¹fì:fèùâjxàîùkïº,hyi%¹dàK“ÕÔÕUQÒS—ÐÒUQÔÓÕTÑK:,ªyhì¹n¥øàîøàèxàï8àªøàï8àîùl ºe 9©kz !yëbxàk¹ak9o#ù¨b9a¡xàjùo¤øàa‹9cåùaiyab8àk¹£!ùé.¸àjùo¤øàa‹SÑKSÑKSÑK•QKËSLŒKLKÎ‹ËÝÝÝËÝÛ‹Ý]Ø[›Ë›ËšœÝÝÝËØÛÛ[ËÌLÍNÚ[™^š[Ž9¢bùo%y¦î;ï#ùcãºfá¸àîù¤+9aixàiøàcxàj¸àa8à ¸àk‹Œ‹LLNKVÓQQÓ“ÕPÑKÕT”‘S•“LŒ‹ËSLŒ‹LK9cëùáàøàe8àoË9cëùáàøàe8àoË’SPT–KKÕT”ÒQK9cì9¢`8àe8àoøàîùí&zhg¸àîùn úhg¸àîú#by§*:hg¹ëbK“ÕÔÕUQÒS—ÐÒUQÔÓÕTÑK“ÕÔÕUQÒS—ÐÒUQÔÓÕTÑK9å'øàe8àoøàkù¬-9b!øà¢‹SÑKSÑKSÑKSÑKËSLŒ‹LKÎ‹ËÝÝÝËÝÛ‹ž[ÜÚZØK›ËšœÚÝ\˜\ÚKÜÙZZØ]ÝKÙÛÛZKÙÛÛZKš[9ãïº(c9b!¹b)y¨b9a¡{ï#ùcëùáàøàe8àoËŒ‹LLNKÓÔ•Ð•PÒÑUÕT”‘S•“LŒ‹ËSLŒ‹L‹9k®yfj9c!z(áxàåøàêxà®xààxààøà«Ë9k®yfj9c!z(áxàåøàêxà®xààxààøà«Ë’SPT–K‹ÕT”ÒQKU8àç8àâ8àêøàîøàâ8àë8à©8àîùk®yfj9c!z(áxàîú(¢øàîùæn¹¬èxà®xààxàëxàï8àêùëbK“ÕÔÕUQÒS—ÐÒUQÔÓÕTÑK“ÕÔÕUQÒS—ÐÒUQÔÓÕTÑK9.+z.ªøà¤¹/oøàa9b!øà¢¹­%øàa9.o¹áéxà ”U8àkøàmxàgøàîøàêxàæxàêøà¤¹i%¸àfKSÑKSÑKSÑKSÑKËSLŒ‹LKÎ‹ËÝÝÝËÝÛ‹ž[ÜÚZØK›ËšœÚÝ\˜\ÚKÜÙZZØ]ÝKÙÛÛZKÙÛÛZKš[9ãïº(c9b!¹b)y¨b9a¡{ï#ùk®yfj9c!z(áxàåøàêxà®xààxààøà«ËŒ‹LLNKÓÔ•Ð•PÒÑUÕT”‘S•“LŒ‹ËSLŒ‹LË9ea¹dàxàåøàêxà®xààxààøà«Ë9ea¹dàxàåøàêxà®xààxààøà«Ë’SPT–KËÕT”ÒQK9¥¡ùamøàîùãªyamøàîøàåøàêxà®xààxààøà«ú(ïydàxàîøàäøàâøàï8àêøà­8àè:(ïydàK“ÕÔÕUQÒS—ÐÒUQÔÓÕTÑK“ÕÔÕUQÒS—ÐÒUQÔÓÕTÑK9.oºfîù¬h8àîùaazfîù¬h8à¤¹i%¸àfKSÑKSÑKSÑKSÑKËSLŒ‹LKÎ‹ËÝÝÝËÝÛ‹ž[ÜÚZØK›ËšœÚÝ\˜\ÚKÜÙZZØ]ÝKÙÛÛZKÙÛÛZKš[9ãïº(c9b!¹b)y¨b9a¡{ï#ùea¹dàxàåøàêxà®xààxààøà«ËŒ‹LLNKÓÔ•Ð•PÒÑUÕT”‘S•“LŒ‹ËSLŒ‹L8àäøàìøàîúfm¹fj:hg‹8àäøàìøàîúfm¹fj:hg‹’SPT–KÕT”ÒQK:hìºhçùå*8àløà¤øàîúfm¹fj8àîøà«8àêxà®zhg‹“ÕÔÕUQÒS—ÐÒUQÔÓÕTÑK“ÕÔÕUQÒS—ÐÒUQÔÓÕTÑK8àmxàgøà¤¹i%¸àeù­%øàa¸à ¹bl¸à£9âjxàkùclzfnºf,¹«h‹SÑKSÑKSÑKSÑKËSLŒ‹LKÎ‹ËÝÝÝËÝÛ‹ž[ÜÚZØK›ËšœÚÝ\˜\ÚKÜÙZZØ]ÝKÙÛÛZKÙÛÛZKš[9ãïº(c9b!¹b)y¨b9a¡{ï#øàäøàìøàîúfm¹fj:hg‹Œ‹LLNKÓÔ•Ð•PÒÑUÕT”‘S•“LŒ‹ËSLŒ‹LK8àªøàìúhg‹8àªøàìúhg‹’SPT–KKÕT”ÒQK:hìºhçùå*9ï-¸àîùl#ùg¢ùï-¸àîùl#ùg¢úaäylgºhg¸àîøà®xàåøàë8àï9ï-‹“ÕÔÕUQÒS—ÐÒUQÔÓÕTÑK“ÕÔÕUQÒS—ÐÒUQÔÓÕTÑK8à®xàåøàë8àï9ï-¸àkù.+z.ªøà¤¹/oøàa9b!øà¢øà ¹êm8àkøà`¸àdxàj¸àcøài¸à¢8àaSÑKSÑKSÑKSÑKËSLŒ‹LKÎ‹ËÝÝÝËÝÛ‹ž[ÜÚZØK›ËšœÚÝ\˜\ÚKÜÙZZØ]ÝKÙÛÛZKÙÛÛZKš[9ãïº(c9b!¹b)y¨b9a¡{ï#øàªøàìúhg‹Œ‹LLNKÓÔ•Ð•PÒÑUÕT”‘S•“LŒ‹ËSLŒ‹L‹9§"yk¬øàe8àoË9§"yk¬øàe8àoË’SPT–K‹ÕT”ÒQK9.oºfîù¬h8àîùaazfîù¬h8àîú&ãyabyàkøàîù¬-:b :(ïydàxàîøàêxà©8à¯øàï:hg‹“ÕÔÕUQÒS—ÐÒUQÔÓÕTÑK“ÕÔÕUQÒS—ÐÒUQÔÓÕTÑK8àêxà©8à¯øàï8àkù.+z.ªøà¤¹/oøàa9b!øà¢¹b)z(¢øàjùaixà£8à#¹§"yk¬øàe8àoøà#øàj:(j:*&8à ¹.å¸àk¹§"yk¬øàe8àoøàj9­íøàg8àj¸àaSÑKSÑKSÑKSÑKËSLŒ‹LÎ‹ËÝÝÝËÝÛ‹ž[ÜÚZØK›ËšœÚÝ\˜\ÚKÜÙZZØ]ÝKÙÛÛZKÙÛÛZK™]KÜ˜Z]X[›˜™]Kœ‹9ãïº(c9b!¹b)y¨b9a¡{ï#ù§"yk¬øàe8àoËŒ‹LLNKÓÔ•Ð•PÒÑUÕT”‘S•“LŒ‹ËSLŒ‹LË9ì¥ùi)øàe8àoË9ì¥ùi)øàe8àoË’SPT–KËÕT”ÒQK:cbøàîú!êº.èº.â¸àîùk­¹amøàîùl#ùg¢ùk­ºfîùëbK“ÕÔÕUQÒS—ÐÒUQÔÓÕTÑK“ÕÔÕUQÒS—ÐÒUQÔÓÕTÑK“ÕÔÕUQÒS—ÐÒUQÔÓÕTÑK•QKSÑKSÑKSÑKËSLŒ‹LKÎ‹ËÝÝÝËÝÛ‹ž[ÜÚZØK›ËšœÚÝ\˜\ÚKÜÙZZØ]ÝKÙÛÛZKÙÛÛZKš[9ãïº(c9b!¹b)y¨b9a¡{ï#ùì¥ùi)øàe8àoËŒ‹LLNKÓÔ•Ð•PÒÑUÕT”‘S•“LŒ‹ËSLŒ‹L:,áù®¤8àe8àoË:,áù®¤8àe8àoË’SPT–KÕT”ÒQK9¥¬: g¸àîúfäz*£:fäyí&xàîù«­xàç8àï8àêøàîùí&xàäxààøà«øàîùn ú(ïz(húhg‹“ÕÔÕUQÒS—ÐÒUQÔÓÕTÑK“ÕÔÕUQÒS—ÐÒUQÔÓÕTÑK9ê+ºhg¸àe8àj8àjùí&xàl¸à ¹ëbxàiøào¸àj8à xà¢ËSÑKSÑKSÑKSÑKËSLŒ‹LËÎ‹ËÝÝÝËÝÛ‹ž[ÜÚZØK›ËšœÚÝ\˜\ÚKÜÙZZØ]ÝKÙÛÛZKÜÚYÙ[™ÛÛZKš[9ãïº(c9b!¹b)y¨b9a¡{ï#ú,áù®¤8àe8àoËŒ‹LLNKÓÔ•Ð•PÒÑUÕT”‘S•“LŒ‹ËSLŒ‹LK9£¤¹aî¹é y«h¸àe8àoË9£¤¹aî¹é y«h¸àe8àoËVÓQQK“ÕÐÓÓPÕQ9k­ºfîøàê¸à­xà©8à«øàêùdàxàîøà¯øà©8àé8àîú/¬º%«8àîùaé¹ä!¹fì:fèùâjyëbK“ÕÔÕUQÒS—ÐÒUQÔÓÕTÑK:,ªyhì¹n¥øàîøàèxàï8àªøàï8àîùl ºe 9©kz !yëbxàk¹ak9o#ù¨b9a¡xàjùo¤øàa‹9cåùaiyab8àk¹£!ùé.¸àjùo¤øàa‹SÑKSÑKSÑK•QKËSLŒ‹LKÎ‹ËÝÝÝËÝÛ‹ž[ÜÚZØK›ËšœÚÝ\˜\ÚKÜÙZZØ]ÝKÙÛÛZKÙÛÛZKš[Œ¹nm9n©¸àªøàë8àìøàà8àï;ï#ù£¤¹aî¹é y«h¸àe8àoËŒ‹LLNKVÓQQÓ“ÕPÑKÕT”‘S•“LŒËËSLŒËLK9cëùáàùâjK9cëùáàùâjK’SPT–KKÕT”ÒQK9k­¹n«xàk¹cëùáàøàe8àoË“ÕÔÕUQÒS—ÐÒUQÔÓÕTÑK“ÕÔÕUQÒS—ÐÒUQÔÓÕTÑK“ÕÔÕUQÒS—ÐÒUQÔÓÕTÑKSÑKSÑKSÑKSÑKËSLŒËL‹Î‹ËÝÝÝËÝÛ‹˜[XKœÚ[X[™KšœÚÝ\˜\ÚK]]ÝYZÚKÚÝ\˜\ÚKÙÛÛZK\™XÞXÛKÜMÞYŒËŒ¹nm9­mùhêùå.¸àe8àoøàªøàë8àìøàà8àï;ï#ùcëùáàùâjKŒ‹LLNKÓÔ•Ð•PÒÑUÕT”‘S•“LŒËËSLŒËL‹8àæ¸ààøàâ8àç8àâ8àêË8àæ¸ààøàâ8àç8àâ8àêË’SPT–K‹ÕT”ÒQKU8àç8àâ8àêË“ÕÔÕUQÒS—ÐÒUQÔÓÕTÑK“ÕÔÕUQÒS—ÐÒUQÔÓÕTÑK9å.¸àk¹¥êz)¢ú(j8àjùo¤øàa‹SÑKSÑKSÑKSÑKËSLŒËL‹Î‹ËÝÝÝËÝÛ‹˜[XKœÚ[X[™KšœÚÝ\˜\ÚK]]ÝYZÚKÚÝ\˜\ÚKÙÛÛZK\™XÞXÛKÜMÞYŒËŒ¹nm9­mùhêùå.¸àe8àoøàªøàë8àìøàà8àï;ï#øàæ¸ààøàâ8àç8àâ8àêËŒ‹LLNKÓÔ•Ð•PÒÑUÕT”‘S•“LŒËËSLŒËLË8àløà¤øàîøà«8àêxà®Kúfm¹fj8àløà¤øàîøà«8àêxà®Kúfm¹fj’SPT–KËÕT”ÒQK8àløà¤øàîøà«8àêxà®xàîúfm¹fj:hg‹“ÕÔÕUQÒS—ÐÒUQÔÓÕTÑK“ÕÔÕUQÒS—ÐÒUQÔÓÕTÑK“ÕÔÕUQÒS—ÐÒUQÔÓÕTÑKSÑKSÑKSÑKSÑKËSLŒËL‹Î‹ËÝÝÝËÝÛ‹˜[XKœÚ[X[™KšœÚÝ\˜\ÚK]]ÝYZÚKÚÝ\˜\ÚKÙÛÛZK\™XÞXÛKÜMÞYŒËŒ¹nm9­mùhêùå.¸àe8àoøàªøàë8àìøàà8àï;ï#øàløà¤øàîøà«8àêxà®Kúfm¹fjŒ‹LLNKÓÔ•Ð•PÒÑUÕT”‘S•“LŒËËSLŒËL:&ãyabyàkËù¬-:b :&ãyabyàkËù¬-:b ’SPT–KÕT”ÒQK:&ãyabyàkøàîù¬-:b :(ïydàK“ÕÔÕUQÒS—ÐÒUQÔÓÕTÑK“ÕÔÕUQÒS—ÐÒUQÔÓÕTÑK9è-9¤#xàeøàj¸àa8à¢8àa¹/çz+mËSÑKSÑKSÑKSÑKËSLŒËL‹Î‹ËÝÝÝËÝÛ‹˜[XKœÚ[X[™KšœÚÝ\˜\ÚK]]ÝYZÚKÚÝ\˜\ÚKÙÛÛZK\™XÞXÛKÜMÞYŒËŒ¹nm9­mùhêùå.¸àe8àoøàªøàë8àìøàà8àï;ï#ú&ãyabyàkËù¬-:b Œ‹LLNKÓÔ•Ð•PÒÑUÕT”‘S•“LŒËËSLŒËLK9nàúhçùå*9¬®K9nàúhçùå*9¬®K’SPT–KKÕT”ÒQK9k­¹n«xàk¹nàúhçùå*9¬®K“ÕÔÕUQÒS—ÐÒUQÔÓÕTÑK“ÕÔÕUQÒS—ÐÒUQÔÓÕTÑK“ÕÔÕUQÒS—ÐÒUQÔÓÕTÑKSÑKSÑKSÑKSÑKËSLŒËL‹Î‹ËÝÝÝËÝÛ‹˜[XKœÚ[X[™KšœÚÝ\˜\ÚK]]ÝYZÚKÚÝ\˜\ÚKÙÛÛZK\™XÞXÛKÜMÞYŒËŒ¹nm9­mùhêùå.¸àe8àoøàªøàë8àìøàà8àï;ï#ùnàúhçùå*9¬®KŒ‹LLNKÓÔ•Ð•PÒÑUÕT”‘S•“LŒËËSLŒËL‹9ï-¸àîúaäyâjK9ï-¸àîúaäyâjK’SPT–K‹ÕT”ÒQK9ï-¸àîúaäylgºhg‹“ÕÔÕUQÒS—ÐÒUQÔÓÕTÑK“ÕÔÕUQÒS—ÐÒUQÔÓÕTÑK“ÕÔÕUQÒS—ÐÒUQÔÓÕTÑKSÑKSÑKSÑKSÑKËSLŒËL‹Î‹ËÝÝÝËÝÛ‹˜[XKœÚ[X[™KšœÚÝ\˜\ÚK]]ÝYZÚKÚÝ\˜\ÚKÙÛÛZK\™XÞXÛKÜMÞYŒËŒ¹nm9­mùhêùå.¸àe8àoøàªøàë8àìøàà8àï;ï#ùï-¸àîúaäyâjKŒ‹LLNKÓÔ•Ð•PÒÑUÕT”‘S•“LŒËËSLŒËLË9ì¥ùi)øàîù.oºfîù¬h9ì¥ùi)øàîù.oºfîù¬h’SPT–KËÕT”ÒQK9ì¥ùi)øàe8àoøàîù.oºfîù¬h“ÕÔÕUQÒS—ÐÒUQÔÓÕTÑK“ÕÔÕUQÒS—ÐÒUQÔÓÕTÑK9.oºfîù¬h8àkùêëùkd8à¤¹ím¹î xà ¹ì¥ùi)øàe8àoøàkùdàyæë¹b)y¥¦zaäxàîù¥®y¬åxà¤¹è®º*£K•QKSÑKSÑKSÑKËSLŒËL‹Î‹ËÝÝÝËÝÛ‹˜[XKœÚ[X[™KšœÚÝ\˜\ÚK]]ÝYZÚKÚÝ\˜\ÚKÙÛÛZK\™XÞXÛKÜMÞYŒËŒ¹nm9­mùhêùå.¸àe8àoøàªøàë8àìøàà8àï;ï#ùì¥ùi)øàîù.oºfîù¬hŒ‹LLNKÓÔ•Ð•PÒÑUÕT”‘S•“LËSLLK9áàøàb8à¢øàe8àoË9áàøàb8à¢øàe8àoË’SPT–KKÕT”ÒQK9å'øàe8àoøàîùí&xàcøàf¸àîú(húhg¹n úhg¸àîù§*8àcøàf¹ëbK“ÕÔÕUQÒS—ÐÒUQÔÓÕTÑK“ÕÔÕUQÒS—ÐÒUQÔÓÕTÑK9å'øàe8àoøàkù¬-9b!øà¢¸à ¹§*8àcøàf¹ëbxàkºaäylg¸àkùi%¸àfK:ná:"l¹£!ùk¦¸àe8àoú(¢ËSÑKSÑKSÑKSÑKËSLLKÎ‹ËÝÝÝËÝÛ‹›š\Ú[›ÜÚ[XKœÚ[X[™KšœØ[žXKØ—ÜÝ[XZKØ—ÙÛÛZKÎÌË9k­¹n«xàe8àoøàk¹b!¹b){ï#ùáàøàb8à¢øàe8àoËŒ‹LLNKÓÔ•Ð•PÒÑUÕT”‘S•“LËSLL‹9gâùêâøàe8àoË9gâùêâøàe8àoË’SPT–K‹ÕT”ÒQK:aäylgºhg¸àîøà«8àêxà®zhg¸àîúfm¹èàyfj:hg¸àîùo-ùc%¸àåøàêxà®xààxààøà«ùëbK“ÕÔÕUQÒS—ÐÒUQÔÓÕTÑK“ÕÔÕUQÒS—ÐÒUQÔÓÕTÑK:bëyb*yâjxàkù¥¬: g¹í&yëbxàiùc!xà :gdº"l¹£!ùk¦¸àe8àoú(¢ËSÑKSÑKSÑKSÑKËSLLKÎ‹ËÝÝÝËÝÛ‹›š\Ú[›ÜÚ[XKœÚ[X[™KšœØ[žXKØ—ÜÝ[XZKØ—ÙÛÛZKÎÌË9k­¹n«xàe8àoøàk¹b!¹b){ï#ùgâùêâøàe8àoËŒ‹LLNKÓÔ•Ð•PÒÑUÕT”‘S•“LËSLLË:,áù®¤8àe8àoûï&¹ï-ºhg‹:,áù®¤8àe8àoûï&¹ï-ºhg‹’SPT–KËÕT”ÒQK:hìºhçùå*8à®xààxàï8àêùï-¸àîøà¨¸àêøàçùï-‹“ÕÔÕUQÒS—ÐÒUQÔÓÕTÑK“ÕÔÕUQÒS—ÐÒUQÔÓÕTÑK9.+z.ªøà¤¹ên¸àjøàeøài¹¬-9­%øàaSÑKSÑKSÑKSÑKËSLLKÎ‹ËÝÝÝËÝÛ‹›š\Ú[›ÜÚ[XKœÚ[X[™KšœØ[žXKØ—ÜÝ[XZKØ—ÙÛÛZKÎÌË9k­¹n«xàe8àoøàk¹b!¹b){ï#ú,áù®¤8àe8àoûï&¹ï-ºhg‹Œ‹LLNKÓÔ•Ð•PÒÑUÕT”‘S•“LËSLL:,áù®¤8àe8àoûï&¸àløà¤úhg‹:,áù®¤8àe8àoûï&¸àløà¤úhg‹’SPT–KÕT”ÒQK:hìºhçùå*8àløà¤Ë“ÕÔÕUQÒS—ÐÒUQÔÓÕTÑK“ÕÔÕUQÒS—ÐÒUQÔÓÕTÑK9¬-9­%øàa8àeøà«xàèøààøàåøà¤¹i%¸àeøà yá(z"l¸àîú#-º"l¸àîøàgxàk¹.å¸àjùb!¸àdxà¢ËSÑKSÑKSÑKSÑKËSLLKÎ‹ËÝÝÝËÝÛ‹›š\Ú[›ÜÚ[XKœÚ[X[™KšœØ[žXKØ—ÜÝ[XZKØ—ÙÛÛZKÎÌË9k­¹n«xàe8àoøàk¹b!¹b){ï#ú,áù®¤8àe8àoûï&¸àløà¤úhg‹Œ‹LLNKÓÔ•Ð•PÒÑUÕT”‘S•“LËSLLK:,áù®¤8àe8àoûï&¸àæ¸ààøàâ8àç8àâ8àêúhg‹:,áù®¤8àe8àoûï&¸àæ¸ààøàâ8àç8àâ8àêúhg‹’SPT–KKÕT”ÒQKU8àç¸àï8à«øàk¸àç8àâ8àêË“ÕÔÕUQÒS—ÐÒUQÔÓÕTÑK“ÕÔÕUQÒS—ÐÒUQÔÓÕTÑK9¬-9­%øàa8àeøàêxàæxàêøàj8à«xàèøààøàåøà¤¹i%¸àfKSÑKSÑKSÑKSÑKËSLLKÎ‹ËÝÝÝËÝÛ‹›š\Ú[›ÜÚ[XKœÚ[X[™KšœØ[žXKØ—ÜÝ[XZKØ—ÙÛÛZKÎÌË9k­¹n«xàe8àoøàk¹b!¹b){ï#ú,áù®¤8àe8àoûï&¸àæ¸ààøàâ8àç8àâ8àêúhg‹Œ‹LLNKÓÔ•Ð•PÒÑUÕT”‘S•“LËSLL‹:,áù®¤8àe8àoûï&¹¥¬: g¹í&xàîù¢¦:/¯8ààxàêxà­Ë:,áù®¤8àe8àoûï&¹¥¬: g¹í&xàîù¢¦:/¯8ààxàêxà­Ë’SPT–K‹ÕT”ÒQK9¥¬: g¹í&xàîù¢¦:/¯8ààxàêxà­Ë“ÕÔÕUQÒS—ÐÒUQÔÓÕTÑK“ÕÔÕUQÒS—ÐÒUQÔÓÕTÑK¸ài9¢¦8à¢¹câ8àkÍ8ài9¢¦8à¢¸àiøàl¸à ¹íd9§gøà ¹¯èxà¢xàexàj¸àaSÑKSÑKSÑKSÑKËSLLKÎ‹ËÝÝÝËÝÛ‹›š\Ú[›ÜÚ[XKœÚ[X[™KšœØ[žXKØ—ÜÝ[XZKØ—ÙÛÛZKÎÌË9k­¹n«xàe8àoøàk¹b!¹b){ï#ù¥¬: g¹í&xàîù¢¦:/¯8ààxàêxà­ËŒ‹LLNKÓÔ•Ð•PÒÑUÕT”‘S•“LËSLLË9/oùå*9®":&ãyabyë¨xà zfîù¬h8à xàæ¸ààøàâ8àç8àâ8àêøàk¸à«xàèøààøàåË9/oùå*9®":&ãyabyë¨xà zfîù¬h8à xàæ¸ààøàâ8àç8àâ8àêøàk¸à«xàèøààøàåË’SPT–KËÕT”ÒQK:&ãyabyë¨xàîúfîùä øàîù.oºfîù¬h8àîÔU8à«xàèøààøàåË“ÕÔÕUQÒS—ÐÒUQÔÓÕTÑK“ÕÔÕUQÒS—ÐÒUQÔÓÕTÑK:fîù¬h8àkùoáz) xàjùoç8àf9ím¹î xà ¹l ¹å*9k®yfj8ànSÑKSÑKSÑKSÑKËSLLKÎ‹ËÝÝÝËÝÛ‹›š\Ú[›ÜÚ[XKœÚ[X[™KšœØ[žXKØ—ÜÝ[XZKØ—ÙÛÛZKÎÌË9k­¹n«xàe8àoøàk¹b!¹b){ï#ù/oùå*9®":&ãyabyë¨xà zfîù¬h8à xàæ¸ààøàâ8àç8àâ8àêøàk¸à«xàèøààøàåËŒ‹LLNKÓÔ•Ð•PÒÑUÕT”‘S•“LËSLL9å.¸àc9cãºfá¹câ¸àlùæí9£©y¤+9aixàk¹cåù.æ8à¤¸àeøàj¸àa8àe8àoË9å.¸àc9cãºfá¹câ¸àlùæí9£©y¤+9aixàk¹cåù.æ8à¤¸àeøàj¸àa8àe8àoËVÓQQ“ÕÐÓÓPÕQ9k­ºfîøàê¸à­xà©8à«øàêùkïº,hxàîùaé¹ä!¹fì:fèùâjyëbK“ÕÔÕUQÒS—ÐÒUQÔÓÕTÑK:,ªyhì¹n¥øàîøàèxàï8àªøàï8àîùl ºe 9©kz !yëbxàk¹ak9o#ù¨b9a¡xàjùo¤øàa‹9cåùaiyab8àk¹£!ùé.¸àjùo¤øàa‹SÑKSÑKSÑK•QKËSLLKÎ‹ËÝÝÝËÝÛ‹›š\Ú[›ÜÚ[XKœÚ[X[™KšœØ[žXKØ—ÜÝ[XZKØ—ÙÛÛZKÎÌË9å.¸àc9cãºfá¹câ¸àlùæí9£©y¤+9aixàk¹cåù.æ8à¤¸àeøàj¸àa8àe8àoËŒ‹LLNKVÓQQÓ“ÕPÑKÕT”‘S•“L‹ËSL‹LK9cëùáàøàe8àoË9cëùáàøàe8àoË’SPT–KKÕT”ÒQK9k­¹n«xàk¹cëùáàøàe8àoË“ÕÔÕUQÒS—ÐÒUQÔÓÕTÑK“ÕÔÕUQÒS—ÐÒUQÔÓÕTÑK9å.¹£!ùk¦º(¢øàîøà«8à©8àâxàk¹¥®y¬åxàiùaî¸àfKSÑKSÑKSÑKSÑKËSL‹LËÎ‹ËÝÝÝËÝÛ‹›ÚÚ[›ÜÚ[XKœÚ[X[™KšœÜÙXÝ[Û‹Ü™ZZÚWÚ[Ü™ZZÚWÚÛ˜[‹ÜŒÍ‘ÌÌÍš[9ãïº(c9§hy/¢øàîù/cù¬$xà«8à©8àâ{ï#ùcëùáàøàe8àoËŒ‹LLNKÓÔ•Ð•PÒÑUÕT”‘S•“L‹ËSL‹L‹9.#yáàøàe8àoË9.#yáàøàe8àoË’SPT–K‹ÕT”ÒQK9k­¹n«xàk¹.#yáàøàe8àoË“ÕÔÕUQÒS—ÐÒUQÔÓÕTÑK“ÕÔÕUQÒS—ÐÒUQÔÓÕTÑK9å.¹£!ùk¦º(¢øàîøà«8à©8àâxàk¹¥®y¬åxàiùaî¸àfKSÑKSÑKSÑKSÑKËSL‹LËÎ‹ËÝÝÝËÝÛ‹›ÚÚ[›ÜÚ[XKœÚ[X[™KšœÜÙXÝ[Û‹Ü™ZZÚWÚ[Ü™ZZÚWÚÛ˜[‹ÜŒÍ‘ÌÌÍš[9ãïº(c9§hy/¢øàîù/cù¬$xà«8à©8àâ{ï#ù.#yáàøàe8àoËŒ‹LLNKÓÔ•Ð•PÒÑUÕT”‘S•“L‹ËSL‹LË9ï-ºhg‹9ï-ºhg‹’SPT–KËÕT”ÒQK:hìºhçùå*9ï-¹ëbK“ÕÔÕUQÒS—ÐÒUQÔÓÕTÑK“ÕÔÕUQÒS—ÐÒUQÔÓÕTÑK9.+z.ªøà¤¹ên¸àjøàeøà yå.¹£!ùk¦¹¥®y¬åxàiùaî¸àfKSÑKSÑKSÑKSÑKËSL‹LËÎ‹ËÝÝÝËÝÛ‹›ÚÚ[›ÜÚ[XKœÚ[X[™KšœÜÙXÝ[Û‹Ü™ZZÚWÚ[Ü™ZZÚWÚÛ˜[‹ÜŒÍ‘ÌÌÍš[9ãïº(c9§hy/¢øàîù/cù¬$xà«8à©8àâ{ï#ùï-ºhg‹Œ‹LLNKÓÔ•Ð•PÒÑUÕT”‘S•“L‹ËSL‹L8àäøàìúhg‹8àäøàìúhg‹’SPT–KÕT”ÒQK:hìºhçùå*8àløà¤ùëbK“ÕÔÕUQÒS—ÐÒUQÔÓÕTÑK“ÕÔÕUQÒS—ÐÒUQÔÓÕTÑK9.+z.ªøà¤¹ên¸àjøàeøà yå.¹£!ùk¦¹¥®y¬åxàiùaî¸àfKSÑKSÑKSÑKSÑKËSL‹LËÎ‹ËÝÝÝËÝÛ‹›ÚÚ[›ÜÚ[XKœÚ[X[™KšœÜÙXÝ[Û‹Ü™ZZÚWÚ[Ü™ZZÚWÚÛ˜[‹ÜŒÍ‘ÌÌÍš[9ãïº(c9§hy/¢øàîù/cù¬$xà«8à©8àâ{ï#øàäøàìúhg‹Œ‹LLNKÓÔ•Ð•PÒÑUÕT”‘S•“L‹ËSL‹LK8àæ¸ààøàâ8àç8àâ8àêË8àæ¸ààøàâ8àç8àâ8àêË’SPT–KKÕT”ÒQKU8àç¸àï8à«øàk¸àç8àâ8àêË“ÕÔÕUQÒS—ÐÒUQÔÓÕTÑK“ÕÔÕUQÒS—ÐÒUQÔÓÕTÑK8à«xàèøààøàåøàîøàêxàæxàêùëbxàkùå.¹£!ùk¦¹¥®y¬åxàjùo¤øàa‹SÑKSÑKSÑKSÑKËSL‹LËÎ‹ËÝÝÝËÝÛ‹›ÚÚ[›ÜÚ[XKœÚ[X[™KšœÜÙXÝ[Û‹Ü™ZZÚWÚ[Ü™ZZÚWÚÛ˜[‹ÜŒÍ‘ÌÌÍš[9ãïº(c9§hy/¢øàîù/cù¬$xà«8à©8àâ{ï#øàæ¸ààøàâ8àç8àâ8àêËŒ‹LLNKÓÔ•Ð•PÒÑUÕT”‘S•“L‹ËSL‹L‹9cé9í&zhg‹9cé9í&zhg‹’SPT–K‹ÕT”ÒQK9¥¬: g¸àîúfäz*£8àîù«­xàç8àï8àêùëbK“ÕÔÕUQÒS—ÐÒUQÔÓÕTÑK“ÕÔÕUQÒS—ÐÒUQÔÓÕTÑK9cé9í&xàk¹ê+ºhg¸àîùå.¹£!ùk¦¹¥®y¬åxàjùo¤øàhøài¸ào¸àj8à xà¢ËSÑKSÑKSÑKSÑKËSL‹LËÎ‹ËÝÝÝËÝÛ‹›ÚÚ[›ÜÚ[XKœÚ[X[™KšœÜÙXÝ[Û‹Ü™ZZÚWÚ[Ü™ZZÚWÚÛ˜[‹ÜŒÍ‘ÌÌÍš[9ãïº(c9§hy/¢øàîù/cù¬$xà«8à©8àâ{ï#ùcé9í&zhg‹Œ‹LLNKÓÔ•Ð•PÒÑUÕT”‘S•“L‹ËSL‹LË9cëùáàù )øàîù.#yáàù )ùì¥ùi)øàe8àoË9cëùáàù )øàîù.#yáàù )ùì¥ùi)øàe8àoË’SPT–KË“ÓÒÑQÔPÒÕT9i)ùg¢øàk¹cëùáàøàîù.#yáàùk­¹n«xàe8àoË“ÕÔÕUQÒS—ÐÒUQÔÓÕTÑK“ÕÔÕUQÒS—ÐÒUQÔÓÕTÑK“ÕÔÕUQÒS—ÐÒUQÔÓÕTÑK•QKSÑKSÑKSÑKËSL‹LËÎ‹ËÝÝÝËÝÛ‹›ÚÚ[›ÜÚ[XKœÚ[X[™KšœÜÙXÝ[Û‹Ü™ZZÚWÚ[Ü™ZZÚWÚÛ˜[‹ÜŒÍ‘ÌÌÍš[9ãïº(c9§hy/¢øàîù/cù¬$xà«8à©8àâ{ï#ùcëùáàù )øàîù.#yáàù )ùì¥ùi)øàe8àoËŒ‹LLNK‘Q‘T‘SÑWÓÓ“KÕT”‘S•“LËËSLËLK9cëùáàøàe8àoË9cëùáàøàe8àoË’SPT–KKÕT”ÒQK9å'øàe8àoøàîøà­8àè:gjz(ïydàxàîùí&xàb¸à 8ài9ëbK“ÕÔÕUQÒS—ÐÒUQÔÓÕTÑK“ÕÔÕUQÒS—ÐÒUQÔÓÕTÑK9å'øàe8àoøàkùc`yb!¹¬-9b!øà¢‹9l¨yllyn ¹§"y¥¦y£!ùk¦º(¢ËSÑKSÑKSÑKSÑKËSLËLËÎ‹ËÝÝÝË˜Ú]K›ÚØ^X[XKšœÚÝ\˜\ÚKÌLÌ‹š[9cëùáàøàe8àoøàk¹aî¸àeù¥®KŒ‹LLNKÓÔ•Ð•PÒÑUÕT”‘S•“LËËSLËL‹9.#yáàøàe8àoË9.#yáàøàe8àoË’SPT–K‹ÕT”ÒQK8à«8àêxà®xàcøàf¸àîúfm¹èàyfj:hg¹ëbK“ÕÔÕUQÒS—ÐÒUQÔÓÕTÑK“ÕÔÕUQÒS—ÐÒUQÔÓÕTÑK“ÕÔÕUQÒS—ÐÒUQÔÓÕTÑKSÑKSÑKSÑKSÑKËSLËLÎ‹ËÝÝÝË˜Ú]K›ÚØ^X[XKšœÚÝ\˜\ÚKÌŽ‹š[9k­¹n«xàe8àoøàk¹aî¸àeù¥®{ï#ù.#yáàøàe8àoËŒ‹LLNKÓÔ•Ð•PÒÑUÕT”‘S•“LËËSLËLË8àåøàêxà®xààxààøà«ú,áù®¤8àåøàêxà®xààxààøà«ú,áù®¤’SPT–KËÕT”ÒQK8àåøàêxà®xààxààøà«ú(ïydàxàîùk®yfj9c!z(áK“ÕÔÕUQÒS—ÐÒUQÔÓÕTÑK“ÕÔÕUQÒS—ÐÒUQÔÓÕTÑK9n ¸àk¸àåøàêxà®xààxààøà«ú,áù®¤8àêøàï8àêøàjùo¤øàa‹SÑKSÑKSÑKSÑKËSLËLËÎ‹ËÝÝÝË˜Ú]K›ÚØ^X[XKšœÚÝ\˜\ÚKÌLÌ‹š[9.é9d£¹nmù§"8àbøà¢xàåøàêxà®xààxààøà«ú,áù®¤9b!¹b)ze¢ùiâËŒ‹LLNKÓÔ•Ð•PÒÑUÕT”‘S•“LËËSLËL:,áù®¤9c%¹âjK:,áù®¤9c%¹âjK’SPT–KÕT”ÒQK9ên¸àcyï-¸àîøàløà¤øàîùcé9í&xàîùcé9n øàîÔU8àîùi*xàmøà¢y¬®yëbK“ÕÔÕUQÒS—ÐÒUQÔÓÕTÑK“ÕÔÕUQÒS—ÐÒUQÔÓÕTÑK9dàyæë¸àe8àj8àk¹n ¹£!ùk¦¹¥®y¬åxàiùb!¹b)KSÑKSÑKSÑKSÑKËSLËLÎ‹ËÝÝÝË˜Ú]K›ÚØ^X[XKšœÚÝ\˜\ÚKÌŽ‹š[9k­¹n«xàe8àoøàk¹aî¸àeù¥®{ï#ú,áù®¤9c%¹âjKŒ‹LLNKÓÔ•Ð•PÒÑUÕT”‘S•“LËËSLËLK9nàù.oºfîù¬h8àîù/dù®*z*"9nàù.oºfîù¬h8àîù/dù®*z*"’SPT–KKÕT”ÒQK9.oºfîù¬h8àîøàç8à¯øàìúfîù¬h8àîùaazfîùo#úfîù¬h8àîù¬-:b 9/dù®*z*"9ëbK“ÕÔÕUQÒS—ÐÒUQÔÓÕTÑK“ÕÔÕUQÒS—ÐÒUQÔÓÕTÑK9n ¸àk¹l ¹å*8à¬øàìøàá¸àâ¹ëbxànSÑKSÑKSÑKSÑKËSLËLÎ‹ËÝÝÝË˜Ú]K›ÚØ^X[XKšœÚÝ\˜\ÚKÌŽ‹š[9k­¹n«xàe8àoøàk¹aî¸àeù¥®{ï#ùnàù.oºfîù¬h8àîù/dù®*z*"Œ‹LLNKÓÔ•Ð•PÒÑUÕT”‘S•“LËËSLËL‹9ì¥ùi)øàe8àoË9ì¥ùi)øàe8àoË’SPT–K‹“ÓÒÑQÔPÒÕTŒ9§"y¥¦y£!ùk¦º(¢øàjùaixà¢¸àcxà¢xàj¸àa9k­¹amøàîú!êº.èº.â¸àîùk­ºfîùëbK“ÕÔÕUQÒS—ÐÒUQÔÓÕTÑK“ÕÔÕUQÒS—ÐÒUQÔÓÕTÑK“ÕÔÕUQÒS—ÐÒUQÔÓÕTÑKy`"øàk¹i)øàcxàexàcŒ9§"y¥¦y£!ùk¦º(¢øàjùaixà¢¸àcxà¢xàj¸àa8à ¸àk‹•QKSÑKSÑKSÑKËSLËLÎ‹ËÝÝÝË˜Ú]K›ÚØ^X[XKšœÚÝ\˜\ÚKÌŽ‹š[9k­¹n«xàe8àoøàk¹aî¸àeù¥®{ï#ùì¥ùi)øàe8àoËŒ‹LLNK‘Q‘T‘SÑWÓÓ“KÕT”‘S•“LËËSLËLË9n ¸àiùcãºfá¸àiøàcxàj¸àa8à ¸àk‹9n ¸àiùcãºfá¸àiøàcxàj¸àa8à ¸àk‹VÓQQË“ÕÐÓÓPÕQ8à¯øà©8àé8àîøàâxàêxàè9ï-¸àîøàå8à¨¸àã¸àîøàä8ààøàá¸àê¸àï9ëbK“ÕÔÕUQÒS—ÐÒUQÔÓÕTÑK:,ªyhì¹n¥øàîøàèxàï8àªøàï8àîùl ºe 9©kz !yëbxàk¹ak9o#ù¨b9a¡xàjùo¤øàa‹9cåùaiyab8àk¹£!ùé.¸àjùo¤øàa‹SÑKSÑKSÑK•QKËSLËLÎ‹ËÝÝÝË˜Ú]K›ÚØ^X[XKšœÚÝ\˜\ÚKÌŽ‹š[9ì¥ùi)øàe8àoûï#ùcãºfá¹câ8àkù£ z/¯8àoøàiøàcxàj¸àa8à ¸àk‹Œ‹LLNKVÓQQÓ“ÕPÑKÕT”‘S•“LŽËSLŽLK9áàøà¡8àføà¢øàe8àoË9áàøà¡8àføà¢øàe8àoË’SPT–KKÕT”ÒQK9å'øàe8àoøàîùcëùáàù )ùk­¹n«xàe8àoË“ÕÔÕUQÒS—ÐÒUQÔÓÕTÑK“ÕÔÕUQÒS—ÐÒUQÔÓÕTÑK9i)øàcxàeygî¹®¥¸àjùo¤øàa‹SÑKSÑKSÑKSÑKËSLŽLKÎ‹ËÝÝÝË˜Ú]KšÝ\˜\ÚZÚK›ÚØ^X[XKšœÚÝ\˜\ÚKÚØ[šÞ[ËÌLÍKÌLLÍŽLÚ[™^š[9k­¹n«xàe8àoøàk¹aî¸àeù¥®{ï#ùáàøà¡8àføà¢øàe8àoËŒ‹LLNKÓÔ•Ð•PÒÑUÕT”‘S•“LŽËSLŽL‹:,áù®¤8àe8àoË:,áù®¤8àe8àoË’SPT–K‹ÕT”ÒQK9ï-¸àîøàløà¤øàîùcé9í&xàîùcé9n øàîúaäylgºhg¹ëbK“ÕÔÕUQÒS—ÐÒUQÔÓÕTÑK“ÕÔÕUQÒS—ÐÒUQÔÓÕTÑK9dàyæë¸àe8àj8àk¹§hy.í¸àjùo¤øàa‹SÑKSÑKSÑKSÑKËSLŽL‹Î‹ËÝÝÝË˜Ú]KšÝ\˜\ÚZÚK›ÚØ^X[XKšœÚÝ\˜\ÚKÚØ[šÞ[ËÌLÍKÌLLÍŽLÌLLŒMMKš[8àe8àoùb!¹b)y©'9í(»ï#ú,áù®¤8àe8àoËŒ‹LLNKÓÔ•Ð•PÒÑUÕT”‘S•“LŽËSLŽLË9gâùêâøàe8àoË9gâùêâøàe8àoË’SPT–KËÕT”ÒQK:fm¹èàyfj8àîú $9á¬xà«8àêxà®yëbK“ÕÔÕUQÒS—ÐÒUQÔÓÕTÑK“ÕÔÕUQÒS—ÐÒUQÔÓÕTÑK“ÕÔÕUQÒS—ÐÒUQÔÓÕTÑKN9ï-¸à¢8à¢¹l#øàexàa8à ¸àk¸à¤¹gî¹§+SÑKSÑKSÑKSÑKËSLŽL‹Î‹ËÝÝÝË˜Ú]KšÝ\˜\ÚZÚK›ÚØ^X[XKšœÚÝ\˜\ÚKÚØ[šÞ[ËÌLÍKÌLLÍŽLÌLLŒMMKš[8àe8àoùb!¹b)y©'9í(»ï#ùgâùêâøàe8àoËŒ‹LLNKÓÔ•Ð•PÒÑUÕT”‘S•“LŽËSLŽL9/oùå*9®"8àoù.oºfîù¬h9/oùå*9®"8àoù.oºfîù¬h’SPT–KÕT”ÒQK9/oùå*9®"8àoù.oºfîù¬h“ÕÔÕUQÒS—ÐÒUQÔÓÕTÑK“ÕÔÕUQÒS—ÐÒUQÔÓÕTÑK9n ¹£!ùk¦¹¥®y¬åxàiù£¤¹aî‹SÑKSÑKSÑKSÑKËSLŽLKÎ‹ËÝÝÝË˜Ú]KšÝ\˜\ÚZÚK›ÚØ^X[XKšœÚÝ\˜\ÚKÚØ[šÞ[ËÌLÍKÌLLÍŽLÚ[™^š[9k­¹n«xàe8àoøàk¹aî¸àeù¥®{ï#ù/oùå*9®"8àoù.oºfîù¬hŒ‹LLNKÓÔ•Ð•PÒÑUÕT”‘S•“LŽËSLŽLK9ì¥ùi)øàe8àoË9ì¥ùi)øàe8àoË’SPT–KK“ÓÒÑQÔPÒÕT9i)ùg¢ùk­¹amøàîú)!ùd":(ïydàyëbK“ÕÔÕUQÒS—ÐÒUQÔÓÕTÑK“ÕÔÕUQÒS—ÐÒUQÔÓÕTÑK“ÕÔÕUQÒS—ÐÒUQÔÓÕTÑK•QKSÑKSÑKSÑKËSLŽL‹Î‹ËÝÝÝË˜Ú]KšÝ\˜\ÚZÚK›ÚØ^X[XKšœÚÝ\˜\ÚKÚØ[šÞ[ËÌLÍKÌLLÍŽLÌLLŒMMKš[8àe8àoùb!¹b)y©'9í(»ï#ùì¥ùi)øàe8àoËŒ‹LLNK‘Q‘T‘SÑWÓÓ“KÕT”‘S•“LŽËSLŽL‹9aî¸àføàj¸àa9aî¸àføàj¸àaVÓQQ‹“ÕÐÓÓPÕQ8à¯øà©8àé8àîù¬ê9l!:açxàîùaé¹ä!¹fì:fèùâjyëbK“ÕÔÕUQÒS—ÐÒUQÔÓÕTÑK:,ªyhì¹n¥øàîøàèxàï8àªøàï8àîùl ºe 9©kz !yëbxàk¹ak9o#ù¨b9a¡xàjùo¤øàa‹9cåùaiyab8àk¹£!ùé.¸àjùo¤øàa‹SÑKSÑKSÑK•QKËSLŽL‹Î‹ËÝÝÝË˜Ú]KšÝ\˜\ÚZÚK›ÚØ^X[XKšœÚÝ\˜\ÚKÚØ[šÞ[ËÌLÍKÌLLÍŽLÌLLŒMMKš[8àe8àoùb!¹b)y©'9í(»ï#ùaî¸àføàj¸àaŒ‹LLNKVÓQQÓ“ÕPÑKÕT”‘S•“LŽKËSLŽKLK9cëùáàÊ9áàøà¡8àføà¢Êxàe8àoË9cëùáàÊ9áàøà¡8àføà¢Êxàe8àoË’SPT–KKÕT”ÒQK9cì9¢`8àe8àoøàîùí&xàcøàf¸àîùn øàcøàf¸àîù§*8àcøàf¹ëbK“ÕÔÕUQÒS—ÐÒUQÔÓÕTÑK“ÕÔÕUQÒS—ÐÒUQÔÓÕTÑK9n ¸àk¹£!ùk¦¹¥®y¬åxàiùaî¸àfKSÑKSÑKSÑKSÑKËSLŽKLKÎ‹ËÝÝÝË˜Ú]KÝ^X[XK›ËšœØÛÛ[[Û‹ÜÝËÙœ™YKÙš[\ËÌMLMMËÌŒŒŒÌŒMŒÍMMÌŽŒÌËœ‹9å'ù­.øà«8à©8àâxàå¸ààøà«ûï#øàe8àoøàk¹b!¸àdy¥®{ï#ùcëùáàÊ9áàøà¡8àføà¢Êxàe8àoËŒ‹LLNKÓÔ•Ð•PÒÑUÕT”‘S•“LŽKËSLŽKL‹9.#yáàÊ9áàøà¡8àføàj¸àa
xàe8àoË9.#yáàÊ9áàøà¡8àføàj¸àa
xàe8àoË’SPT–K‹ÕT”ÒQK8à«8àêxà®xàîúfm¹èàyfj8àîúaäylg¸àîøà­8àè:gjz(ïydàyëbK“ÕÔÕUQÒS—ÐÒUQÔÓÕTÑK“ÕÔÕUQÒS—ÐÒUQÔÓÕTÑK9clzfn¹âjxàkùk¢yaj8àjù/çz+møàeøài¹aî¸àfKSÑKSÑKSÑKSÑKËSLŽKLKÎ‹ËÝÝÝË˜Ú]KÝ^X[XK›ËšœØÛÛ[[Û‹ÜÝËÙœ™YKÙš[\ËÌMLMMËÌŒŒŒÌŒMŒÍMMÌŽŒÌËœ‹9å'ù­.øà«8à©8àâxàå¸ààøà«ûï#øàe8àoøàk¹b!¸àdy¥®{ï#ù.#yáàÊ9áàøà¡8àføàj¸àa
xàe8àoËŒ‹LLNKÓÔ•Ð•PÒÑUÕT”‘S•“LŽKËSLŽKLË8àåøàêxà®xààxààøà«ùk®yfj9c!z(áK8àåøàêxà®xààxààøà«ùk®yfj9c!z(áK’SPT–KËÕT”ÒQK9ea¹dàxà¤¹aixà£8ài¸àa8àgøàåøàêxà®xààxààøà«ùk®yfj8àîú(¢øàîùc!xàoË“ÕÔÕUQÒS—ÐÒUQÔÓÕTÑK“ÕÔÕUQÒS—ÐÒUQÔÓÕTÑK9¬f¸à£8à¤º$/xàj8àeøài¹aî¸àfKSÑKSÑKSÑKSÑKËSLŽKLKÎ‹ËÝÝÝË˜Ú]KÝ^X[XK›ËšœØÛÛ[[Û‹ÜÝËÙœ™YKÙš[\ËÌMLMMËÌŒŒŒÌŒMŒÍMMÌŽŒÌËœ‹9å'ù­.øà«8à©8àâxàå¸ààøà«ûï#øàe8àoøàk¹b!¸àdy¥®{ï#øàåøàêxà®xààxààøà«ùk®yfj9c!z(áKŒ‹LLNKÓÔ•Ð•PÒÑUÕT”‘S•“LŽKËSLŽKL9ï-¸àîøàløà¤øàîøàæ¸ààøàâ8àç8àâ8àêË9ï-¸àîøàløà¤øàîøàæ¸ààøàâ8àç8àâ8àêË’SPT–KÕT”ÒQK:hì¹¥¦yå*8àløà¤øàîùï-¸àîÔU8àç8àâ8àêË“ÕÔÕUQÒS—ÐÒUQÔÓÕTÑK“ÕÔÕUQÒS—ÐÒUQÔÓÕTÑK9¬-9­%øàa8à ”U8àkøà«xàèøààøàåøàîøàêxàæxàêøà¤¹i%¸àfKSÑKSÑKSÑKSÑKËSLŽKLKÎ‹ËÝÝÝË˜Ú]KÝ^X[XK›ËšœØÛÛ[[Û‹ÜÝËÙœ™YKÙš[\ËÌMLMMËÌŒŒŒÌŒMŒÍMMÌŽŒÌËœ‹9å'ù­.øà«8à©8àâxàå¸ààøà«ûï#øàe8àoøàk¹b!¸àdy¥®{ï#ùï-¸àîøàløà¤øàîøàæ¸ààøàâ8àç8àâ8àêËŒ‹LLNKÓÔ•Ð•PÒÑUÕT”‘S•“LŽKËSLŽKLK9cé9í&K9cé9í&K’SPT–KKÕT”ÒQK9¥¬: g¸àîúfäz*£8àîù«­xàç8àï8àêøàîùâfù.løàäxààøà«øàîúfäxàc8àoË“ÕÔÕUQÒS—ÐÒUQÔÓÕTÑK“ÕÔÕUQÒS—ÐÒUQÔÓÕTÑK9cé9í&xàk¹ê+ºhg¸àe8àj8àjùn ¹£!ùk¦¹¥®y¬åxàiùaî¸àfKSÑKSÑKSÑKSÑKËSLŽKLKÎ‹ËÝÝÝË˜Ú]KÝ^X[XK›ËšœØÛÛ[[Û‹ÜÝËÙœ™YKÙš[\ËÌMLMMËÌŒŒŒÌŒMŒÍMMÌŽŒÌËœ‹9å'ù­.øà«8à©8àâxàå¸ààøà«ûï#øàe8àoøàk¹b!¸àdy¥®{ï#ùcé9í&KŒ‹LLNKÓÔ•Ð•PÒÑUÕT”‘S•“LŽKËSLŽKL‹9ì¥ùi)ûï"9i)øàcxàa;ï"xàe8àoË9ì¥ùi)ûï"9i)øàcxàa;ï"xàe8àoË’SPT–K‹“ÓÒÑQÔPÒÕT9k­¹amøàîú!êº.èº.â¸àîùi)ùg¢ùk­¹n«xàe8àoùëbK“ÕÔÕUQÒS—ÐÒUQÔÓÕTÑK“ÕÔÕUQÒS—ÐÒUQÔÓÕTÑK“ÕÔÕUQÒS—ÐÒUQÔÓÕTÑK•QKSÑKSÑKSÑKËSLŽKLKÎ‹ËÝÝÝË˜Ú]KÝ^X[XK›ËšœØÛÛ[[Û‹ÜÝËÙœ™YKÙš[\ËÌMLMMËÌŒŒŒÌŒMŒÍMMÌŽŒÌËœ‹9å'ù­.øà«8à©8àâxàå¸ààøà«ûï#øàe8àoøàk¹b!¸àdy¥®{ï#ùì¥ùi)ûï"9i)øàcxàa;ï"xàe8àoËŒ‹LLNK‘Q‘T‘SÑWÓÓ“KÕT”‘S•“LÌËSLÌLK9áàøà¡8àføà¢øàe8àoË9áàøà¡8àføà¢øàe8àoË’SPT–KKÕT”ÒQK9å'øàe8àoøàîùcëùáàù )ùk­¹n«xàe8àoË“ÕÔÕUQÒS—ÐÒUQÔÓÕTÑK“ÕÔÕUQÒS—ÐÒUQÔÓÕTÑK“ÕÔÕUQÒS—ÐÒUQÔÓÕTÑK9n ¹£!ùk¦º(¢ËSÑKSÑKSÑKSÑKËSLÌLKÎ‹ËÝÝÝË˜Ú]K[X[›Ë›ËšœÜÚ]KÜ™XÞXÛKÌMŒÌš[9ã¢zaã¹n ¸àe8àoùb!¹b)z/§¹an;ï#ùáàøà¡8àføà¢øàe8àoËŒ‹LLNKÓÔ•Ð•PÒÑUÕT”‘S•“LÌËSLÌL‹9.#yáàùâjPK9.#yáàùâjPK’SPT–K‹ÕT”ÒQK9n ¸àc9.#yáàùâjPxàj8àeøài¹£!ùk¦¸àfxà¢ùk­¹n«xàe8àoË“ÕÔÕUQÒS—ÐÒUQÔÓÕTÑK“ÕÔÕUQÒS—ÐÒUQÔÓÕTÑK“ÕÔÕUQÒS—ÐÒUQÔÓÕTÑKSÑKSÑKSÑKSÑKËSLÌLKÎ‹ËÝÝÝË˜Ú]K[X[›Ë›ËšœÜÚ]KÜ™XÞXÛKÌMŒÌš[9ã¢zaã¹n ¸àe8àoùb!¹b)z/§¹an;ï#ùáàøà¡8àføàj¸àa8àe8àoûï"9.#yáàùâjPxàîÐ»ï"KŒ‹LLNKÓÔ•Ð•PÒÑUÕT”‘S•“LÌËSLÌLË9.#yáàùâjP‹9.#yáàùâjP‹’SPT–KËÕT”ÒQK9n ¸àc9.#yáàùâjP¸àj8àeøài¹£!ùk¦¸àfxà¢ùk­¹n«xàe8àoË“ÕÔÕUQÒS—ÐÒUQÔÓÕTÑK“ÕÔÕUQÒS—ÐÒUQÔÓÕTÑK“ÕÔÕUQÒS—ÐÒUQÔÓÕTÑKSÑKSÑKSÑKSÑKËSLÌLKÎ‹ËÝÝÝË˜Ú]K[X[›Ë›ËšœÜÚ]KÜ™XÞXÛKÌMŒÌš[9ã¢zaã¹n ¸àe8àoùb!¹b)z/§¹an;ï#ùáàøà¡8àføàj¸àa8àe8àoûï"9.#yáàùâjPxàîÐ»ï"KŒ‹LLNKÓÔ•Ð•PÒÑUÕT”‘S•“LÌËSLÌL9cé9í&zhg‹9cé9í&zhg‹’SPT–KÕT”ÒQK9¥¬: g¸àîúfäz*£8àîù«­xàç8àï8àêøàîùí&xàäxààøà«ùëbK“ÕÔÕUQÒS—ÐÒUQÔÓÕTÑK“ÕÔÕUQÒS—ÐÒUQÔÓÕTÑK9ê+ºhg¹b)xàjùn ¹£!ùk¦¹¥®y¬åxàiøào¸àj8à xà¢ËSÑKSÑKSÑKSÑKËSLÌLKÎ‹ËÝÝÝË˜Ú]K[X[›Ë›ËšœÜÚ]KÜ™XÞXÛKÌMŒÌš[9ã¢zaã¹n ¸àe8àoùb!¹b)z/§¹an;ï#ùcé9í&zhg‹Œ‹LLNKÓÔ•Ð•PÒÑUÕT”‘S•“LÌËSLÌLK8àgxàk¹.å¸àåøàêxà®xààxààøà«ú(ïyk®yfj9c!z(áK8àgxàk¹.å¸àåøàêxà®xààxààøà«ú(ïyk®yfj9c!z(áK’SPT–KKÕT”ÒQK8àåøàêxàç¸àï8à«øàk¹k®yfj9c!z(áK“ÕÔÕUQÒS—ÐÒUQÔÓÕTÑK“ÕÔÕUQÒS—ÐÒUQÔÓÕTÑK9.+z.ªøàîù¬f¸à£8à¤ºfi8àcËSÑKSÑKSÑKSÑKËSLÌLKÎ‹ËÝÝÝË˜Ú]K[X[›Ë›ËšœÜÚ]KÜ™XÞXÛKÌMŒÌš[9ã¢zaã¹n ¸àe8àoùb!¹b)z/§¹an;ï#øàgxàk¹.å¸àåøàêxà®xààxààøà«ú(ïyk®yfj9c!z(áKŒ‹LLNKÓÔ•Ð•PÒÑUÕT”‘S•“LÌËSLÌL‹8àæ¸ààøàâ8àç8àâ8àêøàîøàløà¤úhg‹8àæ¸ààøàâ8àç8àâ8àêøàîøàløà¤úhg‹’SPT–K‹ÕT”ÒQKU8àç8àâ8àêøàîúhìºhçùå*8àløà¤Ë“ÕÔÕUQÒS—ÐÒUQÔÓÕTÑK“ÕÔÕUQÒS—ÐÒUQÔÓÕTÑK9n ¸àk¹£!ùk¦¹¥®y¬åxàiùb!¹b)KSÑKSÑKSÑKSÑKËSLÌLKÎ‹ËÝÝÝË˜Ú]K[X[›Ë›ËšœÜÚ]KÜ™XÞXÛKÌMŒÌš[9ã¢zaã¹n ¸àe8àoùb!¹b)z/§¹an;ï#øàæ¸ààøàâ8àç8àâ8àêøàîøàløà¤úhg‹Œ‹LLNKÓÔ•Ð•PÒÑUÕT”‘S•“LÌËSLÌLË9ï-ºhg¸àîùclzfn¹ )øàk¹âjK9ï-ºhg¸àîùclzfn¹ )øàk¹âjK’SPT–KËÕT”ÒQK:hìºhçùå*9ï-¸àîøà®xàåøàë8àï9ï-¹ëbK“ÕÔÕUQÒS—ÐÒUQÔÓÕTÑK“ÕÔÕUQÒS—ÐÒUQÔÓÕTÑK9.+z.ªøà¤¹/oøàa9b!øà¢¹n ¹£!ùk¦¹¥®y¬åxàiùaî¸àfKSÑKSÑKSÑKSÑKËSLÌLKÎ‹ËÝÝÝË˜Ú]K[X[›Ë›ËšœÜÚ]KÜ™XÞXÛKÌMŒÌš[9ã¢zaã¹n ¸àe8àoùb!¹b)z/§¹an;ï#ùï-ºhg¸àîùclzfn¹ )øàk¹âjKŒ‹LLNKÓÔ•Ð•PÒÑUÕT”‘S•“LÌËSLÌL9cé9n øàîùnàúhçùå*9¬®K9cé9n øàîùnàúhçùå*9¬®K’SPT–KÕT”ÒQK9cé9n øàîùk­¹n«xàk¹nàúhçùå*9¬®K“ÕÔÕUQÒS—ÐÒUQÔÓÕTÑK“ÕÔÕUQÒS—ÐÒUQÔÓÕTÑK9n ¸àk¹£!ùk¦¹¥®y¬åxàiùaî¸àfKSÑKSÑKSÑKSÑKËSLÌLKÎ‹ËÝÝÝË˜Ú]K[X[›Ë›ËšœÜÚ]KÜ™XÞXÛKÌMŒÌš[9ã¢zaã¹n ¸àe8àoùb!¹b)z/§¹an;ï#ùcé9n øàîùnàúhçùå*9¬®KŒ‹LLNKÓÔ•Ð•PÒÑUÕT”‘S•“LÌËSLÌLK9ì¥ùi)øàe8àoË9ì¥ùi)øàe8àoË’SPT–KK“ÓÒÑQÔPÒÕT9n ¹£!ùk¦¸àk¹i)ùg¢ùk­¹n«xàe8àoË“ÕÔÕUQÒS—ÐÒUQÔÓÕTÑK“ÕÔÕUQÒS—ÐÒUQÔÓÕTÑK“ÕÔÕUQÒS—ÐÒUQÔÓÕTÑK•QKSÑKSÑKSÑKËSLÌLKÎ‹ËÝÝÝË˜Ú]K[X[›Ë›ËšœÜÚ]KÜ™XÞXÛKÌMŒÌš[9ã¢zaã¹n ¸àe8àoùb!¹b)z/§¹an;ï#ùì¥ùi)øàe8àoËŒ‹LLNK‘Q‘T‘SÑWÓÓ“KÕT”‘S•“LÌËSLÌLL9n ¸àc9cå¸à¢¹¢lxà£øàj¸àa8à ¸àk‹9n ¸àc9cå¸à¢¹¢lxà£øàj¸àa8à ¸àk‹VÓQQL“ÕÐÓÓPÕQ9aé¹ä!¹fì:fèùâjyëbK“ÕÔÕUQÒS—ÐÒUQÔÓÕTÑK:,ªyhì¹n¥øàîøàèxàï8àªøàï8àîùl ºe 9©kz !yëbxàk¹ak9o#ù¨b9a¡xàjùo¤øàa‹9cåùaiyab8àk¹£!ùé.¸àjùo¤øàa‹SÑKSÑKSÑK•QKËSLÌLKÎ‹ËÝÝÝË˜Ú]K[X[›Ë›ËšœÜÚ]KÜ™XÞXÛKÌMŒÌš[9ã¢zaã¹n ¸àe8àoùb!¹b)z/§¹an;ï#ùn ¸àc9cå¸à¢¹¢lxà£øàj¸àa8à ¸àk‹Œ‹LLNKVÓQQÓ“ÕPÑKÕT”‘S•“LÌKËSLÌKLK8à ¸à¡8àfxàeøàbøàj¸àa8àe8àoË8à ¸à¡8àfxàeøàbøàj¸àa8àe8àoË’SPT–KKÕT”ÒQK:,áù®¤9c%¸àiøàcxàj¸àa9cëùáàù )ùk­¹n«xàe8àoË“ÕÔÕUQÒS—ÐÒUQÔÓÕTÑK“ÕÔÕUQÒS—ÐÒUQÔÓÕTÑK9n ¹£!ùk¦º(¢øàiùaî¸àfKSÑKSÑKSÑKSÑKËSLÌKLËÎ‹ËÝÝÝË˜Ú]KšØ\Ø[ÚØK›ÚØ^X[XKšœÜÛÜÚZÚKÌNÍÍÌKš[Œ¹nm9§"9£!ùk¦º(¢ùd#yéì9i"y¦íŒ‹LLNKÓÔ•Ð•PÒÑUÕT”‘S•“LÌKËSLÌKL‹9áàøàb8àj¸àa8àe8àoË9áàøàb8àj¸àa8àe8àoË’SPT–K‹ÕT”ÒQK:,áù®¤9c%¸àiøàcxàj¸àa9.#yáàùk­¹n«xàe8àoË“ÕÔÕUQÒS—ÐÒUQÔÓÕTÑK“ÕÔÕUQÒS—ÐÒUQÔÓÕTÑK“ÕÔÕUQÒS—ÐÒUQÔÓÕTÑKSÑKSÑKSÑKSÑKËSLÌKLÎ‹ËÝÝÝË˜Ú]KšØ\Ø[ÚØK›ÚØ^X[XKšœÜÛÜÚZÚKÌNÌMÌÎš[9áàøàb8àj¸àa8àe8àoøàjøài8àa8ài‹Œ‹LLNKÓÔ•Ð•PÒÑUÕT”‘S•“LÌKËSLÌKLË8àªøàìúhg‹8àªøàìúhg‹’SPT–KËÕT”ÒQK:hìºhçùå*9ï-¹ëbK“ÕÔÕUQÒS—ÐÒUQÔÓÕTÑK“ÕÔÕUQÒS—ÐÒUQÔÓÕTÑK9.+z.ªøà¤¹ên¸àjøàeùb!¹b)ycãºfá¸ànSÑKSÑKSÑKSÑKËSLÌKL‹Î‹ËÝÝÝË˜Ú]KšØ\Ø[ÚØK›ÚØ^X[XKšœÜÛÜÚZÚKÌNÌNŒ‹š[9b!¹b)ycãºfá»ï#øàªøàìúhg‹Œ‹LLNKÓÔ•Ð•PÒÑUÕT”‘S•“LÌKËSLÌKL9í&zhg‹9í&zhg‹’SPT–KÕT”ÒQK9¥¬: g¸àîù«­xàç8àï8àêøàîùí&xàäxààøà«øàîúfäyí&K“ÕÔÕUQÒS—ÐÒUQÔÓÕTÑK“ÕÔÕUQÒS—ÐÒUQÔÓÕTÑK9í&xàk¹ê+ºhg¸àe8àj8àk¹n ¹£!ùk¦¹¥®y¬åxàiøào¸àj8à xà¢ËSÑKSÑKSÑKSÑKËSLÌKL‹Î‹ËÝÝÝË˜Ú]KšØ\Ø[ÚØK›ÚØ^X[XKšœÜÛÜÚZÚKÌNÌNŒ‹š[9b!¹b)ycãºfá»ï#ùí&zhg‹Œ‹LLNKÓÔ•Ð•PÒÑUÕT”‘S•“LÌKËSLÌKLK9n úhg‹9n úhg‹’SPT–KKÕT”ÒQK9cé9n øàîú(húhg‹“ÕÔÕUQÒS—ÐÒUQÔÓÕTÑK“ÕÔÕUQÒS—ÐÒUQÔÓÕTÑK9n ¹£!ùk¦¹¥®y¬åxàiùaî¸àfKSÑKSÑKSÑKSÑKËSLÌKL‹Î‹ËÝÝÝË˜Ú]KšØ\Ø[ÚØK›ÚØ^X[XKšœÜÛÜÚZÚKÌNÌNŒ‹š[9b!¹b)ycãºfá»ï#ùn úhg‹Œ‹LLNKÓÔ•Ð•PÒÑUÕT”‘S•“LÌKËSLÌKL‹8àløà¤úhg‹8àløà¤úhg‹’SPT–K‹ÕT”ÒQK9á(z"l¸àîú#-º"l¸àîùíäz"l¸àîøàgxàk¹.åº"l¸àîøàê¸à¯øàï8àâ¸àå¸àêøàløà¤Ë“ÕÔÕUQÒS—ÐÒUQÔÓÕTÑK“ÕÔÕUQÒS—ÐÒUQÔÓÕTÑK9.+z.ªøà¤¹ên¸àjøàeøài¹n ¹£!ùk¦¹¥®y¬åxàiùaî¸àfKSÑKSÑKSÑKSÑKËSLÌKL‹Î‹ËÝÝÝË˜Ú]KšØ\Ø[ÚØK›ÚØ^X[XKšœÜÛÜÚZÚKÌNÌNŒ‹š[9b!¹b)ycãºfá»ï#øàløà¤úhg‹Œ‹LLNKÓÔ•Ð•PÒÑUÕT”‘S•“LÌKËSLÌKLË8àæ¸ààøàâ8àç8àâ8àêË8àæ¸ààøàâ8àç8àâ8àêË’SPT–KËÕT”ÒQKU8àç¸àï8à«øàk¸àç8àâ8àêË“ÕÔÕUQÒS—ÐÒUQÔÓÕTÑK“ÕÔÕUQÒS—ÐÒUQÔÓÕTÑK8à«xàèøààøàåùëbxà¤¹i%¸àeù¬-9­%øàaSÑKSÑKSÑKSÑKËSLÌKL‹Î‹ËÝÝÝË˜Ú]KšØ\Ø[ÚØK›ÚØ^X[XKšœÜÛÜÚZÚKÌNÌNŒ‹š[9b!¹b)ycãºfá»ï#øàæ¸ààøàâ8àç8àâ8àêËŒ‹LLNKÓÔ•Ð•PÒÑUÕT”‘S•“LÌKËSLÌKL9æoz"l¸àâ8àë8à©9æoz"l¸àâ8àë8à©’SPT–KÕT”ÒQK:(j:(ãøàc9æoz"l¸àk¹kïº,hzhçùdàxàâ8àë8à©“ÕÔÕUQÒS—ÐÒUQÔÓÕTÑK“ÕÔÕUQÒS—ÐÒUQÔÓÕTÑK9.+xà¤¹­%øàa¸à ¹§d:,ê¹§hy.í¸à¤¹è®º*£KSÑKSÑKSÑKSÑKËSLÌKL‹Î‹ËÝÝÝË˜Ú]KšØ\Ø[ÚØK›ÚØ^X[XKšœÜÛÜÚZÚKÌNÌNŒ‹š[9b!¹b)ycãºfá»ï#ùæoz"l¸àâ8àë8à©Œ‹LLNKÓÔ•Ð•PÒÑUÕT”‘S•“LÌKËSLÌKLK8àåøàêxà®xààxààøà«Ê8àgxàk¹.åŠK8àåøàêxà®xààxààøà«Ê8àgxàk¹.åŠK’SPT–KKÕT”ÒQK9kïº,hxàåøàêxà®xààxààøà«ùk®yfj9c!z(áxàîú(ïydàK“ÕÔÕUQÒS—ÐÒUQÔÓÕTÑK“ÕÔÕUQÒS—ÐÒUQÔÓÕTÑK9n ¸àk¹kî9¬åxàîù§d:,ê¸àîù­%ù­a9§hy.í¸àjùo¤øàa‹SÑKSÑKSÑKSÑKËSLÌKL‹Î‹ËÝÝÝË˜Ú]KšØ\Ø[ÚØK›ÚØ^X[XKšœÜÛÜÚZÚKÌNÌNŒ‹š[9b!¹b)ycãºfá»ï#øàåøàêxà®xààxààøà«Ê8àgxàk¹.åŠKŒ‹LLNKÓÔ•Ð•PÒÑUÕT”‘S•“LÌKËSLÌKLL8à«8à®xàîøà®xàåøàë8àï9ï-‹8à«8à®xàîøà®xàåøàë8àï9ï-‹’SPT–KLÕT”ÒQK8à®xàåøàë8àï9ï-¸àîøàªøà®øààøàâ8à«8à®yï-‹“ÕÔÕUQÒS—ÐÒUQÔÓÕTÑK“ÕÔÕUQÒS—ÐÒUQÔÓÕTÑK9.+z.ªøà¤¹/oøàa9b!øà¢¸à yoáxàf¹êm8à¤ºe¢øàdxài¹aî¸àfKSÑKSÑKSÑKSÑKËSLÌKLKÎ‹ËÝÝÝË˜Ú]KšØ\Ø[ÚØK›ÚØ^X[XKšœÜÛÜÚZÚKÌNÌMÍ‹š[9b!¹b)ycãºfá»ï#øà«8à®xàîøà®xàåøàë8àï9ï-‹Œ‹LLNKÓÔ•Ð•PÒÑUÕT”‘S•“LÌKËSLÌKLLK:aäylgºhg‹:aäylgºhg‹’SPT–KLKÕT”ÒQK9n ¸àc:,áù®¤9fç¹cã¸àfxà¢úaäylgºhg‹“ÕÔÕUQÒS—ÐÒUQÔÓÕTÑK“ÕÔÕUQÒS—ÐÒUQÔÓÕTÑK9n ¹£!ùk¦¹¥®y¬åxàiùaî¸àfKSÑKSÑKSÑKSÑKËSLÌKL‹Î‹ËÝÝÝË˜Ú]KšØ\Ø[ÚØK›ÚØ^X[XKšœÜÛÜÚZÚKÌNÌNŒ‹š[9b!¹b)ycãºfá»ï#úaäylgºhg‹Œ‹LLNKÓÔ•Ð•PÒÑUÕT”‘S•“LÌKËSLÌKLL‹9ì¥ùi)øàe8àoË9ì¥ùi)øàe8àoË’SPT–KL‹“ÓÒÑQÔPÒÕT9£!ùk¦¸àk¹i)ùg¢ùk­¹n«xàe8àoË“ÕÔÕUQÒS—ÐÒUQÔÓÕTÑK“ÕÔÕUQÒS—ÐÒUQÔÓÕTÑK“ÕÔÕUQÒS—ÐÒUQÔÓÕTÑK•QKSÑKSÑKSÑKËSLÌKLKÎ‹ËÝÝÝË˜Ú]KšØ\Ø[ÚØK›ÚØ^X[XKšœÜÛÜÚZÚKÌNÍÌŒÎKš[8àe8àoøàîøàê¸à­xà©8à«øàêûï#ùì¥ùi)øàe8àoù§"y¥¦ycãºfá‹Œ‹LLNK‘Q‘T‘SÑWÓÓ“KÕT”‘S•“LÌ‹ËSLÌ‹LK9áàøà¡8àfxàe8àoË9áàøà¡8àfxàe8àoË’SPT–KKÕT”ÒQK9å'øàe8àoøàîùcëùáàù )ùk­¹n«xàe8àoË“ÕÔÕUQÒS—ÐÒUQÔÓÕTÑK“ÕÔÕUQÒS—ÐÒUQÔÓÕTÑK9n ¹£!ùk¦¹¥®y¬åxàiùaî¸àfKSÑKSÑKSÑKSÑKËSLÌ‹LKÎ‹ËÝÝÝË˜Ú]KšX˜\˜K›ÚØ^X[XKšœÜÛÜÚZÚKÌLËÌLÌMNš[9ãïº(c8à«8à©8àâ{ï#ùáàøà¡8àfxàe8àoËŒ‹LLNKÓÔ•Ð•PÒÑUÕT”‘S•“LÌ‹ËSLÌ‹L‹9áàøà¡8àexàj¸àa8àe8àoË9áàøà¡8àexàj¸àa8àe8àoË’SPT–K‹ÕT”ÒQK9.#yáàù )ùk­¹n«xàe8àoË“ÕÔÕUQÒS—ÐÒUQÔÓÕTÑK“ÕÔÕUQÒS—ÐÒUQÔÓÕTÑK9clzfn¹âjxàkùk¢yaj8àjù/çz+møàeøài¹aî¸àfKSÑKSÑKSÑKSÑKËSLÌ‹LKÎ‹ËÝÝÝË˜Ú]KšX˜\˜K›ÚØ^X[XKšœÜÛÜÚZÚKÌLËÌLÌMNš[9ãïº(c8à«8à©8àâ{ï#ùáàøà¡8àexàj¸àa8àe8àoËŒ‹LLNKÓÔ•Ð•PÒÑUÕT”‘S•“LÌ‹ËSLÌ‹LË:,áù®¤8àe8àoûï"8àløà¤øàîùï-»ï"K:,áù®¤8àe8àoûï"8àløà¤øàîùï-»ï"K’SPT–KËÕT”ÒQK:hìºhçùå*8àløà¤øàîùï-¸àîøà®xàåøàë8àï9ï-‹“ÕÔÕUQÒS—ÐÒUQÔÓÕTÑK“ÕÔÕUQÒS—ÐÒUQÔÓÕTÑK8à«xàèøààøàåøà¤¹i%¸àeù.+z.ªøà¤¹¢§8àcy¬-9­%øàa8à ¸à®xàåøàë8àï9ï-¸àkùêm8à¤ºe¢øàdxà«8à®xà¤¹¢§8àcyb!øà¢ËSÑKSÑKSÑKSÑKËSLÌ‹LKÎ‹ËÝÝÝË˜Ú]KšX˜\˜K›ÚØ^X[XKšœÜÛÜÚZÚKÌLËÌLÌMNš[9ãïº(c8à«8à©8àâ{ï#ú,áù®¤8àe8àoûï"8àløà¤øàîùï-»ï"KŒ‹LLNKÓÔ•Ð•PÒÑUÕT”‘S•“LÌ‹ËSLÌ‹L:,áù®¤8àe8àoûï"8àæ¸ààøàâ;ï"K:,áù®¤8àe8àoûï"8àæ¸ààøàâ;ï"K’SPT–KÕT”ÒQKU8àç¸àï8à«øàk¸àç8àâ8àêË“ÕÔÕUQÒS—ÐÒUQÔÓÕTÑK“ÕÔÕUQÒS—ÐÒUQÔÓÕTÑK9n ¹£!ùk¦¹¥®y¬åxàiùaî¸àfKSÑKSÑKSÑKSÑKËSLÌ‹LKÎ‹ËÝÝÝË˜Ú]KšX˜\˜K›ÚØ^X[XKšœÜÛÜÚZÚKÌLËÌLÌMNš[9ãïº(c8à«8à©8àâ{ï#ú,áù®¤8àe8àoûï"8àæ¸ààøàâ;ï"KŒ‹LLNKÓÔ•Ð•PÒÑUÕT”‘S•“LÌ‹ËSLÌ‹LK:,áù®¤8àe8àoûï"8àåøàê{ï"K:,áù®¤8àe8àoûï"8àåøàê{ï"K’SPT–KKÕT”ÒQK9k®yfj9c!z(áxàåøàêxàîùkïº,hz(ïydàxàåøàêxà®xààxààøà«Ë“ÕÔÕUQÒS—ÐÒUQÔÓÕTÑK“ÕÔÕUQÒS—ÐÒUQÔÓÕTÑK9.+z.ªøàîù¬f¸à£8à¤ºfi8àcxà yãïº(c9kïº,hy§hy.í¸àjùo¤øàa‹SÑKSÑKSÑKSÑKËSLÌ‹LÎ‹ËÝÝÝË˜Ú]KšX˜\˜K›ÚØ^X[XKšœÜÛÜÚZÚKÌLËÌNŒËš[9ãïº(c8à«8à©8àâ{ï#ú,áù®¤8àe8àoûï"8àåøàê{ï"KŒ‹LLNKÓÔ•Ð•PÒÑUÕT”‘S•“LÌ‹ËSLÌ‹L‹:,áù®¤8àk¹¥é{ï"9cé9í&{ï"K:,áù®¤8àk¹¥é{ï"9cé9í&{ï"K’SPT–K‹ÕT”ÒQK9¥¬: g¸àîù«­xàç8àï8àêøàîúfäz*£8àîùí&xàäxààøà«øàîøàgxàk¹.å¹í&K“ÕÔÕUQÒS—ÐÒUQÔÓÕTÑK“ÕÔÕUQÒS—ÐÒUQÔÓÕTÑK9ê+ºhg¹b)xàjùn ¹£!ùk¦¹¥®y¬åxàiùíd9§gøàîù£¤¹aî‹SÑKSÑKSÑKSÑKËSLÌ‹LËÎ‹ËÝÝÝË˜Ú]KšX˜\˜K›ÚØ^X[XKšœÜÛÜÚZÚKÌLËÌMÍËš[9ãïº(c8à«8à©8àâ{ï#ú,áù®¤8àk¹¥é{ï"9cé9í&{ï"KŒ‹LLNKÓÔ•Ð•PÒÑUÕT”‘S•“LÌ‹ËSLÌ‹LË:,áù®¤8àk¹¥é{ï"9cé9ç`8àîùnàúhçù¬®{ï"K:,áù®¤8àk¹¥é{ï"9cé9ç`8àîùnàúhçù¬®{ï"K’SPT–KËÕT”ÒQK9cé9ç`:hg¸àîùk­¹n«xàk¹©#yâjy )ùnàúhçù¬®K“ÕÔÕUQÒS—ÐÒUQÔÓÕTÑK“ÕÔÕUQÒS—ÐÒUQÔÓÕTÑK9cé9ç`8àkú`#ù¦#º(¢øà ynàúhçù¬®xàkù£!ùk¦¹k®yfj8àjùaixà£8ài¹ká¹¨$ËSÑKSÑKSÑKSÑKËSLÌ‹LËÎ‹ËÝÝÝË˜Ú]KšX˜\˜K›ÚØ^X[XKšœÜÛÜÚZÚKÌLËÌMÍËš[9ãïº(c8à«8à©8àâ{ï#ú,áù®¤8àk¹¥é{ï"9cé9ç`8àîùnàúhçù¬®{ï"KŒ‹LLNKÓÔ•Ð•PÒÑUÕT”‘S•“LÌ‹ËSLÌ‹L9ì¥ùi)øàe8àoË9ì¥ùi)øàe8àoË’SPT–K“ÓÒÑQÔPÒÕT9n ¹£!ùk¦¸àk¹i)ùg¢ùk­¹n«xàe8àoË“ÕÔÕUQÒS—ÐÒUQÔÓÕTÑK“ÕÔÕUQÒS—ÐÒUQÔÓÕTÑK“ÕÔÕUQÒS—ÐÒUQÔÓÕTÑK•QKSÑKSÑKSÑKËSLÌ‹LKÎ‹ËÝÝÝË˜Ú]KšX˜\˜K›ÚØ^X[XKšœÜÛÜÚZÚKÌLËÌLÌMNš[9ãïº(c8à«8à©8àâ{ï#ùì¥ùi)øàe8àoËŒ‹LLNK‘Q‘T‘SÑWÓÓ“KÕT”‘S•“LÌËËSLÌËLK9áàøà¡8àføà¢øàe8àoË9áàøà¡8àføà¢øàe8àoË’SPT–KKÕT”ÒQK9å'øàe8àoøàîùí&xàb¸à 8ài8àîùí&xàcøàf¸àîøà­8àè:gjxàîøàåøàêxà®xààxààøà«ú(ïydàyëbK“ÕÔÕUQÒS—ÐÒUQÔÓÕTÑK“ÕÔÕUQÒS—ÐÒUQÔÓÕTÑK9n ¹£!ùk¦¹¥®y¬åxàjùo¤øàa‹SÑKSÑKSÑKSÑKËSLÌËLKÎ‹ËÝÝÝË˜Ú]KœÛÚ˜K›ÚØ^X[XKšœÜÛÜÚZÚKÌÍÍNNš[8àe8àoøàk¹cãºfá¹¥éxàîù«høàeøàa9aî¸àeù¥®{ï#ùáàøà¡8àføà¢øàe8àoËŒ‹LLNKÓÔ•Ð•PÒÑUÕT”‘S•“LÌËËSLÌËL‹9áàøà¡8àføàj¸àa8àe8àoË9áàøà¡8àføàj¸àa8àe8àoË’SPT–K‹ÕT”ÒQK9k­¹n«xàk¹.#yáàøàe8àoË“ÕÔÕUQÒS—ÐÒUQÔÓÕTÑK“ÕÔÕUQÒS—ÐÒUQÔÓÕTÑK“ÕÔÕUQÒS—ÐÒUQÔÓÕTÑKSÑKSÑKSÑKSÑKËSLÌËLKÎ‹ËÝÝÝË˜Ú]KœÛÚ˜K›ÚØ^X[XKšœÜÛÜÚZÚKÌÍÍNNš[8àe8àoøàk¹cãºfá¹¥éxàîù«høàeøàa9aî¸àeù¥®{ï#ùáàøà¡8àføàj¸àa8àe8àoËŒ‹LLNKÓÔ•Ð•PÒÑUÕT”‘S•“LÌËËSLÌËLË:,áù®¤8àe8àoË:,áù®¤8àe8àoË’SPT–KËÕT”ÒQK9n ¹£!ùk¦¸àkº,áù®¤8àe8àoË“ÕÔÕUQÒS—ÐÒUQÔÓÕTÑK“ÕÔÕUQÒS—ÐÒUQÔÓÕTÑK:,áù®¤9dàyæë¸àe8àj8àk¹n ¹£!ùk¦¹¥®y¬åxàjùo¤øàa‹SÑKSÑKSÑKSÑKËSLÌËLKÎ‹ËÝÝÝË˜Ú]KœÛÚ˜K›ÚØ^X[XKšœÜÛÜÚZÚKÌÍÍNNš[8àe8àoøàk¹cãºfá¹¥éxàîù«høàeøàa9aî¸àeù¥®{ï#ú,áù®¤8àe8àoËŒ‹LLNKÓÔ•Ð•PÒÑUÕT”‘S•“LÌËËSLÌËL9.#yáàù )ùì¥ùi)øàe8àoË9.#yáàù )ùì¥ùi)øàe8àoË’SPT–KÕT”ÒQK9i)ùg¢øàk¹.#yáàù )ùk­¹n«xàe8àoË“ÕÔÕUQÒS—ÐÒUQÔÓÕTÑK“ÕÔÕUQÒS—ÐÒUQÔÓÕTÑK“ÕÔÕUQÒS—ÐÒUQÔÓÕTÑK•QKSÑKSÑKSÑKËSLÌËLKÎ‹ËÝÝÝË˜Ú]KœÛÚ˜K›ÚØ^X[XKšœÜÛÜÚZÚKÌÍÍNNš[8àe8àoøàk¹cãºfá¹¥éxàîù«høàeøàa9aî¸àeù¥®{ï#ù.#yáàù )ùì¥ùi)øàe8àoËŒ‹LLNK‘Q‘T‘SÑWÓÓ“KÕT”‘S•“LÍËSLÍLK9áàøà¡8àføà¢øàe8àoË9áàøà¡8àføà¢øàe8àoË’SPT–KKÕT”ÒQK9å'øàe8àoøàîùcëùáàù )ùk­¹n«xàe8àoË“ÕÔÕUQÒS—ÐÒUQÔÓÕTÑK“ÕÔÕUQÒS—ÐÒUQÔÓÕTÑK9å'øàe8àoøàkùc`yb!¸àjù¬-9b!øà¢‹S9.éy."øàkº`#ù¦#¸àîùcbº`#ù¦#º(¢ËSÑKSÑKSÑKSÑKËSLÍLKÎ‹ËÝÝÝË˜Ú]KZØZ\ÚK›ËšœÜÛÜÚZÚKÌMÙÛÛZX[˜™]ÝKš[9áàøà¡8àføà¢øàe8àoËŒ‹LLNKÓÔ•Ð•PÒÑUÕT”‘S•“LÍËSLÍL‹9áàøà¡8àføàj¸àa8àe8àoË9áàøà¡8àføàj¸àa8àe8àoË’SPT–K‹ÕT”ÒQK9.#yáàù )ùk­¹n«xàe8àoË“ÕÔÕUQÒS—ÐÒUQÔÓÕTÑK“ÕÔÕUQÒS—ÐÒUQÔÓÕTÑK:(¢øàjùaixà¢xàj¸àa8à ¸àk¸àkøà#9.#yå*9dàxà#xàj:(j9é.‹S9.éy."øàkº`#ù¦#¸àîùcbº`#ù¦#º(¢ËSÑKSÑKSÑKSÑKËSLÍLKÎ‹ËÝÝÝË˜Ú]KZØZ\ÚK›ËšœÜÛÜÚZÚKÌMÙÛÛZX[˜™]ÝKš[9áàøà¡8àføàj¸àa8àe8àoËŒ‹LLNKÓÔ•Ð•PÒÑUÕT”‘S•“LÍËSLÍLË8àløà¤úhg‹8àløà¤úhg‹’SPT–KËÕT”ÒQK:hìºhçùå*8àløà¤Ë“ÕÔÕUQÒS—ÐÒUQÔÓÕTÑK“ÕÔÕUQÒS—ÐÒUQÔÓÕTÑK8à«xàèøààøàåøà¤¹i%¸àeù¬-9­%øàa8àeù£!ùk¦¸à¬øàìøàá¸àâ¸ànSÑKSÑKSÑKSÑKËSLÍLKÎ‹ËÝÝÝË˜Ú]KZØZ\ÚK›ËšœÜÛÜÚZÚKÌMÙÛÛZX[˜™]ÝKš[8àløà¤úhg‹Œ‹LLNKÓÔ•Ð•PÒÑUÕT”‘S•“LÍËSLÍL8àbøà¤úhg‹8àbøà¤úhg‹’SPT–KÕT”ÒQK:hìºhçùå*9ï-¸àîøà®xàåøàë8àï9ï-¸àîøà«8à®yï-‹“ÕÔÕUQÒS—ÐÒUQÔÓÕTÑK“ÕÔÕUQÒS—ÐÒUQÔÓÕTÑK9¬-9­%øàa8à ¸à®xàåøàë8àï9ï-¸àîøà«8à®yï-¸àkù/oøàa9b!øà¢¹êm8à¤¹ên¸àdxà¢ËSÑKSÑKSÑKSÑKËSLÍLKÎ‹ËÝÝÝË˜Ú]KZØZ\ÚK›ËšœÜÛÜÚZÚKÌMÙÛÛZX[˜™]ÝKš[8àbøà¤úhg‹Œ‹LLNKÓÔ•Ð•PÒÑUÕT”‘S•“LÍËSLÍLK8àæ¸ààøàâ8àç8àâ8àêË8àæ¸ààøàâ8àç8àâ8àêË’SPT–KKÕT”ÒQKU8àç¸àï8à«øàk¸àç8àâ8àêË“ÕÔÕUQÒS—ÐÒUQÔÓÕTÑK“ÕÔÕUQÒS—ÐÒUQÔÓÕTÑK9¬-9­%øàa8à ¸à«xàèøààøàåøàîøàêxàæxàêøàkøàgxàk¹.å¸àåøàêxà®xààxààøà«øànSÑKSÑKSÑKSÑKËSLÍLKÎ‹ËÝÝÝË˜Ú]KZØZ\ÚK›ËšœÜÛÜÚZÚKÌMÙÛÛZX[˜™]ÝKš[8àæ¸ààøàâ8àç8àâ8àêËŒ‹LLNKÓÔ•Ð•PÒÑUÕT”‘S•“LÍËSLÍL‹8àgxàk¹.å¸àåøàêxà®xààxààøà«Ë8àgxàk¹.å¸àåøàêxà®xààxààøà«Ë’SPT–K‹ÕT”ÒQK8àgxàk¹.å¸àåøàêxàç¸àï8à«øàk¸à`¸à¢ùk®yfj9c!z(áK“ÕÔÕUQÒS—ÐÒUQÔÓÕTÑK“ÕÔÕUQÒS—ÐÒUQÔÓÕTÑK9¬-9­%øàa9ëbxàiù¬f¸à£8à¤º$/xàj8àfKSÑKSÑKSÑKSÑKËSLÍLKÎ‹ËÝÝÝË˜Ú]KZØZ\ÚK›ËšœÜÛÜÚZÚKÌMÙÛÛZX[˜™]ÝKš[8àgxàk¹.å¸àåøàêxà®xààxààøà«ËŒ‹LLNKÓÔ•Ð•PÒÑUÕT”‘S•“LÍËSLÍLË:fäyí&xàîùí&xàäxààøà«øàîù«­xàç8àï8àêøàîùcé9¥¬: g¸àîùcé:fäz*£:fäyí&xàîùí&xàäxààøà«øàîù«­xàç8àï8àêøàîùcé9¥¬: g¸àîùcé:fäz*£’SPT–KËÕT”ÒQK:fäyí&xàîùí&xàäxààøà«øàîù«­xàç8àï8àêøàîù¥¬: g¸àîúfäz*£“ÕÔÕUQÒS—ÐÒUQÔÓÕTÑK“ÕÔÕUQÒS—ÐÒUQÔÓÕTÑK9ê+ºhg¸àe8àj8àjøàl¸à ¸àiùc`y¥¡ùkeøà ºfäyí&xàkùí&z(¢øào¸àgøàkùíd9§gËSÑKSÑKSÑKSÑKËSLÍLKÎ‹ËÝÝÝË˜Ú]KZØZ\ÚK›ËšœÜÛÜÚZÚKÌMÙÛÛZX[˜™]ÝKš[:fäyí&xàîùí&xàäxààøà«øàîù«­xàç8àï8àêøàîùcé9¥¬: g¸àîùcé:fäz*£Œ‹LLNKÓÔ•Ð•PÒÑUÕT”‘S•“LÍËSLÍL9cãºfá¸àiøàcxàj¸àa8à ¸àk‹9cãºfá¸àiøàcxàj¸àa8à ¸àk‹VÓQQ“ÕÐÓÓPÕQ9k­ºfîøàê¸à­xà©8à«øàêùdàxàîùaé¹ä!¹fì:fèùâjyëbK“ÕÔÕUQÒS—ÐÒUQÔÓÕTÑK:,ªyhì¹n¥øàîùl ºe 9©kz !yëbxàk¹ak9o#ù¨b9a¡xàjùo¤øàa‹9cåùaiyab8àk¹£!ùé.¸àjùo¤øàa‹SÑKSÑKSÑK•QKËSLÍLKÎ‹ËÝÝÝË˜Ú]KZØZ\ÚK›ËšœÜÛÜÚZÚKÌMÙÛÛZX[˜™]ÝKš[9cãºfá¸àiøàcxàj¸àa8à ¸àk‹Œ‹LLNKVÓQQÓ“ÕPÑKÕT”‘S•“LÍKËSLÍKLK9cëùáàøàe8àoË9cëùáàøàe8àoË’SPT–KKÕT”ÒQK9cëùáàù )ùk­¹n«xàe8àoË“ÕÔÕUQÒS—ÐÒUQÔÓÕTÑK“ÕÔÕUQÒS—ÐÒUQÔÓÕTÑK“ÕÔÕUQÒS—ÐÒUQÔÓÕTÑK9¥¬:)¢ùn º*&9d#yo#ù£!ùk¦¸àe8àoú(¢ûï":ná:"l»ï"KSÑKSÑKSÑKSÑKËSLÍKLKÎ‹ËÝÝÝË˜Ú]K›šZ[ZK›ÚØ^X[XKšœÚÝ\˜\ÚKÚÝ\˜\ÚWÙ]Z[Ú[™^ÌÍÍŒ‹š[9cëùáàøàe8àoËŒ‹LLNKÓÔ•Ð•PÒÑUÕT”‘S•“LÍKËSLÍKL‹9gâùêâøàe8àoË9gâùêâøàe8àoË’SPT–K‹ÕT”ÒQK9gâùêâùkïº,hxàk¹k­¹n«xàe8àoË“ÕÔÕUQÒS—ÐÒUQÔÓÕTÑK“ÕÔÕUQÒS—ÐÒUQÔÓÕTÑK“ÕÔÕUQÒS—ÐÒUQÔÓÕTÑK9¥¬:)¢ùn º*&9d#yo#ù£!ùk¦¸àe8àoú(¢ûï":ná:"l»ï"KSÑKSÑKSÑKSÑKËSLÍKLKÎ‹ËÝÝÝË˜Ú]K›šZ[ZK›ÚØ^X[XKšœÚÝ\˜\ÚKÚÝ\˜\ÚWÙ]Z[Ú[™^ÌÍÍŒ‹š[9gâùêâøàe8àoËŒ‹LLNKÓÔ•Ð•PÒÑUÕT”‘S•“LÍKËSLÍKLË:,áù®¤8àe8àoûï"9a£z,áù®¤9c%¹âj{ï"K:,áù®¤8àe8àoûï"9a£z,áù®¤9c%¹âj{ï"K’SPT–KËÕT”ÒQK8àløà¤øàîùï-¸àîÔU8àîùcé9í&yëbK“ÕÔÕUQÒS—ÐÒUQÔÓÕTÑK“ÕÔÕUQÒS—ÐÒUQÔÓÕTÑK:,áù®¤8àkú`#ù¦#º(¢øà ¹cé9í&zhg¸àkøàl¸à ¸àiøàeøàl8à¢ËSÑKSÑKSÑKSÑKËSLÍKLKÎ‹ËÝÝÝË˜Ú]K›šZ[ZK›ÚØ^X[XKšœÚÝ\˜\ÚKÚÝ\˜\ÚWÙ]Z[Ú[™^ÌÍÍŒ‹š[:,áù®¤8àe8àoûï"9a£z,áù®¤9c%¹âj{ï"KŒ‹LLNKÓÔ•Ð•PÒÑUÕT”‘S•“LÍKËSLÍKL9ì¥ùi)øàe8àoË9ì¥ùi)øàe8àoË’SPT–K“ÓÒÑQÔPÒÕT9i)ùg¢ùk­¹n«xàe8àoË“ÕÔÕUQÒS—ÐÒUQÔÓÕTÑK“ÕÔÕUQÒS—ÐÒUQÔÓÕTÑK9.¢ùbcyå,ú/¯8àeùcãºfá¹£!ùk¦¹¥éxàjùaî¸àfK•QK•QKSÑKSÑKËSLÍKLKÎ‹ËÝÝÝË˜Ú]K›šZ[ZK›ÚØ^X[XKšœÚÝ\˜\ÚKÚÝ\˜\ÚWÙ]Z[Ú[™^ÌÍÍŒ‹š[9ì¥ùi)øàe8àoËŒ‹LLNK‘Q‘T‘SÑWÓÓ“KÕT”‘S•“LÍËËSLÍËLK9áàøà¡8àfxàeøàbøàj¸àa8àe8àoË9áàøà¡8àfxàeøàbøàj¸àa8àe8àoË’SPT–KKÕT”ÒQK9å'øàe8àoøàîú,áù®¤9c%¸àiøàcxàj¸àa9cëùáàùâjK“ÕÔÕUQÒS—ÐÒUQÔÓÕTÑK“ÕÔÕUQÒS—ÐÒUQÔÓÕTÑK9n ¹£!ùk¦º(¢øà ¹å'øàe8àoøàkù¬-9b!øà¢‹SÑKSÑKSÑKSÑKËSLÍËL‹Î‹ËÝÝÝË˜Ú]KœÙ]ÝXÚK›ËšœÝ\ØYYØ]XÚY[ÌLLKœ‹9áàøà¡8àfxàeøàbøàj¸àa8àe8àoËŒ‹LLNKÓÔ•Ð•PÒÑUÕT”‘S•“LÍËËSLÍËL‹:hì¹¥¦yå*8àªøàìøàîøàæ¸ààøàâ8àç8àâ8àêË:hì¹¥¦yå*8àªøàìøàîøàæ¸ààøàâ8àç8àâ8àêË’SPT–K‹ÕT”ÒQK:hì¹¥¦yå*9ï-¸àîÔU8àç8àâ8àêË“ÕÔÕUQÒS—ÐÒUQÔÓÕTÑK“ÕÔÕUQÒS—ÐÒUQÔÓÕTÑK9.+z.ªøà¤¹ên¸àjøàeøài¹­%ù­a8à ”U8àkøà«xàèøààøàåøàîøàêxàæxàêøà¤¹i%¸àfKSÑKSÑKSÑKSÑKËSLÍËL‹Î‹ËÝÝÝË˜Ú]KœÙ]ÝXÚK›ËšœÝ\ØYYØ]XÚY[ÌLLKœ‹:hì¹¥¦yå*8àªøàìøàîøàæ¸ààøàâ8àç8àâ8àêËŒ‹LLNKÓÔ•Ð•PÒÑUÕT”‘S•“LÍËËSLÍËLË8àåøàêxà®xààxààøà«ú,áù®¤8àåøàêxà®xààxààøà«ú,áù®¤’SPT–KËÕT”ÒQK8àåøàêxà®xààxààøà«ú(ïyk®yfj9c!z(áxàîùkïº,hxàåøàêxà®xààxààøà«ú(ïydàK“ÕÔÕUQÒS—ÐÒUQÔÓÕTÑK“ÕÔÕUQÒS—ÐÒUQÔÓÕTÑK9¬f¸à£8à¡9«¢ùåfyâjxà¤ºfi8àcËSÑKSÑKSÑKSÑKËSLÍËLËÎ‹ËÝÝÝË˜Ú]KœÙ]ÝXÚK›ËšœÜÛÜÚZÚKÌMÌMMN‹š[8àåøàêxà®xààxààøà«ú,áù®¤Œ‹LLNKÓÔ•Ð•PÒÑUÕT”‘S•“LÍËËSLÍËL:aäyâjzhg‹:aäyâjzhg‹’SPT–KÕT”ÒQKS:-¡xàk¹ï-¸àîúaäylg¹l#ùâjxàîøà®xàåøàë8àï9ï-¹ëbK“ÕÔÕUQÒS—ÐÒUQÔÓÕTÑK“ÕÔÕUQÒS—ÐÒUQÔÓÕTÑK8à®xàåøàë8àï9ï-¸àîøàªøà®øààøàâ9o#øà«8à®xàç8àìøàæxàkùk¢yaj9ªgù©âøà¤¹b*yå*8àeøà yàjù¬%øàk¸àj¸àa:hª:`&¸àeøàk¸à¢8àa9lbùi%¸àiù.+z.ªøà¤¹k£9aj8àjùaî¸àeùb!øàhøài¸àbøà¢yaî¸àfKSÑKSÑKSÑKSÑK9ãïº(c9ak9o#ùk¢yaj9¨b9a¡xàiøàkùêm8à`¸àdxà¤¹oázh"8àj8àeøài¸àa8àj¸àa8àgøà xà yêm8à`¸àdy§hy.í¸à¤¹ãï¹g*8àêøàï8àêøàj8àeøài¹¥«yk¦¸àeøàj¸àaËSLÍËLÎ‹ËÝÝÝË˜Ú]KœÙ]ÝXÚK›ËšœÜÛÜÚZÚKÌMÌLÎMNKš[8à®xàåøàë8àï9ï-¸àîøàªøà®øààøàâ9o#øà«8à®xàç8àìøàæ{ï#ù.+z.ªøà¤¹aî¸àeùb!øàhøàgøà ¸àk¸¡¤ºaäyâjzhg‹Œ‹LLNKÓÔ•Ð•PÒÑUÕT”‘S•“LÍËËSLÍËLK:hìºhçù¥¦yå*8àäøàìË:hìºhçù¥¦yå*8àäøàìË’SPT–KKÕT”ÒQK:hìºhçù¥¦yå*8àløà¤Ë“ÕÔÕUQÒS—ÐÒUQÔÓÕTÑK“ÕÔÕUQÒS—ÐÒUQÔÓÕTÑK9.+xà¤¹­%øàa:"l¹b)xà¬øàìøàá¸àâ¸ànSÑKSÑKSÑKSÑKËSLÍËL‹Î‹ËÝÝÝË˜Ú]KœÙ]ÝXÚK›ËšœÝ\ØYYØ]XÚY[ÌLLKœ‹:hìºhçù¥¦yå*8àäøàìËŒ‹LLNKÓÔ•Ð•PÒÑUÕT”‘S•“LÍËËSLÍËL‹9cé9í&K9cé9í&K’SPT–K‹ÕT”ÒQK9¥¬: g¸àîù«­xàç8àï8àêøàîùí&xàäxààøà«øàîúfäz*£øàe¸ài9í&K“ÕÔÕUQÒS—ÐÒUQÔÓÕTÑK“ÕÔÕUQÒS—ÐÒUQÔÓÕTÑK9dàyæë¹b)xàjùíd9§gùëbKSÑKSÑKSÑKSÑKËSLÍËL‹Î‹ËÝÝÝË˜Ú]KœÙ]ÝXÚK›ËšœÝ\ØYYØ]XÚY[ÌLLKœ‹9cé9í&KŒ‹LLNKÓÔ•Ð•PÒÑUÕT”‘S•“LÍËËSLÍËLË8à¬øàìøàá¸àâ»ï":fîù¬h:hg¸àîú&ãyabyë¨xàîúfm¹èàyfj8àîøà«8àêxà®zhg¸àîøàgxàk¹.å¸àäøàìûï"K8à¬øàìøàá¸àâ»ï":fîù¬h:hg¸àîú&ãyabyë¨xàîúfm¹èàyfj8àîøà«8àêxà®zhg¸àîøàgxàk¹.å¸àäøàìûï"K’SPT–KËÕT”ÒQK9.oºfîù¬h8àîú&ãyabyë¨xàîúfm¹èàyfj8àîøà«8àêxà®zhg¸àîøàgxàk¹.å¸àløà¤Ë“ÕÔÕUQÒS—ÐÒUQÔÓÕTÑK“ÕÔÕUQÒS—ÐÒUQÔÓÕTÑK9dàyæë¸àjùoç8àf9£!ùk¦¸à¬øàìøàá¸àâ¸ànSÑKSÑKSÑKSÑKËSLÍËL‹Î‹ËÝÝÝË˜Ú]KœÙ]ÝXÚK›ËšœÝ\ØYYØ]XÚY[ÌLLKœ‹8à¬øàìøàá¸àâ»ï":fîù¬h:hg¸àîú&ãyabyë¨xàîúfm¹èàyfj8àîøà«8àêxà®zhg¸àîøàgxàk¹.å¸àäøàìûï"KŒ‹LLNKÓÔ•Ð•PÒÑUÕT”‘S•“LÍËËSLÍËL9ì¥ùi)øàe8àoûï"9cëùáàûï"xàîùcé9n Ë9ì¥ùi)øàe8àoûï"9cëùáàûï"xàîùcé9n Ë’SPT–KÕT”ÒQK9cëùáàù )ùì¥ùi)øàe8àoøàîùcé9n Ë“ÕÔÕUQÒS—ÐÒUQÔÓÕTÑK“ÕÔÕUQÒS—ÐÒUQÔÓÕTÑK“ÕÔÕUQÒS—ÐÒUQÔÓÕTÑK•QKSÑKSÑKSÑKËSLÍËL‹Î‹ËÝÝÝË˜Ú]KœÙ]ÝXÚK›ËšœÝ\ØYYØ]XÚY[ÌLLKœ‹9ì¥ùi)øàe8àoûï"9cëùáàûï"xàîùcé9n ËŒ‹LLNK‘Q‘T‘SÑWÓÓ“KÕT”‘S•“LÍËËSLÍËLK9ì¥ùi)øàe8àoûï"9.#yáàûï"xàîùl#ùg¢ùk­ºfîË9ì¥ùi)øàe8àoûï"9.#yáàûï"xàîùl#ùg¢ùk­ºfîË’SPT–KKÕT”ÒQK9.#yáàù )ùì¥ùi)øàe8àoøàîùl#ùg¢ùk­ºfîË“ÕÔÕUQÒS—ÐÒUQÔÓÕTÑK“ÕÔÕUQÒS—ÐÒUQÔÓÕTÑK“ÕÔÕUQÒS—ÐÒUQÔÓÕTÑK•QKSÑKSÑKSÑKËSLÍËL‹Î‹ËÝÝÝË˜Ú]KœÙ]ÝXÚK›ËšœÝ\ØYYØ]XÚY[ÌLLKœ‹9ì¥ùi)øàe8àoûï"9.#yáàûï"xàîùl#ùg¢ùk­ºfîËŒ‹LLNK‘Q‘T‘SÑWÓÓ“KÕT”‘S•“LÎËSLÎLK9cëùáàøàe8àoË9cëùáàøàe8àoË’SPT–KKÕT”ÒQK9cëùáàù )ùk­¹n«xàe8àoË“ÕÔÕUQÒS—ÐÒUQÔÓÕTÑK“ÕÔÕUQÒS—ÐÒUQÔÓÕTÑK“ÕÔÕUQÒS—ÐÒUQÔÓÕTÑKSÑKSÑKSÑKSÑKËSLÎL‹Î‹ËÝÝÝË˜Ú]K˜ZØZ]ØK›ËšœÚÝ\˜\ÚKÙÛÛZKÙÛÛZKÚØ[šÞ[×ØÙ[\‹ÙÛÛZX[˜™]KÍÍÍMKš[9cëùáàøàe8àoËŒ‹LLNKÓÔ•Ð•PÒÑUÕT”‘S•“LÎËSLÎL‹9.+yg¢ù­íùd"8àe8àoË9.+yg¢ù­íùd"8àe8àoË’SPT–K‹ÕT”ÒQK9.+yg¢øàk¹­íùd"8àe8àoË“ÕÔÕUQÒS—ÐÒUQÔÓÕTÑK“ÕÔÕUQÒS—ÐÒUQÔÓÕTÑK“ÕÔÕUQÒS—ÐÒUQÔÓÕTÑKSÑKSÑKSÑKSÑKËSLÎL‹Î‹ËÝÝÝË˜Ú]K˜ZØZ]ØK›ËšœÚÝ\˜\ÚKÙÛÛZKÙÛÛZKÚØ[šÞ[×ØÙ[\‹ÙÛÛZX[˜™]KÍÍÍMKš[9.+yg¢ù­íùd"8àe8àoËŒ‹LLNKÓÔ•Ð•PÒÑUÕT”‘S•“LÎËSLÎLË9ì¥ùi)øàe8àoË9ì¥ùi)øàe8àoË’SPT–KËÕT”ÒQK9i)ùg¢ùk­¹n«xàe8àoË“ÕÔÕUQÒS—ÐÒUQÔÓÕTÑK“ÕÔÕUQÒS—ÐÒUQÔÓÕTÑK“ÕÔÕUQÒS—ÐÒUQÔÓÕTÑK•QKSÑKSÑKSÑKËSLÎL‹Î‹ËÝÝÝË˜Ú]K˜ZØZ]ØK›ËšœÚÝ\˜\ÚKÙÛÛZKÙÛÛZKÚØ[šÞ[×ØÙ[\‹ÙÛÛZX[˜™]KÍÍÍMKš[9ì¥ùi)øàe8àoËŒ‹LLNK‘Q‘T‘SÑWÓÓ“KÕT”‘S•“LÎËSLÎL9¥¬: g¸àîúfäz*£8àîùn ùëbK9¥¬: g¸àîúfäz*£8àîùn ùëbK’SPT–KÕT”ÒQK9¥¬: g¸àîúfäz*£8àîùn úhg¹ëbK“ÕÔÕUQÒS—ÐÒUQÔÓÕTÑK“ÕÔÕUQÒS—ÐÒUQÔÓÕTÑK“ÕÔÕUQÒS—ÐÒUQÔÓÕTÑKSÑKSÑKSÑKSÑKËSLÎL‹Î‹ËÝÝÝË˜Ú]K˜ZØZ]ØK›ËšœÚÝ\˜\ÚKÙÛÛZKÙÛÛZKÚØ[šÞ[×ØÙ[\‹ÙÛÛZX[˜™]KÍÍÍMKš[9¥¬: g¸àîúfäz*£8àîùn ùëbKŒ‹LLNKÓÔ•Ð•PÒÑUÕT”‘S•“LÎËSLÎLK:aäylg¸àîøàløà¤Ë:aäylg¸àîøàløà¤Ë’SPT–KKÕT”ÒQK:aäylgºhg¸àîúhìºhçùå*8àløà¤Ë“ÕÔÕUQÒS—ÐÒUQÔÓÕTÑK“ÕÔÕUQÒS—ÐÒUQÔÓÕTÑK“ÕÔÕUQÒS—ÐÒUQÔÓÕTÑKSÑKSÑKSÑKSÑKËSLÎL‹Î‹ËÝÝÝË˜Ú]K˜ZØZ]ØK›ËšœÚÝ\˜\ÚKÙÛÛZKÙÛÛZKÚØ[šÞ[×ØÙ[\‹ÙÛÛZX[˜™]KÍÍÍMKš[:aäylg¸àîøàløà¤ËŒ‹LLNKÓÔ•Ð•PÒÑUÕT”‘S•“LÎËSLÎL‹8àæ¸ààøàâ8àç8àâ8àêøàîùgâùêâøàe8àoùëbK8àæ¸ààøàâ8àç8àâ8àêøàîùgâùêâøàe8àoùëbK’SPT–K‹ÕT”ÒQKU8àç8àâ8àêøàîùgâùêâùkïº,hyâjyëbK“ÕÔÕUQÒS—ÐÒUQÔÓÕTÑK“ÕÔÕUQÒS—ÐÒUQÔÓÕTÑK“ÕÔÕUQÒS—ÐÒUQÔÓÕTÑKSÑKSÑKSÑKSÑKËSLÎL‹Î‹ËÝÝÝË˜Ú]K˜ZØZ]ØK›ËšœÚÝ\˜\ÚKÙÛÛZKÙÛÛZKÚØ[šÞ[×ØÙ[\‹ÙÛÛZX[˜™]KÍÍÍMKš[8àæ¸ààøàâ8àç8àâ8àêøàîùgâùêâøàe8àoùëbKŒ‹LLNKÓÔ•Ð•PÒÑUÕT”‘S•“LÎËSLÎLË8àåøàêxà®xààxààøà«ú,áù®¤8àåøàêxà®xààxààøà«ú,áù®¤’SPT–KËÕT”ÒQK8àåøàêxà®xààxààøà«ú(ïyk®yfj9c!z(áxàîÌL	xàåøàêxà®xààxààøà«ú(ïydàK“ÕÔÕUQÒS—ÐÒUQÔÓÕTÑK“ÕÔÕUQÒS—ÐÒUQÔÓÕTÑK9¬f¸à£8à¤ºfi8àcøà ¹. :/®LÛxàîùc¦¸àeLXÛy.éy."ùëbxàk¹§hy.í¸à¤¹è®º*£KSÑKSÑKSÑKSÑKËSLÎLËÎ‹ËÝÝÝË˜Ú]K˜ZØZ]ØK›ËšœØ[›˜ZKÜÚ[Z[œÙZZØ]ÝKÚØ[šÞ[ÝKÚÝ\˜\ÚKÚØ[šÞ[×ÙZ\ÙZKÙÛÛZKÚØ[šÞ[×ØÙ[\‹ÙÛÛZX[›˜™]KÎLÍL‹š[8àåøàêxà®xààxààøà«ú,áù®¤Œ‹LLNKÓÔ•Ð•PÒÑUÕT”‘S•“LÎKËSLÎKLK9áàøàb8à¢øàe8àoúhg‹9áàøàb8à¢øàe8àoúhg‹’SPT–KKÕT”ÒQK9í&xàcøàf¸àîù§*8àcøàf¸àîúgjxàîøà­8àè8àîùhjxàäùëbK“ÕÔÕUQÒS—ÐÒUQÔÓÕTÑK“ÕÔÕUQÒS—ÐÒUQÔÓÕTÑK“ÕÔÕUQÒS—ÐÒUQÔÓÕTÑKSÑKSÑKSÑKSÑKËSLÎKL‹Î‹ËÝÝÝË˜Ú]K›X[š]ØK›ËšœÝ\ØYYØ]XÚY[ÌÍNœ‹9áàøàb8à¢øàe8àoúhg‹Œ‹LLNKÓÔ•Ð•PÒÑUÕT”‘S•“LÎKËSLÎKL‹8à¨¸àêøàçùï-¸àîøà®xààxàï8àêùï-‹8à¨¸àêøàçùï-¸àîøà®xààxàï8àêùï-‹’SPT–K‹ÕT”ÒQK:hìºhçùå*8à¨¸àêøàçùï-¸àîøà®xààxàï8àêùï-‹“ÕÔÕUQÒS—ÐÒUQÔÓÕTÑK“ÕÔÕUQÒS—ÐÒUQÔÓÕTÑK9­%ù­aSÑKSÑKSÑKSÑKËSLÎKL‹Î‹ËÝÝÝË˜Ú]K›X[š]ØK›ËšœÝ\ØYYØ]XÚY[ÌÍNœ‹8à¨¸àêøàçùï-¸àîøà®xààxàï8àêùï-‹Œ‹LLNKÓÔ•Ð•PÒÑUÕT”‘S•“LÎKËSLÎKLË9á(z"lº`#ù¦#¸àk¸àäøàìË9á(z"lº`#ù¦#¸àk¸àäøàìË’SPT–KËÕT”ÒQK9á(z"lº`#ù¦#¸àløà¤Ë“ÕÔÕUQÒS—ÐÒUQÔÓÕTÑK“ÕÔÕUQÒS—ÐÒUQÔÓÕTÑK8àmxàgøàîøàêxàæxàêøà¤¹i%¸àeú.ïxàcøàfxàfxàdSÑKSÑKSÑKSÑKËSLÎKL‹Î‹ËÝÝÝË˜Ú]K›X[š]ØK›ËšœÝ\ØYYØ]XÚY[ÌÍNœ‹9á(z"lº`#ù¦#¸àk¸àäøàìËŒ‹LLNKÓÔ•Ð•PÒÑUÕT”‘S•“LÎKËSLÎKL:#-º"l¸àk¸àäøàìË:#-º"l¸àk¸àäøàìË’SPT–KÕT”ÒQK:#-º"l¸àløà¤Ë“ÕÔÕUQÒS—ÐÒUQÔÓÕTÑK“ÕÔÕUQÒS—ÐÒUQÔÓÕTÑK8àmxàgøàîøàêxàæxàêøà¤¹i%¸àeú.ïxàcøàfxàfxàdSÑKSÑKSÑKSÑKËSLÎKL‹Î‹ËÝÝÝË˜Ú]K›X[š]ØK›ËšœÝ\ØYYØ]XÚY[ÌÍNœ‹:#-º"l¸àk¸àäøàìËŒ‹LLNKÓÔ•Ð•PÒÑUÕT”‘S•“LÎKËSLÎKLK8àgxàk¹.å¸àkº"l¸àk¸àäøàìË8àgxàk¹.å¸àkº"l¸àk¸àäøàìË’SPT–KKÕT”ÒQK8àgxàk¹.åº"l¸àløà¤Ë“ÕÔÕUQÒS—ÐÒUQÔÓÕTÑK“ÕÔÕUQÒS—ÐÒUQÔÓÕTÑK8àmxàgøàîøàêxàæxàêøà¤¹i%¸àeú.ïxàcøàfxàfxàdSÑKSÑKSÑKSÑKËSLÎKL‹Î‹ËÝÝÝË˜Ú]K›X[š]ØK›ËšœÝ\ØYYØ]XÚY[ÌÍNœ‹8àgxàk¹.å¸àkº"l¸àk¸àäøàìËŒ‹LLNKÓÔ•Ð•PÒÑUÕT”‘S•“LÎKËSLÎKL‹8àæ¸ààøàâ8àç8àâ8àêË8àæ¸ààøàâ8àç8àâ8àêË’SPT–K‹ÕT”ÒQKU8àç8àâ8àêË“ÕÔÕUQÒS—ÐÒUQÔÓÕTÑK“ÕÔÕUQÒS—ÐÒUQÔÓÕTÑK8àmxàgøàîøàêxàæxàêøà¤¹i%¸àeú.ïxàcøàfxàfxàdSÑKSÑKSÑKSÑKËSLÎKL‹Î‹ËÝÝÝË˜Ú]K›X[š]ØK›ËšœÝ\ØYYØ]XÚY[ÌÍNœ‹8àæ¸ààøàâ8àç8àâ8àêËŒ‹LLNKÓÔ•Ð•PÒÑUÕT”‘S•“LÎKËSLÎKLË8àåøàêxà®xààxààøà«ùk®yfj9c!z(ázhg‹8àåøàêxà®xààxààøà«ùk®yfj9c!z(ázhg‹’SPT–KËÕT”ÒQK8àåøàêxàç¸àï8à«ùk®yfj9c!z(áK“ÕÔÕUQÒS—ÐÒUQÔÓÕTÑK“ÕÔÕUQÒS—ÐÒUQÔÓÕTÑK9¬f¸à£8à¤¸àfxàfxàd8à º$/xàhxàj¸àa9âjxàkùáàøàb8à¢øàe8àoËSÑKSÑKSÑKSÑKËSLÎKL‹Î‹ËÝÝÝË˜Ú]K›X[š]ØK›ËšœÝ\ØYYØ]XÚY[ÌÍNœ‹8àåøàêxà®xààxààøà«ùk®yfj9c!z(ázhg‹Œ‹LLNKÓÔ•Ð•PÒÑUÕT”‘S•“LÎKËSLÎKL8àåøàêxà®xààxààøà«ú(ïydà{ï"8àåøàêxàç¸àï8à«ùá(xàeûï"K8àåøàêxà®xààxààøà«ú(ïydà{ï"8àåøàêxàç¸àï8à«ùá(xàeûï"K’SPT–KÕT”ÒQK9kïº,hxàåøàêxà®xààxààøà«ú(ïydàK“ÕÔÕUQÒS—ÐÒUQÔÓÕTÑK“ÕÔÕUQÒS—ÐÒUQÔÓÕTÑK9¬f¸à£8à¤¸àfxàfxàd8à ºaäylg¹.æ8àcxàkúaäylgºhg»ï"9l#ûï"KSÑKSÑKSÑKSÑKËSLÎKL‹Î‹ËÝÝÝË˜Ú]K›X[š]ØK›ËšœÝ\ØYYØ]XÚY[ÌÍNœ‹8àåøàêxà®xààxààøà«ú(ïydà{ï"8àåøàêxàç¸àï8à«ùá(xàeûï"KŒ‹LLNKÓÔ•Ð•PÒÑUÕT”‘S•“LÎKËSLÎKLK9l#ùg¢ùk­ºfîË9l#ùg¢ùk­ºfîË’SPT–KKÕT”ÒQK9¤.¹n+úfîú*lxàîøàáøà®8àªøàèyëbK“ÕÔÕUQÒS—ÐÒUQÔÓÕTÑK“ÕÔÕUQÒS—ÐÒUQÔÓÕTÑK9`"ù.®¹ áyh,xà¤¹bbºfiSÑKSÑKSÑKSÑKËSLÎKL‹Î‹ËÝÝÝË˜Ú]K›X[š]ØK›ËšœÝ\ØYYØ]XÚY[ÌÍNœ‹9l#ùg¢ùk­ºfîËŒ‹LLNKÓÔ•Ð•PÒÑUÕT”‘S•“LÎKËSLÎKLL9.oºfîù¬h9.oºfîù¬h’SPT–KLÕT”ÒQK9.oºfîù¬h“ÕÔÕUQÒS—ÐÒUQÔÓÕTÑK“ÕÔÕUQÒS—ÐÒUQÔÓÕTÑK9kïº,hzfîù¬h8à¤¹£!ùk¦¹¥®y¬åxàiùaî¸àfKSÑKSÑKSÑKSÑKËSLÎKL‹Î‹ËÝÝÝË˜Ú]K›X[š]ØK›ËšœÝ\ØYYØ]XÚY[ÌÍNœ‹9.oºfîù¬hŒ‹LLNKÓÔ•Ð•PÒÑUÕT”‘S•“LÎKËSLÎKLLK9n úhg‹9n úhg‹’SPT–KLKÕT”ÒQK9cé9ç`8àîù."ùç`8àîøà­øàï8àá9ëbK“ÕÔÕUQÒS—ÐÒUQÔÓÕTÑK“ÕÔÕUQÒS—ÐÒUQÔÓÕTÑK:`#ù¦#¸àîùcbº`#ù¦#º(¢ËSÑKSÑKSÑKSÑKËSLÎKL‹Î‹ËÝÝÝË˜Ú]K›X[š]ØK›ËšœÝ\ØYYØ]XÚY[ÌÍNœ‹9n úhg‹Œ‹LLNKÓÔ•Ð•PÒÑUÕT”‘S•“LÎKËSLÎKLL‹9cé9í&zhg‹9cé9í&zhg‹’SPT–KL‹ÕT”ÒQK9¥¬: g¸àîúfäz*£8àîù«­xàç8àï8àêøàîùâfù.løàäxààøà«øàîúfäxàc8àoË“ÕÔÕUQÒS—ÐÒUQÔÓÕTÑK“ÕÔÕUQÒS—ÐÒUQÔÓÕTÑK9í&xàl¸à ¹ëbxàiùíd9§gËSÑKSÑKSÑKSÑKËSLÎKL‹Î‹ËÝÝÝË˜Ú]K›X[š]ØK›ËšœÝ\ØYYØ]XÚY[ÌÍNœ‹9cé9í&zhg‹Œ‹LLNKÓÔ•Ð•PÒÑUÕT”‘S•“LÎKËSLÎKLLË8à«8àêxà®xàîúfm¹èàyfj:hg‹8à«8àêxà®xàîúfm¹èàyfj:hg‹’SPT–KLËÕT”ÒQK9bl¸à£8àgøà«8àêxà®xàîúfm¹èàyfj“ÕÔÕUQÒS—ÐÒUQÔÓÕTÑK“ÕÔÕUQÒS—ÐÒUQÔÓÕTÑK9bl¸à£9âjxàkùí&yëbxàjùc!xà SÑKSÑKSÑKSÑKËSLÎKL‹Î‹ËÝÝÝË˜Ú]K›X[š]ØK›ËšœÝ\ØYYØ]XÚY[ÌÍNœ‹8à«8àêxà®xàîúfm¹èàyfj:hg‹Œ‹LLNKÓÔ•Ð•PÒÑUÕT”‘S•“LÎKËSLÎKLM:&ãyabyë¨zhg‹:&ãyabyë¨zhg‹’SPT–KMÕT”ÒQK:&ãyabyë¨xàîù¬-:b 9/dù®*z*"“ÕÔÕUQÒS—ÐÒUQÔÓÕTÑK“ÕÔÕUQÒS—ÐÒUQÔÓÕTÑK9bl¸à£8àj¸àa8à¢8àa¸à¬xàï8à®yëbxàiù/çz+mËSÑKSÑKSÑKSÑKËSLÎKL‹Î‹ËÝÝÝË˜Ú]K›X[š]ØK›ËšœÝ\ØYYØ]XÚY[ÌÍNœ‹:&ãyabyë¨zhg‹Œ‹LLNKÓÔ•Ð•PÒÑUÕT”‘S•“LÎKËSLÎKLMK:aäylgºhg»ï"9l#ûï"K:aäylgºhg»ï"9l#ûï"K’SPT–KMKÕT”ÒQK9l#ùg¢úaäylgºhg‹“ÕÔÕUQÒS—ÐÒUQÔÓÕTÑK“ÕÔÕUQÒS—ÐÒUQÔÓÕTÑK8à«8à®yëbxàkù¢§8àcËSÑKSÑKSÑKSÑKËSLÎKL‹Î‹ËÝÝÝË˜Ú]K›X[š]ØK›ËšœÝ\ØYYØ]XÚY[ÌÍNœ‹:aäylgºhg»ï"9l#ûï"KŒ‹LLNKÓÔ•Ð•PÒÑUÕT”‘S•“LÎKËSLÎKLM‹9ì¥ùi)øàe8àoúhg‹9ì¥ùi)øàe8àoúhg‹’SPT–KM‹ÕT”ÒQK9n ùfèøàîùk­¹amøàîùi)ùg¢úaäylg¹ëbK“ÕÔÕUQÒS—ÐÒUQÔÓÕTÑK“ÕÔÕUQÒS—ÐÒUQÔÓÕTÑK9cëú ïxàj¹ëá9fì¸àiùål9í(9§d8à¤¹i%¸àfK•QKSÑKSÑKSÑKËSLÎKL‹Î‹ËÝÝÝË˜Ú]K›X[š]ØK›ËšœÝ\ØYYØ]XÚY[ÌÍNœ‹9ì¥ùi)øàe8àoúhg‹Œ‹LLNK‘Q‘T‘SÑWÓÓ“KÕT”‘S•“LÎKËSLÎKLMË9cå¸à¢¹¢lxàa8àiøàcxàj¸àa8àe8àoË9cå¸à¢¹¢lxàa8àiøàcxàj¸àa8àe8àoËVÓQQMË“ÕÐÓÓPÕQ9k­ºfîÍ9dàyæë¸àîùå(ùnàøàîùaé¹ä!¹fì:fèùâjyëbK“ÕÔÕUQÒS—ÐÒUQÔÓÕTÑK:,ªyhì¹n¥øàîùl ºe 9©kz !yëbxàk¹ak9o#ù¨b9a¡xàjùo¤øàa‹9cåùaiyab8àk¹£!ùé.¸àjùo¤øàa‹SÑKSÑKSÑK•QKËSLÎKL‹Î‹ËÝÝÝË˜Ú]K›X[š]ØK›ËšœÝ\ØYYØ]XÚY[ÌÍNœ‹9cå¸à¢¹¢lxàa8àiøàcxàj¸àa8àe8àoËŒ‹LLNKVÓQQÓ“ÕPÑKÕT”‘S•“LËSLLK9áàøàb8à¢øàe8àoË9áàøàb8à¢øàe8àoË’SPT–KKÕT”ÒQK9å'øàe8àoøàîùí&xàb¸à 8ài8àîùcëùáàù )ùk­¹n«xàe8àoË“ÕÔÕUQÒS—ÐÒUQÔÓÕTÑK“ÕÔÕUQÒS—ÐÒUQÔÓÕTÑK9¬-9b!øà¢¸à ºaäylg¸à¤¹i%¸àfxà ¹£!ùk¦¹cëùáàú(¢øàjú*&9d#KSÑKSÑKSÑKSÑKËSLLKÎ‹ËÝÝÝË˜Ú]K›Z[X\ØZØK›ËšœÜÛÜÚZÚKÜÚ[Z[‹ÚØ[šÞ[ËÐÛX[˜Ù[\‹ÛY™WÙÝZYLKš[9áàøàb8à¢øàe8àoËŒ‹LLNKÓÔ•Ð•PÒÑUÕT”‘S•“LËSLL‹ú"l¸àløà¤øàîùå'øàløà¤øàîú&ãyabyàkúhg¸àîøà«8àêxà®zhg¸àîúfm¹fj:hg¸àîùnàùi*xàmøà¢y¬®Kú"l¸àløà¤øàîùå'øàløà¤øàîú&ãyabyàkúhg¸àîøà«8àêxà®zhg¸àîúfm¹fj:hg¸àîùnàùi*xàmøà¢y¬®K’SPT–K‹ÕT”ÒQK8àløà¤øàîú&ãyabyàkøàîøà«8àêxà®xàîúfm¹fj8àîùnàúhçù¬®K“ÕÔÕUQÒS—ÐÒUQÔÓÕTÑK“ÕÔÕUQÒS—ÐÒUQÔÓÕTÑK“ÕÔÕUQÒS—ÐÒUQÔÓÕTÑKSÑKSÑKSÑKSÑKËSLL‹Î‹ËÝÝÝË˜Ú]K›Z[X\ØZØK›ËšœÛX]\šX[Ùš[\ËÙÜ›Ý\ÌMÔ‘RUÐN‘S“‘ÑÓÓSRRÐT‘S“‘KLKœ‹ú"l¸àløà¤øàîùå'øàløà¤øàîú&ãyabyàkúhg¸àîøà«8àêxà®zhg¸àîúfm¹fj:hg¸àîùnàùi*xàmøà¢y¬®KŒ‹LLNKÓÔ•Ð•PÒÑUÕT”‘S•“LËSLLË:`#ù¦#¸àløà¤Ëú"l¸àløà¤øàîùå'øàløà¤øàîú&ãyabyàkúhg¸àîøà«8àêxà®zhg¸àîúfm¹fj:hg¸àîùnàùi*xàmøà¢y¬®KËSLL‹ÕPÐUQÓÔ–KËÕT”ÒQK:`#ù¦#¸àkºhìºhçùå*8àløà¤Ë“ÕÔÕUQÒS—ÐÒUQÔÓÕTÑK“ÕÔÕUQÒS—ÐÒUQÔÓÕTÑK8à«xàèøààøàåøà¤¹i%¸àeù­%ù­a8àeùl ¹å*8à¬øàìøàá¸àâ‹SÑKSÑKSÑKSÑKËSLLKÎ‹ËÝÝÝË˜Ú]K›Z[X\ØZØK›ËšœÜÛÜÚZÚKÜÚ[Z[‹ÚØ[šÞ[ËÐÛX[˜Ù[\‹ÛY™WÙÝZYLKš[:`#ù¦#¸àløà¤ËŒ‹LLNK‘Q‘T‘SÑWÓÓ“KÕT”‘S•“LËSLL:#-º"l¸àløà¤Ëú"l¸àløà¤øàîùå'øàløà¤øàîú&ãyabyàkúhg¸àîøà«8àêxà®zhg¸àîúfm¹fj:hg¸àîùnàùi*xàmøà¢y¬®KËSLL‹ÕPÐUQÓÔ–KÕT”ÒQK:#-º"l¸àkºhìºhçùå*8àløà¤Ë“ÕÔÕUQÒS—ÐÒUQÔÓÕTÑK“ÕÔÕUQÒS—ÐÒUQÔÓÕTÑK8à«xàèøààøàåøà¤¹i%¸àeù­%ù­a8àeùl ¹å*8à¬øàìøàá¸àâ‹SÑKSÑKSÑKSÑKËSLLKÎ‹ËÝÝÝË˜Ú]K›Z[X\ØZØK›ËšœÜÛÜÚZÚKÜÚ[Z[‹ÚØ[šÞ[ËÐÛX[˜Ù[\‹ÛY™WÙÝZYLKš[:#-º"l¸àløà¤ËŒ‹LLNK‘Q‘T‘SÑWÓÓ“KÕT”‘S•“LËSLLK8àgxàk¹.åº"l¸àløà¤Ëú"l¸àløà¤øàîùå'øàløà¤øàîú&ãyabyàkúhg¸àîøà«8àêxà®zhg¸àîúfm¹fj:hg¸àîùnàùi*xàmøà¢y¬®KËSLL‹ÕPÐUQÓÔ–KKÕT”ÒQK8àgxàk¹.åº"l¸àkºhìºhçùå*8àløà¤Ë“ÕÔÕUQÒS—ÐÒUQÔÓÕTÑK“ÕÔÕUQÒS—ÐÒUQÔÓÕTÑK8à«xàèøààøàåøà¤¹i%¸àeù­%ù­a8àeùl ¹å*8à¬øàìøàá¸àâ‹SÑKSÑKSÑKSÑKËSLLKÎ‹ËÝÝÝË˜Ú]K›Z[X\ØZØK›ËšœÜÛÜÚZÚKÜÚ[Z[‹ÚØ[šÞ[ËÐÛX[˜Ù[\‹ÛY™WÙÝZYLKš[8àgxàk¹.åº"l¸àløà¤ËŒ‹LLNK‘Q‘T‘SÑWÓÓ“KÕT”‘S•“LËSLL‹9å'øàäøàìûï"8àa8àcxàløà¤ûï"Kú"l¸àløà¤øàîùå'øàløà¤øàîú&ãyabyàkúhg¸àîøà«8àêxà®zhg¸àîúfm¹fj:hg¸àîùnàùi*xàmøà¢y¬®KËSLL‹ÕPÐUQÓÔ–K‹ÕT”ÒQK8àäøàï8àêøàløà¤øàîù. 9caøàløà¤Ë“ÕÔÕUQÒS—ÐÒUQÔÓÕTÑK“ÕÔÕUQÒS—ÐÒUQÔÓÕTÑK8à«xàèøààøàåøà¤¹i%¸àeù­%ù­a8àeùå'øàløà¤øà¬øàìøàá¸àâ‹SÑKSÑKSÑKSÑKËSLLKÎ‹ËÝÝÝË˜Ú]K›Z[X\ØZØK›ËšœÜÛÜÚZÚKÜÚ[Z[‹ÚØ[šÞ[ËÐÛX[˜Ù[\‹ÛY™WÙÝZYLKš[9å'øàäøàìûï"8àa8àcxàløà¤ûï"KŒ‹LLNK‘Q‘T‘SÑWÓÓ“KÕT”‘S•“LËSLLË:&ãyabyàkúhg‹ú"l¸àløà¤øàîùå'øàløà¤øàîú&ãyabyàkúhg¸àîøà«8àêxà®zhg¸àîúfm¹fj:hg¸àîùnàùi*xàmøà¢y¬®KËSLL‹ÕPÐUQÓÔ–KËÕT”ÒQK:&ãyabyë¨xàîù¬-:b 9/dù®*z*"“ÕÔÕUQÒS—ÐÒUQÔÓÕTÑK“ÕÔÕUQÒS—ÐÒUQÔÓÕTÑK9bl¸à¢xàf¹l ¹å*8à¬øàìøàá¸àâ‹SÑKSÑKSÑKSÑKËSLLKÎ‹ËÝÝÝË˜Ú]K›Z[X\ØZØK›ËšœÜÛÜÚZÚKÜÚ[Z[‹ÚØ[šÞ[ËÐÛX[˜Ù[\‹ÛY™WÙÝZYLKš[:&ãyabyàkúhg‹Œ‹LLNK‘Q‘T‘SÑWÓÓ“KÕT”‘S•“LËSLL8à«8àêxà®zhg‹ú"l¸àløà¤øàîùå'øàløà¤øàîú&ãyabyàkúhg¸àîøà«8àêxà®zhg¸àîúfm¹fj:hg¸àîùnàùi*xàmøà¢y¬®KËSLL‹ÕPÐUQÓÔ–KÕT”ÒQK9§oøà«8àêxà®xàîùc%¹ì©øàløà¤øàîùbl¸à£8à«8àêxà®K“ÕÔÕUQÒS—ÐÒUQÔÓÕTÑK“ÕÔÕUQÒS—ÐÒUQÔÓÕTÑK8à«8àêxà®zhg¸à¬øàìøàá¸àâ‹SÑKSÑKSÑKSÑKËSLLKÎ‹ËÝÝÝË˜Ú]K›Z[X\ØZØK›ËšœÜÛÜÚZÚKÜÚ[Z[‹ÚØ[šÞ[ËÐÛX[˜Ù[\‹ÛY™WÙÝZYLKš[8à«8àêxà®zhg‹Œ‹LLNK‘Q‘T‘SÑWÓÓ“KÕT”‘S•“LËSLLK:fm¹fj:hg‹ú"l¸àløà¤øàîùå'øàløà¤øàîú&ãyabyàkúhg¸àîøà«8àêxà®zhg¸àîúfm¹fj:hg¸àîùnàùi*xàmøà¢y¬®KËSLL‹ÕPÐUQÓÔ–KKÕT”ÒQK:#-¹è¥øàîùæ¯øàîúcèxàîùæoyá¬zfîùä Ë“ÕÔÕUQÒS—ÐÒUQÔÓÕTÑK“ÕÔÕUQÒS—ÐÒUQÔÓÕTÑK9£!ùk¦¹áàøàb8àj¸àa8àe8àoú(¢ËSÑKSÑKSÑKSÑKËSLLKÎ‹ËÝÝÝË˜Ú]K›Z[X\ØZØK›ËšœÜÛÜÚZÚKÜÚ[Z[‹ÚØ[šÞ[ËÐÛX[˜Ù[\‹ÛY™WÙÝZYLKš[:fm¹fj:hg‹Œ‹LLNK‘Q‘T‘SÑWÓÓ“KÕT”‘S•“LËSLLL9nàùi*xàmøà¢y¬®Kú"l¸àløà¤øàîùå'øàløà¤øàîú&ãyabyàkúhg¸àîøà«8àêxà®zhg¸àîúfm¹fj:hg¸àîùnàùi*xàmøà¢y¬®KËSLL‹ÕPÐUQÓÔ–KLÕT”ÒQK9k­¹n«xàk¹©#yâjy )ùnàúhçù¬®K“ÕÔÕUQÒS—ÐÒUQÔÓÕTÑK“ÕÔÕUQÒS—ÐÒUQÔÓÕTÑKU8àç8àâ8àêÎ9b!¹æë¹ê"ùn©¸àjùaixà£9ká¹¨$øàeùl ¹å*8à¬øàìøàá¸àâ‹SÑKSÑKSÑKSÑKËSLLKÎ‹ËÝÝÝË˜Ú]K›Z[X\ØZØK›ËšœÜÛÜÚZÚKÜÚ[Z[‹ÚØ[šÞ[ËÐÛX[˜Ù[\‹ÛY™WÙÝZYLKš[9nàùi*xàmøà¢y¬®KŒ‹LLNK‘Q‘T‘SÑWÓÓ“KÕT”‘S•“LËSLLLK8àbøà¤úhg¸àîù.oºfîù¬h:hg¸àîøàêxà©8à¯øàï8àîøà®xàåøàë8àï9ï-¸àîùb ùâjxàîùê zbëyâjyëbxàîùl#ùg¢úaäylgºhg‹8àbøà¤úhg¸àîù.oºfîù¬h:hg¸àîøàêxà©8à¯øàï8àîøà®xàåøàë8àï9ï-¸àîùb ùâjxàîùê zbëyâjyëbxàîùl#ùg¢úaäylgºhg‹’SPT–KLKÕT”ÒQK9ï-¸àîúfîù¬h8àîøàêxà©8à¯øàï8àîøà®xàåøàë8àï9ï-¸àîùb ùâjxàîùl#ùg¢úaäylg‹“ÕÔÕUQÒS—ÐÒUQÔÓÕTÑK“ÕÔÕUQÒS—ÐÒUQÔÓÕTÑK“ÕÔÕUQÒS—ÐÒUQÔÓÕTÑKSÑKSÑKSÑKSÑKËSLL‹Î‹ËÝÝÝË˜Ú]K›Z[X\ØZØK›ËšœÛX]\šX[Ùš[\ËÙÜ›Ý\ÌMÔ‘RUÐN‘S“‘ÑÓÓSRRÐT‘S“‘KLKœ‹8àbøà¤úhg¸àîù.oºfîù¬h:hg¸àîøàêxà©8à¯øàï8àîøà®xàåøàë8àï9ï-¸àîùb ùâjxàîùê zbëyâjyëbxàîùl#ùg¢úaäylgºhg‹Œ‹LLNKÓÔ•Ð•PÒÑUÕT”‘S•“LËSLLL‹8àbøà¤úhg‹8àbøà¤úhg¸àîù.oºfîù¬h:hg¸àîøàêxà©8à¯øàï8àîøà®xàåøàë8àï9ï-¸àîùb ùâjxàîùê zbëyâjyëbxàîùl#ùg¢úaäylgºhg‹ËSLLLKÕPÐUQÓÔ–KL‹ÕT”ÒQK:hì¹¥¦yï-¸àîúhçùâjyï-‹“ÕÔÕUQÒS—ÐÒUQÔÓÕTÑK“ÕÔÕUQÒS—ÐÒUQÔÓÕTÑK9­%ù­a8àeùï-ºhg¸à¬øàìøàá¸àâ‹SÑKSÑKSÑKSÑKËSLLKÎ‹ËÝÝÝË˜Ú]K›Z[X\ØZØK›ËšœÜÛÜÚZÚKÜÚ[Z[‹ÚØ[šÞ[ËÐÛX[˜Ù[\‹ÛY™WÙÝZYLKš[8àbøà¤úhg‹Œ‹LLNK‘Q‘T‘SÑWÓÓ“KÕT”‘S•“LËSLLLË9.oºfîù¬h:hg‹8àbøà¤úhg¸àîù.oºfîù¬h:hg¸àîøàêxà©8à¯øàï8àîøà®xàåøàë8àï9ï-¸àîùb ùâjxàîùê zbëyâjyëbxàîùl#ùg¢úaäylgºhg‹ËSLLLKÕPÐUQÓÔ–KLËÕT”ÒQK9.oºfîù¬h8àîøàêxà©8à¯øàï“ÕÔÕUQÒS—ÐÒUQÔÓÕTÑK“ÕÔÕUQÒS—ÐÒUQÔÓÕTÑK9.oºfîù¬h8à¬øàìøàá¸àâ¸à ¸àêxà©8à¯øàï8àkøàâ¸à©8àëxàìú(¢ËSÑKSÑKSÑKSÑKËSLLKÎ‹ËÝÝÝË˜Ú]K›Z[X\ØZØK›ËšœÜÛÜÚZÚKÜÚ[Z[‹ÚØ[šÞ[ËÐÛX[˜Ù[\‹ÛY™WÙÝZYLKš[9.oºfîù¬h:hg‹Œ‹LLNK‘Q‘T‘SÑWÓÓ“KÕT”‘S•“LËSLLM9l#ùg¢úaäylgºhg‹8àbøà¤úhg¸àîù.oºfîù¬h:hg¸àîøàêxà©8à¯øàï8àîøà®xàåøàë8àï9ï-¸àîùb ùâjxàîùê zbëyâjyëbxàîùl#ùg¢úaäylgºhg‹ËSLLLKÕPÐUQÓÔ–KMÕT”ÒQK9l#ùg¢úaäylgº(ïydàK“ÕÔÕUQÒS—ÐÒUQÔÓÕTÑK“ÕÔÕUQÒS—ÐÒUQÔÓÕTÑK9£!ùk¦¹áàøàb8àj¸àa:(¢øà ºbëyb*yâjxàkù/çz+mËSÑKSÑKSÑKSÑKËSLLKÎ‹ËÝÝÝË˜Ú]K›Z[X\ØZØK›ËšœÜÛÜÚZÚKÜÚ[Z[‹ÚØ[šÞ[ËÐÛX[˜Ù[\‹ÛY™WÙÝZYLKš[9l#ùg¢úaäylgºhg‹Œ‹LLNK‘Q‘T‘SÑWÓÓ“KÕT”‘S•“LËSLLMK8à®xàåøàë8àï9ï-‹8àbøà¤úhg¸àîù.oºfîù¬h:hg¸àîøàêxà©8à¯øàï8àîøà®xàåøàë8àï9ï-¸àîùb ùâjxàîùê zbëyâjyëbxàîùl#ùg¢úaäylgºhg‹ËSLLLKÕPÐUQÓÔ–KMKÕT”ÒQK8à®xàåøàë8àï9ï-¸àîøàªøà®øààøàâ8àç8àìøàæK“ÕÔÕUQÒS—ÐÒUQÔÓÕTÑK“ÕÔÕUQÒS—ÐÒUQÔÓÕTÑK9oáxàf¹êm8à¤¸à`¸àdxài¸à®xàåøàë8àï9ï-¸à¬øàìøàá¸àâ‹SÑKSÑKSÑKSÑKËSLLKÎ‹ËÝÝÝË˜Ú]K›Z[X\ØZØK›ËšœÜÛÜÚZÚKÜÚ[Z[‹ÚØ[šÞ[ËÐÛX[˜Ù[\‹ÛY™WÙÝZYLKš[8à®xàåøàë8àï9ï-‹Œ‹LLNK‘Q‘T‘SÑWÓÓ“KÕT”‘S•“LËSLLM‹9b ùâjxàîùê zbëyâjxàj¸àjK8àbøà¤úhg¸àîù.oºfîù¬h:hg¸àîøàêxà©8à¯øàï8àîøà®xàåøàë8àï9ï-¸àîùb ùâjxàîùê zbëyâjyëbxàîùl#ùg¢úaäylgºhg‹ËSLLLKÕPÐUQÓÔ–KM‹ÕT”ÒQK9c!y. xàîøàâ¸à©8àåxàîùå.úbì¸àîúaæ9ëbK“ÕÔÕUQÒS—ÐÒUQÔÓÕTÑK“ÕÔÕUQÒS—ÐÒUQÔÓÕTÑK9l ¹å*8à¬øàìøàá¸àâ¸à ¹í,8àbøàa9âjxàkúaäylg¹ï-¸àjùaixà£9káºe¢KSÑKSÑKSÑKSÑKËSLLKÎ‹ËÝÝÝË˜Ú]K›Z[X\ØZØK›ËšœÜÛÜÚZÚKÜÚ[Z[‹ÚØ[šÞ[ËÐÛX[˜Ù[\‹ÛY™WÙÝZYLKš[9b ùâjxàîùê zbëyâjxàj¸àjKŒ‹LLNK‘Q‘T‘SÑWÓÓ“KÕT”‘S•“LËSLLMË8àåøàêz(ïyk®yfj9c!z(ázhg¸àîùæn¹¬èxà®xààxàëxàï8àêøàîùí&z(ïyk®yfj9c!z(ázhg¸àîøàæ¸ààøàâ8àç8àâ8àêË8àåøàêz(ïyk®yfj9c!z(ázhg¸àîùæn¹¬èxà®xààxàëxàï8àêøàîùí&z(ïyk®yfj9c!z(ázhg¸àîøàæ¸ààøàâ8àç8àâ8àêË’SPT–KMËÕT”ÒQK8àåøàêyk®yfj8àîùæoz"l¸àâ8àë8à©8àîùí&yk®yfj8àîÔU“ÕÔÕUQÒS—ÐÒUQÔÓÕTÑK“ÕÔÕUQÒS—ÐÒUQÔÓÕTÑK“ÕÔÕUQÒS—ÐÒUQÔÓÕTÑKSÑKSÑKSÑKSÑKËSLL‹Î‹ËÝÝÝË˜Ú]K›Z[X\ØZØK›ËšœÛX]\šX[Ùš[\ËÙÜ›Ý\ÌMÔ‘RUÐN‘S“‘ÑÓÓSRRÐT‘S“‘KLKœ‹8àåøàêz(ïyk®yfj9c!z(ázhg¸àîùæn¹¬èxà®xààxàëxàï8àêøàîùí&z(ïyk®yfj9c!z(ázhg¸àîøàæ¸ààøàâ8àç8àâ8àêËŒ‹LLNKÓÔ•Ð•PÒÑUÕT”‘S•“LËSLLN9æoz"l¸àâ8àë8à©8àîùæn¹¬èxà®xààxàëxàï8àêË8àåøàêz(ïyk®yfj9c!z(ázhg¸àîùæn¹¬èxà®xààxàëxàï8àêøàîùí&z(ïyk®yfj9c!z(ázhg¸àîøàæ¸ààøàâ8àç8àâ8àêËËSLLMËÕPÐUQÓÔ–KNÕT”ÒQK9æoz"lºhçùdàxàâ8àë8à©8àîùæn¹¬èxà®xààxàëxàï8àêË“ÕÔÕUQÒS—ÐÒUQÔÓÕTÑK“ÕÔÕUQÒS—ÐÒUQÔÓÕTÑK:`#ù¦#¸àîùcbº`#ù¦#º(¢øà º"l¹§á8àâ8àë8à©8àkøàåøàêxànSÑKSÑKSÑKSÑKËSLLKÎ‹ËÝÝÝË˜Ú]K›Z[X\ØZØK›ËšœÜÛÜÚZÚKÜÚ[Z[‹ÚØ[šÞ[ËÐÛX[˜Ù[\‹ÛY™WÙÝZYLKš[9æoz"l¸àâ8àë8à©8àîùæn¹¬èxà®xààxàëxàï8àêËŒ‹LLNK‘Q‘T‘SÑWÓÓ“KÕT”‘S•“LËSLLNK8àåøàêxà®xààxààøà«ú(ïyk®yfj9c!z(ázhg‹8àåøàêz(ïyk®yfj9c!z(ázhg¸àîùæn¹¬èxà®xààxàëxàï8àêøàîùí&z(ïyk®yfj9c!z(ázhg¸àîøàæ¸ààøàâ8àç8àâ8àêËËSLLMËÕPÐUQÓÔ–KNKÕT”ÒQK8àåøàêxàç¸àï8à«ùk®yfj9c!z(áK“ÕÔÕUQÒS—ÐÒUQÔÓÕTÑK“ÕÔÕUQÒS—ÐÒUQÔÓÕTÑK9­%ù­a8àeú`#ù¦#¸àîùcbº`#ù¦#º(¢ËSÑKSÑKSÑKSÑKËSLLKÎ‹ËÝÝÝË˜Ú]K›Z[X\ØZØK›ËšœÜÛÜÚZÚKÜÚ[Z[‹ÚØ[šÞ[ËÐÛX[˜Ù[\‹ÛY™WÙÝZYLKš[8àåøàêxà®xààxààøà«ú(ïyk®yfj9c!z(ázhg‹Œ‹LLNK‘Q‘T‘SÑWÓÓ“KÕT”‘S•“LËSLLŒ9í&z(ïyk®yfj9c!z(ázhg‹8àåøàêz(ïyk®yfj9c!z(ázhg¸àîùæn¹¬èxà®xààxàëxàï8àêøàîùí&z(ïyk®yfj9c!z(ázhg¸àîøàæ¸ààøàâ8àç8àâ8àêËËSLLMËÕPÐUQÓÔ–KŒÕT”ÒQK9í&xàç¸àï8à«ùk®yfj9c!z(áK“ÕÔÕUQÒS—ÐÒUQÔÓÕTÑK“ÕÔÕUQÒS—ÐÒUQÔÓÕTÑK9ål9âjxà¤¹i%¸àeú`#ù¦#¸àîùcbº`#ù¦#º(¢ËSÑKSÑKSÑKSÑKËSLLKÎ‹ËÝÝÝË˜Ú]K›Z[X\ØZØK›ËšœÜÛÜÚZÚKÜÚ[Z[‹ÚØ[šÞ[ËÐÛX[˜Ù[\‹ÛY™WÙÝZYLKš[9í&z(ïyk®yfj9c!z(ázhg‹Œ‹LLNK‘Q‘T‘SÑWÓÓ“KÕT”‘S•“LËSLLŒK8àæ¸ààøàâ8àç8àâ8àêË8àåøàêz(ïyk®yfj9c!z(ázhg¸àîùæn¹¬èxà®xààxàëxàï8àêøàîùí&z(ïyk®yfj9c!z(ázhg¸àîøàæ¸ààøàâ8àç8àâ8àêËËSLLMËÕPÐUQÓÔ–KŒKÕT”ÒQKU8àç¸àï8à«øàk¸àç8àâ8àêË“ÕÔÕUQÒS—ÐÒUQÔÓÕTÑK“ÕÔÕUQÒS—ÐÒUQÔÓÕTÑK9­%ù­a8àeøà«xàèøààøàåøàîøàêxàæxàêøà¤¹i%¸àfKSÑKSÑKSÑKSÑKËSLLKÎ‹ËÝÝÝË˜Ú]K›Z[X\ØZØK›ËšœÜÛÜÚZÚKÜÚ[Z[‹ÚØ[šÞ[ËÐÛX[˜Ù[\‹ÛY™WÙÝZYLKš[8àæ¸ààøàâ8àç8àâ8àêËŒ‹LLNK‘Q‘T‘SÑWÓÓ“KÕT”‘S•“LËSLLŒ‹9cé9í&zhg‹9cé9í&zhg‹’SPT–KŒ‹ÕT”ÒQK9¥¬: g¸àîù«­xàç8àï8àêøàîúfäz*£8àîùâfù.løàäxààøà«ùëbK“ÕÔÕUQÒS—ÐÒUQÔÓÕTÑK“ÕÔÕUQÒS—ÐÒUQÔÓÕTÑK9dàyæë¹b)xàjøàl¸à ¹íd9§gøà ¹í&xàäxààøà«øàkù­%øàa:e¢øàcy.o¹áéKSÑKSÑKSÑKSÑKËSLLKÎ‹ËÝÝÝË˜Ú]K›Z[X\ØZØK›ËšœÜÛÜÚZÚKÜÚ[Z[‹ÚØ[šÞ[ËÐÛX[˜Ù[\‹ÛY™WÙÝZYLKš[9cé9í&zhg‹Œ‹LLNKÓÔ•Ð•PÒÑUÕT”‘S•“LËSLLŒË9ì¥ùi)øàe8àoûï"9æí9£©y¤+9aixàk¸àoûï"K9ì¥ùi)øàe8àoûï"9æí9£©y¤+9aixàk¸àoûï"K’SPT–KŒËT‘PÕÒUS8àæxààøàâxàîøà¯xàåxà¨xàîùn ùfèøàîùi)ùg¢ùk­¹amøàîú!êº.èº.â¹ëbK“ÕÔÕUQÒS—ÐÒUQÔÓÕTÑK“ÕÔÕUQÒS—ÐÒUQÔÓÕTÑK9ï£¹/g8à«øàê¸àï8àìøà®øàìøà¯øàï8àn9æí9£©y¤+9aiK•QKSÑKSÑKSÑKËSLLKÎ‹ËÝÝÝË˜Ú]K›Z[X\ØZØK›ËšœÜÛÜÚZÚKÜÚ[Z[‹ÚØ[šÞ[ËÐÛX[˜Ù[\‹ÛY™WÙÝZYLKš[9ì¥ùi)øàe8àoûï"9æí9£©y¤+9aixàk¸àoûï"KŒ‹LLNK‘Q‘T‘SÑWÓÓ“KÕT”‘S•“LËSLL9k­ºfîøàê¸à­xà©8à«øàêù¬åykïº,hyªgùfj9k­ºfîøàê¸à­xà©8à«øàêù¬åykïº,hyªgùfjVÓQQ“ÕÐÓÓPÕQ8àá¸àë8àäøàîøàª8à¨¸à¬øàìøàîù­%ù¯ëùªgøàîùa­ú%-ynªùëbK“ÕÔÕUQÒS—ÐÒUQÔÓÕTÑK:,ªyhì¹n¥øàîùl ºe 9©kz !yëbxàk¹ak9o#ù¨b9a¡xàjùo¤øàa‹9cåùaiyab8àk¹£!ùé.¸àjùo¤øàa‹SÑKSÑKSÑK•QKËSLLKÎ‹ËÝÝÝË˜Ú]K›Z[X\ØZØK›ËšœÜÛÜÚZÚKÜÚ[Z[‹ÚØ[šÞ[ËÐÛX[˜Ù[\‹ÛY™WÙÝZYLKš[9k­ºfîøàê¸à­xà©8à«øàêù¬åykïº,hyªgùfjŒ‹LLNKVÓQQÓ“ÕPÑKÕT”‘S•“LKËSLKLK8à ¸àb8à¢øàe8àoË8à ¸àb8à¢øàe8àoË’SPT–KKÕT”ÒQK9å'øàe8àoøàîùcëùáàù )ùk­¹n«xàe8àoË“ÕÔÕUQÒS—ÐÒUQÔÓÕTÑK“ÕÔÕUQÒS—ÐÒUQÔÓÕTÑK9å'øàe8àoøàkù¬-9b!øà¢‹9­aycèùn ¹£!ùk¦º(¢ËSÑKSÑKSÑKSÑKËSLKL‹Î‹ËÝÝÝË˜Ú]K˜\ØZÝXÚK›ËšœÜYÙKÌLMËš[8à ¸àb8à¢øàe8àoËŒ‹LLNKÓÔ•Ð•PÒÑUÕT”‘S•“LKËSLKL‹8à ¸àb8àj¸àa8àe8àoË8à ¸àb8àj¸àa8àe8àoË’SPT–K‹ÕT”ÒQK9.#yáàù )ùk­¹n«xàe8àoË“ÕÔÕUQÒS—ÐÒUQÔÓÕTÑK9g,9gçøàjøà¢8à¢¹.#yáàù )ùì¥ùi)øàe8àoøàj9d#9¥éycãºfá‹“ÕÔÕUQÒS—ÐÒUQÔÓÕTÑK“ÕÔÕUQÒS—ÐÒUQÔÓÕTÑK9­aycèùn ¹£!ùk¦º(¢ËSÑKSÑKSÑKSÑKËSLKL‹Î‹ËÝÝÝË˜Ú]K˜\ØZÝXÚK›ËšœÜYÙKÌLMËš[8à ¸àb8àj¸àa8àe8àoËŒ‹LLNKÓÔ•Ð•PÒÑUÕT”‘S•“LKËSLKLË9.#yáàù )ùì¥ùi)øàe8àoË9.#yáàù )ùì¥ùi)øàe8àoË’SPT–KËÕT”ÒQK9i)ùg¢ù.#yáàù )ùk­¹n«xàe8àoË“ÕÔÕUQÒS—ÐÒUQÔÓÕTÑK9g,9gçøàjøà¢8à¢¸à ¸àb8àj¸àa8àe8àoøàj9d#9¥éycãºfá‹“ÕÔÕUQÒS—ÐÒUQÔÓÕTÑK“ÕÔÕUQÒS—ÐÒUQÔÓÕTÑK•QKSÑKSÑKSÑKËSLKL‹Î‹ËÝÝÝË˜Ú]K˜\ØZÝXÚK›ËšœÜYÙKÌLMËš[9.#yáàù )ùì¥ùi)øàe8àoËŒ‹LLNK‘Q‘T‘SÑWÓÓ“KÕT”‘S•“LKËSLKL:,áù®¤9âjK:,áù®¤9âjK’SPT–KÕT”ÒQK9n ¸àc:,áù®¤9âjxàj8àeøài¹cãºfá¸àfxà¢ÌLydàyæë‹“ÕÔÕUQÒS—ÐÒUQÔÓÕTÑK“ÕÔÕUQÒS—ÐÒUQÔÓÕTÑK“ÕÔÕUQÒS—ÐÒUQÔÓÕTÑKSÑKSÑKSÑKSÑKËSLKL‹Î‹ËÝÝÝË˜Ú]K˜\ØZÝXÚK›ËšœÜYÙKÌLMËš[:,áù®¤9âjKŒ‹LLNKÓÔ•Ð•PÒÑUÕT”‘S•“LKËSLKLK9ï-ºhg‹:,áù®¤9âjKËSLKLÕPÐUQÓÔ–KKÕT”ÒQK:hìºhçùå*9ï-¹ëbK“ÕÔÕUQÒS—ÐÒUQÔÓÕTÑK“ÕÔÕUQÒS—ÐÒUQÔÓÕTÑK9k®yfj:hg¸àkù.+xà¤¸àcxà£8àa8àjù­%øàa‹SÑKSÑKSÑKSÑKËSLKL‹Î‹ËÝÝÝË˜Ú]K˜\ØZÝXÚK›ËšœÜYÙKÌLMËš[9ï-ºhg‹Œ‹LLNK‘Q‘T‘SÑWÓÓ“KÕT”‘S•“LKËSLKL‹8àløà¤Ë:,áù®¤9âjKËSLKLÕPÐUQÓÔ–K‹ÕT”ÒQK:hìºhçùå*8àløà¤ùëbK“ÕÔÕUQÒS—ÐÒUQÔÓÕTÑK“ÕÔÕUQÒS—ÐÒUQÔÓÕTÑK9k®yfj:hg¸àkù.+xà¤¸àcxà£8àa8àjù­%øàa‹SÑKSÑKSÑKSÑKËSLKL‹Î‹ËÝÝÝË˜Ú]K˜\ØZÝXÚK›ËšœÜYÙKÌLMËš[8àløà¤ËŒ‹LLNK‘Q‘T‘SÑWÓÓ“KÕT”‘S•“LKËSLKLË8àæ¸ààøàâ8àç8àâ8àêË:,áù®¤9âjKËSLKLÕPÐUQÓÔ–KËÕT”ÒQKU8àç8àâ8àêË“ÕÔÕUQÒS—ÐÒUQÔÓÕTÑK“ÕÔÕUQÒS—ÐÒUQÔÓÕTÑK9k®yfj:hg¸àkù.+xà¤¸àcxà£8àa8àjù­%øàa‹SÑKSÑKSÑKSÑKËSLKL‹Î‹ËÝÝÝË˜Ú]K˜\ØZÝXÚK›ËšœÜYÙKÌLMËš[8àæ¸ààøàâ8àç8àâ8àêËŒ‹LLNK‘Q‘T‘SÑWÓÓ“KÕT”‘S•“LKËSLKL8àåøàêxà®xààxààøà«ú(ïyk®yfj9c!z(áK:,áù®¤9âjKËSLKLÕPÐUQÓÔ–KÕT”ÒQK8àåøàêxàç¸àï8à«ùk®yfj9c!z(áK“ÕÔÕUQÒS—ÐÒUQÔÓÕTÑK“ÕÔÕUQÒS—ÐÒUQÔÓÕTÑK9k®yfj:hg¸àkù.+xà¤¸àcxà£8àa8àjù­%øàa‹SÑKSÑKSÑKSÑKËSLKL‹Î‹ËÝÝÝË˜Ú]K˜\ØZÝXÚK›ËšœÜYÙKÌLMËš[8àåøàêxà®xààxààøà«ú(ïyk®yfj9c!z(áKŒ‹LLNK‘Q‘T‘SÑWÓÓ“KÕT”‘S•“LKËSLKLK8àåøàêxà®xààxààøà«ú(ïydàK:,áù®¤9âjKËSLKLÕPÐUQÓÔ–KKÕT”ÒQK9kïº,hz(ïydàxàåøàêxà®xààxààøà«Ë“ÕÔÕUQÒS—ÐÒUQÔÓÕTÑK“ÕÔÕUQÒS—ÐÒUQÔÓÕTÑK9k®yfj:hg¸àkù.+xà¤¸àcxà£8àa8àjù­%øàa‹SÑKSÑKSÑKSÑKËSLKL‹Î‹ËÝÝÝË˜Ú]K˜\ØZÝXÚK›ËšœÜYÙKÌLMËš[8àåøàêxà®xààxààøà«ú(ïydàKŒ‹LLNK‘Q‘T‘SÑWÓÓ“KÕT”‘S•“LKËSLKLL9¥¬: g¹í&xà y¢¦8à¢º/¯8àoùn ùdb‹:,áù®¤9âjKËSLKLÕPÐUQÓÔ–KLÕT”ÒQK9¥¬: g¸àîù¢¦:/¯9n ùdb‹“ÕÔÕUQÒS—ÐÒUQÔÓÕTÑK“ÕÔÕUQÒS—ÐÒUQÔÓÕTÑK“ÕÔÕUQÒS—ÐÒUQÔÓÕTÑKSÑKSÑKSÑKSÑKËSLKL‹Î‹ËÝÝÝË˜Ú]K˜\ØZÝXÚK›ËšœÜYÙKÌLMËš[9¥¬: g¹í&xà y¢¦8à¢º/¯8àoùn ùdb‹Œ‹LLNK‘Q‘T‘SÑWÓÓ“KÕT”‘S•“LKËSLKLLK:fäz*£8à y§+8à zfäyí&K:,áù®¤9âjKËSLKLÕPÐUQÓÔ–KLKÕT”ÒQK:fäz*£8àîù§+8àîúfäyí&K“ÕÔÕUQÒS—ÐÒUQÔÓÕTÑK“ÕÔÕUQÒS—ÐÒUQÔÓÕTÑK“ÕÔÕUQÒS—ÐÒUQÔÓÕTÑKSÑKSÑKSÑKSÑKËSLKL‹Î‹ËÝÝÝË˜Ú]K˜\ØZÝXÚK›ËšœÜYÙKÌLMËš[:fäz*£8à y§+8à zfäyí&KŒ‹LLNK‘Q‘T‘SÑWÓÓ“KÕT”‘S•“LKËSLKLL‹8àà8àìøàç8àï8àêË:,áù®¤9âjKËSLKLÕPÐUQÓÔ–KL‹ÕT”ÒQK9«­xàç8àï8àêË“ÕÔÕUQÒS—ÐÒUQÔÓÕTÑK“ÕÔÕUQÒS—ÐÒUQÔÓÕTÑK“ÕÔÕUQÒS—ÐÒUQÔÓÕTÑKSÑKSÑKSÑKSÑKËSLKL‹Î‹ËÝÝÝË˜Ú]K˜\ØZÝXÚK›ËšœÜYÙKÌLMËš[8àà8àìøàç8àï8àêËŒ‹LLNK‘Q‘T‘SÑWÓÓ“KÕT”‘S•“LKËSLKLLË9í&xàäxààøà«Ë:,áù®¤9âjKËSLKLÕPÐUQÓÔ–KLËÕT”ÒQK:hì¹¥¦yå*9í&xàäxààøà«Ë“ÕÔÕUQÒS—ÐÒUQÔÓÕTÑK“ÕÔÕUQÒS—ÐÒUQÔÓÕTÑK“ÕÔÕUQÒS—ÐÒUQÔÓÕTÑKSÑKSÑKSÑKSÑKËSLKL‹Î‹ËÝÝÝË˜Ú]K˜\ØZÝXÚK›ËšœÜYÙKÌLMËš[9í&xàäxààøà«ËŒ‹LLNK‘Q‘T‘SÑWÓÓ“KÕT”‘S•“LKËSLKLM9n úhg‹:,áù®¤9âjKËSLKLÕPÐUQÓÔ–KMÕT”ÒQK:(húhg¸àîùn úhg‹“ÕÔÕUQÒS—ÐÒUQÔÓÕTÑK“ÕÔÕUQÒS—ÐÒUQÔÓÕTÑK“ÕÔÕUQÒS—ÐÒUQÔÓÕTÑKSÑKSÑKSÑKSÑKËSLKL‹Î‹ËÝÝÝË˜Ú]K˜\ØZÝXÚK›ËšœÜYÙKÌLMËš[9n úhg‹Œ‹LLNK‘Q‘T‘SÑWÓÓ“KÕT”‘S•“LKËSLKLMK9.oºfîù¬h:,áù®¤9âjKËSLKLÕPÐUQÓÔ–KMKÕT”ÒQK9.oºfîù¬h“ÕÔÕUQÒS—ÐÒUQÔÓÕTÑK“ÕÔÕUQÒS—ÐÒUQÔÓÕTÑK“ÕÔÕUQÒS—ÐÒUQÔÓÕTÑKSÑKSÑKSÑKSÑKËSLKL‹Î‹ËÝÝÝË˜Ú]K˜\ØZÝXÚK›ËšœÜYÙKÌLMËš[9.oºfîù¬hŒ‹LLNK‘Q‘T‘SÑWÓÓ“KÕT”‘S•“LKËSLKLM‹8à®xàá¸àï8à­øàéøàìøàiùcãºfá¸àeøàj¸àa8àe8àoË8à®xàá¸àï8à­øàéøàìøàiùcãºfá¸àeøàj¸àa8àe8àoËVÓQQM‹“ÕÐÓÓPÕQ9k­ºfîÍ9dàyæë¸àîùaé¹ä!¹fì:fèùâjyëbK“ÕÔÕUQÒS—ÐÒUQÔÓÕTÑK:,ªyhì¹n¥øàîùl ºe 9©kz !yëbxàk¹ak9o#ù¨b9a¡xàjùo¤øàa‹9cåùaiyab8àk¹£!ùé.¸àjùo¤øàa‹SÑKSÑKSÑK•QKËSLKL‹Î‹ËÝÝÝË˜Ú]K˜\ØZÝXÚK›ËšœÜYÙKÌLMËš[8à®xàá¸àï8à­øàéøàìøàiùcãºfá¸àeøàj¸àa8àe8àoËŒ‹LLNKVÓQQÓ“ÕPÑKÕT”‘S•“L‹ËSL‹LK9cëùáàøàe8àoøàîùå'øàe8àoË9cëùáàøàe8àoøàîùå'øàe8àoË’SPT–KKÕT”ÒQK9cëùáàøàe8àoøàîùå'øàe8àoË“ÕÔÕUQÒS—ÐÒUQÔÓÕTÑK“ÕÔÕUQÒS—ÐÒUQÔÓÕTÑK“ÕÔÕUQÒS—ÐÒUQÔÓÕTÑKSÑKSÑKSÑKSÑKËSL‹L‹Î‹ËÝÝÝËÝÛ‹ØZÙK›ËšœÛX]\šX[Ùš[\ËÙÜ›Ý\ÌŒKÜÞ]]\Þ]][š]ZMœ‹9cëùáàøàe8àoøàîùå'øàe8àoËŒ‹LLNKÓÔ•Ð•PÒÑUÕT”‘S•“L‹ËSL‹L‹9cëùáàøàe8àoË9cëùáàøàe8àoøàîùå'øàe8àoËËSL‹LKÕPÐUQÓÔ–K‹ÕT”ÒQK9cëùáàù )ùk­¹n«xàe8àoË“ÕÔÕUQÒS—ÐÒUQÔÓÕTÑK“ÕÔÕUQÒS—ÐÒUQÔÓÕTÑK“ÕÔÕUQÒS—ÐÒUQÔÓÕTÑK9d£9¬%ùå.¹£!ùk¦º(¢ûï"9¬#ùd#z*&9ai{ï"KSÑKSÑKSÑKSÑKËSL‹L‹Î‹ËÝÝÝËÝÛ‹ØZÙK›ËšœÛX]\šX[Ùš[\ËÙÜ›Ý\ÌŒKÜÞ]]\Þ]][š]ZMœ‹9cëùáàøàe8àoËŒ‹LLNK‘Q‘T‘SÑWÓÓ“KÕT”‘S•“L‹ËSL‹LË9å'øàe8àoË9cëùáàøàe8àoøàîùå'øàe8àoËËSL‹LKÕPÐUQÓÔ–KËÕT”ÒQK9k­¹n«xàk¹å'øàe8àoË“ÕÔÕUQÒS—ÐÒUQÔÓÕTÑK“ÕÔÕUQÒS—ÐÒUQÔÓÕTÑK9c`yb!¹¬-9b!øà¢¸àeùl ¹å*8à¯øàêøàn8à º(¢øàk¸ào¸ào¹aixà£8àj¸àaSÑKSÑKSÑKSÑKËSL‹L‹Î‹ËÝÝÝËÝÛ‹ØZÙK›ËšœÛX]\šX[Ùš[\ËÙÜ›Ý\ÌŒKÜÞ]]\Þ]][š]ZMœ‹9å'øàe8àoËŒ‹LLNK‘Q‘T‘SÑWÓÓ“KÕT”‘S•“L‹ËSL‹L:,áù®¤9c%¹âjK:,áù®¤9c%¹âjK’SPT–KÕT”ÒQK8àbøà¤øàîÔU8àîùæoz"l¸àâ8àë8à©8àîøàløà¤øàîùclzfn¹âjxàîùí&xàîùn øàîøàåøàêyk®yfj9c!z(áxàîùnàúhçù¬®K“ÕÔÕUQÒS—ÐÒUQÔÓÕTÑK“ÕÔÕUQÒS—ÐÒUQÔÓÕTÑK“ÕÔÕUQÒS—ÐÒUQÔÓÕTÑKSÑKSÑKSÑKSÑKËSL‹L‹Î‹ËÝÝÝËÝÛ‹ØZÙK›ËšœÛX]\šX[Ùš[\ËÙÜ›Ý\ÌŒKÜÞ]]\Þ]][š]ZMœ‹:,áù®¤9c%¹âjKŒ‹LLNKÓÔ•Ð•PÒÑUÕT”‘S•“L‹ËSL‹LK8àbøà¤úhg‹:,áù®¤9c%¹âjKËSL‹LÕPÐUQÓÔ–KKÕT”ÒQK:hì¹¥¦yï-¸àîúhçùå*9¬®yï-¹ëbK“ÕÔÕUQÒS—ÐÒUQÔÓÕTÑK“ÕÔÕUQÒS—ÐÒUQÔÓÕTÑK9.+xà¤¹­%øàa¸à ¹¬®xàîùheù¥¦xàkùk£9aj8àjù¢§8àcËSÑKSÑKSÑKSÑKËSL‹L‹Î‹ËÝÝÝËÝÛ‹ØZÙK›ËšœÛX]\šX[Ùš[\ËÙÜ›Ý\ÌŒKÜÞ]]\Þ]][š]ZMœ‹8àbøà¤úhg‹Œ‹LLNK‘Q‘T‘SÑWÓÓ“KÕT”‘S•“L‹ËSL‹L‹8àæ¸ààøàâ8àç8àâ8àêË:,áù®¤9c%¹âjKËSL‹LÕPÐUQÓÔ–K‹ÕT”ÒQKU8àç8àâ8àêË“ÕÔÕUQÒS—ÐÒUQÔÓÕTÑK“ÕÔÕUQÒS—ÐÒUQÔÓÕTÑK8àmxàgøàîøàêxàæxàêøà¤¹i%¸àeù¬-9­%øàa8àeù.o¹áéKSÑKSÑKSÑKSÑKËSL‹L‹Î‹ËÝÝÝËÝÛ‹ØZÙK›ËšœÛX]\šX[Ùš[\ËÙÜ›Ý\ÌŒKÜÞ]]\Þ]][š]ZMœ‹8àæ¸ààøàâ8àç8àâ8àêËŒ‹LLNK‘Q‘T‘SÑWÓÓ“KÕT”‘S•“L‹ËSL‹LË9æoz"l¸àâ8àë8à©:,áù®¤9c%¹âjKËSL‹LÕPÐUQÓÔ–KËÕT”ÒQK9æoz"lºhçùdàxàâ8àë8à©“ÕÔÕUQÒS—ÐÒUQÔÓÕTÑK“ÕÔÕUQÒS—ÐÒUQÔÓÕTÑK9¬-9­%øàa8àeù.o¹áéKSÑKSÑKSÑKSÑKËSL‹L‹Î‹ËÝÝÝËÝÛ‹ØZÙK›ËšœÛX]\šX[Ùš[\ËÙÜ›Ý\ÌŒKÜÞ]]\Þ]][š]ZMœ‹9æoz"l¸àâ8àë8à©Œ‹LLNK‘Q‘T‘SÑWÓÓ“KÕT”‘S•“L‹ËSL‹L8àløà¤úhg‹:,áù®¤9c%¹âjKËSL‹LÕPÐUQÓÔ–KÕT”ÒQK:hìºhçùå*8àløà¤ùëbK“ÕÔÕUQÒS—ÐÒUQÔÓÕTÑK“ÕÔÕUQÒS—ÐÒUQÔÓÕTÑK8à«xàèøààøàåøàîùcèùmîøàcxà¤¹i%¸àeù¬-9­%øàa8à yê+ºhg¸àjùb!¹b)KSÑKSÑKSÑKSÑKËSL‹L‹Î‹ËÝÝÝËÝÛ‹ØZÙK›ËšœÛX]\šX[Ùš[\ËÙÜ›Ý\ÌŒKÜÞ]]\Þ]][š]ZMœ‹8àløà¤úhg‹Œ‹LLNK‘Q‘T‘SÑWÓÓ“KÕT”‘S•“L‹ËSL‹LK9clzfn¹âjyëbK:,áù®¤9c%¹âjKËSL‹LÕPÐUQÓÔ–KKÕT”ÒQK8à«8à®yï-¸àîøà®xàåøàë8àï9ï-¸àîùb ùâjxàîù.oºfîù¬h8àîøàêxà©8à¯øàï9ëbK“ÕÔÕUQÒS—ÐÒUQÔÓÕTÑK“ÕÔÕUQÒS—ÐÒUQÔÓÕTÑK8à«8à®yï-¸àîøà®xàåøàë8àï9ï-¸àkùêm8à¤ºe¢øàdxà¢øà ºfîù¬h8àkùím¹î xà ¹b ùâjxàkùc!xà SÑKSÑKSÑKSÑKËSL‹L‹Î‹ËÝÝÝËÝÛ‹ØZÙK›ËšœÛX]\šX[Ùš[\ËÙÜ›Ý\ÌŒKÜÞ]]\Þ]][š]ZMœ‹9clzfn¹âjyëbKŒ‹LLNK‘Q‘T‘SÑWÓÓ“KÕT”‘S•“L‹ËSL‹LL9í&zhg‹:,áù®¤9c%¹âjKËSL‹LÕPÐUQÓÔ–KLÕT”ÒQK9¥¬: g¸àîúfäz*£8àîù«­xàç8àï8àêøàîùâfù.løàäxààøà«ùëbK“ÕÔÕUQÒS—ÐÒUQÔÓÕTÑK“ÕÔÕUQÒS—ÐÒUQÔÓÕTÑK9ê+ºhg¹b)xàjùíd9§gøà ¹í&xàäxààøà«øàkúe¢øàcy­%øàa9.o¹áéKSÑKSÑKSÑKSÑKËSL‹L‹Î‹ËÝÝÝËÝÛ‹ØZÙK›ËšœÛX]\šX[Ùš[\ËÙÜ›Ý\ÌŒKÜÞ]]\Þ]][š]ZMœ‹9í&zhg‹Œ‹LLNK‘Q‘T‘SÑWÓÓ“KÕT”‘S•“L‹ËSL‹LLK9n úhg‹:,áù®¤9c%¹âjKËSL‹LÕPÐUQÓÔ–KLKÕT”ÒQK:(húhg¹ëbK“ÕÔÕUQÒS—ÐÒUQÔÓÕTÑK“ÕÔÕUQÒS—ÐÒUQÔÓÕTÑK:`#ù¦#º(¢ùëbxàiù£!ùk¦¹¥®y¬åxàjùo¤øàa‹SÑKSÑKSÑKSÑKËSL‹L‹Î‹ËÝÝÝËÝÛ‹ØZÙK›ËšœÛX]\šX[Ùš[\ËÙÜ›Ý\ÌŒKÜÞ]]\Þ]][š]ZMœ‹9n úhg‹Œ‹LLNK‘Q‘T‘SÑWÓÓ“KÕT”‘S•“L‹ËSL‹LL‹8àåøàêxà®xààxààøà«ú(ïyk®yfj8àîùc!z(áK:,áù®¤9c%¹âjKËSL‹LÕPÐUQÓÔ–KL‹ÕT”ÒQK9ãïº(c9kïº,hxàåøàêxà®xààxààøà«ùk®yfj9c!z(áK“ÕÔÕUQÒS—ÐÒUQÔÓÕTÑK“ÕÔÕUQÒS—ÐÒUQÔÓÕTÑK9¬f¸à£8à¤ºfi8àcËSÑKSÑKSÑKSÑKËSL‹L‹Î‹ËÝÝÝËÝÛ‹ØZÙK›ËšœÛX]\šX[Ùš[\ËÙÜ›Ý\ÌŒKÜÞ]]\Þ]][š]ZMœ‹8àåøàêxà®xààxààøà«ú(ïyk®yfj8àîùc!z(áKŒ‹LLNK‘Q‘T‘SÑWÓÓ“KÕT”‘S•“L‹ËSL‹LLË9nàúhçù¬®{ï"9i*xàmøà¢y¬®{ï"K:,áù®¤9c%¹âjKËSL‹LÕPÐUQÓÔ–KLËÕT”ÒQK9k­¹n«xàk¹©#yâjy )ùnàúhçù¬®K“ÕÔÕUQÒS—ÐÒUQÔÓÕTÑK“ÕÔÕUQÒS—ÐÒUQÔÓÕTÑK9¬®xàbøàfxà¤ºfi8àcy£!ùk¦¹k®yfj8àn9éîøàfKSÑKSÑKSÑKSÑKËSL‹L‹Î‹ËÝÝÝËÝÛ‹ØZÙK›ËšœÛX]\šX[Ùš[\ËÙÜ›Ý\ÌŒKÜÞ]]\Þ]][š]ZMœ‹9nàúhçù¬®{ï"9i*xàmøà¢y¬®{ï"KŒ‹LLNK‘Q‘T‘SÑWÓÓ“KÕT”‘S•“L‹ËSL‹LM9ì¥ùi)øàe8àoË9ì¥ùi)øàe8àoË’SPT–KMÕT”ÒQK9k­¹n«yå*:fîù¬%ú(ïydàxàîùk­¹amøàîú!êº.èº.â¹ëbK“ÕÔÕUQÒS—ÐÒUQÔÓÕTÑK“ÕÔÕUQÒS—ÐÒUQÔÓÕTÑK9fj9amùa¡xàk¹¬®xàîù.oºfîù¬h9ëbxà¤¹¢§8àcË•QKSÑKSÑKSÑKËSL‹L‹Î‹ËÝÝÝËÝÛ‹ØZÙK›ËšœÛX]\šX[Ùš[\ËÙÜ›Ý\ÌŒKÜÞ]]\Þ]][š]ZMœ‹9ì¥ùi)øàe8àoËŒ‹LLNK‘Q‘T‘SÑWÓÓ“KÕT”‘S•“L‹ËSL‹LMK8àåøàêxà®xààxààøà«ú,áù®¤;ï":(ïydàxàåøàêxà®xààxààøà«øà¤¹d*øà ;ï"K:,áù®¤9c%¹âjKËSL‹LÕPÐUQÓÔ–KMKÕT”ÒQK9k®yfj9c!z(áxàîùkïº,hz(ïydàxàåøàêxà®xààxààøà«Ë“ÕÔÕUQÒS—ÐÒUQÔÓÕTÑK“ÕÔÕUQÒS—ÐÒUQÔÓÕTÑK9¬f¸à£8à¤ºfi8àcøà ¹. :/®LÛy.éy."øàîùc¦¸àeLXÛy.éy."ùëbKSÑKSÑKSÑKSÑK9.é9d£9nmL9§"8àbøà¢yb!¹b)ycãºfáºe¢ùiâù.¢9k¦‹ËSL‹L‹Î‹ËÝÝÝËÝÛ‹ØZÙK›ËšœÛX]\šX[Ùš[\ËÙÜ›Ý\ÌŒKÜÞ]]\Þ]][š]ZMœ‹8àåøàêxà®xààxààøà«ú,áù®¤;ï":(ïydàxàåøàêxà®xààxààøà«øà¤¹d*øà ;ï"KŒ‹LLNKQS‹S“‘QŒ‹LLLK“L‹ËSL‹LM‹9aé¹ä!¸àiøàcxàj¸àa8àe8àoË9aé¹ä!¸àiøàcxàj¸àa8àe8àoËVÓQQM‹“ÕÐÓÓPÕQ9k­ºfîÍ9dàyæë¸àîùc.ùæ`¹nàù¨á9âjxàîøà¯øà©8àé8àîøàä8ààøàá¸àê¸àï9ëbK“ÕÔÕUQÒS—ÐÒUQÔÓÕTÑK:,ªyhì¹n¥øàîùl ºe 9©kz !yëbxàk¹ak9o#ù¨b9a¡xàjùo¤øàa‹9cåùaiyab8àk¹£!ùé.¸àjùo¤øàa‹SÑKSÑKSÑK•QKËSL‹L‹Î‹ËÝÝÝËÝÛ‹ØZÙK›ËšœÛX]\šX[Ùš[\ËÙÜ›Ý\ÌŒKÜÞ]]\Þ]][š]ZMœ‹9aé¹ä!¸àiøàcxàj¸àa8àe8àoËŒ‹LLNKVÓQQÓ“ÕPÑKÕT”‘S•“LËËSLËLK9áàøà¡8àføà¢øàe8àoË9áàøà¡8àføà¢øàe8àoË’SPT–KKÕT”ÒQK9cëùáàù )ùk­¹n«xàe8àoË“ÕÔÕUQÒS—ÐÒUQÔÓÕTÑK“ÕÔÕUQÒS—ÐÒUQÔÓÕTÑK“ÕÔÕUQÒS—ÐÒUQÔÓÕTÑK9å.¹£!ùk¦¸àe8àoú(¢Ë:(¢øàjùaixà¢xàj¸àa9h-9d"8à ºemøàeL[xàîÌŒÙù.éya¡xàj¸à¢ycãºfá¸à­øàï8àêËSÑKSÑKSÑKSÑKËSLËLKÎ‹ËÝÝÝËÝÛ‹š^X\Ú[XK›ËšœÜÛÜÚZÚKÚ›ÙÙ\ÝZYËÙÞ[Û]KÙÛÛZKÚØ]ZWÙÛÛZKØ[˜™]ÝKÌMŒÎš[9áàøà¡8àføà¢øàe8àoËŒ‹LLNKÓÔ•Ð•PÒÑUÕT”‘S•“LËËSLËL‹9áàøà¡8àføàj¸àa8àe8àoË9áàøà¡8àføàj¸àa8àe8àoË’SPT–K‹ÕT”ÒQK9.#yáàù )ùk­¹n«xàe8àoË“ÕÔÕUQÒS—ÐÒUQÔÓÕTÑK“ÕÔÕUQÒS—ÐÒUQÔÓÕTÑK“ÕÔÕUQÒS—ÐÒUQÔÓÕTÑK9å.¹£!ùk¦¸àe8àoú(¢Ë:(¢øàjùaixà¢xàj¸àa9h-9d"8à ºemøàeL[xàîÌŒÙù.éya¡xàj¸à¢ycãºfá¸à­øàï8àêËSÑKSÑKSÑKSÑKËSLËLKÎ‹ËÝÝÝËÝÛ‹š^X\Ú[XK›ËšœÜÛÜÚZÚKÚ›ÙÙ\ÝZYËÙÞ[Û]KÙÛÛZKÚØ]ZWÙÛÛZKØ[˜™]ÝKÌMŒÎš[9áàøà¡8àføàj¸àa8àe8àoËŒ‹LLNKÓÔ•Ð•PÒÑUÕT”‘S•“LËËSLËLË:,áù®¤8àe8àoûï"9í&zhg»ï"K:,áù®¤8àe8àoûï"9í&zhg»ï"K’SPT–KËÕT”ÒQK9¥¬: g¸àîøààxàêxà­øàîúfäz*£8àîù«­xàç8àï8àêøàîùâfù.løàäxààøà«øàîøàgxàk¹.å¹í&K“ÕÔÕUQÒS—ÐÒUQÔÓÕTÑK“ÕÔÕUQÒS—ÐÒUQÔÓÕTÑK“ÕÔÕUQÒS—ÐÒUQÔÓÕTÑKSÑKSÑKSÑKSÑKËSLËL‹Î‹ËÝÝÝËÝÛ‹š^X\Ú[XK›ËšœÜÛÜÚZÚKÚ›ÙÙ\ÝZYËÙÞ[Û]KÙÛÛZKÚØ]ZWÙÛÛZKØ[˜™]ÝKÌNËš[:,áù®¤8àe8àoûï"9í&zhg»ï"KŒ‹LLNKÓÔ•Ð•PÒÑUÕT”‘S•“LËËSLËL:,áù®¤8àe8àoûï":aäylgºhg»ï"K:,áù®¤8àe8àoûï":aäylgºhg»ï"K’SPT–KÕT”ÒQK8à¨¸àêøàçùï-¸àîøà®xààxàï8àêùï-¸àîøà®xàåøàë8àï9ï-‹“ÕÔÕUQÒS—ÐÒUQÔÓÕTÑK“ÕÔÕUQÒS—ÐÒUQÔÓÕTÑK“ÕÔÕUQÒS—ÐÒUQÔÓÕTÑKSÑKSÑKSÑKSÑKËSLËL‹Î‹ËÝÝÝËÝÛ‹š^X\Ú[XK›ËšœÜÛÜÚZÚKÚ›ÙÙ\ÝZYËÙÞ[Û]KÙÛÛZKÚØ]ZWÙÛÛZKØ[˜™]ÝKÌNËš[:,áù®¤8àe8àoûï":aäylgºhg»ï"KŒ‹LLNKÓÔ•Ð•PÒÑUÕT”‘S•“LËËSLËLK:,áù®¤8àe8àoûï"8àløà¤øàîùnàù.oºfîù¬h8àîú&ãyabyë¨yëby¬-:b 9aixà¢¹nàú(ïydà{ï"K:,áù®¤8àe8àoûï"8àløà¤øàîùnàù.oºfîù¬h8àîú&ãyabyë¨yëby¬-:b 9aixà¢¹nàú(ïydà{ï"K’SPT–KKÕT”ÒQK9å'øàcxàløà¤øàîúfäxàløà¤øàîù.oºfîù¬h8àîú&ãyabyë¨yëbK“ÕÔÕUQÒS—ÐÒUQÔÓÕTÑK“ÕÔÕUQÒS—ÐÒUQÔÓÕTÑK“ÕÔÕUQÒS—ÐÒUQÔÓÕTÑKSÑKSÑKSÑKSÑKËSLËL‹Î‹ËÝÝÝËÝÛ‹š^X\Ú[XK›ËšœÜÛÜÚZÚKÚ›ÙÙ\ÝZYËÙÞ[Û]KÙÛÛZKÚØ]ZWÙÛÛZKØ[˜™]ÝKÌNËš[:,áù®¤8àe8àoûï"8àløà¤øàîùnàù.oºfîù¬h8àîú&ãyabyë¨yëby¬-:b 9aixà¢¹nàú(ïydà{ï"KŒ‹LLNKÓÔ•Ð•PÒÑUÕT”‘S•“LËËSLËL‹:,áù®¤8àe8àoûï"9n úhg¸àîøàæ¸ààøàâ8àç8àâ8àêûï"K:,áù®¤8àe8àoûï"9n úhg¸àîøàæ¸ààøàâ8àç8àâ8àêûï"K’SPT–K‹ÕT”ÒQK:(húhg¸àîù«æùn øàîÔU8àç8àâ8àêË“ÕÔÕUQÒS—ÐÒUQÔÓÕTÑK“ÕÔÕUQÒS—ÐÒUQÔÓÕTÑK“ÕÔÕUQÒS—ÐÒUQÔÓÕTÑKSÑKSÑKSÑKSÑKËSLËL‹Î‹ËÝÝÝËÝÛ‹š^X\Ú[XK›ËšœÜÛÜÚZÚKÚ›ÙÙ\ÝZYËÙÞ[Û]KÙÛÛZKÚØ]ZWÙÛÛZKØ[˜™]ÝKÌNËš[:,áù®¤8àe8àoûï"9n úhg¸àîøàæ¸ààøàâ8àç8àâ8àêûï"KŒ‹LLNKÓÔ•Ð•PÒÑUÕT”‘S•“LËËSLËLË8àe8àoøà®xàá¸àï8à­øàéøàìøàjùaî¸àføàj¸àa9k­ºfîÍ9dàyæë‹8àe8àoøà®xàá¸àï8à­øàéøàìøàjùaî¸àføàj¸àa9k­ºfîÍ9dàyæë‹VÓQQË“ÕÐÓÓPÕQ8àá¸àë8àäøàîùa­ú%-ynªËùa­ùaãynªøàîøàª8à¨¸à¬øàìøàîù­%ù¯ëùªgËú(húhg¹.o¹áéyªgË“ÕÔÕUQÒS—ÐÒUQÔÓÕTÑK:,ªyhì¹n¥øàîùl ºe 9©kz !yëbxàk¹ak9o#ù¨b9a¡xàjùo¤øàa‹9cåùaiyab8àk¹£!ùé.¸àjùo¤øàa‹SÑKSÑKSÑK•QKËSLËLKÎ‹ËÝÝÝËÝÛ‹š^X\Ú[XK›ËšœÜÛÜÚZÚKÚ›ÙÙ\ÝZYËÙÞ[Û]KÙÛÛZKÚØ]ZWÙÛÛZKØ[˜™]ÝKÌMŒÎš[8àe8àoøà®xàá¸àï8à­øàéøàìøàjùaî¸àføàj¸àa9k­ºfîÍ9dàyæë‹Œ‹LLNKVÓQQÓ“ÕPÑKÕT”‘S•“LËSLLK9áàøàb8à¢øàe8àoË9áàøàb8à¢øàe8àoË’SPT–KKÕT”ÒQK9cëùáàù )ùk­¹n«xàe8àoË“ÕÔÕUQÒS—ÐÒUQÔÓÕTÑK“ÕÔÕUQÒS—ÐÒUQÔÓÕTÑK“ÕÔÕUQÒS—ÐÒUQÔÓÕTÑK9å.¹£!ùk¦¹áàøàb8à¢øàe8àoú(¢ËSÑKSÑKSÑKSÑKËSLLËÎ‹ËÝÝÝËÝÛ‹œØ]ÜÚË›ÚØ^X[XKšœÜÚ]KÜ™XÞXÛKÌŒš[9áàøàb8à¢øàe8àoËŒ‹LLNKÓÔ•Ð•PÒÑUÕT”‘S•“LËSLL‹9áàøàb8àj¸àa8àe8àoË9áàøàb8àj¸àa8àe8àoË’SPT–K‹ÕT”ÒQK9.#yáàù )ùk­¹n«xàe8àoË“ÕÔÕUQÒS—ÐÒUQÔÓÕTÑK“ÕÔÕUQÒS—ÐÒUQÔÓÕTÑK“ÕÔÕUQÒS—ÐÒUQÔÓÕTÑK9å.¹£!ùk¦¹áàøàb8àj¸àa8àe8àoú(¢ËSÑKSÑKSÑKSÑKËSLLËÎ‹ËÝÝÝËÝÛ‹œØ]ÜÚË›ÚØ^X[XKšœÜÚ]KÜ™XÞXÛKÌŒš[9áàøàb8àj¸àa8àe8àoËŒ‹LLNKÓÔ•Ð•PÒÑUÕT”‘S•“LËSLLË9ï-‹9ï-‹’SPT–KËÕT”ÒQK8à¨¸àêøàçùï-¸àîøà®xààxàï8àêùï-‹“ÕÔÕUQÒS—ÐÒUQÔÓÕTÑK“ÕÔÕUQÒS—ÐÒUQÔÓÕTÑK9.+z.ªøà¤¹ên¸àjøàeøà ydàyæë¹§hy.í¸àjùo¤øàhøài¹aî¸àfKSÑKSÑKSÑKSÑKËSLL‹Î‹ËÝÝÝËÝÛ‹œØ]ÜÚË›ÚØ^X[XKšœÜÚ]KÜ™XÞXÛKÌLš[9ï-‹Œ‹LLNKÓÔ•Ð•PÒÑUÕT”‘S•“LËSLL8àløà¤úhg‹8àløà¤úhg‹’SPT–KÕT”ÒQK9á(z"l¸àîú#-º"l¸àîùíäz"l¸àîøàgxàk¹.åº"l¸àk¸àløà¤Ë“ÕÔÕUQÒS—ÐÒUQÔÓÕTÑK“ÕÔÕUQÒS—ÐÒUQÔÓÕTÑK9.+z.ªøà¤¹ên¸àjøàeøà z"l¹b)y§hy.í¸àjùo¤øàhøài¹aî¸àfKSÑKSÑKSÑKSÑKËSLL‹Î‹ËÝÝÝËÝÛ‹œØ]ÜÚË›ÚØ^X[XKšœÜÚ]KÜ™XÞXÛKÌLš[8àløà¤úhg‹Œ‹LLNKÓÔ•Ð•PÒÑUÕT”‘S•“LËSLLK8àæ¸ààøàâ8àç8àâ8àêË8àæ¸ààøàâ8àç8àâ8àêË’SPT–KKÕT”ÒQKU8àç¸àï8à«øàk¸àç8àâ8àêË“ÕÔÕUQÒS—ÐÒUQÔÓÕTÑK“ÕÔÕUQÒS—ÐÒUQÔÓÕTÑK9.+z.ªøà¤¹ên¸àjøàeøà yå.¹£!ùk¦¹¥®y¬åxàiùaî¸àfKSÑKSÑKSÑKSÑKËSLL‹Î‹ËÝÝÝËÝÛ‹œØ]ÜÚË›ÚØ^X[XKšœÜÚ]KÜ™XÞXÛKÌLš[8àæ¸ààøàâ8àç8àâ8àêËŒ‹LLNKÓÔ•Ð•PÒÑUÕT”‘S•“LËSLL‹8àgxàk¹.å¸àåøàêxà®xààxààøà«Ë8àgxàk¹.å¸àåøàêxà®xààxààøà«Ë’SPT–K‹ÕT”ÒQK8àåøàêxà®xààxààøà«ú(ïyk®yfj9c!z(ázhg‹“ÕÔÕUQÒS—ÐÒUQÔÓÕTÑK“ÕÔÕUQÒS—ÐÒUQÔÓÕTÑK9¬f¸à£9ëbxàk¹å.¹£!ùk¦¹§hy.í¸àjùo¤øàhøài¹aî¸àfKSÑKSÑKSÑKSÑKËSLL‹Î‹ËÝÝÝËÝÛ‹œØ]ÜÚË›ÚØ^X[XKšœÜÚ]KÜ™XÞXÛKÌLš[8àgxàk¹.å¸àåøàêxà®xààxààøà«ËŒ‹LLNKÓÔ•Ð•PÒÑUÕT”‘S•“LËSLLË:(ïydàxàåøàêxà®xààxààøà«Ë:(ïydàxàåøàêxà®xààxààøà«Ë’SPT–KËÕT”ÒQK9kïº,hxàj8àj¸à¢øàåøàêxà®xààxààøà«ú(ïydàK“ÕÔÕUQÒS—ÐÒUQÔÓÕTÑK“ÕÔÕUQÒS—ÐÒUQÔÓÕTÑK9å.¹£!ùk¦¸àk¹kïº,hy§hy.í¸àjùo¤øàhøài¹aî¸àfKSÑKSÑKSÑKSÑKËSLL‹Î‹ËÝÝÝËÝÛ‹œØ]ÜÚË›ÚØ^X[XKšœÜÚ]KÜ™XÞXÛKÌLš[:(ïydàxàåøàêxà®xààxààøà«ËŒ‹LLNKÓÔ•Ð•PÒÑUÕT”‘S•“LËSLL9í&zhg‹9í&zhg‹’SPT–KÕT”ÒQK9¥¬: g¸àîúfäz*£øàgxàk¹.å¹í&xàîù«­xàç8àï8àêøàîúhì¹¥¦yå*9í&xàäxààøà«Ë“ÕÔÕUQÒS—ÐÒUQÔÓÕTÑK“ÕÔÕUQÒS—ÐÒUQÔÓÕTÑK9í&xàk¹ê+ºhg¹b)y§hy.í¸àjùo¤øàhøài¹aî¸àfKSÑKSÑKSÑKSÑKËSLL‹Î‹ËÝÝÝËÝÛ‹œØ]ÜÚË›ÚØ^X[XKšœÜÚ]KÜ™XÞXÛKÌLš[9í&zhg‹Œ‹LLNKÓÔ•Ð•PÒÑUÕT”‘S•“LËSLLK9cé9n Ë9cé9n Ë’SPT–KKÕT”ÒQK9kïº,hycé9n Ë“ÕÔÕUQÒS—ÐÒUQÔÓÕTÑK“ÕÔÕUQÒS—ÐÒUQÔÓÕTÑK9å.¹£!ùk¦¹¥®y¬åxàiùaî¸àfKSÑKSÑKSÑKSÑKËSLL‹Î‹ËÝÝÝËÝÛ‹œØ]ÜÚË›ÚØ^X[XKšœÜÚ]KÜ™XÞXÛKÌLš[9cé9n ËŒ‹LLNKÓÔ•Ð•PÒÑUÕT”‘S•“LËSLLL9ì¥ùi)øàe8àoË9ì¥ùi)øàe8àoË’SPT–KL“ÓÒÑQÔPÒÕT9£!ùk¦¸àe8àoú(¢øàn9aixà¢xàj¸àa9i)øàcxàj¹k­¹n«xàe8àoË“ÕÔÕUQÒS—ÐÒUQÔÓÕTÑK“ÕÔÕUQÒS—ÐÒUQÔÓÕTÑK9.¢ùbcyå,ú/¯8àoøàîùaé¹ä!¹b.9ëbxà yå.¸àk¹ì¥ùi)øàe8àoùb-¹n©¸àjùo¤øàa‹•QK•QKSÑKSÑKËSLLËÎ‹ËÝÝÝËÝÛ‹œØ]ÜÚË›ÚØ^X[XKšœÜÚ]KÜ™XÞXÛKÌŒš[9ì¥ùi)øàe8àoËŒ‹LLNK‘Q‘T‘SÑWÓÓ“KÕT”‘S•“LKËSLKLK8àäøàìûï"8à«8àêxà®xàäøàìûï"K8àäøàìûï"8à«8àêxà®xàäøàìûï"K’SPT–KKÕT”ÒQK:hìºhçùå*8à«8àêxà®xàløà¤Ë“ÕÔÕUQÒS—ÐÒUQÔÓÕTÑK“ÕÔÕUQÒS—ÐÒUQÔÓÕTÑK8à«xàèøààøàåøà¤¹i%¸àeù¬-9­%øàa8àeøà yá(z"lº`#ù¦#¸àîú#-º"l¸àîùíäz"l¸àîøàgxàk¹.å¸àjùb!¸àdxà¢ËSÑKSÑKSÑKSÑKËSLKLKÎ‹ËÝÝÝËÝÛ‹žXZØYÙK›ÚØ^X[XKšœÛY™KÚØ[šÞ[ËÙÛÛZKš[8àäøàìûï"8à«8àêxà®xàäøàìûï"KŒ‹LLNKÓÔ•Ð•PÒÑUÕT”‘S•“LKËSLKL‹8àªøàìûï"9ên¸àcyï-»ï"K8àªøàìûï"9ên¸àcyï-»ï"K’SPT–K‹ÕT”ÒQK:hìºhçùå*8à¨¸àêøàçùï-¸àîøà®xààxàï8àêùï-‹“ÕÔÕUQÒS—ÐÒUQÔÓÕTÑK“ÕÔÕUQÒS—ÐÒUQÔÓÕTÑK9.+z.ªøà¤¹¢§8àcy¬-9­%øàa8àeøà xà¨¸àêøàçùï-¸àj8à®xààxàï8àêùï-¸àjùb!¸àdxà¢ËSÑKSÑKSÑKSÑKËSLKLKÎ‹ËÝÝÝËÝÛ‹žXZØYÙK›ÚØ^X[XKšœÛY™KÚØ[šÞ[ËÙÛÛZKš[8àªøàìûï"9ên¸àcyï-»ï"KŒ‹LLNKÓÔ•Ð•PÒÑUÕT”‘S•“LKËSLKLË9í&{ï"9cé9í&{ï"K9í&{ï"9cé9í&{ï"K’SPT–KËÕT”ÒQK9âfù.løàäxààøà«øàîù«­xàç8àï8àêøàîù¥¬: g‹øààxàêxà­øàîúfäz*£øàgxàk¹.å‹“ÕÔÕUQÒS—ÐÒUQÔÓÕTÑK“ÕÔÕUQÒS—ÐÒUQÔÓÕTÑK9ê+ºhg¸àjùb!¸àdxà yd!9ê+ºhg¸à¤¸àl¸à ¸àiùc`y¥¡ùkeøàjùíd9§gøàfxà¢ËSÑKSÑKSÑKSÑKËSLKLKÎ‹ËÝÝÝËÝÛ‹žXZØYÙK›ÚØ^X[XKšœÛY™KÚØ[šÞ[ËÙÛÛZKš[9í&{ï"9cé9í&{ï"KŒ‹LLNKÓÔ•Ð•PÒÑUÕT”‘S•“LKËSLKL9n ûï"9cé9n ûï"K9n ûï"9cé9n ûï"K’SPT–KÕT”ÒQK9kïº,hxàj8àj¸à¢ùcé9n Ë“ÕÔÕUQÒS—ÐÒUQÔÓÕTÑK“ÕÔÕUQÒS—ÐÒUQÔÓÕTÑK8àl¸à ¸àiùc`y¥¡ùkeøàjùíd9§gøàfxà¢ËSÑKSÑKSÑKSÑKËSLKLKÎ‹ËÝÝÝËÝÛ‹žXZØYÙK›ÚØ^X[XKšœÛY™KÚØ[šÞ[ËÙÛÛZKš[9n ûï"9cé9n ûï"KŒ‹LLNKÓÔ•Ð•PÒÑUÕT”‘S•“LKËSLKLK8àç8àâ8àêûï"8àæ¸ààøàâ8àç8àâ8àêøàîøàgxàk¹.å¸àk¸àåøàêxà®xààxààøà«ûï"K8àç8àâ8àêûï"8àæ¸ààøàâ8àç8àâ8àêøàîøàgxàk¹.å¸àk¸àåøàêxà®xààxààøà«ûï"K’SPT–KKÕT”ÒQKU8àç8àâ8àêøàîùkïº,hxàåøàêxà®xààxààøà«Ë“ÕÔÕUQÒS—ÐÒUQÔÓÕTÑK“ÕÔÕUQÒS—ÐÒUQÔÓÕTÑK9dàyæë¹b)xàjù­%ù­a8àîùb!¹b)y§hy.í¸àn9o¤øàa‹SÑKSÑKSÑKSÑKËSLKLKÎ‹ËÝÝÝËÝÛ‹žXZØYÙK›ÚØ^X[XKšœÛY™KÚØ[šÞ[ËÙÛÛZKš[8àç8àâ8àêûï"8àæ¸ààøàâ8àç8àâ8àêøàîøàgxàk¹.å¸àk¸àåøàêxà®xààxààøà«ûï"KŒ‹LLNKÓÔ•Ð•PÒÑUÕT”‘S•“LKËSLKL‹9cëùáàøàe8àoûï.ÌÌÛy.éy."øàk¹á/9cm9aé¹ä!¸àk¸àiøàcxà¢øàe8àoûï/K9cëùáàøàe8àoûï.ÌÌÛy.éy."øàk¹á/9cm9aé¹ä!¸àk¸àiøàcxà¢øàe8àoûï/K’SPT–K‹ÕT”ÒQKÌÛy.éy."øàk¹cëùáàù )ùk­¹n«xàe8àoË“ÕÔÕUQÒS—ÐÒUQÔÓÕTÑK“ÕÔÕUQÒS—ÐÒUQÔÓÕTÑK9å.¹£!ùk¦¹cëùáàøàe8àoú(¢øàiùaî¸àfKSÑKSÑKSÑKSÑKËSLKLKÎ‹ËÝÝÝËÝÛ‹žXZØYÙK›ÚØ^X[XKšœÛY™KÚØ[šÞ[ËÙÛÛZKš[9cëùáàøàe8àoûï.ÌÌÛy.éy."øàk¹á/9cm9aé¹ä!¸àk¸àiøàcxà¢øàe8àoûï/KŒ‹LLNKÓÔ•Ð•PÒÑUÕT”‘S•“LKËSLKLË9cëùáàøàe8àoûï.ùi)ùg¢ûï/K9cëùáàøàe8àoûï.ùi)ùg¢ûï/K’SPT–KËT‘PÕÒUSÌÛxà¤º-¡xàb8à¢ùcëùáàù )ùi)ùg¢øàe8àoË“ÕÔÕUQÒS—ÐÒUQÔÓÕTÑK“ÕÔÕUQÒS—ÐÒUQÔÓÕTÑK9å.¹£!ùk¦¸àk¹i)ùg¢ùcëùáàøàe8àoù¥®y¬åxàjùo¤øàa‹•QKSÑKSÑKSÑKËSLKLKÎ‹ËÝÝÝËÝÛ‹žXZØYÙK›ÚØ^X[XKšœÛY™KÚØ[šÞ[ËÙÛÛZKš[9cëùáàøàe8àoûï.ùi)ùg¢ûï/KŒ‹LLNK‘Q‘T‘SÑWÓÓ“KÕT”‘S•“LKËSLKL9.#yáàøàe8àoûï.ÌÌÛy.éy."øàk¹á/9cm9aé¹ä!¸àk¸àiøàcxàj¸àa8àe8àoûï/K9.#yáàøàe8àoûï.ÌÌÛy.éy."øàk¹á/9cm9aé¹ä!¸àk¸àiøàcxàj¸àa8àe8àoûï/K’SPT–KÕT”ÒQKÌÛy.éy."øàk¹.#yáàù )ùk­¹n«xàe8àoË“ÕÔÕUQÒS—ÐÒUQÔÓÕTÑK“ÕÔÕUQÒS—ÐÒUQÔÓÕTÑK9å.¹£!ùk¦¹.#yáàøàe8àoú(¢øàiùaî¸àfKSÑKSÑKSÑKSÑKËSLKLKÎ‹ËÝÝÝËÝÛ‹žXZØYÙK›ÚØ^X[XKšœÛY™KÚØ[šÞ[ËÙÛÛZKš[9.#yáàøàe8àoûï.ÌÌÛy.éy."øàk¹á/9cm9aé¹ä!¸àk¸àiøàcxàj¸àa8àe8àoûï/KŒ‹LLNKÓÔ•Ð•PÒÑUÕT”‘S•“LKËSLKLK9.#yáàøàe8àoûï.ùi)ùg¢ûï/K9.#yáàøàe8àoûï.ùi)ùg¢ûï/K’SPT–KKT‘PÕÒUSÌÛxà¤º-¡xàb8à¢ù.#yáàù )ùi)ùg¢øàe8àoË“ÕÔÕUQÒS—ÐÒUQÔÓÕTÑK“ÕÔÕUQÒS—ÐÒUQÔÓÕTÑK9å.¹£!ùk¦¸àk¹i)ùg¢ù.#yáàøàe8àoù¥®y¬åxàjùo¤øàa‹•QKSÑKSÑKSÑKËSLKLKÎ‹ËÝÝÝËÝÛ‹žXZØYÙK›ÚØ^X[XKšœÛY™KÚØ[šÞ[ËÙÛÛZKš[9.#yáàøàe8àoûï.ùi)ùg¢ûï/KŒ‹LLNK‘Q‘T‘SÑWÓÓ“KÕT”‘S•“LKËSLKLL9¬-:b 9/oùå*9nàú(ïydàK9¬-:b 9/oùå*9nàú(ïydàK’SPT–KLÕT”ÒQK:&ãyabyë¨xàîù¬-:b 9/oùå*:(ïydàyëbK“ÕÔÕUQÒS—ÐÒUQÔÓÕTÑK“ÕÔÕUQÒS—ÐÒUQÔÓÕTÑK9è-9¤#zf,¹«h¸àj¸àjyå.¹£!ùk¦¹¥®y¬åxàjùo¤øàa‹SÑKSÑKSÑKSÑKËSLKLKÎ‹ËÝÝÝËÝÛ‹žXZØYÙK›ÚØ^X[XKšœÛY™KÚØ[šÞ[ËÙÛÛZKš[9¬-:b 9/oùå*9nàú(ïydàKŒ‹LLNKÓÔ•Ð•PÒÑUÕT”‘S•“LKËSLKLLK8à«8àë8à«zhg‹8à«8àë8à«zhg‹’SPT–KLKT‘PÕÒUS9å.¸àc9cåùaiykïº,hxàj8àfxà¢ùk­¹n«yå,y§ixà«8àë8à«K“ÕÔÕUQÒS—ÐÒUQÔÓÕTÑK“ÕÔÕUQÒS—ÐÒUQÔÓÕTÑK9£!ùk¦¹cåùaiyab8àîù§hy.í¸àjùo¤øàa‹SÑKSÑKSÑKSÑKËSLKLKÎ‹ËÝÝÝËÝÛ‹žXZØYÙK›ÚØ^X[XKšœÛY™KÚØ[šÞ[ËÙÛÛZKš[8à«8àë8à«zhg‹Œ‹LLNK‘Q‘T‘SÑWÓÓ“KÕT”‘S•“LËËSLËLK9cëùáàøàe8àoË9cëùáàøàe8àoË’SPT–KKÕT”ÒQK9k­¹n«xàk¹cëùáàøàe8àoË“ÕÔÕUQÒS—ÐÒUQÔÓÕTÑK“ÕÔÕUQÒS—ÐÒUQÔÓÕTÑK9å.¹£!ùk¦¹¥®y¬åxàiùaî¸àfKSÑKSÑKSÑKSÑKËSLËLKÎ‹ËÝÝÝËÝÛ‹šØYØ[Z[›Ë›ËšœÝ\ØYYØ]XÚY[ÌLMMœ‹9cëùáàøàe8àoËŒ‹LLNKÓÔ•Ð•PÒÑUÕT”‘S•“LËËSLËL‹9.#yáàøàe8àoË9.#yáàøàe8àoË’SPT–K‹ÕT”ÒQK9k­¹n«xàk¹.#yáàøàe8àoË“ÕÔÕUQÒS—ÐÒUQÔÓÕTÑK“ÕÔÕUQÒS—ÐÒUQÔÓÕTÑK9clzfn¹âjxàkùk¢yaj8àjù/çz+møàeùå.¹£!ùk¦¹¥®y¬åxàiùaî¸àfKSÑKSÑKSÑKSÑKËSLËLKÎ‹ËÝÝÝËÝÛ‹šØYØ[Z[›Ë›ËšœÝ\ØYYØ]XÚY[ÌLMMœ‹9.#yáàøàe8àoËŒ‹LLNKÓÔ•Ð•PÒÑUÕT”‘S•“LËËSLËLË8àåøàêxà®xààxààøà«ùk®yfj9c!z(áK8àåøàêxà®xààxààøà«ùk®yfj9c!z(áK’SPT–KËÕT”ÒQK8àåøàêxàç¸àï8à«øàk¹k®yfj9c!z(áK“ÕÔÕUQÒS—ÐÒUQÔÓÕTÑK“ÕÔÕUQÒS—ÐÒUQÔÓÕTÑK9¬f¸à£9ëbxàk¹å.¹£!ùk¦¹§hy.í¸àjùo¤øàa‹SÑKSÑKSÑKSÑKËSLËLKÎ‹ËÝÝÝËÝÛ‹šØYØ[Z[›Ë›ËšœÝ\ØYYØ]XÚY[ÌLMMœ‹8àåøàêxà®xààxààøà«ùk®yfj9c!z(áKŒ‹LLNKÓÔ•Ð•PÒÑUÕT”‘S•“LËËSLËL:,áù®¤8àe8àoË:,áù®¤8àe8àoË’SPT–KÕT”ÒQK9ï-¸àîøàløà¤øàîù§"yk¬ú,áù®¤8àîøàæ¸ààøàâ8àç8àâ8àêË“ÕÔÕUQÒS—ÐÒUQÔÓÕTÑK“ÕÔÕUQÒS—ÐÒUQÔÓÕTÑK“ÕÔÕUQÒS—ÐÒUQÔÓÕTÑKSÑKSÑKSÑKSÑKËSLËLËÎ‹ËÝÝÝËÝÛ‹šØYØ[Z[›Ë›ËšœÝ\ØYYØ]XÚY[ÌMœ‹:,áù®¤8àe8àoËŒ‹LLNKÓÔ•Ð•PÒÑUÕT”‘S•“LËËSLËLK9ï-‹:,áù®¤8àe8àoËËSLËLÕPÐUQÓÔ–KKÕT”ÒQK8à®xààxàï8àêùï-¸àîøà¨¸àêøàçùï-¸àîøà®xàåøàë8àï9ï-‹“ÕÔÕUQÒS—ÐÒUQÔÓÕTÑK“ÕÔÕUQÒS—ÐÒUQÔÓÕTÑK:hìºhçùï-¸àkù­%øàa¸à ¸à®xàåøàë8àï9ï-¸àkù.+z.ªøà¤¹/oøàa9b!øà¢ËSÑKSÑKSÑKSÑKËSLËLËÎ‹ËÝÝÝËÝÛ‹šØYØ[Z[›Ë›ËšœÝ\ØYYØ]XÚY[ÌMœ‹9ï-‹Œ‹LLNK‘Q‘T‘SÑWÓÓ“KÕT”‘S•“LËËSLËL‹8àløà¤Ë:,áù®¤8àe8àoËËSLËLÕPÐUQÓÔ–K‹ÕT”ÒQK:`#ù¦#¸àîú#-º"l¸àîøàgxàk¹.åº"l¸àk¸àløà¤Ë“ÕÔÕUQÒS—ÐÒUQÔÓÕTÑK“ÕÔÕUQÒS—ÐÒUQÔÓÕTÑK8à«xàèøààøàåøà¤¹i%¸àeù¬-9­%øàa8àeú"l¹b)xàjùb!¸àdxà¢ËSÑKSÑKSÑKSÑKËSLËLËÎ‹ËÝÝÝËÝÛ‹šØYØ[Z[›Ë›ËšœÝ\ØYYØ]XÚY[ÌMœ‹8àløà¤ËŒ‹LLNK‘Q‘T‘SÑWÓÓ“KÕT”‘S•“LËËSLËLË8àgxàk¹.å»ï"9.oºfîù¬h8àîú&ãyabyàkøàîù¬-:b 9o#ù/dù®*z*";ï"K:,áù®¤8àe8àoËËSLËLÕPÐUQÓÔ–KËÕT”ÒQK9.oºfîù¬h8àîú&ãyabyàkøàîù¬-:b 9o#ù/dù®*z*"“ÕÔÕUQÒS—ÐÒUQÔÓÕTÑK“ÕÔÕUQÒS—ÐÒUQÔÓÕTÑK9è-9¤#xàîùçëyíhxà¤º`oøàdyå.¹£!ùk¦¹¥®y¬åxàiùaî¸àfKSÑKSÑKSÑKSÑKËSLËLËÎ‹ËÝÝÝËÝÛ‹šØYØ[Z[›Ë›ËšœÝ\ØYYØ]XÚY[ÌMœ‹8àgxàk¹.å»ï"9.oºfîù¬h8àîú&ãyabyàkøàîù¬-:b 9o#ù/dù®*z*";ï"KŒ‹LLNK‘Q‘T‘SÑWÓÓ“KÕT”‘S•“LËËSLËL8àæ¸ààøàâ8àç8àâ8àêË:,áù®¤8àe8àoËËSLËLÕPÐUQÓÔ–KÕT”ÒQKU8àç¸àï8à«øàk¸àç8àâ8àêË“ÕÔÕUQÒS—ÐÒUQÔÓÕTÑK“ÕÔÕUQÒS—ÐÒUQÔÓÕTÑK8à«xàèøààøàåøàîøàêxàæxàêøà¤¹i%¸àeù¬-9­%øàa8àfxà¢ËSÑKSÑKSÑKSÑKËSLËLËÎ‹ËÝÝÝËÝÛ‹šØYØ[Z[›Ë›ËšœÝ\ØYYØ]XÚY[ÌMœ‹8àæ¸ààøàâ8àç8àâ8àêËŒ‹LLNK‘Q‘T‘SÑWÓÓ“KÕT”‘S•“LËËSLËLK9ì¥ùi)øàe8àoË9ì¥ùi)øàe8àoË’SPT–KKÕT”ÒQK9£!ùk¦º(¢øàjùaixà¢xàj¸àa9câ8àkúaãzaãøàk¸à`¸à¢ùk­¹n«xàe8àoË“ÕÔÕUQÒS—ÐÒUQÔÓÕTÑK“ÕÔÕUQÒS—ÐÒUQÔÓÕTÑK9ì¥ùi)øàe8àoøà­øàï8àêùëbxà yå.¹£!ùk¦¹¥®y¬åxàjùo¤øàa‹•QKSÑKSÑKSÑKËSLËLKÎ‹ËÝÝÝËÝÛ‹šØYØ[Z[›Ë›ËšœÝ\ØYYØ]XÚY[ÌLMMœ‹9ì¥ùi)øàe8àoËŒ‹LLNK‘Q‘T‘SÑWÓÓ“KÕT”‘S•“LËSLLK9cëùáàøàe8àoË9cëùáàøàe8àoË’SPT–KKÕT”ÒQK9cì9¢`9å'øàe8àoøàîù§*8àcøàf¸àîøà­8àè8àîøàäøàâøàï8àêøàîùæ«ºgjxàîøàåøàêxà®xààxààøà«ú(ïydàyëbK“ÕÔÕUQÒS—ÐÒUQÔÓÕTÑK“ÕÔÕUQÒS—ÐÒUQÔÓÕTÑK9å.¸àkùê+¹b!¹b)xàk¹dàyæë¹b)y§hy.í¸àjùo¤øàa‹SÑKSÑKSÑKSÑKËSLLKÎ‹ËÝÝÝËÝÛ‹œÚÛË›ËšœÜÛÜÚZÚKÌM‹ÌLš[9cëùáàøàe8àoËŒ‹LLNKÓÔ•Ð•PÒÑUÕT”‘S•“LËSLL‹:,áù®¤8àe8àoÐK:,áù®¤8àe8àoÐK’SPT–K‹ÕT”ÒQK:`#ù¦#¸àløà¤øàîú#-º"l¸àløà¤øàîøàgxàk¹.å¸àløà¤Ë“ÕÔÕUQÒS—ÐÒUQÔÓÕTÑK“ÕÔÕUQÒS—ÐÒUQÔÓÕTÑK9å.¸àkùê+¹b!¹b)xàk¹dàyæë¹b)y§hy.í¸àjùo¤øàa‹SÑKSÑKSÑKSÑKËSLLKÎ‹ËÝÝÝËÝÛ‹œÚÛË›ËšœÜÛÜÚZÚKÌM‹ÌLš[:,áù®¤8àe8àoÐKŒ‹LLNKÓÔ•Ð•PÒÑUÕT”‘S•“LËSLLË:,áù®¤8àe8àoÐ‹:,áù®¤8àe8àoÐ‹’SPT–KËÕT”ÒQK:`#ù¦#”U8àîøà¨¸àêøàçùï-¸àîøà®xààxàï8àêùï-¸àîúaäylgºhg‹“ÕÔÕUQÒS—ÐÒUQÔÓÕTÑK“ÕÔÕUQÒS—ÐÒUQÔÓÕTÑK9å.¸àkùê+¹b!¹b)xàk¹dàyæë¹b)y§hy.í¸àjùo¤øàa‹SÑKSÑKSÑKSÑKËSLLKÎ‹ËÝÝÝËÝÛ‹œÚÛË›ËšœÜÛÜÚZÚKÌM‹ÌLš[:,áù®¤8àe8àoÐ‹Œ‹LLNKÓÔ•Ð•PÒÑUÕT”‘S•“LËSLL:,áù®¤8àe8àoÐË:,áù®¤8àe8àoÐË’SPT–KÕT”ÒQK9í&xàäxààøà«øàîù¥¬: g¹n ùdb¸àîù«­xàç8àï8àêøàîúfäz*£8àîúfäxàc8àoøàîùcé9n ùëbK“ÕÔÕUQÒS—ÐÒUQÔÓÕTÑK“ÕÔÕUQÒS—ÐÒUQÔÓÕTÑK9å.¸àkùê+¹b!¹b)xàk¹dàyæë¹b)y§hy.í¸àjùo¤øàa‹SÑKSÑKSÑKSÑKËSLLKÎ‹ËÝÝÝËÝÛ‹œÚÛË›ËšœÜÛÜÚZÚKÌM‹ÌLš[:,áù®¤8àe8àoÐËŒ‹LLNKÓÔ•Ð•PÒÑUÕT”‘S•“LËSLLK:,áù®¤8àe8àoÑ:,áù®¤8àe8àoÑ’SPT–KKÕT”ÒQK8àåøàêxà®xààxààøà«ú(ïyk®yfj9c!z(áxàîøàåøàêxà®xààxààøà«øàk¸àoøàkº(ïydàK“ÕÔÕUQÒS—ÐÒUQÔÓÕTÑK“ÕÔÕUQÒS—ÐÒUQÔÓÕTÑK9å.¸àkùê+¹b!¹b)xàk¹dàyæë¹b)y§hy.í¸àjùo¤øàa‹SÑKSÑKSÑKSÑKËSLLKÎ‹ËÝÝÝËÝÛ‹œÚÛË›ËšœÜÛÜÚZÚKÌM‹ÌLš[:,áù®¤8àe8àoÑŒ‹LLNKÓÔ•Ð•PÒÑUÕT”‘S•“LËSLL‹:,áù®¤8àe8àoÑK:,áù®¤8àe8àoÑK’SPT–K‹ÕT”ÒQK:&ãyabyàkøàîù¬-:b 9o#ù/dù®*z*"8àîúfîù¬h:hg‹“ÕÔÕUQÒS—ÐÒUQÔÓÕTÑK“ÕÔÕUQÒS—ÐÒUQÔÓÕTÑK9å.¸àkùê+¹b!¹b)xàk¹dàyæë¹b)y§hy.í¸àjùo¤øàa‹SÑKSÑKSÑKSÑKËSLLKÎ‹ËÝÝÝËÝÛ‹œÚÛË›ËšœÜÛÜÚZÚKÌM‹ÌLš[:,áù®¤8àe8àoÑKŒ‹LLNKÓÔ•Ð•PÒÑUÕT”‘S•“LËSLLË9.#yáàøàe8àoË9.#yáàøàe8àoË’SPT–KËÕT”ÒQK9l#ùg¢ùk­ºfîøàîøà«8àêxà®zfm¹èàyfj8àîù­íùd"9í(9§d8àîùb ùâjyëbK“ÕÔÕUQÒS—ÐÒUQÔÓÕTÑK“ÕÔÕUQÒS—ÐÒUQÔÓÕTÑK9å.¸àkùê+¹b!¹b)xàk¹dàyæë¹b)y§hy.í¸àjùo¤øàa‹SÑKSÑKSÑKSÑKËSLLKÎ‹ËÝÝÝËÝÛ‹œÚÛË›ËšœÜÛÜÚZÚKÌM‹ÌLš[9.#yáàøàe8àoËŒ‹LLNKÓÔ•Ð•PÒÑUÕT”‘S•“LKËSLKLK9cëùáàøàe8àoË9cëùáàøàe8àoË’SPT–KKÕT”ÒQK9k­¹n«xàk¹cëùáàøàe8àoË“ÕÔÕUQÒS—ÐÒUQÔÓÕTÑK“ÕÔÕUQÒS—ÐÒUQÔÓÕTÑK9å'øàe8àoøàkù¬-9b!øà¢¸àeùib9ïªyå.¹£!ùk¦º(¢øàiùaî¸àfK9ib9ïªyå.¹£!ùk¦¸àe8àoú(¢ËSÑKSÑKSÑKSÑKËSLKLKÎ‹ËÝÝÝËÝÛ‹›˜YÚK›ÚØ^X[XKšœÙÞ[Ý\ÙZKÚÝ\˜\ÚKÜÚ[ž[ÝWÙÛÛZWÜš\ØZZÝ\KÙÛÛZWÜš\ØZZÝ\KÙÛÛZWÜÚ\ÚKš[9cëùáàøàe8àoËŒ‹LLNKÓÔ•Ð•PÒÑUÕT”‘S•“LKËSLKL‹:,áù®¤8àe8àoøàîùl#ùg¢ù.#yáàøàe8àoøàîù§"yk¬øàj¸àe8àoË:,áù®¤8àe8àoøàîùl#ùg¢ù.#yáàøàe8àoøàîù§"yk¬øàj¸àe8àoË’SPT–K‹ÕT”ÒQK:,áù®¤9âjxàîùl#ùg¢ù.#yáàùâjxàîù§"yk¬ùâjK“ÕÔÕUQÒS—ÐÒUQÔÓÕTÑK“ÕÔÕUQÒS—ÐÒUQÔÓÕTÑK8à«8à©8àâxàå¸ààøà«øàk¹dàyæë¹b)yb!¹b)xàîùk¢yaj9§hy.í¸àjùo¤øàa‹SÑKSÑKSÑKSÑKËSLKLKÎ‹ËÝÝÝËÝÛ‹›˜YÚK›ÚØ^X[XKšœÙÞ[Ý\ÙZKÚÝ\˜\ÚKÜÚ[ž[ÝWÙÛÛZWÜš\ØZZÝ\KÙÛÛZWÜš\ØZZÝ\KÙÛÛZWÜÚ\ÚKš[:,áù®¤8àe8àoøàîùl#ùg¢ù.#yáàøàe8àoøàîù§"yk¬øàj¸àe8àoËŒ‹LLNKÓÔ•Ð•PÒÑUÕT”‘S•“LLËSLLLK9cëùáàøàe8àoË9cëùáàøàe8àoË’SPT–KKÕT”ÒQK9k­¹n«xàk¹cëùáàøàe8àoË“ÕÔÕUQÒS—ÐÒUQÔÓÕTÑK“ÕÔÕUQÒS—ÐÒUQÔÓÕTÑK9.é9d£9nm9n©¹§dyâb8àªøàë8àìøàà8àï8àb¸à¢8àlùiå:*%ùab8àk¹dàyæë¹b)y§hy.í¸àjùo¤øàa‹SÑKSÑKSÑKSÑKËSLLL‹Î‹ËÝÝÝËš[›š\ÚX]ØZÝ\˜K›ÚØ^X[XKšœÝÜÝÜXÛÛ[Ý\ØYËÌŒŒËÌËÌØM™LMXŒŽYNYŒNLÌŒÙŒÙÎYŒœ‹9cëùáàøàe8àoËŒ‹LLNKÓÔ•Ð•PÒÑUÕT”‘S•“LLËSLLL‹:,áù®¤8àe8àoË:,áù®¤8àe8àoË’SPT–K‹ÕT”ÒQK8àåøàêz(ïyk®yfj9c!z(áxàîùæn¹¬èxà®xààxàëxàï8àêøàîùí&z(ïyk®yfj9c!z(áxàîÔU9ëbK“ÕÔÕUQÒS—ÐÒUQÔÓÕTÑK“ÕÔÕUQÒS—ÐÒUQÔÓÕTÑK9.é9d£9nm9n©¹§dyâb8àªøàë8àìøàà8àï8àb¸à¢8àlùiå:*%ùab8àk¹dàyæë¹b)y§hy.í¸àjùo¤øàa‹SÑKSÑKSÑKSÑKËSLLL‹Î‹ËÝÝÝËš[›š\ÚX]ØZÝ\˜K›ÚØ^X[XKšœÝÜÝÜXÛÛ[Ý\ØYËÌŒŒËÌËÌØM™LMXŒŽYNYŒNLÌŒÙŒÙÎYŒœ‹:,áù®¤8àe8àoËŒ‹LLNKÓÔ•Ð•PÒÑUÕT”‘S•“LLËSLLLË8àbøà¤úhg¸àîù.oºfîù¬h:hg¸àîøàêxà©8à¯øàï8àîøà®xàåøàë8àï9ï-‹8àbøà¤úhg¸àîù.oºfîù¬h:hg¸àîøàêxà©8à¯øàï8àîøà®xàåøàë8àï9ï-‹’SPT–KËÕT”ÒQK9ï-¸àîù.oºfîù¬h8àîøàêxà©8à¯øàï8àîøà®xàåøàë8àï9ï-‹“ÕÔÕUQÒS—ÐÒUQÔÓÕTÑK“ÕÔÕUQÒS—ÐÒUQÔÓÕTÑK9.é9d£9nm9n©¹§dyâb8àªøàë8àìøàà8àï8àb¸à¢8àlùiå:*%ùab8àk¹dàyæë¹b)y§hy.í¸àjùo¤øàa‹SÑKSÑKSÑKSÑKËSLLL‹Î‹ËÝÝÝËš[›š\ÚX]ØZÝ\˜K›ÚØ^X[XKšœÝÜÝÜXÛÛ[Ý\ØYËÌŒŒËÌËÌØM™LMXŒŽYNYŒNLÌŒÙŒÙÎYŒœ‹8àbøà¤úhg¸àîù.oºfîù¬h:hg¸àîøàêxà©8à¯øàï8àîøà®xàåøàë8àï9ï-‹Œ‹LLNKÓÔ•Ð•PÒÑUÕT”‘S•“LLËSLLL;ï$ú"l¸àløà¤øàîùå'øàløà¤øàîú&ãyabyàkúhg¸àîøà«8àêxà®zhg¸àîúfm¹fj:hg¸àîùnàùi*xàmøà¢y¬®xàîùb ùâjxàîùê zbëyâjyëbxàîùl#ùg¢úaäylgºhg‹;ï$ú"l¸àløà¤øàîùå'øàløà¤øàîú&ãyabyàkúhg¸àîøà«8àêxà®zhg¸àîúfm¹fj:hg¸àîùnàùi*xàmøà¢y¬®xàîùb ùâjxàîùê zbëyâjyëbxàîùl#ùg¢úaäylgºhg‹’SPT–KÕT”ÒQK8àløà¤øàîú&ãyabyàkøàîøà«8àêxà®zfm¹fj8àîùnàù¬®xàîùb ùâjxàîùl#ùg¢úaäylg¹ëbK“ÕÔÕUQÒS—ÐÒUQÔÓÕTÑK“ÕÔÕUQÒS—ÐÒUQÔÓÕTÑK9.é9d£9nm9n©¹§dyâb8àªøàë8àìøàà8àï8àb¸à¢8àlùiå:*%ùab8àk¹dàyæë¹b)y§hy.í¸àjùo¤øàa‹SÑKSÑKSÑKSÑKËSLLL‹Î‹ËÝÝÝËš[›š\ÚX]ØZÝ\˜K›ÚØ^X[XKšœÝÜÝÜXÛÛ[Ý\ØYËÌŒŒËÌËÌØM™LMXŒŽYNYŒNLÌŒÙŒÙÎYŒœ‹;ï$ú"l¸àløà¤øàîùå'øàløà¤øàîú&ãyabyàkúhg¸àîøà«8àêxà®zhg¸àîúfm¹fj:hg¸àîùnàùi*xàmøà¢y¬®xàîùb ùâjxàîùê zbëyâjyëbxàîùl#ùg¢úaäylgºhg‹Œ‹LLNKÓÔ•Ð•PÒÑUÕT”‘S•“LLËSLLLK9cé9í&zhg‹9cé9í&zhg‹’SPT–KKÕT”ÒQK9«­xàç8àï8àêøàîù¥¬: g¹í&xàîúfäz*£9ëbK“ÕÔÕUQÒS—ÐÒUQÔÓÕTÑK“ÕÔÕUQÒS—ÐÒUQÔÓÕTÑK9.é9d£9nm9n©¹§dyâb8àªøàë8àìøàà8àï8àb¸à¢8àlùiå:*%ùab8àk¹dàyæë¹b)y§hy.í¸àjùo¤øàa‹SÑKSÑKSÑKSÑKËSLLL‹Î‹ËÝÝÝËš[›š\ÚX]ØZÝ\˜K›ÚØ^X[XKšœÝÜÝÜXÛÛ[Ý\ØYËÌŒŒËÌËÌØM™LMXŒŽYNYŒNLÌŒÙŒÙÎYŒœ‹9cé9í&zhg‹Œ‹LLNKÓÔ•Ð•PÒÑUÕT”‘S•“LLKËSLLKLK:,áù®¤8àe8àoË:,áù®¤8àe8àoË’SPT–KKÕT”ÒQK9í&zhg¸àîùk®yfj:hg‹“ÕÔÕUQÒS—ÐÒUQÔÓÕTÑK“ÕÔÕUQÒS—ÐÒUQÔÓÕTÑK“ÕÔÕUQÒS—ÐÒUQÔÓÕTÑKSÑKSÑKSÑKSÑKËSLLKLKÎ‹ËÝÝÝËÝÛ‹šÝ[Y[˜[‹›ËšœÛ]š[™ËÙ\ÝÜ™XÞXÛKÙ\ÝÜ™XÞXÛKØ[˜™]ÝKš[:,áù®¤8àe8àoËŒ‹LLNKÓÔ•Ð•PÒÑUÕT”‘S•“LLKËSLLKL‹9¥¬: g¹í&K:,áù®¤8àe8àoËËSLLKLKÕPÐUQÓÔ–K‹ÕT”ÒQK9¥¬: g¹í&xàîù¢¦:/¯9n ùdb‹“ÕÔÕUQÒS—ÐÒUQÔÓÕTÑK“ÕÔÕUQÒS—ÐÒUQÔÓÕTÑK9í&zhg9ê+ºhg¸àk¹. 8ài8àj8àeøàiŒLÙù.éy."øàiøào¸àj8à xà¢ËSÑKSÑKSÑKSÑKËSLLKLKÎ‹ËÝÝÝËÝÛ‹šÝ[Y[˜[‹›ËšœÛ]š[™ËÙ\ÝÜ™XÞXÛKÙ\ÝÜ™XÞXÛKØ[˜™]ÝKš[9¥¬: g¹í&KŒ‹LLNK‘Q‘T‘SÑWÓÓ“KÕT”‘S•“LLKËSLLKLË9«­xàç8àï8àêË:,áù®¤8àe8àoËËSLLKLKÕPÐUQÓÔ–KËÕT”ÒQK9«­xàç8àï8àêË“ÕÔÕUQÒS—ÐÒUQÔÓÕTÑK“ÕÔÕUQÒS—ÐÒUQÔÓÕTÑK9í&zhg9ê+ºhg¸àk¹. 8ài8àj8àeøàiŒLÙù.éy."øàiøào¸àj8à xà¢ËSÑKSÑKSÑKSÑKËSLLKLKÎ‹ËÝÝÝËÝÛ‹šÝ[Y[˜[‹›ËšœÛ]š[™ËÙ\ÝÜ™XÞXÛKÙ\ÝÜ™XÞXÛKØ[˜™]ÝKš[9«­xàç8àï8àêËŒ‹LLNK‘Q‘T‘SÑWÓÓ“KÕT”‘S•“LLKËSLLKL9í&xàäxààøà«Ë:,áù®¤8àe8àoËËSLLKLKÕPÐUQÓÔ–KÕT”ÒQK9kïº,hyí&xàäxààøà«Ë“ÕÔÕUQÒS—ÐÒUQÔÓÕTÑK“ÕÔÕUQÒS—ÐÒUQÔÓÕTÑK9í&zhg9ê+ºhg¸àk¹. 8ài8àj8àeøàiŒLÙù.éy."øàiøào¸àj8à xà¢ËSÑKSÑKSÑKSÑKËSLLKLKÎ‹ËÝÝÝËÝÛ‹šÝ[Y[˜[‹›ËšœÛ]š[™ËÙ\ÝÜ™XÞXÛKÙ\ÝÜ™XÞXÛKØ[˜™]ÝKš[9í&xàäxààøà«ËŒ‹LLNK‘Q‘T‘SÑWÓÓ“KÕT”‘S•“LLKËSLLKLK9¦î9ìcxàîúfäz*£9câ¸àlú,áù®¤8àj8àj¸à¢ùí&zhg‹:,áù®¤8àe8àoËËSLLKLKÕPÐUQÓÔ–KKÕT”ÒQK9¦î9ìcxàîúfäz*£8àîú,áù®¤8àj8àj¸à¢ùí&K“ÕÔÕUQÒS—ÐÒUQÔÓÕTÑK“ÕÔÕUQÒS—ÐÒUQÔÓÕTÑK9í&zhg9ê+ºhg¸àk¹. 8ài8àj8àeøàiŒLÙù.éy."øàiøào¸àj8à xà¢ËSÑKSÑKSÑKSÑKËSLLKLKÎ‹ËÝÝÝËÝÛ‹šÝ[Y[˜[‹›ËšœÛ]š[™ËÙ\ÝÜ™XÞXÛKÙ\ÝÜ™XÞXÛKØ[˜™]ÝKš[9¦î9ìcxàîúfäz*£9câ¸àlú,áù®¤8àj8àj¸à¢ùí&zhg‹Œ‹LLNK‘Q‘T‘SÑWÓÓ“KÕT”‘S•“LLKËSLLKL‹8àæ¸ààøàâ8àç8àâ8àêË:,áù®¤8àe8àoËËSLLKLKÕPÐUQÓÔ–K‹ÕT”ÒQK:hì¹¥¦xàîú*¯ùdlù¥¦yëbxàk¹kïº,hTU“ÕÔÕUQÒS—ÐÒUQÔÓÕTÑK“ÕÔÕUQÒS—ÐÒUQÔÓÕTÑK9.+z.ªøàîù¬f¸à£8à¤ºfi8àcy¬-9­%øàa8àfxà¢ËSÑKSÑKSÑKSÑKËSLLKLKÎ‹ËÝÝÝËÝÛ‹šÝ[Y[˜[‹›ËšœÛ]š[™ËÙ\ÝÜ™XÞXÛKÙ\ÝÜ™XÞXÛKØ[˜™]ÝKš[8àæ¸ààøàâ8àç8àâ8àêËŒ‹LLNK‘Q‘T‘SÑWÓÓ“KÕT”‘S•“LLKËSLLKLË8à¨¸àêøàçùï-¹câ¸àløà®xààxàï8àêùï-‹:,áù®¤8àe8àoËËSLLKLKÕPÐUQÓÔ–KËÕT”ÒQK:hìºhçùå*8à¨¸àêøàçùï-¸àîøà®xààxàï8àêùï-‹“ÕÔÕUQÒS—ÐÒUQÔÓÕTÑK“ÕÔÕUQÒS—ÐÒUQÔÓÕTÑK9.+z.ªøàîù¬f¸à£8à¤ºfi8àcy¬-9­%øàa8àfxà¢ËSÑKSÑKSÑKSÑKËSLLKLKÎ‹ËÝÝÝËÝÛ‹šÝ[Y[˜[‹›ËšœÛ]š[™ËÙ\ÝÜ™XÞXÛKÙ\ÝÜ™XÞXÛKØ[˜™]ÝKš[8à¨¸àêøàçùï-¹câ¸àløà®xààxàï8àêùï-‹Œ‹LLNK‘Q‘T‘SÑWÓÓ“KÕT”‘S•“LLKËSLLKL:#-º"l¸àløà¤Ë:,áù®¤8àe8àoËËSLLKLKÕPÐUQÓÔ–KÕT”ÒQK:hìºhçùå*:#-º"l¸àløà¤Ë“ÕÔÕUQÒS—ÐÒUQÔÓÕTÑK“ÕÔÕUQÒS—ÐÒUQÔÓÕTÑK9.+z.ªøà¤¹ên¸àjøàeù­%øàa‹SÑKSÑKSÑKSÑKËSLLKLKÎ‹ËÝÝÝËÝÛ‹šÝ[Y[˜[‹›ËšœÛ]š[™ËÙ\ÝÜ™XÞXÛKÙ\ÝÜ™XÞXÛKØ[˜™]ÝKš[:#-º"l¸àløà¤ËŒ‹LLNK‘Q‘T‘SÑWÓÓ“KÕT”‘S•“LLKËSLLKLK9á(z"lº`#ù¦#¸àløà¤Ë:,áù®¤8àe8àoËËSLLKLKÕPÐUQÓÔ–KKÕT”ÒQK:hìºhçùå*9á(z"lº`#ù¦#¸àløà¤Ë“ÕÔÕUQÒS—ÐÒUQÔÓÕTÑK“ÕÔÕUQÒS—ÐÒUQÔÓÕTÑK9.+z.ªøà¤¹ên¸àjøàeù­%øàa‹SÑKSÑKSÑKSÑKËSLLKLKÎ‹ËÝÝÝËÝÛ‹šÝ[Y[˜[‹›ËšœÛ]š[™ËÙ\ÝÜ™XÞXÛKÙ\ÝÜ™XÞXÛKØ[˜™]ÝKš[9á(z"lº`#ù¦#¸àløà¤ËŒ‹LLNK‘Q‘T‘SÑWÓÓ“KÕT”‘S•“LLKËSLLKLL8àgxàk¹.å¸àkº"l¸àløà¤Ë:,áù®¤8àe8àoËËSLLKLKÕPÐUQÓÔ–KLÕT”ÒQK:hìºhçùå*8àgxàk¹.åº"l¸àløà¤Ë“ÕÔÕUQÒS—ÐÒUQÔÓÕTÑK“ÕÔÕUQÒS—ÐÒUQÔÓÕTÑK9.+z.ªøà¤¹ên¸àjøàeù­%øàa‹SÑKSÑKSÑKSÑKËSLLKLKÎ‹ËÝÝÝËÝÛ‹šÝ[Y[˜[‹›ËšœÛ]š[™ËÙ\ÝÜ™XÞXÛKÙ\ÝÜ™XÞXÛKØ[˜™]ÝKš[8àgxàk¹.å¸àkº"l¸àløà¤ËŒ‹LLNK‘Q‘T‘SÑWÓÓ“KÕT”‘S•“LLKËSLLKLLK:`jy«hùaé¹ä!¸àe8àoË:`jy«hùaé¹ä!¸àe8àoË’SPT–KLKÕT”ÒQK9aazfîùo#úfîù¬h8àîøàç8à¯øàìúfîù¬h8àîù.oºfîù¬h8àîú&ãyabyë¨xàîúfîùä øàîù/dù®*z*"8àîøà®xàåøàë8àï9ï-¹ëbK“ÕÔÕUQÒS—ÐÒUQÔÓÕTÑK“ÕÔÕUQÒS—ÐÒUQÔÓÕTÑK8à®xàåøàë8àï9ï-¸àkùoáxàf¹/oøàa9b!øà¢¸à yêm8à¤ºe¢øàdxàj¸àaSÑKSÑKSÑKSÑKËSLLKLKÎ‹ËÝÝÝËÝÛ‹šÝ[Y[˜[‹›ËšœÛ]š[™ËÙ\ÝÜ™XÞXÛKÙ\ÝÜ™XÞXÛKØ[˜™]ÝKš[:`jy«hùaé¹ä!¸àe8àoËŒ‹LLNKÓÔ•Ð•PÒÑUÕT”‘S•“LLKËSLLKLL‹9áàøà¡8àfxàe8àoË9áàøà¡8àfxàe8àoË’SPT–KL‹ÕT”ÒQK9å'øàe8àoøàîùí&xàcøàf¸àîøà­8àè:gjxàîù¬f¸à£8àgøàåøàêxà®xààxààøà«ùëbK“ÕÔÕUQÒS—ÐÒUQÔÓÕTÑK“ÕÔÕUQÒS—ÐÒUQÔÓÕTÑK9å'øàe8àoøàkù¬-9b!øà¢¸à ¹£!ùk¦º(¢ÌLÙù.éy."ËSÑKSÑKSÑKSÑKËSLLKLKÎ‹ËÝÝÝËÝÛ‹šÝ[Y[˜[‹›ËšœÛ]š[™ËÙ\ÝÜ™XÞXÛKÙ\ÝÜ™XÞXÛKØ[˜™]ÝKš[9áàøà¡8àfxàe8àoËŒ‹LLNKÓÔ•Ð•PÒÑUÕT”‘S•“LLKËSLLKLLË8àåøàêxà®xààxààøà«úhg¸àe8àoË8àåøàêxà®xààxààøà«úhg¸àe8àoË’SPT–KLËÕT”ÒQK9k®yfj9c!z(áxàîùkïº,hxàåøàêxà®xààxààøà«ú(ïydàK“ÕÔÕUQÒS—ÐÒUQÔÓÕTÑK“ÕÔÕUQÒS—ÐÒUQÔÓÕTÑK9¬f¸à£8à¤º$/xàj8àeù¬-9b!øà¢¸àeøà xàåøàêxà®xààxààøà«ù.éyi%¸àkº`ê9§d8à¤¹i%¸àfKSÑKSÑKSÑKSÑKËSLLKLKÎ‹ËÝÝÝËÝÛ‹šÝ[Y[˜[‹›ËšœÛ]š[™ËÙ\ÝÜ™XÞXÛKÙ\ÝÜ™XÞXÛKØ[˜™]ÝKš[8àåøàêxà®xààxààøà«úhg¸àe8àoËŒ‹LLNKÓÔ•Ð•PÒÑUÕT”‘S•“LLKËSLLKLM9áàøàb8àj¸àa8àe8àoË9áàøàb8àj¸àa8àe8àoË’SPT–KMÕT”ÒQK:fm¹èàyfj8àîøà«8àêxà®xàîúaäylg¸àîùl#ùg¢ùk­ºfîùëbK“ÕÔÕUQÒS—ÐÒUQÔÓÕTÑK“ÕÔÕUQÒS—ÐÒUQÔÓÕTÑK9bl¸à£9âjxàîùb ùâjxàkùí&xàjùc!xà 8àj¸àjyk¢yaj8àjùaî¸àfKSÑKSÑKSÑKSÑKËSLLKLKÎ‹ËÝÝÝËÝÛ‹šÝ[Y[˜[‹›ËšœÛ]š[™ËÙ\ÝÜ™XÞXÛKÙ\ÝÜ™XÞXÛKØ[˜™]ÝKš[9áàøàb8àj¸àa8àe8àoËŒ‹LLNKÓÔ•Ð•PÒÑUÕT”‘S•“LLKËSLLKLMK9ì¥ùi)øàe8àoË9ì¥ùi)øàe8àoË’SPT–KMKÕT”ÒQK9k­¹amøàîú!êº.èº.â¸àîù.+yi)ùg¢úfîù¬%ú(ïydàyëbK“ÕÔÕUQÒS—ÐÒUQÔÓÕTÑK“ÕÔÕUQÒS—ÐÒUQÔÓÕTÑKydàxàjøài8àcyì¥ùi)øàe8àoù§+Ly§¦¸à ¸à®xàâ8àï8àå¹ëbxàkùáàù¥¦xà¤¹¢§8àcË•QKSÑKSÑKSÑKËSLLKLKÎ‹ËÝÝÝËÝÛ‹šÝ[Y[˜[‹›ËšœÛ]š[™ËÙ\ÝÜ™XÞXÛKÙ\ÝÜ™XÞXÛKØ[˜™]ÝKš[9ì¥ùi)øàe8àoËŒ‹LLNK‘Q‘T‘SÑWÓÓ“KÕT”‘S•“LL‹ËSLL‹LK9cëùáàøàe8àoË9cëùáàøàe8àoË’SPT–KKÕT”ÒQK9k­¹n«xàk¹cëùáàøàe8àoË“ÕÔÕUQÒS—ÐÒUQÔÓÕTÑK“ÕÔÕUQÒS—ÐÒUQÔÓÕTÑK“ÕÔÕUQÒS—ÐÒUQÔÓÕTÑK9å.¹£!ùk¦¹cëùáàøàe8àoú(¢ËSÑKSÑKSÑKSÑKËSLL‹LKÎ‹ËÝÝÝËÝÛ‹›ÚØ^X[XK[Z\ØZÚK›ËšœÚÝ\˜\ÚKÙÛÛZKZØ[šÞ[ËÌKÌKÌNLM‹š[9cëùáàøàe8àoËŒ‹LLNKÓÔ•Ð•PÒÑUÕT”‘S•“LL‹ËSLL‹L‹9.#yáàøàe8àoË9.#yáàøàe8àoË’SPT–K‹ÕT”ÒQK9k­¹n«xàk¹.#yáàøàe8àoË“ÕÔÕUQÒS—ÐÒUQÔÓÕTÑK“ÕÔÕUQÒS—ÐÒUQÔÓÕTÑK“ÕÔÕUQÒS—ÐÒUQÔÓÕTÑK9å.¹£!ùk¦¹.#yáàøàe8àoú(¢ËSÑKSÑKSÑKSÑKËSLL‹LKÎ‹ËÝÝÝËÝÛ‹›ÚØ^X[XK[Z\ØZÚK›ËšœÚÝ\˜\ÚKÙÛÛZKZØ[šÞ[ËÌKÌKÌNLM‹š[9.#yáàøàe8àoËŒ‹LLNKÓÔ•Ð•PÒÑUÕT”‘S•“LL‹ËSLL‹LË8àåøàêxà®xààxààøà«ú(ïyk®yfj9c!z(áxàe8àoË8àåøàêxà®xààxààøà«ú(ïyk®yfj9c!z(áxàe8àoË’SPT–KËÕT”ÒQK9kïº,hxàåøàêxà®xààxààøà«ú(ïyk®yfj9c!z(áK“ÕÔÕUQÒS—ÐÒUQÔÓÕTÑK“ÕÔÕUQÒS—ÐÒUQÔÓÕTÑK“ÕÔÕUQÒS—ÐÒUQÔÓÕTÑK9å.¹£!ùk¦¸àåøàêxà®xààxààøà«ú(ïyk®yfj9c!z(áxàe8àoú(¢ËSÑKSÑKSÑKSÑK9.é9d£9nm9n©¹¥éyê"ú(j8àiøàkøà#¸àåøàêyk®yfj9c!z(áxà#øàj9çëyî+º(j9é.‹ËSLL‹LKÎ‹ËÝÝÝËÝÛ‹›ÚØ^X[XK[Z\ØZÚK›ËšœÚÝ\˜\ÚKÙÛÛZKZØ[šÞ[ËÌKÌKÌNLM‹š[8àåøàêxà®xààxààøà«ú(ïyk®yfj9c!z(áxàe8àoËŒ‹LLNKÓÔ•Ð•PÒÑUÕT”‘S•“LL‹ËSLL‹L:,áù®¤8àe8àoË:,áù®¤8àe8àoË’SPT–KÕT”ÒQK9ï-¸àîøàløà¤øàîÔU8àîùcé9í&xàîù.oºfîù¬h9ëbK“ÕÔÕUQÒS—ÐÒUQÔÓÕTÑK“ÕÔÕUQÒS—ÐÒUQÔÓÕTÑK:,áù®¤9dàyæë¸àe8àj8àk¹å.¹£!ùk¦¹¥®y¬åxàiùaî¸àfKSÑKSÑKSÑKSÑKËSLL‹L‹Î‹ËÝÝÝËÝÛ‹›ÚØ^X[XK[Z\ØZÚK›ËšœÛX]\šX[Ùš[\ËÙÜ›Ý\ÎÔŽÛÛZXØ[[™\—ØÚ[Ëœ‹:,áù®¤8àe8àoËŒ‹LLNKÓÔ•Ð•PÒÑUÕT”‘S•“LL‹ËSLL‹LK9ì¥ùi)øàe8àoË9ì¥ùi)øàe8àoË’SPT–KKÕT”ÒQK9å.¹£!ùk¦¸àk¹i)ùg¢ùk­¹n«xàe8àoË“ÕÔÕUQÒS—ÐÒUQÔÓÕTÑK“ÕÔÕUQÒS—ÐÒUQÔÓÕTÑK9ì¥ùi)øàe8àoøà­øàï8àêøà¤¹å*8àa8à¢Ë•QKSÑKSÑKSÑKËSLL‹LKÎ‹ËÝÝÝËÝÛ‹›ÚØ^X[XK[Z\ØZÚK›ËšœÚÝ\˜\ÚKÙÛÛZKZØ[šÞ[ËÌKÌKÌNLM‹š[9ì¥ùi)øàe8àoËŒ‹LLNK‘Q‘T‘SÑWÓÓ“KÕT”‘S•“LLËËSLLËLK9cëùáàøàe8àoË9cëùáàøàe8àoË’SPT–KKÕT”ÒQK9k­¹n«xàk¹cëùáàøàe8àoË“ÕÔÕUQÒS—ÐÒUQÔÓÕTÑK“ÕÔÕUQÒS—ÐÒUQÔÓÕTÑK“ÕÔÕUQÒS—ÐÒUQÔÓÕTÑK9å.¹£!ùk¦¹cëùáàøàe8àoú(¢ËSÑKSÑKSÑKSÑKËSLLËL‹Î‹ËÝÝÝËÝÛ‹šÚXšXÚ[Ë›ËšœÝ\ØYYØ]XÚY[ÌLŽMœ‹9cëùáàøàe8àoËŒ‹LLNKÓÔ•Ð•PÒÑUÕT”‘S•“LLËËSLLËL‹9.#yáàøàe8àoË9.#yáàøàe8àoË’SPT–K‹ÕT”ÒQK9k­¹n«xàk¹.#yáàøàe8àoË“ÕÔÕUQÒS—ÐÒUQÔÓÕTÑK“ÕÔÕUQÒS—ÐÒUQÔÓÕTÑK“ÕÔÕUQÒS—ÐÒUQÔÓÕTÑK9å.¹£!ùk¦¹.#yáàøàe8àoú(¢ËSÑKSÑKSÑKSÑKËSLLËL‹Î‹ËÝÝÝËÝÛ‹šÚXšXÚ[Ë›ËšœÝ\ØYYØ]XÚY[ÌLŽMœ‹9.#yáàøàe8àoËŒ‹LLNKÓÔ•Ð•PÒÑUÕT”‘S•“LLËËSLLËLË:,áù®¤8àe8àoË:,áù®¤8àe8àoË’SPT–KËÕT”ÒQK9ï-¸àîøàløà¤øàîÔU8àîùí&xàîøàåøàêxà®xààxààøà«øàîùcé9í&K“ÕÔÕUQÒS—ÐÒUQÔÓÕTÑK“ÕÔÕUQÒS—ÐÒUQÔÓÕTÑK“ÕÔÕUQÒS—ÐÒUQÔÓÕTÑKSÑKSÑKSÑKSÑKËSLLËLKÎ‹ËÝÝÝËÝÛ‹šÚXšXÚ[Ë›ËšœÜÛÜÚZÚKÍËÍKš[:,áù®¤8àe8àoËŒ‹LLNKÓÔ•Ð•PÒÑUÕT”‘S•“LLËËSLLËL9ï-ºhg‹:,áù®¤8àe8àoËËSLLËLËÕPÐUQÓÔ–KÕT”ÒQK9ï-ºhg‹“ÕÔÕUQÒS—ÐÒUQÔÓÕTÑK“ÕÔÕUQÒS—ÐÒUQÔÓÕTÑK9i)ùg¢ùcãºfá¸àä8ààøà¬8àn9aî¸àfKSÑKSÑKSÑKSÑKËSLLËL‹Î‹ËÝÝÝËÝÛ‹šÚXšXÚ[Ë›ËšœÝ\ØYYØ]XÚY[ÌLŽMœ‹9ï-ºhg‹Œ‹LLNK‘Q‘T‘SÑWÓÓ“KÕT”‘S•“LLËËSLLËLK8àløà¤úhg‹:,áù®¤8àe8àoËËSLLËLËÕPÐUQÓÔ–KKÕT”ÒQK8àløà¤úhg‹“ÕÔÕUQÒS—ÐÒUQÔÓÕTÑK“ÕÔÕUQÒS—ÐÒUQÔÓÕTÑK9cãºfá¸à¬øàìøàá¸àâ¸àn9aî¸àfKSÑKSÑKSÑKSÑKËSLLËL‹Î‹ËÝÝÝËÝÛ‹šÚXšXÚ[Ë›ËšœÝ\ØYYØ]XÚY[ÌLŽMœ‹8àløà¤úhg‹Œ‹LLNK‘Q‘T‘SÑWÓÓ“KÕT”‘S•“LLËËSLLËL‹8àæ¸ààøàâ8àç8àâ8àêË:,áù®¤8àe8àoËËSLLËLËÕPÐUQÓÔ–K‹ÕT”ÒQKU8àç8àâ8àêË“ÕÔÕUQÒS—ÐÒUQÔÓÕTÑK“ÕÔÕUQÒS—ÐÒUQÔÓÕTÑK9i)ùg¢ùcãºfá¸àä8ààøà¬8àn9aî¸àfKSÑKSÑKSÑKSÑKËSLLËL‹Î‹ËÝÝÝËÝÛ‹šÚXšXÚ[Ë›ËšœÝ\ØYYØ]XÚY[ÌLŽMœ‹8àæ¸ààøàâ8àç8àâ8àêËŒ‹LLNK‘Q‘T‘SÑWÓÓ“KÕT”‘S•“LLËËSLLËLË9í&xàäxààøà«øàîù«­xàç8àï8àêË:,áù®¤8àe8àoËËSLLËLËÕPÐUQÓÔ–KËÕT”ÒQK9í&xàäxààøà«øàîù«­xàç8àï8àêË“ÕÔÕUQÒS—ÐÒUQÔÓÕTÑK“ÕÔÕUQÒS—ÐÒUQÔÓÕTÑK9å.¹£!ùk¦¹¥®y¬åxàiøào¸àj8à xà¢ËSÑKSÑKSÑKSÑKËSLLËL‹Î‹ËÝÝÝËÝÛ‹šÚXšXÚ[Ë›ËšœÝ\ØYYØ]XÚY[ÌLŽMœ‹9í&xàäxààøà«øàîù«­xàç8àï8àêËŒ‹LLNK‘Q‘T‘SÑWÓÓ“KÕT”‘S•“LLËËSLLËL8àgxàk¹.å¸àåøàêxà®xààxààøà«Ë:,áù®¤8àe8àoËËSLLËLËÕPÐUQÓÔ–KÕT”ÒQK8àgxàk¹.å¸àåøàêxà®xààxààøà«Ë“ÕÔÕUQÒS—ÐÒUQÔÓÕTÑK“ÕÔÕUQÒS—ÐÒUQÔÓÕTÑK9i)ùg¢ùcãºfá¸àä8ààøà¬8àn9aî¸àfKSÑKSÑKSÑKSÑKËSLLËL‹Î‹ËÝÝÝËÝÛ‹šÚXšXÚ[Ë›ËšœÝ\ØYYØ]XÚY[ÌLŽMœ‹8àgxàk¹.å¸àåøàêxà®xààxààøà«ËŒ‹LLNK‘Q‘T‘SÑWÓÓ“KÕT”‘S•“LLËËSLLËLK9cé9¥¬: g¸àîùcé:fäz*£:,áù®¤8àe8àoËËSLLËLËÕPÐUQÓÔ–KKÕT”ÒQK9cé9¥¬: g¸àîùcé:fäz*£“ÕÔÕUQÒS—ÐÒUQÔÓÕTÑK“ÕÔÕUQÒS—ÐÒUQÔÓÕTÑK9å.¹£!ùk¦¹¥®y¬åxàiøào¸àj8à xà¢ËSÑKSÑKSÑKSÑKËSLLËL‹Î‹ËÝÝÝËÝÛ‹šÚXšXÚ[Ë›ËšœÝ\ØYYØ]XÚY[ÌLŽMœ‹9cé9¥¬: g¸àîùcé:fäz*£Œ‹LLNK‘Q‘T‘SÑWÓÓ“KÕT”‘S•“LLËËSLLËLL9cëùáàùì¥ùi)Ë9cëùáàùì¥ùi)Ë’SPT–KLÕT”ÒQK9cëùáàù )ùì¥ùi)øàe8àoË“ÕÔÕUQÒS—ÐÒUQÔÓÕTÑK“ÕÔÕUQÒS—ÐÒUQÔÓÕTÑK9å.¸àk¹ì¥ùi)ùcãºfá¹§hy.í¸àjùo¤øàa‹•QKSÑKSÑKSÑKËSLLËL‹Î‹ËÝÝÝËÝÛ‹šÚXšXÚ[Ë›ËšœÝ\ØYYØ]XÚY[ÌLŽMœ‹9cëùáàùì¥ùi)ËŒ‹LLNK‘Q‘T‘SÑWÓÓ“KÕT”‘S•“LLËËSLLËLLK9.#yáàùì¥ùi)Ë9.#yáàùì¥ùi)Ë’SPT–KLKÕT”ÒQK9.#yáàù )ùì¥ùi)øàe8àoË“ÕÔÕUQÒS—ÐÒUQÔÓÕTÑK“ÕÔÕUQÒS—ÐÒUQÔÓÕTÑK9å.¸àk¹ì¥ùi)ùcãºfá¹§hy.í¸àjùo¤øàa‹•QKSÑKSÑKSÑKËSLLËL‹Î‹ËÝÝÝËÝÛ‹šÚXšXÚ[Ë›ËšœÝ\ØYYØ]XÚY[ÌLŽMœ‹9.#yáàùì¥ùi)ËŒ‹LLNK‘Q‘T‘SÑWÓÓ“KÕT”‘S•“LLËËSLLËLL‹:&ãyabyë¨K:&ãyabyë¨K’SPT–KL‹ÕT”ÒQK:&ãyabyë¨K“ÕÔÕUQÒS—ÐÒUQÔÓÕTÑK“ÕÔÕUQÒS—ÐÒUQÔÓÕTÑK9nmùfç¸àk¹£!ùk¦¹fç¹cã¸àjùè-9¤#xàeøàj¸àa8à¢8àa¹aî¸àfKSÑKSÑKSÑKSÑKËSLLËL‹Î‹ËÝÝÝËÝÛ‹šÚXšXÚ[Ë›ËšœÝ\ØYYØ]XÚY[ÌLŽMœ‹:&ãyabyë¨KŒ‹LLNKÓÔ•Ð•PÒÑUÕT”‘S•“LMËSLMLK9cëùáàøàe8àoË9cëùáàøàe8àoË’SPT–KKÕT”ÒQK9å'øàe8àoøàîùa£yå'øàiøàcxàj¸àa9í&xàcøàf¸àîù§*8àcøàf¸àîùí&xàb¸à 8ài9d#yb.¹i)ù.éy."¸àk¹a£yå'ùcëú ïyí&xàîù«­xàç8àï8àêË9k­¹n«xàbøà¢yaî¸à¢ùcëùáàùâjK:,áù®¤8àe8àoùëbxàkº*l¹odùc.¹b!‹9å'øàe8àoøàkù¬-9b!øà¢¸àîù¬®xàkùí&yëbxàjù§äøàoú/¯8ào¸àføà¢øàîù§§xàkù© ¸àkMLÛy.éy."Ë9."9i*øàj¹í&z(¢øào¸àgøàkøàçxàêº(¢øàîù«­xàç8àï8àêùë¬y.#ycëË9§§xàkùå'ù§*9æí9o¡XÛy.éy."øàîù.o¹áéy§*LÛy.éy."ËSÑKSÑKSÑKSÑK9êîy.,¸àkùab8à¤¸ài8àm¸àeú"¬yàjùëbxàkù¬-8àjøàk8à¢xàfKËSLMLKÎ‹ËÝÝÝË˜Ú]Kš\›ÜÚ[XK›ËšœÛ]š[™ËÙÛÛZKZØ[šÞ[ËÌLŒLÍËÌLÌÌ‹ÌLŒMKÌLŒM‹ÌLÌN‹š[9cëùáàøàe8àoËŒ‹LLMËÓÔ•Ð•PÒÑUÕT”‘S•“LMËSLML‹8àæ¸ààøàâ8àç8àâ8àêË:,áù®¤’SPT–K‹ÕT”ÒQK:hì¹¥¦xàîúadºhg¸àîøàeøà¡øàa¸à¡ºhg¹ëbxàk¹kïº,hTU8àç8àâ8àêË:hçùå*9¬®xàîøà¯xàï8à®xàîù­%ùbi9ëbxàk¸àç8àâ8àêËU9kïº,hyå*:`%8àê¸à­xà©8à«øàêøàåøàêK8à«xàèøààøàåøàj8àêxàæxàêøà¤¹i%¸àeù¬-9­%øàa8àeøài¸ài8àm¸àfK9.+z.ªøàc:)¢øàb8à¢ú(¢øàîøàê¸à­xà©8à«øàêøàåøàêxàj9b)z(¢ËSÑKSÑKSÑKSÑK9.£:aãz(¢øàjøàeøàj¸àaËSLMLKÎ‹ËÝÝÝË˜Ú]Kš\›ÜÚ[XK›ËšœÛ]š[™ËÙÛÛZKZØ[šÞ[ËÌLŒLÍËÌLÌÌ‹ÌLŒMKÌLŒM‹ÌLÌN‹š[8àæ¸ààøàâ8àç8àâ8àêËŒ‹LLMËÓÔ•Ð•PÒÑUÕT”‘S•“LMËSLMLË8àê¸à­xà©8à«øàêøàåøàêK:,áù®¤’SPT–KËÕT”ÒQK9k®yfj9c!z(áxàåøàêxà®xààxààøà«øàîú(¢øàîøàãxààøàâ8àîùæn¹¬èxà®xààxàëxàï8àêøàîøà«xàèøààøàåøàîøàêxàæxàêË9k®yfj9c!z(áy.éyi%¸àk¸àåøàêxà®xààxààøà«Ë9ea¹dàxà¤¹c!xà¤øàh9k®yfj9c!z(áxàiù.æ9ç`9âjxàc9cå¸à£8à¢Ë9¬f¸à£8àc9cå¸à£8àj¸àdxà£8àl9cëùáàøàe8àoË9¬-9­%øàa8ào¸àgøàkù¢ëxàcycå¸à¢¸àîøà«xàèøààøàåøà¡8àmxàgøà¤¹i%¸àfK:`#ù¦#¸ào¸àgøàkùcbº`#ù¦#¸àk¸àçxàêº(¢øàîøàæ¸ààøàâ8àç8àâ8àêøàj9b)z(¢ËSÑKSÑKSÑKSÑK9.£:aãz(¢øàjøàeøàj¸àaËSLMLKÎ‹ËÝÝÝË˜Ú]Kš\›ÜÚ[XK›ËšœÛ]š[™ËÙÛÛZKZØ[šÞ[ËÌLŒLÍËÌLÌÌ‹ÌLŒMKÌLŒM‹ÌLÌN‹š[8àê¸à­xà©8à«øàêøàåøàêKŒ‹LLMËÓÔ•Ð•PÒÑUÕT”‘S•“LMËSLML8àgxàk¹.å¸àåøàêK8àgxàk¹.å¸àåøàêK’SPT–KÕT”ÒQK9k®yfj9c!z(áy.éyi%¸àk¸àåøàêxà®xààxààøà«ú(ïydàxàîúgm8àîøàk8àa8àd8à¢øàoøàîÐÑ9ëbK8àê¸à­xà©8à«øàêøàåøàêykïº,hyk®yfj9c!z(áxàîùi)ùg¢øàe8àoË9k®yfj9c!z(áy.éyi%¸àiùi)ùg¢øàe8àoùgî¹®¥¹§*¹® 9i)ùg¢ùgî¹®¥¹.éy."¸àkùi)ùg¢øàe8àoË9a¡yk®yâjxà¡:fîù¬h9ëbxà¤ºfi8àcË9.+z.ªøàc:)¢øàb8à¢ú`#ù¦#¸ào¸àgøàkùcbº`#ù¦#¸àk¹."9i*øàj¸àçxàêº(¢Ë9i)ùg¢øàe8àoùgî¹®¥¹§*¹® SÑKSÑKSÑKSÑKËSLMLKÎ‹ËÝÝÝË˜Ú]Kš\›ÜÚ[XK›ËšœÛ]š[™ËÙÛÛZKZØ[šÞ[ËÌLŒLÍËÌLÌÌ‹ÌLŒMKÌLŒM‹ÌLÌN‹š[8àgxàk¹.å¸àåøàêKŒ‹LLMËÓÔ•Ð•PÒÑUÕT”‘S•“LMËSLMLK9.#yáàøàe8àoË9.#yáàøàe8àoË’SPT–KKÕT”ÒQK:fm¹èàyfj:hg¸àîùl#ùg¢ùk­ºfîøàîù.lùæoz"l¸àløà¤øàîú $9á¬xà«8àêxà®xàîù`¦9i)ùg¢øàe8àoøàîùcå¸à¢¹i%¸àeøàgúfîù¬h9i)ùg¢øàe8àoùgî¹®¥¹§*¹® 9i)ùg¢ùgî¹®¥¹.éy."¸àkùi)ùg¢øàe8àoË9aazfîù¬h8à¤¹i%¸àfxàîùclzfn¹âjxà¤¹c!xà 9.+z.ªøàc:)¢øàb8à¢ú`#ù¦#¸ào¸àgøàkùcbº`#ù¦#¸àk¹."9i*øàj¸àçxàêº(¢øàîúfîù¬h8à¤¹i%¸àføàj¸àa9k­ºfîøàkùb)z(¢øàjùclzfnº(j9é.‹9i)ùg¢øàe8àoùgî¹®¥¹§*¹® SÑKSÑKSÑKSÑK9.é9d£9nm9n©¸àbøà¢yaazfîùo#úfîù¬h8à¤¹i%¸àføàj¸àa9k­ºfîøàk¹aî¸àeù¥®yi"y¦íËSLML‹Î‹ËÝÝÝË˜Ú]Kš\›ÜÚ[XK›Ëšœ×Ü™\ËÜ›Ú™XÝËÙY˜][Ü›Ú™XÝ×ÜYÙWËÌKÌËÌN‹ÌŒ‹œ‹9.#yáàøàe8àoù«!Œ‹LLMËÓÔ•Ð•PÒÑUÕT”‘S•“LMËSLML‹:,áù®¤8àe8àoË:,áù®¤’SPT–K‹ÕT”ÒQK9í&zhg¸àîùn úhg¸àîúaäylgºhg¸àîøà«8àêxà®zhg‹9§"yk¬øàe8àoøàîù.+z.ªøàk¹«¢øà¢øà®xàåøàë8àï9ï-¸à¡:%«9dàyk®yfj9í&xàîùn øàîúaäylg¸àîøà«8àêxà®xàkº,áù®¤9kïº,hK9kïº,hyi%¸àkùd!9«hùo#ùc.¹b!‹9ï-¸àløà¤øàkøàmxàgøà¤¹i%¸àeù­%øàa¸àîùb ùâjxà¡9bl¸à£8à«8àêxà®xàkùc!xà¤øàiùclzfnº(j9é.¸àîøà®xàåøàë8àï9ï-¸àkùêm8à¤ºe¢øàdxàj¸àa9í&zhg¸àkùíd9§gøàîøàgxàk¹.å¸àkù."9i*øàjº(¢øàîù§"yk¬øàe8àoøàj9b)z(¢ËSÑKSÑKSÑKSÑK8à®xàåøàë8àï9ï-¸àkù/oøàa9b!øà¢øàbùlbùi%¸àiøà«8à®y¢§8àcxàeùêm8à¤ºe¢øàdxàj¸àaËSLMLKÎ‹ËÝÝÝË˜Ú]Kš\›ÜÚ[XK›ËšœÛ]š[™ËÙÛÛZKZØ[šÞ[ËÌLŒLÍËÌLÌÌ‹ÌLŒMKÌLŒM‹ÌLÌN‹š[:,áù®¤8àe8àoËŒ‹LLMËÓÔ•Ð•PÒÑUÕT”‘S•“LMËSLMLË9§"yk¬øàe8àoË9§"yk¬øàe8àoË’SPT–KËÕT”ÒQK9.oºfîù¬h8àîøàç8à¯øàìúfîù¬h8àîùl#ùg¢ùaazfîùo#úfîù¬h8àîøàè¸àä8à©8àêøàä8ààøàá¸àê¸àï8àîú&ãyabyë¨xàîù¬-:b 9/dù®*z*"Q:fîùä øàîÓQ:&ãyabyë¨K9k­¹n«yå*8àk¹kïº,hy§"yk¬ùâjKQ8àkù.#yáàøàe8àoË:fîù¬h9êëùkd8à¤¸àá¸àï8àåøàiú)¡¸àa¸àîú&ãyabyë¨xàkùë¬xào¸àgøàkù¥¬: g¹í&xàiù/çz+mË:,áù®¤8àe8àoøàj9b)xàjù§"yk¬øàj9¦#º*&8àeøàgøàçxàêº(¢ËSÑKSÑKSÑKSÑK9è-9¤#xàîú!ª9o-xàeøàgùl#ùg¢ùaazfîùo#úfîù¬h8à ¹cãºfá‹ËSLMLKÎ‹ËÝÝÝË˜Ú]Kš\›ÜÚ[XK›ËšœÛ]š[™ËÙÛÛZKZØ[šÞ[ËÌLŒLÍËÌLÌÌ‹ÌLŒMKÌLŒM‹ÌLÌN‹š[9§"yk¬øàe8àoËŒ‹LLMËÓÔ•Ð•PÒÑUÕT”‘S•“LMËSLML9i)ùg¢øàe8àoûï"9§"y¥¦{ï"K9i)ùg¢øàe8àoûï"9§"y¥¦{ï"K’SPT–K“ÓÒÑQÔPÒÕT9k­¹amøàîùkçyamøàîú!êº.èº.â¸àîù£ úfi9ªgøàîúfîùkd8àë8àìøà®9k­¹n«yå*8àäxà¯xà¬øàìË9§ :emú/®¸ào¸àgøàkù§ 9i)ùo¡ÌÛy.éy."¸àîù¨ä¹â­¹ëbxàkÌ[y.éy."‹9gî¹®¥¹§*¹® 8àkù§d:,ê¹b)yc.¹b!‹9i)øàcxàexà¤¹®+8à¢¹.¢9í!9o£8àjùí#y.æ9b.8à¤º,¯8à¢Ë9í#y.æ9b.8à¤º,¯9.æ9c§ùbaÌÌÛy.éy."‹•QK•QK•QK9dàyæë¹b)ycãºfáº`bù¤+9¢bù¥l9¥¦xàîùí#y.æ9b.8ào¸àgøàkøà«xàèøààøà­øàéxàë8à®KSÑK9k­ºfîøàê¸à­xà©8à«øàêù¬åykïº,hyªgùfj8àkùb)z`%8àê¸à­xà©8à«øàêù¥¦zaäKËSLMLKÎ‹ËÝÝÝË˜Ú]Kš\›ÜÚ[XK›ËšœÛ]š[™ËÙÛÛZKZØ[šÞ[ËÌLŒLÍËÌLÌÌ‹ÌLŒMKÌLŒM‹ÌLÌN‹š[9i)ùg¢øàe8àoûï"9§"y¥¦{ï"KŒ‹LLMË‘Q‘T‘SÑWÓÓ“KÕT”‘S•“LMËSLMLK9n ¸àiøàkùcãºfá¸àeøàj¸àa8àe8àoË9n ¸àiøàkùcãºfá¸àeøàj¸àa8àe8àoËVÓQQK“ÕÐÓÓPÕQ9k­¹n«yå*8àäxà¯xà¬øàìøàîøàä8à©8à«øàîøà¯øà©8àé8àîøàä8ààøàá¸àê¸àï8àîú/¬º%«8àîùçìù¬®zhg¸àîù­¢9àjùfj9n ¹cãºfá¹kïº,hxàe8àoË9n ¸àc9cãºfá¸àeøàj¸àa9£!ùk¦¹dàK:,ªyhì¹n¥øàîú(ïz`(9a`øàîùl ºe 9aé¹ä!¹íc:-ëË:,ªyhì¹n¥ùëbxàn9æî:*áË9n ¹cãºfáº(¢ù.#ycëËSÑKSÑKÓÓ‘USÓS9aé¹ä!¹ab8àjøà¢8à¢¹ål8àj¸à¢Ë•QK9k­ºfîÍ9dàyæë¸àkøàê¸à­xà©8à«øàêù¬åxàk¹íc:-ëËËSLMLKÎ‹ËÝÝÝË˜Ú]Kš\›ÜÚ[XK›ËšœÛ]š[™ËÙÛÛZKZØ[šÞ[ËÌLŒLÍËÌLÌÌ‹ÌLŒMKÌLŒM‹ÌLÌN‹š[9n ¸àiøàkùcãºfá¸àeøàj¸àa8àe8àoËŒ‹LLMËVÓQQÓ“ÕPÑKÕT”‘S•“LMKËSLMKLK9áàøàb8à¢øàe8àoË9áàøàb8à¢øàe8àoË’SPT–KKÕT”ÒQK9cì9¢`8àe8àoøàîùí&xàcøàf¸àîùn úhg¸àîú#by§*9ëbK“ÕÔÕUQÒS—ÐÒUQÔÓÕTÑK“ÕÔÕUQÒS—ÐÒUQÔÓÕTÑK9å'øàe8àoøàkù¬-9b!øà¢¸àfxà¢ËSÑKSÑKSÑKSÑKËSLMKLKÎ‹ËÝÝÝË˜Ú]KšÝ\™K›ËšœÜÛÜÚZÚKÌNKÙÛÛZY\ÚXØ[[™\ŒŒ‹š[9áàøàb8à¢øàe8àoËŒ‹LLNKÓÔ•Ð•PÒÑUÕT”‘S•“LMKËSLMKL‹9áàøàb8àj¸àa8àe8àoË9áàøàb8àj¸àa8àe8àoË’SPT–K‹ÕT”ÒQK8àj¸ànxàîùl#ùg¢ùk­ºfîøàîúfm¹èàyfj8àîøà«8àêxà®zhg¹ëbK“ÕÔÕUQÒS—ÐÒUQÔÓÕTÑK“ÕÔÕUQÒS—ÐÒUQÔÓÕTÑK:fîù¬h8à¤¹i%¸àeøà yclzfn¹âjxàkùk¢yaj8àjù/çz+møàeøài¹aî¸àfKSÑKSÑKSÑKSÑKËSLMKLKÎ‹ËÝÝÝË˜Ú]KšÝ\™K›ËšœÜÛÜÚZÚKÌNKÙÛÛZY\ÚXØ[[™\ŒŒ‹š[9áàøàb8àj¸àa8àe8àoËŒ‹LLNKÓÔ•Ð•PÒÑUÕT”‘S•“LMKËSLMKLË9ì¥ùi)øàe8àoË9ì¥ùi)øàe8àoË’SPT–KËÕT”ÒQK9k­¹amøàîùkçyamøàîøà®xàâ8àï8àå¸àîú!êº.èº.â¹ëbK“ÕÔÕUQÒS—ÐÒUQÔÓÕTÑK“ÕÔÕUQÒS—ÐÒUQÔÓÕTÑK9ì¥ùi)øàe8àoøà­øàï8àêøà¤º,¯8à¢Ë•QKSÑKSÑKSÑKËSLMKLKÎ‹ËÝÝÝË˜Ú]KšÝ\™K›ËšœÜÛÜÚZÚKÌNKÙÛÛZY\ÚXØ[[™\ŒŒ‹š[9ì¥ùi)øàe8àoËŒ‹LLNK‘Q‘T‘SÑWÓÓ“KÕT”‘S•“LMKËSLMKL8àåøàêxà®xààxààøà«ú,áù®¤8àåøàêxà®xààxààøà«ú,áù®¤’SPT–KÕT”ÒQK9k®yfj9c!z(áxàåøàêxà®xààxààøà«øàîùkïº,hz(ïydàxàåøàêxà®xààxààøà«Ë“ÕÔÕUQÒS—ÐÒUQÔÓÕTÑK9.é9d£9nm9§":e¢ùiâøàk¹ãïº(c8àåøàêxà®xààxààøà«ú,áù®¤“ÕÔÕUQÒS—ÐÒUQÔÓÕTÑK9¬f¸à£8à¤º$/xàj8àfKSÑKSÑKSÑKSÑKËSLMKLKÎ‹ËÝÝÝË˜Ú]KšÝ\™K›ËšœÜÛÜÚZÚKÌNKÙÛÛZY\ÚXØ[[™\ŒŒ‹š[8àåøàêxà®xààxààøà«ú,áù®¤Œ‹LLNKÓÔ•Ð•PÒÑUÕT”‘S•“LMKËSLMKLK:,áù®¤9âj{ï"8àløà¤úhg¸àîùï-ºhg¸àîøàæ¸ààøàâ8àç8àâ8àêûï"K:,áù®¤9âj{ï"8àløà¤úhg¸àîùï-ºhg¸àîøàæ¸ààøàâ8àç8àâ8àêûï"K’SPT–KKÕT”ÒQK:hìºhçùå*8àløà¤øàîùï-¸àîÔU8àç8àâ8àêË“ÕÔÕUQÒS—ÐÒUQÔÓÕTÑK“ÕÔÕUQÒS—ÐÒUQÔÓÕTÑK9.+z.ªøà¤¹ên¸àjøàfxà¢ËSÑKSÑKSÑKSÑKËSLMKLKÎ‹ËÝÝÝË˜Ú]KšÝ\™K›ËšœÜÛÜÚZÚKÌNKÙÛÛZY\ÚXØ[[™\ŒŒ‹š[:,áù®¤9âj{ï"8àløà¤úhg¸àîùï-ºhg¸àîøàæ¸ààøàâ8àç8àâ8àêûï"KŒ‹LLNKÓÔ•Ð•PÒÑUÕT”‘S•“LMKËSLMKL‹:,áù®¤9âj{ï"9í&zhg»ï"K:,áù®¤9âj{ï"9í&zhg»ï"K’SPT–K‹ÕT”ÒQK9¥¬: g¸àîúfäz*£8àîù«­xàç8àï8àêùëbK“ÕÔÕUQÒS—ÐÒUQÔÓÕTÑK“ÕÔÕUQÒS—ÐÒUQÔÓÕTÑK“ÕÔÕUQÒS—ÐÒUQÔÓÕTÑKSÑKSÑKSÑKSÑKËSLMKLKÎ‹ËÝÝÝË˜Ú]KšÝ\™K›ËšœÜÛÜÚZÚKÌNKÙÛÛZY\ÚXØ[[™\ŒŒ‹š[:,áù®¤9âj{ï"9í&zhg»ï"KŒ‹LLNKÓÔ•Ð•PÒÑUÕT”‘S•“LMKËSLMKLË9§"yk¬øàîùclzfn¸àe8àoË9§"yk¬øàîùclzfn¸àe8àoË’SPT–KËÕT”ÒQK:fîù¬h:hg¸àîú&ãyabyë¨xàîù¬-:b 9/dù®*z*"8àîøà®xàåøàë8àï9ï-¸àîøàêxà©8à¯øàï9ëbK“ÕÔÕUQÒS—ÐÒUQÔÓÕTÑK“ÕÔÕUQÒS—ÐÒUQÔÓÕTÑK:fîù¬h8àkùím¹î yëbxàk¹n ¹£!ùk¦¹aé¹ä!¸à ¸à®xàåøàë8àï9ï-¹ëbxàkù.+z.ªøà¤¹/oøàa9b!øà¢ËSÑKSÑKSÑKSÑKËSLMKLKÎ‹ËÝÝÝË˜Ú]KšÝ\™K›ËšœÜÛÜÚZÚKÌNKÙÛÛZY\ÚXØ[[™\ŒŒ‹š[9§"yk¬øàîùclzfn¸àe8àoËŒ‹LLNKÓÔ•Ð•PÒÑUÕT”‘S•“LMKËSLMKL9n ¸àiùcãºfá¸àeøàj¸àa8àe8àoË9n ¸àiùcãºfá¸àeøàj¸àa8àe8àoËVÓQQ“ÕÐÓÓPÕQ9k­ºfîÍ9dàyæë¸àîùk­¹n«yå*8àäxà¯xà¬øàìøàîùi&ºaãøàe8àoøàîùn ¸àiùaé¹ä!¸àiøàcxàj¸àa8àe8àoË:`&¹n.8àk¹n ¹cãºfá¹kïº,hxàe8àoË9n ¸àc9cãºfá¸àeøàj¸àa9câ8àkùaé¹ä!¸àiøàcxàj¸àa9£!ùk¦¹dàK9dàyæë¸àe8àj8àkº`&¹n.9cãºfá¹c.¹b!‹:,ªyhì¹n¥øàîù£!ùk¦¹fç¹cã¹íc:-ëøàîú!ê¹mìy¤+9aixàîú*,ycëù©kz !yëbxà¤¹è®º*£K9n ¹£!ùk¦º(¢øàn9aixà£8àj¸àa9k­ºfîøàê¸à­xà©8à«øàêù¬åykïº,hydàxàîÔøàîùi&ºaãøàe8àoøàîùaé¹ä!¹fì:fèùâjyëbKSÑKÓÓ‘USÓSÓÓ‘USÓS9fç¹cã¹íc:-ëøàîùdàyæë¸àjøà¢8à¢¹ål8àj¸à¢Ë•QK:`&¹n.8àk¸àe8àoøà®xàá¸àï8à­øàéøàìøàn9aî¸àexàf¸à ydàyæë¹b)xàk¹£!ùk¦¹íc:-ëøà¤¹b*yå*ËSLMKLËÎ‹ËÝÝÝË˜Ú]KšÝ\™K›ËšœÜÛÜÚZÚKÌNKÙÛÛZY\Ú[™]ËZ[š[9n ¸àiùcãºfá¸àeøàj¸àa8àe8àoËŒ‹LLVÓQQÓ“ÕPÑKÕT”‘S•“LMKËSLMKLK9l#ùg¢ùk­ºfîùfç¹cã¸àç8ààøà«øà®K9l#ùg¢ùk­ºfîùfç¹cã‹ST“UU‘KK“ÔÓÑ‘‹9¢¥yaiycèÍÛpåÌŒÛxàjùaixà¢ùl#ùg¢ùk­ºfîøàîúfîù¬h8à¤¹i%¸àføàj¸àa9aazfîùo#ùl#ùg¢ùk­ºfîË9k­ºfîøàê¸à­xà©8à«øàêù¬åykïº,hM9dàyæë¸àîùi%¸àføà¢ù.oºfîù¬h8à¡9l#ùg¢ùaazfîùo#úfîù¬h8àîúfîùä øàîú&ãyabyàkË9k­¹n«xàbøà¢y£¤¹aî¸àexà£8à yfç¹cã¸àç8ààøà«øà®y¢¥yaiycèÍÛpåÌŒÛxàjùaixà¢ùkïº,hyl#ùg¢ùk­ºfîË:`&¹n.8àk¹áàøàb8àj¸àa8àe8àoøà yk­ºfîøàê¸à­xà©8à«øàêøà ycâ8àkùdàyæë¹b)y£!ùk¦¹íc:-ëË9`"ù.®¹ áyh,xà¤¹­¢9c®øà ¹i%¸àføà¢úfîù¬h8àkùi%¸àeøài¹§"yk¬øàîùclzfn¸àe8àoøàn9fç¹cã¸àç8ààøà«øà®xàn9æí9£©y¢¥yaiK9¢¥yaiycèÍÛpåÌŒÛKSÑKSÑKSÑKSÑK9aazfîù¬h8à¤¹i%¸àføàj¸àa9l#ùg¢ùk­ºfîøàkøàgxàk¸ào¸ào¹fç¹cã¸àç8ààøà«øà®xànËSLMKLÎ‹ËÝÝÝË˜Ú]KšÝ\™K›ËšœÜÛÜÚZÚKÌNÚÛÙØ]ZØY[‹\Ëš[9n ¹a¡LN9ë¡ù¢`8àiøàç8ààøà«øà®yfç¹cã»ï#ùfç¹cã¹kïº,hxàîùkïº,hyi%‹Œ‹LL‘Q‘T‘SÑWÓÓ“KÕT”‘S•“LM‹ËSLM‹LK8à ¸à¡8àføà¢ùâjK8à ¸à¡8àføà¢ùâjK’SPT–KKÕT”ÒQK9cì9¢`8àe8àoøàîùí&xàcøàf¸àîú(húhg¹n øàcøàf¸àîù§*8àcøàf¹ëbK“ÕÔÕUQÒS—ÐÒUQÔÓÕTÑK“ÕÔÕUQÒS—ÐÒUQÔÓÕTÑK9å'øàe8àoøàkù¬-9b!øà¢¸à ¹£!ùk¦º(¢øàjùaixà¢ú(húhg¹ëbxàkøàdøàk¹c.¹b!‹SÑKSÑKSÑKSÑKËSLM‹LKÎ‹ËÝÝÝË˜Ú]KZÙZ\˜K›ËšœÜÛÜÚZÚZØ\˜\ØYØ\ÝKØÚZZÚ^ZÝ\šZØKÙÞ[Û]X[›˜ZKÌWÌKÌ—ÌKÍÌËš[8à ¸à¡8àføà¢ùâjKŒ‹LLNKÓÔ•Ð•PÒÑUÕT”‘S•“LM‹ËSLM‹L‹8àê¸à­xà©8à«øàêøàfxà¢ùâjK8àê¸à­xà©8à«øàêøàfxà¢ùâjK’SPT–K‹ÕT”ÒQK8àäøàìøàîøàªøàìøàîúaäylg¸àîúfm¹èàyfj8àîøà«8àêxà®xàîùl#ùg¢ùk­ºfîøàîøàæ¸ààøàâ8àç8àâ8àêË“ÕÔÕUQÒS—ÐÒUQÔÓÕTÑK“ÕÔÕUQÒS—ÐÒUQÔÓÕTÑK9.+z.ªøà¤¹ên¸àjøàeøài¹dàyæë¹b)yaé¹ä!¸à ¸à®xàåøàë8àï9ï-¸àkù/oøàa9b!øà¢¸à yêm8à¤ºe¢øàdxà¢ùoáz) xàkøàj¸àaSÑKSÑKSÑKSÑKËSLM‹LKÎ‹ËÝÝÝË˜Ú]KZÙZ\˜K›ËšœÜÛÜÚZÚZØ\˜\ØYØ\ÝKØÚZZÚ^ZÝ\šZØKÙÞ[Û]X[›˜ZKÌWÌKÌ—ÌKÍÌËš[8àê¸à­xà©8à«øàêøàfxà¢ùâjKŒ‹LLNKÓÔ•Ð•PÒÑUÕT”‘S•“LM‹ËSLM‹LË:,áù®¤9âjK:,áù®¤9âjK’SPT–KËÕT”ÒQK9¥¬: g¸àîøàhxà¢xàeøàîúfäz*£8àîúfäyí&xàîù¦î9ìcxàîùí&xàäxààøà«øàîù«­xàç8àï8àêùëbK“ÕÔÕUQÒS—ÐÒUQÔÓÕTÑK“ÕÔÕUQÒS—ÐÒUQÔÓÕTÑK9í&xàk¹ê+ºhg¹b)xàjùak9o#ù¥®y¬åxàiøào¸àj8à xà¢ËSÑKSÑKSÑKSÑKËSLM‹L‹Î‹ËÝÝÝË˜Ú]KZÙZ\˜K›ËšœÛX]\šX[Ùš[\ËÙÜ›Ý\ÍËÌYÛÛZKœ‹:,áù®¤9âjKŒ‹LLNKÓÔ•Ð•PÒÑUÕT”‘S•“LM‹ËSLM‹L9ì¥ùi)øàe8àoË9ì¥ùi)øàe8àoË’SPT–K“ÓÒÑQÔPÒÕT9£!ùk¦¸àk¹i)ùg¢ùk­¹n«xàe8àoË“ÕÔÕUQÒS—ÐÒUQÔÓÕTÑK“ÕÔÕUQÒS—ÐÒUQÔÓÕTÑK9å,ú/¯9b-¸à ¹ãïº(c8àkÌyfçŒ¹dàxào¸àiË•QK•QKSÑKSÑKËSLM‹LKÎ‹ËÝÝÝË˜Ú]KZÙZ\˜K›ËšœÜÛÜÚZÚZØ\˜\ØYØ\ÝKØÚZZÚ^ZÝ\šZØKÙÞ[Û]X[›˜ZKÌWÌKÌ—ÌKÍÌËš[9ì¥ùi)øàe8àoËŒ‹LLNK‘Q‘T‘SÑWÓÓ“KÕT”‘S•“LM‹ËSLM‹LK9§"yk¬øàe8àoË9§"yk¬øàe8àoË’SPT–KKÕT”ÒQK9.oºfîù¬h8àîøàç8à¯øàìúfîù¬h8àîùl#ùg¢ùaazfîùo#úfîù¬h8àîú&ãyabyàkøàîøàêxà©8à¯øàï8àîùaazfîù¬h8à¤¹i%¸àføàj¸àa9l#ùg¢ùk­ºfîË“ÕÔÕUQÒS—ÐÒUQÔÓÕTÑK“ÕÔÕUQÒS—ÐÒUQÔÓÕTÑK:fîù¬h:hg¹ëbxàkùk¢yaj9£ª¹ïk¸à¤º(c8àa9£!ùk¦¹¥®y¬åxàiùaî¸àfKSÑKSÑKSÑKSÑKËSLM‹LKÎ‹ËÝÝÝË˜Ú]KZÙZ\˜K›ËšœÜÛÜÚZÚZØ\˜\ØYØ\ÝKØÚZZÚ^ZÝ\šZØKÙÞ[Û]X[›˜ZKÌWÌKÌ—ÌKÍÌËš[9§"yk¬øàe8àoËŒ‹LLNKÓÔ•Ð•PÒÑUÕT”‘S•“LMËËSLMËLK8à ¸à¡8àfxàe8àoË8à ¸à¡8àfxàe8àoË’SPT–KKÕT”ÒQK9å'øàe8àoøàîùí&xàcøàf¸àîù§*8àcøàf¹ëbK“ÕÔÕUQÒS—ÐÒUQÔÓÕTÑK“ÕÔÕUQÒS—ÐÒUQÔÓÕTÑK“ÕÔÕUQÒS—ÐÒUQÔÓÕTÑKSÑKSÑKSÑKSÑKËSLMËLKÎ‹ËÝÝÝË˜Ú]K›ZZ\˜Kš\›ÜÚ[XKšœÜÛÜÚZÚKÌŒËÌLLMMš[8à ¸à¡8àfxàe8àoËŒ‹LLNKÓÔ•Ð•PÒÑUÕT”‘S•“LMËËSLMËL‹9.#yáàùâjK9.#yáàùâjK’SPT–K‹ÕT”ÒQK:aäylg¸àîù¬f¸à£8àkº$/xàhxàj¸àa8àløà¤ùï-¸àîúfîùc%º(ïydàyëbK“ÕÔÕUQÒS—ÐÒUQÔÓÕTÑK“ÕÔÕUQÒS—ÐÒUQÔÓÕTÑK:fîù¬h8à¤¹i%¸àeøà yi%¸àeøàgúfîù¬h8àkùím¹î xàeøàiºfîù¬h9c.¹b!¸ànSÑKSÑKSÑKSÑKËSLMËLKÎ‹ËÝÝÝË˜Ú]K›ZZ\˜Kš\›ÜÚ[XKšœÜÛÜÚZÚKÌŒËÌLLMMš[9.#yáàùâjKŒ‹LLNKÓÔ•Ð•PÒÑUÕT”‘S•“LMËËSLMËLË8àløà¤øàîúhì¹¥¦yï-‹8àløà¤øàîúhì¹¥¦yï-‹’SPT–KËÕT”ÒQK:hì¹¥¦yå*8àløà¤øàîøà¨¸àêøàçùï-¸àîøà®xààxàï8àêùï-‹“ÕÔÕUQÒS—ÐÒUQÔÓÕTÑK“ÕÔÕUQÒS—ÐÒUQÔÓÕTÑK9.+z.ªøà¤ºfi8àcy¬-9­%øàaSÑKSÑKSÑKSÑKËSLMËLKÎ‹ËÝÝÝË˜Ú]K›ZZ\˜Kš\›ÜÚ[XKšœÜÛÜÚZÚKÌŒËÌLLMMš[8àløà¤øàîúhì¹¥¦yï-‹Œ‹LLNKÓÔ•Ð•PÒÑUÕT”‘S•“LMËËSLMËL8àæ¸ààøàâ8àç8àâ8àêË8àæ¸ààøàâ8àç8àâ8àêË’SPT–KÕT”ÒQKU8àç¸àï8à«øàk¸àç8àâ8àêË“ÕÔÕUQÒS—ÐÒUQÔÓÕTÑK“ÕÔÕUQÒS—ÐÒUQÔÓÕTÑK8à«xàèøààøàåøàîøàêxàæxàêøà¤¹i%¸àfKSÑKSÑKSÑKSÑKËSLMËLKÎ‹ËÝÝÝË˜Ú]K›ZZ\˜Kš\›ÜÚ[XKšœÜÛÜÚZÚKÌŒËÌLLMMš[8àæ¸ààøàâ8àç8àâ8àêËŒ‹LLNKÓÔ•Ð•PÒÑUÕT”‘S•“LMËËSLMËLK9k®yfj9c!z(áxàåøàêxà®xààxààøà«Ë9k®yfj9c!z(áxàåøàêxà®xààxààøà«Ë’SPT–KKÕT”ÒQK9kïº,hyk®yfj9c!z(áxàåøàêxà®xààxààøà«Ë“ÕÔÕUQÒS—ÐÒUQÔÓÕTÑK“ÕÔÕUQÒS—ÐÒUQÔÓÕTÑK9¬f¸à£8à¤º$/xàj8àfxà ”U8àk¸à«xàèøààøàåøàîøàêxàæxàêøàkøàdøàhxà¢KSÑKSÑKSÑKSÑKËSLMËLKÎ‹ËÝÝÝË˜Ú]K›ZZ\˜Kš\›ÜÚ[XKšœÜÛÜÚZÚKÌŒËÌLLMMš[9k®yfj9c!z(áxàåøàêxà®xààxààøà«ËŒ‹LLNKÓÔ•Ð•PÒÑUÕT”‘S•“LMËËSLMËL‹9æn¹àjù )ùclzfn¸àe8àoË9æn¹àjù )ùclzfn¸àe8àoË’SPT–K‹ÕT”ÒQK8àªøà®øààøàâ8àç8àìøàæxàîøà«8à®xàêxà©8à¯øàï8àîøà®xàåøàë8àï9ï-‹“ÕÔÕUQÒS—ÐÒUQÔÓÕTÑK“ÕÔÕUQÒS—ÐÒUQÔÓÕTÑK9.+z.ªøà¤¹/oøàa9b!øà¢øà ¹êm8à¤ºe¢øàdxà¢ùoáz) xàkøàj¸àaSÑKSÑKSÑKSÑKËSLMËLKÎ‹ËÝÝÝË˜Ú]K›ZZ\˜Kš\›ÜÚ[XKšœÜÛÜÚZÚKÌŒËÌLLMMš[9æn¹àjù )ùclzfn¸àe8àoËŒ‹LLNKÓÔ•Ð•PÒÑUÕT”‘S•“LMËËSLMËLË:fîù¬h:fîù¬h’SPT–KËÕT”ÒQK9.oºfîù¬h8àîøàç8à¯øàìúfîù¬h8àîøàê¸ààxà©¸àè:fîù¬h“ÕÔÕUQÒS—ÐÒUQÔÓÕTÑK“ÕÔÕUQÒS—ÐÒUQÔÓÕTÑK:fîù©mxà¤º"l¹.æ8àcxàá¸àï8àåùëbxàiùím¹î KSÑKSÑKSÑKSÑKËSLMËLKÎ‹ËÝÝÝË˜Ú]K›ZZ\˜Kš\›ÜÚ[XKšœÜÛÜÚZÚKÌŒËÌLLMMš[:fîù¬hŒ‹LLNKÓÔ•Ð•PÒÑUÕT”‘S•“LMËËSLMËL:fîù¬h8àk¹i%¸àføàj¸àa9l#ùg¢ùk­ºfîøàîùaazfîùo#ùl#ùg¢ùk­ºfîË:fîù¬h8àk¹i%¸àføàj¸àa9l#ùg¢ùk­ºfîøàîùaazfîùo#ùl#ùg¢ùk­ºfîË’SPT–KÕT”ÒQK8à¬¸àï8àè9ªgøàîúfîù¬%øàbøàoøàgxà¢¸àîúfîùkd8àgøàl8àdøàîøàè¸àä8à©8àêøàä8ààøàá¸àê¸àï9ëbK“ÕÔÕUQÒS—ÐÒUQÔÓÕTÑK“ÕÔÕUQÒS—ÐÒUQÔÓÕTÑK:fîù¬h8à¤¹i%¸àføàj¸àa9kïº,hydàxà¤¹§+9/døàe8àj9aî¸àfKSÑKSÑKSÑKSÑKËSLMËLKÎ‹ËÝÝÝË˜Ú]K›ZZ\˜Kš\›ÜÚ[XKšœÜÛÜÚZÚKÌŒËÌLLMMš[:fîù¬h8àk¹i%¸àføàj¸àa9l#ùg¢ùk­ºfîøàîùaazfîùo#ùl#ùg¢ùk­ºfîËŒ‹LLNKÓÔ•Ð•PÒÑUÕT”‘S•“LMËËSLMËLK:&ãyabyàkûï"9§"yk¬øàe8àoûï"K:&ãyabyàkûï"9§"yk¬øàe8àoûï"K’SPT–KKÕT”ÒQK:&ãyabyàkøàîúfîùä øàîù¬-:b 9aixà¢¹®*yn©º*"9ëbK“ÕÔÕUQÒS—ÐÒUQÔÓÕTÑK“ÕÔÕUQÒS—ÐÒUQÔÓÕTÑK9bl¸à£8àj¸àa8à¢8àa¹ë¬xào¸àgøàkù¥¬: g¹í&yëbxàiù/çz+mËSÑKSÑKSÑKSÑKËSLMËLKÎ‹ËÝÝÝË˜Ú]K›ZZ\˜Kš\›ÜÚ[XKšœÜÛÜÚZÚKÌŒËÌLLMMš[:&ãyabyàkûï"9§"yk¬øàe8àoûï"KŒ‹LLNKÓÔ•Ð•PÒÑUÕT”‘S•“LMËËSLMËLL9i)ùg¢øàe8àoË9i)ùg¢øàe8àoË’SPT–KL“ÓÒÑQÔPÒÕT9.¢9í!9kïº,hxàk¹i)ùg¢ùk­¹n«xàe8àoË“ÕÔÕUQÒS—ÐÒUQÔÓÕTÑK“ÕÔÕUQÒS—ÐÒUQÔÓÕTÑK9.¢9í!9®":(j9é.¸à¤¸àeøài¹aî¸àfK•QK•QKSÑKSÑKËSLMËLKÎ‹ËÝÝÝË˜Ú]K›ZZ\˜Kš\›ÜÚ[XKšœÜÛÜÚZÚKÌŒËÌLLMMš[9i)ùg¢øàe8àoËŒ‹LLNK‘Q‘T‘SÑWÓÓ“KÕT”‘S•“LLKËSLLKLK9áàøà¡8àføà¢øàe8àoË9áàøà¡8àføà¢øàe8àoË’SPT–KKÕT”ÒQK9k­¹n«xàk¹cëùáàøàe8àoË“ÕÔÕUQÒS—ÐÒUQÔÓÕTÑK“ÕÔÕUQÒS—ÐÒUQÔÓÕTÑK“ÕÔÕUQÒS—ÐÒUQÔÓÕTÑKSÑKSÑKSÑKSÑKËSLLKLKÎ‹ËÝÝÝË˜Ú]K›Z^[ÜÚKš\›ÜÚ[XKšœÙØ\˜˜YÙKZ][KÜÙX\˜ÚÙØ\˜˜YÙWÜ[Kœ9áàøà¡8àføà¢øàe8àoËŒ‹LLNKÓÔ•Ð•PÒÑUÕT”‘S•“LLKËSLLKL‹8àåøàêxà®xààxààøà«ú,áù®¤8àåøàêxà®xààxààøà«ú,áù®¤’SPT–K‹ÕT”ÒQK9kïº,hxàåøàêxà®xààxààøà«ú,áù®¤“ÕÔÕUQÒS—ÐÒUQÔÓÕTÑK“ÕÔÕUQÒS—ÐÒUQÔÓÕTÑK“ÕÔÕUQÒS—ÐÒUQÔÓÕTÑKSÑKSÑKSÑKSÑKËSLLKLKÎ‹ËÝÝÝË˜Ú]K›Z^[ÜÚKš\›ÜÚ[XKšœÙØ\˜˜YÙKZ][KÜÙX\˜ÚÙØ\˜˜YÙWÜ[Kœ8àåøàêxà®xààxààøà«ú,áù®¤Œ‹LLNKÓÔ•Ð•PÒÑUÕT”‘S•“LLKËSLLKLË9í&z,áù®¤9í&z,áù®¤’SPT–KËÕT”ÒQK9kïº,hycé9í&K“ÕÔÕUQÒS—ÐÒUQÔÓÕTÑK“ÕÔÕUQÒS—ÐÒUQÔÓÕTÑK“ÕÔÕUQÒS—ÐÒUQÔÓÕTÑKSÑKSÑKSÑKSÑKËSLLKLKÎ‹ËÝÝÝË˜Ú]K›Z^[ÜÚKš\›ÜÚ[XKšœÙØ\˜˜YÙKZ][KÜÙX\˜ÚÙØ\˜˜YÙWÜ[Kœ9í&z,áù®¤Œ‹LLNKÓÔ•Ð•PÒÑUÕT”‘S•“LLKËSLLKL:,áù®¤9âjK:,áù®¤9âjK’SPT–KÕT”ÒQK8àløà¤øàîùï-¸àîÔU9ëbxàkº,áù®¤9âjK“ÕÔÕUQÒS—ÐÒUQÔÓÕTÑK“ÕÔÕUQÒS—ÐÒUQÔÓÕTÑK“ÕÔÕUQÒS—ÐÒUQÔÓÕTÑKSÑKSÑKSÑKSÑKËSLLKLKÎ‹ËÝÝÝË˜Ú]K›Z^[ÜÚKš\›ÜÚ[XKšœÙØ\˜˜YÙKZ][KÜÙX\˜ÚÙØ\˜˜YÙWÜ[Kœ:,áù®¤9âjKŒ‹LLNKÓÔ•Ð•PÒÑUÕT”‘S•“LLKËSLLKLK9n ú,áù®¤9n ú,áù®¤’SPT–KKÕT”ÒQK9kïº,hycé9n øàîú(húhg‹“ÕÔÕUQÒS—ÐÒUQÔÓÕTÑK“ÕÔÕUQÒS—ÐÒUQÔÓÕTÑK“ÕÔÕUQÒS—ÐÒUQÔÓÕTÑKSÑKSÑKSÑKSÑKËSLLKLKÎ‹ËÝÝÝË˜Ú]K›Z^[ÜÚKš\›ÜÚ[XKšœÙØ\˜˜YÙKZ][KÜÙX\˜ÚÙØ\˜˜YÙWÜ[Kœ9n ú,áù®¤Œ‹LLNKÓÔ•Ð•PÒÑUÕT”‘S•“LLKËSLLKL‹9áàøà¡8àføàj¸àa8àe8àoË9áàøà¡8àføàj¸àa8àe8àoË’SPT–K‹ÕT”ÒQK9.#yáàù )ùk­¹n«xàe8àoË“ÕÔÕUQÒS—ÐÒUQÔÓÕTÑK“ÕÔÕUQÒS—ÐÒUQÔÓÕTÑK“ÕÔÕUQÒS—ÐÒUQÔÓÕTÑKSÑKSÑKSÑKSÑKËSLLKLKÎ‹ËÝÝÝË˜Ú]K›Z^[ÜÚKš\›ÜÚ[XKšœÙØ\˜˜YÙKZ][KÜÙX\˜ÚÙØ\˜˜YÙWÜ[Kœ9áàøà¡8àføàj¸àa8àe8àoËŒ‹LLNKÓÔ•Ð•PÒÑUÕT”‘S•“LLKËSLLKLË9ì¥ùi)øàe8àoË9ì¥ùi)øàe8àoË’SPT–KËÕT”ÒQK9i)ùg¢ùk­¹n«xàe8àoË“ÕÔÕUQÒS—ÐÒUQÔÓÕTÑK“ÕÔÕUQÒS—ÐÒUQÔÓÕTÑK“ÕÔÕUQÒS—ÐÒUQÔÓÕTÑK•QKSÑKSÑKSÑKËSLLKLKÎ‹ËÝÝÝË˜Ú]K›Z^[ÜÚKš\›ÜÚ[XKšœÙØ\˜˜YÙKZ][KÜÙX\˜ÚÙØ\˜˜YÙWÜ[Kœ9ì¥ùi)øàe8àoËŒ‹LLNK‘Q‘T‘SÑWÓÓ“KÕT”‘S•“LLKËSLLKL9gâùêâøàe8àoË9gâùêâøàe8àoË’SPT–KÕT”ÒQK9gâùêâùkïº,hxàe8àoË“ÕÔÕUQÒS—ÐÒUQÔÓÕTÑK“ÕÔÕUQÒS—ÐÒUQÔÓÕTÑK“ÕÔÕUQÒS—ÐÒUQÔÓÕTÑKSÑKSÑKSÑKSÑKËSLLKLKÎ‹ËÝÝÝË˜Ú]K›Z^[ÜÚKš\›ÜÚ[XKšœÙØ\˜˜YÙKZ][KÜÙX\˜ÚÙØ\˜˜YÙWÜ[Kœ9gâùêâøàe8àoËŒ‹LLNKÓÔ•Ð•PÒÑUÕT”‘S•“LLKËSLLKLK9§"yk¬øàe8àoË9§"yk¬øàe8àoË’SPT–KKÕT”ÒQK:fîù¬h8àîú&ãyabyë¨yëbxàk¹§"yk¬ùâjK“ÕÔÕUQÒS—ÐÒUQÔÓÕTÑK“ÕÔÕUQÒS—ÐÒUQÔÓÕTÑK“ÕÔÕUQÒS—ÐÒUQÔÓÕTÑKSÑKSÑKSÑKSÑKËSLLKLKÎ‹ËÝÝÝË˜Ú]K›Z^[ÜÚKš\›ÜÚ[XKšœÙØ\˜˜YÙKZ][KÜÙX\˜ÚÙØ\˜˜YÙWÜ[Kœ9§"yk¬øàe8àoËŒ‹LLNKÓÔ•Ð•PÒÑUÕT”‘S•“LL‹ËSLL‹LK9áàøàb8à¢øàe8àoË9áàøàb8à¢øàe8àoË’SPT–KKÕT”ÒQK9å'øàe8àoøàîú,§y«®øàîú#bxàîùbj¹k¦¹§§xàîùí&xàb¸à 8ài8àîúgjxà­8àè:(ïydàK:,áù®¤9c%¸àiøàcxà¢ùí&xàîøàåøàêxà®xààxààøà«úhg‹9© ¸àkzemøàeMLÛxàîùæí9o¡XÛy.éya¡K9b!øà£8àj¸àa9i)ùg¢ùâjxàkùì¥ùi)øàe8àoË9¬-9b!øà¢¸àîù¬f¹âjzfi9c®øàîù¬®xàkù§äøàoú/¯8ào¸àføà¢øàbùfî¸à xà¢Ë9n¡9c§ùn ¹£!ùk¦¹cãºfáº(¢Ë9© ¸àkzemøàeMLÛxàîùæí9o¡XÛy.éya¡KSÑKSÑK•QK9£!ùk¦¹cãºfáº(¢øà¤º,ï9aiKSÑKËSLL‹L‹Î‹ËÝÝÝË˜Ú]KœÚØ˜\˜Kš\›ÜÚ[XKšœÛXZ[‹ÌŒ‹ÌKØ™ÌLÍ™Y™MY™LN˜ÌÙ™LNMLXŽœ‹È9áàøàb8à¢øàe8àoËŒ‹LLMËÓÔ•Ð•PÒÑUÕT”‘S•“LL‹ËSLL‹L‹9cé9ç`9cé9ç`’SPT–K‹ÕT”ÒQK:(húhg¸àîùç`9âjxàîøà®øàï8à¯øàï8àîøà¯øàª¸àêøàîøà®xàï8àá8àîøàªøàï8àá¸àìË9¬f¸à£9è-8à£8àc8àl¸àjxàa9âjxàîùí¯ùaixà¢º(húhg¸àîù«æùìî9ã¢xàîøàç¸ààøàâ9­%ù¯ëù®"8àoøàiù.o¸àa8àgùa£yb*yå*9cëú ïxàjº(húhg‹9kïº,hyi%¸àkúaäyamøà¤¹i%¸àeøài¹áàøàb8à¢øàe8àoË9­%ù¯ëøàeù.o¸àbøàeøài¸àgøàgøà 9n¡9c§ùn ¹£!ùk¦¹cãºfáº(¢ËSÑKSÑK•QK9£!ùk¦¹cãºfáº(¢øà¤º,ï9aiKSÑKËSLL‹LKÎ‹ËÝÝÝË˜Ú]KœÚØ˜\˜Kš\›ÜÚ[XKšœÛXZ[‹ÛY™KÝØ\ÝKÜÜÝÍL‹š[9cé9ç`:hg‹Œ‹LLMËÓÔ•Ð•PÒÑUÕT”‘S•“LL‹ËSLL‹LË9k®yfj9c!z(áxàåøàêxà®xààxààøà«úhg‹:,áù®¤’SPT–KËÕT”ÒQK8àåøàêz(ïyk®yfj8àîùc!z(áxàîøàë8à®:(¢øàîøàç8àâ8àêøàîøàâ8àë8àï9¬f¸à£8àc:$/xàhxàj¸àa9âjxàîú(ïydàxàåøàêxà®xààxààøà«Ë9k®yfj9c!z(áxàiù¬-9­%øàa9cëú ïK9¬f¸à£8àc:$/xàhxàj¸àdxà£8àl9áàøàb8à¢øàe8àoË9.+z.ªøà¤ºfi8àcy¬-9­%øàa8àîøà­øàï8àêøà¤¸àiøàcxà¢øàh8àdzfi8àcË9n¡9c§ùn ¹£!ùk¦¹cãºfáº(¢ËSÑKSÑK•QK9£!ùk¦¹cãºfáº(¢øà¤º,ï9aiKSÑKËSLL‹LKÎ‹ËÝÝÝË˜Ú]KœÚØ˜\˜Kš\›ÜÚ[XKšœÛXZ[‹ÛY™KÝØ\ÝKÜÜÝÍL‹š[9k®yfj9c!z(áxàåøàêxà®xààxààøà«ËŒ‹LLMËÓÔ•Ð•PÒÑUÕT”‘S•“LL‹ËSLL‹L8àæ¸ààøàâ8àç8àâ8àêË:,áù®¤’SPT–KÕT”ÒQK:hì¹¥¦yëbxàk”U8àç8àâ8àêË8à«xàèøààøàåøàîøàêxàæxàêËU9kïº,hxàç8àâ8àêË8à«xàèøààøàåøàîøàêxàæxàêøàkùk®yfj9c!z(áxàåøàêxà®xààxààøà«úhg‹9¬-9­%øàa8àeøà«xàèøààøàåøàj8àêxàæxàêøà¤¹i%¸àfxàîøài8àm¸àexàj¸àa9n¡9c§ùn ¹£!ùk¦¹cãºfáº(¢ËSÑKSÑK•QK9£!ùk¦¹cãºfáº(¢øà¤º,ï9aiKSÑKËSLL‹LKÎ‹ËÝÝÝË˜Ú]KœÚØ˜\˜Kš\›ÜÚ[XKšœÛXZ[‹ÛY™KÝØ\ÝKÜÜÝÍL‹š[8àæ¸ààøàâ8àç8àâ8àêËŒ‹LLMËÓÔ•Ð•PÒÑUÕT”‘S•“LL‹ËSLL‹LK8àåøàêxà®xààxààøà«úhg‹:,áù®¤’SPT–KKÕT”ÒQK8àåøàêxà®xààxààøà«øàîøàäøàâøàï8àêú(ïydàK9k®yfj9c!z(áxàåøàêxà®xààxààøà«øàîøàæ¸ààøàâ8àç8àâ8àêøàîúaäylgº)!ùd"9dàK:(ïydàxàåøàêxà®xààxààøà«Ë:aäylgº)!ùd"9dàxàkùáàøàb8àj¸àa8àe8àoË9ål9âjxà¤ºfi8àcy¬-9­%øàa9n¡9c§ùn ¹£!ùk¦¹cãºfáº(¢ËSÑKSÑK•QK9£!ùk¦¹cãºfáº(¢øà¤º,ï9aiKSÑKËSLL‹L‹Î‹ËÝÝÝË˜Ú]KœÚØ˜\˜Kš\›ÜÚ[XKšœÛXZ[‹ÌŒ‹ÌKØ™ÌLÍ™Y™MY™LN˜ÌÙ™LNMLXŽœ‹8àåøàêxà®xààxààøà«úhg‹Œ‹LLMËÓÔ•Ð•PÒÑUÕT”‘S•“LL‹ËSLL‹L‹8àäøàìøàîùï-‹:,áù®¤’SPT–K‹ÕT”ÒQK:hìºhçùå*8àløà¤øàîùï-‹:%«9dàxà¡9heù¥¦xàc9«¢øà¢ùk®yfj8àîùbl¸à£8àgøà«8àêxà®K9.+z.ªøà¤ºfi9c®øàiøàcxà¢ùkïº,hxàløà¤ùï-‹9bl¸à£9âjyëbxàkùáàøàb8àj¸àa8àe8àoË8àmxàgøà¤¹i%¸àeù¬-9­%øàa8àîøàløà¤øàkùbl¸à¢xàf¹ï-¸àkøài8àm¸àexàj¸àa9n¡9c§ùn ¹£!ùk¦¹cãºfáº(¢ËSÑKSÑK•QK9£!ùk¦¹cãºfáº(¢øà¤º,ï9aiKSÑKËSLL‹LËÎ‹ËÝÝÝË˜Ú]KœÚØ˜\˜Kš\›ÜÚ[XKšœÛXZ[‹ÌŒ‹ÌKÙXØØØŽMŒŽMLMÌMÍÍÙMÍÙÙKœ‹8àäøàìøàîùï-‹Œ‹LLMËÓÔ•Ð•PÒÑUÕT”‘S•“LL‹ËSLL‹LË9áàøàb8àj¸àa8àe8àoË9áàøàb8àj¸àa8àe8àoË’SPT–KËÕT”ÒQK8à«8àêxà®xàîúfm¹èàyfj8àîúaäylgº)!ùd"9dàxàîù`¦8àîùl#ùg¢ùk­ºfîøàîøà®xàåøàë8àï9ï-‹:fîù¬h8àîù§"yk¬øàe8àoøàîù£!ùk¦º(¢øàjùaixà¢xàj¸àa9âjK9£!ùk¦º(¢øàjùaixà¢ù.#yáàùâjK9aixà¢xàj¸àdxà£8àl9ì¥ùi)øàe8àoË9bl¸à£9âjxà¡9b ùâjxàkùc!xà¤øàiùdàyd#z(j9é.¸àîúfîù¬h8à¤¹i%¸àfxàîøà®xàåøàë8àï9ï-¸àkù/oøàa9b!øà¢¹êm8à¤ºe¢øàdxà¢Ë9n¡9c§ùn ¹£!ùk¦¹cãºfáº(¢Ë9£!ùk¦º(¢øàjùaixà¢ùi)øàcxàeKSÑKSÑK•QK9£!ùk¦¹cãºfáº(¢øà¤º,ï9aiKSÑKËSLL‹LKÎ‹ËÝÝÝË˜Ú]KœÚØ˜\˜Kš\›ÜÚ[XKšœÛXZ[‹ÛY™KÝØ\ÝKÜÜÝÍL‹š[9áàøàb8àj¸àa8àe8àoËŒ‹LLMËÓÔ•Ð•PÒÑUÕT”‘S•“LL‹ËSLL‹L9§"yk¬øàe8àoË9§"yk¬øàe8àoË’SPT–KÕT”ÒQK9.oºfîù¬h8àîú&ãyabyë¨xàîøà«8à®xàêxà©8à¯øàï9. :"+9.#yáàùâjK9k­¹n«yå*9kïº,hy§"yk¬ùâjK8àç8à¯øàìùo#øàîùaazfîùo#úfîù¬h8àkùn¥úh+yfç¹cã¸à ¹£ª9ij:&ãyabyë¨xàkùë¬xà¡9í&xàiù/çz+møàîøàêxà©8à¯øàï8àkù/oøàa9b!øà¢Ë9n¡9c§ùn ¹£!ùk¦¹cãºfáº(¢øàîúemøàa:&ãyabyë¨xàkøàkøàoùaî¸àeùcëËSÑKSÑK•QK9£!ùk¦¹cãºfáº(¢øà¤º,ï9aiKSÑKËSLL‹LËÎ‹ËÝÝÝË˜Ú]KœÚØ˜\˜Kš\›ÜÚ[XKšœÛXZ[‹ÌŒ‹ÌKÙXØØØŽMŒŽMLMÌMÍÍÙMÍÙÙKœ‹9§"yk¬øàe8àoËŒ‹LLMËÓÔ•Ð•PÒÑUÕT”‘S•“LL‹ËSLL‹LK9¥¬: g‹9í&zhg‹’SPT–KKÕT”ÒQK9¥¬: g‹9¢¦:/¯9.éyi%¸àk¸ààxàêxà­øàîù¯èxà£8àgùí&K9.o¸àa8àgù¥¬: g‹9¯èxà£9¬f¸à£8àkùáàøàb8à¢øàe8àoË9æoxàa9í&xàl¸à ¸àiùc`y¥¡ùkeøàjùî&øà¢Ë9£!ùk¦º(¢øàj¸àeËSÑKSÑKSÑKSÑKËSLL‹L‹Î‹ËÝÝÝË˜Ú]KœÚØ˜\˜Kš\›ÜÚ[XKšœÛXZ[‹ÌŒ‹ÌKØ™ÌLÍ™Y™MY™LN˜ÌÙ™LNMLXŽœ‹ˆ9í&zhg‹Œ‹LLMËÓÔ•Ð•PÒÑUÕT”‘S•“LL‹ËSLL‹LL9í&xàäxààøà«Ë9í&zhg‹’SPT–KLÕT”ÒQK9a¡y`m8àjøà¨¸àêøàçùë¥8àc8àj¸àa:hì¹¥¦yå*9í&xàäxààøà«Ë9a¡y`m8àc8à¨¸àêøàçùë¥8àk¹âjK9kïº,hyí&xàäxààøà«Ë8à¨¸àêøàçùë¥9.æ8àcxàkùáàøàb8à¢øàe8àoË9­%øàhøài¹b!øà¢ºe¢øàcy.o¸àbøàfxàîùæoxàa9í&xàl¸à ¸àiùíd9§gË9£!ùk¦º(¢øàj¸àeËSÑKSÑKSÑKSÑKËSLL‹LËÎ‹ËÝÝÝË˜Ú]KœÚØ˜\˜Kš\›ÜÚ[XKšœÛXZ[‹ÌŒ‹ÌKÙXØØØŽMŒŽMLMÌMÍÍÙMÍÙÙKœ‹9í&xàäxààøà«ËŒ‹LLMËÓÔ•Ð•PÒÑUÕT”‘S•“LL‹ËSLL‹LLK8àà8àìøàç8àï8àêË9í&zhg‹’SPT–KLKÕT”ÒQK8àà8àìøàç8àï8àêË9¯èxà£9¬f¸à£8àc8à`¸à¢ùâjK9.o¸àa8àgøàà8àìøàç8àï8àêË9¯èxà£9¬f¸à£8àkùáàøàb8à¢øàe8àoË8àá¸àï8àåøàîúaäyamùëbxà¤¹i%¸àeùæoxàa9í&xàl¸à ¸àiùíd9§gË9£!ùk¦º(¢øàj¸àeËSÑKSÑKSÑKSÑKËSLL‹LËÎ‹ËÝÝÝË˜Ú]KœÚØ˜\˜Kš\›ÜÚ[XKšœÛXZ[‹ÌŒ‹ÌKÙXØØØŽMŒŽMLMÌMÍÍÙMÍÙÙKœ‹8àà8àìøàç8àï8àêËŒ‹LLMËÓÔ•Ð•PÒÑUÕT”‘S•“LL‹ËSLL‹LL‹8àgxàk¹.å¹í&zhg‹9í&zhg‹’SPT–KL‹ÕT”ÒQK8ààxàêxà­øàîù§+8àîúfäz*£8àîøàªøà¯øàëxà¬8àîøàäxàìøàåxàë8ààøàâ9¡'ùá¬yí&xàîøàªøàï8àç8àìùí&xàîøàá¸à¨øààøà­øàéxàîùí&xà¬øààøàåË9.o¸àa8àgùa£yå'ùcëú ïyí&K9kïº,hyi%¸à¡9¬f¸à£8àkùáàøàb8à¢øàe8àoË9ål9âjxà¤ºfi8àcyæoxàa9í&xàl¸à ¸àiùíd9§gË9£!ùk¦º(¢øàj¸àeËSÑKSÑKSÑKSÑKËSLL‹LËÎ‹ËÝÝÝË˜Ú]KœÚØ˜\˜Kš\›ÜÚ[XKšœÛXZ[‹ÌŒ‹ÌKÙXØØØŽMŒŽMLMÌMÍÍÙMÍÙÙKœ‹8àgxàk¹.å¹í&zhg‹Œ‹LLMËÓÔ•Ð•PÒÑUÕT”‘S•“LL‹ËSLL‹LLË9ì¥ùi)øàe8àoË9ì¥ùi)øàe8àoË’SPT–KLËT‘PÕÒUS9£!ùk¦º(¢øàjùaixà¢xàj¸àa9k­¹amùëbK9aé¹ä!¹fì:fèùâjK9£!ùk¦º(¢øàjùaixà¢xàj¸àa9i)øàcxàeK9cãºfá¹aé¹ä!¹i%¹dàxàkùl ºe 9©kz !K8àê¸à­xà©8à«øàêøàåøàêxà­¹ëbxàn9æí9£©y¤+9aixàîùfì:fèù¦`¸àkù¢.9b)ycãºfá¸à¤¹å,ú/¯9£!ùk¦º(¢ùi%‹9£!ùk¦º(¢øàjùaixà¢xàj¸àa9i)øàcxàeK•QKÓÓ‘USÓSÓÓ‘USÓS9¢.9b)ycãºfá¸à¡9¤+9aiy§hy.í¸àjøà¢8à¢ËSÑK9æí9£©y¤+9aixàc9gî¹§+ËSLL‹L‹Î‹ËÝÝÝË˜Ú]KœÚØ˜\˜Kš\›ÜÚ[XKšœÛXZ[‹ÌŒ‹ÌKØ™ÌLÍ™Y™MY™LN˜ÌÙ™LNMLXŽœ‹¸àîÔËN9ì¥ùi)øàe8àoËŒ‹LLMË‘Q‘T‘SÑWÓÓ“KÕT”‘S•“LL‹ËSLL‹LM9cãºfá¸àb¸à¢8àlùaé¹ä!¸àeøàj¸àa8àe8àoË9cãºfá¸àb¸à¢8àlùaé¹ä!¸àeøàj¸àa8àe8àoËVÓQQM“ÕÐÓÓPÕQ8àª8àìøà®8àìøàîøàä8ààøàá¸àê¸àï8àîøà¯øà©8àé8àîú/¬º%«8àîùc.ùæ`¹nàù¨á9âjxàîù­¢9àjùfj8àîùnî¹ëâynàù§d9n ¹aé¹ä!¹kïº,hxàk¹k­¹n«xàe8àoË9n¡9c§ùn ¸àiùaé¹ä!¸àiøàcxàj¸àa9£!ùk¦¹dàK:,ªyhì¹n¥øào¸àgøàkùl ºe 9n¥øàn9/§zh/9cå¹¢ly©kz !xàn9æî:*áË9n ¹£!ùk¦º(¢ù.#ycëËSÑKSÑKÓÓ‘USÓS9aé¹ä!¹ab8àjøà¢8à¢¹ål8àj¸à¢Ë•QKËSLL‹LKÎ‹ËÝÝÝË˜Ú]KœÚØ˜\˜Kš\›ÜÚ[XKšœÛXZ[‹ÛY™KÝØ\ÝKÜÜÝÍNKš[9cãºfá¸àb¸à¢8àlùaé¹ä!¸àeøàj¸àa8àe8àoËŒ‹LLMËVÓQQÓ“ÕPÑKÕT”‘S•“LLËËSLLËLK8à ¸à¡8àfxàe8àoË8à ¸à¡8àfxàe8àoË’SPT–KKÕT”ÒQK9cëùáàù )ùk­¹n«xàe8àoË“ÕÔÕUQÒS—ÐÒUQÔÓÕTÑK“ÕÔÕUQÒS—ÐÒUQÔÓÕTÑKÌÛy§*¹® 8àjøàfxà¢ËSÑKSÑKSÑKSÑKËSLLËLKÎ‹ËÝÝÝË˜Ú]K›ÝZÙKš\›ÜÚ[XKšœÛX]\šX[Ùš[\ËÙÜ›Ý\ÍËÜ™Z]ØN™[›™ÙÛÛZZØ\™[›™P]ZÝKœ‹8à ¸à¡8àfxàe8àoËŒ‹LLNKÓÔ•Ð•PÒÑUÕT”‘S•“LLËËSLLËL‹8àåøàêxà®xààxààøà«øàe8àoË8àåøàêxà®xààxààøà«øàe8àoË’SPT–K‹ÕT”ÒQK9kïº,hxàåøàêxà®xààxààøà«ú(ïydàxàîùk®yfj“ÕÔÕUQÒS—ÐÒUQÔÓÕTÑK“ÕÔÕUQÒS—ÐÒUQÔÓÕTÑK9¬f¸à£8à¤º$/xàj8àfKSÑKSÑKSÑKSÑKËSLLËLKÎ‹ËÝÝÝË˜Ú]K›ÝZÙKš\›ÜÚ[XKšœÛX]\šX[Ùš[\ËÙÜ›Ý\ÍËÜ™Z]ØN™[›™ÙÛÛZZØ\™[›™P]ZÝKœ‹8àåøàêxà®xààxààøà«øàe8àoËŒ‹LLNKÓÔ•Ð•PÒÑUÕT”‘S•“LLËËSLLËLË9í&z,áù®¤9í&z,áù®¤’SPT–KËÕT”ÒQK9¥¬: g¸àîúfäz*£:fäyí&xàîù«­xàç8àï8àêË“ÕÔÕUQÒS—ÐÒUQÔÓÕTÑK“ÕÔÕUQÒS—ÐÒUQÔÓÕTÑK9í&yê+ºhg¸àe8àj8àjøàl¸à ¸àiùc`ykeøàjù§gøàkxà¢ËSÑKSÑKSÑKSÑKËSLLËLKÎ‹ËÝÝÝË˜Ú]K›ÝZÙKš\›ÜÚ[XKšœÛX]\šX[Ùš[\ËÙÜ›Ý\ÍËÜ™Z]ØN™[›™ÙÛÛZZØ\™[›™P]ZÝKœ‹9í&z,áù®¤Œ‹LLNKÓÔ•Ð•PÒÑUÕT”‘S•“LLËËSLLËL8àªøàìË8àªøàìË’SPT–KÕT”ÒQK:hìºhçùå*9ï-¸àîøà®xàåøàë8àï9ï-‹“ÕÔÕUQÒS—ÐÒUQÔÓÕTÑK“ÕÔÕUQÒS—ÐÒUQÔÓÕTÑK9.+xà¤¹ên¸àjøàfxà¢øà ¸à®xàåøàë8àï9ï-¹ëbxàkùoáxàf¹/oøàa9b!øà¢ËSÑKSÑKSÑKSÑKËSLLËLKÎ‹ËÝÝÝË˜Ú]K›ÝZÙKš\›ÜÚ[XKšœÛX]\šX[Ùš[\ËÙÜ›Ý\ÍËÜ™Z]ØN™[›™ÙÛÛZZØ\™[›™P]ZÝKœ‹8àªøàìËŒ‹LLNKÓÔ•Ð•PÒÑUÕT”‘S•“LLËËSLLËLK8àäøàìË8àäøàìË’SPT–KKÕT”ÒQK:hìºhçùå*8àløà¤Ë“ÕÔÕUQÒS—ÐÒUQÔÓÕTÑK“ÕÔÕUQÒS—ÐÒUQÔÓÕTÑK9.+xà¤¹ên¸àjøàeøài¹­%øàa‹SÑKSÑKSÑKSÑKËSLLËLKÎ‹ËÝÝÝË˜Ú]K›ÝZÙKš\›ÜÚ[XKšœÛX]\šX[Ùš[\ËÙÜ›Ý\ÍËÜ™Z]ØN™[›™ÙÛÛZZØ\™[›™P]ZÝKœ‹8àäøàìËŒ‹LLNKÓÔ•Ð•PÒÑUÕT”‘S•“LLËËSLLËL‹8àæ¸ààøàâ8àç8àâ8àêË8àæ¸ààøàâ8àç8àâ8àêË’SPT–K‹ÕT”ÒQKU8àç8àâ8àêË“ÕÔÕUQÒS—ÐÒUQÔÓÕTÑK“ÕÔÕUQÒS—ÐÒUQÔÓÕTÑK9.+xà¤¹­%øàa8à xàêxàæxàêøàj8à«xàèøààøàåøà¤¹i%¸àfKSÑKSÑKSÑKSÑKËSLLËLKÎ‹ËÝÝÝË˜Ú]K›ÝZÙKš\›ÜÚ[XKšœÛX]\šX[Ùš[\ËÙÜ›Ý\ÍËÜ™Z]ØN™[›™ÙÛÛZZØ\™[›™P]ZÝKœ‹8àæ¸ààøàâ8àç8àâ8àêËŒ‹LLNKÓÔ•Ð•PÒÑUÕT”‘S•“LLËËSLLËLË:(húhg¸àîù«æùn úhg‹:(húhg¸àîù«æùn úhg‹’SPT–KËÕT”ÒQK:(húhg¸àîù«æùn øàîùkïº,hyn ú(ïydàK“ÕÔÕUQÒS—ÐÒUQÔÓÕTÑK“ÕÔÕUQÒS—ÐÒUQÔÓÕTÑK“ÕÔÕUQÒS—ÐÒUQÔÓÕTÑKSÑKSÑKSÑKSÑKËSLLËLKÎ‹ËÝÝÝË˜Ú]K›ÝZÙKš\›ÜÚ[XKšœÛX]\šX[Ùš[\ËÙÜ›Ý\ÍËÜ™Z]ØN™[›™ÙÛÛZZØ\™[›™P]ZÝKœ‹:(húhg¸àîù«æùn úhg‹Œ‹LLNKÓÔ•Ð•PÒÑUÕT”‘S•“LLËËSLLËL8à ¸à¡8àexàj¸àa8àe8àoË8à ¸à¡8àexàj¸àa8àe8àoË’SPT–KÕT”ÒQK:aäylg¸àîúfm¹èàyfj8àîøà«8àêxà®xàîùl#ùg¢ùk­ºfîùëbK“ÕÔÕUQÒS—ÐÒUQÔÓÕTÑK“ÕÔÕUQÒS—ÐÒUQÔÓÕTÑK:fîù¬h8à¤¹i%¸àeøà yclzfn¹âjxàkùc!xàoú(j9é.¸àfxà¢ËSÑKSÑKSÑKSÑKËSLLËLKÎ‹ËÝÝÝË˜Ú]K›ÝZÙKš\›ÜÚ[XKšœÛX]\šX[Ùš[\ËÙÜ›Ý\ÍËÜ™Z]ØN™[›™ÙÛÛZZØ\™[›™P]ZÝKœ‹8à ¸à¡8àexàj¸àa8àe8àoËŒ‹LLNKÓÔ•Ð•PÒÑUÕT”‘S•“LLËËSLLËLK9ì¥ùi)øàe8àoË9ì¥ùi)øàe8àoË’SPT–KKT‘PÕÒUS9£!ùk¦º(¢øàjùaixà¢xàj¸àa9i)ùg¢ùk­¹n«xàe8àoË“ÕÔÕUQÒS—ÐÒUQÔÓÕTÑK“ÕÔÕUQÒS—ÐÒUQÔÓÕTÑK9.¢9í!8àeøài¸àê¸à­xà©8à«øàêøà®øàìøà¯øàï8àn9£ xàhz/¯8à •QKSÑKSÑKSÑKËSLLËLKÎ‹ËÝÝÝË˜Ú]K›ÝZÙKš\›ÜÚ[XKšœÛX]\šX[Ùš[\ËÙÜ›Ý\ÍËÜ™Z]ØN™[›™ÙÛÛZZØ\™[›™P]ZÝKœ‹9ì¥ùi)øàe8àoËŒ‹LLNK‘Q‘T‘SÑWÓÓ“KÕT”‘S•“LLËËSLLËLL9§"yk¬øàe8àoË9§"yk¬øàe8àoË’SPT–KL“ÔÓÑ‘‹:&ãyabyë¨xàîù¬-:b 9/dù®*z*"8àîùl#ùg¢ùaazfîùo#úfîù¬h8àîùaazfîùo#ùl#ùg¢ùk­ºfîùëbK“ÕÔÕUQÒS—ÐÒUQÔÓÕTÑK“ÕÔÕUQÒS—ÐÒUQÔÓÕTÑK9bcy¥éxào¸àiøàjù.¢9í!8àeú,áù®¤9fç¹cã¹l ¹å*:(¢ùëbxàiøàê¸à­xà©8à«øàêøà®øàìøà¯øàï8àn9£ xàhz/¯8à SÑKSÑKSÑKSÑKËSLLËLKÎ‹ËÝÝÝË˜Ú]K›ÝZÙKš\›ÜÚ[XKšœÛX]\šX[Ùš[\ËÙÜ›Ý\ÍËÜ™Z]ØN™[›™ÙÛÛZZØ\™[›™P]ZÝKœ‹9§"yk¬øàe8àoËŒ‹LLNK‘Q‘T‘SÑWÓÓ“KÕT”‘S•“LLËËSLLËLLK:fîù¬h:hg‹:fîù¬h:hg‹’SPT–KLK“ÔÓÑ‘‹8àç¸àìøà«8àìøàîøà¨¸àêøàªøàê¸àîøàç8à¯øàìùg¢úfîù¬h9ëbK“ÕÔÕUQÒS—ÐÒUQÔÓÕTÑK“ÕÔÕUQÒS—ÐÒUQÔÓÕTÑK9g,9c.¸àk¹/oùå*9®":fîù¬h9fç¹cã¸àç8ààøà«øà®xàn9aî¸àfxà ¹oáz) xàjùoç8àf9ím¹î KSÑKSÑKSÑKSÑKËSLLËLKÎ‹ËÝÝÝË˜Ú]K›ÝZÙKš\›ÜÚ[XKšœÛX]\šX[Ùš[\ËÙÜ›Ý\ÍËÜ™Z]ØN™[›™ÙÛÛZZØ\™[›™P]ZÝKœ‹:fîù¬h:hg‹Œ‹LLNK‘Q‘T‘SÑWÓÓ“KÕT”‘S•“LLËËSLLËLL‹8àføà¤ùk¦¹§§K8àføà¤ùk¦¹§§K’SPT–KL‹“ÔÓÑ‘‹9kïº,hybj¹k¦¹§§K“ÕÔÕUQÒS—ÐÒUQÔÓÕTÑK“ÕÔÕUQÒS—ÐÒUQÔÓÕTÑK:emøàeL[xàîùi*¸àeLLÛy.éy."øàjøàeøà y«ã¹§"9ë+ù§*9¦ç8àk¹.¢9í!9cåùaixànSÑKSÑKSÑKSÑKËSLLËLKÎ‹ËÝÝÝË˜Ú]K›ÝZÙKš\›ÜÚ[XKšœÛX]\šX[Ùš[\ËÙÜ›Ý\ÍËÜ™Z]ØN™[›™ÙÛÛZZØ\™[›™P]ZÝKœ‹8àføà¤ùk¦¹§§KŒ‹LLNK‘Q‘T‘SÑWÓÓ“KÕT”‘S•“LLËSLLLK9áàøà¡8àføà¢øàe8àoË9áàøà¡8àføà¢øàe8àoË’SPT–KKÕT”ÒQK9í&xàîùn øàîù§*8àcøàf¸àîùå'øàe8àoøàîøà­8àè8àîùæ«ºhg¹ëbK“ÕÔÕUQÒS—ÐÒUQÔÓÕTÑK“ÕÔÕUQÒS—ÐÒUQÔÓÕTÑK9n ¹£!ùk¦¸àª¸àë8àìøà®:(¢øàiùaî¸àfKSÑKSÑKSÑKSÑKËSLLL‹Î‹ËÝÝÝË˜Ú]KšYØ\ÚZ\›ÜÚ[XK›ËšœÜÛÜÚZÚKÜÙZZØ]ÝZØ[šÞ[ËÎÍÌKÌŒNMŒËš[9áàøà¡8àføà¢øàe8àoËŒ‹LLNKÓÔ•Ð•PÒÑUÕT”‘S•“LLËSLLL‹9clzfn¸àe8àoË9clzfn¸àe8àoË’SPT–K‹ÕT”ÒQK:fm¹èàyfj8àîøà«8àêxà®xàîùb ùâjxàîúcèzhg‹“ÕÔÕUQÒS—ÐÒUQÔÓÕTÑK“ÕÔÕUQÒS—ÐÒUQÔÓÕTÑK9clzfn¹âjxàkùk¢yaj8àjù/çz+møàeøàª¸àë8àìøà®:(¢øàiùaî¸àfKSÑKSÑKSÑKSÑKËSLLL‹Î‹ËÝÝÝË˜Ú]KšYØ\ÚZ\›ÜÚ[XK›ËšœÜÛÜÚZÚKÜÙZZØ]ÝZØ[šÞ[ËÎÍÌKÌŒNMŒËš[9clzfn¸àe8àoËŒ‹LLNKÓÔ•Ð•PÒÑUÕT”‘S•“LLËSLLLË8àgxàk¹.å¸àåøàêK8àgxàk¹.å¸àåøàêK’SPT–KËÕT”ÒQK8àåøàêxàç¸àï8à«øàk¸àj¸àa8àåøàêxà®xààxààøà«øàk¸àoøàkº(ïydàK“ÕÔÕUQÒS—ÐÒUQÔÓÕTÑK“ÕÔÕUQÒS—ÐÒUQÔÓÕTÑK9í*ú"l¹£!ùk¦º(¢øàiùaî¸àfKSÑKSÑKSÑKSÑKËSLLL‹Î‹ËÝÝÝË˜Ú]KšYØ\ÚZ\›ÜÚ[XK›ËšœÜÛÜÚZÚKÜÙZZØ]ÝZØ[šÞ[ËÎÍÌKÌŒNMŒËš[8àgxàk¹.å¸àåøàêKŒ‹LLNKÓÔ•Ð•PÒÑUÕT”‘S•“LLËSLLL9áàøà¡8àføà¢ùì¥ùi)øàe8àoË9áàøà¡8àføà¢ùì¥ùi)øàe8àoË’SPT–KÕT”ÒQK9k­¹amøàîùkçyamøàîùi)ùg¢úfm¹èàyfj8àîùi)ùg¢øà«8àêxà®yëbK“ÕÔÕUQÒS—ÐÒUQÔÓÕTÑK“ÕÔÕUQÒS—ÐÒUQÔÓÕTÑK9£!ùk¦º(¢øàkù.#z) K•QKSÑKSÑKSÑKËSLLL‹Î‹ËÝÝÝË˜Ú]KšYØ\ÚZ\›ÜÚ[XK›ËšœÜÛÜÚZÚKÜÙZZØ]ÝZØ[šÞ[ËÎÍÌKÌŒNMŒËš[9áàøà¡8àføà¢ùì¥ùi)øàe8àoËŒ‹LLNK‘Q‘T‘SÑWÓÓ“KÕT”‘S•“LLËSLLLK9¥¬: g‹9¥¬: g‹’SPT–KKÕT”ÒQK9¥¬: g¸àîù¢¦:/¯8ààxàêxà­Ë“ÕÔÕUQÒS—ÐÒUQÔÓÕTÑK“ÕÔÕUQÒS—ÐÒUQÔÓÕTÑK9ê+ºhg¹b)xàjøào¸àj8à xà¢ËSÑKSÑKSÑKSÑKËSLLL‹Î‹ËÝÝÝË˜Ú]KšYØ\ÚZ\›ÜÚ[XK›ËšœÜÛÜÚZÚKÜÙZZØ]ÝZØ[šÞ[ËÎÍÌKÌŒNMŒËš[9¥¬: g‹Œ‹LLNKÓÔ•Ð•PÒÑUÕT”‘S•“LLËSLLL‹:fäz*£8àîúfäxàc8àoøàîøàà8àìøàç8àï8àêË:fäz*£8àîúfäxàc8àoøàîøàà8àìøàç8àï8àêË’SPT–K‹ÕT”ÒQK:fäz*£8àîúfäxàc8àoøàîù«­xàç8àï8àêË“ÕÔÕUQÒS—ÐÒUQÔÓÕTÑK“ÕÔÕUQÒS—ÐÒUQÔÓÕTÑK9ê+ºhg¹b)xàjøào¸àj8à xà¢ËSÑKSÑKSÑKSÑKËSLLL‹Î‹ËÝÝÝË˜Ú]KšYØ\ÚZ\›ÜÚ[XK›ËšœÜÛÜÚZÚKÜÙZZØ]ÝZØ[šÞ[ËÎÍÌKÌŒNMŒËš[:fäz*£8àîúfäxàc8àoøàîøàà8àìøàç8àï8àêËŒ‹LLNKÓÔ•Ð•PÒÑUÕT”‘S•“LLËSLLLË8àäøàìøàîùï-‹8àäøàìøàîùï-‹’SPT–KËÕT”ÒQK8àløà¤úhg¸àîùï-ºhg‹“ÕÔÕUQÒS—ÐÒUQÔÓÕTÑK“ÕÔÕUQÒS—ÐÒUQÔÓÕTÑK9.+z.ªøà¤ºfi8àcyí*ú"l¹£!ùk¦º(¢øàn9aixà£8à¢ËSÑKSÑKSÑKSÑKËSLLL‹Î‹ËÝÝÝË˜Ú]KšYØ\ÚZ\›ÜÚ[XK›ËšœÜÛÜÚZÚKÜÙZZØ]ÝZØ[šÞ[ËÎÍÌKÌŒNMŒËš[8àäøàìøàîùï-‹Œ‹LLNKÓÔ•Ð•PÒÑUÕT”‘S•“LLËSLLL8àæ¸ààøàâ8àç8àâ8àêË8àæ¸ààøàâ8àç8àâ8àêË’SPT–KÕT”ÒQKU8àç¸àï8à«øàk¸àç8àâ8àêË“ÕÔÕUQÒS—ÐÒUQÔÓÕTÑK“ÕÔÕUQÒS—ÐÒUQÔÓÕTÑK8à«xàèøààøàåøàîøàêxàæxàêøà¤¹i%¸àeøà yí*ú"l¹£!ùk¦º(¢øàn9aixà£8à¢ËSÑKSÑKSÑKSÑKËSLLL‹Î‹ËÝÝÝË˜Ú]KšYØ\ÚZ\›ÜÚ[XK›ËšœÜÛÜÚZÚKÜÙZZØ]ÝZØ[šÞ[ËÎÍÌKÌŒNMŒËš[8àæ¸ààøàâ8àç8àâ8àêËŒ‹LLNKÓÔ•Ð•PÒÑUÕT”‘S•“LLËSLLLK8àê¸à­xà©8à«øàêøàåøàêK8àê¸à­xà©8à«øàêøàåøàêK’SPT–KKÕT”ÒQK8àåøàêxàç¸àï8à«øàk¹k®yfj9c!z(áK“ÕÔÕUQÒS—ÐÒUQÔÓÕTÑK“ÕÔÕUQÒS—ÐÒUQÔÓÕTÑK9.+z.ªøà¤¹/oøàa9b!øà¢º.ïxàcøàfxàfxàd8à ¹¬f¸à£8àc9cå¸à£8àj¸àdxà£8àl9áàøà¡8àføà¢øàe8àoËSÑKSÑKSÑKSÑKËSLLL‹Î‹ËÝÝÝË˜Ú]KšYØ\ÚZ\›ÜÚ[XK›ËšœÜÛÜÚZÚKÜÙZZØ]ÝZØ[šÞ[ËÎÍÌKÌŒNMŒËš[8àê¸à­xà©8à«øàêøàåøàêKŒ‹LLNKÓÔ•Ð•PÒÑUÕT”‘S•“LLËSLLLL9§"yk¬øàe8àoË9§"yk¬øàe8àoË’SPT–KLÕT”ÒQK:&ãyabyë¨xàîùæoyá¬yä øàîù.oºfîù¬h8àîøàêxà©8à¯øàï8àîùl#ùg¢ùaazfîùo#úfîù¬h8àîù¬-:b 9/dù®*z*"9ëbK“ÕÔÕUQÒS—ÐÒUQÔÓÕTÑK“ÕÔÕUQÒS—ÐÒUQÔÓÕTÑK:fîù¬h8àkùím¹î xà º&ãyabyë¨yëbxàkùhâ¸àexàf¹aî¸àfKSÑKSÑKSÑKSÑKËSLLL‹Î‹ËÝÝÝË˜Ú]KšYØ\ÚZ\›ÜÚ[XK›ËšœÜÛÜÚZÚKÜÙZZØ]ÝZØ[šÞ[ËÎÍÌKÌŒNMŒËš[9§"yk¬øàe8àoËŒ‹LLNKÓÔ•Ð•PÒÑUÕT”‘S•“LLËSLLLLK9áàøà¡8àføàj¸àa9ì¥ùi)øàe8àoË9áàøà¡8àføàj¸àa9ì¥ùi)øàe8àoË’SPT–KLKÕT”ÒQK:aäyâjxàîùk­ºfîøàîùi)ùg¢øàåøàêxà®xààxààøà«øàîú!êº.èº.â¹ëbK“ÕÔÕUQÒS—ÐÒUQÔÓÕTÑK“ÕÔÕUQÒS—ÐÒUQÔÓÕTÑK9£!ùk¦º(¢ù.#z) xà ºfîù¬h9ëbxà¤¹i%¸àfK•QKSÑKSÑKSÑKËSLLL‹Î‹ËÝÝÝË˜Ú]KšYØ\ÚZ\›ÜÚ[XK›ËšœÜÛÜÚZÚKÜÙZZØ]ÝZØ[šÞ[ËÎÍÌKÌŒNMŒËš[9áàøà¡8àføàj¸àa9ì¥ùi)øàe8àoËŒ‹LLNK‘Q‘T‘SÑWÓÓ“KÕT”‘S•“LLËSLLLL‹9n ¸àc9cãºfá¸àîùaé¹ä!¸àeøàj¸àa8àe8àoË9n ¸àc9cãºfá¸àîùaé¹ä!¸àeøàj¸àa8àe8àoËVÓQQL‹“ÕÐÓÓPÕQ9k­ºfîÍ9dàyæë¸àîùk­¹n«yå*8àäxà¯xà¬øàìË9n ¸àkº`&¹n.9cãºfá¹kïº,hxàe8àoË9n ¸àc9cãºfá¸àîùaé¹ä!¸àeøàj¸àa9£!ùk¦¹dàK9dàyæë¸àe8àj8àk¹n ¹cãºfá¹c.¹b!‹:,ªyhì¹n¥øàîøàèxàï8àªøàï9ëbxàk¹£!ùk¦¹fç¹cã¹íc:-ëøà¤¹è®º*£K9n ¹£!ùk¦º(¢øàn9aixà£8àj¸àa9k­ºfîøàê¸à­xà©8à«øàêù¬åykïº,hydàxàîùk­¹n«yå*8àäxà¯xà¬øàìùëbKSÑKÓÓ‘USÓSÓÓ‘USÓS9fç¹cã¹íc:-ëøàîú(ïydàxàjøà¢8à¢¹ål8àj¸à¢Ë•QK9k­ºfîÍ9dàyæë¸àj9k­¹n«yå*8àäxà¯xà¬øàìøàkùl ¹å*8àê¸à­xà©8à«øàêùíc:-ëøà¤¹b*yå*ËSLLLÎ‹ËÝÝÝË˜Ú]KšYØ\ÚZ\›ÜÚ[XK›ËšœÛX]\šX[Ùš[\ËÙÜ›Ý\ÌNÙÛÛZX›ÛÚ×ÜŒËœ‹Œúh H9n ¸àc9cãºfá¸àîùaé¹ä!¸àeøàj¸àa8àe8àoËŒ‹LLVÓQQÓ“ÕPÑKÕT”‘S•“LLKËSLLKLK9áàøà¡8àføà¢øàe8àoË9áàøà¡8àføà¢øàe8àoË’SPT–KKÕT”ÒQKÌÛy§*¹® 8àk¹cëùáàù )ùk­¹n«xàe8àoË“ÕÔÕUQÒS—ÐÒUQÔÓÕTÑK“ÕÔÕUQÒS—ÐÒUQÔÓÕTÑK9å'øàe8àoøàkù¬-9b!øà¢¸à ºemøàey§hy.í¸àjùo¤øàa‹9§"y¥¦y£!ùk¦º(¢ûï":ná:"l»ï"KSÑKSÑKSÑKSÑKËSLLKLKÎ‹ËÝÝÝË˜Ú]Kš]ÝZØZXÚKš\›ÜÚ[XKšœÜÛÜÚZÚKÌÌKÍÎNKš[9áàøà¡8àføà¢øàe8àoËŒ‹LLNKÓÔ•Ð•PÒÑUÕT”‘S•“LLKËSLLKL‹:,áù®¤8àe8àoË:,áù®¤8àe8àoË’SPT–K‹ÕT”ÒQK8àløà¤øàîøàbøà¤øàîøàåøàêxà®xààxààøà«ùk®yfj8àîùí&xàîùn øàîùbj¹k¦¹§§K“ÕÔÕUQÒS—ÐÒUQÔÓÕTÑK“ÕÔÕUQÒS—ÐÒUQÔÓÕTÑKä±YDE,é£²é£Ÿç”¨ãƒ»åŒ–ç²§å“ãƒ»è–¬å“ã³ã‚“ç­‰,NOT_STATED_IN_CITED_SOURCE,,NOT_STATED_IN_CITED_SOURCE,ä¸­ã‚’æ´—ã„ã€ãµãŸãƒ»ã‚­ãƒ£ãƒƒãƒ—ã‚’å¤–ã™ã€‚é‡ã•10kgä»¥ä¸‹,,,FALSE,FALSE,FALSE,,FALSE,,S-M106-01,https://www.akitakata.jp/ja/shisei/section/siminseikatu/gomi22/,ã³ã‚“é¡ž,2026-08-19,REFERENCE_ONLY,CURRENT,,
M106,C-M106-10,å°åž‹å®¶é›»ã€é›»æºã‚³ãƒ¼ãƒ‰ã€é‡‘ç‰©ãªã©,ç‡ƒãˆãªã„ã”ã¿,C-M106-07,SUBCATEGORY,10,CURBSIDE,ãªã¹ãƒ»ãƒ•ãƒ©ã‚¤ãƒ‘ãƒ³ãƒ»å°åž‹å®¶é›»ãƒ»é›»æºã‚³ãƒ¼ãƒ‰ç­‰,NOT_STATED_IN_CITED_SOURCE,,NOT_STATED_IN_CITED_SOURCE,é›»æºã‚³ãƒ¼ãƒ‰ã‚’å™¨å…·ã‹ã‚‰åˆ‡ã‚Šå–ã£ã¦æŸã­ã‚‹ã€‚é‡˜ãƒ»ã‹ã¿ãã‚Šç­‰ã¯ç´™ã§åŒ…ã‚€ã€‚è¢‹ã«å…¥ã‚‰ãªã„ç‰©ã¯ç²—å¤§ã”ã¿,,,FALSE,FALSE,FALSE,,FALSE,,S-M106-01,https://www.akitakata.jp/ja/shisei/section/siminseikatu/gomi22/,å°åž‹å®¶é›»ã€é›»æºã‚³ãƒ¼ãƒ‰ã€é‡‘ç‰©ãªã©,2026-08-19,REFERENCE_ONLY,CURRENT,,
M106,C-M106-11,é™¶å™¨ ã‚¬ãƒ©ã‚¹é¡ž,ç‡ƒãˆãªã„ã”ã¿,C-M106-07,SUBCATEGORY,11,CURBSIDE,é£Ÿå™¨ãƒ»èŒ¶ç¢—ãƒ»çš¿ãƒ»æ¤æœ¨é‰¢ãƒ»ã‚¬ãƒ©ã‚¹ç­‰,NOT_STATED_IN_CITED_SOURCE,,NOT_STATED_IN_CITED_SOURCE,ç ´ç‰‡ãƒ»ã‹ã‘ã‚‰ã¯è¢‹ãŒç ´ã‚Œãªã„ã‚ˆã†ç´™ãªã©ã«åŒ…ã‚€ã€‚é‡ã•10kgä»¥ä¸‹,,,FALSE,FALSE,FALSE,,FALSE,,S-M106-01,https://www.akitakata.jp/ja/shisei/section/siminseikatu/gomi22/,é™¶å™¨ ã‚¬ãƒ©ã‚¹é¡ž,2026-08-19,REFERENCE_ONLY,CURRENT,,
M106,C-M106-12,æœ‰å®³ã”ã¿,æœ‰å®³ã”ã¿,,PRIMARY,12,CURBSIDE,ä¹¾é›»æ± ãƒ»è›å…‰ç®¡ãƒ»é›»çƒãƒ»æ°´éŠ€å¼ä½“æ¸©è¨ˆãƒ»ãƒœã‚¿ãƒ³é›»æ± ãƒ»å°åž‹å……é›»å¼é›»æ± ,NOT_STATED_IN_CITED_SOURCE,,NOT_STATED_IN_CITED_SOURCE,è›å…‰ç®¡ã¯å£Šã•ãš10æœ¬ä»¥å†…ã«ããã‚ŠæŒ‡å®šè¢‹ã‚’ä»˜ã‘ã‚‹ã€‚ä¹¾é›»æ± ã¯æŒ‡å®šè¢‹ã«å…¥ã‚Œå£ã‚’å›ºãã—ã°ã‚‹,,,FALSE,FALSE,FALSE,,FALSE,,S-M106-01,https://www.akitakata.jp/ja/shisei/section/siminseikatu/gomi22/,æœ‰å®³ã”ã¿,2026-08-19,SORT_BUCKET,CURRENT,,
M106,C-M106-13,ç²—å¤§ã”ã¿,ç²—å¤§ã”ã¿,,PRIMARY,13,CURBSIDE,å®¶å…·ãƒ»å¯å…·ãƒ»è‡ªè»¢è»Šãƒ»ã‚¹ãƒˆãƒ¼ãƒ–ãƒ»ã‚«ãƒ¼ãƒšãƒƒãƒˆç­‰,NOT_STATED_IN_CITED_SOURCE,,NOT_STATED_IN_CITED_SOURCE,ç²—å¤§ã”ã¿å‡¦ç†åˆ¸ã‚’ä½¿ç”¨ã€‚ã‚¹ãƒˆãƒ¼ãƒ–ç­‰ã¯ç‡ƒæ–™ã‚’æŠœãã€‚é›»æºã‚³ãƒ¼ãƒ‰ã¯å™¨å…·ã‹ã‚‰åˆ‡ã‚Šå–ã‚‹,,,TRUE,FALSE,FALSE,,FALSE,,S-M106-01,https://www.akitakata.jp/ja/shisei/section/siminseikatu/gomi22/,ç²—å¤§ã”ã¿,2026-08-19,REFERENCE_ONLY,CURRENT,,
M106,C-M106-14,è²©å£²åº—ã‚„ãƒªã‚µã‚¤ã‚¯ãƒ«æ¥­è€…ã«å¼•ãå–ã£ã¦ã‚‚ã‚‰ã†,è²©å£²åº—ã‚„ãƒªã‚µã‚¤ã‚¯ãƒ«æ¥­è€…ã«å¼•ãå–ã£ã¦ã‚‚ã‚‰ã†,,EXCLUDED,14,NOT_COLLECTED,ãƒ¢ãƒã‚¤ãƒ«ãƒãƒƒãƒ†ãƒªãƒ¼ãƒ»ãƒªãƒã‚¦ãƒ ã‚¤ã‚ªãƒ³é›»æ± ãƒ»ãƒ‹ãƒƒã‚«ãƒ‰é›»æ± ,ä¸€èˆ¬ã”ã¿ãƒ»å°åž‹å®¶é›»å›žåŽãƒœãƒƒã‚¯ã‚¹,å®¶åº­ã‹ã‚‰å»ƒæ£„ã™ã‚‹å¯¾è±¡é›»æ± ,å¸‚ã®é€šå¸¸åŽé›†åŒºåˆ†ã¸å‡ºã•ãªã„,è³¼å…¥ã—ãŸè²©å£²åº—ç­‰ã¸å¼•å–ã‚’ä¾é ¼ã™ã‚‹,å¸‚æŒ‡å®šè¢‹ãƒ»å°åž‹å®¶é›»å›žåŽãƒœãƒƒã‚¯ã‚¹ã¸å…¥ã‚Œãªã„,,FALSE,FALSE,CONDITIONAL,,TRUE,ç«ç½é˜²æ­¢ã®ãŸã‚ä¸€èˆ¬ã”ã¿åŠã³å°åž‹å®¶é›»å›žåŽãƒœãƒƒã‚¯ã‚¹ã§ã¯å›žåŽä¸å¯,S-M106-02,https://www.akitakata.jp/ja/shisei/section/119/m148-copy-5/,3.å»ƒæ£„æ–¹æ³•,2026-08-26,EXCLUDED_NOTICE,CURRENT,,
M107,C-M107-01,ç‡ƒãˆã‚‹ã”ã¿,ç‡ƒãˆã‚‹ã”ã¿,,PRIMARY,1,CURBSIDE,ç”Ÿã”ã¿ãƒ»æœ¨ããšãƒ»å†ç”Ÿã§ããªã„ç´™é¡žãƒ»å¸ƒé¡žãƒ»ãƒ—ãƒ©ã‚¹ãƒãƒƒã‚¯é¡žç­‰,NOT_STATED_IN_CITED_SOURCE,,NOT_STATED_IN_CITED_SOURCE,ç”Ÿã”ã¿ã¯æ°´åˆ‡ã‚Šã€‚æžæœ¨ç­‰ã¯ç¾è¡Œãƒã‚¹ã‚¿ãƒ¼ã®å¯¸æ³•æ¡ä»¶ã«å¾“ã†,,,FALSE,FALSE,FALSE,,FALSE,,S-M107-01,https://www.city.etajima.hiroshima.jp/cms/articles/download/11923/1/R8_nihonngo.pdf,ç‡ƒãˆã‚‹ã”ã¿,2026-08-19,SORT_BUCKET,CURRENT,,
M107,C-M107-02,ç‡ƒãˆãªã„ã”ã¿ï¼ˆåŸ‹ç«‹ã¦ã‚‹ã”ã¿ï¼‰,ç‡ƒãˆãªã„ã”ã¿ï¼ˆåŸ‹ç«‹ã¦ã‚‹ã”ã¿ï¼‰,,PRIMARY,2,CURBSIDE,é™¶ç£å™¨é¡žãƒ»åœŸç ‚é¡žãƒ»ã‚¬ãƒ©ã‚¹é¡žãƒ»æ¤æœ¨é‰¢ç­‰,NOT_STATED_IN_CITED_SOURCE,,NOT_STATED_IN_CITED_SOURCE,NOT_STATED_IN_CITED_SOURCE,,,FALSE,FALSE,FALSE,,FALSE,,S-M107-01,https://www.city.etajima.hiroshima.jp/cms/articles/download/11923/1/R8_nihonngo.pdf,ç‡ƒãˆãªã„ã”ã¿ï¼ˆåŸ‹ç«‹ã¦ã‚‹ã”ã¿ï¼‰,2026-08-19,SORT_BUCKET,CURRENT,,
M107,C-M107-03,ç‡ƒãˆã‚‹ç²—å¤§ã”ã¿,ç‡ƒãˆã‚‹ç²—å¤§ã”ã¿,,PRIMARY,3,CURBSIDE,å®¶å…·é¡žãƒ»å¯å…·é¡žãƒ»å®¶åº­é›»å™¨è£½å“ãƒ»å°åž‹å®¶é›»ç­‰,NOT_STATED_IN_CITED_SOURCE,,NOT_STATED_IN_CITED_SOURCE,ã‚³ãƒ¼ãƒ‰ç­‰ã®å¸‚æŒ‡å®šå‰å‡¦ç†ã‚’è¡Œã†,,,TRUE,FALSE,FALSE,,FALSE,,S-M107-01,https://www.city.etajima.hiroshima.jp/cms/articles/download/11923/1/R8_nihonngo.pdf,ç‡ƒãˆã‚‹ç²—å¤§ã”ã¿,2026-08-19,REFERENCE_ONLY,CURRENT,,
M107,C-M107-04,ç‡ƒãˆãªã„ç²—å¤§ã”ã¿,ç‡ƒãˆãªã„ç²—å¤§ã”ã¿,,PRIMARY,4,CURBSIDE,è‡ªè»¢è»Šé¡žãƒ»é‡‘å±žè£½å“é¡žãƒ»ã‚¬ã‚¹ãƒ†ãƒ¼ãƒ–ãƒ«ãƒ»ã‚¹ãƒˆãƒ¼ãƒ–ç­‰,NOT_STATED_IN_CITED_SOURCE,,NOT_STATED_IN_CITED_SOURCE,ã‚¹ãƒˆãƒ¼ãƒ–ç­‰ã¯ç‡ƒæ–™ã‚’å®Œå…¨ã«æŠœã,,,TRUE,FALSE,FALSE,,FALSE,,S-M107-01,https://www.city.etajima.hiroshima.jp/cms/articles/download/11923/1/R8_nihonngo.pdf,ç‡ƒãˆãªã„ç²—å¤§ã”ã¿,2026-08-19,REFERENCE_ONLY,CURRENT,,
M107,C-M107-05,è³‡æºã”ã¿ï¼ˆã³ã‚“ãƒ»ç¼¶ï¼‰,è³‡æºã”ã¿ï¼ˆã³ã‚“ãƒ»ç¼¶ï¼‰,,PRIMARY,5,CURBSIDE,é£²é£Ÿç”¨ã³ã‚“ãƒ»ç¼¶ç­‰,NOT_STATED_IN_CITED_SOURCE,,NOT_STATED_IN_CITED_SOURCE,ä¸­èº«ã‚’ç©ºã«ã™ã‚‹,,,FALSE,FALSE,FALSE,,FALSE,,S-M107-01,https://www.city.etajima.hiroshima.jp/cms/articles/download/11923/1/R8_nihonngo.pdf,è³‡æºã”ã¿ï¼ˆã³ã‚“ãƒ»ç¼¶ï¼‰,2026-08-19,SORT_BUCKET,CURRENT,,
M107,C-M107-06,è³‡æºã”ã¿ï¼ˆå¤ç´™ãƒ»å¸ƒé¡žï¼‰,è³‡æºã”ã¿ï¼ˆå¤ç´™ãƒ»å¸ƒé¡žï¼‰,,PRIMARY,6,CURBSIDE,å¤ç´™ãƒ»è¡£é¡žç­‰,NOT_STATED_IN_CITED_SOURCE,,NOT_STATED_IN_CITED_SOURCE,å¤ç´™ã¯ç¨®é¡žåˆ¥ã«ã¾ã¨ã‚ã‚‹,,,FALSE,FALSE,FALSE,,FALSE,,S-M107-01,https://www.city.etajima.hiroshima.jp/cms/articles/download/11923/1/R8_nihonngo.pdf,è³‡æºã”ã¿ï¼ˆå¤ç´™ãƒ»å¸ƒé¡žï¼‰,2026-08-19,SORT_BUCKET,CURRENT,,
M107,C-M107-07,è³‡æºã”ã¿ï¼ˆãƒšãƒƒãƒˆãƒœãƒˆãƒ«ï¼‰,è³‡æºã”ã¿ï¼ˆãƒšãƒƒãƒˆãƒœãƒˆãƒ«ï¼‰,,PRIMARY,7,CURBSIDE,PETãƒžãƒ¼ã‚¯ã®ãƒšãƒƒãƒˆãƒœãƒˆãƒ«,NOT_STATED_IN_CITED_SOURCE,,NOT_STATED_IN_CITED_SOURCE,ä¸­ã‚’æ´—ã„ã€ãµãŸãƒ»ãƒ©ãƒ™ãƒ«ã‚’å¤–ã™,,,FALSE,FALSE,FALSE,,FALSE,,S-M107-01,https://www.city.etajima.hiroshima.jp/cms/articles/download/11923/1/R8_nihonngo.pdf,è³‡æºã”ã¿ï¼ˆãƒšãƒƒãƒˆãƒœãƒˆãƒ«ï¼‰,2026-08-19,SORT_BUCKET,CURRENT,,
M107,C-M107-08,æœ‰å®³ãƒ»å±é™ºã”ã¿,æœ‰å®³ãƒ»å±é™ºã”ã¿,,PRIMARY,8,CURBSIDE,ä¹¾é›»æ± ãƒ»ãƒ¢ãƒã‚¤ãƒ«ãƒãƒƒãƒ†ãƒªãƒ¼ãƒ»è›å…‰ç®¡ãƒ»æ°´éŠ€è£½å“ãƒ»ã‚¹ãƒ—ãƒ¬ãƒ¼ç¼¶ç­‰,NOT_STATED_IN_CITED_SOURCE,,NOT_STATED_IN_CITED_SOURCE,ã‚¹ãƒ—ãƒ¬ãƒ¼ç¼¶ã¯ä¸­èº«ã‚’ä½¿ã„åˆ‡ã‚‹ã€‚ç©´ã‚’é–‹ã‘ãšã«å‡ºã™å ´åˆã¯è¢‹ã«å…¥ã‚Œã€ç©´ã‚’é–‹ã‘ã¦ã„ãªã„æ—¨ã‚’è¡¨ç¤ºã™ã‚‹,,,FALSE,FALSE,FALSE,,FALSE,,S-M107-02,https://www.city.etajima.hiroshima.jp/cms/articles/show/11608,æœ‰å®³ãƒ»å±é™ºã”ã¿,2026-08-19,SORT_BUCKET,CURRENT,,
M108,C-M108-01,æ™®é€šã”ã¿,æ™®é€šã”ã¿,,PRIMARY,1,CURBSIDE,å°æ‰€ã”ã¿ãƒ»ç´™ããšãƒ»æœ¨ããšãƒ»é©ãƒ»ã‚´ãƒ ãƒ»ãƒ—ãƒ©ã‚¹ãƒãƒƒã‚¯ç­‰,NOT_STATED_IN_CITED_SOURCE,,NOT_STATED_IN_CITED_SOURCE,ç”Ÿã”ã¿ã¯æ°´åˆ‡ã‚Šã€‚æŒ‡å®šå¯¸æ³•ã‚’è¶…ãˆã‚‹ç‰©ã¯å¤§åž‹ã”ã¿,,,FALSE,FALSE,FALSE,,FALSE,,S-M108-01,https://www.town.fuchu.hiroshima.jp/uploaded/attachment/31359.pdf,æ™®é€šã”ã¿,2026-08-19,SORT_BUCKET,CURRENT,,
M108,C-M108-02,æœ‰ä¾¡ç‰©,æœ‰ä¾¡ç‰©,,PRIMARY,2,CURBSIDE,æ–°èžãƒ»é›‘èªŒãƒ»é›‘ãŒã¿ãƒ»ãƒ€ãƒ³ãƒœãƒ¼ãƒ«ãƒ»è¡£é¡žãƒ»ãƒ“ãƒ³ãƒ»ç¼¶ç­‰,NOT_STATED_IN_CITED_SOURCE,,NOT_STATED_IN_CITED_SOURCE,NOT_STATED_IN_CITED_SOURCE,,,FALSE,FALSE,FALSE,,FALSE,,S-M108-01,https://www.town.fuchu.hiroshima.jp/uploaded/attachment/31359.pdf,æœ‰ä¾¡ç‰©,2026-08-19,SORT_BUCKET,CURRENT,,
M108,C-M108-03,æ–°èžãƒ»é›‘èªŒãƒ»é›‘ãŒã¿,æœ‰ä¾¡ç‰©,C-M108-02,SUBCATEGORY,3,CURBSIDE,æ–°èžãƒ»é›‘èªŒãƒ»é›‘ãŒã¿,NOT_STATED_IN_CITED_SOURCE,,NOT_STATED_IN_CITED_SOURCE,ç´™é¡žã¯ç¨®é¡žã«å¿œã˜ã¦ã²ã‚‚ã§ã—ã°ã‚‹,,,FALSE,FALSE,FALSE,,FALSE,,S-M108-01,https://www.town.fuchu.hiroshima.jp/uploaded/attachment/31359.pdf,æ–°èžãƒ»é›‘èªŒãƒ»é›‘ãŒã¿,2026-08-19,REFERENCE_ONLY,CURRENT,,
M108,C-M108-04,ãƒ€ãƒ³ãƒœãƒ¼ãƒ«,æœ‰ä¾¡ç‰©,C-M108-02,SUBCATEGORY,4,CURBSIDE,ãƒ€ãƒ³ãƒœãƒ¼ãƒ«,NOT_STATED_IN_CITED_SOURCE,,NOT_STATED_IN_CITED_SOURCE,ãŸãŸã‚“ã§ã²ã‚‚ã§ã—ã°ã‚‹,,,FALSE,FALSE,FALSE,,FALSE,,S-M108-01,https://www.town.fuchu.hiroshima.jp/uploaded/attachment/31359.pdf,ãƒ€ãƒ³ãƒœãƒ¼ãƒ«,2026-08-19,REFERENCE_ONLY,CURRENT,,
M108,C-M108-05,è¡£é¡ž,æœ‰ä¾¡ç‰©,C-M108-02,SUBCATEGORY,5,CURBSIDE,è¡£é¡ž,NOT_STATED_IN_CITED_SOURCE,,NOT_STATED_IN_CITED_SOURCE,é€æ˜Žã¾ãŸã¯åŠé€æ˜Žã®è¢‹ã§å‡ºã—ã€é›¨å¤©æ™‚ã¯é¿ã‘ã‚‹,,,FALSE,FALSE,FALSE,,FALSE,,S-M108-01,https://www.town.fuchu.hiroshima.jp/uploaded/attachment/31359.pdf,è¡£é¡ž,2026-08-19,REFERENCE_ONLY,CURRENT,,
M108,C-M108-06,ãƒ“ãƒ³ãƒ»ç¼¶,æœ‰ä¾¡ç‰©,C-M108-02,SUBCATEGORY,6,CURBSIDE,é£²é£Ÿç”¨ã³ã‚“ãƒ»ç¼¶ãƒ»å°åž‹é‡‘å±žç­‰,NOT_STATED_IN_CITED_SOURCE,,NOT_STATED_IN_CITED_SOURCE,ä¸­èº«ã‚’ç©ºã«ã—ã€ã³ã‚“ã®ãµãŸã‚’å¤–ã™ã€‚ã‚¹ãƒ—ãƒ¬ãƒ¼ç¼¶ãƒ»ã‚«ã‚»ãƒƒãƒˆãƒœãƒ³ãƒ™ã¯ä¸­èº«ã‚’ä½¿ã„åˆ‡ã‚‹,,,FALSE,FALSE,FALSE,,FALSE,,S-M108-01,https://www.town.fuchu.hiroshima.jp/uploaded/attachment/31359.pdf,ãƒ“ãƒ³ãƒ»ç¼¶,2026-08-19,REFERENCE_ONLY,CURRENT,,
M108,C-M108-07,åŸ‹ç«‹ã”ã¿,åŸ‹ç«‹ã”ã¿,,PRIMARY,7,CURBSIDE,é™¶ç£å™¨ãƒ»ã‚¬ãƒ©ã‚¹ãƒ»åœŸç ‚ç­‰,NOT_STATED_IN_CITED_SOURCE,,NOT_STATED_IN_CITED_SOURCE,å‰²ã‚ŒãŸã‚¬ãƒ©ã‚¹ç­‰ã¯å®‰å…¨ã«åŒ…ã¿å†…å®¹ã‚’è¡¨ç¤ºã™ã‚‹,,,FALSE,FALSE,FALSE,,FALSE,,S-M108-01,https://www.town.fuchu.hiroshima.jp/uploaded/attachment/31359.pdf,åŸ‹ç«‹ã”ã¿,2026-08-19,SORT_BUCKET,CURRENT,,
M108,C-M108-08,æœ‰å®³ã”ã¿,æœ‰å®³ã”ã¿,,PRIMARY,8,CURBSIDE,ä¹¾é›»æ± ãƒ»å……é›»å¼é›»æ± ãƒ»è›å…‰ç®¡ãƒ»å……é›»æ± ã‚’å¤–ã›ãªã„å°åž‹å®¶é›»ç­‰,NOT_STATED_IN_CITED_SOURCE,,NOT_STATED_IN_CITED_SOURCE,é›»æ± ã®é›»æ¥µã‚’ãƒ†ãƒ¼ãƒ—ã§çµ¶ç¸ã€‚è›å…‰ç®¡ã¨é›»æ± é¡žã¯åˆ¥è¢‹ã§å‡ºã™,,,FALSE,FALSE,FALSE,,FALSE,,S-M108-01,https://www.town.fuchu.hiroshima.jp/uploaded/attachment/31359.pdf,æœ‰å®³ã”ã¿,2026-08-19,SORT_BUCKET,CURRENT,,
M108,C-M108-09,ãƒšãƒƒãƒˆãƒœãƒˆãƒ«,ãƒšãƒƒãƒˆãƒœãƒˆãƒ«,,PRIMARY,9,CURBSIDE,PETãƒžãƒ¼ã‚¯ã®ãƒšãƒƒãƒˆãƒœãƒˆãƒ«,NOT_STATED_IN_CITED_SOURCE,,NOT_STATED_IN_CITED_SOURCE,ã‚­ãƒ£ãƒƒãƒ—ãƒ»ãƒ©ãƒ™ãƒ«ã‚’å¤–ã™ã€‚æ±šã‚ŒãŒè½ã¡ãªã„ã‚‚ã®ã¯æ™®é€šã”ã¿,,,FALSE,FALSE,FALSE,,FALSE,,S-M108-01,https://www.town.fuchu.hiroshima.jp/uploaded/attachment/31359.pdf,ãƒšãƒƒãƒˆãƒœãƒˆãƒ«,2026-08-19,SORT_BUCKET,CURRENT,,
M108,C-M108-10,ç´™ãƒ‘ãƒƒã‚¯,ç´™ãƒ‘ãƒƒã‚¯,,PRIMARY,10,CURBSIDE,ç‰›ä¹³ç­‰ã®ç´™ãƒ‘ãƒƒã‚¯,NOT_STATED_IN_CITED_SOURCE,,NOT_STATED_IN_CITED_SOURCE,ã‚¹ãƒˆãƒ­ãƒ¼ç­‰ã‚’å¤–ã™ã€‚ã‚¢ãƒ«ãƒŸç®”ä»˜ãã¯æ™®é€šã”ã¿,,,FALSE,FALSE,FALSE,,FALSE,,S-M108-01,https://www.town.fuchu.hiroshima.jp/uploaded/attachment/31359.pdf,ç´™ãƒ‘ãƒƒã‚¯,2026-08-19,SORT_BUCKET,CURRENT,,
M108,C-M108-11,ç™½è‰²ãƒˆãƒ¬ã‚¤,ç™½è‰²ãƒˆãƒ¬ã‚¤,,PRIMARY,11,CURBSIDE,ç™½è‰²é£Ÿå“ãƒˆãƒ¬ã‚¤,NOT_STATED_IN_CITED_SOURCE,,NOT_STATED_IN_CITED_SOURCE,æ±šã‚Œã‚’è½ã¨ã™,,,FALSE,FALSE,FALSE,,FALSE,,S-M108-01,https://www.town.fuchu.hiroshima.jp/uploaded/attachment/31359.pdf,ç™½è‰²ãƒˆãƒ¬ã‚¤,2026-08-19,SORT_BUCKET,CURRENT,,
M108,C-M108-12,å¤§åž‹ã”ã¿,å¤§åž‹ã”ã¿,,PRIMARY,12,CURBSIDE,30cmã‚’è¶…ãˆã‚‹ç­‰ã®å¤§åž‹å®¶åº­ã”ã¿,NOT_STATED_IN_CITED_SOURCE,,NOT_STATED_IN_CITED_SOURCE,NOT_STATED_IN_CITED_SOURCE,,,TRUE,FALSE,FALSE,,FALSE,,S-M108-01,https://www.town.fuchu.hiroshima.jp/uploaded/attachment/31359.pdf,å¤§åž‹ã”ã¿,2026-08-19,REFERENCE_ONLY,CURRENT,,
M109,C-M109-01,å¯ç‡ƒã”ã¿,å¯ç‡ƒã”ã¿,,PRIMARY,1,CURBSIDE,ç”Ÿã”ã¿ãƒ»ç´™ããšãƒ»æœ¨ããšãƒ»é©ãƒ»ã‚´ãƒ ãƒ»ãƒ—ãƒ©ã‚¹ãƒãƒƒã‚¯ç­‰,NOT_STATED_IN_CITED_SOURCE,,NOT_STATED_IN_CITED_SOURCE,é€æ˜Žãƒ»åŠé€æ˜Žè¢‹ã§å£ã‚’ã—ã°ã‚‹ã€‚ç”Ÿã”ã¿ã¯æ°´åˆ‡ã‚Š,,,FALSE,FALSE,FALSE,,FALSE,,S-M109-01,https://www.town.kaita.lg.jp/uploaded/life/44980_122640_misc.pdf,å¯ç‡ƒã”ã¿,2026-08-19,SORT_BUCKET,CURRENT,,
M109,C-M109-02,åŸ‹ç«‹ã”ã¿,åŸ‹ç«‹ã”ã¿,,PRIMARY,2,CURBSIDE,é™¶ç£å™¨ãƒ»ã‚¬ãƒ©ã‚¹ãƒ»åœŸç ‚ç­‰,NOT_STATED_IN_CITED_SOURCE,,NOT_STATED_IN_CITED_SOURCE,é€æ˜Žãƒ»åŠé€æ˜Žè¢‹ã§å‡ºã—ã€è¢‹ã®å£ã¯é–‰ã˜ãªã„,,,FALSE,FALSE,FALSE,,FALSE,,S-M109-01,https://www.town.kaita.lg.jp/uploaded/life/44980_122640_misc.pdf,åŸ‹ç«‹ã”ã¿,2026-08-19,SORT_BUCKET,CURRENT,,
M109,C-M109-03,è³‡æºç‰©,è³‡æºç‰©,,PRIMARY,3,CURBSIDE,ç¼¶ãƒ»é‡‘å±žãƒ»ã³ã‚“ãƒ»ç´™ãƒ»å¸ƒãƒ»ãƒšãƒƒãƒˆãƒœãƒˆãƒ«ãƒ»ãã®ä»–,NOT_STATED_IN_CITED_SOURCE,,NOT_STATED_IN_CITED_SOURCE,NOT_STATED_IN_CITED_SOURCE,,,FALSE,FALSE,FALSE,,FALSE,,S-M109-01,https://www.town.kaita.lg.jp/uploaded/life/44980_122640_misc.pdf,è³‡æºç‰©,2026-08-19,SORT_BUCKET,CURRENT,,
M109,C-M109-04,ç¼¶ãƒ»é‡‘å±žé¡ž,è³‡æºç‰©,C-M109-03,SUBCATEGORY,4,CURBSIDE,é£²é£Ÿç”¨ç¼¶ãƒ»å°åž‹é‡‘å±žãƒ»ã‚¹ãƒ—ãƒ¬ãƒ¼ç¼¶ç­‰,NOT_STATED_IN_CITED_SOURCE,,NOT_STATED_IN_CITED_SOURCE,ä¸­ã‚’æ´—ã†ã€‚ã‚¹ãƒ—ãƒ¬ãƒ¼ç¼¶ã¯ä½¿ã„åˆ‡ã‚Šã€ç©´ã‚’é–‹ã‘ãªã„,,,FALSE,FALSE,FALSE,,FALSE,,S-M109-01,https://www.town.kaita.lg.jp/uploaded/life/44980_122640_misc.pdf,ç¼¶ãƒ»é‡‘å±žé¡ž,2026-08-19,REFERENCE_ONLY,CURRENT,,
M109,C-M109-05,ãƒ“ãƒ³é¡ž,è³‡æºç‰©,C-M109-03,SUBCATEGORY,5,CURBSIDE,é£²é£Ÿç”¨ã³ã‚“ç­‰,NOT_STATED_IN_CITED_SOURCE,,NOT_STATED_IN_CITED_SOURCE,ãµãŸç­‰ã‚’å¤–ã—ã€ä¸­ã‚’æ´—ã†,,,FALSE,FALSE,FALSE,,FALSE,,S-M109-01,https://www.town.kaita.lg.jp/uploaded/life/44980_122640_misc.pdf,ãƒ“ãƒ³é¡ž,2026-08-19,REFERENCE_ONLY,CURRENT,,
M109,C-M109-06,ç´™ãƒ»å¸ƒé¡ž,è³‡æºç‰©,C-M109-03,SUBCATEGORY,6,CURBSIDE,æ–°èžãƒ»ãƒ€ãƒ³ãƒœãƒ¼ãƒ«ãƒ»é›‘èªŒãƒ»ç´™ãƒ‘ãƒƒã‚¯ãƒ»è¡£é¡žç­‰,NOT_STATED_IN_CITED_SOURCE,,NOT_STATED_IN_CITED_SOURCE,ç´™ã¯ç¨®é¡žåˆ¥ã«ã¾ã¨ã‚ã€è¡£é¡žã¯é€æ˜Žãƒ»åŠé€æ˜Žè¢‹ã§å‡ºã™,,,FALSE,FALSE,FALSE,,FALSE,,S-M109-01,https://www.town.kaita.lg.jp/uploaded/life/44980_122640_misc.pdf,ç´™ãƒ»å¸ƒé¡ž,2026-08-19,REFERENCE_ONLY,CURRENT,,
M109,C-M109-07,ãƒšãƒƒãƒˆãƒœãƒˆãƒ«,è³‡æºç‰©,C-M109-03,SUBCATEGORY,7,CURBSIDE,PETãƒžãƒ¼ã‚¯ã®ãƒœãƒˆãƒ«,NOT_STATED_IN_CITED_SOURCE,,NOT_STATED_IN_CITED_SOURCE,ä¸­ã‚’æ´—ã„ã€ã‚­ãƒ£ãƒƒãƒ—ãƒ»ãƒ©ãƒ™ãƒ«ã‚’å¤–ã™,,,FALSE,FALSE,FALSE,,FALSE,,S-M109-01,https://www.town.kaita.lg.jp/uploaded/life/44980_122640_misc.pdf,ãƒšãƒƒãƒˆãƒœãƒˆãƒ«,2026-08-19,REFERENCE_ONLY,CURRENT,,
M109,C-M109-08,ãã®ä»–,è³‡æºç‰©,C-M109-03,SUBCATEGORY,8,CURBSIDE,ç™½è‰²ãƒˆãƒ¬ã‚¤,NOT_STATED_IN_CITED_SOURCE,,NOT_STATED_IN_CITED_SOURCE,ç™½è‰²ãƒˆãƒ¬ã‚¤ã®ã¿ã€‚æ´—ã£ã¦å‡ºã™,,,FALSE,FALSE,FALSE,,FALSE,,S-M109-01,https://www.town.kaita.lg.jp/uploaded/life/44980_122640_misc.pdf,ãã®ä»–,2026-08-19,REFERENCE_ONLY,CURRENT,,
M109,C-M109-09,æœ‰å®³ã”ã¿,æœ‰å®³ã”ã¿,,PRIMARY,9,CURBSIDE,ä¹¾é›»æ± ãƒ»å……é›»å¼é›»æ± ãƒ»è›å…‰ç®¡ç­‰,NOT_STATED_IN_CITED_SOURCE,,NOT_STATED_IN_CITED_SOURCE,å……é›»å¼é›»æ± ç­‰ã¯é›»æ¥µã‚’ãƒ†ãƒ¼ãƒ—ã§çµ¶ç¸,,,FALSE,FALSE,FALSE,,FALSE,,S-M109-01,https://www.town.kaita.lg.jp/uploaded/life/44980_122640_misc.pdf,æœ‰å®³ã”ã¿,2026-08-19,SORT_BUCKET,CURRENT,,
M109,C-M109-10,å¤§åž‹ã”ã¿,å¤§åž‹ã”ã¿,,PRIMARY,10,CURBSIDE,ãŠãŠã‚€ã­50cmä»¥ä¸Šã®å¤§åž‹å®¶åº­ã”ã¿,NOT_STATED_IN_CITED_SOURCE,,NOT_STATED_IN_CITED_SOURCE,ç‡ƒæ–™ãƒ»é›»æ± ç­‰ã‚’é™¤ã,,,TRUE,FALSE,FALSE,,FALSE,,S-M109-01,https://www.town.kaita.lg.jp/uploaded/life/44980_122640_misc.pdf,å¤§åž‹ã”ã¿,2026-08-19,REFERENCE_ONLY,CURRENT,,
M110,C-M110-01,å¯ç‡ƒã”ã¿,å¯ç‡ƒã”ã¿,,PRIMARY,1,CURBSIDE,ç”Ÿã”ã¿ãƒ»å¯ç‡ƒæ€§å®¶åº­ã”ã¿,NOT_STATED_IN_CITED_SOURCE,,NOT_STATED_IN_CITED_SOURCE,ç”Ÿã”ã¿ã¯æ°´åˆ‡ã‚Šã€‚é€æ˜Žè¢‹ç­‰ã®ç¾è¡ŒæŒ‡å®šæ–¹æ³•ã§å‡ºã™,,,FALSE,FALSE,FALSE,,FALSE,,S-M110-01,https://www.town.kumano.lg.jp/8/1/3/2/3569.html,å¯ç‡ƒã”ã¿,2026-08-19,SORT_BUCKET,CURRENT,,
M110,C-M110-02,è³‡æºç‰©ï¼ˆ1ï¼‰,è³‡æºç‰©ï¼ˆ1ï¼‰,,PRIMARY,2,CURBSIDE,ç´™é¡žãƒ»è¡£é¡žãƒ»ãƒšãƒƒãƒˆãƒœãƒˆãƒ«ãƒ»ãƒ—ãƒ©ã‚¹ãƒãƒƒã‚¯è£½å®¹å™¨åŒ…è£…,NOT_STATED_IN_CITED_SOURCE,,NOT_STATED_IN_CITED_SOURCE,ç´™é¡žã¯å°åˆ†é¡žã”ã¨ã«ã²ã‚‚ã§ã—ã°ã‚‹ã€‚PETã¨ãƒ—ãƒ©å®¹å™¨åŒ…è£…ã¯åˆ¥ã€…ã®é€æ˜Žè¢‹ã€‚PETã¯ã‚­ãƒ£ãƒƒãƒ—ãƒ»ãƒ©ãƒ™ãƒ«ã‚’å¤–ã—æ´—ã£ã¦ä¹¾ã‹ã™,,,FALSE,FALSE,FALSE,,FALSE,,S-M110-02,https://www.town.kumano.lg.jp/8/1/3/2/1/3572.html,è³‡æºç‰©ï¼ˆ1ï¼‰,2026-08-19,SORT_BUCKET,CURRENT,,
M110,C-M110-03,è³‡æºç‰©ï¼ˆ2ï¼‰,è³‡æºç‰©ï¼ˆ2ï¼‰,,PRIMARY,3,CURBSIDE,ã³ã‚“ãƒ»é£²æ–™ç¼¶ãƒ»é‡‘å±žé¡ž,NOT_STATED_IN_CITED_SOURCE,,NOT_STATED_IN_CITED_SOURCE,NOT_STATED_IN_CITED_SOURCE,,,FALSE,FALSE,FALSE,,FALSE,,S-M110-01,https://www.town.kumano.lg.jp/8/1/3/2/3569.html,è³‡æºç‰©ï¼ˆ2ï¼‰,2026-08-19,SORT_BUCKET,CURRENT,,
M110,C-M110-04,åŸ‹ç«‹ã”ã¿,åŸ‹ç«‹ã”ã¿,,PRIMARY,4,CURBSIDE,é™¶ç£å™¨ãƒ»ã‚¬ãƒ©ã‚¹ç­‰,NOT_STATED_IN_CITED_SOURCE,,NOT_STATED_IN_CITED_SOURCE,å±é™ºç‰©ã¯å®‰å…¨ã«åŒ…ã‚€,,,FALSE,FALSE,FALSE,,FALSE,,S-M110-01,https://www.town.kumano.lg.jp/8/1/3/2/3569.html,åŸ‹ç«‹ã”ã¿,2026-08-19,SORT_BUCKET,CURRENT,,
M110,C-M110-05,æœ‰å®³ã”ã¿,æœ‰å®³ã”ã¿,,PRIMARY,5,CURBSIDE,ä¹¾é›»æ± ãƒ»è›å…‰ç®¡ãƒ»æ°´éŠ€è£½å“ç­‰,NOT_STATED_IN_CITED_SOURCE,,NOT_STATED_IN_CITED_SOURCE,å°åˆ†é¡žã”ã¨ã«åˆ†ã‘ã€è›å…‰ç®¡ã¯ç ´æã‚’é˜²ã,,,FALSE,FALSE,FALSE,,FALSE,,S-M110-01,https://www.town.kumano.lg.jp/8/1/3/2/3569.html,æœ‰å®³ã”ã¿,2026-08-19,SORT_BUCKET,CURRENT,,
M110,C-M110-06,å¤§åž‹ã”ã¿,å¤§åž‹ã”ã¿,,PRIMARY,6,CURBSIDE,å¤§åž‹å®¶åº­ã”ã¿,NOT_STATED_IN_CITED_SOURCE,,NOT_STATED_IN_CITED_SOURCE,é›»æ± ãƒ»ç‡ƒæ–™ç­‰ã‚’å¤–ã™,,,TRUE,FALSE,FALSE,,FALSE,,S-M110-01,https://www.town.kumano.lg.jp/8/1/3/2/3569.html,å¤§åž‹ã”ã¿,2026-08-19,REFERENCE_ONLY,CURRENT,,
M111,C-M111-01,ã‚‚ã‚„ã›ã‚‹ã”ã¿,ã‚‚ã‚„ã›ã‚‹ã”ã¿,,PRIMARY,1,CURBSIDE,ç”Ÿã”ã¿ãƒ»ç´™ããšãƒ»å¯ç‡ƒæ€§å®¶åº­ã”ã¿,NOT_STATED_IN_CITED_SOURCE,,NOT_STATED_IN_CITED_SOURCE,ç”Ÿã”ã¿ã¯æ°´åˆ‡ã‚Šã€‚é€æ˜Žãƒ»åŠé€æ˜Žè¢‹ã§å‡ºã™,,,FALSE,FALSE,FALSE,,FALSE,,S-M111-01,https://www.town.saka.lg.jp/2014/04/01/gomi_dashikata/,ã‚‚ã‚„ã›ã‚‹ã”ã¿,2026-08-19,SORT_BUCKET,CURRENT,,
M111,C-M111-02,ã‚‚ãˆã‚‹ç²—å¤§ã”ã¿,ã‚‚ãˆã‚‹ç²—å¤§ã”ã¿,,PRIMARY,2,CURBSIDE,å¤§åž‹æœ¨è£½å“ãƒ»å¸ƒå›£ç­‰,NOT_STATED_IN_CITED_SOURCE,,NOT_STATED_IN_CITED_SOURCE,é‡‘å±žé¡žã‚’å¯èƒ½ãªç¯„å›²ã§å¤–ã™,,,TRUE,FALSE,FALSE,,FALSE,,S-M111-01,https://www.town.saka.lg.jp/2014/04/01/gomi_dashikata/,ã‚‚ãˆã‚‹ç²—å¤§ã”ã¿,2026-08-19,REFERENCE_ONLY,CURRENT,,
M111,C-M111-03,ã‚‚ãˆãªã„ç²—å¤§ã”ã¿,ã‚‚ãˆãªã„ç²—å¤§ã”ã¿,,PRIMARY,3,CURBSIDE,å¤§åž‹é‡‘å±žãƒ»å®¶é›»ãƒ»è‡ªè»¢è»Šç­‰,NOT_STATED_IN_CITED_SOURCE,,NOT_STATED_IN_CITED_SOURCE,ã‚¹ãƒˆãƒ¼ãƒ–ç­‰ã¯ç‡ƒæ–™ã‚’æŠœãã€‚åˆƒç‰©é¡žã¯åŒ…ã‚€,,,TRUE,FALSE,FALSE,,FALSE,,S-M111-01,https://www.town.saka.lg.jp/2014/04/01/gomi_dashikata/,ã‚‚ãˆãªã„ç²—å¤§ã”ã¿,2026-08-19,REFERENCE_ONLY,CURRENT,,
M111,C-M111-04,åŸ‹ç«‹ã”ã¿,åŸ‹ç«‹ã”ã¿,,PRIMARY,4,CURBSIDE,é™¶ç£å™¨ãƒ»ã‚¬ãƒ©ã‚¹ãƒ»è€ç†±ã‚¬ãƒ©ã‚¹ç­‰,NOT_STATED_IN_CITED_SOURCE,,NOT_STATED_IN_CITED_SOURCE,å‰²ã‚Œç‰©ç­‰ã¯å®‰å…¨ã«åŒ…ã‚€,,,FALSE,FALSE,FALSE,,FALSE,,S-M111-01,https://www.town.saka.lg.jp/2014/04/01/gomi_dashikata/,åŸ‹ç«‹ã”ã¿,2026-08-19,SORT_BUCKET,CURRENT,,
M111,C-M111-05,æœ‰å®³ã”ã¿,æœ‰å®³ã”ã¿,,PRIMARY,5,CURBSIDE,ä¹¾é›»æ± ãƒ»è›å…‰ç®¡ãƒ»æ°´éŠ€ä½“æ¸©è¨ˆç­‰,NOT_STATED_IN_CITED_SOURCE,,NOT_STATED_IN_CITED_SOURCE,NOT_STATED_IN_CITED_SOURCE,,,FALSE,FALSE,FALSE,,FALSE,,S-M111-01,https://www.town.saka.lg.jp/2014/04/01/gomi_dashikata/,æœ‰å®³ã”ã¿,2026-08-19,SORT_BUCKET,CURRENT,,
M111,C-M111-06,è³‡æºã”ã¿,è³‡æºã”ã¿,,PRIMARY,6,CURBSIDE,ç¼¶ãƒ»ã³ã‚“ãƒ»ç´™ãƒ»ç‰›ä¹³ãƒ‘ãƒƒã‚¯ãƒ»ãƒ€ãƒ³ãƒœãƒ¼ãƒ«ãƒ»è¡£é¡žãƒ»PETãƒ»ç™½è‰²ãƒˆãƒ¬ã‚¤,NOT_STATED_IN_CITED_SOURCE,,NOT_STATED_IN_CITED_SOURCE,NOT_STATED_IN_CITED_SOURCE,,,FALSE,FALSE,FALSE,,FALSE,,S-M111-01,https://www.town.saka.lg.jp/2014/04/01/gomi_dashikata/,è³‡æºã”ã¿,2026-08-19,SORT_BUCKET,CURRENT,,
M111,C-M111-07,ç¼¶é¡ž,è³‡æºã”ã¿,C-M111-06,SUBCATEGORY,7,CURBSIDE,ã‚¢ãƒ«ãƒŸç¼¶ãƒ»ã‚¹ãƒãƒ¼ãƒ«ç¼¶ãƒ»ã‚¹ãƒ—ãƒ¬ãƒ¼ç¼¶ç­‰,NOT_STATED_IN_CITED_SOURCE,,NOT_STATED_IN_CITED_SOURCE,ä¸­ã‚’æ´—ã†ã€‚ã‚¹ãƒ—ãƒ¬ãƒ¼ç¼¶ã¯ä¸­èº«ã‚’ä½¿ã„åˆ‡ã‚Šã€ç©´ã‚’é–‹ã‘ã‚‹,,,FALSE,FALSE,FALSE,,FALSE,,S-M111-01,https://www.town.saka.lg.jp/2014/04/01/gomi_dashikata/,ç¼¶é¡ž,2026-08-19,REFERENCE_ONLY,CURRENT,,
M111,C-M111-08,ã³ã‚“é¡ž,è³‡æºã”ã¿,C-M111-06,SUBCATEGORY,8,CURBSIDE,é£²é£Ÿç”¨ã³ã‚“ç­‰,NOT_STATED_IN_CITED_SOURCE,,NOT_STATED_IN_CITED_SOURCE,ãµãŸã‚’å¤–ã—ä¸­ã‚’æ´—ã„ã€æŒ‡å®šè‰²ç­‰ã«åˆ†ã‘ã‚‹,,,FALSE,FALSE,FALSE,,FALSE,,S-M111-01,https://www.town.saka.lg.jp/2014/04/01/gomi_dashikata/,ã³ã‚“é¡ž,2026-08-19,REFERENCE_ONLY,CURRENT,,
M111,C-M111-09,ç´™é¡ž,è³‡æºã”ã¿,C-M111-06,SUBCATEGORY,9,CURBSIDE,æ–°èžãƒ»é›‘èªŒãƒ»é›‘ãŒã¿ç­‰,NOT_STATED_IN_CITED_SOURCE,,NOT_STATED_IN_CITED_SOURCE,æ–°èžã¨ãã®ä»–ã®ç´™ã‚’åˆ†ã‘ã€ã²ã‚‚ã§ã—ã°ã‚‹,,,FALSE,FALSE,FALSE,,FALSE,,S-M111-01,https://www.town.saka.lg.jp/2014/04/01/gomi_dashikata/,ç´™é¡ž,2026-08-19,REFERENCE_ONLY,CURRENT,,
M111,C-M111-10,ç‰›ä¹³ãƒ‘ãƒƒã‚¯,è³‡æºã”ã¿,C-M111-06,SUBCATEGORY,10,CURBSIDE,ç‰›ä¹³ç­‰ã®ç´™ãƒ‘ãƒƒã‚¯,NOT_STATED_IN_CITED_SOURCE,,NOT_STATED_IN_CITED_SOURCE,æ´—ã„ã€é–‹ã„ã¦ä¹¾ã‹ã™,,,FALSE,FALSE,FALSE,,FALSE,,S-M111-01,https://www.town.saka.lg.jp/2014/04/01/gomi_dashikata/,ç‰›ä¹³ãƒ‘ãƒƒã‚¯,2026-08-19,REFERENCE_ONLY,CURRENT,,
M111,C-M111-11,ãƒ€ãƒ³ãƒœãƒ¼ãƒ«,è³‡æºã”ã¿,C-M111-06,SUBCATEGORY,11,CURBSIDE,ãƒ€ãƒ³ãƒœãƒ¼ãƒ«,NOT_STATED_IN_CITED_SOURCE,,NOT_STATED_IN_CITED_SOURCE,ãŸãŸã‚“ã§ã²ã‚‚ã§ã—ã°ã‚‹,,,FALSE,FALSE,FALSE,,FALSE,,S-M111-01,https://www.town.saka.lg.jp/2014/04/01/gomi_dashikata/,ãƒ€ãƒ³ãƒœãƒ¼ãƒ«,2026-08-19,REFERENCE_ONLY,CURRENT,,
M111,C-M111-12,è¡£é¡ž,è³‡æºã”ã¿,C-M111-06,SUBCATEGORY,12,CURBSIDE,å¤ç€ç­‰,NOT_STATED_IN_CITED_SOURCE,,NOT_STATED_IN_CITED_SOURCE,é€æ˜Žãƒ»åŠé€æ˜Žè¢‹ã§å‡ºã™,,,FALSE,FALSE,FALSE,,FALSE,,S-M111-01,https://www.town.saka.lg.jp/2014/04/01/gomi_dashikata/,è¡£é¡ž,2026-08-19,REFERENCE_ONLY,CURRENT,,
M111,C-M111-13,ãƒšãƒƒãƒˆãƒœãƒˆãƒ«,è³‡æºã”ã¿,C-M111-06,SUBCATEGORY,13,CURBSIDE,é£²æ–™ç”¨PETãƒœãƒˆãƒ«,NOT_STATED_IN_CITED_SOURCE,,NOT_STATED_IN_CITED_SOURCE,ãµãŸã‚’å¤–ã—ã¦æ´—ã†ã€‚ãƒ©ãƒ™ãƒ«ã¯å¤–ã•ãªãã¦ã‚‚ã‚ˆã„,,,FALSE,FALSE,FALSE,,FALSE,,S-M111-01,https://www.town.saka.lg.jp/2014/04/01/gomi_dashikata/,ãƒšãƒƒãƒˆãƒœãƒˆãƒ«,2026-08-19,REFERENCE_ONLY,CURRENT,,
M111,C-M111-14,ç™½è‰²ãƒˆãƒ¬ã‚¤,è³‡æºã”ã¿,C-M111-06,SUBCATEGORY,14,CURBSIDE,ç™½è‰²é£Ÿå“ãƒˆãƒ¬ã‚¤,NOT_STATED_IN_CITED_SOURCE,,NOT_STATED_IN_CITED_SOURCE,æ´—ã£ã¦ä¹¾ã‹ã™ã€‚ç™½è‰²ã®ã¿,,,FALSE,FALSE,FALSE,,FALSE,,S-M111-01,https://www.town.saka.lg.jp/2014/04/01/gomi_dashikata/,ç™½è‰²ãƒˆãƒ¬ã‚¤,2026-08-19,REFERENCE_ONLY,CURRENT,,
M112,C-M112-01,ç‡ƒãˆã‚‹ã”ã¿,ç‡ƒãˆã‚‹ã”ã¿,,PRIMARY,1,CURBSIDE,ç”Ÿã”ã¿ãƒ»ç´™ããšãƒ»æœ¨ç«¹è£½å“ç­‰,NOT_STATED_IN_CITED_SOURCE,,NOT_STATED_IN_CITED_SOURCE,æ°´åˆ‡ã‚Šã™ã‚‹ã€‚æœ¨ãƒ»ç«¹è£½å“ã¯åŽŸå‰‡30cmä»¥ä¸‹ã€‚æŒ‡å®šè¢‹1è¢‹10kgæœªæº€,,,FALSE,FALSE,FALSE,,FALSE,,S-M112-02,https://www.akiota.jp/uploaded/attachment/9505.pdf,ç‡ƒãˆã‚‹ã”ã¿,2026-08-19,SORT_BUCKET,CURRENT,,
M112,C-M112-02,è³‡æºã”ã¿,è³‡æºã”ã¿,,PRIMARY,2,CURBSIDE,ç¼¶ãƒ»ãƒ“ãƒ³ãƒ»å¤ç´™é¡žãƒ»è¡£é¡žãƒ»å¸ƒé¡ž,NOT_STATED_IN_CITED_SOURCE,,NOT_STATED_IN_CITED_SOURCE,NOT_STATED_IN_CITED_SOURCE,,,FALSE,FALSE,FALSE,,FALSE,,S-M112-02,https://www.akiota.jp/uploaded/attachment/9505.pdf,è³‡æºã”ã¿,2026-08-19,SORT_BUCKET,CURRENT,,
M112,C-M112-03,ç¼¶,è³‡æºã”ã¿,C-M112-02,SUBCATEGORY,3,CURBSIDE,é£²é£Ÿç”¨ç¼¶ãƒ»ã‚¹ãƒ—ãƒ¬ãƒ¼ç¼¶ç­‰,NOT_STATED_IN_CITED_SOURCE,,NOT_STATED_IN_CITED_SOURCE,ç¼¶ã¯ã¤ã¶ã•ãªã„ã€‚ã‚¹ãƒ—ãƒ¬ãƒ¼ç¼¶ã¯ä½¿ã„åˆ‡ã‚Šã€ç©´ã‚ã‘ä¸è¦,,,FALSE,FALSE,FALSE,,FALSE,,S-M112-02,https://www.akiota.jp/uploaded/attachment/9505.pdf,ç¼¶,2026-08-19,REFERENCE_ONLY,CURRENT,,
M112,C-M112-04,ãƒ“ãƒ³,è³‡æºã”ã¿,C-M112-02,SUBCATEGORY,4,CURBSIDE,é£²é£Ÿç”¨ã³ã‚“ç­‰,NOT_STATED_IN_CITED_SOURCE,,NOT_STATED_IN_CITED_SOURCE,ã³ã‚“ã¯å‰²ã‚‰ãšã€å†…å®¹ç‰©ãƒ»ä»˜ç€ç‰©ã‚’é™¤ãæ´—ã†,,,FALSE,FALSE,FALSE,,FALSE,,S-M112-02,https://www.akiota.jp/uploaded/attachment/9505.pdf,ãƒ“ãƒ³,2026-08-19,REFERENCE_ONLY,CURRENT,,
M112,C-M112-05,å¤ç´™é¡ž,è³‡æºã”ã¿,C-M112-02,SUBCATEGORY,5,CURBSIDE,æ–°èžãƒ»é›‘èªŒãƒ»ãƒ€ãƒ³ãƒœãƒ¼ãƒ«ãƒ»ã¯ãŒãç­‰,NOT_STATED_IN_CITED_SOURCE,,NOT_STATED_IN_CITED_SOURCE,ã²ã‚‚ã§ããã£ã¦è³‡æºã”ã¿æŒ‡å®šè¢‹ã‚’ä»˜ã‘ã‚‹ã‹ã€æŒ‡å®šè¢‹ã¸å…¥ã‚Œã‚‹,,,FALSE,FALSE,FALSE,,FALSE,,S-M112-02,https://www.akiota.jp/uploaded/attachment/9505.pdf,å¤ç´™é¡ž,2026-08-19,REFERENCE_ONLY,CURRENT,,
M112,C-M112-06,è¡£é¡žãƒ»å¸ƒé¡ž,è³‡æºã”ã¿,C-M112-02,SUBCATEGORY,6,CURBSIDE,è¡£é¡žãƒ»ã‚«ãƒ¼ãƒ†ãƒ³ãƒ»ã¬ã„ãã‚‹ã¿ç­‰,NOT_STATED_IN_CITED_SOURCE,,NOT_STATED_IN_CITED_SOURCE,ã‚«ãƒ¼ãƒ†ãƒ³ç­‰ã®é‡‘å±žã¯å¤–ã—ã¦é‡‘å±žé¡žã¸,,,FALSE,FALSE,FALSE,,FALSE,,S-M112-02,https://www.akiota.jp/uploaded/attachment/9505.pdf,è¡£é¡žãƒ»å¸ƒé¡ž,2026-08-19,REFERENCE_ONLY,CURRENT,,
M112,C-M112-07,ç‡ƒãˆãªã„ã”ã¿,ç‡ƒãˆãªã„ã”ã¿,,PRIMARY,7,CURBSIDE,é‡‘å±žãƒ»å°åž‹é›»åŒ–è£½å“ãƒ»æœ‰å®³ç‰©ãƒ»é™¶å™¨ãƒ»ã‚¬ãƒ©ã‚¹ãƒ»ãã®ä»–ä¸ç‡ƒç‰©,NOT_STATED_IN_CITED_SOURCE,,NOT_STATED_IN_CITED_SOURCE,NOT_STATED_IN_CITED_SOURCE,,,FALSE,FALSE,FALSE,,FALSE,,S-M112-02,https://www.akiota.jp/uploaded/attachment/9505.pdf,ç‡ƒãˆãªã„ã”ã¿,2026-08-19,SORT_BUCKET,CURRENT,,
M112,C-M112-08,é‡‘å±žé¡ž,ç‡ƒãˆãªã„ã”ã¿,C-M112-07,SUBCATEGORY,8,CURBSIDE,é‹ãƒ»ãƒ•ãƒ©ã‚¤ãƒ‘ãƒ³ãƒ»åˆƒç‰©ãƒ»é‡‘å±žãµãŸç­‰,NOT_STATED_IN_CITED_SOURCE,,NOT_STATED_IN_CITED_SOURCE,åŒºåˆ†ã”ã¨ã«åˆ¥æŒ‡å®šè¢‹ã€‚åˆƒç‰©ç­‰ã¯ç´™ã§åŒ…ã¿å†…å®¹ã‚’è¡¨ç¤º,,,FALSE,FALSE,FALSE,,FALSE,,S-M112-02,https://www.akiota.jp/uploaded/attachment/9505.pdf,é‡‘å±žé¡ž,2026-08-19,REFERENCE_ONLY,CURRENT,,
M112,C-M112-09,å°åž‹é›»åŒ–è£½å“åŠã³æœ‰å®³ç‰©,ç‡ƒãˆãªã„ã”ã¿,C-M112-07,SUBCATEGORY,9,CURBSIDE,æºå¸¯é›»è©±ãƒ»å°åž‹é›»åŒ–è£½å“ãƒ»è›å…‰ç¯ãƒ»é›»æ± ãƒ»ãƒ©ã‚¤ã‚¿ãƒ¼ç­‰,NOT_STATED_IN_CITED_SOURCE,,NOT_STATED_IN_CITED_SOURCE,é›»æ± ã‚’å–ã‚Šå¤–ã—çµ¶ç¸ã€‚é›»æ± ã¨ãƒ©ã‚¤ã‚¿ãƒ¼ã¯åˆ¥ã€…ã®è¦‹ãˆã‚‹å°è¢‹ã€‚é›»æ°—è£½å“ã®ã‚³ãƒ¼ãƒ‰ã¯åˆ‡ã‚‹,,,FALSE,FALSE,FALSE,,FALSE,,S-M112-02,https://www.akiota.jp/uploaded/attachment/9505.pdf,å°åž‹é›»åŒ–è£½å“åŠã³æœ‰å®³ç‰©,2026-08-19,REFERENCE_ONLY,CURRENT,,
M112,C-M112-10,é™¶å™¨ãƒ»ã‚¬ãƒ©ã‚¹é¡ž,ç‡ƒãˆãªã„ã”ã¿,C-M112-07,SUBCATEGORY,10,CURBSIDE,é™¶å™¨ãƒ»ã‚¬ãƒ©ã‚¹é£Ÿå™¨ãƒ»å‰²ã‚Œã‚¬ãƒ©ã‚¹ãƒ»æ¸©åº¦è¨ˆç­‰,NOT_STATED_IN_CITED_SOURCE,,NOT_STATED_IN_CITED_SOURCE,å‰²ã‚Œã¦å±é™ºãªã‚‚ã®ã¯ç´™ç­‰ã§åŒ…ã¿å†…å®¹ã‚’è¡¨ç¤º,,,FALSE,FALSE,FALSE,,FALSE,,S-M112-02,https://www.akiota.jp/uploaded/attachment/9505.pdf,é™¶å™¨ãƒ»ã‚¬ãƒ©ã‚¹é¡ž,2026-08-19,REFERENCE_ONLY,CURRENT,,
M112,C-M112-11,ãã®ä»–ä¸ç‡ƒç‰©,ç‡ƒãˆãªã„ã”ã¿,C-M112-07,SUBCATEGORY,11,CURBSIDE,ã¯ãã‚‚ã®ãƒ»ä¿å†·å‰¤ãƒ»ä½¿ã„æ¨ã¦ã‚«ã‚¤ãƒ­ãƒ»æ··åˆç´ æå“ç­‰,NOT_STATED_IN_CITED_SOURCE,,NOT_STATED_IN_CITED_SOURCE,åŒºåˆ†ã”ã¨ã«åˆ¥æŒ‡å®šè¢‹,,,FALSE,FALSE,FALSE,,FALSE,,S-M112-02,https://www.akiota.jp/uploaded/attachment/9505.pdf,ãã®ä»–ä¸ç‡ƒç‰©,2026-08-19,REFERENCE_ONLY,CURRENT,,
M112,C-M112-12,ãƒ—ãƒ©ã‚¹ãƒãƒƒã‚¯ã”ã¿,ãƒ—ãƒ©ã‚¹ãƒãƒƒã‚¯ã”ã¿,,PRIMARY,12,CURBSIDE,ãƒšãƒƒãƒˆãƒœãƒˆãƒ«ãƒ»ãã®ä»–ãƒ—ãƒ©ã‚¹ãƒãƒƒã‚¯,NOT_STATED_IN_CITED_SOURCE,,NOT_STATED_IN_CITED_SOURCE,NOT_STATED_IN_CITED_SOURCE,,,FALSE,FALSE,FALSE,,FALSE,,S-M112-02,https://www.akiota.jp/uploaded/attachment/9505.pdf,ãƒ—ãƒ©ã‚¹ãƒãƒƒã‚¯ã”ã¿,2026-08-19,SORT_BUCKET,CURRENT,,
M112,C-M112-13,ãƒšãƒƒãƒˆãƒœãƒˆãƒ«,ãƒ—ãƒ©ã‚¹ãƒãƒƒã‚¯ã”ã¿,C-M112-12,SUBCATEGORY,13,CURBSIDE,PETãƒžãƒ¼ã‚¯ã®ãƒšãƒƒãƒˆãƒœãƒˆãƒ«,NOT_STATED_IN_CITED_SOURCE,,NOT_STATED_IN_CITED_SOURCE,å†…å®¹ç‰©ãƒ»ä»˜ç€ç‰©ã‚’é™¤ãæ´—ã†ã€‚ã‚­ãƒ£ãƒƒãƒ—ãƒ»ãƒ©ãƒ™ãƒ«ã¯ãã®ä»–ãƒ—ãƒ©ã‚¹ãƒãƒƒã‚¯ã¸,,,FALSE,FALSE,FALSE,,FALSE,,S-M112-02,https://www.akiota.jp/uploaded/attachment/9505.pdf,ãƒšãƒƒãƒˆãƒœãƒˆãƒ«,2026-08-19,REFERENCE_ONLY,CURRENT,,
M112,C-M112-14,ãã®ä»–ãƒ—ãƒ©ã‚¹ãƒãƒƒã‚¯,ãƒ—ãƒ©ã‚¹ãƒãƒƒã‚¯ã”ã¿,C-M112-12,SUBCATEGORY,14,CURBSIDE,å¯¾è±¡ãƒ—ãƒ©ã‚¹ãƒãƒƒã‚¯é¡ž,NOT_STATED_IN_CITED_SOURCE,,NOT_STATED_IN_CITED_SOURCE,ãƒœãƒˆãƒ«ãƒ»ãƒãƒ¥ãƒ¼ãƒ–é¡žã¯ä¸­èº«ã‚’ä½¿ã„åˆ‡ã‚Šã€ã‚­ãƒ£ãƒƒãƒ—ãƒ»ãµãŸã‚’å¤–ã™,,,FALSE,FALSE,FALSE,,FALSE,,S-M112-02,https://www.akiota.jp/uploaded/attachment/9505.pdf,ãã®ä»–ãƒ—ãƒ©ã‚¹ãƒãƒƒã‚¯,2026-08-19,REFERENCE_ONLY,CURRENT,,
M112,C-M112-15,ç²—å¤§ã”ã¿,ç²—å¤§ã”ã¿,,PRIMARY,15,CURBSIDE,æŒ‡å®šè¢‹ã«å…¥ã‚‰ãªã„ãƒ»10kgä»¥ä¸Šç­‰ã®å¤§åž‹å®¶åº­ã”ã¿,NOT_STATED_IN_CITED_SOURCE,,NOT_STATED_IN_CITED_SOURCE,ç²—å¤§ã”ã¿åˆ©ç”¨åˆ¸ã‚’è²¼ã‚‹ã€‚70kgä»¥ä¸Šã¯ç›´æŽ¥æŒè¾¼ã¿,,,TRUE,FALSE,FALSE,,FALSE,,S-M112-02,https://www.akiota.jp/uploaded/attachment/9505.pdf,ç²—å¤§ã”ã¿,2026-08-19,REFERENCE_ONLY,CURRENT,,
M113,C-M113-01,ç‡ƒãˆã‚‹ã”ã¿,ç‡ƒãˆã‚‹ã”ã¿,,PRIMARY,1,CURBSIDE,ç”Ÿã”ã¿ãƒ»å¸ƒãƒ»ç´™ããšãƒ»æœ¨ã®æžç­‰,NOT_STATED_IN_CITED_SOURCE,,NOT_STATED_IN_CITED_SOURCE,NOT_STATED_IN_CITED_SOURCE,,,FALSE,FALSE,FALSE,,FALSE,,S-M113-02,https://www.town.kitahiroshima.lg.jp/uploaded/attachment/23637.pdf,ç‡ƒãˆã‚‹ã”ã¿,2026-08-19,SORT_BUCKET,CURRENT,,
M113,C-M113-02,å¤ç´™é¡ž,å¤ç´™é¡ž,,PRIMARY,2,CURBSIDE,æ–°èžãƒ»ãƒ€ãƒ³ãƒœãƒ¼ãƒ«ãƒ»é›‘èªŒãƒ»ã–ã¤ç´™ç­‰,NOT_STATED_IN_CITED_SOURCE,,NOT_STATED_IN_CITED_SOURCE,NOT_STATED_IN_CITED_SOURCE,,,FALSE,FALSE,FALSE,,FALSE,,S-M113-02,https://www.town.kitahiroshima.lg.jp/uploaded/attachment/23637.pdf,å¤ç´™é¡ž,2026-08-19,SORT_BUCKET,CURRENT,,
M113,C-M113-03,å®¹å™¨åŒ…è£…é¡ž,å®¹å™¨åŒ…è£…é¡ž,,PRIMARY,3,CURBSIDE,ç´™ãƒ‘ãƒƒã‚¯ãƒ»ãƒ—ãƒ©ã‚¹ãƒãƒƒã‚¯è£½å®¹å™¨åŒ…è£…ãƒ»ãƒšãƒƒãƒˆãƒœãƒˆãƒ«,NOT_STATED_IN_CITED_SOURCE,,NOT_STATED_IN_CITED_SOURCE,NOT_STATED_IN_CITED_SOURCE,,,FALSE,FALSE,FALSE,,FALSE,,S-M113-02,https://www.town.kitahiroshima.lg.jp/uploaded/attachment/23637.pdf,å®¹å™¨åŒ…è£…é¡ž,2026-08-19,SORT_BUCKET,CURRENT,,
M113,C-M113-04,ç´™ãƒ‘ãƒƒã‚¯,å®¹å™¨åŒ…è£…é¡ž,C-M113-03,SUBCATEGORY,4,CURBSIDE,ç´™ãƒ‘ãƒƒã‚¯,NOT_STATED_IN_CITED_SOURCE,,NOT_STATED_IN_CITED_SOURCE,NOT_STATED_IN_CITED_SOURCE,,,FALSE,FALSE,FALSE,,FALSE,,S-M113-02,https://www.town.kitahiroshima.lg.jp/uploaded/attachment/23637.pdf,ç´™ãƒ‘ãƒƒã‚¯,2026-08-19,REFERENCE_ONLY,CURRENT,,
M113,C-M113-05,ãƒ—ãƒ©ã‚¹ãƒãƒƒã‚¯è£½å®¹å™¨åŒ…è£…,å®¹å™¨åŒ…è£…é¡ž,C-M113-03,SUBCATEGORY,5,CURBSIDE,ãƒ—ãƒ©ãƒžãƒ¼ã‚¯ã®å®¹å™¨åŒ…è£…,NOT_STATED_IN_CITED_SOURCE,,NOT_STATED_IN_CITED_SOURCE,NOT_STATED_IN_CITED_SOURCE,,,FALSE,FALSE,FALSE,,FALSE,,S-M113-02,https://www.town.kitahiroshima.lg.jp/uploaded/attachment/23637.pdf,ãƒ—ãƒ©ã‚¹ãƒãƒƒã‚¯è£½å®¹å™¨åŒ…è£…,2026-08-19,REFERENCE_ONLY,CURRENT,,
M113,C-M113-06,ãƒšãƒƒãƒˆãƒœãƒˆãƒ«,å®¹å™¨åŒ…è£…é¡ž,C-M113-03,SUBCATEGORY,6,CURBSIDE,PETãƒžãƒ¼ã‚¯ã®ãƒšãƒƒãƒˆãƒœãƒˆãƒ«,NOT_STATED_IN_CITED_SOURCE,,NOT_STATED_IN_CITED_SOURCE,NOT_STATED_IN_CITED_SOURCE,,,FALSE,FALSE,FALSE,,FALSE,,S-M113-02,https://www.town.kitahiroshima.lg.jp/uploaded/attachment/23637.pdf,ãƒšãƒƒãƒˆãƒœãƒˆãƒ«,2026-08-19,REFERENCE_ONLY,CURRENT,,
M113,C-M113-07,ç‡ƒãˆãªã„ã”ã¿,ç‡ƒãˆãªã„ã”ã¿,,PRIMARY,7,CURBSIDE,ã‹ã‚“ãƒ»ã³ã‚“ãƒ»å°åž‹å®¶é›»ãƒ»é‡‘ç‰©ãƒ»é™¶å™¨ãƒ»ã‚¬ãƒ©ã‚¹,NOT_STATED_IN_CITED_SOURCE,,NOT_STATED_IN_CITED_SOURCE,NOT_STATED_IN_CITED_SOURCE,,,FALSE,FALSE,FALSE,,FALSE,,S-M113-02,https://www.town.kitahiroshima.lg.jp/uploaded/attachment/23637.pdf,ç‡ƒãˆãªã„ã”ã¿,2026-08-19,SORT_BUCKET,CURRENT,,
M113,C-M113-08,ã‹ã‚“é¡ž,ç‡ƒãˆãªã„ã”ã¿,C-M113-07,SUBCATEGORY,8,CURBSIDE,ç¼¶ãƒ»ã‚¹ãƒ—ãƒ¬ãƒ¼ç¼¶ç­‰,NOT_STATED_IN_CITED_SOURCE,,NOT_STATED_IN_CITED_SOURCE,NOT_STATED_IN_CITED_SOURCE,,,FALSE,FALSE,FALSE,,FALSE,,S-M113-02,https://www.town.kitahiroshima.lg.jp/uploaded/attachment/23637.pdf,ã‹ã‚“é¡ž,2026-08-19,REFERENCE_ONLY,CURRENT,,
M113,C-M113-09,ã³ã‚“é¡ž,ç‡ƒãˆãªã„ã”ã¿,C-M113-07,SUBCATEGORY,9,CURBSIDE,ã³ã‚“é¡ž,NOT_STATED_IN_CITED_SOURCE,,NOT_STATED_IN_CITED_SOURCE,NOT_STATED_IN_CITED_SOURCE,,,FALSE,FALSE,FALSE,,FALSE,,S-M113-02,https://www.town.kitahiroshima.lg.jp/uploaded/attachment/23637.pdf,ã³ã‚“é¡ž,2026-08-19,REFERENCE_ONLY,CURRENT,,
M113,C-M113-10,å°åž‹å®¶é›»ã€é›»æºã‚³ãƒ¼ãƒ‰ã€é‡‘ç‰©ãªã©,ç‡ƒãˆãªã„ã”ã¿,C-M113-07,SUBCATEGORY,10,CURBSIDE,å°åž‹å®¶é›»ãƒ»é‡‘å±žé¡žãƒ»é›»æºã‚³ãƒ¼ãƒ‰ç­‰,NOT_STATED_IN_CITED_SOURCE,,NOT_STATED_IN_CITED_SOURCE,NOT_STATED_IN_CITED_SOURCE,,,FALSE,FALSE,FALSE,,FALSE,,S-M113-02,https://www.town.kitahiroshima.lg.jp/uploaded/attachment/23637.pdf,å°åž‹å®¶é›»ã€é›»æºã‚³ãƒ¼ãƒ‰ã€é‡‘ç‰©ãªã©,2026-08-19,REFERENCE_ONLY,CURRENT,,
M113,C-M113-11,é™¶å™¨ ã‚¬ãƒ©ã‚¹é¡ž,ç‡ƒãˆãªã„ã”ã¿,C-M113-07,SUBCATEGORY,11,CURBSIDE,é™¶å™¨ãƒ»ã‚¬ãƒ©ã‚¹é¡ž,NOT_STATED_IN_CITED_SOURCE,,NOT_STATED_IN_CITED_SOURCE,NOT_STATED_IN_CITED_SOURCE,,,FALSE,FALSE,FALSE,,FALSE,,S-M113-02,https://www.town.kitahiroshima.lg.jp/uploaded/attachment/23637.pdf,é™¶å™¨ ã‚¬ãƒ©ã‚¹é¡ž,2026-08-19,REFERENCE_ONLY,CURRENT,,
M113,C-M113-12,æœ‰å®³ã”ã¿,æœ‰å®³ã”ã¿,,PRIMARY,12,CURBSIDE,ä¹¾é›»æ± ãƒ»è›å…‰ç®¡ãƒ»æ°´éŠ€è£½å“ç­‰,NOT_STATED_IN_CITED_SOURCE,,NOT_STATED_IN_CITED_SOURCE,NOT_STATED_IN_CITED_SOURCE,,,FALSE,FALSE,FALSE,,FALSE,,S-M113-02,https://www.town.kitahiroshima.lg.jp/uploaded/attachment/23637.pdf,æœ‰å®³ã”ã¿,2026-08-19,SORT_BUCKET,CURRENT,,
M113,C-M113-13,ç²—å¤§ã”ã¿,ç²—å¤§ã”ã¿,,PRIMARY,13,CURBSIDE,å¤§åž‹å®¶åº­ã”ã¿,NOT_STATED_IN_CITED_SOURCE,,NOT_STATED_IN_CITED_SOURCE,NOT_STATED_IN_CITED_SOURCE,,,TRUE,FALSE,FALSE,,FALSE,,S-M113-02,https://www.town.kitahiroshima.lg.jp/uploaded/attachment/23637.pdf,ç²—å¤§ã”ã¿,2026-08-19,REFERENCE_ONLY,CURRENT,,
M114,C-M114-01,å¯ç‡ƒã”ã¿,å¯ç‡ƒã”ã¿,,PRIMARY,1,CURBSIDE,ç”Ÿã”ã¿ãƒ»ç´™ãƒ»å¸ƒãƒ»ãƒ—ãƒ©ã‚¹ãƒãƒƒã‚¯ç­‰,NOT_STATED_IN_CITED_SOURCE,,NOT_STATED_IN_CITED_SOURCE,ç”ºæŒ‡å®šè¢‹ã§å‡ºã™ã€‚å°åž‹å……é›»å¼é›»æ± ã¯å–ã‚Šå¤–ã—ã¦æœ‰å®³ã”ã¿ã¸,,,FALSE,FALSE,FALSE,,FALSE,,S-M114-01,https://www.town.osakikamijima.hiroshima.jp/soshiki/joge_suido/1_1/1/1133.html,å¯ç‡ƒã”ã¿,2026-08-19,SORT_BUCKET,CURRENT,,
M114,C-M114-02,ä¸ç‡ƒã”ã¿,ä¸ç‡ƒã”ã¿,,PRIMARY,2,CURBSIDE,ã³ã‚“ãƒ»é™¶ç£å™¨ãƒ»ç¼¶ãƒ»åˆƒç‰©ç­‰,NOT_STATED_IN_CITED_SOURCE,,NOT_STATED_IN_CITED_SOURCE,NOT_STATED_IN_CITED_SOURCE,,,FALSE,FALSE,FALSE,,FALSE,,S-M114-01,https://www.town.osakikamijima.hiroshima.jp/soshiki/joge_suido/1_1/1/1133.html,ä¸ç‡ƒã”ã¿,2026-08-19,SORT_BUCKET,CURRENT,,
M114,C-M114-03,ãƒ“ãƒ³ãƒ»é™¶ç£å™¨é¡ž,ä¸ç‡ƒã”ã¿,C-M114-02,SUBCATEGORY,3,CURBSIDE,ã³ã‚“ãƒ»é™¶ç£å™¨é¡ž,NOT_STATED_IN_CITED_SOURCE,,NOT_STATED_IN_CITED_SOURCE,ã³ã‚“ã¯ãµãŸã‚’å¤–ã—ä¸­ã‚’ã™ã™ã,,,FALSE,FALSE,FALSE,,FALSE,,S-M114-01,https://www.town.osakikamijima.hiroshima.jp/soshiki/joge_suido/1_1/1/1133.html,ãƒ“ãƒ³ãƒ»é™¶ç£å™¨é¡ž,2026-08-19,REFERENCE_ONLY,CURRENT,,
M114,C-M114-04,ç¼¶é¡žãƒ»åˆƒç‰©é¡ž,ä¸ç‡ƒã”ã¿,C-M114-02,SUBCATEGORY,4,CURBSIDE,ç¼¶ãƒ»åˆƒç‰©ãƒ»ã‚¹ãƒ—ãƒ¬ãƒ¼ç¼¶ç­‰,NOT_STATED_IN_CITED_SOURCE,,NOT_STATED_IN_CITED_SOURCE,ç¼¶ã¯ã™ã™ãŽã€ã¤ã¶ã•ãªã„ã€‚ã‚¹ãƒ—ãƒ¬ãƒ¼ç¼¶ãƒ»ã‚«ã‚»ãƒƒãƒˆãƒœãƒ³ãƒ™ã¯ä½¿ã„åˆ‡ã‚Šç©´ã‚’é–‹ã‘ã‚‹ã€‚åˆƒç‰©ã¯åŒ…ã‚€,,,FALSE,FALSE,FALSE,,FALSE,,S-M114-01,https://www.town.osakikamijima.hiroshima.jp/soshiki/joge_suido/1_1/1/1133.html,ç¼¶é¡žãƒ»åˆƒç‰©é¡ž,2026-08-19,REFERENCE_ONLY,CURRENT,,
M114,C-M114-05,è³‡æºã”ã¿,è³‡æºã”ã¿,,PRIMARY,5,CURBSIDE,ç´™é¡žãƒ»ãƒšãƒƒãƒˆãƒœãƒˆãƒ«,NOT_STATED_IN_CITED_SOURCE,,NOT_STATED_IN_CITED_SOURCE,NOT_STATED_IN_CITED_SOURCE,,,FALSE,FALSE,FALSE,,FALSE,,S-M114-01,https://www.town.osakikamijima.hiroshima.jp/soshiki/joge_suido/1_1/1/1133.html,è³‡æºã”ã¿,2026-08-19,SORT_BUCKET,CURRENT,,
M114,C-M114-06,ç´™é¡ž,è³‡æºã”ã¿,C-M114-05,SUBCATEGORY,6,CURBSIDE,æ–°èžãƒ»ãƒãƒ©ã‚·ãƒ»é›‘èªŒãƒ»é›‘ãŒã¿ãƒ»ãƒ€ãƒ³ãƒœãƒ¼ãƒ«ç­‰,NOT_STATED_IN_CITED_SOURCE,,NOT_STATED_IN_CITED_SOURCE,ç¨®é¡žåˆ¥ã«åˆ†ã‘ã¦ã²ã‚‚ã§ã—ã°ã‚‹ã€‚æ±šã‚ŒãŸç´™ã¯å¯ç‡ƒã”ã¿,,,FALSE,FALSE,FALSE,,FALSE,,S-M114-01,https://www.town.osakikamijima.hiroshima.jp/soshiki/joge_suido/1_1/1/1133.html,ç´™é¡ž,2026-08-19,REFERENCE_ONLY,CURRENT,,
M114,C-M114-07,ãƒšãƒƒãƒˆãƒœãƒˆãƒ«,è³‡æºã”ã¿,C-M114-05,SUBCATEGORY,7,CURBSIDE,PETãƒžãƒ¼ã‚¯ã®ãƒšãƒƒãƒˆãƒœãƒˆãƒ«,NOT_STATED_IN_CITED_SOURCE,,NOT_STATED_IN_CITED_SOURCE,ã‚­ãƒ£ãƒƒãƒ—ãƒ»ãƒ©ãƒ™ãƒ«ã‚’å¤–ã—ã€ã™ã™ã„ã§ã¤ã¶ã™ã€‚æ±šã‚ŒãŸã‚‚ã®ã¯å¯ç‡ƒã”ã¿,,,FALSE,FALSE,FALSE,,FALSE,,S-M114-01,https://www.town.osakikamijima.hiroshima.jp/soshiki/joge_suido/1_1/1/1133.html,ãƒšãƒƒãƒˆãƒœãƒˆãƒ«,2026-08-19,REFERENCE_ONLY,CURRENT,,
M114,C-M114-08,å¤§åž‹å¯ç‡ƒã”ã¿,å¤§åž‹å¯ç‡ƒã”ã¿,,PRIMARY,8,CURBSIDE,å¤§åž‹ã®å¯ç‡ƒæ€§å®¶åº­ã”ã¿,NOT_STATED_IN_CITED_SOURCE,,NOT_STATED_IN_CITED_SOURCE,NOT_STATED_IN_CITED_SOURCE,,,TRUE,FALSE,FALSE,,FALSE,,S-M114-01,https://www.town.osakikamijima.hiroshima.jp/soshiki/joge_suido/1_1/1/1133.html,å¤§åž‹å¯ç‡ƒã”ã¿,2026-08-19,REFERENCE_ONLY,CURRENT,,
M114,C-M114-09,ç²—å¤§ã”ã¿,ç²—å¤§ã”ã¿,,PRIMARY,9,CURBSIDE,å¤§åž‹ã®ä¸ç‡ƒæ€§ãƒ»è¤‡åˆå®¶åº­ã”ã¿,NOT_STATED_IN_CITED_SOURCE,,NOT_STATED_IN_CITED_SOURCE,NOT_STATED_IN_CITED_SOURCE,,,TRUE,FALSE,FALSE,,FALSE,,S-M114-01,https://www.town.osakikamijima.hiroshima.jp/soshiki/joge_suido/1_1/1/1133.html,ç²—å¤§ã”ã¿,2026-08-19,REFERENCE_ONLY,CURRENT,,
M114,C-M114-10,æœ‰å®³ã”ã¿,æœ‰å®³ã”ã¿,,PRIMARY,10,CURBSIDE,ä¹¾é›»æ± ãƒ»å……é›»å¼é›»æ± ãƒ»è›å…‰ç®¡ãƒ»å……é›»æ± ã‚’å¤–ã›ãªã„å°åž‹å®¶é›»ç­‰,NOT_STATED_IN_CITED_SOURCE,,NOT_STATED_IN_CITED_SOURCE,é›»æ± ã¯å°‚ç”¨å®¹å™¨ã¸ã€‚å……é›»æ± ã‚’å¤–ã›ãªã„å°åž‹å®¶é›»ã¯æœ¬ä½“ã”ã¨æœ‰å®³ã”ã¿,,,FALSE,FALSE,FALSE,,FALSE,,S-M114-01,https://www.town.osakikamijima.hiroshima.jp/soshiki/joge_suido/1_1/1/1133.html,æœ‰å®³ã”ã¿,2026-08-19,SORT_BUCKET,CURRENT,,
M115,C-M115-01,å¯ç‡ƒã”ã¿,å¯ç‡ƒã”ã¿,,PRIMARY,1,CURBSIDE,ç”Ÿã”ã¿ãƒ»ç´™ããšãƒ»æ±šã‚ŒãŸå®¹å™¨åŒ…è£…ãƒ—ãƒ©ã‚¹ãƒãƒƒã‚¯ç­‰,NOT_STATED_IN_CITED_SOURCE,,NOT_STATED_IN_CITED_SOURCE,æŒ‡å®šè¢‹ã§å‡ºã™ã€‚å®¹å™¨åŒ…è£…ãƒ—ãƒ©ã§æ±šã‚ŒãŒè½ã¡ãªã„ã‚‚ã®ã¯ã“ã¡ã‚‰,,,FALSE,FALSE,FALSE,,FALSE,,S-M115-01,https://www.town.sera.hiroshima.jp/soshiki/4/317.html,å¯ç‡ƒã”ã¿,2026-08-19,SORT_BUCKET,CURRENT,,
M115,C-M115-02,å®¹å™¨åŒ…è£…ãƒ—ãƒ©ã‚¹ãƒãƒƒã‚¯,å®¹å™¨åŒ…è£…ãƒ—ãƒ©ã‚¹ãƒãƒƒã‚¯,,PRIMARY,2,CURBSIDE,ãƒ—ãƒ©ãƒžãƒ¼ã‚¯ã®ãã‚Œã„ãªå®¹å™¨åŒ…è£…,NOT_STATED_IN_CITED_SOURCE,,NOT_STATED_IN_CITED_SOURCE,æ±šã‚Œã‚’è½ã¨ã™ã€‚æ±šã‚ŒãŒè½ã¡ãªã„ã‚‚ã®ã¯å¯ç‡ƒã”ã¿,,,FALSE,FALSE,FALSE,,FALSE,,S-M115-01,https://www.town.sera.hiroshima.jp/soshiki/4/317.html,å®¹å™¨åŒ…è£…ãƒ—ãƒ©ã‚¹ãƒãƒƒã‚¯,2026-08-19,SORT_BUCKET,CURRENT,,
M115,C-M115-03,ã³ã‚“ãƒ»ç¼¶,ã³ã‚“ãƒ»ç¼¶,,PRIMARY,3,CURBSIDE,é£²é£Ÿç”¨ã³ã‚“ãƒ»ç¼¶ç­‰,NOT_STATED_IN_CITED_SOURCE,,NOT_STATED_IN_CITED_SOURCE,ãµãŸã‚’å¤–ã—ã€ä¸­ã‚’æ´—ã†ã€‚æ±šã‚ŒãŸãƒ»å‰²ã‚ŒãŸã³ã‚“ç­‰ã¯ä¸ç‡ƒç‰©,,,FALSE,FALSE,FALSE,,FALSE,,S-M115-01,https://www.town.sera.hiroshima.jp/soshiki/4/317.html,ã³ã‚“ãƒ»ç¼¶,2026-08-19,SORT_BUCKET,CURRENT,,
M115,C-M115-04,ãƒšãƒƒãƒˆãƒœãƒˆãƒ«,ãƒšãƒƒãƒˆãƒœãƒˆãƒ«,,PRIMARY,4,CURBSIDE,PETãƒžãƒ¼ã‚¯ã®ãƒšãƒƒãƒˆãƒœãƒˆãƒ«,NOT_STATED_IN_CITED_SOURCE,,NOT_STATED_IN_CITED_SOURCE,ã‚­ãƒ£ãƒƒãƒ—ãƒ»ãƒ©ãƒ™ãƒ«ã‚’å¤–ã—ã¦å®¹å™¨åŒ…è£…ãƒ—ãƒ©ã‚¹ãƒãƒƒã‚¯ã¸ã€‚æ±šã‚ŒãŸã‚‚ã®ã¯å¯ç‡ƒã”ã¿,,,FALSE,FALSE,FALSE,,FALSE,,S-M115-01,https://www.town.sera.hiroshima.jp/soshiki/4/317.html,ãƒšãƒƒãƒˆãƒœãƒˆãƒ«,2026-08-19,SORT_BUCKET,CURRENT,,
M115,C-M115-05,ä¸ç‡ƒã”ã¿,ä¸ç‡ƒã”ã¿,,PRIMARY,5,CURBSIDE,ä¸ç‡ƒç‰©ãƒ»ç™ºç«æ€§å±é™ºã”ã¿ãƒ»å……é›»å¼å°åž‹å®¶é›»ãƒ»é›»æ± é¡žãƒ»è›å…‰ç¯é¡ž,NOT_STATED_IN_CITED_SOURCE,,NOT_STATED_IN_CITED_SOURCE,NOT_STATED_IN_CITED_SOURCE,,,FALSE,FALSE,FALSE,,FALSE,,S-M115-01,https://www.town.sera.hiroshima.jp/soshiki/4/317.html,ä¸ç‡ƒã”ã¿,2026-08-19,SORT_BUCKET,CURRENT,,
M115,C-M115-06,ä¸ç‡ƒç‰©,ä¸ç‡ƒã”ã¿,C-M115-05,SUBCATEGORY,6,CURBSIDE,é‡‘å±žãƒ»ã‚¬ãƒ©ã‚¹ãƒ»é™¶ç£å™¨ãƒ»ãã®ä»–ãƒ—ãƒ©ã‚¹ãƒãƒƒã‚¯ç­‰,NOT_STATED_IN_CITED_SOURCE,,NOT_STATED_IN_CITED_SOURCE,é‡ãƒ»åˆƒç‰©ãƒ»å‰²ã‚Œã‚¬ãƒ©ã‚¹ç­‰ã¯å®‰å…¨ã«åŒ…ã‚€,,,FALSE,FALSE,FALSE,,FALSE,,S-M115-01,https://www.town.sera.hiroshima.jp/soshiki/4/317.html,ä¸ç‡ƒç‰©,2026-08-19,REFERENCE_ONLY,CURRENT,,
M115,C-M115-07,ç™ºç«æ€§å±é™ºã”ã¿,ä¸ç‡ƒã”ã¿,C-M115-05,SUBCATEGORY,7,CURBSIDE,ã‚«ã‚»ãƒƒãƒˆãƒœãƒ³ãƒ™ãƒ»ã‚¹ãƒ—ãƒ¬ãƒ¼ç¼¶ãƒ»ã‚¬ã‚¹ãƒ©ã‚¤ã‚¿ãƒ¼,NOT_STATED_IN_CITED_SOURCE,,NOT_STATED_IN_CITED_SOURCE,ä¸­èº«ã‚’ä½¿ã„åˆ‡ã‚‹ã€‚ä½¿ã„åˆ‡ã£ãŸå ´åˆã¯ç©´ã‚’é–‹ã‘ã‚‹å¿…è¦ã¯ãªã„,,,FALSE,FALSE,FALSE,,FALSE,,S-M115-01,https://www.town.sera.hiroshima.jp/soshiki/4/317.html,ç™ºç«æ€§å±é™ºã”ã¿,2026-08-19,REFERENCE_ONLY,CURRENT,,
M115,C-M115-08,å……é›»å¼å°åž‹å®¶é›»,ä¸ç‡ƒã”ã¿,C-M115-05,SUBCATEGORY,8,CURBSIDE,ã‚²ãƒ¼ãƒ æ©Ÿãƒ»é›»æ°—ã‹ã¿ãã‚Šãƒ»é›»å­ãŸã°ã“ãƒ»ãƒ¢ãƒã‚¤ãƒ«ãƒãƒƒãƒ†ãƒªãƒ¼ç­‰,NOT_STATED_IN_CITED_SOURCE,,NOT_STATED_IN_CITED_SOURCE,å……é›»å™¨ãƒ»ã‚±ãƒ¼ãƒ–ãƒ«ã¯ä¸ç‡ƒç‰©ã€‚å–ã‚Šå¤–ã—ãŸå……é›»å¼é›»æ± ã¯é›»æ± é¡žã¸,,,FALSE,FALSE,FALSE,,FALSE,,S-M115-01,https://www.town.sera.hiroshima.jp/soshiki/4/317.html,å……é›»å¼å°åž‹å®¶é›»,2026-08-19,REFERENCE_ONLY,CURRENT,,
M115,C-M115-09,é›»æ± é¡ž,ä¸ç‡ƒã”ã¿,C-M115-05,SUBCATEGORY,9,CURBSIDE,ä¹¾é›»æ± ãƒ»ãƒœã‚¿ãƒ³é›»æ± ãƒ»ãƒªãƒã‚¦ãƒ é›»æ± ç­‰,NOT_STATED_IN_CITED_SOURCE,,NOT_STATED_IN_CITED_SOURCE,é›»æ¥µã‚’ãƒ†ãƒ¼ãƒ—ã§çµ¶ç¸ã™ã‚‹,,,FALSE,FALSE,FALSE,,FALSE,,S-M115-01,https://www.town.sera.hiroshima.jp/soshiki/4/317.html,é›»æ± é¡ž,2026-08-19,REFERENCE_ONLY,CURRENT,,
M115,C-M115-10,è›å…‰ç¯é¡ž,ä¸ç‡ƒã”ã¿,C-M115-05,SUBCATEGORY,10,CURBSIDE,è›å…‰ç¯ãƒ»é›»çƒãƒ»æ°´éŠ€ä½“æ¸©è¨ˆãƒ»LEDç­‰,NOT_STATED_IN_CITED_SOURCE,,NOT_STATED_IN_CITED_SOURCE,ç®±ã¾ãŸã¯æ–°èžç´™ç­‰ã§åŒ…ã¿ç ´æã‚’é˜²ã,,,FALSE,FALSE,FALSE,,FALSE,,S-M115-01,https://www.town.sera.hiroshima.jp/soshiki/4/317.html,è›å…‰ç¯é¡ž,2026-08-19,REFERENCE_ONLY,CURRENT,,
M116,C-M116-01,ç‡ƒã‚„ã—ã¦ã‚ˆã„ã”ã¿,ç‡ƒã‚„ã—ã¦ã‚ˆã„ã”ã¿,,PRIMARY,1,CURBSIDE,ç”Ÿã”ã¿ãƒ»ç´™ããšãƒ»æœ¨ããšãƒ»å¸ƒé¡žç­‰,NOT_STATED_IN_CITED_SOURCE,,NOT_STATED_IN_CITED_SOURCE,ç”Ÿã”ã¿ã¯æ°´åˆ‡ã‚Šã™ã‚‹,,,FALSE,FALSE,FALSE,,FALSE,,S-M116-01,https://www.jinsekigun.jp/town/formation/kankyoueisei/03/gomi/,ç‡ƒã‚„ã—ã¦ã‚ˆã„ã”ã¿,2026-08-19,SORT_BUCKET,CURRENT,,
M116,C-M116-02,ç©ºãã‚«ãƒ³,ç©ºãã‚«ãƒ³,,PRIMARY,2,CURBSIDE,ã‚¹ãƒãƒ¼ãƒ«ç¼¶ãƒ»ã‚¢ãƒ«ãƒŸç¼¶ãƒ»ãã®ä»–ã®ç¼¶,NOT_STATED_IN_CITED_SOURCE,,NOT_STATED_IN_CITED_SOURCE,NOT_STATED_IN_CITED_SOURCE,,,FALSE,FALSE,FALSE,,FALSE,,S-M116-01,https://www.jinsekigun.jp/town/formation/kankyoueisei/03/gomi/,ç©ºãã‚«ãƒ³,2026-08-19,SORT_BUCKET,CURRENT,,
M116,C-M116-03,ã‚¹ãƒãƒ¼ãƒ«ç¼¶,ç©ºãã‚«ãƒ³,C-M116-02,SUBCATEGORY,3,CURBSIDE,é£²é£Ÿç”¨ã‚¹ãƒãƒ¼ãƒ«ç¼¶,NOT_STATED_IN_CITED_SOURCE,,NOT_STATED_IN_CITED_SOURCE,ä¸­ã‚’æ´—ã†,,,FALSE,FALSE,FALSE,,FALSE,,S-M116-01,https://www.jinsekigun.jp/town/formation/kankyoueisei/03/gomi/,ã‚¹ãƒãƒ¼ãƒ«ç¼¶,2026-08-19,REFERENCE_ONLY,CURRENT,,
M116,C-M116-04,ã‚¢ãƒ«ãƒŸç¼¶,ç©ºãã‚«ãƒ³,C-M116-02,SUBCATEGORY,4,CURBSIDE,é£²é£Ÿç”¨ã‚¢ãƒ«ãƒŸç¼¶,NOT_STATED_IN_CITED_SOURCE,,NOT_STATED_IN_CITED_SOURCE,ä¸­ã‚’æ´—ã†,,,FALSE,FALSE,FALSE,,FALSE,,S-M116-01,https://www.jinsekigun.jp/town/formation/kankyoueisei/03/gomi/,ã‚¢ãƒ«ãƒŸç¼¶,2026-08-19,REFERENCE_ONLY,CURRENT,,
M116,C-M116-05,ãã®ä»–ã®ç¼¶,ç©ºãã‚«ãƒ³,C-M116-02,SUBCATEGORY,5,CURBSIDE,ã‚¹ãƒ—ãƒ¬ãƒ¼ç¼¶ãƒ»ã‚«ã‚»ãƒƒãƒˆãƒœãƒ³ãƒ™ç­‰,NOT_STATED_IN_CITED_SOURCE,,NOT_STATED_IN_CITED_SOURCE,ä¸­èº«ã‚’ä½¿ã„åˆ‡ã‚‹ã€‚ã¤ã¶ã•ãªã„,,,FALSE,FALSE,FALSE,,FALSE,,S-M116-01,https://www.jinsekigun.jp/town/formation/kankyoueisei/03/gomi/,ãã®ä»–ã®ç¼¶,2026-08-19,REFERENCE_ONLY,CURRENT,,
M116,C-M116-06,ç©ºããƒ“ãƒ³,ç©ºããƒ“ãƒ³,,PRIMARY,6,CURBSIDE,ç„¡è‰²ãƒ“ãƒ³ãƒ»èŒ¶è‰²ãƒ“ãƒ³ãƒ»ãã®ä»–ã®ãƒ“ãƒ³,NOT_STATED_IN_CITED_SOURCE,,NOT_STATED_IN_CITED_SOURCE,NOT_STATED_IN_CITED_SOURCE,,,FALSE,FALSE,FALSE,,FALSE,,S-M116-01,https://www.jinsekigun.jp/town/formation/kankyoueisei/03/gomi/,ç©ºããƒ“ãƒ³,2026-08-19,SORT_BUCKET,CURRENT,,
M116,C-M116-07,ç„¡è‰²ãƒ“ãƒ³,ç©ºããƒ“ãƒ³,C-M116-06,SUBCATEGORY,7,CURBSIDE,ç„¡è‰²ã®é£²é£Ÿç”¨ã³ã‚“ç­‰,NOT_STATED_IN_CITED_SOURCE,,NOT_STATED_IN_CITED_SOURCE,ãµãŸã‚’å¤–ã—ã€ä¸­ã‚’æ´—ã†,,,FALSE,FALSE,FALSE,,FALSE,,S-M116-01,https://www.jinsekigun.jp/town/formation/kankyoueisei/03/gomi/,ç„¡è‰²ãƒ“ãƒ³,2026-08-19,REFERENCE_ONLY,CURRENT,,
M116,C-M116-08,èŒ¶è‰²ãƒ“ãƒ³,ç©ºããƒ“ãƒ³,C-M116-06,SUBCATEGORY,8,CURBSIDE,èŒ¶è‰²ã®é£²é£Ÿç”¨ã³ã‚“ç­‰,NOT_STATED_IN_CITED_SOURCE,,NOT_STATED_IN_CITED_SOURCE,ãµãŸã‚’å¤–ã—ã€ä¸­ã‚’æ´—ã†,,,FALSE,FALSE,FALSE,,FALSE,,S-M116-01,https://www.jinsekigun.jp/town/formation/kankyoueisei/03/gomi/,èŒ¶è‰²ãƒ“ãƒ³,2026-08-19,REFERENCE_ONLY,CURRENT,,
M116,C-M116-09,ãã®ä»–ã®ãƒ“ãƒ³,ç©ºããƒ“ãƒ³,C-M116-06,SUBCATEGORY,9,CURBSIDE,ç„¡è‰²ãƒ»èŒ¶è‰²ä»¥å¤–ã®ã³ã‚“,NOT_STATED_IN_CITED_SOURCE,,NOT_STATED_IN_CITED_SOURCE,ãµãŸã‚’å¤–ã—ã€ä¸­ã‚’æ´—ã†,,,FALSE,FALSE,FALSE,,FALSE,,S-M116-01,https://www.jinsekigun.jp/town/formation/kankyoueisei/03/gomi/,ãã®ä»–ã®ãƒ“ãƒ³,2026-08-19,REFERENCE_ONLY,CURRENT,,
M116,C-M116-10,ãƒšãƒƒãƒˆãƒœãƒˆãƒ«,å®¹å™¨ã‚„åŒ…è£…ã®ãƒ—ãƒ©ã‚¹ãƒãƒƒã‚¯,,PRIMARY,10,CURBSIDE,PETãƒžãƒ¼ã‚¯ã®é£²æ–™ç­‰ãƒœãƒˆãƒ«,NOT_STATED_IN_CITED_SOURCE,,NOT_STATED_IN_CITED_SOURCE,ã‚­ãƒ£ãƒƒãƒ—ãƒ»ãƒ©ãƒ™ãƒ«ã‚’å¤–ã—ã€ä¸­ã‚’æ´—ã†,,,FALSE,FALSE,FALSE,,FALSE,,S-M116-01,https://www.jinsekigun.jp/town/formation/kankyoueisei/03/gomi/,ãƒšãƒƒãƒˆãƒœãƒˆãƒ«,2026-08-19,SORT_BUCKET,CURRENT,,
M116,C-M116-11,å®¹å™¨ã‚„åŒ…è£…ã®ãƒ—ãƒ©ã‚¹ãƒãƒƒã‚¯,å®¹å™¨ã‚„åŒ…è£…ã®ãƒ—ãƒ©ã‚¹ãƒãƒƒã‚¯,,PRIMARY,11,CURBSIDE,ãƒ—ãƒ©ãƒžãƒ¼ã‚¯ã®å®¹å™¨åŒ…è£…,NOT_STATED_IN_CITED_SOURCE,,NOT_STATED_IN_CITED_SOURCE,æ±šã‚Œã‚’è½ã¨ã—ã¦ä¹¾ã‹ã™,,,FALSE,FALSE,FALSE,,FALSE,,S-M116-01,https://www.jinsekigun.jp/town/formation/kankyoueisei/03/gomi/,å®¹å™¨ã‚„åŒ…è£…ã®ãƒ—ãƒ©ã‚¹ãƒãƒƒã‚¯,2026-08-19,SORT_BUCKET,CURRENT,,
M116,C-M116-12,ç™½è‰²ãƒˆãƒ¬ãƒ¼,å®¹å™¨ã‚„åŒ…è£…ã®ãƒ—ãƒ©ã‚¹ãƒãƒƒã‚¯,,PRIMARY,12,CURBSIDE,ç™½è‰²é£Ÿå“ãƒˆãƒ¬ãƒ¼,NOT_STATED_IN_CITED_SOURCE,,NOT_STATED_IN_CITED_SOURCE,ç™½è‰²ã®ã¿ã€‚æ±šã‚Œã‚’è½ã¨ã—ã¦ä¹¾ã‹ã™,,,FALSE,FALSE,FALSE,,FALSE,,S-M116-01,https://www.jinsekigun.jp/town/formation/kankyoueisei/03/gomi/,ç™½è‰²ãƒˆãƒ¬ãƒ¼,2026-08-19,SORT_BUCKET,CURRENT,,
M116,C-M116-13,ä¸ç‡ƒç‰©ãƒ»å®¹å™¨åŒ…è£…ä»¥å¤–ã®ãƒ—ãƒ©ã‚¹ãƒãƒƒã‚¯,ä¸ç‡ƒç‰©ãƒ»å®¹å™¨åŒ…è£…ä»¥å¤–ã®ãƒ—ãƒ©ã‚¹ãƒãƒƒã‚¯,,PRIMARY,13,CURBSIDE,é‡‘å±žé¡žãƒ»å®¹å™¨åŒ…è£…å¤–ãƒ—ãƒ©ã‚¹ãƒãƒƒã‚¯ãƒ»ä¸ç‡ƒç‰©ãƒ»é£Ÿç”¨æ²¹,NOT_STATED_IN_CITED_SOURCE,,NOT_STATED_IN_CITED_SOURCE,NOT_STATED_IN_CITED_SOURCE,,,FALSE,FALSE,FALSE,,FALSE,,S-M116-01,https://www.jinsekigun.jp/town/formation/kankyoueisei/03/gomi/,ä¸ç‡ƒç‰©ãƒ»å®¹å™¨åŒ…è£…ä»¥å¤–ã®ãƒ—ãƒ©ã‚¹ãƒãƒƒã‚¯,2026-08-19,SORT_BUCKET,CURRENT,,
M116,C-M116-14,é‡‘å±žé¡ž,ä¸ç‡ƒç‰©ãƒ»å®¹å™¨åŒ…è£…ä»¥å¤–ã®ãƒ—ãƒ©ã‚¹ãƒãƒƒã‚¯,C-M116-13,SUBCATEGORY,14,CURBSIDE,åˆƒç‰©ãƒ»é‡‘å±žè£½å“ç­‰,NOT_STATED_IN_CITED_SOURCE,,NOT_STATED_IN_CITED_SOURCE,åˆƒç‰©ç­‰ã¯å®‰å…¨ã«åŒ…ã‚€,,,FALSE,FALSE,FALSE,,FALSE,,S-M116-01,https://www.jinsekigun.jp/town/formation/kankyoueisei/03/gomi/,é‡‘å±žé¡ž,2026-08-19,REFERENCE_ONLY,CURRENT,,
M116,C-M116-15,å®¹å™¨åŒ…è£…å¤–ã®ãƒ—ãƒ©ã‚¹ãƒãƒƒã‚¯,ä¸ç‡ƒç‰©ãƒ»å®¹å™¨åŒ…è£…ä»¥å¤–ã®ãƒ—ãƒ©ã‚¹ãƒãƒƒã‚¯,C-M116-13,SUBCATEGORY,15,CURBSIDE,ãƒ—ãƒ©ã‚¹ãƒãƒƒã‚¯è£½å“ç­‰,NOT_STATED_IN_CITED_SOURCE,,NOT_STATED_IN_CITED_SOURCE,NOT_STATED_IN_CITED_SOURCE,,,FALSE,FALSE,FALSE,,FALSE,,S-M116-01,https://www.jinsekigun.jp/town/formation/kankyoueisei/03/gomi/,å®¹å™¨åŒ…è£…å¤–ã®ãƒ—ãƒ©ã‚¹ãƒãƒƒã‚¯,2026-08-19,REFERENCE_ONLY,CURRENT,,
M116,C-M116-16,ä¸ç‡ƒç‰©,ä¸ç‡ƒç‰©ãƒ»å®¹å™¨åŒ…è£…ä»¥å¤–ã®ãƒ—ãƒ©ã‚¹ãƒãƒƒã‚¯,C-M116-13,SUBCATEGORY,16,CURBSIDE,é™¶ç£å™¨ãƒ»ã‚¬ãƒ©ã‚¹ç­‰,NOT_STATED_IN_CITED_SOURCE,,NOT_STATED_IN_CITED_SOURCE,å‰²ã‚Œç‰©ç­‰ã¯å®‰å…¨ã«åŒ…ã‚€,,,FALSE,FALSE,FALSE,,FALSE,,S-M116-01,https://www.jinsekigun.jp/town/formation/kankyoueisei/03/gomi/,ä¸ç‡ƒç‰©,2026-08-19,REFERENCE_ONLY,CURRENT,,
M116,C-M116-17,å¤©ã·ã‚‰æ²¹ï¼ˆé£Ÿç”¨æ²¹ï¼‰,ä¸ç‡ƒç‰©ãƒ»å®¹å™¨åŒ…è£…ä»¥å¤–ã®ãƒ—ãƒ©ã‚¹ãƒãƒƒã‚¯,C-M116-13,SUBCATEGORY,17,CURBSIDE,å®¶åº­ã®é£Ÿç”¨æ²¹,NOT_STATED_IN_CITED_SOURCE,,NOT_STATED_IN_CITED_SOURCE,ãƒšãƒƒãƒˆãƒœãƒˆãƒ«ã¸å…¥ã‚Œã€ã—ã£ã‹ã‚ŠãµãŸã‚’ã™ã‚‹,,,FALSE,FALSE,FALSE,,FALSE,,S-M116-01,https://www.jinsekigun.jp/town/formation/kankyoueisei/03/gomi/,å¤©ã·ã‚‰æ²¹ï¼ˆé£Ÿç”¨æ²¹ï¼‰,2026-08-19,REFERENCE_ONLY,CURRENT,,
M116,C-M116-18,è³‡æºåŒ–ã—ã¦ã„ã‚‹ã”ã¿,è³‡æºåŒ–ã—ã¦ã„ã‚‹ã”ã¿,,PRIMARY,18,CURBSIDE,æ–°èžãƒ»é›‘èªŒãƒ»æ®µãƒœãƒ¼ãƒ«ãƒ»ç‰›ä¹³ãƒ‘ãƒƒã‚¯ãƒ»å¤ç€é¡ž,NOT_STATED_IN_CITED_SOURCE,,NOT_STATED_IN_CITED_SOURCE,ç´™é¡žç­‰ã¯è·å´©ã‚Œã—ãªã„ã‚ˆã†ã²ã‚‚ã§åå­—ã«ç¸›ã‚‹,,,FALSE,FALSE,FALSE,,FALSE,,S-M116-01,https://www.jinsekigun.jp/town/formation/kankyoueisei/03/gomi/,è³‡æºåŒ–ã—ã¦ã„ã‚‹ã”ã¿,2026-08-19,SORT_BUCKET,CURRENT,,
M116,C-M116-19,ç²—å¤§ã”ã¿,ç²—å¤§ã”ã¿,,PRIMARY,19,CURBSIDE,å®¶å…·ãƒ»å¤§åž‹é›»æ°—è£½å“ãƒ»è‡ªè»¢è»Šãƒ»å¸ƒå›£ç­‰,NOT_STATED_IN_CITED_SOURCE,,NOT_STATED_IN_CITED_SOURCE,ã‚¬ãƒ©ã‚¹ç­‰ã¯åˆ†åˆ¥ã—ã¦å¤–ã™,,,TRUE,FALSE,FALSE,,FALSE,,S-M116-02,https://www.jinsekigun.jp/town/formation/kankyoueisei/03/sodai/sodai/,ç²—å¤§ã”ã¿,2026-08-19,REFERENCE_ONLY,CURRENT,,
M116,C-M116-20,ç‰¹å®šå®¶åº­ç”¨æ©Ÿå™¨å»ƒæ£„ç‰©,ç‰¹å®šå®¶åº­ç”¨æ©Ÿå™¨å»ƒæ£„ç‰©,,PRIMARY,20,RETAILER_OR_MAKER,ãƒ†ãƒ¬ãƒ“ãƒ»ã‚¨ã‚¢ã‚³ãƒ³ãƒ»å†·è”µåº«ãƒ»å†·å‡åº«ãƒ»æ´—æ¿¯æ©Ÿ,NOT_STATED_IN_CITED_SOURCE,,NOT_STATED_IN_CITED_SOURCE,NOT_STATED_IN_CITED_SOURCE,,,FALSE,FALSE,FALSE,,FALSE,ãƒªã‚µã‚¤ã‚¯ãƒ«æ–™é‡‘ã¨ç”ºã®åŽé›†é‹æ¬æ‰‹æ•°æ–™ãŒå¿…è¦,S-M116-01,https://www.jinsekigun.jp/town/formation/kankyoueisei/03/gomi/,ç‰¹å®šå®¶åº­ç”¨æ©Ÿå™¨å»ƒæ£„ç‰©,2026-08-19,REFERENCE_ONLY,CURRENT,,
M116,C-M116-21,æœ‰å®³ã”ã¿,æœ‰å®³ã”ã¿,,PRIMARY,21,DROP_OFF,ä¹¾é›»æ± ãƒ»å……é›»å¼é›»æ± ãƒ»è›å…‰ç¯ãƒ»æ°´éŠ€å¼ä½“æ¸©è¨ˆç­‰,NOT_STATED_IN_CITED_SOURCE,,NOT_STATED_IN_CITED_SOURCE,NOT_STATED_IN_CITED_SOURCE,,,FALSE,FALSE,FALSE,,FALSE,,S-M116-03,https://www.jinsekigun.jp/town/formation/kankyoueisei/03/sodai/yugai/,æœ‰å®³ã”ã¿,2026-08-19,REFERENCE_ONLY,CURRENT,,
M117,C-M117-01,ç‡ƒã‚„ã›ã‚‹ã”ã¿,ç‡ƒã‚„ã›ã‚‹ã”ã¿,,PRIMARY,1,CURBSIDE,ç”Ÿã”ã¿ãƒ»ç´™ããšãƒ»å¯ç‡ƒæ€§å®¶åº­ã”ã¿,NOT_STATED_IN_CITED_SOURCE,,NOT_STATED_IN_CITED_SOURCE,ç”Ÿã”ã¿ã¯æ°´åˆ‡ã‚Šã™ã‚‹,,,FALSE,FALSE,FALSE,,FALSE,,S-M117-02,https://www.city.shimonoseki.lg.jp/uploaded/attachment/93751.pdf,ç‡ƒã‚„ã›ã‚‹ã”ã¿,2026-08-19,SORT_BUCKET,CURRENT,,
M117,C-M117-02,è³‡æºã”ã¿ï¼ˆã³ã‚“ãƒ»ç¼¶ï¼‰,è³‡æºã”ã¿ï¼ˆã³ã‚“ãƒ»ç¼¶ï¼‰,,PRIMARY,2,CURBSIDE,é£²é£Ÿç”¨ã³ã‚“ãƒ»ç¼¶ç­‰,NOT_STATED_IN_CITED_SOURCE,,NOT_STATED_IN_CITED_SOURCE,ä¸­èº«ã‚’ç©ºã«ã™ã‚‹,,,FALSE,FALSE,FALSE,,FALSE,,S-M117-02,https://www.city.shimonoseki.lg.jp/uploaded/attachment/93751.pdf,è³‡æºã”ã¿ï¼ˆã³ã‚“ãƒ»ç¼¶ï¼‰,2026-08-19,SORT_BUCKET,CURRENT,,
M117,C-M117-03,è³‡æºã”ã¿ï¼ˆãƒšãƒƒãƒˆãƒœãƒˆãƒ«ï¼‰,è³‡æºã”ã¿ï¼ˆãƒšãƒƒãƒˆãƒœãƒˆãƒ«ï¼‰,,PRIMARY,3,CURBSIDE,PETãƒžãƒ¼ã‚¯ã®ãƒšãƒƒãƒˆãƒœãƒˆãƒ«,NOT_STATED_IN_CITED_SOURCE,,NOT_STATED_IN_CITED_SOURCE,ä¸­ã‚’ã™ã™ãŽã€ã‚­ãƒ£ãƒƒãƒ—ãƒ»ãƒ©ãƒ™ãƒ«ã‚’å¤–ã™,,,FALSE,FALSE,FALSE,,FALSE,,S-M117-02,https://www.city.shimonoseki.lg.jp/uploaded/attachment/93751.pdf,è³‡æºã”ã¿ï¼ˆãƒšãƒƒãƒˆãƒœãƒˆãƒ«ï¼‰,2026-08-19,SORT_BUCKET,CURRENT,,
M117,C-M117-04,è³‡æºã”ã¿ï¼ˆãƒ—ãƒ©ã‚¹ãƒãƒƒã‚¯è£½å®¹å™¨åŒ…è£…ï¼‰,è³‡æºã”ã¿ï¼ˆãƒ—ãƒ©ã‚¹ãƒãƒƒã‚¯è£½å®¹å™¨åŒ…è£…ï¼‰,,PRIMARY,4,CURBSIDE,ãƒ—ãƒ©ãƒžãƒ¼ã‚¯ã®å®¹å™¨åŒ…è£…,NOT_STATED_IN_CITED_SOURCE,,NOT_STATED_IN_CITED_SOURCE,æ±šã‚Œã‚’è½ã¨ã™,,,FALSE,FALSE,FALSE,,FALSE,,S-M117-02,https://www.city.shimonoseki.lg.jp/uploaded/attachment/93751.pdf,è³‡æºã”ã¿ï¼ˆãƒ—ãƒ©ã‚¹ãƒãƒƒã‚¯è£½å®¹å™¨åŒ…è£…ï¼‰,2026-08-19,SORT_BUCKET,CURRENT,,
M117,C-M117-05,å¤ç´™,å¤ç´™,,PRIMARY,5,CURBSIDE,æ–°èžç´™ãƒ»é›‘èªŒé¡žãƒ»ãƒ€ãƒ³ãƒœãƒ¼ãƒ«,NOT_STATED_IN_CITED_SOURCE,,NOT_STATED_IN_CITED_SOURCE,NOT_STATED_IN_CITED_SOURCE,,,FALSE,FALSE,FALSE,,FALSE,,S-M117-02,https://www.city.shimonoseki.lg.jp/uploaded/attachment/93751.pdf,å¤ç´™,2026-08-19,SORT_BUCKET,CURRENT,,
M117,C-M117-06,æ–°èžç´™,å¤ç´™,C-M117-05,SUBCATEGORY,6,CURBSIDE,æ–°èžãƒ»æŠ˜è¾¼ãƒãƒ©ã‚·,NOT_STATED_IN_CITED_SOURCE,,NOT_STATED_IN_CITED_SOURCE,ã²ã‚‚ã§æŸã­ã‚‹,,,FALSE,FALSE,FALSE,,FALSE,,S-M117-02,https://www.city.shimonoseki.lg.jp/uploaded/attachment/93751.pdf,æ–°èžç´™,2026-08-19,REFERENCE_ONLY,CURRENT,,
M117,C-M117-07,é›‘èªŒé¡ž,å¤ç´™,C-M117-05,SUBCATEGORY,7,CURBSIDE,é›‘èªŒãƒ»é›‘ãŒã¿ç­‰,NOT_STATED_IN_CITED_SOURCE,,NOT_STATED_IN_CITED_SOURCE,ã²ã‚‚ã§æŸã­ã‚‹,,,FALSE,FALSE,FALSE,,FALSE,,S-M117-02,https://www.city.shimonoseki.lg.jp/uploaded/attachment/93751.pdf,é›‘èªŒé¡ž,2026-08-19,REFERENCE_ONLY,CURRENT,,
M117,C-M117-08,ãƒ€ãƒ³ãƒœãƒ¼ãƒ«,å¤ç´™,C-M117-05,SUBCATEGORY,8,CURBSIDE,ãƒ€ãƒ³ãƒœãƒ¼ãƒ«,NOT_STATED_IN_CITED_SOURCE,,NOT_STATED_IN_CITED_SOURCE,ãŸãŸã‚“ã§ã²ã‚‚ã§æŸã­ã‚‹,,,FALSE,FALSE,FALSE,,FALSE,,S-M117-02,https://www.city.shimonoseki.lg.jp/uploaded/attachment/93751.pdf,ãƒ€ãƒ³ãƒœãƒ¼ãƒ«,2026-08-19,REFERENCE_ONLY,CURRENT,,
M117,C-M117-09,ç‡ƒã‚„ã›ãªã„ã”ã¿,ç‡ƒã‚„ã›ãªã„ã”ã¿,,PRIMARY,9,CURBSIDE,é™¶ç£å™¨ãƒ»ã‚¬ãƒ©ã‚¹ãƒ»é‡‘å±žè£½å“ãƒ»å°åž‹å®¶é›»ç­‰,NOT_STATED_IN_CITED_SOURCE,,NOT_STATED_IN_CITED_SOURCE,å±é™ºç‰©ã¯å®‰å…¨ã«åŒ…ã‚€,,,FALSE,FALSE,FALSE,,FALSE,,S-M117-03,https://www.city.shimonoseki.lg.jp/uploaded/attachment/93738.pdf,ç‡ƒã‚„ã›ãªã„ã”ã¿,2026-08-19,SORT_BUCKET,CURRENT,,
M117,C-M117-10,æœ‰å®³ã”ã¿,æœ‰å®³ã”ã¿,,PRIMARY,10,CURBSIDE,ä¹¾é›»æ± ãƒ»è›å…‰ç®¡ãƒ»æ°´éŠ€è£½å“ãƒ»ãƒ¢ãƒã‚¤ãƒ«ãƒãƒƒãƒ†ãƒªãƒ¼ç­‰,NOT_STATED_IN_CITED_SOURCE,,NOT_STATED_IN_CITED_SOURCE,é›»æ± é¡žã¯å®‰å…¨æŽªç½®ã‚’è¡Œã†,,,FALSE,FALSE,FALSE,,FALSE,,S-M117-03,https://www.city.shimonoseki.lg.jp/uploaded/attachment/93738.pdf,æœ‰å®³ã”ã¿,2026-08-19,SORT_BUCKET,CURRENT,,
M117,C-M117-11,ç²—å¤§ã”ã¿,ç²—å¤§ã”ã¿,,PRIMARY,11,BOOKED_PICKUP,æŒ‡å®šè¢‹ã«å…¥ã‚‰ãªã„å¤§åž‹å®¶åº­ã”ã¿,NOT_STATED_IN_CITED_SOURCE,,NOT_STATED_IN_CITED_SOURCE,NOT_STATED_IN_CITED_SOURCE,,,TRUE,TRUE,FALSE,,FALSE,,S-M117-03,https://www.city.shimonoseki.lg.jp/uploaded/attachment/93738.pdf,ç²—å¤§ã”ã¿,2026-08-19,REFERENCE_ONLY,CURRENT,,
M118,C-M118-01,æœˆãƒ»æ°´ãƒ»é‡‘ã®ç‡ƒã‚„ã›ã‚‹ã”ã¿,æœˆãƒ»æ°´ãƒ»é‡‘ã®ç‡ƒã‚„ã›ã‚‹ã”ã¿,,PRIMARY,1,CURBSIDE,ç”Ÿã”ã¿ãƒ»ç´™ããšç­‰,NOT_STATED_IN_CITED_SOURCE,,NOT_STATED_IN_CITED_SOURCE,ç”Ÿã”ã¿ã¯æ°´åˆ‡ã‚Šã™ã‚‹,,,FALSE,FALSE,FALSE,,FALSE,,S-M118-01,https://www.city.ube.yamaguchi.jp/kurashi/gomi/dashikata/1001956/index.html,æœˆãƒ»æ°´ãƒ»é‡‘ã®ç‡ƒã‚„ã›ã‚‹ã”ã¿,2026-08-19,SORT_BUCKET,CURRENT,,
M118,C-M118-02,ãƒ—ãƒ©ã‚¹ãƒãƒƒã‚¯è£½å®¹å™¨åŒ…è£…,ãƒ—ãƒ©ã‚¹ãƒãƒƒã‚¯è£½å®¹å™¨åŒ…è£…,,PRIMARY,2,CURBSIDE,ãƒ—ãƒ©ãƒžãƒ¼ã‚¯ã®å®¹å™¨åŒ…è£…,NOT_STATED_IN_CITED_SOURCE,,NOT_STATED_IN_CITED_SOURCE,ä¸­èº«ã‚’ä½¿ã„åˆ‡ã‚Šã€æ±šã‚Œã‚’è½ã¨ã™,,,FALSE,FALSE,FALSE,,FALSE,,S-M118-01,https://www.city.ube.yamaguchi.jp/kurashi/gomi/dashikata/1001956/index.html,ãƒ—ãƒ©ã‚¹ãƒãƒƒã‚¯è£½å®¹å™¨åŒ…è£…,2026-08-19,SORT_BUCKET,CURRENT,,
M118,C-M118-03,ç‡ƒã‚„ã›ãªã„ã”ã¿,ç‡ƒã‚„ã›ãªã„ã”ã¿,,PRIMARY,3,CURBSIDE,é™¶ç£å™¨ãƒ»ã‚¬ãƒ©ã‚¹ãƒ»é‡‘å±žè¤‡åˆå“ç­‰,NOT_STATED_IN_CITED_SOURCE,,NOT_STATED_IN_CITED_SOURCE,å±é™ºç‰©ã¯å®‰å…¨ã«åŒ…ã‚€,,,FALSE,FALSE,FALSE,,FALSE,,S-M118-01,https://www.city.ube.yamaguchi.jp/kurashi/gomi/dashikata/1001956/index.html,ç‡ƒã‚„ã›ãªã„ã”ã¿,2026-08-19,SORT_BUCKET,CURRENT,,
M118,C-M118-04,æœˆ1å›žåŽé›†ã®ç‡ƒã‚„ã›ã‚‹ã”ã¿,æœˆ1å›žåŽé›†ã®ç‡ƒã‚„ã›ã‚‹ã”ã¿,,PRIMARY,4,CURBSIDE,æŒ‡å®šå¯¸æ³•ã®æžæœ¨ãƒ»å¤§åž‹å¯ç‡ƒç‰©ç­‰,NOT_STATED_IN_CITED_SOURCE,,NOT_STATED_IN_CITED_SOURCE,NOT_STATED_IN_CITED_SOURCE,,,FALSE,FALSE,FALSE,,FALSE,,S-M118-01,https://www.city.ube.yamaguchi.jp/kurashi/gomi/dashikata/1001956/index.html,æœˆ1å›žåŽé›†ã®ç‡ƒã‚„ã›ã‚‹ã”ã¿,2026-08-19,SORT_BUCKET,CURRENT,,
M118,C-M118-05,å±é™ºã”ã¿,å±é™ºã”ã¿,,PRIMARY,5,CURBSIDE,ä¹¾é›»æ± ãƒ»è›å…‰ç®¡ç­‰,NOT_STATED_IN_CITED_SOURCE,,NOT_STATED_IN_CITED_SOURCE,NOT_STATED_IN_CITED_SOURCE,,,FALSE,FALSE,FALSE,,FALSE,,S-M118-01,https://www.city.ube.yamaguchi.jp/kurashi/gomi/dashikata/1001956/index.html,å±é™ºã”ã¿,2026-08-19,SORT_BUCKET,CURRENT,,
M118,C-M118-06,ã³ã‚“ãƒ»ç¼¶,ã³ã‚“ãƒ»ç¼¶,,PRIMARY,6,CURBSIDE,é£²é£Ÿç”¨ã³ã‚“ãƒ»ç¼¶ãƒ»ã‚¹ãƒ—ãƒ¬ãƒ¼ç¼¶ç­‰,NOT_STATED_IN_CITED_SOURCE,,NOT_STATED_IN_CITED_SOURCE,ä¸­ã‚’ç©ºã«ã™ã‚‹ã€‚ã‚¹ãƒ—ãƒ¬ãƒ¼ç¼¶ã¯ä¸­èº«ã‚’ä½¿ã„åˆ‡ã‚Šã€å±‹å¤–ã§å¿…ãšç©´ã‚’é–‹ã‘ã‚‹,,,FALSE,FALSE,FALSE,,FALSE,,S-M118-02,https://www.city.ube.yamaguchi.jp/kurashi/gomi/dashikata/1001956/1001961.html,ã³ã‚“ãƒ»ç¼¶,2026-08-19,SORT_BUCKET,CURRENT,,
M118,C-M118-07,ãƒšãƒƒãƒˆãƒœãƒˆãƒ«,ãƒšãƒƒãƒˆãƒœãƒˆãƒ«,,PRIMARY,7,CURBSIDE,PETãƒžãƒ¼ã‚¯ã®ãƒœãƒˆãƒ«,NOT_STATED_IN_CITED_SOURCE,,NOT_STATED_IN_CITED_SOURCE,ã‚­ãƒ£ãƒƒãƒ—ãƒ»ãƒ©ãƒ™ãƒ«ã‚’å¤–ã—ã€ä¸­ã‚’æ´—ã†,,,FALSE,FALSE,FALSE,,FALSE,,S-M118-01,https://www.city.ube.yamaguchi.jp/kurashi/gomi/dashikata/1001956/index.html,ãƒšãƒƒãƒˆãƒœãƒˆãƒ«,2026-08-19,SORT_BUCKET,CURRENT,,
M118,C-M118-08,ç´™è£½å®¹å™¨åŒ…è£…,ç´™è£½å®¹å™¨åŒ…è£…,,PRIMARY,8,CURBSIDE,ç´™ãƒžãƒ¼ã‚¯ã®å®¹å™¨åŒ…è£…,NOT_STATED_IN_CITED_SOURCE,,NOT_STATED_IN_CITED_SOURCE,æ±šã‚Œã‚’é™¤ã,,,FALSE,FALSE,FALSE,,FALSE,,S-M118-01,https://www.city.ube.yamaguchi.jp/kurashi/gomi/dashikata/1001956/index.html,ç´™è£½å®¹å™¨åŒ…è£…,2026-08-19,SORT_BUCKET,CURRENT,,
M118,C-M118-09,å¤ç´™,å¤ç´™,,PRIMARY,9,CURBSIDE,æ–°èžãƒ»é›‘èªŒé›‘ãŒã¿ãƒ»ãƒ€ãƒ³ãƒœãƒ¼ãƒ«,NOT_STATED_IN_CITED_SOURCE,,NOT_STATED_IN_CITED_SOURCE,NOT_STATED_IN_CITED_SOURCE,,,FALSE,FALSE,FALSE,,FALSE,,S-M118-01,https://www.city.ube.yamaguchi.jp/kurashi/gomi/dashikata/1001956/index.html,å¤ç´™,2026-08-19,SORT_BUCKET,CURRENT,,
M118,C-M118-10,å¤ç´™ï¼ˆæ–°èžï¼‰,å¤ç´™,C-M118-09,SUBCATEGORY,10,CURBSIDE,æ–°èžãƒ»æŠ˜è¾¼ãƒãƒ©ã‚·,NOT_STATED_IN_CITED_SOURCE,,NOT_STATED_IN_CITED_SOURCE,ã²ã‚‚ã§æŸã­ã‚‹,,,FALSE,FALSE,FALSE,,FALSE,,S-M118-01,https://www.city.ube.yamaguchi.jp/kurashi/gomi/dashikata/1001956/index.html,å¤ç´™ï¼ˆæ–°èžï¼‰,2026-08-19,REFERENCE_ONLY,CURRENT,,
M118,C-M118-11,å¤ç´™ï¼ˆé›‘èªŒãƒ»é›‘ãŒã¿ï¼‰,å¤ç´™,C-M118-09,SUBCATEGORY,11,CURBSIDE,é›‘èªŒãƒ»é›‘ãŒã¿,NOT_STATED_IN_CITED_SOURCE,,NOT_STATED_IN_CITED_SOURCE,ã²ã‚‚ã§æŸã­ã‚‹,,,FALSE,FALSE,FALSE,,FALSE,,S-M118-01,https://www.city.ube.yamaguchi.jp/kurashi/gomi/dashikata/1001956/index.html,å¤ç´™ï¼ˆé›‘èªŒãƒ»é›‘ãŒã¿ï¼‰,2026-08-19,REFERENCE_ONLY,CURRENT,,
M118,C-M118-12,å¤ç´™ï¼ˆãƒ€ãƒ³ãƒœãƒ¼ãƒ«ï¼‰,å¤ç´™,C-M118-09,SUBCATEGORY,12,CURBSIDE,ãƒ€ãƒ³ãƒœãƒ¼ãƒ«,NOT_STATED_IN_CITED_SOURCE,,NOT_STATED_IN_CITED_SOURCE,ãŸãŸã‚“ã§ã²ã‚‚ã§æŸã­ã‚‹,,,FALSE,FALSE,FALSE,,FALSE,,S-M118-01,https://www.city.ube.yamaguchi.jp/kurashi/gomi/dashikata/1001956/index.html,å¤ç´™ï¼ˆãƒ€ãƒ³ãƒœãƒ¼ãƒ«ï¼‰,2026-08-19,REFERENCE_ONLY,CURRENT,,
M118,C-M118-13,ç²—å¤§ã”ã¿,ç²—å¤§ã”ã¿,,PRIMARY,13,BOOKED_PICKUP,å¤§åž‹å®¶åº­ã”ã¿,NOT_STATED_IN_CITED_SOURCE,,NOT_STATED_IN_CITED_SOURCE,NOT_STATED_IN_CITED_SOURCE,,,TRUE,TRUE,FALSE,,FALSE,äºˆç´„åˆ¶æœ‰æ–™ã®æˆ¸åˆ¥åŽé›†,S-M118-04,https://www.city.ube.yamaguchi.jp/kurashi/gomi/dashikata/1001966/index.html,ç²—å¤§ã”ã¿,2026-08-19,REFERENCE_ONLY,CURRENT,,
M118,C-M118-14,å……é›»å¼é›»æ± ,å……é›»å¼é›»æ± ,,PRIMARY,14,DROP_OFF,å°åž‹å……é›»å¼é›»æ± ãƒ»ãƒ¢ãƒã‚¤ãƒ«ãƒãƒƒãƒ†ãƒªãƒ¼ç­‰,NOT_STATED_IN_CITED_SOURCE,,NOT_STATED_IN_CITED_SOURCE,ç«¯å­ã‚’çµ¶ç¸ã—ã¦å›žåŽãƒœãƒƒã‚¯ã‚¹ç­‰ã¸å‡ºã™,,,FALSE,FALSE,FALSE,,FALSE,,S-M118-03,https://www.city.ube.yamaguchi.jp/kurashi/gomi/dashikata/1001966/1014463.html,å……é›»å¼é›»æ± ,2026-08-19,REFERENCE_ONLY,CURRENT,,
M119,C-M119-01,å¤ç´™,å¤ç´™,,PRIMARY,1,CURBSIDE,ç´™è£½å®¹å™¨åŒ…è£…ãƒ»æ–°èžãƒ»ãƒ€ãƒ³ãƒœãƒ¼ãƒ«ãƒ»ç´™ãƒ‘ãƒƒã‚¯ãƒ»é›‘ãŒã¿,NOT_STATED_IN_CITED_SOURCE,,NOT_STATED_IN_CITED_SOURCE,NOT_STATED_IN_CITED_SOURCE,,,FALSE,FALSE,FALSE,,FALSE,,S-M119-02,https://www.city.yamaguchi.lg.jp/site/gomisigen/69641.html,å¤ç´™,2026-08-19,SORT_BUCKET,CURRENT,,
M119,C-M119-02,ç´™è£½å®¹å™¨åŒ…è£…,å¤ç´™,C-M119-01,SUBCATEGORY,2,CURBSIDE,ç´™ãƒžãƒ¼ã‚¯ã®å®¹å™¨åŒ…è£…,NOT_STATED_IN_CITED_SOURCE,,NOT_STATED_IN_CITED_SOURCE,å“ç›®åˆ¥ã«ã¾ã¨ã‚ã¦å‡ºã™,,,FALSE,FALSE,FALSE,,FALSE,,S-M119-02,https://www.city.yamaguchi.lg.jp/site/gomisigen/69641.html,ç´™è£½å®¹å™¨åŒ…è£…,2026-08-19,REFERENCE_ONLY,CURRENT,,
M119,C-M119-03,æ–°èž,å¤ç´™,C-M119-01,SUBCATEGORY,3,CURBSIDE,æ–°èžãƒ»æŠ˜è¾¼ãƒãƒ©ã‚·,NOT_STATED_IN_CITED_SOURCE,,NOT_STATED_IN_CITED_SOURCE,ã²ã‚‚ã§æŸã­ã‚‹,,,FALSE,FALSE,FALSE,,FALSE,,S-M119-02,https://www.city.yamaguchi.lg.jp/site/gomisigen/69641.html,æ–°èž,2026-08-19,REFERENCE_ONLY,CURRENT,,
M119,C-M119-04,ãƒ€ãƒ³ãƒœãƒ¼ãƒ«,å¤ç´™,C-M119-01,SUBCATEGORY,4,CURBSIDE,ãƒ€ãƒ³ãƒœãƒ¼ãƒ«,NOT_STATED_IN_CITED_SOURCE,,NOT_STATED_IN_CITED_SOURCE,ãŸãŸã‚“ã§ã²ã‚‚ã§æŸã­ã‚‹,,,FALSE,FALSE,FALSE,,FALSE,,S-M119-02,https://www.city.yamaguchi.lg.jp/site/gomisigen/69641.html,ãƒ€ãƒ³ãƒœãƒ¼ãƒ«,2026-08-19,REFERENCE_ONLY,CURRENT,,
M119,C-M119-05,ç´™ãƒ‘ãƒƒã‚¯,å¤ç´™,C-M119-01,SUBCATEGORY,5,CURBSIDE,ç‰›ä¹³ç­‰ã®ç´™ãƒ‘ãƒƒã‚¯,NOT_STATED_IN_CITED_SOURCE,,NOT_STATED_IN_CITED_SOURCE,æ´—ã„ã€é–‹ã„ã¦ä¹¾ã‹ã™,,,FALSE,FALSE,FALSE,,FALSE,,S-M119-02,https://www.city.yamaguchi.lg.jp/site/gomisigen/69641.html,ç´™ãƒ‘ãƒƒã‚¯,2026-08-19,REFERENCE_ONLY,CURRENT,,
M119,C-M119-06,é›‘ãŒã¿,å¤ç´™,C-M119-01,SUBCATEGORY,6,CURBSIDE,é›‘ãŒã¿,NOT_STATED_IN_CITED_SOURCE,,NOT_STATED_IN_CITED_SOURCE,å“ç›®åˆ¥ã«ã¾ã¨ã‚ã¦å‡ºã™,,,FALSE,FALSE,FALSE,,FALSE,,S-M119-02,https://www.city.yamaguchi.lg.jp/site/gomisigen/69641.html,é›‘ãŒã¿,2026-08-19,REFERENCE_ONLY,CURRENT,,
M119,C-M119-07,ãƒšãƒƒãƒˆãƒœãƒˆãƒ«,ãƒšãƒƒãƒˆãƒœãƒˆãƒ«,,PRIMARY,7,CURBSIDE,PETãƒžãƒ¼ã‚¯ã®ãƒœãƒˆãƒ«,NOT_STATED_IN_CITED_SOURCE,,NOT_STATED_IN_CITED_SOURCE,ã‚­ãƒ£ãƒƒãƒ—ãƒ»ãƒ©ãƒ™ãƒ«ã‚’å¤–ã—ã€ä¸­ã‚’æ´—ã†,,,FALSE,FALSE,FALSE,,FALSE,,S-M119-06,https://www.city.yamaguchi.lg.jp/site/gomisigen/161801.html,ãƒšãƒƒãƒˆãƒœãƒˆãƒ«,2026-08-19,SORT_BUCKET,CURRENT,,
M119,C-M119-08,ãƒ—ãƒ©ã‚¹ãƒãƒƒã‚¯è£½å®¹å™¨åŒ…è£…,ãƒ—ãƒ©ã‚¹ãƒãƒƒã‚¯è£½å®¹å™¨åŒ…è£…,,PRIMARY,8,CURBSIDE,ãƒ—ãƒ©ãƒžãƒ¼ã‚¯ã®å®¹å™¨åŒ…è£…,NOT_STATED_IN_CITED_SOURCE,,NOT_STATED_IN_CITED_SOURCE,ä¸­èº«ã‚’ä½¿ã„åˆ‡ã‚Šã€æ±šã‚Œã‚’è½ã¨ã™,,,FALSE,FALSE,FALSE,,FALSE,,S-M119-06,https://www.city.yamaguchi.lg.jp/site/gomisigen/161801.html,ãƒ—ãƒ©ã‚¹ãƒãƒƒã‚¯è£½å®¹å™¨åŒ…è£…,2026-08-19,SORT_BUCKET,CURRENT,,
M119,C-M119-09,ã³ã‚“,ã³ã‚“,,PRIMARY,9,CURBSIDE,é£²é£Ÿç”¨ã³ã‚“ç­‰,NOT_STATED_IN_CITED_SOURCE,,NOT_STATED_IN_CITED_SOURCE,ä¸­ã‚’æ´—ã†,,,FALSE,FALSE,FALSE,,FALSE,,S-M119-06,https://www.city.yamaguchi.lg.jp/site/gomisigen/161801.html,ã³ã‚“,2026-08-19,SORT_BUCKET,CURRENT,,
M119,C-M119-10,ç¼¶,ç¼¶,,PRIMARY,10,CURBSIDE,é£²é£Ÿç”¨ç¼¶ç­‰,NOT_STATED_IN_CITED_SOURCE,,NOT_STATED_IN_CITED_SOURCE,ä¸­ã‚’æ´—ã†,,,FALSE,FALSE,FALSE,,FALSE,,S-M119-06,https://www.city.yamaguchi.lg.jp/site/gomisigen/161801.html,ç¼¶,2026-08-19,SORT_BUCKET,CURRENT,,
M119,C-M119-11,é‡‘å±žãƒ»å°åž‹å®¶é›»è£½å“,é‡‘å±žãƒ»å°åž‹å®¶é›»è£½å“,,PRIMARY,11,CURBSIDE,é‡‘å±žè£½å“ãƒ»å°åž‹å®¶é›»ç­‰,NOT_STATED_IN_CITED_SOURCE,,NOT_STATED_IN_CITED_SOURCE,é›»æ± ç­‰ã‚’å¤–ã™,,,FALSE,FALSE,FALSE,,FALSE,,S-M119-03,https://www.city.yamaguchi.lg.jp/site/gomisigen/69645.html,é‡‘å±žãƒ»å°åž‹å®¶é›»è£½å“,2026-08-19,SORT_BUCKET,CURRENT,,
M119,C-M119-12,æœ‰å®³ã”ã¿(1),æœ‰å®³ã”ã¿(1),,PRIMARY,12,DROP_OFF,ã‚¹ãƒ—ãƒ¬ãƒ¼ç¼¶ãƒ»ã‚«ã‚»ãƒƒãƒˆãƒœãƒ³ãƒ™ãƒ»è›å…‰ç®¡ãƒ»ä¹¾é›»æ± ãƒ»æ°´éŠ€ä½“æ¸©è¨ˆç­‰,NOT_STATED_IN_CITED_SOURCE,,NOT_STATED_IN_CITED_SOURCE,ã‚¹ãƒ—ãƒ¬ãƒ¼ç¼¶ç­‰ã¯ä¸­èº«ã‚’ä½¿ã„åˆ‡ã‚Šã€å±‹å¤–ã§ç©´ã‚’é–‹ã‘ã‚‹,,,FALSE,FALSE,FALSE,,FALSE,,S-M119-04,https://www.city.yamaguchi.lg.jp/site/gomisigen/79591.html,æœ‰å®³ã”ã¿(1),2026-08-19,REFERENCE_ONLY,CURRENT,,
M119,C-M119-13,æœ‰å®³ã”ã¿(2),æœ‰å®³ã”ã¿(2),,PRIMARY,13,DROP_OFF,å°åž‹å……é›»å¼é›»æ± ãƒ»ãƒ¢ãƒã‚¤ãƒ«ãƒãƒƒãƒ†ãƒªãƒ¼ãƒ»ãƒœã‚¿ãƒ³é›»æ± ãƒ»é›»å­ãŸã°ã“ç­‰,NOT_STATED_IN_CITED_SOURCE,,NOT_STATED_IN_CITED_SOURCE,é›»æ± é¡žã¯ç«¯å­ã‚’çµ¶ç¸ã™ã‚‹,,,FALSE,FALSE,FALSE,,FALSE,,S-M119-05,https://www.city.yamaguchi.lg.jp/site/gomisigen/92657.html,æœ‰å®³ã”ã¿(2),2026-08-19,REFERENCE_ONLY,CURRENT,,
M119,C-M119-14,ç‡ƒã‚„ã›ã‚‹ã”ã¿,ç‡ƒã‚„ã›ã‚‹ã”ã¿,,PRIMARY,14,CURBSIDE,ç”Ÿã”ã¿ãƒ»ç´™ããšç­‰,NOT_STATED_IN_CITED_SOURCE,,NOT_STATED_IN_CITED_SOURCE,ç”Ÿã”ã¿ã¯æ°´åˆ‡ã‚Šã™ã‚‹,,,FALSE,FALSE,FALSE,,FALSE,,S-M119-06,https://www.city.yamaguchi.lg.jp/site/gomisigen/161801.html,ç‡ƒã‚„ã›ã‚‹ã”ã¿,2026-08-19,SORT_BUCKET,CURRENT,,
M119,C-M119-15,ç‡ƒã‚„ã›ãªã„ã”ã¿,ç‡ƒã‚„ã›ãªã„ã”ã¿,,PRIMARY,15,CURBSIDE,é™¶ç£å™¨ãƒ»ã‚¬ãƒ©ã‚¹ç­‰,NOT_STATED_IN_CITED_SOURCE,,NOT_STATED_IN_CITED_SOURCE,å±é™ºç‰©ã¯å®‰å…¨ã«åŒ…ã‚€,,,FALSE,FALSE,FALSE,,FALSE,,S-M119-06,https://www.city.yamaguchi.lg.jp/site/gomisigen/161801.html,ç‡ƒã‚„ã›ãªã„ã”ã¿,2026-08-19,SORT_BUCKET,CURRENT,,
M119,C-M119-16,ç²—å¤§ã”ã¿,ç²—å¤§ã”ã¿,,PRIMARY,16,BOOKED_PICKUP,å¤§åž‹å®¶åº­ã”ã¿,NOT_STATED_IN_CITED_SOURCE,,NOT_STATED_IN_CITED_SOURCE,NOT_STATED_IN_CITED_SOURCE,,,TRUE,TRUE,FALSE,,FALSE,,S-M119-06,https://www.city.yamaguchi.lg.jp/site/gomisigen/161801.html,ç²—å¤§ã”ã¿,2026-08-19,REFERENCE_ONLY,CURRENT,,
M121,C-M121-01,ç‡ƒã‚„ã›ã‚‹ã”ã¿ï¼ˆå¯ç‡ƒã”ã¿ï¼‰,ç‡ƒã‚„ã›ã‚‹ã”ã¿ï¼ˆå¯ç‡ƒã”ã¿ï¼‰,,PRIMARY,1,CURBSIDE,ç”Ÿã”ã¿ãƒ»ç´™ããšãƒ»é©ã‚´ãƒ ãƒ»ãƒ—ãƒ©ã‚¹ãƒãƒƒã‚¯è£½å“ç­‰,NOT_STATED_IN_CITED_SOURCE,,NOT_STATED_IN_CITED_SOURCE,ç”Ÿã”ã¿ã¯æ°´åˆ‡ã‚Šã€‚ä¸€è¾º50cmä»¥å†…ç­‰ã®æ¡ä»¶ã«å¾“ã†,é˜²åºœå¸‚æŒ‡å®šã”ã¿è¢‹,,FALSE,FALSE,FALSE,,FALSE,,S-M121-03,https://www.city.hofu.yamaguchi.jp/soshiki/16/gomi-wakekatadashikata.html,ç‡ƒã‚„ã›ã‚‹ã”ã¿ï¼ˆå¯ç‡ƒã”ã¿ï¼‰,2026-08-19,SORT_BUCKET,CURRENT,,
M121,C-M121-02,è³‡æºã”ã¿,è³‡æºã”ã¿,,PRIMARY,2,CURBSIDE,ãƒ—ãƒ©ã‚¹ãƒãƒƒã‚¯ãƒ»ç´™ãƒ»ç´™ãƒ‘ãƒƒã‚¯ãƒ»å¤ç´™ãƒ»PETãƒ»ç¼¶ãƒ»ã³ã‚“,NOT_STATED_IN_CITED_SOURCE,,NOT_STATED_IN_CITED_SOURCE,NOT_STATED_IN_CITED_SOURCE,,,FALSE,FALSE,FALSE,,FALSE,,S-M121-01,https://www.city.hofu.yamaguchi.jp/soshiki/16/calendar-.html,è³‡æºã”ã¿,2026-08-19,SORT_BUCKET,CURRENT,,
M121,C-M121-03,ãƒ—ãƒ©ã‚¹ãƒãƒƒã‚¯è£½å®¹å™¨åŒ…è£…,è³‡æºã”ã¿,C-M121-02,SUBCATEGORY,3,CURBSIDE,ãƒ—ãƒ©ãƒžãƒ¼ã‚¯ã®å®¹å™¨åŒ…è£…,NOT_STATED_IN_CITED_SOURCE,,NOT_STATED_IN_CITED_SOURCE,ä¸­èº«ã‚’ä½¿ã„åˆ‡ã‚Šã€æ±šã‚Œã‚’è½ã¨ã—ã¦æ°´æ°—ã‚’åˆ‡ã‚‹,,,FALSE,FALSE,FALSE,,FALSE,,S-M121-02,https://www.city.hofu.yamaguchi.jp/soshiki/16/atarashiigomi-sasshi.html,ãƒ—ãƒ©ã‚¹ãƒãƒƒã‚¯è£½å®¹å™¨åŒ…è£…,2026-08-19,REFERENCE_ONLY,CURRENT,,
M121,C-M121-04,ç´™è£½å®¹å™¨åŒ…è£…,è³‡æºã”ã¿,C-M121-02,SUBCATEGORY,4,CURBSIDE,ç´™ãƒžãƒ¼ã‚¯ã®å®¹å™¨åŒ…è£…,NOT_STATED_IN_CITED_SOURCE,,NOT_STATED_IN_CITED_SOURCE,æ±šã‚Œã‚’é™¤ã,,,FALSE,FALSE,FALSE,,FALSE,,S-M121-02,https://www.city.hofu.yamaguchi.jp/soshiki/16/atarashiigomi-sasshi.html,ç´™è£½å®¹å™¨åŒ…è£…,2026-08-19,REFERENCE_ONLY,CURRENT,,
M121,C-M121-05,ç´™ãƒ‘ãƒƒã‚¯,è³‡æºã”ã¿,C-M121-02,SUBCATEGORY,5,CURBSIDE,ç‰›ä¹³ç­‰ã®ç´™ãƒ‘ãƒƒã‚¯,NOT_STATED_IN_CITED_SOURCE,,NOT_STATED_IN_CITED_SOURCE,æ´—ã„ã€é–‹ã„ã¦ä¹¾ã‹ã™,,,FALSE,FALSE,FALSE,,FALSE,,S-M121-02,https://www.city.hofu.yamaguchi.jp/soshiki/16/atarashiigomi-sasshi.html,ç´™ãƒ‘ãƒƒã‚¯,2026-08-19,REFERENCE_ONLY,CURRENT,,
M121,C-M121-06,å¤ç´™é¡ž,è³‡æºã”ã¿,C-M121-02,SUBCATEGORY,6,CURBSIDE,æ–°èžãƒ»é›‘èªŒãƒ»ãƒ€ãƒ³ãƒœãƒ¼ãƒ«ç­‰,NOT_STATED_IN_CITED_SOURCE,,NOT_STATED_IN_CITED_SOURCE,ç´™ç¨®åˆ¥ã«ã¾ã¨ã‚ã‚‹,,,FALSE,FALSE,FALSE,,FALSE,,S-M121-02,https://www.city.hofu.yamaguchi.jp/soshiki/16/atarashiigomi-sasshi.html,å¤ç´™é¡ž,2026-08-19,REFERENCE_ONLY,CURRENT,,
M121,C-M121-07,ãƒšãƒƒãƒˆãƒœãƒˆãƒ«,è³‡æºã”ã¿,C-M121-02,SUBCATEGORY,7,CURBSIDE,PETãƒžãƒ¼ã‚¯ã®ãƒœãƒˆãƒ«,NOT_STATED_IN_CITED_SOURCE,,NOT_STATED_IN_CITED_SOURCE,ã‚­ãƒ£ãƒƒãƒ—ãƒ»ãƒ©ãƒ™ãƒ«ã‚’å¤–ã—ã€ä¸­ã‚’æ´—ã†,,,FALSE,FALSE,FALSE,,FALSE,,S-M121-02,https://www.city.hofu.yamaguchi.jp/soshiki/16/atarashiigomi-sasshi.html,ãƒšãƒƒãƒˆãƒœãƒˆãƒ«,2026-08-19,REFERENCE_ONLY,CURRENT,,
M121,C-M121-08,ç¼¶,è³‡æºã”ã¿,C-M121-02,SUBCATEGORY,8,CURBSIDE,é£²é£Ÿç”¨ç¼¶ç­‰,NOT_STATED_IN_CITED_SOURCE,,NOT_STATED_IN_CITED_SOURCE,ä¸­ã‚’ç©ºã«ã™ã‚‹,,,FALSE,FALSE,FALSE,,FALSE,,S-M121-02,https://www.city.hofu.yamaguchi.jp/soshiki/16/atarashiigomi-sasshi.html,ç¼¶,2026-08-19,REFERENCE_ONLY,CURRENT,,
M121,C-M121-09,ã³ã‚“é¡ž,è³‡æºã”ã¿,C-M121-02,SUBCATEGORY,9,CURBSIDE,é£²é£Ÿç”¨ã³ã‚“ç­‰,NOT_STATED_IN_CITED_SOURCE,,NOT_STATED_IN_CITED_SOURCE,ãµãŸã‚’å¤–ã—ã€ä¸­ã‚’æ´—ã†,,,FALSE,FALSE,FALSE,,FALSE,,S-M121-02,https://www.city.hofu.yamaguchi.jp/soshiki/16/atarashiigomi-sasshi.html,ã³ã‚“é¡ž,2026-08-19,REFERENCE_ONLY,CURRENT,,
M121,C-M121-10,å±é™ºã”ã¿,å±é™ºã”ã¿,,PRIMARY,10,CURBSIDE,ã‚¹ãƒ—ãƒ¬ãƒ¼ç¼¶ãƒ»é›»æ± ãƒ»æ°´éŠ€ä½“æ¸©è¨ˆãƒ»è›å…‰ç®¡ãƒ»ãƒ©ã‚¤ã‚¿ãƒ¼ãƒ»é™¶ç£å™¨ã‚¬ãƒ©ã‚¹é¡ž,NOT_STATED_IN_CITED_SOURCE,,NOT_STATED_IN_CITED_SOURCE,NOT_STATED_IN_CITED_SOURCE,,,FALSE,FALSE,FALSE,,FALSE,,S-M121-01,https://www.city.hofu.yamaguchi.jp/soshiki/16/calendar-.html,å±é™ºã”ã¿,2026-08-19,SORT_BUCKET,CURRENT,,
M121,C-M121-11,ã‚¹ãƒ—ãƒ¬ãƒ¼ç¼¶é¡ž,å±é™ºã”ã¿,C-M121-10,SUBCATEGORY,11,CURBSIDE,ã‚¹ãƒ—ãƒ¬ãƒ¼ç¼¶ãƒ»ã‚«ã‚»ãƒƒãƒˆãƒœãƒ³ãƒ™,NOT_STATED_IN_CITED_SOURCE,,NOT_STATED_IN_CITED_SOURCE,ä¸­èº«ã‚’ä½¿ã„åˆ‡ã‚Šã€å±‹å¤–ã§ç©´ã‚’é–‹ã‘ã‚‹,,,FALSE,FALSE,FALSE,,FALSE,,S-M121-02,https://www.city.hofu.yamaguchi.jp/soshiki/16/atarashiigomi-sasshi.html,ã‚¹ãƒ—ãƒ¬ãƒ¼ç¼¶é¡ž,2026-08-19,REFERENCE_ONLY,CURRENT,,
M121,C-M121-12,ä¹¾é›»æ± é¡ž,å±é™ºã”ã¿,C-M121-10,SUBCATEGORY,12,CURBSIDE,ä¹¾é›»æ± ç­‰,NOT_STATED_IN_CITED_SOURCE,,NOT_STATED_IN_CITED_SOURCE,é›»æ± é¡žã‚’åˆ†ã‘ã¦å‡ºã™,,,FALSE,FALSE,FALSE,,FALSE,,S-M121-02,https://www.city.hofu.yamaguchi.jp/soshiki/16/atarashiigomi-sasshi.html,ä¹¾é›»æ± é¡ž,2026-08-19,REFERENCE_ONLY,CURRENT,,
M121,C-M121-13,æ°´éŠ€ä½“æ¸©è¨ˆ,å±é™ºã”ã¿,C-M121-10,SUBCATEGORY,13,CURBSIDE,æ°´éŠ€ä½“æ¸©è¨ˆ,NOT_STATED_IN_CITED_SOURCE,,NOT_STATED_IN_CITED_SOURCE,ç ´æã‚’é˜²ã,,,FALSE,FALSE,FALSE,,FALSE,,S-M121-02,https://www.city.hofu.yamaguchi.jp/soshiki/16/atarashiigomi-sasshi.html,æ°´éŠ€ä½“æ¸©è¨ˆ,2026-08-19,REFERENCE_ONLY,CURRENT,,
M121,C-M121-14,è›å…‰ç®¡,å±é™ºã”ã¿,C-M121-10,SUBCATEGORY,14,CURBSIDE,è›å…‰ç®¡,NOT_STATED_IN_CITED_SOURCE,,NOT_STATED_IN_CITED_SOURCE,ç ´æã‚’é˜²ã,,,FALSE,FALSE,FALSE,,FALSE,,S-M121-02,https://www.city.hofu.yamaguchi.jp/soshiki/16/atarashiigomi-sasshi.html,è›å…‰ç®¡,2026-08-19,REFERENCE_ONLY,CURRENT,,
M121,C-M121-15,ãƒ©ã‚¤ã‚¿ãƒ¼é¡ž,å±é™ºã”ã¿,C-M121-10,SUBCATEGORY,15,CURBSIDE,ãƒ©ã‚¤ã‚¿ãƒ¼ç­‰,NOT_STATED_IN_CITED_SOURCE,,NOT_STATED_IN_CITED_SOURCE,ä¸­èº«ã‚’ä½¿ã„åˆ‡ã‚‹,,,FALSE,FALSE,FALSE,,FALSE,,S-M121-02,https://www.city.hofu.yamaguchi.jp/soshiki/16/atarashiigomi-sasshi.html,ãƒ©ã‚¤ã‚¿ãƒ¼é¡ž,2026-08-19,REFERENCE_ONLY,CURRENT,,
M121,C-M121-16,é™¶ç£å™¨ã€ã‚¬ãƒ©ã‚¹é¡ž,å±é™ºã”ã¿,C-M121-10,SUBCATEGORY,16,CURBSIDE,é™¶ç£å™¨ãƒ»ã‚¬ãƒ©ã‚¹é¡ž,NOT_STATED_IN_CITED_SOURCE,,NOT_STATED_IN_CITED_SOURCE,å‰²ã‚Œç‰©ç­‰ã¯å®‰å…¨ã«åŒ…ã‚€,,,FALSE,FALSE,FALSE,,FALSE,,S-M121-02,https://www.city.hofu.yamaguchi.jp/soshiki/16/atarashiigomi-sasshi.html,é™¶ç£å™¨ã€ã‚¬ãƒ©ã‚¹é¡ž,2026-08-19,REFERENCE_ONLY,CURRENT,,
M121,C-M121-17,ç‡ƒã‚„ã›ãªã„ã”ã¿ï¼ˆä¸ç‡ƒã”ã¿ï¼‰,ç‡ƒã‚„ã›ãªã„ã”ã¿ï¼ˆä¸ç‡ƒã”ã¿ï¼‰,,PRIMARY,17,CURBSIDE,é‡‘å±žè£½å“ãƒ»å°åž‹å®¶é›»ç­‰,NOT_STATED_IN_CITED_SOURCE,,NOT_STATED_IN_CITED_SOURCE,é›»æ± ç­‰ã‚’å¤–ã™,,,FALSE,FALSE,FALSE,,FALSE,,S-M121-02,https://www.city.hofu.yamaguchi.jp/soshiki/16/atarashiigomi-sasshi.html,ç‡ƒã‚„ã›ãªã„ã”ã¿ï¼ˆä¸ç‡ƒã”ã¿ï¼‰,2026-08-19,SORT_BUCKET,CURRENT,,
M121,C-M121-18,ç²—å¤§ã”ã¿,ç²—å¤§ã”ã¿ãƒ»åŸ‹ç«‹ã”ã¿ãƒ»ä¸€æ™‚å¤šé‡ã”ã¿ï¼ˆæœ‰æ–™åŽé›†ï¼‰,,PRIMARY,18,BOOKED_PICKUP,å¤§åž‹å®¶åº­ã”ã¿,NOT_STATED_IN_CITED_SOURCE,,NOT_STATED_IN_CITED_SOURCE,NOT_STATED_IN_CITED_SOURCE,,,TRUE,TRUE,FALSE,,FALSE,,S-M121-02,https://www.city.hofu.yamaguchi.jp/soshiki/16/atarashiigomi-sasshi.html,ç²—å¤§ã”ã¿,2026-08-19,REFERENCE_ONLY,CURRENT,,
M121,C-M121-19,åŸ‹ç«‹ã”ã¿,ç²—å¤§ã”ã¿ãƒ»åŸ‹ç«‹ã”ã¿ãƒ»ä¸€æ™‚å¤šé‡ã”ã¿ï¼ˆæœ‰æ–™åŽé›†ï¼‰,,PRIMARY,19,BOOKED_PICKUP,åŸ‹ç«‹å‡¦åˆ†å¯¾è±¡ã®å®¶åº­ã”ã¿,NOT_STATED_IN_CITED_SOURCE,,NOT_STATED_IN_CITED_SOURCE,NOT_STATED_IN_CITED_SOURCE,,,FALSE,TRUE,FALSE,,FALSE,,S-M121-02,https://www.city.hofu.yamaguchi.jp/soshiki/16/atarashiigomi-sasshi.html,åŸ‹ç«‹ã”ã¿,2026-08-19,REFERENCE_ONLY,CURRENT,,
M121,C-M121-20,ä¸€æ™‚å¤šé‡ã”ã¿,ç²—å¤§ã”ã¿ãƒ»åŸ‹ç«‹ã”ã¿ãƒ»ä¸€æ™‚å¤šé‡ã”ã¿ï¼ˆæœ‰æ–™åŽé›†ï¼‰,,PRIMARY,20,BOOKED_PICKUP,å¼•è¶Šã—ç­‰ã§ä¸€æ™‚çš„ã«å¤šé‡ã¨ãªã‚‹å®¶åº­ã”ã¿,NOT_STATED_IN_CITED_SOURCE,,NOT_STATED_IN_CITED_SOURCE,NOT_STATED_IN_CITED_SOURCE,,,FALSE,TRUE,FALSE,,FALSE,,S-M121-02,https://www.city.hofu.yamaguchi.jp/soshiki/16/atarashiigomi-sasshi.html,ä¸€æ™‚å¤šé‡ã”ã¿,2026-08-19,REFERENCE_ONLY,CURRENT,,
M122,C-M122-01,ç‡ƒã‚„ã™è¢‹ã”ã¿,ç‡ƒã‚„ã™è¢‹ã”ã¿,,PRIMARY,1,CURBSIDE,ç”Ÿã”ã¿ãƒ»å¯ç‡ƒæ€§å®¶åº­ã”ã¿,NOT_STATED_IN_CITED_SOURCE,,NOT_STATED_IN_CITED_SOURCE,ç”Ÿã”ã¿ã¯æ°´åˆ‡ã‚Šã™ã‚‹,,,FALSE,FALSE,FALSE,,FALSE,,S-M122-01,https://www.city.kudamatsu.lg.jp/kankyou/documents/r8jissikeikaku.pdf,ç‡ƒã‚„ã™è¢‹ã”ã¿,2026-08-19,SORT_BUCKET,CURRENT,,
M122,C-M122-02,å¤§åž‹å¯ç‡ƒã”ã¿,å¤§åž‹å¯ç‡ƒã”ã¿,,PRIMARY,2,CURBSIDE,å¤§åž‹å¯ç‡ƒæ€§å®¶åº­ã”ã¿,NOT_STATED_IN_CITED_SOURCE,,NOT_STATED_IN_CITED_SOURCE,NOT_STATED_IN_CITED_SOURCE,,,TRUE,FALSE,FALSE,,FALSE,,S-M122-01,https://www.city.kudamatsu.lg.jp/kankyou/documents/r8jissikeikaku.pdf,å¤§åž‹å¯ç‡ƒã”ã¿,2026-08-19,REFERENCE_ONLY,CURRENT,,
M122,C-M122-03,å¯ç‡ƒç³»è³‡æº,å¯ç‡ƒç³»è³‡æº,,PRIMARY,3,CURBSIDE,æ–°èžç´™ãƒ»é›‘èªŒé¡žé›‘ãŒã¿ãƒ»ãƒ€ãƒ³ãƒœãƒ¼ãƒ«ãƒ»è¡£é¡ž,NOT_STATED_IN_CITED_SOURCE,,NOT_STATED_IN_CITED_SOURCE,NOT_STATED_IN_CITED_SOURCE,,,FALSE,FALSE,FALSE,,FALSE,,S-M122-01,https://www.city.kudamatsu.lg.jp/kankyou/documents/r8jissikeikaku.pdf,å¯ç‡ƒç³»è³‡æº,2026-08-19,SORT_BUCKET,CURRENT,,
M122,C-M122-04,æ–°èžç´™,å¯ç‡ƒç³»è³‡æº,C-M122-03,SUBCATEGORY,4,CURBSIDE,æ–°èžãƒ»æŠ˜è¾¼ãƒãƒ©ã‚·,NOT_STATED_IN_CITED_SOURCE,,NOT_STATED_IN_CITED_SOURCE,ã²ã‚‚ã§çµæŸã—ã¦ç¨®é¡žåˆ¥ã«å‡ºã™,,,FALSE,FALSE,FALSE,,FALSE,,S-M122-01,https://www.city.kudamatsu.lg.jp/kankyou/documents/r8jissikeikaku.pdf,æ–°èžç´™,2026-08-19,REFERENCE_ONLY,CURRENT,,
M122,C-M122-05,é›‘èªŒé¡žãƒ»é›‘ãŒã¿,å¯ç‡ƒç³»è³‡æº,C-M122-03,SUBCATEGORY,5,CURBSIDE,é›‘èªŒãƒ»é›‘ãŒã¿,NOT_STATED_IN_CITED_SOURCE,,NOT_STATED_IN_CITED_SOURCE,ã²ã‚‚ã§çµæŸã—ã¦ç¨®é¡žåˆ¥ã«å‡ºã™,,,FALSE,FALSE,FALSE,,FALSE,,S-M122-01,https://www.city.kudamatsu.lg.jp/kankyou/documents/r8jissikeikaku.pdf,é›‘èªŒé¡žãƒ»é›‘ãŒã¿,2026-08-19,REFERENCE_ONLY,CURRENT,,
M122,C-M122-06,ãƒ€ãƒ³ãƒœãƒ¼ãƒ«,å¯ç‡ƒç³»è³‡æº,C-M122-03,SUBCATEGORY,6,CURBSIDE,ãƒ€ãƒ³ãƒœãƒ¼ãƒ«,NOT_STATED_IN_CITED_SOURCE,,NOT_STATED_IN_CITED_SOURCE,ãŸãŸã¿ã€ã²ã‚‚ã§çµæŸã—ã¦å‡ºã™,,,FALSE,FALSE,FALSE,,FALSE,,S-M122-01,https://www.city.kudamatsu.lg.jp/kankyou/documents/r8jissikeikaku.pdf,ãƒ€ãƒ³ãƒœãƒ¼ãƒ«,2026-08-19,REFERENCE_ONLY,CURRENT,,
M122,C-M122-07,è¡£é¡ž,å¯ç‡ƒç³»è³‡æº,C-M122-03,SUBCATEGORY,7,CURBSIDE,è¡£é¡žç­‰,NOT_STATED_IN_CITED_SOURCE,,NOT_STATED_IN_CITED_SOURCE,ç¨®é¡žåˆ¥ã«å‡ºã™,,,FALSE,FALSE,FALSE,,FALSE,,S-M122-01,https://www.city.kudamatsu.lg.jp/kankyou/documents/r8jissikeikaku.pdf,è¡£é¡ž,2026-08-19,REFERENCE_ONLY,CURRENT,,
M122,C-M122-08,ã³ã‚“ãƒ»ã‹ã‚“é¡ž,ã³ã‚“ãƒ»ã‹ã‚“é¡ž,,PRIMARY,8,CURBSIDE,é£²é£Ÿç”¨ã³ã‚“ãƒ»ç¼¶ç­‰,NOT_STATED_IN_CITED_SOURCE,,NOT_STATED_IN_CITED_SOURCE,ä¸­ã‚’ç©ºã«ã™ã‚‹,,,FALSE,FALSE,FALSE,,FALSE,,S-M122-01,https://www.city.kudamatsu.lg.jp/kankyou/documents/r8jissikeikaku.pdf,ã³ã‚“ãƒ»ã‹ã‚“é¡ž,2026-08-19,SORT_BUCKET,CURRENT,,
M122,C-M122-09,ãƒšãƒƒãƒˆãƒœãƒˆãƒ«,ãƒšãƒƒãƒˆãƒœãƒˆãƒ«,,PRIMARY,9,CURBSIDE,PETãƒžãƒ¼ã‚¯ã®ãƒœãƒˆãƒ«,NOT_STATED_IN_CITED_SOURCE,,NOT_STATED_IN_CITED_SOURCE,ã‚­ãƒ£ãƒƒãƒ—ãƒ»ãƒ©ãƒ™ãƒ«ã‚’å¤–ã—ã€ä¸­ã‚’æ´—ã†,,,FALSE,FALSE,FALSE,,FALSE,,S-M122-01,https://www.city.kudamatsu.lg.jp/kankyou/documents/r8jissikeikaku.pdf,ãƒšãƒƒãƒˆãƒœãƒˆãƒ«,2026-08-19,SORT_BUCKET,CURRENT,,
M122,C-M122-10,é‡‘å±žé¡ž,é‡‘å±žé¡ž,,PRIMARY,10,CURBSIDE,é‡‘å±žè£½å“ãƒ»ã‚¹ãƒ—ãƒ¬ãƒ¼ç¼¶ç­‰,NOT_STATED_IN_CITED_SOURCE,,NOT_STATED_IN_CITED_SOURCE,ã‚¹ãƒ—ãƒ¬ãƒ¼ç¼¶ã¯ä¸­èº«ã‚’ä½¿ã„åˆ‡ã‚Šã€å¿…ãšç©´ã‚’é–‹ã‘ã‚‹,,,FALSE,FALSE,FALSE,,FALSE,,S-M122-02,https://www.city.kudamatsu.lg.jp/kankyou/seikatsu/kankyou/kannrikakari/kinzokuhaiki.html,é‡‘å±žé¡ž,2026-08-19,SORT_BUCKET,CURRENT,,
M122,C-M122-11,å°åž‹å®¶é›»å“,å°åž‹å®¶é›»å“,,PRIMARY,11,CURBSIDE,å°åž‹å®¶é›»ç­‰,NOT_STATED_IN_CITED_SOURCE,,NOT_STATED_IN_CITED_SOURCE,é›»æ± ç­‰ã‚’å¤–ã™,,,FALSE,FALSE,FALSE,,FALSE,,S-M122-01,https://www.city.kudamatsu.lg.jp/kankyou/documents/r8jissikeikaku.pdf,å°åž‹å®¶é›»å“,2026-08-19,SORT_BUCKET,CURRENT,,
M122,C-M122-12,ãƒ—ãƒ©ã‚¹ãƒãƒƒã‚¯è£½å®¹å™¨åŒ…è£…,ãƒ—ãƒ©ã‚¹ãƒãƒƒã‚¯è£½å®¹å™¨åŒ…è£…,,PRIMARY,12,CURBSIDE,ãƒ—ãƒ©ãƒžãƒ¼ã‚¯ã®å®¹å™¨åŒ…è£…,NOT_STATED_IN_CITED_SOURCE,,NOT_STATED_IN_CITED_SOURCE,æ±šã‚Œã‚’è½ã¨ã™,,,FALSE,FALSE,FALSE,,FALSE,,S-M122-01,https://www.city.kudamatsu.lg.jp/kankyou/documents/r8jissikeikaku.pdf,ãƒ—ãƒ©ã‚¹ãƒãƒƒã‚¯è£½å®¹å™¨åŒ…è£…,2026-08-19,SORT_BUCKET,CURRENT,,
M122,C-M122-13,ãã®ä»–ãƒ—ãƒ©ã‚¹ãƒãƒƒã‚¯é¡ž,ãã®ä»–ãƒ—ãƒ©ã‚¹ãƒãƒƒã‚¯é¡ž,,PRIMARY,13,CURBSIDE,å®¹å™¨åŒ…è£…ä»¥å¤–ã®ãƒ—ãƒ©ã‚¹ãƒãƒƒã‚¯è£½å“ç­‰,NOT_STATED_IN_CITED_SOURCE,,NOT_STATED_IN_CITED_SOURCE,NOT_STATED_IN_CITED_SOURCE,,,FALSE,FALSE,FALSE,,FALSE,,S-M122-01,https://www.city.kudamatsu.lg.jp/kankyou/documents/r8jissikeikaku.pdf,ãã®ä»–ãƒ—ãƒ©ã‚¹ãƒãƒƒã‚¯é¡ž,2026-08-19,SORT_BUCKET,CURRENT,,
M122,C-M122-14,å¤§åž‹ä¸ç‡ƒã”ã¿,å¤§åž‹ä¸ç‡ƒã”ã¿,,PRIMARY,14,CURBSIDE,å¤§åž‹ä¸ç‡ƒæ€§å®¶åº­ã”ã¿,NOT_STATED_IN_CITED_SOURCE,,NOT_STATED_IN_CITED_SOURCE,NOT_STATED_IN_CITED_SOURCE,,,TRUE,FALSE,FALSE,,FALSE,,S-M122-01,https://www.city.kudamatsu.lg.jp/kankyou/documents/r8jissikeikaku.pdf,å¤§åž‹ä¸ç‡ƒã”ã¿,2026-08-19,REFERENCE_ONLY,CURRENT,,
M122,C-M122-15,æœ‰å®³ã”ã¿,æœ‰å®³ã”ã¿,,PRIMARY,15,CURBSIDE,ä¹¾é›»æ± ãƒ»è›å…‰ç®¡ç­‰,NOT_STATED_IN_CITED_SOURCE,,NOT_STATED_IN_CITED_SOURCE,NOT_STATED_IN_CITED_SOURCE,,,FALSE,FALSE,FALSE,,FALSE,,S-M122-01,https://www.city.kudamatsu.lg.jp/kankyou/documents/r8jissikeikaku.pdf,æœ‰å®³ã”ã¿,2026-08-19,SORT_BUCKET,CURRENT,,
M122,C-M122-16,åŸ‹ç«‹ã”ã¿,åŸ‹ç«‹ã”ã¿,,PRIMARY,16,CURBSIDE,é™¶ç£å™¨ãƒ»ã‚¬ãƒ©ã‚¹ç­‰ã®åŸ‹ç«‹å¯¾è±¡ç‰©,NOT_STATED_IN_CITED_SOURCE,,NOT_STATED_IN_CITED_SOURCE,å±é™ºç‰©ã¯å®‰å…¨ã«åŒ…ã‚€,,,FALSE,FALSE,FALSE,,FALSE,,S-M122-01,https://www.city.kudamatsu.lg.jp/kankyou/documents/r8jissikeikaku.pdf,åŸ‹ç«‹ã”ã¿,2026-08-19,SORT_BUCKET,CURRENT,,
M124,C-M124-01,å¯ç‡ƒã”ã¿,å¯ç‡ƒã”ã¿,,PRIMARY,1,CURBSIDE,ç”Ÿã”ã¿ãƒ»ç´™ããšç­‰,NOT_STATED_IN_CITED_SOURCE,,NOT_STATED_IN_CITED_SOURCE,ç”Ÿã”ã¿ã¯æ°´åˆ‡ã‚Šã™ã‚‹,,,FALSE,FALSE,FALSE,,FALSE,,S-M124-02,https://www.city.hikari.lg.jp/soshiki/3/kankyo_jigyo/recycle/haiki/946.html,å¯ç‡ƒã”ã¿,2026-08-19,SORT_BUCKET,CURRENT,,
M124,C-M124-02,å¯ç‡ƒç²—å¤§ã”ã¿,å¯ç‡ƒç²—å¤§ã”ã¿,,PRIMARY,2,CURBSIDE,å¤§åž‹å¯ç‡ƒæ€§å®¶åº­ã”ã¿,NOT_STATED_IN_CITED_SOURCE,,NOT_STATED_IN_CITED_SOURCE,NOT_STATED_IN_CITED_SOURCE,,,TRUE,FALSE,FALSE,,FALSE,,S-M124-02,https://www.city.hikari.lg.jp/soshiki/3/kankyo_jigyo/recycle/haiki/946.html,å¯ç‡ƒç²—å¤§ã”ã¿,2026-08-19,REFERENCE_ONLY,CURRENT,,
M124,C-M124-03,å¤ç´™é¡ž,å¤ç´™é¡ž,,PRIMARY,3,CURBSIDE,æ–°èžé¡žãƒ»é›‘èªŒé¡žé›‘ãŒã¿ãƒ»æ®µãƒœãƒ¼ãƒ«,NOT_STATED_IN_CITED_SOURCE,,NOT_STATED_IN_CITED_SOURCE,NOT_STATED_IN_CITED_SOURCE,,,FALSE,FALSE,FALSE,,FALSE,,S-M124-03,https://www.city.hikari.lg.jp/material/files/group/57/r06zisshikeikaku.pdf,å¤ç´™é¡ž,2026-08-19,SORT_BUCKET,CURRENT,,
M124,C-M124-04,æ–°èžé¡ž,å¤ç´™é¡ž,C-M124-03,SUBCATEGORY,4,CURBSIDE,æ–°èžãƒ»æŠ˜è¾¼ãƒãƒ©ã‚·,NOT_STATED_IN_CITED_SOURCE,,NOT_STATED_IN_CITED_SOURCE,ç¨®é¡žåˆ¥ã«ã¾ã¨ã‚ã‚‹,,,FALSE,FALSE,FALSE,,FALSE,,S-M124-03,https://www.city.hikari.lg.jp/material/files/group/57/r06zisshikeikaku.pdf,æ–°èžé¡ž,2026-08-19,REFERENCE_ONLY,CURRENT,,
M124,C-M124-05,é›‘èªŒé¡žãƒ»é›‘ãŒã¿,å¤ç´™é¡ž,C-M124-03,SUBCATEGORY,5,CURBSIDE,é›‘èªŒãƒ»é›‘ãŒã¿,NOT_STATED_IN_CITED_SOURCE,,NOT_STATED_IN_CITED_SOURCE,ç¨®é¡žåˆ¥ã«ã¾ã¨ã‚ã‚‹,,,FALSE,FALSE,FALSE,,FALSE,,S-M124-03,https://www.city.hikari.lg.jp/material/files/group/57/r06zisshikeikaku.pdf,é›‘èªŒé¡žãƒ»é›‘ãŒã¿,2026-08-19,REFERENCE_ONLY,CURRENT,,
M124,C-M124-06,æ®µãƒœãƒ¼ãƒ«,å¤ç´™é¡ž,C-M124-03,SUBCATEGORY,6,CURBSIDE,æ®µãƒœãƒ¼ãƒ«,NOT_STATED_IN_CITED_SOURCE,,NOT_STATED_IN_CITED_SOURCE,ãŸãŸã‚“ã§ã¾ã¨ã‚ã‚‹,,,FALSE,FALSE,FALSE,,FALSE,,S-M124-03,https://www.city.hikari.lg.jp/material/files/group/57/r06zisshikeikaku.pdf,æ®µãƒœãƒ¼ãƒ«,2026-08-19,REFERENCE_ONLY,CURRENT,,
M124,C-M124-07,å¤å¸ƒé¡ž,å¤å¸ƒé¡ž,,PRIMARY,7,CURBSIDE,è¡£é¡žãƒ»å¤å¸ƒç­‰,NOT_STATED_IN_CITED_SOURCE,,NOT_STATED_IN_CITED_SOURCE,NOT_STATED_IN_CITED_SOURCE,,,FALSE,FALSE,FALSE,,FALSE,,S-M124-03,https://www.city.hikari.lg.jp/material/files/group/57/r06zisshikeikaku.pdf,å¤å¸ƒé¡ž,2026-08-19,SORT_BUCKET,CURRENT,,
M124,C-M124-08,ã³ã‚“ãƒ»ç¼¶é¡ž,ã³ã‚“ãƒ»ç¼¶é¡ž,,PRIMARY,8,CURBSIDE,ã³ã‚“ãƒ»ç¼¶ç­‰,NOT_STATED_IN_CITED_SOURCE,,NOT_STATED_IN_CITED_SOURCE,ä¸­ã‚’ç©ºã«ã™ã‚‹,,,FALSE,FALSE,FALSE,,FALSE,,S-M124-03,https://www.city.hikari.lg.jp/material/files/group/57/r06zisshikeikaku.pdf,ã³ã‚“ãƒ»ç¼¶é¡ž,2026-08-19,SORT_BUCKET,CURRENT,,
M124,C-M124-09,é‡‘å±žé¡ž,é‡‘å±žé¡ž,,PRIMARY,9,CURBSIDE,é‡‘å±žè£½å“ãƒ»ã‚¹ãƒ—ãƒ¬ãƒ¼ç¼¶ç­‰,NOT_STATED_IN_CITED_SOURCE,,NOT_STATED_IN_CITED_SOURCE,ã‚¹ãƒ—ãƒ¬ãƒ¼ç¼¶ç­‰ã¯ä¸­èº«ã‚’ä½¿ã„åˆ‡ã‚Šã€å¿…ãšç©´ã‚’é–‹ã‘ã‚‹,,,FALSE,FALSE,FALSE,,FALSE,,S-M124-04,https://www.city.hikari.lg.jp/soshiki/3/kankyo_jigyo/recycle/haiki/2344.html,é‡‘å±žé¡ž,2026-08-19,SORT_BUCKET,CURRENT,,
M124,C-M124-10,ãƒšãƒƒãƒˆãƒœãƒˆãƒ«,ãƒšãƒƒãƒˆãƒœãƒˆãƒ«,,PRIMARY,10,CURBSIDE,PETãƒžãƒ¼ã‚¯ã®ãƒœãƒˆãƒ«,NOT_STATED_IN_CITED_SOURCE,,NOT_STATED_IN_CITED_SOURCE,ã‚­ãƒ£ãƒƒãƒ—ãƒ»ãƒ©ãƒ™ãƒ«ã‚’å¤–ã—ã€ä¸­ã‚’æ´—ã†,,,FALSE,FALSE,FALSE,,FALSE,,S-M124-03,https://www.city.hikari.lg.jp/material/files/group/57/r06zisshikeikaku.pdf,ãƒšãƒƒãƒˆãƒœãƒˆãƒ«,2026-08-19,SORT_BUCKET,CURRENT,,
M124,C-M124-11,å°åž‹å®¶é›»è£½å“,å°åž‹å®¶é›»è£½å“,,PRIMARY,11,CURBSIDE,å°åž‹å®¶é›»ç­‰,NOT_STATED_IN_CITED_SOURCE,,NOT_STATED_IN_CITED_SOURCE,é›»æ± ç­‰ã‚’å¤–ã™,,,FALSE,FALSE,FALSE,,FALSE,,S-M124-03,https://www.city.hikari.lg.jp/material/files/group/57/r06zisshikeikaku.pdf,å°åž‹å®¶é›»è£½å“,2026-08-19,SORT_BUCKET,CURRENT,,
M124,C-M124-12,å®¹å™¨ãƒ»åŒ…è£…ç”¨ãƒ—ãƒ©ã‚¹ãƒãƒƒã‚¯é¡ž,å®¹å™¨ãƒ»åŒ…è£…ç”¨ãƒ—ãƒ©ã‚¹ãƒãƒƒã‚¯é¡ž,,PRIMARY,12,CURBSIDE,ãƒ—ãƒ©ãƒžãƒ¼ã‚¯ã®å®¹å™¨åŒ…è£…,NOT_STATED_IN_CITED_SOURCE,,NOT_STATED_IN_CITED_SOURCE,æ±šã‚Œã‚’è½ã¨ã™,,,FALSE,FALSE,FALSE,,FALSE,,S-M124-03,https://www.city.hikari.lg.jp/material/files/group/57/r06zisshikeikaku.pdf,å®¹å™¨ãƒ»åŒ…è£…ç”¨ãƒ—ãƒ©ã‚¹ãƒãƒƒã‚¯é¡ž,2026-08-19,SORT_BUCKET,CURRENT,,
M124,C-M124-13,ãã®ä»–ãƒ—ãƒ©ã‚¹ãƒãƒƒã‚¯é¡ž,ãã®ä»–ãƒ—ãƒ©ã‚¹ãƒãƒƒã‚¯é¡ž,,PRIMARY,13,CURBSIDE,å®¹å™¨åŒ…è£…ä»¥å¤–ã®ãƒ—ãƒ©ã‚¹ãƒãƒƒã‚¯è£½å“ç­‰,NOT_STATED_IN_CITED_SOURCE,,NOT_STATED_IN_CITED_SOURCE,NOT_STATED_IN_CITED_SOURCE,,,FALSE,FALSE,FALSE,,FALSE,,S-M124-03,https://www.city.hikari.lg.jp/material/files/group/57/r06zisshikeikaku.pdf,ãã®ä»–ãƒ—ãƒ©ã‚¹ãƒãƒƒã‚¯é¡ž,2026-08-19,SORT_BUCKET,CURRENT,,
M124,C-M124-14,æœ‰å®³ã”ã¿,æœ‰å®³ã”ã¿,,PRIMARY,14,CURBSIDE,ä¹¾é›»æ± ãƒ»è›å…‰ç®¡ç­‰,NOT_STATED_IN_CITED_SOURCE,,NOT_STATED_IN_CITED_SOURCE,NOT_STATED_IN_CITED_SOURCE,,,FALSE,FALSE,FALSE,,FALSE,,S-M124-03,https://www.city.hikari.lg.jp/material/files/group/57/r06zisshikeikaku.pdf,æœ‰å®³ã”ã¿,2026-08-19,SORT_BUCKET,CURRENT,,
M124,C-M124-15,é™¶ç£å™¨ãƒ»ã‚¬ãƒ©ã‚¹ãƒ»ã‚´ãƒ é¡ž,é™¶ç£å™¨ãƒ»ã‚¬ãƒ©ã‚¹ãƒ»ã‚´ãƒ é¡ž,,PRIMARY,15,CURBSIDE,é™¶ç£å™¨ãƒ»ã‚¬ãƒ©ã‚¹ãƒ»ã‚´ãƒ è£½å“ç­‰,NOT_STATED_IN_CITED_SOURCE,,NOT_STATED_IN_CITED_SOURCE,å‰²ã‚Œç‰©ç­‰ã¯å®‰å…¨ã«åŒ…ã‚€,,,FALSE,FALSE,FALSE,,FALSE,,S-M124-03,https://www.city.hikari.lg.jp/material/files/group/57/r06zisshikeikaku.pdf,é™¶ç£å™¨ãƒ»ã‚¬ãƒ©ã‚¹ãƒ»ã‚´ãƒ é¡ž,2026-08-19,SORT_BUCKET,CURRENT,,
M125,C-M125-01,ç‡ƒãˆã‚‹ã”ã¿,ç‡ƒãˆã‚‹ã”ã¿,,PRIMARY,1,CURBSIDE,ç”Ÿã”ã¿ãƒ»ç´™ããšç­‰,NOT_STATED_IN_CITED_SOURCE,,NOT_STATED_IN_CITED_SOURCE,ç”Ÿã”ã¿ã¯æ°´åˆ‡ã‚Šã™ã‚‹,,,FALSE,FALSE,FALSE,,FALSE,,S-M125-02,https://www.city.nagato.yamaguchi.jp/uploaded/attachment/37628.pdf,ç‡ƒãˆã‚‹ã”ã¿,2026-08-19,SORT_BUCKET,CURRENT,,
M125,C-M125-02,å¤ç´™ãƒ»è¡£é¡ž,å¤ç´™ãƒ»è¡£é¡ž,,PRIMARY,2,CURBSIDE,æ–°èžãƒ»ãƒ€ãƒ³ãƒœãƒ¼ãƒ«ãƒ»é›‘èªŒé›‘ç´™ãƒ»ç‰›ä¹³ãƒ‘ãƒƒã‚¯ãƒ»è¡£é¡ž,NOT_STATED_IN_CITED_SOURCE,,NOT_STATED_IN_CITED_SOURCE,NOT_STATED_IN_CITED_SOURCE,,,FALSE,FALSE,FALSE,,FALSE,,S-M125-02,https://www.city.nagato.yamaguchi.jp/uploaded/attachment/37628.pdf,å¤ç´™ãƒ»è¡£é¡ž,2026-08-19,SORT_BUCKET,CURRENT,,
M125,C-M125-03,æ–°èž,å¤ç´™ãƒ»è¡£é¡ž,C-M125-02,SUBCATEGORY,3,CURBSIDE,æ–°èžãƒ»æŠ˜è¾¼ãƒãƒ©ã‚·,NOT_STATED_IN_CITED_SOURCE,,NOT_STATED_IN_CITED_SOURCE,ã²ã‚‚ã§æŸã­ã‚‹,,,FALSE,FALSE,FALSE,,FALSE,,S-M125-02,https://www.city.nagato.yamaguchi.jp/uploaded/attachment/37628.pdf,æ–°èž,2026-08-19,REFERENCE_ONLY,CURRENT,,
M125,C-M125-04,ãƒ€ãƒ³ãƒœãƒ¼ãƒ«,å¤ç´™ãƒ»è¡£é¡ž,C-M125-02,SUBCATEGORY,4,CURBSIDE,ãƒ€ãƒ³ãƒœãƒ¼ãƒ«,NOT_STATED_IN_CITED_SOURCE,,NOT_STATED_IN_CITED_SOURCE,ãŸãŸã‚“ã§ã²ã‚‚ã§æŸã­ã‚‹,,,FALSE,FALSE,FALSE,,FALSE,,S-M125-02,https://www.city.nagato.yamaguchi.jp/uploaded/attachment/37628.pdf,ãƒ€ãƒ³ãƒœãƒ¼ãƒ«,2026-08-19,REFERENCE_ONLY,CURRENT,,
M125,C-M125-05,é›‘èªŒãƒ»é›‘ç´™,å¤ç´™ãƒ»è¡£é¡ž,C-M125-02,SUBCATEGORY,5,CURBSIDE,é›‘èªŒãƒ»é›‘ç´™,NOT_STATED_IN_CITED_SOURCE,,NOT_STATED_IN_CITED_SOURCE,ã²ã‚‚ã§æŸã­ã‚‹,,,FALSE,FALSE,FALSE,,FALSE,,S-M125-02,https://www.city.nagato.yamaguchi.jp/uploaded/attachment/37628.pdf,é›‘èªŒãƒ»é›‘ç´™,2026-08-19,REFERENCE_ONLY,CURRENT,,
M125,C-M125-06,ç‰›ä¹³ãƒ‘ãƒƒã‚¯,å¤ç´™ãƒ»è¡£é¡ž,C-M125-02,SUBCATEGORY,6,CURBSIDE,ç‰›ä¹³ç­‰ã®ç´™ãƒ‘ãƒƒã‚¯,NOT_STATED_IN_CITED_SOURCE,,NOT_STATED_IN_CITED_SOURCE,æ´—ã„ã€é–‹ã„ã¦ä¹¾ã‹ã™,,,FALSE,FALSE,FALSE,,FALSE,,S-M125-02,https://www.city.nagato.yamaguchi.jp/uploaded/attachment/37628.pdf,ç‰›ä¹³ãƒ‘ãƒƒã‚¯,2026-08-19,REFERENCE_ONLY,CURRENT,,
M125,C-M125-07,è¡£é¡ž,å¤ç´™ãƒ»è¡£é¡ž,C-M125-02,SUBCATEGORY,7,CURBSIDE,è¡£é¡žç­‰,NOT_STATED_IN_CITED_SOURCE,,NOT_STATED_IN_CITED_SOURCE,NOT_STATED_IN_CITED_SOURCE,,,FALSE,FALSE,FALSE,,FALSE,,S-M125-02,https://www.city.nagato.yamaguchi.jp/uploaded/attachment/37628.pdf,è¡£é¡ž,2026-08-19,REFERENCE_ONLY,CURRENT,,
M125,C-M125-08,ç´™è£½å®¹å™¨åŒ…è£…é¡ž,ç´™è£½å®¹å™¨åŒ…è£…é¡ž,,PRIMARY,8,CURBSIDE,ç´™ãƒžãƒ¼ã‚¯ã®å®¹å™¨åŒ…è£…,NOT_STATED_IN_CITED_SOURCE,,NOT_STATED_IN_CITED_SOURCE,æ±šã‚Œã‚’é™¤ã,,,FALSE,FALSE,FALSE,,FALSE,,S-M125-02,https://www.city.nagato.yamaguchi.jp/uploaded/attachment/37628.pdf,ç´™è£½å®¹å™¨åŒ…è£…é¡ž,2026-08-19,SORT_BUCKET,CURRENT,,
M125,C-M125-09,ãƒ—ãƒ©ã‚¹ãƒãƒƒã‚¯è£½å®¹å™¨åŒ…è£…é¡ž,ãƒ—ãƒ©ã‚¹ãƒãƒƒã‚¯è£½å®¹å™¨åŒ…è£…é¡ž,,PRIMARY,9,CURBSIDE,ãƒ—ãƒ©ãƒžãƒ¼ã‚¯ã®å®¹å™¨åŒ…è£…,NOT_STATED_IN_CITED_SOURCE,,NOT_STATED_IN_CITED_SOURCE,æ±šã‚Œã‚’è½ã¨ã™,,,FALSE,FALSE,FALSE,,FALSE,,S-M125-02,https://www.city.nagato.yamaguchi.jp/uploaded/attachment/37628.pdf,ãƒ—ãƒ©ã‚¹ãƒãƒƒã‚¯è£½å®¹å™¨åŒ…è£…é¡ž,2026-08-19,SORT_BUCKET,CURRENT,,
M125,C-M125-10,ãƒ“ãƒ³,ãƒ“ãƒ³,,PRIMARY,10,CURBSIDE,ç„¡è‰²ãƒ»èŒ¶è‰²ãƒ»ãã®ä»–è‰²ã®ã³ã‚“,NOT_STATED_IN_CITED_SOURCE,,NOT_STATED_IN_CITED_SOURCE,NOT_STATED_IN_CITED_SOURCE,,,FALSE,FALSE,FALSE,,FALSE,,S-M125-02,https://www.city.nagato.yamaguchi.jp/uploaded/attachment/37628.pdf,ãƒ“ãƒ³,2026-08-19,SORT_BUCKET,CURRENT,,
M125,C-M125-11,ç„¡è‰²,ãƒ“ãƒ³,C-M125-10,SUBCATEGORY,11,CURBSIDE,ç„¡è‰²ã³ã‚“,NOT_STATED_IN_CITED_SOURCE,,NOT_STATED_IN_CITED_SOURCE,ãµãŸã‚’å¤–ã—ã€ä¸­ã‚’æ´—ã†,,,FALSE,FALSE,FALSE,,FALSE,,S-M125-02,https://www.city.nagato.yamaguchi.jp/uploaded/attachment/37628.pdf,ç„¡è‰²,2026-08-19,REFERENCE_ONLY,CURRENT,,
M125,C-M125-12,èŒ¶è‰²,ãƒ“ãƒ³,C-M125-10,SUBCATEGORY,12,CURBSIDE,èŒ¶è‰²ã³ã‚“,NOT_STATED_IN_CITED_SOURCE,,NOT_STATED_IN_CITED_SOURCE,ãµãŸã‚’å¤–ã—ã€ä¸­ã‚’æ´—ã†,,,FALSE,FALSE,FALSE,,FALSE,,S-M125-02,https://www.city.nagato.yamaguchi.jp/uploaded/attachment/37628.pdf,èŒ¶è‰²,2026-08-19,REFERENCE_ONLY,CURRENT,,
M125,C-M125-13,ãã®ä»–è‰²,ãƒ“ãƒ³,C-M125-10,SUBCATEGORY,13,CURBSIDE,ç„¡è‰²ãƒ»èŒ¶è‰²ä»¥å¤–ã®ã³ã‚“,NOT_STATED_IN_CITED_SOURCE,,NOT_STATED_IN_CITED_SOURCE,ãµãŸã‚’å¤–ã—ã€ä¸­ã‚’æ´—ã†,,,FALSE,FALSE,FALSE,,FALSE,,S-M125-02,https://www.city.nagato.yamaguchi.jp/uploaded/attachment/37628.pdf,ãã®ä»–è‰²,2026-08-19,REFERENCE_ONLY,CURRENT,,
M125,C-M125-14,ç¼¶,ç¼¶,,PRIMARY,14,CURBSIDE,é£²é£Ÿç”¨ç¼¶ç­‰,NOT_STATED_IN_CITED_SOURCE,,NOT_STATED_IN_CITED_SOURCE,ä¸­ã‚’ç©ºã«ã™ã‚‹,,,FALSE,FALSE,FALSE,,FALSE,,S-M125-02,https://www.city.nagato.yamaguchi.jp/uploaded/attachment/37628.pdf,ç¼¶,2026-08-19,SORT_BUCKET,CURRENT,,
M125,C-M125-15,ãƒšãƒƒãƒˆãƒœãƒˆãƒ«,ãƒšãƒƒãƒˆãƒœãƒˆãƒ«,,PRIMARY,15,CURBSIDE,PETãƒžãƒ¼ã‚¯ã®ãƒœãƒˆãƒ«,NOT_STATED_IN_CITED_SOURCE,,NOT_STATED_IN_CITED_SOURCE,ã‚­ãƒ£ãƒƒãƒ—ãƒ»ãƒ©ãƒ™ãƒ«ã‚’å¤–ã—ã€ä¸­ã‚’æ´—ã†,,,FALSE,FALSE,FALSE,,FALSE,,S-M125-02,https://www.city.nagato.yamaguchi.jp/uploaded/attachment/37628.pdf,ãƒšãƒƒãƒˆãƒœãƒˆãƒ«,2026-08-19,SORT_BUCKET,CURRENT,,
M125,C-M125-16,ç‡ƒãˆãªã„ã”ã¿,ç‡ƒãˆãªã„ã”ã¿,,PRIMARY,16,CURBSIDE,é‡‘å±žãƒ»é™¶ç£å™¨ãƒ»ã‚¬ãƒ©ã‚¹ãƒ»å°åž‹å®¶é›»ç­‰,NOT_STATED_IN_CITED_SOURCE,,NOT_STATED_IN_CITED_SOURCE,å±é™ºç‰©ã¯å®‰å…¨ã«åŒ…ã‚€,,,FALSE,FALSE,FALSE,,FALSE,,S-M125-02,https://www.city.nagato.yamaguchi.jp/uploaded/attachment/37628.pdf,ç‡ƒãˆãªã„ã”ã¿,2026-08-19,SORT_BUCKET,CURRENT,,
M125,C-M125-17,é›»æ± é¡ž,é›»æ± é¡ž,,PRIMARY,17,CURBSIDE,ä¹¾é›»æ± ãƒ»å……é›»å¼é›»æ± ç­‰,NOT_STATED_IN_CITED_SOURCE,,NOT_STATED_IN_CITED_SOURCE,é›»æ± é¡žã‚’åˆ†ã‘ã¦å‡ºã™,,,FALSE,FALSE,FALSE,,FALSE,,S-M125-02,https://www.city.nagato.yamaguchi.jp/uploaded/attachment/37628.pdf,é›»æ± é¡ž,2026-08-19,SORT_BUCKET,CURRENT,,
M125,C-M125-18,è›å…‰ç¯ï¼ˆç®¡ï¼‰,è›å…‰ç¯ï¼ˆç®¡ï¼‰,,PRIMARY,18,CURBSIDE,è›å…‰ç¯ãƒ»è›å…‰ç®¡ç­‰,NOT_STATED_IN_CITED_SOURCE,,NOT_STATED_IN_CITED_SOURCE,ç ´æã‚’é˜²ã,,,FALSE,FALSE,FALSE,,FALSE,,S-M125-02,https://www.city.nagato.yamaguchi.jp/uploaded/attachment/37628.pdf,è›å…‰ç¯ï¼ˆç®¡ï¼‰,2026-08-19,SORT_BUCKET,CURRENT,,
M125,C-M125-19,ç²—å¤§ã”ã¿,ç²—å¤§ã”ã¿,,PRIMARY,19,CURBSIDE,å¤§åž‹å®¶åº­ã”ã¿,NOT_STATED_IN_CITED_SOURCE,,NOT_STATED_IN_CITED_SOURCE,NOT_STATED_IN_CITED_SOURCE,,,TRUE,FALSE,FALSE,,FALSE,,S-M125-02,https://www.city.nagato.yamaguchi.jp/uploaded/attachment/37628.pdf,ç²—å¤§ã”ã¿,2026-08-19,REFERENCE_ONLY,CURRENT,,
M126,C-M126-01,å¯ç‡ƒã”ã¿,å¯ç‡ƒã”ã¿,,PRIMARY,1,CURBSIDE,ç”Ÿã”ã¿ãƒ»ç´™ããšãƒ»ãƒ—ãƒ©ã‚¹ãƒãƒƒã‚¯è£½å“ç­‰,NOT_STATED_IN_CITED_SOURCE,,NOT_STATED_IN_CITED_SOURCE,ç”Ÿã”ã¿ã¯æ°´åˆ‡ã‚Šã€‚å¸‚æŒ‡å®šè¢‹ã¸å…¥ã‚Œã‚‹,,,FALSE,FALSE,FALSE,,FALSE,,S-M126-05,https://www.city-yanai.jp/site/gomi-risaikuru/gomidashi1.html,å¯ç‡ƒã”ã¿,2026-08-19,SORT_BUCKET,CURRENT,,
M126,C-M126-02,ä¸ç‡ƒã”ã¿,ä¸ç‡ƒã”ã¿,,PRIMARY,2,CURBSIDE,ã‚¬ãƒ©ã‚¹ãƒ»é™¶å™¨ãƒ»è›å…‰ç¯ãƒ»å°åž‹é›»æ°—è£½å“ç­‰,NOT_STATED_IN_CITED_SOURCE,,NOT_STATED_IN_CITED_SOURCE,é›»æ± ãƒ»ãƒãƒƒãƒ†ãƒªãƒ¼ã‚’å¤–ã™ã€‚å¸‚æŒ‡å®šè¢‹ã¸å…¥ã‚Œã‚‹,,,FALSE,FALSE,FALSE,,FALSE,,S-M126-06,https://www.city-yanai.jp/site/gomi-risaikuru/gomidashi2.html,ä¸ç‡ƒã”ã¿,2026-08-19,SORT_BUCKET,CURRENT,,
M126,C-M126-03,ã‚«ãƒ³ãƒ»é‡‘å±žé¡ž,ã‚«ãƒ³ãƒ»é‡‘å±žé¡ž,,PRIMARY,3,CURBSIDE,ç©ºãç¼¶ãƒ»é‡‘å±žè£½å“ãƒ»ã‚¹ãƒ—ãƒ¬ãƒ¼ç¼¶ç­‰,NOT_STATED_IN_CITED_SOURCE,,NOT_STATED_IN_CITED_SOURCE,æ±šã‚Œã‚’é™¤ãã€‚ã‚¹ãƒ—ãƒ¬ãƒ¼ç¼¶ã¯ä½¿ã„åˆ‡ã‚Šã€ç«æ°—ã®ãªã„é¢¨é€šã—ã®è‰¯ã„å±‹å¤–ã§ç©´ã‚’é–‹ã‘ã‚‹,,,FALSE,FALSE,FALSE,,FALSE,,S-M126-02,https://www.city-yanai.jp/site/gomi-risaikuru/gomidashi3.html,ã‚«ãƒ³ãƒ»é‡‘å±žé¡ž,2026-08-19,SORT_BUCKET,CURRENT,,
M126,C-M126-04,ãƒ“ãƒ³ãƒ»ä¹¾é›»æ± ,ãƒ“ãƒ³ãƒ»ä¹¾é›»æ± ,,PRIMARY,4,CURBSIDE,ã‚¬ãƒ©ã‚¹ãƒ“ãƒ³ãƒ»ä¹¾é›»æ± ,NOT_STATED_IN_CITED_SOURCE,,NOT_STATED_IN_CITED_SOURCE,NOT_STATED_IN_CITED_SOURCE,,,FALSE,FALSE,FALSE,,FALSE,,S-M126-03,https://www.city-yanai.jp/site/gomi-risaikuru/gomidashi4.html,ãƒ“ãƒ³ãƒ»ä¹¾é›»æ± ,2026-08-19,SORT_BUCKET,CURRENT,,
M126,C-M126-05,ã‚¬ãƒ©ã‚¹ãƒ“ãƒ³,ãƒ“ãƒ³ãƒ»ä¹¾é›»æ± ,C-M126-04,SUBCATEGORY,5,CURBSIDE,é£²é£Ÿç”¨ã‚¬ãƒ©ã‚¹ã³ã‚“ç­‰,NOT_STATED_IN_CITED_SOURCE,,NOT_STATED_IN_CITED_SOURCE,ä¹¾é›»æ± ã¨åˆ†ã‘ã€é€æ˜Žè¢‹ã¸å…¥ã‚Œã‚‹,,,FALSE,FALSE,FALSE,,FALSE,,S-M126-03,https://www.city-yanai.jp/site/gomi-risaikuru/gomidashi4.html,ã‚¬ãƒ©ã‚¹ãƒ“ãƒ³,2026-08-19,REFERENCE_ONLY,CURRENT,,
M126,C-M126-06,ä¹¾é›»æ± ,ãƒ“ãƒ³ãƒ»ä¹¾é›»æ± ,C-M126-04,SUBCATEGORY,6,CURBSIDE,ä¹¾é›»æ± ,NOT_STATED_IN_CITED_SOURCE,,NOT_STATED_IN_CITED_SOURCE,ã‚¬ãƒ©ã‚¹ãƒ“ãƒ³ã¨åˆ†ã‘ã€é€æ˜Žè¢‹ã¸å…¥ã‚Œã‚‹,,,FALSE,FALSE,FALSE,,FALSE,,S-M126-03,https://www.city-yanai.jp/site/gomi-risaikuru/gomidashi4.html,ä¹¾é›»æ± ,2026-08-19,REFERENCE_ONLY,CURRENT,,
M126,C-M126-07,ãƒšãƒƒãƒˆãƒœãƒˆãƒ«ãƒ»å¤ç´™,ãƒšãƒƒãƒˆãƒœãƒˆãƒ«ãƒ»å¤ç´™,,PRIMARY,7,CURBSIDE,ãƒšãƒƒãƒˆãƒœãƒˆãƒ«ãƒ»å¤ç´™3ç¨®é¡ž,NOT_STATED_IN_CITED_SOURCE,,NOT_STATED_IN_CITED_SOURCE,NOT_STATED_IN_CITED_SOURCE,,,FALSE,FALSE,FALSE,,FALSE,,S-M126-04,https://www.city-yanai.jp/site/gomi-risaikuru/gomidashi5.html,ãƒšãƒƒãƒˆãƒœãƒˆãƒ«ãƒ»å¤ç´™,2026-08-19,SORT_BUCKET,CURRENT,,
M126,C-M126-08,ãƒšãƒƒãƒˆãƒœãƒˆãƒ«,ãƒšãƒƒãƒˆãƒœãƒˆãƒ«ãƒ»å¤ç´™,C-M126-07,SUBCATEGORY,8,DROP_OFF,PETãƒžãƒ¼ã‚¯ã®ãƒšãƒƒãƒˆãƒœãƒˆãƒ«,NOT_STATED_IN_CITED_SOURCE,,NOT_STATED_IN_CITED_SOURCE,ã‚­ãƒ£ãƒƒãƒ—ã‚’å¤–ã—ã€ä¸­ã‚’ã™ã™ãŽã€ã¯ãŒã›ã‚‹ãƒ©ãƒ™ãƒ«ã‚’å¤–ã—ã€æ¨ªã«ã¤ã¶ã—ã¦æŒ‡å®šå›žåŽãƒœãƒƒã‚¯ã‚¹ã¸,,,FALSE,FALSE,FALSE,,FALSE,,S-M126-04,https://www.city-yanai.jp/site/gomi-risaikuru/gomidashi5.html,ãƒšãƒƒãƒˆãƒœãƒˆãƒ«,2026-08-19,REFERENCE_ONLY,CURRENT,,
M126,C-M126-09,æ–°èžãƒ»ãƒãƒ©ã‚·,ãƒšãƒƒãƒˆãƒœãƒˆãƒ«ãƒ»å¤ç´™,C-M126-07,SUBCATEGORY,9,CURBSIDE,æ–°èžãƒ»æŠ˜è¾¼ãƒãƒ©ã‚·,NOT_STATED_IN_CITED_SOURCE,,NOT_STATED_IN_CITED_SOURCE,3ç¨®é¡žã®å¤ç´™ã‚’åˆ†ã‘ã€ç¨®é¡žã”ã¨ã«ã²ã‚‚ã§çµã¶,,,FALSE,FALSE,FALSE,,FALSE,,S-M126-04,https://www.city-yanai.jp/site/gomi-risaikuru/gomidashi5.html,æ–°èžãƒ»ãƒãƒ©ã‚·,2026-08-19,REFERENCE_ONLY,CURRENT,,
M126,C-M126-10,æ®µãƒœãƒ¼ãƒ«,ãƒšãƒƒãƒˆãƒœãƒˆãƒ«ãƒ»å¤ç´™,C-M126-07,SUBCATEGORY,10,CURBSIDE,æ®µãƒœãƒ¼ãƒ«,NOT_STATED_IN_CITED_SOURCE,,NOT_STATED_IN_CITED_SOURCE,3ç¨®é¡žã®å¤ç´™ã‚’åˆ†ã‘ã€ç¨®é¡žã”ã¨ã«ã²ã‚‚ã§çµã¶,,,FALSE,FALSE,FALSE,,FALSE,,S-M126-04,https://www.city-yanai.jp/site/gomi-risaikuru/gomidashi5.html,æ®µãƒœãƒ¼ãƒ«,2026-08-19,REFERENCE_ONLY,CURRENT,,
M126,C-M126-11,é›‘èªŒãƒ»æœ¬ãƒ»ãã®ä»–ã®ç´™,ãƒšãƒƒãƒˆãƒœãƒˆãƒ«ãƒ»å¤ç´™,C-M126-07,SUBCATEGORY,11,CURBSIDE,é›‘èªŒãƒ»æœ¬ãƒ»è“å­ç®±ç­‰ã®ãã®ä»–ã®ç´™,NOT_STATED_IN_CITED_SOURCE,,NOT_STATED_IN_CITED_SOURCE,3ç¨®é¡žã®å¤ç´™ã‚’åˆ†ã‘ã€ç¨®é¡žã”ã¨ã«ã²ã‚‚ã§çµã¶,,,FALSE,FALSE,FALSE,,FALSE,,S-M126-04,https://www.city-yanai.jp/site/gomi-risaikuru/gomidashi5.html,é›‘èªŒãƒ»æœ¬ãƒ»ãã®ä»–ã®ç´™,2026-08-19,REFERENCE_ONLY,CURRENT,,
M126,C-M126-12,ç²—å¤§ã”ã¿,ç²—å¤§ã”ã¿,,PRIMARY,12,BOOKED_PICKUP,æŒ‡å®šè¢‹ã«å…¥ã‚‰ãªã„å¤§åž‹å®¶åº­ã”ã¿,NOT_STATED_IN_CITED_SOURCE,,NOT_STATED_IN_CITED_SOURCE,NOT_STATED_IN_CITED_SOURCE,,,TRUE,TRUE,FALSE,,FALSE,ç›´æŽ¥æ¬å…¥ã¾ãŸã¯æˆ¸åˆ¥åŽé›†ã®å…¬å¼çµŒè·¯ã‚ã‚Š,S-M126-07,https://www.city-yanai.jp/site/gomi-risaikuru/list138.html,ç²—å¤§ã”ã¿,2026-08-19,REFERENCE_ONLY,CURRENT,,
M128,C-M128-01,ç‡ƒã‚„ã›ã‚‹ã”ã¿,ç‡ƒã‚„ã›ã‚‹ã”ã¿,,PRIMARY,1,CURBSIDE,ç”Ÿã”ã¿ãƒ»ç´™ããšç­‰,NOT_STATED_IN_CITED_SOURCE,,NOT_STATED_IN_CITED_SOURCE,æŒ‡å®šè¢‹ã¸å‡ºã™,,,FALSE,FALSE,FALSE,,FALSE,,S-M128-01,https://www.city.shunan.lg.jp/soshiki/19/33474.html,ç‡ƒã‚„ã›ã‚‹ã”ã¿,2026-08-19,SORT_BUCKET,CURRENT,,
M128,C-M128-02,å¤ç´™ãƒ»è¡£é¡ž,å¤ç´™ãƒ»è¡£é¡ž,,PRIMARY,2,CURBSIDE,å¤ç´™ãƒ»è¡£é¡ž,NOT_STATED_IN_CITED_SOURCE,,NOT_STATED_IN_CITED_SOURCE,NOT_STATED_IN_CITED_SOURCE,,,FALSE,FALSE,FALSE,,FALSE,,S-M128-01,https://www.city.shunan.lg.jp/soshiki/19/33474.html,å¤ç´™ãƒ»è¡£é¡ž,2026-08-19,SORT_BUCKET,CURRENT,,
M128,C-M128-03,å¤ç´™,å¤ç´™ãƒ»è¡£é¡ž,C-M128-02,SUBCATEGORY,3,CURBSIDE,æ–°èžãƒ»é›‘èªŒãƒ»æ®µãƒœãƒ¼ãƒ«ç­‰,NOT_STATED_IN_CITED_SOURCE,,NOT_STATED_IN_CITED_SOURCE,ç´™ç¨®åˆ¥ã«ã¾ã¨ã‚ã‚‹,,,FALSE,FALSE,FALSE,,FALSE,,S-M128-01,https://www.city.shunan.lg.jp/soshiki/19/33474.html,å¤ç´™,2026-08-19,REFERENCE_ONLY,CURRENT,,
M128,C-M128-04,è¡£é¡ž,å¤ç´™ãƒ»è¡£é¡ž,C-M128-02,SUBCATEGORY,4,CURBSIDE,è¡£é¡žç­‰,NOT_STATED_IN_CITED_SOURCE,,NOT_STATED_IN_CITED_SOURCE,NOT_STATED_IN_CITED_SOURCE,,,FALSE,FALSE,FALSE,,FALSE,,S-M128-01,https://www.city.shunan.lg.jp/soshiki/19/33474.html,è¡£é¡ž,2026-08-19,REFERENCE_ONLY,CURRENT,,
M128,C-M128-05,ã³ã‚“ãƒ»ç¼¶é¡žã€ãƒšãƒƒãƒˆãƒœãƒˆãƒ«,ã³ã‚“ãƒ»ç¼¶é¡žã€ãƒšãƒƒãƒˆãƒœãƒˆãƒ«,,PRIMARY,5,CURBSIDE,ã³ã‚“ãƒ»ç¼¶é¡žãƒ»ãƒšãƒƒãƒˆãƒœãƒˆãƒ«,NOT_STATED_IN_CITED_SOURCE,,NOT_STATED_IN_CITED_SOURCE,NOT_STATED_IN_CITED_SOURCE,,,FALSE,FALSE,FALSE,,FALSE,,S-M128-01,https://www.city.shunan.lg.jp/soshiki/19/33474.html,ã³ã‚“ãƒ»ç¼¶é¡žã€ãƒšãƒƒãƒˆãƒœãƒˆãƒ«,2026-08-19,SORT_BUCKET,CURRENT,,
M128,C-M128-06,ã³ã‚“ãƒ»ç¼¶é¡ž,ã³ã‚“ãƒ»ç¼¶é¡žã€ãƒšãƒƒãƒˆãƒœãƒˆãƒ«,C-M128-05,SUBCATEGORY,6,CURBSIDE,é£²é£Ÿç”¨ã³ã‚“ãƒ»ç¼¶ç­‰,NOT_STATED_IN_CITED_SOURCE,,NOT_STATED_IN_CITED_SOURCE,ä¸­èº«ã‚’ç©ºã«ã™ã‚‹,,,FALSE,FALSE,FALSE,,FALSE,,S-M128-01,https://www.city.shunan.lg.jp/soshiki/19/33474.html,ã³ã‚“ãƒ»ç¼¶é¡ž,2026-08-19,REFERENCE_ONLY,CURRENT,,
M128,C-M128-07,ãƒšãƒƒãƒˆãƒœãƒˆãƒ«,ã³ã‚“ãƒ»ç¼¶é¡žã€ãƒšãƒƒãƒˆãƒœãƒˆãƒ«,C-M128-05,SUBCATEGORY,7,CURBSIDE,PETãƒžãƒ¼ã‚¯ã®ãƒœãƒˆãƒ«,NOT_STATED_IN_CITED_SOURCE,,NOT_STATED_IN_CITED_SOURCE,ã‚­ãƒ£ãƒƒãƒ—ãƒ»ãƒ©ãƒ™ãƒ«ã‚’å¤–ã—ã€ä¸­ã‚’æ´—ã†,,,FALSE,FALSE,FALSE,,FALSE,,S-M128-01,https://www.city.shunan.lg.jp/soshiki/19/33474.html,ãƒšãƒƒãƒˆãƒœãƒˆãƒ«,2026-08-19,REFERENCE_ONLY,CURRENT,,
M128,C-M128-08,å®¹å™¨åŒ…è£…ãƒ—ãƒ©ã‚¹ãƒãƒƒã‚¯ã€ãã®ä»–ãƒ—ãƒ©ã‚¹ãƒãƒƒã‚¯,å®¹å™¨åŒ…è£…ãƒ—ãƒ©ã‚¹ãƒãƒƒã‚¯ã€ãã®ä»–ãƒ—ãƒ©ã‚¹ãƒãƒƒã‚¯,,PRIMARY,8,CURBSIDE,å®¹å™¨åŒ…è£…ãƒ—ãƒ©ã‚¹ãƒãƒƒã‚¯ãƒ»ãã®ä»–ãƒ—ãƒ©ã‚¹ãƒãƒƒã‚¯,NOT_STATED_IN_CITED_SOURCE,,NOT_STATED_IN_CITED_SOURCE,NOT_STATED_IN_CITED_SOURCE,,,FALSE,FALSE,FALSE,,FALSE,,S-M128-01,https://www.city.shunan.lg.jp/soshiki/19/33474.html,å®¹å™¨åŒ…è£…ãƒ—ãƒ©ã‚¹ãƒãƒƒã‚¯ã€ãã®ä»–ãƒ—ãƒ©ã‚¹ãƒãƒƒã‚¯,2026-08-19,SORT_BUCKET,CURRENT,,
M128,C-M128-09,å®¹å™¨åŒ…è£…ãƒ—ãƒ©ã‚¹ãƒãƒƒã‚¯,å®¹å™¨åŒ…è£…ãƒ—ãƒ©ã‚¹ãƒãƒƒã‚¯ã€ãã®ä»–ãƒ—ãƒ©ã‚¹ãƒãƒƒã‚¯,C-M128-08,SUBCATEGORY,9,CURBSIDE,ãƒ—ãƒ©ãƒžãƒ¼ã‚¯ã®å®¹å™¨åŒ…è£…,NOT_STATED_IN_CITED_SOURCE,,NOT_STATED_IN_CITED_SOURCE,æ±šã‚Œã‚’è½ã¨ã™,,,FALSE,FALSE,FALSE,,FALSE,,S-M128-01,https://www.city.shunan.lg.jp/soshiki/19/33474.html,å®¹å™¨åŒ…è£…ãƒ—ãƒ©ã‚¹ãƒãƒƒã‚¯,2026-08-19,REFERENCE_ONLY,CURRENT,,
M128,C-M128-10,ãã®ä»–ãƒ—ãƒ©ã‚¹ãƒãƒƒã‚¯,å®¹å™¨åŒ…è£…ãƒ—ãƒ©ã‚¹ãƒãƒƒã‚¯ã€ãã®ä»–ãƒ—ãƒ©ã‚¹ãƒãƒƒã‚¯,C-M128-08,SUBCATEGORY,10,CURBSIDE,å®¹å™¨åŒ…è£…ä»¥å¤–ã®ãƒ—ãƒ©ã‚¹ãƒãƒƒã‚¯è£½å“,NOT_STATED_IN_CITED_SOURCE,,NOT_STATED_IN_CITED_SOURCE,NOT_STATED_IN_CITED_SOURCE,,,FALSE,FALSE,FALSE,,FALSE,,S-M128-01,https://www.city.shunan.lg.jp/soshiki/19/33474.html,ãã®ä»–ãƒ—ãƒ©ã‚¹ãƒãƒƒã‚¯,2026-08-19,REFERENCE_ONLY,CURRENT,,
M128,C-M128-11,ç‡ƒã‚„ã›ãªã„ã”ã¿,ç‡ƒã‚„ã›ãªã„ã”ã¿,,PRIMARY,11,CURBSIDE,ç‡ƒã‚„ã›ãªã„å®¶åº­ã”ã¿,NOT_STATED_IN_CITED_SOURCE,,NOT_STATED_IN_CITED_SOURCE,é›»æ± ç­‰ã‚’å¤–ã™,,,FALSE,FALSE,FALSE,,FALSE,,S-M128-01,https://www.city.shunan.lg.jp/soshiki/19/33474.html,ç‡ƒã‚„ã›ãªã„ã”ã¿,2026-08-19,SORT_BUCKET,CURRENT,,
M128,C-M128-12,ä½¿ç”¨æ¸ˆå°åž‹å®¶é›»,ä½¿ç”¨æ¸ˆå°åž‹å®¶é›»,,PRIMARY,12,DROP_OFF,å°åž‹å®¶é›»,NOT_STATED_IN_CITED_SOURCE,,NOT_STATED_IN_CITED_SOURCE,å›žåŽãƒœãƒƒã‚¯ã‚¹å¯¾è±¡å“ã¯æŒ‡å®šå›žåŽå ´æ‰€ã¸,,,FALSE,FALSE,FALSE,,FALSE,,S-M128-01,https://www.city.shunan.lg.jp/soshiki/19/33474.html,ä½¿ç”¨æ¸ˆå°åž‹å®¶é›»,2026-08-19,REFERENCE_ONLY,CURRENT,,
M128,C-M128-13,å‡¦ç†å›°é›£ç‰©,å‡¦ç†å›°é›£ç‰©,,PRIMARY,13,CURBSIDE,ä¹¾é›»æ± ãƒ»åˆƒç‰©ãƒ»ã‚¹ãƒ—ãƒ¬ãƒ¼ç¼¶ãƒ»ã‚¬ãƒ©ã‚¹é™¶ç£å™¨ç­‰,NOT_STATED_IN_CITED_SOURCE,,NOT_STATED_IN_CITED_SOURCE,ã‚¹ãƒ—ãƒ¬ãƒ¼ç¼¶ãƒ»ã‚«ã‚»ãƒƒãƒˆãƒœãƒ³ãƒ™ã¯ä¸­èº«ã‚’ä½¿ã„åˆ‡ã‚Šã€ç©´ã‚’é–‹ã‘ã‚‹ã€‚é€æ˜Žã¾ãŸã¯åŠé€æ˜Žè¢‹ã¸,,,FALSE,FALSE,FALSE,,FALSE,,S-M128-02,https://www.city.shunan.lg.jp/soshiki/19/31412.html,å‡¦ç†å›°é›£ç‰©,2026-08-19,SORT_BUCKET,CURRENT,,
M128,C-M128-14,ç²—å¤§ã”ã¿,ç²—å¤§ã”ã¿,,PRIMARY,14,BOOKED_PICKUP,45LæŒ‡å®šè¢‹ã«å…¥ã‚‰ãªã„å¤§åž‹å®¶åº­ã”ã¿,NOT_STATED_IN_CITED_SOURCE,,NOT_STATED_IN_CITED_SOURCE,æˆ¸åˆ¥åŽé›†ã‚’äºˆç´„ã™ã‚‹ã‹æŒ‡å®šæ–½è¨­ã¸è‡ªå·±æ¬å…¥,,,TRUE,TRUE,FALSE,,FALSE,,S-M128-03,https://www.city.shunan.lg.jp/soshiki/19/39046.html,ç²—å¤§ã”ã¿,2026-08-19,REFERENCE_ONLY,CURRENT,,
M129,C-M129-01,ç‡ƒã‚„ã›ã‚‹ã”ã¿,ç‡ƒã‚„ã›ã‚‹ã”ã¿,,PRIMARY,1,CURBSIDE,ç”Ÿã”ã¿ãƒ»ç´™ããšç­‰,NOT_STATED_IN_CITED_SOURCE,,NOT_STATED_IN_CITED_SOURCE,NOT_STATED_IN_CITED_SOURCE,,,FALSE,FALSE,FALSE,,FALSE,,S-M129-01,https://www.city.sanyo-onoda.lg.jp/soshiki/14/howtotrash3104.html,ç‡ƒã‚„ã›ã‚‹ã”ã¿,2026-08-19,SORT_BUCKET,CURRENT,,
M129,C-M129-02,ç‡ƒã‚„ã›ãªã„ã”ã¿,ç‡ƒã‚„ã›ãªã„ã”ã¿,,PRIMARY,2,CURBSIDE,é™¶ç£å™¨ãƒ»ã‚¬ãƒ©ã‚¹ãƒ»é‡‘å±žè¤‡åˆå“ç­‰,NOT_STATED_IN_CITED_SOURCE,,NOT_STATED_IN_CITED_SOURCE,å±é™ºç‰©ã¯å®‰å…¨ã«åŒ…ã‚€,,,FALSE,FALSE,FALSE,,FALSE,,S-M129-01,https://www.city.sanyo-onoda.lg.jp/soshiki/14/howtotrash3104.html,ç‡ƒã‚„ã›ãªã„ã”ã¿,2026-08-19,SORT_BUCKET,CURRENT,,
M129,C-M129-03,ç©ºã³ã‚“,ç©ºã³ã‚“,,PRIMARY,3,CURBSIDE,é£²é£Ÿç”¨ã³ã‚“ç­‰,NOT_STATED_IN_CITED_SOURCE,,NOT_STATED_IN_CITED_SOURCE,ãµãŸã‚’å¤–ã—ã€ä¸­ã‚’æ´—ã†,,,FALSE,FALSE,FALSE,,FALSE,,S-M129-01,https://www.city.sanyo-onoda.lg.jp/soshiki/14/howtotrash3104.html,ç©ºã³ã‚“,2026-08-19,SORT_BUCKET,CURRENT,,
M129,C-M129-04,å¤ç´™é¡ž,å¤ç´™é¡ž,,PRIMARY,4,CURBSIDE,æ–°èžãƒ»é›‘èªŒé¡žãƒ»ãƒ€ãƒ³ãƒœãƒ¼ãƒ«ãƒ»ç´™ãƒ‘ãƒƒã‚¯,NOT_STATED_IN_CITED_SOURCE,,NOT_STATED_IN_CITED_SOURCE,NOT_STATED_IN_CITED_SOURCE,,,FALSE,FALSE,FALSE,,FALSE,,S-M129-01,https://www.city.sanyo-onoda.lg.jp/soshiki/14/howtotrash3104.html,å¤ç´™é¡ž,2026-08-19,SORT_BUCKET,CURRENT,,
M129,C-M129-05,æ–°èž,å¤ç´™é¡ž,C-M129-04,SUBCATEGORY,5,CURBSIDE,æ–°èžãƒ»æŠ˜è¾¼ãƒãƒ©ã‚·,NOT_STATED_IN_CITED_SOURCE,,NOT_STATED_IN_CITED_SOURCE,å¤ç´™ã‚’ç¨®é¡žåˆ¥ã«åˆ†ã‘ã¦ã¾ã¨ã‚ã‚‹,,,FALSE,FALSE,FALSE,,FALSE,,S-M129-01,https://www.city.sanyo-onoda.lg.jp/soshiki/14/howtotrash3104.html,æ–°èž,2026-08-19,REFERENCE_ONLY,CURRENT,,
M129,C-M129-06,é›‘èªŒé¡ž,å¤ç´™é¡ž,C-M129-04,SUBCATEGORY,6,CURBSIDE,é›‘èªŒãƒ»é›‘ãŒã¿ç­‰,NOT_STATED_IN_CITED_SOURCE,,NOT_STATED_IN_CITED_SOURCE,å¤ç´™ã‚’ç¨®é¡žåˆ¥ã«åˆ†ã‘ã¦ã¾ã¨ã‚ã‚‹,,,FALSE,FALSE,FALSE,,FALSE,,S-M129-01,https://www.city.sanyo-onoda.lg.jp/soshiki/14/howtotrash3104.html,é›‘èªŒé¡ž,2026-08-19,REFERENCE_ONLY,CURRENT,,
M129,C-M129-07,ãƒ€ãƒ³ãƒœãƒ¼ãƒ«,å¤ç´™é¡ž,C-M129-04,SUBCATEGORY,7,CURBSIDE,ãƒ€ãƒ³ãƒœãƒ¼ãƒ«,NOT_STATED_IN_CITED_SOURCE,,NOT_STATED_IN_CITED_SOURCE,å¤ç´™ã‚’ç¨®é¡žåˆ¥ã«åˆ†ã‘ã¦ã¾ã¨ã‚ã‚‹,,,FALSE,FALSE,FALSE,,FALSE,,S-M129-01,https://www.city.sanyo-onoda.lg.jp/soshiki/14/howtotrash3104.html,ãƒ€ãƒ³ãƒœãƒ¼ãƒ«,2026-08-19,REFERENCE_ONLY,CURRENT,,
M129,C-M129-08,ç´™ãƒ‘ãƒƒã‚¯,å¤ç´™é¡ž,C-M129-04,SUBCATEGORY,8,CURBSIDE,ç‰›ä¹³ç­‰ã®ç´™ãƒ‘ãƒƒã‚¯,NOT_STATED_IN_CITED_SOURCE,,NOT_STATED_IN_CITED_SOURCE,æ´—ã„ã€é–‹ã„ã¦ä¹¾ã‹ã™,,,FALSE,FALSE,FALSE,,FALSE,,S-M129-01,https://www.city.sanyo-onoda.lg.jp/soshiki/14/howtotrash3104.html,ç´™ãƒ‘ãƒƒã‚¯,2026-08-19,REFERENCE_ONLY,CURRENT,,
M129,C-M129-09,ãƒšãƒƒãƒˆãƒœãƒˆãƒ«,ãƒšãƒƒãƒˆãƒœãƒˆãƒ«,,PRIMARY,9,CURBSIDE,PETãƒžãƒ¼ã‚¯ã®ãƒœãƒˆãƒ«,NOT_STATED_IN_CITED_SOURCE,,NOT_STATED_IN_CITED_SOURCE,ã‚­ãƒ£ãƒƒãƒ—ãƒ»ãƒ©ãƒ™ãƒ«ã‚’å¤–ã—ã€ä¸­ã‚’æ´—ã†,,,FALSE,FALSE,FALSE,,FALSE,,S-M129-01,https://www.city.sanyo-onoda.lg.jp/soshiki/14/howtotrash3104.html,ãƒšãƒƒãƒˆãƒœãƒˆãƒ«,2026-08-19,SORT_BUCKET,CURRENT,,
M129,C-M129-10,ç©ºã‹ã‚“,ç©ºã‹ã‚“,,PRIMARY,10,CURBSIDE,é£²é£Ÿç”¨ç¼¶ç­‰,NOT_STATED_IN_CITED_SOURCE,,NOT_STATED_IN_CITED_SOURCE,ä¸­èº«ã‚’ç©ºã«ã™ã‚‹,,,FALSE,FALSE,FALSE,,FALSE,,S-M129-01,https://www.city.sanyo-onoda.lg.jp/soshiki/14/howtotrash3104.html,ç©ºã‹ã‚“,2026-08-19,SORT_BUCKET,CURRENT,,
M129,C-M129-11,å¤ç€ãƒ»å¸ƒé¡ž,å¤ç€ãƒ»å¸ƒé¡ž,,PRIMARY,11,CURBSIDE,å¤ç€ãƒ»å¸ƒé¡ž,NOT_STATED_IN_CITED_SOURCE,,NOT_STATED_IN_CITED_SOURCE,NOT_STATED_IN_CITED_SOURCE,,,FALSE,FALSE,FALSE,,FALSE,,S-M129-01,https://www.city.sanyo-onoda.lg.jp/soshiki/14/howtotrash3104.html,å¤ç€ãƒ»å¸ƒé¡ž,2026-08-19,SORT_BUCKET,CURRENT,,
M129,C-M129-12,ç™ºæ³¡ã‚¹ãƒãƒ­ãƒ¼ãƒ«ãƒ»ç™½è‰²ãƒˆãƒ¬ã‚¤,ç™ºæ³¡ã‚¹ãƒãƒ­ãƒ¼ãƒ«ãƒ»ç™½è‰²ãƒˆãƒ¬ã‚¤,,PRIMARY,12,CURBSIDE,ç™ºæ³¡ã‚¹ãƒãƒ­ãƒ¼ãƒ«ãƒ»ç™½è‰²é£Ÿå“ãƒˆãƒ¬ã‚¤,NOT_STATED_IN_CITED_SOURCE,,NOT_STATED_IN_CITED_SOURCE,æ±šã‚Œã‚’è½ã¨ã™,,,FALSE,FALSE,FALSE,,FALSE,,S-M129-01,https://www.city.sanyo-onoda.lg.jp/soshiki/14/howtotrash3104.html,ç™ºæ³¡ã‚¹ãƒãƒ­ãƒ¼ãƒ«ãƒ»ç™½è‰²ãƒˆãƒ¬ã‚¤,2026-08-19,SORT_BUCKET,CURRENT,,
M129,C-M129-13,å¤§åž‹ã”ã¿,å¤§åž‹ã”ã¿,,PRIMARY,13,CURBSIDE,å¤§åž‹å®¶åº­ã”ã¿,NOT_STATED_IN_CITED_SOURCE,,NOT_STATED_IN_CITED_SOURCE,NOT_STATED_IN_CITED_SOURCE,,,TRUE,FALSE,FALSE,,FALSE,,S-M129-01,https://www.city.sanyo-onoda.lg.jp/soshiki/14/howtotrash3104.html,å¤§åž‹ã”ã¿,2026-08-19,REFERENCE_ONLY,CURRENT,,
M130,C-M130-01,ç‡ƒã‚„ã›ã‚‹ã”ã¿,ç‡ƒã‚„ã›ã‚‹ã”ã¿,,PRIMARY,1,CURBSIDE,ç”Ÿã”ã¿ãƒ»å¯ç‡ƒæ€§å®¶åº­ã”ã¿,NOT_STATED_IN_CITED_SOURCE,,NOT_STATED_IN_CITED_SOURCE,ç”ºæŒ‡å®šè¢‹ã¸å‡ºã™,,,FALSE,FALSE,FALSE,,FALSE,,S-M130-01,https://www.town.suo-oshima.lg.jp/garbage-item/search/search.php,ç‡ƒã‚„ã›ã‚‹ã”ã¿,2026-08-19,SORT_BUCKET,CURRENT,,
M130,C-M130-02,å®¹å™¨åŒ…è£…ãƒ—ãƒ©ã‚¹ãƒãƒƒã‚¯,å®¹å™¨åŒ…è£…ãƒ—ãƒ©ã‚¹ãƒãƒƒã‚¯,,PRIMARY,2,CURBSIDE,ãƒ—ãƒ©ãƒžãƒ¼ã‚¯ã®å®¹å™¨åŒ…è£…,NOT_STATED_IN_CITED_SOURCE,,NOT_STATED_IN_CITED_SOURCE,æ±šã‚Œã‚’è½ã¨ã™,,,FALSE,FALSE,FALSE,,FALSE,,S-M130-01,https://www.town.suo-oshima.lg.jp/garbage-item/search/search.php,å®¹å™¨åŒ…è£…ãƒ—ãƒ©ã‚¹ãƒãƒƒã‚¯,2026-08-19,SORT_BUCKET,CURRENT,,
M130,C-M130-03,ãã®ä»–ãƒ—ãƒ©ã‚¹ãƒãƒƒã‚¯,ãã®ä»–ãƒ—ãƒ©ã‚¹ãƒãƒƒã‚¯,,PRIMARY,3,CURBSIDE,å®¹å™¨åŒ…è£…ä»¥å¤–ã®ãƒ—ãƒ©ã‚¹ãƒãƒƒã‚¯è£½å“,NOT_STATED_IN_CITED_SOURCE,,NOT_STATED_IN_CITED_SOURCE,NOT_STATED_IN_CITED_SOURCE,,,FALSE,FALSE,FALSE,,FALSE,,S-M130-01,https://www.town.suo-oshima.lg.jp/garbage-item/search/search.php,ãã®ä»–ãƒ—ãƒ©ã‚¹ãƒãƒƒã‚¯,2026-08-19,SORT_BUCKET,CURRENT,,
M130,C-M130-04,ç©ºãƒ“ãƒ³,ç©ºãƒ“ãƒ³,,PRIMARY,4,CURBSIDE,ç©ºãã³ã‚“,NOT_STATED_IN_CITED_SOURCE,,NOT_STATED_IN_CITED_SOURCE,ä¸­ã‚’ç©ºã«ã™ã‚‹,,,FALSE,FALSE,FALSE,,FALSE,,S-M130-01,https://www.town.suo-oshima.lg.jp/garbage-item/search/search.php,ç©ºãƒ“ãƒ³,2026-08-19,SORT_BUCKET,CURRENT,,
M130,C-M130-05,ãƒšãƒƒãƒˆãƒœãƒˆãƒ«,ãƒšãƒƒãƒˆãƒœãƒˆãƒ«,,PRIMARY,5,CURBSIDE,PETãƒžãƒ¼ã‚¯ã®ãƒœãƒˆãƒ«,NOT_STATED_IN_CITED_SOURCE,,NOT_STATED_IN_CITED_SOURCE,ã‚­ãƒ£ãƒƒãƒ—ãƒ»ãƒ©ãƒ™ãƒ«ã‚’å¤–ã—ã€ä¸­ã‚’æ´—ã†,,,FALSE,FALSE,FALSE,,FALSE,,S-M130-01,https://www.town.suo-oshima.lg.jp/garbage-item/search/search.php,ãƒšãƒƒãƒˆãƒœãƒˆãƒ«,2026-08-19,SORT_BUCKET,CURRENT,,
M130,C-M130-06,ç©ºã‚«ãƒ³,ç©ºã‚«ãƒ³,,PRIMARY,6,CURBSIDE,é£²é£Ÿç”¨ç¼¶ãƒ»ã‚¹ãƒ—ãƒ¬ãƒ¼ç¼¶ç­‰,NOT_STATED_IN_CITED_SOURCE,,NOT_STATED_IN_CITED_SOURCE,ã‚¹ãƒ—ãƒ¬ãƒ¼ç¼¶ãƒ»ã‚«ã‚»ãƒƒãƒˆãƒœãƒ³ãƒ™ã¯å¿…ãšä¸­èº«ã‚’ä½¿ã„åˆ‡ã‚‹ã€‚ç©´ã‚ã‘ä¸è¦,,,FALSE,FALSE,FALSE,,FALSE,,S-M130-02,https://www.town.suo-oshima.lg.jp/soshiki/16/1268.html,ç©ºã‚«ãƒ³,2026-08-19,SORT_BUCKET,CURRENT,,
M130,C-M130-07,é‡‘å±žé¡ž,é‡‘å±žé¡ž,,PRIMARY,7,CURBSIDE,é‡‘å±žè£½å“ãƒ»å°åž‹å®¶é›»ç­‰,NOT_STATED_IN_CITED_SOURCE,,NOT_STATED_IN_CITED_SOURCE,é›»æ± ã‚’å–ã‚Šå¤–ã™,,,FALSE,FALSE,FALSE,,FALSE,,S-M130-01,https://www.town.suo-oshima.lg.jp/garbage-item/search/search.php,é‡‘å±žé¡ž,2026-08-19,SORT_BUCKET,CURRENT,,
M130,C-M130-08,åŸ‹ç«‹ã”ã¿,åŸ‹ç«‹ã”ã¿,,PRIMARY,8,CURBSIDE,é™¶ç£å™¨ãƒ»ã‚¬ãƒ©ã‚¹ç­‰,NOT_STATED_IN_CITED_SOURCE,,NOT_STATED_IN_CITED_SOURCE,å±é™ºç‰©ã¯å®‰å…¨ã«åŒ…ã‚€,,,FALSE,FALSE,FALSE,,FALSE,,S-M130-01,https://www.town.suo-oshima.lg.jp/garbage-item/search/search.php,åŸ‹ç«‹ã”ã¿,2026-08-19,SORT_BUCKET,CURRENT,,
M130,C-M130-09,æœ‰å®³ã”ã¿,æœ‰å®³ã”ã¿,,PRIMARY,9,CURBSIDE,ä¹¾é›»æ± ãƒ»è›å…‰ç¯ãƒ»æ°´éŠ€è£½å“ãƒ»å……é›»å¼é›»æ± ãƒ»é›»æ± ã‚’å¤–ã›ãªã„å°åž‹å®¶é›»ç­‰,NOT_STATED_IN_CITED_SOURCE,,NOT_STATED_IN_CITED_SOURCE,é›»æ± é¡žã¯ãƒ†ãƒ¼ãƒ—ç­‰ã§çµ¶ç¸ã™ã‚‹,,,FALSE,FALSE,FALSE,,FALSE,,S-M130-02,https://www.town.suo-oshima.lg.jp/soshiki/16/1268.html,æœ‰å®³ã”ã¿,2026-08-19,SORT_BUCKET,CURRENT,,
M130,C-M130-10,ç²—å¤§ã”ã¿,ç²—å¤§ã”ã¿,,PRIMARY,10,CURBSIDE,å¤§åž‹å®¶åº­ã”ã¿,NOT_STATED_IN_CITED_SOURCE,,NOT_STATED_IN_CITED_SOURCE,NOT_STATED_IN_CITED_SOURCE,,,TRUE,FALSE,FALSE,,FALSE,,S-M130-01,https://www.town.suo-oshima.lg.jp/garbage-item/search/search.php,ç²—å¤§ã”ã¿,2026-08-19,REFERENCE_ONLY,CURRENT,,
M130,C-M130-11,ç‰¹å®šå®¶åº­ç”¨æ©Ÿå™¨,ç‰¹å®šå®¶åº­ç”¨æ©Ÿå™¨,,PRIMARY,11,RETAILER_OR_MAKER,ãƒ†ãƒ¬ãƒ“ãƒ»ã‚¨ã‚¢ã‚³ãƒ³ãƒ»å†·è”µåº«ç­‰,NOT_STATED_IN_CITED_SOURCE,,NOT_STATED_IN_CITED_SOURCE,NOT_STATED_IN_CITED_SOURCE,,,FALSE,FALSE,FALSE,,FALSE,,S-M130-03,https://www.town.suo-oshima.lg.jp/soshiki/16/1282.html,ç‰¹å®šå®¶åº­ç”¨æ©Ÿå™¨,2026-08-19,REFERENCE_ONLY,CURRENT,,
M130,C-M130-12,å®¶åº­ç”¨ãƒ‘ã‚½ã‚³ãƒ³,å®¶åº­ç”¨ãƒ‘ã‚½ã‚³ãƒ³,,PRIMARY,12,DROP_OFF,å®¶åº­ç”¨ãƒ‘ã‚½ã‚³ãƒ³,NOT_STATED_IN_CITED_SOURCE,,NOT_STATED_IN_CITED_SOURCE,ç”ºçª“å£å›žåŽã¾ãŸã¯é€£æºæ¥­è€…ã®å›žåŽã‚’åˆ©ç”¨,,,FALSE,FALSE,FALSE,,FALSE,,S-M130-03,https://www.town.suo-oshima.lg.jp/soshiki/16/1282.html,å®¶åº­ç”¨ãƒ‘ã‚½ã‚³ãƒ³,2026-08-19,REFERENCE_ONLY,CURRENT,,
M130,C-M130-13,åŽé›†ã§ããªã„ã”ã¿,åŽé›†ã§ããªã„ã”ã¿,,EXCLUDED,13,NOT_COLLECTED,ç”ºãŒåŽé›†ã—ãªã„ç‰©,NOT_STATED_IN_CITED_SOURCE,,NOT_STATED_IN_CITED_SOURCE,NOT_STATED_IN_CITED_SOURCE,,,FALSE,FALSE,FALSE,,TRUE,,S-M130-01,https://www.town.suo-oshima.lg.jp/garbage-item/search/search.php,åŽé›†ã§ããªã„ã”ã¿,2026-08-19,EXCLUDED_NOTICE,CURRENT,,
M130,C-M130-14,åŽé›†ã‚‚å‡¦ç†ã‚‚ã§ããªã„ã”ã¿,åŽé›†ã‚‚å‡¦ç†ã‚‚ã§ããªã„ã”ã¿,,EXCLUDED,14,NOT_COLLECTED,ç”ºãŒåŽé›†ã‚‚å‡¦ç†ã‚‚ã§ããªã„ç‰©,NOT_STATED_IN_CITED_SOURCE,,NOT_STATED_IN_CITED_SOURCE,NOT_STATED_IN_CITED_SOURCE,,,FALSE,FALSE,FALSE,,TRUE,,S-M130-01,https://www.town.suo-oshima.lg.jp/garbage-item/search/search.php,åŽé›†ã‚‚å‡¦ç†ã‚‚ã§ããªã„ã”ã¿,2026-08-19,EXCLUDED_NOTICE,CURRENT,,
M131,C-M131-01,ç„¼å´ã”ã¿,ç„¼å´ã”ã¿,,PRIMARY,1,CURBSIDE,ç”Ÿã”ã¿ãƒ»å¯ç‡ƒæ€§å®¶åº­ã”ã¿,NOT_STATED_IN_CITED_SOURCE,,NOT_STATED_IN_CITED_SOURCE,æŒ‡å®šè¢‹ã¸å‡ºã™,,,FALSE,FALSE,FALSE,,FALSE,,S-M131-01,https://www.town.waki.lg.jp/soshiki/4/214.html,ç„¼å´ã”ã¿,2026-08-19,SORT_BUCKET,CURRENT,,
M131,C-M131-02,ãƒ—ãƒ©ãƒžãƒ¼ã‚¯ã”ã¿,ãƒ—ãƒ©ãƒžãƒ¼ã‚¯ã”ã¿,,PRIMARY,2,CURBSIDE,ãƒ—ãƒ©ãƒžãƒ¼ã‚¯ã®å®¹å™¨åŒ…è£…,NOT_STATED_IN_CITED_SOURCE,,NOT_STATED_IN_CITED_SOURCE,æ±šã‚Œã‚’è½ã¨ã™,,,FALSE,FALSE,FALSE,,FALSE,,S-M131-01,https://www.town.waki.lg.jp/soshiki/4/214.html,ãƒ—ãƒ©ãƒžãƒ¼ã‚¯ã”ã¿,2026-08-19,SORT_BUCKET,CURRENT,,
M131,C-M131-03,é‡‘å±žãƒ»ä¸ç‡ƒã”ã¿,é‡‘å±žãƒ»ä¸ç‡ƒã”ã¿,,PRIMARY,3,CURBSIDE,é‡‘å±žè£½å“ãƒ»ä¸ç‡ƒç‰©ç­‰,NOT_STATED_IN_CITED_SOURCE,,NOT_STATED_IN_CITED_SOURCE,NOT_STATED_IN_CITED_SOURCE,,,FALSE,FALSE,FALSE,,FALSE,,S-M131-01,https://www.town.waki.lg.jp/soshiki/4/214.html,é‡‘å±žãƒ»ä¸ç‡ƒã”ã¿,2026-08-19,SORT_BUCKET,CURRENT,,
M131,C-M131-04,ç²—å¤§ã”ã¿,ç²—å¤§ã”ã¿,,PRIMARY,4,CURBSIDE,å¤§åž‹å®¶åº­ã”ã¿,NOT_STATED_IN_CITED_SOURCE,,NOT_STATED_IN_CITED_SOURCE,NOT_STATED_IN_CITED_SOURCE,,,TRUE,FALSE,FALSE,,FALSE,,S-M131-01,https://www.town.waki.lg.jp/soshiki/4/214.html,ç²—å¤§ã”ã¿,2026-08-19,REFERENCE_ONLY,CURRENT,,
M131,C-M131-05,ãƒšãƒƒãƒˆãƒœãƒˆãƒ«,ãƒšãƒƒãƒˆãƒœãƒˆãƒ«,,PRIMARY,5,CURBSIDE,PETãƒžãƒ¼ã‚¯ã®ãƒœãƒˆãƒ«,NOT_STATED_IN_CITED_SOURCE,,NOT_STATED_IN_CITED_SOURCE,ã‚­ãƒ£ãƒƒãƒ—ãƒ»ãƒ©ãƒ™ãƒ«ã‚’å¤–ã—ã€ä¸­ã‚’æ´—ã†,,,FALSE,FALSE,FALSE,,FALSE,,S-M131-01,https://www.town.waki.lg.jp/soshiki/4/214.html,ãƒšãƒƒãƒˆãƒœãƒˆãƒ«,2026-08-19,SORT_BUCKET,CURRENT,,
M131,C-M131-06,ãƒªã‚µã‚¤ã‚¯ãƒ«ã³ã‚“,ãƒªã‚µã‚¤ã‚¯ãƒ«ã³ã‚“,,PRIMARY,6,CURBSIDE,ãƒªã‚µã‚¤ã‚¯ãƒ«å¯¾è±¡ã³ã‚“,NOT_STATED_IN_CITED_SOURCE,,NOT_STATED_IN_CITED_SOURCE,ä¸­ã‚’æ´—ã†,,,FALSE,FALSE,FALSE,,FALSE,,S-M131-01,https://www.town.waki.lg.jp/soshiki/4/214.html,ãƒªã‚µã‚¤ã‚¯ãƒ«ã³ã‚“,2026-08-19,SORT_BUCKET,CURRENT,,
M131,C-M131-07,é™¶å™¨ãƒ»ã‚¬ãƒ©ã‚¹é¡ž,é™¶å™¨ãƒ»ã‚¬ãƒ©ã‚¹é¡ž,,PRIMARY,7,CURBSIDE,é™¶å™¨ãƒ»ã‚¬ãƒ©ã‚¹é¡ž,NOT_STATED_IN_CITED_SOURCE,,NOT_STATED_IN_CITED_SOURCE,å‰²ã‚Œç‰©ã¯å®‰å…¨ã«å‡ºã™,,,FALSE,FALSE,FALSE,,FALSE,,S-M131-01,https://www.town.waki.lg.jp/soshiki/4/214.html,é™¶å™¨ãƒ»ã‚¬ãƒ©ã‚¹é¡ž,2026-08-19,SORT_BUCKET,CURRENT,,
M131,C-M131-08,è›å…‰ç¯é¡ž,è›å…‰ç¯é¡ž,,PRIMARY,8,CURBSIDE,è›å…‰ç¯é¡ž,NOT_STATED_IN_CITED_SOURCE,,NOT_STATED_IN_CITED_SOURCE,è³¼å…¥æ™‚ã®ä¿è­·ç®±ã¾ãŸã¯ä¸­èº«ã®è¦‹ãˆã‚‹è¢‹ç­‰ã¸å…¥ã‚Œã‚‹,,,FALSE,FALSE,FALSE,,FALSE,,S-M131-01,https://www.town.waki.lg.jp/soshiki/4/214.html,è›å…‰ç¯é¡ž,2026-08-19,SORT_BUCKET,CURRENT,,
M131,C-M131-09,é›»æ± ãƒ»ãƒ©ã‚¤ã‚¿ãƒ¼ãƒ»ã‚¹ãƒ—ãƒ¬ãƒ¼é¡ž,é›»æ± ãƒ»ãƒ©ã‚¤ã‚¿ãƒ¼ãƒ»ã‚¹ãƒ—ãƒ¬ãƒ¼é¡ž,,PRIMARY,9,CURBSIDE,é›»æ± ãƒ»ãƒ©ã‚¤ã‚¿ãƒ¼ãƒ»ã‚¹ãƒ—ãƒ¬ãƒ¼ç¼¶ç­‰,NOT_STATED_IN_CITED_SOURCE,,NOT_STATED_IN_CITED_SOURCE,ãƒœãƒ³ãƒ™ãƒ»ã‚¹ãƒ—ãƒ¬ãƒ¼ç¼¶ã¯ä½¿ã„åˆ‡ã‚Šã€ç©´ã‚’é–‹ã‘ãšã«å‡ºã™ã€‚ä½¿ã„åˆ‡ã‚Œãªã„ã‚‚ã®ã¯è¢‹ã«ã€Žå±é™ºã€ã¨è¡¨ç¤º,,,FALSE,FALSE,FALSE,,FALSE,,S-M131-01,https://www.town.waki.lg.jp/soshiki/4/214.html,é›»æ± ãƒ»ãƒ©ã‚¤ã‚¿ãƒ¼ãƒ»ã‚¹ãƒ—ãƒ¬ãƒ¼é¡ž,2026-08-19,SORT_BUCKET,CURRENT,,
M131,C-M131-10,æ–°èžãƒ»é›‘èªŒã€ãƒ€ãƒ³ãƒœãƒ¼ãƒ«,æ–°èžãƒ»é›‘èªŒã€ãƒ€ãƒ³ãƒœãƒ¼ãƒ«,,PRIMARY,10,CURBSIDE,æ–°èžãƒ»é›‘èªŒãƒ»ãƒ€ãƒ³ãƒœãƒ¼ãƒ«,NOT_STATED_IN_CITED_SOURCE,,NOT_STATED_IN_CITED_SOURCE,ç´™ã²ã‚‚ã§ããã‚‹ã€‚ç²˜ç€ãƒ†ãƒ¼ãƒ—ã‚’é™¤ã,,,FALSE,FALSE,FALSE,,FALSE,,S-M131-01,https://www.town.waki.lg.jp/soshiki/4/214.html,æ–°èžãƒ»é›‘èªŒã€ãƒ€ãƒ³ãƒœãƒ¼ãƒ«,2026-08-19,SORT_BUCKET,CURRENT,,
M131,C-M131-11,ãƒªã‚µã‚¤ã‚¯ãƒ«è¡£é¡ž,ãƒªã‚µã‚¤ã‚¯ãƒ«è¡£é¡ž,,PRIMARY,11,CURBSIDE,æ´—æ¿¯æ¸ˆã¿ã®è¡£é¡ž,NOT_STATED_IN_CITED_SOURCE,,NOT_STATED_IN_CITED_SOURCE,æ´—æ¿¯æ¸ˆã¿ã®ãã‚Œã„ãªè¡£é¡žã‚’æŒ‡å®šé€æ˜Žè¢‹ã¸,,,FALSE,FALSE,FALSE,,FALSE,,S-M131-01,https://www.town.waki.lg.jp/soshiki/4/214.html,ãƒªã‚µã‚¤ã‚¯ãƒ«è¡£é¡ž,2026-08-19,SORT_BUCKET,CURRENT,,
M132,C-M132-01,ç‡ƒãˆã‚‹ã”ã¿,ç‡ƒãˆã‚‹ã”ã¿,,PRIMARY,1,CURBSIDE,ç”Ÿã”ã¿ãƒ»ç´™ããšãƒ»æœ¨ããšãƒ»ç¹Šç¶­ããšãƒ»çš®é©ãƒ»ãƒ“ãƒ‹ãƒ¼ãƒ«ãƒ»ãƒ—ãƒ©ã‚¹ãƒãƒƒã‚¯é¡ž,NOT_STATED_IN_CITED_SOURCE,,NOT_STATED_IN_CITED_SOURCE,ç”Ÿã”ã¿ã¯æ°´åˆ‡ã‚Šã€‚ç”ºæŒ‡å®šè¢‹ã¸,,,FALSE,FALSE,FALSE,,FALSE,,S-M132-01,https://www.town.kaminoseki.lg.jp/%E3%81%94%E3%81%BF%E3%81%AE%E5%87%BA%E3%81%97%E6%96%B9%EF%BC%88%E5%AE%9A%E6%9C%9F%E5%8F%8E%E9%9B%86%EF%BC%89.html,ç‡ƒãˆã‚‹ã”ã¿,2026-08-19,SORT_BUCKET,CURRENT,,
M132,C-M132-02,å¤ç´™ãƒ»ç´™ãƒ‘ãƒƒã‚¯,å¤ç´™ãƒ»ç´™ãƒ‘ãƒƒã‚¯,,PRIMARY,2,CURBSIDE,æ–°èžãƒ»ãƒãƒ©ã‚·ãƒ»é›‘èªŒãƒ»æ®µãƒœãƒ¼ãƒ«ãƒ»ç´™ãƒ‘ãƒƒã‚¯,NOT_STATED_IN_CITED_SOURCE,,NOT_STATED_IN_CITED_SOURCE,NOT_STATED_IN_CITED_SOURCE,,,FALSE,FALSE,FALSE,,FALSE,,S-M132-01,https://www.town.kaminoseki.lg.jp/%E3%81%94%E3%81%BF%E3%81%AE%E5%87%BA%E3%81%97%E6%96%B9%EF%BC%88%E5%AE%9A%E6%9C%9F%E5%8F%8E%E9%9B%86%EF%BC%89.html,å¤ç´™ãƒ»ç´™ãƒ‘ãƒƒã‚¯,2026-08-19,SORT_BUCKET,CURRENT,,
M132,C-M132-03,æ–°èžç´™ãƒ»ãƒãƒ©ã‚·,å¤ç´™ãƒ»ç´™ãƒ‘ãƒƒã‚¯,C-M132-02,SUBCATEGORY,3,CURBSIDE,æ–°èžç´™ãƒ»ãƒãƒ©ã‚·,NOT_STATED_IN_CITED_SOURCE,,NOT_STATED_IN_CITED_SOURCE,ç¨®é¡žã”ã¨ã«ã²ã‚‚ã§ç¸›ã‚‹,,,FALSE,FALSE,FALSE,,FALSE,,S-M132-01,https://www.town.kaminoseki.lg.jp/%E3%81%94%E3%81%BF%E3%81%AE%E5%87%BA%E3%81%97%E6%96%B9%EF%BC%88%E5%AE%9A%E6%9C%9F%E5%8F%8E%E9%9B%86%EF%BC%89.html,æ–°èžç´™ãƒ»ãƒãƒ©ã‚·,2026-08-19,REFERENCE_ONLY,CURRENT,,
M132,C-M132-04,é›‘èªŒ,å¤ç´™ãƒ»ç´™ãƒ‘ãƒƒã‚¯,C-M132-02,SUBCATEGORY,4,CURBSIDE,é›‘èªŒ,NOT_STATED_IN_CITED_SOURCE,,NOT_STATED_IN_CITED_SOURCE,ç¨®é¡žã”ã¨ã«ã²ã‚‚ã§ç¸›ã‚‹,,,FALSE,FALSE,FALSE,,FALSE,,S-M132-01,https://www.town.kaminoseki.lg.jp/%E3%81%94%E3%81%BF%E3%81%AE%E5%87%BA%E3%81%97%E6%96%B9%EF%BC%88%E5%AE%9A%E6%9C%9F%E5%8F%8E%E9%9B%86%EF%BC%89.html,é›‘èªŒ,2026-08-19,REFERENCE_ONLY,CURRENT,,
M132,C-M132-05,æ®µãƒœãƒ¼ãƒ«,å¤ç´™ãƒ»ç´™ãƒ‘ãƒƒã‚¯,C-M132-02,SUBCATEGORY,5,CURBSIDE,æ®µãƒœãƒ¼ãƒ«,NOT_STATED_IN_CITED_SOURCE,,NOT_STATED_IN_CITED_SOURCE,ç¨®é¡žã”ã¨ã«ã²ã‚‚ã§ç¸›ã‚‹,,,FALSE,FALSE,FALSE,,FALSE,,S-M132-01,https://www.town.kaminoseki.lg.jp/%E3%81%94%E3%81%BF%E3%81%AE%E5%87%BA%E3%81%97%E6%96%B9%EF%BC%88%E5%AE%9A%E6%9C%9F%E5%8F%8E%E9%9B%86%EF%BC%89.html,æ®µãƒœãƒ¼ãƒ«,2026-08-19,REFERENCE_ONLY,CURRENT,,
M132,C-M132-06,ç´™ãƒ‘ãƒƒã‚¯,å¤ç´™ãƒ»ç´™ãƒ‘ãƒƒã‚¯,C-M132-02,SUBCATEGORY,6,CURBSIDE,ç´™ãƒ‘ãƒƒã‚¯,NOT_STATED_IN_CITED_SOURCE,,NOT_STATED_IN_CITED_SOURCE,ç¨®é¡žã”ã¨ã«ã²ã‚‚ã§ç¸›ã‚‹,,,FALSE,FALSE,FALSE,,FALSE,,S-M132-01,https://www.town.kaminoseki.lg.jp/%E3%81%94%E3%81%BF%E3%81%AE%E5%87%BA%E3%81%97%E6%96%B9%EF%BC%88%E5%AE%9A%E6%9C%9F%E5%8F%8E%E9%9B%86%EF%BC%89.html,ç´™ãƒ‘ãƒƒã‚¯,2026-08-19,REFERENCE_ONLY,CURRENT,,
M132,C-M132-07,ãƒªã‚µã‚¤ã‚¯ãƒ«ãƒ“ãƒ³,ãƒªã‚µã‚¤ã‚¯ãƒ«ãƒ“ãƒ³,,PRIMARY,7,CURBSIDE,é£²æ–™ãƒ»é£Ÿå“ç­‰ã®ãƒªã‚µã‚¤ã‚¯ãƒ«ã³ã‚“,NOT_STATED_IN_CITED_SOURCE,,NOT_STATED_IN_CITED_SOURCE,æ°´æ´—ã„ã—ã€ã‚­ãƒ£ãƒƒãƒ—ã‚’å¤–ã™,,,FALSE,FALSE,FALSE,,FALSE,,S-M132-01,https://www.town.kaminoseki.lg.jp/%E3%81%94%E3%81%BF%E3%81%AE%E5%87%BA%E3%81%97%E6%96%B9%EF%BC%88%E5%AE%9A%E6%9C%9F%E5%8F%8E%E9%9B%86%EF%BC%89.html,ãƒªã‚µã‚¤ã‚¯ãƒ«ãƒ“ãƒ³,2026-08-19,SORT_BUCKET,CURRENT,,
M132,C-M132-08,ã‚¬ãƒ©ã‚¹ãƒ»ç°é¡ž,ã‚¬ãƒ©ã‚¹ãƒ»ç°é¡ž,,PRIMARY,8,CURBSIDE,ç°ãƒ»é™¶ç£å™¨ãƒ»ã‚¬ãƒ©ã‚¹ãƒ»è›å…‰ç¯ãƒ»é›»çƒç­‰,NOT_STATED_IN_CITED_SOURCE,,NOT_STATED_IN_CITED_SOURCE,å‰²ã‚ŒãŸã‚¬ãƒ©ã‚¹ã¯è¢‹ã‹ã‚‰é£›ã³å‡ºã•ãªã„ã‚ˆã†ã«ã™ã‚‹,,,FALSE,FALSE,FALSE,,FALSE,,S-M132-01,https://www.town.kaminoseki.lg.jp/%E3%81%94%E3%81%BF%E3%81%AE%E5%87%BA%E3%81%97%E6%96%B9%EF%BC%88%E5%AE%9A%E6%9C%9F%E5%8F%8E%E9%9B%86%EF%BC%89.html,ã‚¬ãƒ©ã‚¹ãƒ»ç°é¡ž,2026-08-19,SORT_BUCKET,CURRENT,,
M132,C-M132-09,é‡‘å±žé¡ž,é‡‘å±žé¡ž,,PRIMARY,9,CURBSIDE,ã‚¹ãƒ—ãƒ¬ãƒ¼ç¼¶ãƒ»ã‚«ã‚»ãƒƒãƒˆãƒœãƒ³ãƒ™ãƒ»é‹ç­‰,NOT_STATED_IN_CITED_SOURCE,,NOT_STATED_IN_CITED_SOURCE,ã‚¹ãƒ—ãƒ¬ãƒ¼ç¼¶ãƒ»ã‚«ã‚»ãƒƒãƒˆãƒœãƒ³ãƒ™ã¯ä¸­èº«ã‚’ä½¿ã„åˆ‡ã‚‹,,,FALSE,FALSE,FALSE,,FALSE,ç©´ã‚ã‘æœ‰ç„¡ã¯å¼•ç”¨ã—ãŸç¾è¡Œå…¬å¼ãƒšãƒ¼ã‚¸ã«æ˜Žç¤ºãªã—,S-M132-01,https://www.town.kaminoseki.lg.jp/%E3%81%94%E3%81%BF%E3%81%AE%E5%87%BA%E3%81%97%E6%96%B9%EF%BC%88%E5%AE%9A%E6%9C%9F%E5%8F%8E%E9%9B%86%EF%BC%89.html,é‡‘å±žé¡ž,2026-08-19,SORT_BUCKET,CURRENT,,
M132,C-M132-10,å°åž‹å®¶é›»,å°åž‹å®¶é›»,,PRIMARY,10,CURBSIDE,æ‰‡é¢¨æ©Ÿãƒ»ç‚Šé£¯å™¨ãƒ»é›»æ°—ãƒãƒƒãƒˆç­‰,NOT_STATED_IN_CITED_SOURCE,,NOT_STATED_IN_CITED_SOURCE,é›»æ± é¡žã‚’å¤–ã™,,,FALSE,FALSE,FALSE,,FALSE,,S-M132-01,https://www.town.kaminoseki.lg.jp/%E3%81%94%E3%81%BF%E3%81%AE%E5%87%BA%E3%81%97%E6%96%B9%EF%BC%88%E5%AE%9A%E6%9C%9F%E5%8F%8E%E9%9B%86%EF%BC%89.html,å°åž‹å®¶é›»,2026-08-19,SORT_BUCKET,CURRENT,,
M132,C-M132-11,ç©ºç¼¶,ç©ºç¼¶,,PRIMARY,11,CURBSIDE,é£²æ–™ç”¨ç©ºãç¼¶,NOT_STATED_IN_CITED_SOURCE,,NOT_STATED_IN_CITED_SOURCE,ä¸­èº«ã‚’ç©ºã«ã™ã‚‹,,,FALSE,FALSE,FALSE,,FALSE,,S-M132-01,https://www.town.kaminoseki.lg.jp/%E3%81%94%E3%81%BF%E3%81%AE%E5%87%BA%E3%81%97%E6%96%B9%EF%BC%88%E5%AE%9A%E6%9C%9F%E5%8F%8E%E9%9B%86%EF%BC%89.html,ç©ºç¼¶,2026-08-19,SORT_BUCKET,CURRENT,,
M132,C-M132-12,ç²—å¤§ã”ã¿,ç²—å¤§ã”ã¿,,PRIMARY,12,DIRECT_HAUL,å®šæœŸåŽé›†å¯¾è±¡å¤–ã®å¤§åž‹å®¶åº­ã”ã¿,NOT_STATED_IN_CITED_SOURCE,,NOT_STATED_IN_CITED_SOURCE,å‘¨æ±ç’°å¢ƒè¡›ç”Ÿçµ„åˆã¸ç›´æŽ¥æŒè¾¼ã‚€ã‹è¨±å¯æ¥­è€…ã¸ä¾é ¼,,,TRUE,FALSE,FALSE,,FALSE,,S-M132-01,https://www.town.kaminoseki.lg.jp/%E3%81%94%E3%81%BF%E3%81%AE%E5%87%BA%E3%81%97%E6%96%B9%EF%BC%88%E5%AE%9A%E6%9C%9F%E5%8F%8E%E9%9B%86%EF%BC%89.html,ç²—å¤§ã”ã¿,2026-08-19,REFERENCE_ONLY,CURRENT,,
M132,C-M132-13,ãƒšãƒƒãƒˆãƒœãƒˆãƒ«,ãƒšãƒƒãƒˆãƒœãƒˆãƒ«,,PRIMARY,13,DROP_OFF,PETãƒžãƒ¼ã‚¯ã®ãƒšãƒƒãƒˆãƒœãƒˆãƒ«,NOT_STATED_IN_CITED_SOURCE,,NOT_STATED_IN_CITED_SOURCE,ã‚­ãƒ£ãƒƒãƒ—ãƒ»ãƒ©ãƒ™ãƒ«ã‚’å¤–ã—ã€ä¸­ã‚’æ´—ã„ã€ã¤ã¶ã—ã¦å°‚ç”¨å›žåŽãƒœãƒƒã‚¯ã‚¹ã¸,,,FALSE,FALSE,FALSE,,FALSE,,S-M132-02,https://www.town.kaminoseki.lg.jp/wp-content/uploads/2025/06/koho202506.pdf,ãƒšãƒƒãƒˆãƒœãƒˆãƒ«,2026-08-19,REFERENCE_ONLY,CURRENT,,
M133,C-M133-01,å¯ç‡ƒã”ã¿,å¯ç‡ƒã”ã¿,,PRIMARY,1,CURBSIDE,ç”Ÿã”ã¿ãƒ»ç´™ããšç­‰,NOT_STATED_IN_CITED_SOURCE,,NOT_STATED_IN_CITED_SOURCE,ç”Ÿã”ã¿ã¯æ°´åˆ‡ã‚Šã€‚æŒ‡å®šè¢‹ã¸,,,FALSE,FALSE,FALSE,,FALSE,,S-M133-01,https://www.town.tabuse.lg.jp/soshiki/35/1948.html,å¯ç‡ƒã”ã¿,2026-08-19,SORT_BUCKET,CURRENT,,
M133,C-M133-02,ã‚¬ãƒ¬ã‚­ãƒ»é™¶å™¨é¡žãƒ»ã‚¬ãƒ©ã‚¹,ã‚¬ãƒ¬ã‚­ãƒ»é™¶å™¨é¡žãƒ»ã‚¬ãƒ©ã‚¹,,PRIMARY,2,CURBSIDE,ã‚¬ãƒ¬ã‚­ãƒ»é™¶å™¨ãƒ»ã‚¬ãƒ©ã‚¹ç­‰,NOT_STATED_IN_CITED_SOURCE,,NOT_STATED_IN_CITED_SOURCE,å‰²ã‚Œç‰©ç­‰ã¯å®‰å…¨ã«å‡ºã™,,,FALSE,FALSE,FALSE,,FALSE,,S-M133-01,https://www.town.tabuse.lg.jp/soshiki/35/1948.html,ã‚¬ãƒ¬ã‚­ãƒ»é™¶å™¨é¡žãƒ»ã‚¬ãƒ©ã‚¹,2026-08-19,SORT_BUCKET,CURRENT,,
M133,C-M133-03,ç¼¶ãƒ»é‡‘å±žé¡ž,ç¼¶ãƒ»é‡‘å±žé¡ž,,PRIMARY,3,CURBSIDE,ç¼¶ãƒ»é‡‘å±žè£½å“,NOT_STATED_IN_CITED_SOURCE,,NOT_STATED_IN_CITED_SOURCE,NOT_STATED_IN_CITED_SOURCE,,,FALSE,FALSE,FALSE,,FALSE,,S-M133-02,https://www.town.tabuse.lg.jp/soshiki/35/2087.html,ç¼¶ãƒ»é‡‘å±žé¡ž,2026-08-19,SORT_BUCKET,CURRENT,,
M133,C-M133-04,ç¼¶,ç¼¶ãƒ»é‡‘å±žé¡ž,C-M133-03,SUBCATEGORY,4,CURBSIDE,ç©ºãç¼¶ãƒ»ã‚¹ãƒ—ãƒ¬ãƒ¼ç¼¶ãƒ»ã‚«ã‚»ãƒƒãƒˆãƒœãƒ³ãƒ™ç­‰,NOT_STATED_IN_CITED_SOURCE,,NOT_STATED_IN_CITED_SOURCE,ä¸­èº«ã‚’å‡ºã—ã¦è»½ãæ°´æ´—ã„ã€‚ç¼¶ã¨é‡‘å±žã‚’åˆ¥ã€…ã®æŒ‡å®šè¢‹ã¸,,,FALSE,FALSE,FALSE,,FALSE,,S-M133-02,https://www.town.tabuse.lg.jp/soshiki/35/2087.html,ç¼¶,2026-08-19,REFERENCE_ONLY,CURRENT,,
M133,C-M133-05,é‡‘å±žé¡ž,ç¼¶ãƒ»é‡‘å±žé¡ž,C-M133-03,SUBCATEGORY,5,CURBSIDE,ãƒ•ãƒ©ã‚¤ãƒ‘ãƒ³ãƒ»é‹ãƒ»å°åž‹å®¶é›»ç­‰,NOT_STATED_IN_CITED_SOURCE,,NOT_STATED_IN_CITED_SOURCE,ç¼¶ã¨é‡‘å±žã‚’åˆ¥ã€…ã®æŒ‡å®šè¢‹ã¸,,,FALSE,FALSE,FALSE,,FALSE,,S-M133-02,https://www.town.tabuse.lg.jp/soshiki/35/2087.html,é‡‘å±žé¡ž,2026-08-19,REFERENCE_ONLY,CURRENT,,
M133,C-M133-06,ãƒ“ãƒ³,ãƒ“ãƒ³,,PRIMARY,6,CURBSIDE,ç©ºãã³ã‚“,NOT_STATED_IN_CITED_SOURCE,,NOT_STATED_IN_CITED_SOURCE,ä¸­ã‚’æ´—ã†,,,FALSE,FALSE,FALSE,,FALSE,,S-M133-01,https://www.town.tabuse.lg.jp/soshiki/35/1948.html,ãƒ“ãƒ³,2026-08-19,SORT_BUCKET,CURRENT,,
M133,C-M133-07,å¤§åž‹ã”ã¿,å¤§åž‹ã”ã¿,,PRIMARY,7,DIRECT_HAUL,å¤§åž‹å®¶åº­ã”ã¿,NOT_STATED_IN_CITED_SOURCE,,NOT_STATED_IN_CITED_SOURCE,å‘¨æ±ç’°å¢ƒè¡›ç”Ÿçµ„åˆã¸ç›´æŽ¥æ¬å…¥,,,TRUE,FALSE,FALSE,,FALSE,,S-M133-01,https://www.town.tabuse.lg.jp/soshiki/35/1948.html,å¤§åž‹ã”ã¿,2026-08-19,REFERENCE_ONLY,CURRENT,,
M133,C-M133-08,è³‡æºã”ã¿,è³‡æºã”ã¿,,PRIMARY,8,CURBSIDE,æ–°èžãƒ»é›‘èªŒãƒ»æ®µãƒœãƒ¼ãƒ«ãƒ»å¤ç€ãƒ»ç´™ãƒ‘ãƒƒã‚¯,NOT_STATED_IN_CITED_SOURCE,,NOT_STATED_IN_CITED_SOURCE,NOT_STATED_IN_CITED_SOURCE,,,FALSE,FALSE,FALSE,,FALSE,,S-M133-03,https://www.town.tabuse.lg.jp/soshiki/35/2090.html,è³‡æºã”ã¿,2026-08-19,SORT_BUCKET,CURRENT,,
M133,C-M133-09,æ–°èž,è³‡æºã”ã¿,C-M133-08,SUBCATEGORY,9,CURBSIDE,æ–°èž,NOT_STATED_IN_CITED_SOURCE,,NOT_STATED_IN_CITED_SOURCE,ç¨®åˆ¥ã”ã¨ã«åˆ†ã‘ã¦å‡ºã™,,,FALSE,FALSE,FALSE,,FALSE,,S-M133-03,https://www.town.tabuse.lg.jp/soshiki/35/2090.html,æ–°èž,2026-08-19,REFERENCE_ONLY,CURRENT,,
M133,C-M133-10,é›‘èªŒ,è³‡æºã”ã¿,C-M133-08,SUBCATEGORY,10,CURBSIDE,é›‘èªŒ,NOT_STATED_IN_CITED_SOURCE,,NOT_STATED_IN_CITED_SOURCE,ç¨®åˆ¥ã”ã¨ã«åˆ†ã‘ã¦å‡ºã™,,,FALSE,FALSE,FALSE,,FALSE,,S-M133-03,https://www.town.tabuse.lg.jp/soshiki/35/2090.html,é›‘èªŒ,2026-08-19,REFERENCE_ONLY,CURRENT,,
M133,C-M133-11,æ®µãƒœãƒ¼ãƒ«,è³‡æºã”ã¿,C-M133-08,SUBCATEGORY,11,CURBSIDE,æ®µãƒœãƒ¼ãƒ«,NOT_STATED_IN_CITED_SOURCE,,NOT_STATED_IN_CITED_SOURCE,ç¨®åˆ¥ã”ã¨ã«åˆ†ã‘ã¦å‡ºã™,,,FALSE,FALSE,FALSE,,FALSE,,S-M133-03,https://www.town.tabuse.lg.jp/soshiki/35/2090.html,æ®µãƒœãƒ¼ãƒ«,2026-08-19,REFERENCE_ONLY,CURRENT,,
M133,C-M133-12,å¤ç€,è³‡æºã”ã¿,C-M133-08,SUBCATEGORY,12,CURBSIDE,å¤ç€,NOT_STATED_IN_CITED_SOURCE,,NOT_STATED_IN_CITED_SOURCE,ç¨®åˆ¥ã”ã¨ã«åˆ†ã‘ã¦å‡ºã™,,,FALSE,FALSE,FALSE,,FALSE,,S-M133-03,https://www.town.tabuse.lg.jp/soshiki/35/2090.html,å¤ç€,2026-08-19,REFERENCE_ONLY,CURRENT,,
M133,C-M133-13,ç´™ãƒ‘ãƒƒã‚¯,è³‡æºã”ã¿,C-M133-08,SUBCATEGORY,13,CURBSIDE,ç´™ãƒ‘ãƒƒã‚¯,NOT_STATED_IN_CITED_SOURCE,,NOT_STATED_IN_CITED_SOURCE,ç¨®åˆ¥ã”ã¨ã«åˆ†ã‘ã¦å‡ºã™,,,FALSE,FALSE,FALSE,,FALSE,,S-M133-03,https://www.town.tabuse.lg.jp/soshiki/35/2090.html,ç´™ãƒ‘ãƒƒã‚¯,2026-08-19,REFERENCE_ONLY,CURRENT,,
M133,C-M133-14,ãƒšãƒƒãƒˆãƒœãƒˆãƒ«,ãƒšãƒƒãƒˆãƒœãƒˆãƒ«,,PRIMARY,14,CURBSIDE,PETãƒžãƒ¼ã‚¯ã®ãƒšãƒƒãƒˆãƒœãƒˆãƒ«,NOT_STATED_IN_CITED_SOURCE,,NOT_STATED_IN_CITED_SOURCE,ãƒ©ãƒ™ãƒ«ãƒ»ã‚­ãƒ£ãƒƒãƒ—ã‚’å¤–ã™,,,FALSE,FALSE,FALSE,,FALSE,,S-M133-01,https://www.town.tabuse.lg.jp/soshiki/35/1948.html,ãƒšãƒƒãƒˆãƒœãƒˆãƒ«,2026-08-19,SORT_BUCKET,CURRENT,,
M134,C-M134-01,å¯ç‡ƒã”ã¿,å¯ç‡ƒã”ã¿,,PRIMARY,1,CURBSIDE,ç”Ÿã”ã¿ãƒ»ç´™ããšç­‰,NOT_STATED_IN_CITED_SOURCE,,NOT_STATED_IN_CITED_SOURCE,ç”Ÿã”ã¿ã¯æ°´åˆ‡ã‚Šã€‚ç·‘è‰²æŒ‡å®šè¢‹ã¸,,,FALSE,FALSE,FALSE,,FALSE,,S-M134-01,https://www.town.hirao.lg.jp/soshiki/kankyo/gomi/seikatsu/teiki_shushu/2888.html,å¯ç‡ƒã”ã¿,2026-08-19,SORT_BUCKET,CURRENT,,
M134,C-M134-02,ã‚¬ãƒ¬ã‚­ãƒ»é™¶å™¨é¡žãƒ»ã‚¬ãƒ©ã‚¹,ã‚¬ãƒ¬ã‚­ãƒ»é™¶å™¨é¡žãƒ»ã‚¬ãƒ©ã‚¹,,PRIMARY,2,CURBSIDE,ã‚¬ãƒ¬ã‚­ãƒ»é™¶å™¨ãƒ»ã‚¬ãƒ©ã‚¹ç­‰,NOT_STATED_IN_CITED_SOURCE,,NOT_STATED_IN_CITED_SOURCE,é€æ˜ŽæŒ‡å®šè¢‹ã¸ã€‚å‰²ã‚Œç‰©ç­‰ã¯å®‰å…¨ã«å‡ºã™,,,FALSE,FALSE,FALSE,,FALSE,,S-M134-01,https://www.town.hirao.lg.jp/soshiki/kankyo/gomi/seikatsu/teiki_shushu/2888.html,ã‚¬ãƒ¬ã‚­ãƒ»é™¶å™¨é¡žãƒ»ã‚¬ãƒ©ã‚¹,2026-08-19,SORT_BUCKET,CURRENT,,
M134,C-M134-03,ç¼¶ãƒ»é‡‘å±žé¡ž,ç¼¶ãƒ»é‡‘å±žé¡ž,,PRIMARY,3,CURBSIDE,ç¼¶ãƒ»é‡‘å±žè£½å“,NOT_STATED_IN_CITED_SOURCE,,NOT_STATED_IN_CITED_SOURCE,NOT_STATED_IN_CITED_SOURCE,,,FALSE,FALSE,FALSE,,FALSE,,S-M134-02,https://www.town.hirao.lg.jp/kurashi/gomi_kankyo/gomi/dashikata/kankinzoku.html,ç¼¶ãƒ»é‡‘å±žé¡ž,2026-08-19,SORT_BUCKET,CURRENT,,
M134,C-M134-04,ç¼¶,ç¼¶ãƒ»é‡‘å±žé¡ž,C-M134-03,SUBCATEGORY,4,CURBSIDE,ç©ºãç¼¶ãƒ»ã‚¹ãƒ—ãƒ¬ãƒ¼ç¼¶ãƒ»ã‚«ã‚»ãƒƒãƒˆãƒœãƒ³ãƒ™ç­‰,NOT_STATED_IN_CITED_SOURCE,,NOT_STATED_IN_CITED_SOURCE,ä¸­èº«ã‚’ä½¿ã„åˆ‡ã‚‹ã€‚ç¼¶ã¨é‡‘å±žã‚’åˆ†ã‘ã¦å‡ºã™,,,FALSE,FALSE,FALSE,,FALSE,,S-M134-02,https://www.town.hirao.lg.jp/kurashi/gomi_kankyo/gomi/dashikata/kankinzoku.html,ç¼¶,2026-08-19,REFERENCE_ONLY,CURRENT,,
M134,C-M134-05,é‡‘å±žé¡ž,ç¼¶ãƒ»é‡‘å±žé¡ž,C-M134-03,SUBCATEGORY,5,CURBSIDE,ãƒ•ãƒ©ã‚¤ãƒ‘ãƒ³ãƒ»é‹ãƒ»å°åž‹å®¶é›»ç­‰,NOT_STATED_IN_CITED_SOURCE,,NOT_STATED_IN_CITED_SOURCE,ç¼¶ã¨é‡‘å±žã‚’åˆ†ã‘ã¦å‡ºã™,,,FALSE,FALSE,FALSE,,FALSE,,S-M134-02,https://www.town.hirao.lg.jp/kurashi/gomi_kankyo/gomi/dashikata/kankinzoku.html,é‡‘å±žé¡ž,2026-08-19,REFERENCE_ONLY,CURRENT,,
M134,C-M134-06,ãƒ“ãƒ³,ãƒ“ãƒ³,,PRIMARY,6,CURBSIDE,ç©ºãã³ã‚“,NOT_STATED_IN_CITED_SOURCE,,NOT_STATED_IN_CITED_SOURCE,ä¸­ã‚’æ´—ã†,,,FALSE,FALSE,FALSE,,FALSE,,S-M134-01,https://www.town.hirao.lg.jp/soshiki/kankyo/gomi/seikatsu/teiki_shushu/2888.html,ãƒ“ãƒ³,2026-08-19,SORT_BUCKET,CURRENT,,
M134,C-M134-07,å¤§åž‹ã”ã¿,å¤§åž‹ã”ã¿,,PRIMARY,7,DIRECT_HAUL,å¤§åž‹å®¶åº­ã”ã¿,NOT_STATED_IN_CITED_SOURCE,,NOT_STATED_IN_CITED_SOURCE,å‘¨æ±ç’°å¢ƒè¡›ç”Ÿçµ„åˆã¸ç›´æŽ¥æ¬å…¥,,,TRUE,FALSE,FALSE,,FALSE,,S-M134-01,https://www.town.hirao.lg.jp/soshiki/kankyo/gomi/seikatsu/teiki_shushu/2888.html,å¤§åž‹ã”ã¿,2026-08-19,REFERENCE_ONLY,CURRENT,,
M134,C-M134-08,è³‡æºã”ã¿,è³‡æºã”ã¿,,PRIMARY,8,CURBSIDE,æ–°èžãƒ»é›‘èªŒãƒ»æ®µãƒœãƒ¼ãƒ«ãƒ»å¤ç€ãƒ»ç´™ãƒ‘ãƒƒã‚¯,NOT_STATED_IN_CITED_SOURCE,,NOT_STATED_IN_CITED_SOURCE,NOT_STATED_IN_CITED_SOURCE,,,FALSE,FALSE,FALSE,,FALSE,,S-M134-03,https://www.town.hirao.lg.jp/kurashi/gomi_kankyo/gomi/dashikata/kosihurugi.html,è³‡æºã”ã¿,2026-08-19,SORT_BUCKET,CURRENT,,
M134,C-M134-09,æ–°èž,è³‡æºã”ã¿,C-M134-08,SUBCATEGORY,9,CURBSIDE,æ–°èž,NOT_STATED_IN_CITED_SOURCE,,NOT_STATED_IN_CITED_SOURCE,åˆ†åˆ¥ã—ã€ç¨®åˆ¥ã”ã¨ã«ã¾ã¨ã‚ã¦å‡ºã™,,,FALSE,FALSE,FALSE,,FALSE,,S-M134-03,https://www.town.hirao.lg.jp/kurashi/gomi_kankyo/gomi/dashikata/kosihurugi.html,æ–°èž,2026-08-19,REFERENCE_ONLY,CURRENT,,
M134,C-M134-10,é›‘èªŒ,è³‡æºã”ã¿,C-M134-08,SUBCATEGORY,10,CURBSIDE,é›‘èªŒ,NOT_STATED_IN_CITED_SOURCE,,NOT_STATED_IN_CITED_SOURCE,åˆ†åˆ¥ã—ã€ç¨®åˆ¥ã”ã¨ã«ã¾ã¨ã‚ã¦å‡ºã™,,,FALSE,FALSE,FALSE,,FALSE,,S-M134-03,https://www.town.hirao.lg.jp/kurashi/gomi_kankyo/gomi/dashikata/kosihurugi.html,é›‘èªŒ,2026-08-19,REFERENCE_ONLY,CURRENT,,
M134,C-M134-11,æ®µãƒœãƒ¼ãƒ«,è³‡æºã”ã¿,C-M134-08,SUBCATEGORY,11,CURBSIDE,æ®µãƒœãƒ¼ãƒ«,NOT_STATED_IN_CITED_SOURCE,,NOT_STATED_IN_CITED_SOURCE,åˆ†åˆ¥ã—ã€ç¨®åˆ¥ã”ã¨ã«ã¾ã¨ã‚ã¦å‡ºã™,,,FALSE,FALSE,FALSE,,FALSE,,S-M134-03,https://www.town.hirao.lg.jp/kurashi/gomi_kankyo/gomi/dashikata/kosihurugi.html,æ®µãƒœãƒ¼ãƒ«,2026-08-19,REFERENCE_ONLY,CURRENT,,
M134,C-M134-12,å¤ç€,è³‡æºã”ã¿,C-M134-08,SUBCATEGORY,12,CURBSIDE,å¤ç€,NOT_STATED_IN_CITED_SOURCE,,NOT_STATED_IN_CITED_SOURCE,åˆ†åˆ¥ã—ã€ç¨®åˆ¥ã”ã¨ã«ã¾ã¨ã‚ã¦å‡ºã™,,,FALSE,FALSE,FALSE,,FALSE,,S-M134-03,https://www.town.hirao.lg.jp/kurashi/gomi_kankyo/gomi/dashikata/kosihurugi.html,å¤ç€,2026-08-19,REFERENCE_ONLY,CURRENT,,
M134,C-M134-13,ç´™ãƒ‘ãƒƒã‚¯,è³‡æºã”ã¿,C-M134-08,SUBCATEGORY,13,CURBSIDE,ç´™ãƒ‘ãƒƒã‚¯,NOT_STATED_IN_CITED_SOURCE,,NOT_STATED_IN_CITED_SOURCE,åˆ†åˆ¥ã—ã€ç¨®åˆ¥ã”ã¨ã«ã¾ã¨ã‚ã¦å‡ºã™,,,FALSE,FALSE,FALSE,,FALSE,,S-M134-03,https://www.town.hirao.lg.jp/kurashi/gomi_kankyo/gomi/dashikata/kosihurugi.html,ç´™ãƒ‘ãƒƒã‚¯,2026-08-19,REFERENCE_ONLY,CURRENT,,
M134,C-M134-14,ãƒšãƒƒãƒˆãƒœãƒˆãƒ«,ãƒšãƒƒãƒˆãƒœãƒˆãƒ«,,PRIMARY,14,CURBSIDE,PETãƒžãƒ¼ã‚¯ã®ãƒšãƒƒãƒˆãƒœãƒˆãƒ«,NOT_STATED_IN_CITED_SOURCE,,NOT_STATED_IN_CITED_SOURCE,ãƒ©ãƒ™ãƒ«ãƒ»ã‚­ãƒ£ãƒƒãƒ—ã‚’å¤–ã™,,,FALSE,FALSE,FALSE,,FALSE,,S-M134-01,https://www.town.hirao.lg.jp/soshiki/kankyo/gomi/seikatsu/teiki_shushu/2888.html,ãƒšãƒƒãƒˆãƒœãƒˆãƒ«,2026-08-19,SORT_BUCKET,CURRENT,,
M135,C-M135-01,å¯ç‡ƒã”ã¿,å¯ç‡ƒã”ã¿,,PRIMARY,1,CURBSIDE,ç‡ƒã‚„ã›ã‚‹å®¶åº­ã”ã¿,NOT_STATED_IN_CITED_SOURCE,,NOT_STATED_IN_CITED_SOURCE,å¯ç‡ƒã”ã¿æŒ‡å®šè¢‹ã¸,å¯ç‡ƒã”ã¿è¢‹,,FALSE,FALSE,FALSE,,FALSE,,S-M135-02,https://www.town.abu.lg.jp/wp/wp-content/uploads/2025/07/R8-Trash-GuideDouble-Side.pdf,å¯ç‡ƒã”ã¿,2026-08-19,SORT_BUCKET,CURRENT,,
M135,C-M135-02,ä¸ç‡ƒã”ã¿,ä¸ç‡ƒã”ã¿,,PRIMARY,2,CURBSIDE,å®¶é›»ãƒ»é›»æ± ãƒ»è›å…‰ç¯ãƒ»é™¶ç£å™¨ãƒ»ã‚¬ãƒ©ã‚¹ç­‰,NOT_STATED_IN_CITED_SOURCE,,NOT_STATED_IN_CITED_SOURCE,ä¸ç‡ƒã”ã¿æŒ‡å®šè¢‹ã¸,ä¸ç‡ƒã”ã¿è¢‹,,FALSE,FALSE,FALSE,,FALSE,,S-M135-02,https://www.town.abu.lg.jp/wp/wp-content/uploads/2025/07/R8-Trash-GuideDouble-Side.pdf,ä¸ç‡ƒã”ã¿,2026-08-19,SORT_BUCKET,CURRENT,,
M135,C-M135-03,è³‡æºã”ã¿,è³‡æºã”ã¿,,PRIMARY,3,CURBSIDE,ç¼¶ãƒ»ãƒ“ãƒ³ãƒ»ãƒšãƒƒãƒˆãƒœãƒˆãƒ«ãƒ»å®¹å™¨åŒ…è£…ãƒ—ãƒ©ã‚¹ãƒãƒƒã‚¯ç­‰,NOT_STATED_IN_CITED_SOURCE,,NOT_STATED_IN_CITED_SOURCE,è³‡æºã”ã¿æŒ‡å®šè¢‹ã¸,è³‡æºã”ã¿è¢‹,,FALSE,FALSE,FALSE,,FALSE,,S-M135-02,https://www.town.abu.lg.jp/wp/wp-content/uploads/2025/07/R8-Trash-GuideDouble-Side.pdf,è³‡æºã”ã¿,2026-08-19,SORT_BUCKET,CURRENT,,
M135,C-M135-04,å¤§åž‹ã”ã¿,å¤§åž‹ã”ã¿,,PRIMARY,4,BOOKED_PICKUP,å¤§åž‹å®¶åº­ã”ã¿,NOT_STATED_IN_CITED_SOURCE,,NOT_STATED_IN_CITED_SOURCE,å¤§åž‹ã”ã¿è·ç¥¨ã‚’ä½¿ç”¨ã—ã€äºˆç´„çµŒè·¯ã‚’åˆ©ç”¨,,,TRUE,TRUE,FALSE,,FALSE,,S-M135-04,https://www.town.abu.lg.jp/15875/,å¤§åž‹ã”ã¿,2026-08-19,REFERENCE_ONLY,CURRENT,,
M135,C-M135-05,å¤ç´™ç­‰,å¤ç´™ç­‰,,PRIMARY,5,DROP_OFF,æ–°èžãƒ»é›‘èªŒåºƒå‘Šãƒ»ãƒ€ãƒ³ãƒœãƒ¼ãƒ«ãƒ»ç´™ãƒ‘ãƒƒã‚¯ãƒ»ç´™è£½å®¹å™¨åŒ…è£…é¡ž,NOT_STATED_IN_CITED_SOURCE,,NOT_STATED_IN_CITED_SOURCE,NOT_STATED_IN_CITED_SOURCE,,,FALSE,FALSE,FALSE,,FALSE,,S-M135-02,https://www.town.abu.lg.jp/wp/wp-content/uploads/2025/07/R8-Trash-GuideDouble-Side.pdf,å¤ç´™ç­‰,2026-08-19,REFERENCE_ONLY,CURRENT,,
M137,C-M137-01,ç‡ƒã‚„ã›ã‚‹ã”ã¿,ç‡ƒã‚„ã›ã‚‹ã”ã¿,,PRIMARY,1,CURBSIDE,ç”Ÿã”ã¿ãƒ»å¯ç‡ƒæ€§å®¶åº­ã”ã¿,NOT_STATED_IN_CITED_SOURCE,,NOT_STATED_IN_CITED_SOURCE,NOT_STATED_IN_CITED_SOURCE,,,FALSE,FALSE,FALSE,,FALSE,,S-M137-02,https://www.town.ayagawa.lg.jp/reiki02/reiki_honbun/r263RG00001059.html,ç‡ƒã‚„ã›ã‚‹ã”ã¿,2026-08-19,SORT_BUCKET,CURRENT,,
M137,C-M137-02,ãƒ—ãƒ©ã‚¹ãƒãƒƒã‚¯å®¹å™¨åŒ…è£…,ãƒ—ãƒ©ã‚¹ãƒãƒƒã‚¯å®¹å™¨åŒ…è£…,,PRIMARY,2,CURBSIDE,ãƒ—ãƒ©ãƒžãƒ¼ã‚¯ã®å®¹å™¨åŒ…è£…,NOT_STATED_IN_CITED_SOURCE,,NOT_STATED_IN_CITED_SOURCE,æ±šã‚Œã‚’è½ã¨ã™,,,FALSE,FALSE,FALSE,,FALSE,,S-M137-02,https://www.town.ayagawa.lg.jp/reiki02/reiki_honbun/r263RG00001059.html,ãƒ—ãƒ©ã‚¹ãƒãƒƒã‚¯å®¹å™¨åŒ…è£…,2026-08-19,SORT_BUCKET,CURRENT,,
M137,C-M137-03,ç ´ç •ã”ã¿,ç ´ç •ã”ã¿,,PRIMARY,3,CURBSIDE,é™¶å™¨ãƒ»ã‚¬ãƒ©ã‚¹ãƒ»é‡‘å±žè¤‡åˆå“ç­‰,NOT_STATED_IN_CITED_SOURCE,,NOT_STATED_IN_CITED_SOURCE,NOT_STATED_IN_CITED_SOURCE,,,FALSE,FALSE,FALSE,,FALSE,,S-M137-02,https://www.town.ayagawa.lg.jp/reiki02/reiki_honbun/r263RG00001059.html,ç ´ç •ã”ã¿,2026-08-19,SORT_BUCKET,CURRENT,,
M137,C-M137-04,ãƒšãƒƒãƒˆãƒœãƒˆãƒ«,ãƒšãƒƒãƒˆãƒœãƒˆãƒ«,,PRIMARY,4,CURBSIDE,PETãƒžãƒ¼ã‚¯ã®ãƒšãƒƒãƒˆãƒœãƒˆãƒ«,NOT_STATED_IN_CITED_SOURCE,,NOT_STATED_IN_CITED_SOURCE,æ´—ã£ã¦å‡ºã™,,,FALSE,FALSE,FALSE,,FALSE,,S-M137-01,https://www.town.ayagawa.lg.jp/docs/2011071100382/,ãƒšãƒƒãƒˆãƒœãƒˆãƒ«,2026-08-19,SORT_BUCKET,CURRENT,,
M137,C-M137-05,ãƒ“ãƒ³é¡ž,ãƒ“ãƒ³é¡ž,,PRIMARY,5,CURBSIDE,é£²é£Ÿç”¨ã³ã‚“ç­‰,NOT_STATED_IN_CITED_SOURCE,,NOT_STATED_IN_CITED_SOURCE,æ´—ã£ã¦å‡ºã™,,,FALSE,FALSE,FALSE,,FALSE,,S-M137-02,https://www.town.ayagawa.lg.jp/reiki02/reiki_honbun/r263RG00001059.html,ãƒ“ãƒ³é¡ž,2026-08-19,SORT_BUCKET,CURRENT,,
M137,C-M137-06,ç¼¶é¡ž,ç¼¶é¡ž,,PRIMARY,6,CURBSIDE,é£²é£Ÿç”¨ç¼¶ç­‰,NOT_STATED_IN_CITED_SOURCE,,NOT_STATED_IN_CITED_SOURCE,æ´—ã£ã¦å‡ºã™,,,FALSE,FALSE,FALSE,,FALSE,,S-M137-02,https://www.town.ayagawa.lg.jp/reiki02/reiki_honbun/r263RG00001059.html,ç¼¶é¡ž,2026-08-19,SORT_BUCKET,CURRENT,,
M137,C-M137-07,å¤ç´™é¡ž,å¤ç´™é¡ž,,PRIMARY,7,CURBSIDE,æ–°èžãƒ»é›‘èªŒãƒ»æ®µãƒœãƒ¼ãƒ«ç­‰,NOT_STATED_IN_CITED_SOURCE,,NOT_STATED_IN_CITED_SOURCE,NOT_STATED_IN_CITED_SOURCE,,,FALSE,FALSE,FALSE,,FALSE,,S-M137-02,https://www.town.ayagawa.lg.jp/reiki02/reiki_honbun/r263RG00001059.html,å¤ç´™é¡ž,2026-08-19,SORT_BUCKET,CURRENT,,
M137,C-M137-08,æœ‰å®³ã”ã¿,æœ‰å®³ã”ã¿,,PRIMARY,8,CURBSIDE,è›å…‰ç¯ãƒ»é›»çƒãƒ»ä½¿ã„æ¨ã¦ãƒ©ã‚¤ã‚¿ãƒ¼ãƒ»ä¹¾é›»æ± ç­‰,NOT_STATED_IN_CITED_SOURCE,,NOT_STATED_IN_CITED_SOURCE,NOT_STATED_IN_CITED_SOURCE,,,FALSE,FALSE,FALSE,,FALSE,,S-M137-02,https://www.town.ayagawa.lg.jp/reiki02/reiki_honbun/r263RG00001059.html,æœ‰å®³ã”ã¿,2026-08-19,SORT_BUCKET,CURRENT,,
M137,C-M137-09,ç²—å¤§ã”ã¿,ç²—å¤§ã”ã¿,,PRIMARY,9,CURBSIDE,å¤§åž‹å®¶åº­ã”ã¿,NOT_STATED_IN_CITED_SOURCE,,NOT_STATED_IN_CITED_SOURCE,NOT_STATED_IN_CITED_SOURCE,,,TRUE,FALSE,FALSE,,FALSE,,S-M137-01,https://www.town.ayagawa.lg.jp/docs/2011071100382/,ç²—å¤§ã”ã¿,2026-08-19,REFERENCE_ONLY,CURRENT,,
M137,C-M137-10,å°åž‹å……é›»å¼é›»æ± ,å°åž‹å……é›»å¼é›»æ± ,,PRIMARY,10,DROP_OFF,ãƒ‹ã‚«ãƒ‰é›»æ± ãƒ»ãƒ‹ãƒƒã‚±ãƒ«æ°´ç´ é›»æ± ãƒ»ãƒªãƒã‚¦ãƒ ã‚¤ã‚ªãƒ³é›»æ± ,NOT_STATED_IN_CITED_SOURCE,,NOT_STATED_IN_CITED_SOURCE,ç«¯å­éƒ¨åˆ†ã«ãƒ†ãƒ¼ãƒ—ã‚’è²¼ã‚‹ãªã©çµ¶ç¸ã—ã€å½¹å ´æœ¬åºãƒ»ç¶¾ä¸Šæ”¯æ‰€ã®é»„è‰²ã®å›žåŽãƒœãƒƒã‚¯ã‚¹ç¼¶ã¸,,,FALSE,FALSE,FALSE,,FALSE,,S-M137-03,https://www.town.ayagawa.lg.jp/docs/2026031600017/,å°åž‹å……é›»å¼é›»æ± ,2026-08-19,REFERENCE_ONLY,CURRENT,,
M137,C-M137-11,å°åž‹å®¶é›»,å°åž‹å®¶é›»,,PRIMARY,11,DROP_OFF,ã‚¹ãƒžãƒ¼ãƒˆãƒ•ã‚©ãƒ³ãƒ»æºå¸¯åž‹ã‚²ãƒ¼ãƒ æ©Ÿãƒ»ãƒãƒ³ãƒ‡ã‚£ãƒ•ã‚¡ãƒ³ç­‰,NOT_STATED_IN_CITED_SOURCE,,NOT_STATED_IN_CITED_SOURCE,å–ã‚Šå¤–ã›ã‚‹å°åž‹å……é›»å¼é›»æ± ã¯å¤–ã™ã€‚å¤–ã›ãªã„æ©Ÿå™¨ã¯å°åž‹å®¶é›»å›žåŽãƒœãƒƒã‚¯ã‚¹ã¸,,,FALSE,FALSE,FALSE,,FALSE,,S-M137-03,https://www.town.ayagawa.lg.jp/docs/2026031600017/,å°åž‹å®¶é›»,2026-08-19,REFERENCE_ONLY,CURRENT,,
M138,C-M138-01,å¯ç‡ƒã”ã¿,å¯ç‡ƒã”ã¿,,PRIMARY,1,CURBSIDE,å¯ç‡ƒæ€§å®¶åº­ã”ã¿,NOT_STATED_IN_CITED_SOURCE,,NOT_STATED_IN_CITED_SOURCE,ç”ºæŒ‡å®šè¢‹ã¸,,,FALSE,FALSE,FALSE,,FALSE,,S-M138-05,https://www.town.tadotsu.kagawa.jp/material/files/group/6/kanennhunenn.pdf,å¯ç‡ƒã”ã¿,2026-08-19,SORT_BUCKET,CURRENT,,
M138,C-M138-02,ä¸ç‡ƒã”ã¿,ä¸ç‡ƒã”ã¿,,PRIMARY,2,CURBSIDE,ä¸ç‡ƒæ€§å®¶åº­ã”ã¿,NOT_STATED_IN_CITED_SOURCE,,NOT_STATED_IN_CITED_SOURCE,ç”ºæŒ‡å®šè¢‹ã¸,,,FALSE,FALSE,FALSE,,FALSE,,S-M138-05,https://www.town.tadotsu.kagawa.jp/material/files/group/6/kanennhunenn.pdf,ä¸ç‡ƒã”ã¿,2026-08-19,SORT_BUCKET,CURRENT,,
M138,C-M138-03,è³‡æºã”ã¿,è³‡æºã”ã¿,,PRIMARY,3,CURBSIDE,ç¼¶ãƒ»é‡‘å±žãƒ»å¸ƒãƒ»ç´™ãƒ»ã³ã‚“ãƒ»PETãƒ»ç™½è‰²ãƒˆãƒ¬ã‚¤ãƒ»å»ƒé£Ÿæ²¹ãƒ»ä¹¾é›»æ± ãƒ»è›å…‰ç®¡ãƒ»å°åž‹å®¶é›»ç­‰,NOT_STATED_IN_CITED_SOURCE,,NOT_STATED_IN_CITED_SOURCE,NOT_STATED_IN_CITED_SOURCE,,,FALSE,FALSE,FALSE,,FALSE,,S-M138-04,https://www.town.tadotsu.kagawa.jp/soshikikarasagasu/juminkankyoka/gomi_recycle/1/725.html,è³‡æºã”ã¿,2026-08-19,SORT_BUCKET,CURRENT,,
M138,C-M138-04,ç©ºã‹ã‚“(ã‚¢ãƒ«ãƒŸãƒ»ã‚¹ãƒãƒ¼ãƒ«),è³‡æºã”ã¿,C-M138-03,SUBCATEGORY,4,DROP_OFF,ã‚¢ãƒ«ãƒŸç¼¶ãƒ»ã‚¹ãƒãƒ¼ãƒ«ç¼¶,NOT_STATED_IN_CITED_SOURCE,,NOT_STATED_IN_CITED_SOURCE,ä¸­èº«ã‚’å‡ºã—ã€æ´—æµ„ã™ã‚‹,,,FALSE,FALSE,FALSE,,FALSE,,S-M138-02,https://www.town.tadotsu.kagawa.jp/material/files/group/6/SIGENN.pdf,ç©ºã‹ã‚“(ã‚¢ãƒ«ãƒŸãƒ»ã‚¹ãƒãƒ¼ãƒ«),2026-08-19,REFERENCE_ONLY,CURRENT,,
M138,C-M138-05,é‡‘å±ž,è³‡æºã”ã¿,C-M138-03,SUBCATEGORY,5,DROP_OFF,é‹ãƒ»ãƒ•ãƒ©ã‚¤ãƒ‘ãƒ³ç­‰ã®é‡‘å±žè£½å“,NOT_STATED_IN_CITED_SOURCE,,NOT_STATED_IN_CITED_SOURCE,NOT_STATED_IN_CITED_SOURCE,,,FALSE,FALSE,FALSE,,FALSE,,S-M138-04,https://www.town.tadotsu.kagawa.jp/soshikikarasagasu/juminkankyoka/gomi_recycle/1/725.html,é‡‘å±ž,2026-08-19,REFERENCE_ONLY,CURRENT,,
M138,C-M138-06,å¸ƒ,è³‡æºã”ã¿,C-M138-03,SUBCATEGORY,6,DROP_OFF,è¡£é¡žãƒ»å¸ƒé¡ž,NOT_STATED_IN_CITED_SOURCE,,NOT_STATED_IN_CITED_SOURCE,é€æ˜Žãƒ»åŠé€æ˜Žã®è¢‹ã¸,,,FALSE,FALSE,FALSE,,FALSE,,S-M138-02,https://www.town.tadotsu.kagawa.jp/material/files/group/6/SIGENN.pdf,å¸ƒ,2026-08-19,REFERENCE_ONLY,CURRENT,,
M138,C-M138-07,ç‰›ä¹³ãƒ‘ãƒƒã‚¯,è³‡æºã”ã¿,C-M138-03,SUBCATEGORY,7,DROP_OFF,ç‰›ä¹³ãƒ»ã‚¸ãƒ¥ãƒ¼ã‚¹ã®ç´™ãƒ‘ãƒƒã‚¯,NOT_STATED_IN_CITED_SOURCE,,NOT_STATED_IN_CITED_SOURCE,æ´—ã„ã€é–‹ã„ã¦ä¹¾ã‹ã™,,,FALSE,FALSE,FALSE,,FALSE,,S-M138-02,https://www.town.tadotsu.kagawa.jp/material/files/group/6/SIGENN.pdf,ç‰›ä¹³ãƒ‘ãƒƒã‚¯,2026-08-19,REFERENCE_ONLY,CURRENT,,
M138,C-M138-08,æ–°èžç´™,è³‡æºã”ã¿,C-M138-03,SUBCATEGORY,8,DROP_OFF,æ–°èžãƒ»åºƒå‘Šç´™,NOT_STATED_IN_CITED_SOURCE,,NOT_STATED_IN_CITED_SOURCE,ç¨®é¡žåˆ¥ã«ã¾ã¨ã‚ã¦ã²ã‚‚ã§ç¸›ã‚‹,,,FALSE,FALSE,FALSE,,FALSE,,S-M138-02,https://www.town.tadotsu.kagawa.jp/material/files/group/6/SIGENN.pdf,æ–°èžç´™,2026-08-19,REFERENCE_ONLY,CURRENT,,
M138,C-M138-09,æ®µãƒœãƒ¼ãƒ«,è³‡æºã”ã¿,C-M138-03,SUBCATEGORY,9,DROP_OFF,æ®µãƒœãƒ¼ãƒ«,NOT_STATED_IN_CITED_SOURCE,,NOT_STATED_IN_CITED_SOURCE,ç¨®é¡žåˆ¥ã«ã¾ã¨ã‚ã¦ã²ã‚‚ã§ç¸›ã‚‹,,,FALSE,FALSE,FALSE,,FALSE,,S-M138-02,https://www.town.tadotsu.kagawa.jp/material/files/group/6/SIGENN.pdf,æ®µãƒœãƒ¼ãƒ«,2026-08-19,REFERENCE_ONLY,CURRENT,,
M138,C-M138-10,é›‘èªŒ,è³‡æºã”ã¿,C-M138-03,SUBCATEGORY,10,DROP_OFF,é›‘èªŒãƒ»ç´™æŠ˜ç®±ãƒ»åŽšç´™ãƒ»ç´™è¢‹ãƒ»åŒ…è£…ç´™,NOT_STATED_IN_CITED_SOURCE,,NOT_STATED_IN_CITED_SOURCE,ç¨®é¡žåˆ¥ã«ã¾ã¨ã‚ã¦ã²ã‚‚ã§ç¸›ã‚‹,,,FALSE,FALSE,FALSE,,FALSE,,S-M138-02,https://www.town.tadotsu.kagawa.jp/material/files/group/6/SIGENN.pdf,é›‘èªŒ,2026-08-19,REFERENCE_ONLY,CURRENT,,
M138,C-M138-11,ç”Ÿãã³ã‚“,è³‡æºã”ã¿,C-M138-03,SUBCATEGORY,11,DROP_OFF,ãƒ“ãƒ¼ãƒ«ã³ã‚“ãƒ»ä¸€å‡ã³ã‚“ç­‰,NOT_STATED_IN_CITED_SOURCE,,NOT_STATED_IN_CITED_SOURCE,NOT_STATED_IN_CITED_SOURCE,,,FALSE,FALSE,FALSE,,FALSE,,S-M138-04,https://www.town.tadotsu.kagawa.jp/soshikikarasagasu/juminkankyoka/gomi_recycle/1/725.html,ç”Ÿãã³ã‚“,2026-08-19,REFERENCE_ONLY,CURRENT,,
M138,C-M138-12,é§„ãƒ“ãƒ³,è³‡æºã”ã¿,C-M138-03,SUBCATEGORY,12,DROP_OFF,ä½¿ã„æ¨ã¦ã³ã‚“,NOT_STATED_IN_CITED_SOURCE,,NOT_STATED_IN_CITED_SOURCE,ä¸­èº«ã‚’å‡ºã—ã€æ´—æµ„ã™ã‚‹,,,FALSE,FALSE,FALSE,,FALSE,,S-M138-02,https://www.town.tadotsu.kagawa.jp/material/files/group/6/SIGENN.pdf,é§„ãƒ“ãƒ³,2026-08-19,REFERENCE_ONLY,CURRENT,,
M138,C-M138-13,ãƒšãƒƒãƒˆãƒœãƒˆãƒ«,è³‡æºã”ã¿,C-M138-03,SUBCATEGORY,13,DROP_OFF,PETãƒžãƒ¼ã‚¯ã®ãƒšãƒƒãƒˆãƒœãƒˆãƒ«,NOT_STATED_IN_CITED_SOURCE,,NOT_STATED_IN_CITED_SOURCE,ã‚­ãƒ£ãƒƒãƒ—ã‚’å¤–ã—ã€ã™ã™ãŽæ´—ã„ã—ã¦æ°´åˆ‡ã‚Šã™ã‚‹,,,FALSE,FALSE,FALSE,,FALSE,,S-M138-02,https://www.town.tadotsu.kagawa.jp/material/files/group/6/SIGENN.pdf,ãƒšãƒƒãƒˆãƒœãƒˆãƒ«,2026-08-19,REFERENCE_ONLY,CURRENT,,
M138,C-M138-14,ç™½è‰²ãƒˆãƒ¬ã‚¤,è³‡æºã”ã¿,C-M138-03,SUBCATEGORY,14,DROP_OFF,ä¸¡é¢ãŒç™½ã„é£Ÿå“ãƒˆãƒ¬ã‚¤,NOT_STATED_IN_CITED_SOURCE,,NOT_STATED_IN_CITED_SOURCE,æ´—ã£ã¦ä¹¾ã‹ã™,,,FALSE,FALSE,FALSE,,FALSE,,S-M138-02,https://www.town.tadotsu.kagawa.jp/material/files/group/6/SIGENN.pdf,ç™½è‰²ãƒˆãƒ¬ã‚¤,2026-08-19,REFERENCE_ONLY,CURRENT,,
M138,C-M138-15,å»ƒé£Ÿæ²¹,è³‡æºã”ã¿,C-M138-03,SUBCATEGORY,15,DROP_OFF,å®¶åº­ã®æ¤ç‰©æ€§é£Ÿç”¨æ²¹,NOT_STATED_IN_CITED_SOURCE,,NOT_STATED_IN_CITED_SOURCE,NOT_STATED_IN_CITED_SOURCE,,,FALSE,FALSE,FALSE,,FALSE,,S-M138-04,https://www.town.tadotsu.kagawa.jp/soshikikarasagasu/juminkankyoka/gomi_recycle/1/725.html,å»ƒé£Ÿæ²¹,2026-08-19,REFERENCE_ONLY,CURRENT,,
M138,C-M138-16,ä¹¾é›»æ± ,è³‡æºã”ã¿,C-M138-03,SUBCATEGORY,16,DROP_OFF,ã‚¢ãƒ«ã‚«ãƒªãƒ»ãƒžãƒ³ã‚¬ãƒ³ãƒ»ãƒªãƒã‚¦ãƒ ä¹¾é›»æ± ç­‰,NOT_STATED_IN_CITED_SOURCE,,NOT_STATED_IN_CITED_SOURCE,NOT_STATED_IN_CITED_SOURCE,,,FALSE,FALSE,FALSE,,FALSE,,S-M138-04,https://www.town.tadotsu.kagawa.jp/soshikikarasagasu/juminkankyoka/gomi_recycle/1/725.html,ä¹¾é›»æ± ,2026-08-19,REFERENCE_ONLY,CURRENT,,
M138,C-M138-17,è›å…‰ç®¡,è³‡æºã”ã¿,C-M138-03,SUBCATEGORY,17,DROP_OFF,è›å…‰ç®¡ãƒ»é›»çƒåž‹è›å…‰ç¯,NOT_STATED_IN_CITED_SOURCE,,NOT_STATED_IN_CITED_SOURCE,é€æ˜Žãªãƒ“ãƒ‹ãƒ¼ãƒ«è¢‹ã¸,,,FALSE,FALSE,FALSE,,FALSE,,S-M138-02,https://www.town.tadotsu.kagawa.jp/material/files/group/6/SIGENN.pdf,è›å…‰ç®¡,2026-08-19,REFERENCE_ONLY,CURRENT,,
M138,C-M138-18,å°åž‹å®¶é›»,è³‡æºã”ã¿,C-M138-03,SUBCATEGORY,18,DROP_OFF,ä½¿ç”¨æ¸ˆå°åž‹å®¶é›»,NOT_STATED_IN_CITED_SOURCE,,NOT_STATED_IN_CITED_SOURCE,NOT_STATED_IN_CITED_SOURCE,,,FALSE,FALSE,FALSE,,FALSE,,S-M138-04,https://www.town.tadotsu.kagawa.jp/soshikikarasagasu/juminkankyoka/gomi_recycle/1/725.html,å°åž‹å®¶é›»,2026-08-19,REFERENCE_ONLY,CURRENT,,
M138,C-M138-19,ç²—å¤§ã”ã¿,ç²—å¤§ã”ã¿,,PRIMARY,19,CURBSIDE,æŒ‡å®šè¢‹ã«å…¥ã‚‰ãªã„å¤§åž‹å®¶åº­ã”ã¿,NOT_STATED_IN_CITED_SOURCE,,NOT_STATED_IN_CITED_SOURCE,NOT_STATED_IN_CITED_SOURCE,,å¤§åž‹ãƒ»é‡é‡ç‰©ã«ã¯ãƒªã‚µã‚¤ã‚¯ãƒ«ãƒ—ãƒ©ã‚¶ç›´æŽ¥æ¬å…¥æ¡ä»¶ã‚ã‚Š,TRUE,FALSE,FALSE,,FALSE,,S-M138-03,https://www.town.tadotsu.kagawa.jp/material/files/group/6/SODAI.pdf,ç²—å¤§ã”ã¿,2026-08-19,REFERENCE_ONLY,CURRENT,,
M140,C-M140-01,ç‡ƒã‚„ã›ã‚‹ã”ã¿ï¼ˆå¯ç‡ƒã”ã¿ï¼‰,ç‡ƒã‚„ã›ã‚‹ã”ã¿ï¼ˆå¯ç‡ƒã”ã¿ï¼‰,,PRIMARY,1,CURBSIDE,ç”Ÿã”ã¿ãƒ»ç´™ããšãƒ»å°åž‹å¯ç‡ƒç‰©ç­‰,NOT_STATED_IN_CITED_SOURCE,,NOT_STATED_IN_CITED_SOURCE,æŒ‡å®šè¢‹ã¸,,,FALSE,FALSE,FALSE,,FALSE,,S-M140-01,https://www.city.mitoyo.lg.jp/kakuka/shiminkankyou/eisei/2/1/1511.html,ç‡ƒã‚„ã›ã‚‹ã”ã¿ï¼ˆå¯ç‡ƒã”ã¿ï¼‰,2026-08-19,SORT_BUCKET,CURRENT,,
M140,C-M140-02,ç‡ƒã‚„ã›ãªã„ã”ã¿ï¼ˆä¸ç‡ƒã”ã¿ï¼‰,ç‡ƒã‚„ã›ãªã„ã”ã¿ï¼ˆä¸ç‡ƒã”ã¿ï¼‰,,PRIMARY,2,CURBSIDE,ã‚¬ãƒ©ã‚¹ãƒ»é™¶ç£å™¨ãƒ»è¤‡åˆç´ æç­‰,NOT_STATED_IN_CITED_SOURCE,,NOT_STATED_IN_CITED_SOURCE,æŒ‡å®šè¢‹ã¸,,,FALSE,FALSE,FALSE,,FALSE,,S-M140-01,https://www.city.mitoyo.lg.jp/kakuka/shiminkankyou/eisei/2/1/1511.html,ç‡ƒã‚„ã›ãªã„ã”ã¿ï¼ˆä¸ç‡ƒã”ã¿ï¼‰,2026-08-19,SORT_BUCKET,CURRENT,,
M140,C-M140-03,ç¼¶é¡ž,ç¼¶é¡ž,,PRIMARY,3,CURBSIDE,ã‚¹ãƒãƒ¼ãƒ«ç¼¶ãƒ»ã‚¢ãƒ«ãƒŸç¼¶ç­‰,NOT_STATED_IN_CITED_SOURCE,,NOT_STATED_IN_CITED_SOURCE,ä¸­èº«ã‚’ä½¿ã„åˆ‡ã‚Šã€æ´—æµ„ã™ã‚‹,,,FALSE,FALSE,FALSE,,FALSE,,S-M140-01,https://www.city.mitoyo.lg.jp/kakuka/shiminkankyou/eisei/2/1/1511.html,ç¼¶é¡ž,2026-08-19,SORT_BUCKET,CURRENT,,
M140,C-M140-04,ã³ã‚“é¡ž,ã³ã‚“é¡ž,,PRIMARY,4,CURBSIDE,é£²é£Ÿç”¨ã³ã‚“ç­‰,NOT_STATED_IN_CITED_SOURCE,,NOT_STATED_IN_CITED_SOURCE,ä¸­èº«ã‚’ä½¿ã„åˆ‡ã‚Šã€æ´—æµ„ã™ã‚‹,,,FALSE,FALSE,FALSE,,FALSE,,S-M140-01,https://www.city.mitoyo.lg.jp/kakuka/shiminkankyou/eisei/2/1/1511.html,ã³ã‚“é¡ž,2026-08-19,SORT_BUCKET,CURRENT,,
M140,C-M140-05,ãƒšãƒƒãƒˆãƒœãƒˆãƒ«,ãƒšãƒƒãƒˆãƒœãƒˆãƒ«,,PRIMARY,5,CURBSIDE,PETãƒžãƒ¼ã‚¯ã®ãƒœãƒˆãƒ«,NOT_STATED_IN_CITED_SOURCE,,NOT_STATED_IN_CITED_SOURCE,ã‚­ãƒ£ãƒƒãƒ—ãƒ»ãƒ©ãƒ™ãƒ«ã‚’å¤–ã—ã€æ´—æµ„ã™ã‚‹,,,FALSE,FALSE,FALSE,,FALSE,,S-M140-01,https://www.city.mitoyo.lg.jp/kakuka/shiminkankyou/eisei/2/1/1511.html,ãƒšãƒƒãƒˆãƒœãƒˆãƒ«,2026-08-19,SORT_BUCKET,CURRENT,,
M140,C-M140-06,ç´™è£½å®¹å™¨åŒ…è£…,ç´™è£½å®¹å™¨åŒ…è£…,,PRIMARY,6,CURBSIDE,ç´™ãƒžãƒ¼ã‚¯ã®å®¹å™¨åŒ…è£…,NOT_STATED_IN_CITED_SOURCE,,NOT_STATED_IN_CITED_SOURCE,ä¸­èº«ã‚’ä½¿ã„åˆ‡ã‚Šã€æ±šã‚Œã‚’å–ã‚Šé™¤ã,,,FALSE,FALSE,FALSE,,FALSE,,S-M140-01,https://www.city.mitoyo.lg.jp/kakuka/shiminkankyou/eisei/2/1/1511.html,ç´™è£½å®¹å™¨åŒ…è£…,2026-08-19,SORT_BUCKET,CURRENT,,
M140,C-M140-07,ãƒ—ãƒ©ã‚¹ãƒãƒƒã‚¯è£½å®¹å™¨åŒ…è£…,ãƒ—ãƒ©ã‚¹ãƒãƒƒã‚¯è£½å®¹å™¨åŒ…è£…,,PRIMARY,7,CURBSIDE,ãƒ—ãƒ©ãƒžãƒ¼ã‚¯ã®å®¹å™¨åŒ…è£…,NOT_STATED_IN_CITED_SOURCE,,NOT_STATED_IN_CITED_SOURCE,ä¸­èº«ã‚’ä½¿ã„åˆ‡ã‚Šã€æ±šã‚Œã‚’å–ã‚Šé™¤ã,,,FALSE,FALSE,FALSE,,FALSE,,S-M140-01,https://www.city.mitoyo.lg.jp/kakuka/shiminkankyou/eisei/2/1/1511.html,ãƒ—ãƒ©ã‚¹ãƒãƒƒã‚¯è£½å®¹å™¨åŒ…è£…,2026-08-19,SORT_BUCKET,CURRENT,,
M140,C-M140-08,é‡‘å±žã”ã¿,é‡‘å±žã”ã¿,,PRIMARY,8,CURBSIDE,é‹ãƒ»ã‚„ã‹ã‚“ãƒ»ãƒ•ãƒ©ã‚¤ãƒ‘ãƒ³ç­‰,NOT_STATED_IN_CITED_SOURCE,,NOT_STATED_IN_CITED_SOURCE,é‡‘å±žä»¥å¤–ã®éƒ¨åˆ†ã¯å¯èƒ½ãªé™ã‚Šå–ã‚Šé™¤ã,,,FALSE,FALSE,FALSE,,FALSE,,S-M140-01,https://www.city.mitoyo.lg.jp/kakuka/shiminkankyou/eisei/2/1/1511.html,é‡‘å±žã”ã¿,2026-08-19,SORT_BUCKET,CURRENT,,
M140,C-M140-09,æœ‰å®³ã”ã¿,æœ‰å®³ã”ã¿,,PRIMARY,9,CURBSIDE,ä¹¾é›»æ± ãƒ»ãƒœã‚¿ãƒ³é›»æ± ãƒ»å……é›»å¼é›»æ± ãƒ»è›å…‰ç¯ãƒ»é›»çƒãƒ»æ°´éŠ€è£½å“ãƒ»ä½¿ã„æ¨ã¦ãƒ©ã‚¤ã‚¿ãƒ¼,NOT_STATED_IN_CITED_SOURCE,,NOT_STATED_IN_CITED_SOURCE,å……é›»å¼é›»æ± ã¯ã”ã¿ã‚¹ãƒ†ãƒ¼ã‚·ãƒ§ãƒ³ã«å‡ºã•ãšã€æŒè¾¼å ´æ‰€ã®å°‚ç”¨å®¹å™¨ã¸,,,FALSE,FALSE,FALSE,,FALSE,,S-M140-01,https://www.city.mitoyo.lg.jp/kakuka/shiminkankyou/eisei/2/1/1511.html,æœ‰å®³ã”ã¿,2026-08-19,SORT_BUCKET,CURRENT,,
M140,C-M140-10,å»ƒé£Ÿç”¨æ²¹ï¼ˆå¤©ã·ã‚‰æ²¹ï¼‰,å»ƒé£Ÿç”¨æ²¹ï¼ˆå¤©ã·ã‚‰æ²¹ï¼‰,,PRIMARY,10,DROP_OFF,èœç¨®æ²¹ãƒ»ã‚³ãƒ¼ãƒ³æ²¹ãƒ»ã‚ªãƒªãƒ¼ãƒ–æ²¹ãƒ»ã‚µãƒ©ãƒ€æ²¹ç­‰,NOT_STATED_IN_CITED_SOURCE,,NOT_STATED_IN_CITED_SOURCE,å®¶åº­ã®å®¹å™¨ã§æŒå‚ã—ã€æŒè¾¼å ´æ‰€ã®ãƒãƒªå®¹å™¨ã¸ç§»ã™,,,FALSE,FALSE,FALSE,,FALSE,,S-M140-03,https://www.city.mitoyo.lg.jp/kakuka/shiminkankyou/eisei/2/1/1515.html,å»ƒé£Ÿç”¨æ²¹ï¼ˆå¤©ã·ã‚‰æ²¹ï¼‰,2026-08-19,REFERENCE_ONLY,CURRENT,,
M140,C-M140-11,ç´™é¡žãƒ»å¸ƒé¡ž,ç´™é¡žãƒ»å¸ƒé¡ž,,PRIMARY,11,DROP_OFF,æ–°èžãƒ»é›‘èªŒãƒ»ãƒ€ãƒ³ãƒœãƒ¼ãƒ«ãƒ»ç´™ãƒ‘ãƒƒã‚¯ãƒ»è¡£é¡ž,NOT_STATED_IN_CITED_SOURCE,,NOT_STATED_IN_CITED_SOURCE,NOT_STATED_IN_CITED_SOURCE,,,FALSE,FALSE,FALSE,,FALSE,,S-M140-03,https://www.city.mitoyo.lg.jp/kakuka/shiminkankyou/eisei/2/1/1515.html,ç´™é¡žãƒ»å¸ƒé¡ž,2026-08-19,SORT_BUCKET,CURRENT,,
M140,C-M140-12,æ–°èž,ç´™é¡žãƒ»å¸ƒé¡ž,C-M140-11,SUBCATEGORY,12,DROP_OFF,æ–°èž,NOT_STATED_IN_CITED_SOURCE,,NOT_STATED_IN_CITED_SOURCE,ç´™ã²ã‚‚ã§åå­—ã«æŸã­ã‚‹,,,FALSE,FALSE,FALSE,,FALSE,,S-M140-01,https://www.city.mitoyo.lg.jp/kakuka/shiminkankyou/eisei/2/1/1511.html,æ–°èž,2026-08-19,REFERENCE_ONLY,CURRENT,,
M140,C-M140-13,é›‘èªŒ,ç´™é¡žãƒ»å¸ƒé¡ž,C-M140-11,SUBCATEGORY,13,DROP_OFF,é›‘èªŒ,NOT_STATED_IN_CITED_SOURCE,,NOT_STATED_IN_CITED_SOURCE,ç´™ã²ã‚‚ã§åå­—ã«æŸã­ã‚‹,,,FALSE,FALSE,FALSE,,FALSE,,S-M140-01,https://www.city.mitoyo.lg.jp/kakuka/shiminkankyou/eisei/2/1/1511.html,é›‘èªŒ,2026-08-19,REFERENCE_ONLY,CURRENT,,
M140,C-M140-14,ãƒ€ãƒ³ãƒœãƒ¼ãƒ«,ç´™é¡žãƒ»å¸ƒé¡ž,C-M140-11,SUBCATEGORY,14,DROP_OFF,ãƒ€ãƒ³ãƒœãƒ¼ãƒ«,NOT_STATED_IN_CITED_SOURCE,,NOT_STATED_IN_CITED_SOURCE,ç´™ã²ã‚‚ã§åå­—ã«æŸã­ã‚‹,,,FALSE,FALSE,FALSE,,FALSE,,S-M140-01,https://www.city.mitoyo.lg.jp/kakuka/shiminkankyou/eisei/2/1/1511.html,ãƒ€ãƒ³ãƒœãƒ¼ãƒ«,2026-08-19,REFERENCE_ONLY,CURRENT,,
M140,C-M140-15,ç´™ãƒ‘ãƒƒã‚¯,ç´™é¡žãƒ»å¸ƒé¡ž,C-M140-11,SUBCATEGORY,15,DROP_OFF,ç´™ãƒ‘ãƒƒã‚¯,NOT_STATED_IN_CITED_SOURCE,,NOT_STATED_IN_CITED_SOURCE,ç´™ã²ã‚‚ã§åå­—ã«æŸã­ã‚‹,,,FALSE,FALSE,FALSE,,FALSE,,S-M140-01,https://www.city.mitoyo.lg.jp/kakuka/shiminkankyou/eisei/2/1/1511.html,ç´™ãƒ‘ãƒƒã‚¯,2026-08-19,REFERENCE_ONLY,CURRENT,,
M140,C-M140-16,è¡£é¡ž,ç´™é¡žãƒ»å¸ƒé¡ž,C-M140-11,SUBCATEGORY,16,DROP_OFF,è¡£é¡ž,NOT_STATED_IN_CITED_SOURCE,,NOT_STATED_IN_CITED_SOURCE,æ±šã‚Œãªã„ã‚ˆã†è¢‹ã¸å…¥ã‚Œã‚‹,,,FALSE,FALSE,FALSE,,FALSE,,S-M140-01,https://www.city.mitoyo.lg.jp/kakuka/shiminkankyou/eisei/2/1/1511.html,è¡£é¡ž,2026-08-19,REFERENCE_ONLY,CURRENT,,
M140,C-M140-17,ç²—å¤§ã”ã¿,ç²—å¤§ã”ã¿,,PRIMARY,17,DIRECT_HAUL,æœ€é•·è¾º50cmä»¥ä¸Šã®å®¶åº­ã”ã¿,NOT_STATED_IN_CITED_SOURCE,,NOT_STATED_IN_CITED_SOURCE,ç²—å¤§ã”ã¿æŒè¾¼å ´æ‰€ã¸æŒã¡è¾¼ã‚€,,æœ€é•·è¾º50cmä»¥ä¸Š,TRUE,FALSE,FALSE,,FALSE,,S-M140-01,https://www.city.mitoyo.lg.jp/kakuka/shiminkankyou/eisei/2/1/1511.html,ç²—å¤§ã”ã¿,2026-08-19,REFERENCE_ONLY,CURRENT,,
M141,C-M141-01,å›ºå½¢ç‡ƒæ–™ç”¨ã”ã¿ï¼ˆç‡ƒãˆã‚‹ã”ã¿ï¼‰,å›ºå½¢ç‡ƒæ–™ç”¨ã”ã¿ï¼ˆç‡ƒãˆã‚‹ã”ã¿ï¼‰,,PRIMARY,1,CURBSIDE,ç”Ÿã”ã¿ãƒ»ã‚´ãƒ ããšãƒ»ç´™ããšãƒ»ãƒ—ãƒ©ã‚¹ãƒãƒƒã‚¯ã”ã¿ãƒ»æœ¨ããšãƒ»ç¹Šç¶­ããšãƒ»é©é¡ž,NOT_STATED_IN_CITED_SOURCE,,NOT_STATED_IN_CITED_SOURCE,ç”Ÿã”ã¿ã¯æ°´ã‚’åˆ‡ã‚‹,,,FALSE,FALSE,FALSE,,FALSE,,S-M141-02,https://town.kotake.lg.jp/cal_recycle/pub/default.aspx?c_id=6,å›ºå½¢ç‡ƒæ–™ç”¨ã”ã¿ï¼ˆç‡ƒãˆã‚‹ã”ã¿ï¼‰,2026-08-19,SORT_BUCKET,CURRENT,,
M141,C-M141-02,ã³ã‚“ãƒ»ç¼¶,ã³ã‚“ãƒ»ç¼¶,,PRIMARY,2,CURBSIDE,é£Ÿå“ç”¨ã³ã‚“ãƒ»é£Ÿå“ç”¨ç¼¶ãƒ»ã‚¹ãƒ—ãƒ¬ãƒ¼ç¼¶ãƒ»ã‚«ã‚»ãƒƒãƒˆãƒœãƒ³ãƒ™ç­‰,NOT_STATED_IN_CITED_SOURCE,,NOT_STATED_IN_CITED_SOURCE,NOT_STATED_IN_CITED_SOURCE,,,FALSE,FALSE,FALSE,,FALSE,,S-M141-02,https://town.kotake.lg.jp/cal_recycle/pub/default.aspx?c_id=6,ã³ã‚“ãƒ»ç¼¶,2026-08-19,SORT_BUCKET,CURRENT,,
M141,C-M141-03,ãƒšãƒƒãƒˆãƒœãƒˆãƒ«,ãƒšãƒƒãƒˆãƒœãƒˆãƒ«,,PRIMARY,3,CURBSIDE,é£²æ–™æ°´ãƒ»é†¤æ²¹ãƒ»é…’é¡žã®PETå®¹å™¨,NOT_STATED_IN_CITED_SOURCE,,NOT_STATED_IN_CITED_SOURCE,ãƒ©ãƒ™ãƒ«ã¨ã‚­ãƒ£ãƒƒãƒ—ã‚’å¤–ã™,,,FALSE,FALSE,FALSE,,FALSE,,S-M141-02,https://town.kotake.lg.jp/cal_recycle/pub/default.aspx?c_id=6,ãƒšãƒƒãƒˆãƒœãƒˆãƒ«,2026-08-19,SORT_BUCKET,CURRENT,,
M141,C-M141-04,ç‡ƒãˆãªã„ã‚´ãƒŸ,ç‡ƒãˆãªã„ã‚´ãƒŸ,,PRIMARY,4,CURBSIDE,ã‚¬ãƒ©ã‚¹é¡žãƒ»ã›ã¨ã‚‚ã®é¡žãƒ»é‡‘å±žè£½å“ç­‰,NOT_STATED_IN_CITED_SOURCE,,NOT_STATED_IN_CITED_SOURCE,NOT_STATED_IN_CITED_SOURCE,,,FALSE,FALSE,FALSE,,FALSE,,S-M141-02,https://town.kotake.lg.jp/cal_recycle/pub/default.aspx?c_id=6,ç‡ƒãˆãªã„ã‚´ãƒŸ,2026-08-19,SORT_BUCKET,CURRENT,,
M141,C-M141-05,ç²—å¤§ã”ã¿,ç²—å¤§ã”ã¿,,PRIMARY,5,CURBSIDE,ãµã¨ã‚“ãƒ»ã‚¿ãƒ³ã‚¹ãƒ»æœºãƒ»ã„ã™ãƒ»é›»å­ãƒ¬ãƒ³ã‚¸ç­‰,NOT_STATED_IN_CITED_SOURCE,,NOT_STATED_IN_CITED_SOURCE,NOT_STATED_IN_CITED_SOURCE,,,TRUE,FALSE,FALSE,,FALSE,,S-M141-02,https://town.kotake.lg.jp/cal_recycle/pub/default.aspx?c_id=6,ç²—å¤§ã”ã¿,2026-08-19,REFERENCE_ONLY,CURRENT,,
M141,C-M141-06,é£Ÿå“ç”¨ãƒˆãƒ¬ã‚¤é¡ž,é£Ÿå“ç”¨ãƒˆãƒ¬ã‚¤é¡ž,,PRIMARY,6,DROP_OFF,å†·å‡é£Ÿå“ãƒˆãƒ¬ã‚¤ãƒ»ç´è±†å®¹å™¨ãƒ»ã‚«ãƒƒãƒ—éººå®¹å™¨ãƒ»é£Ÿå“ãƒ‘ãƒƒã‚¯ç­‰,NOT_STATED_IN_CITED_SOURCE,,NOT_STATED_IN_CITED_SOURCE,ç™ºæ³¡ã‚¹ãƒãƒ­ãƒ¼ãƒ«ã¨åˆ†ã‘ã€ä¸­èº«ãŒè¦‹ãˆã‚‹é€æ˜Žãªãƒ“ãƒ‹ãƒ¼ãƒ«è¢‹ã¸,,,FALSE,FALSE,FALSE,,FALSE,,S-M141-03,https://town.kotake.lg.jp/hpkiji/pub/detail.aspx?c_id=3&id=3963&type=top,é£Ÿå“ç”¨ãƒˆãƒ¬ã‚¤é¡ž,2026-08-19,REFERENCE_ONLY,CURRENT,,
M141,C-M141-07,ç™ºæ³¡ã‚¹ãƒãƒ­ãƒ¼ãƒ«,ç™ºæ³¡ã‚¹ãƒãƒ­ãƒ¼ãƒ«,,PRIMARY,7,DROP_OFF,å®¶åº­ã‹ã‚‰å‡ºãŸç™ºæ³¡ã‚¹ãƒãƒ­ãƒ¼ãƒ«,NOT_STATED_IN_CITED_SOURCE,,NOT_STATED_IN_CITED_SOURCE,é£Ÿå“ç”¨ãƒˆãƒ¬ã‚¤é¡žã¨åˆ†ã‘ã€ä¸­èº«ãŒè¦‹ãˆã‚‹é€æ˜Žãªãƒ“ãƒ‹ãƒ¼ãƒ«è¢‹ã¸ã€‚å¤§ããè¢‹ã«å…¥ã‚‰ãªã„ç‰©ã¯ãã®ã¾ã¾æŒå‚å¯,,,FALSE,FALSE,FALSE,,FALSE,,S-M141-03,https://town.kotake.lg.jp/hpkiji/pub/detail.aspx?c_id=3&id=3963&type=top,ç™ºæ³¡ã‚¹ãƒãƒ­ãƒ¼ãƒ«,2026-08-19,REFERENCE_ONLY,CURRENT,,
M142,C-M142-01,å®¶åº­ã”ã¿,å®¶åº­ã”ã¿,,PRIMARY,1,CURBSIDE,å®¶åº­ã‹ã‚‰å‡ºã‚‹é€šå¸¸ã”ã¿,NOT_STATED_IN_CITED_SOURCE,,NOT_STATED_IN_CITED_SOURCE,NOT_STATED_IN_CITED_SOURCE,,,FALSE,FALSE,FALSE,,FALSE,,S-M142-01,https://www.city.kitakyushu.lg.jp/contents/924_10025.html,å®¶åº­ã”ã¿,2026-08-19,SORT_BUCKET,CURRENT,,
M142,C-M142-02,ã‹ã‚“ãƒ»ã³ã‚“ãƒ»ãƒšãƒƒãƒˆãƒœãƒˆãƒ«,ã‹ã‚“ãƒ»ã³ã‚“ãƒ»ãƒšãƒƒãƒˆãƒœãƒˆãƒ«,,PRIMARY,2,CURBSIDE,ã‹ã‚“ãƒ»ã³ã‚“ãƒ»ãƒšãƒƒãƒˆãƒœãƒˆãƒ«,NOT_STATED_IN_CITED_SOURCE,,NOT_STATED_IN_CITED_SOURCE,NOT_STATED_IN_CITED_SOURCE,,,FALSE,FALSE,FALSE,,FALSE,,S-M142-02,https://www.city.kitakyushu.lg.jp/contents/924_10035.html,ã‹ã‚“ãƒ»ã³ã‚“ãƒ»ãƒšãƒƒãƒˆãƒœãƒˆãƒ«,2026-08-19,SORT_BUCKET,CURRENT,,
M142,C-M142-03,ã‹ã‚“ãƒ»ã³ã‚“,ã‹ã‚“ãƒ»ã³ã‚“ãƒ»ãƒšãƒƒãƒˆãƒœãƒˆãƒ«,C-M142-02,SUBCATEGORY,3,CURBSIDE,ä¸»ã«é£Ÿæ–™å“ã®ã‹ã‚“ãƒ»ã³ã‚“,ã‚¹ãƒ—ãƒ¬ãƒ¼ç¼¶ãƒ»ã‚«ã‚»ãƒƒãƒˆã‚³ãƒ³ãƒ­ç”¨ã‚¬ã‚¹ãƒœãƒ³ãƒ™,,NOT_STATED_IN_CITED_SOURCE,ãµãŸã‚’å¤–ã—ã€è»½ãæ°´ã§ã™ã™ãŽã€ã‹ã‚“ãƒ»ã³ã‚“æŒ‡å®šè¢‹ã¸,,,FALSE,FALSE,FALSE,,FALSE,,S-M142-02,https://www.city.kitakyushu.lg.jp/contents/924_10035.html,ã‹ã‚“ãƒ»ã³ã‚“,2026-08-19,REFERENCE_ONLY,CURRENT,,
M142,C-M142-04,ãƒšãƒƒãƒˆãƒœãƒˆãƒ«,ã‹ã‚“ãƒ»ã³ã‚“ãƒ»ãƒšãƒƒãƒˆãƒœãƒˆãƒ«,C-M142-02,SUBCATEGORY,4,CURBSIDE,PETãƒžãƒ¼ã‚¯ã®ãƒšãƒƒãƒˆãƒœãƒˆãƒ«,NOT_STATED_IN_CITED_SOURCE,,NOT_STATED_IN_CITED_SOURCE,ã‚­ãƒ£ãƒƒãƒ—ãƒ»ãƒ©ãƒ™ãƒ«ã‚’å¤–ã—ã€è»½ãæ°´ã§ã™ã™ã„ã§ã¤ã¶ã—ã€ãƒšãƒƒãƒˆãƒœãƒˆãƒ«æŒ‡å®šè¢‹ã¸,,,FALSE,FALSE,FALSE,,FALSE,,S-M142-02,https://www.city.kitakyushu.lg.jp/contents/924_10035.html,ãƒšãƒƒãƒˆãƒœãƒˆãƒ«,2026-08-19,REFERENCE_ONLY,CURRENT,,
M142,C-M142-05,ãƒ—ãƒ©ã‚¹ãƒãƒƒã‚¯,ãƒ—ãƒ©ã‚¹ãƒãƒƒã‚¯,,PRIMARY,5,CURBSIDE,å¯¾è±¡ã¨ãªã‚‹ãƒ—ãƒ©ã‚¹ãƒãƒƒã‚¯å®¹å™¨åŒ…è£…ãƒ»ãƒ—ãƒ©ã‚¹ãƒãƒƒã‚¯è£½å“,NOT_STATED_IN_CITED_SOURCE,,NOT_STATED_IN_CITED_SOURCE,NOT_STATED_IN_CITED_SOURCE,,,FALSE,FALSE,FALSE,,FALSE,,S-M142-05,https://www.city.kitakyushu.lg.jp/contents/924_10030.html,ãƒ—ãƒ©ã‚¹ãƒãƒƒã‚¯,2026-08-19,SORT_BUCKET,CURRENT,,
M142,C-M142-06,ç²—å¤§ã”ã¿ãƒ»å¼•ã£è¶Šã—ã”ã¿,ç²—å¤§ã”ã¿ãƒ»å¼•ã£è¶Šã—ã”ã¿,,PRIMARY,6,BOOKED_PICKUP,ç²—å¤§ã”ã¿ãƒ»å¼•ã£è¶Šã—ç­‰ã®å¤šé‡ã”ã¿,NOT_STATED_IN_CITED_SOURCE,,NOT_STATED_IN_CITED_SOURCE,NOT_STATED_IN_CITED_SOURCE,,,TRUE,TRUE,FALSE,,FALSE,,S-M142-01,https://www.city.kitakyushu.lg.jp/contents/924_10025.html,ç²—å¤§ã”ã¿ãƒ»å¼•ã£è¶Šã—ã”ã¿,2026-08-19,REFERENCE_ONLY,CURRENT,,
M142,C-M142-07,ç´™ãƒ‘ãƒƒã‚¯ãƒ»ãƒˆãƒ¬ã‚¤,ç´™ãƒ‘ãƒƒã‚¯ãƒ»ãƒˆãƒ¬ã‚¤,,PRIMARY,7,DROP_OFF,ç´™ãƒ‘ãƒƒã‚¯ãƒ»é£Ÿå“ãƒˆãƒ¬ã‚¤,NOT_STATED_IN_CITED_SOURCE,,NOT_STATED_IN_CITED_SOURCE,NOT_STATED_IN_CITED_SOURCE,,,FALSE,FALSE,FALSE,,FALSE,,S-M142-03,https://www.city.kitakyushu.lg.jp/contents/00800208.html,ç´™ãƒ‘ãƒƒã‚¯ãƒ»ãƒˆãƒ¬ã‚¤,2026-08-19,REFERENCE_ONLY,CURRENT,,
M142,C-M142-08,è›å…‰ç®¡,è›å…‰ç®¡,,PRIMARY,8,DROP_OFF,è›å…‰ç®¡,NOT_STATED_IN_CITED_SOURCE,,NOT_STATED_IN_CITED_SOURCE,NOT_STATED_IN_CITED_SOURCE,,,FALSE,FALSE,FALSE,,FALSE,,S-M142-03,https://www.city.kitakyushu.lg.jp/contents/00800208.html,è›å…‰ç®¡,2026-08-19,REFERENCE_ONLY,CURRENT,,
M142,C-M142-09,å°ç‰©é‡‘å±ž,å°ç‰©é‡‘å±ž,,PRIMARY,9,DROP_OFF,é‹ãƒ»ã‚„ã‹ã‚“ãƒ»ãƒ•ãƒ©ã‚¤ãƒ‘ãƒ³ç­‰,NOT_STATED_IN_CITED_SOURCE,,NOT_STATED_IN_CITED_SOURCE,NOT_STATED_IN_CITED_SOURCE,,,FALSE,FALSE,FALSE,,FALSE,,S-M142-03,https://www.city.kitakyushu.lg.jp/contents/00800208.html,å°ç‰©é‡‘å±ž,2026-08-19,REFERENCE_ONLY,CURRENT,,
M142,C-M142-10,å°åž‹é›»å­æ©Ÿå™¨,å°åž‹é›»å­æ©Ÿå™¨,,PRIMARY,10,DROP_OFF,ä½¿ç”¨æ¸ˆå°åž‹é›»å­æ©Ÿå™¨,NOT_STATED_IN_CITED_SOURCE,,NOT_STATED_IN_CITED_SOURCE,NOT_STATED_IN_CITED_SOURCE,,,FALSE,FALSE,FALSE,,FALSE,,S-M142-03,https://www.city.kitakyushu.lg.jp/contents/00800208.html,å°åž‹é›»å­æ©Ÿå™¨,2026-08-19,REFERENCE_ONLY,CURRENT,,
M142,C-M142-11,ä½¿ç”¨æ¸ˆé£Ÿç”¨æ²¹,ä½¿ç”¨æ¸ˆé£Ÿç”¨æ²¹,,PRIMARY,11,DROP_OFF,å®¶åº­ã®ä½¿ç”¨æ¸ˆé£Ÿç”¨æ²¹,NOT_STATED_IN_CITED_SOURCE,,NOT_STATED_IN_CITED_SOURCE,NOT_STATED_IN_CITED_SOURCE,,,FALSE,FALSE,FALSE,,FALSE,,S-M142-03,https://www.city.kitakyushu.lg.jp/contents/00800208.html,ä½¿ç”¨æ¸ˆé£Ÿç”¨æ²¹,2026-08-19,REFERENCE_ONLY,CURRENT,,
M142,C-M142-12,é›»æ± ,é›»æ± ,,PRIMARY,12,DROP_OFF,ä¹¾é›»æ± ãƒ»å……é›»å¼é›»æ± ç­‰,NOT_STATED_IN_CITED_SOURCE,,NOT_STATED_IN_CITED_SOURCE,NOT_STATED_IN_CITED_SOURCE,,,FALSE,FALSE,FALSE,,FALSE,,S-M142-03,https://www.city.kitakyushu.lg.jp/contents/00800208.html,é›»æ± ,2026-08-19,REFERENCE_ONLY,CURRENT,,
M142,C-M142-13,å¤ç´™,å¤ç´™,,PRIMARY,13,DROP_OFF,æ–°èžãƒ»æ®µãƒœãƒ¼ãƒ«ãƒ»é›‘èªŒç­‰,NOT_STATED_IN_CITED_SOURCE,,NOT_STATED_IN_CITED_SOURCE,NOT_STATED_IN_CITED_SOURCE,,,FALSE,FALSE,FALSE,,FALSE,,S-M142-03,https://www.city.kitakyushu.lg.jp/contents/00800208.html,å¤ç´™,2026-08-19,REFERENCE_ONLY,CURRENT,,
M142,C-M142-14,å¤ç€,å¤ç€,,PRIMARY,14,DROP_OFF,å†åˆ©ç”¨å¯èƒ½ãªå¤ç€,NOT_STATED_IN_CITED_SOURCE,,NOT_STATED_IN_CITED_SOURCE,NOT_STATED_IN_CITED_SOURCE,,,FALSE,FALSE,FALSE,,FALSE,,S-M142-03,https://www.city.kitakyushu.lg.jp/contents/00800208.html,å¤ç€,2026-08-19,REFERENCE_ONLY,CURRENT,,
M142,C-M142-15,å¸‚ãŒåŽé›†ã—ãªã„ã‚‚ã®,å¸‚ãŒåŽé›†ã—ãªã„ã‚‚ã®,,EXCLUDED,15,NOT_COLLECTED,å®¶é›»4å“ç›®ãƒ»äº‹æ¥­æ‰€ã‹ã‚‰å‡ºã‚‹ã”ã¿ç­‰,NOT_STATED_IN_CITED_SOURCE,,NOT_STATED_IN_CITED_SOURCE,NOT_STATED_IN_CITED_SOURCE,,,FALSE,FALSE,FALSE,,TRUE,,S-M142-04,https://www.city.kitakyushu.lg.jp/contents/924_10085.html,å¸‚ãŒåŽé›†ã—ãªã„ã‚‚ã®,2026-08-19,EXCLUDED_NOTICE,CURRENT,,
M143,C-M143-01,ç‡ƒãˆã‚‹ã”ã¿,ç‡ƒãˆã‚‹ã”ã¿,,PRIMARY,1,CURBSIDE,ç”Ÿã”ã¿ãƒ»å°åž‹å¯ç‡ƒç‰©ãƒ»ãƒªã‚µã‚¤ã‚¯ãƒ«ã§ããªã„ç´™å¸ƒãƒ»ãƒ—ãƒ©ã‚¹ãƒãƒƒã‚¯è£½å“ç­‰,NOT_STATED_IN_CITED_SOURCE,,NOT_STATED_IN_CITED_SOURCE,ç‡ƒãˆã‚‹ã”ã¿ç”¨æŒ‡å®šè¢‹ã¸,,,FALSE,FALSE,FALSE,,FALSE,,S-M143-02,https://www.city.saiki.oita.jp/kiji0032215/3_2215_32330_up_avmysieh.pdf,ç‡ƒãˆã‚‹ã”ã¿,2026-08-19,SORT_BUCKET,CURRENT,,
M143,C-M143-02,ç‡ƒãˆãªã„ã”ã¿,ç‡ƒãˆãªã„ã”ã¿,,PRIMARY,2,CURBSIDE,å®¶é›»è£½å“ãƒ»é™¶ç£å™¨ãƒ»ã‚¬ãƒ©ã‚¹ãƒ»é‡‘å±žãƒ»å¸ƒå›£ç­‰,NOT_STATED_IN_CITED_SOURCE,,NOT_STATED_IN_CITED_SOURCE,ã‚«ã‚»ãƒƒãƒˆãƒœãƒ³ãƒ™ãƒ»ã‚¹ãƒ—ãƒ¬ãƒ¼ç¼¶ã¯ä¸­èº«ã‚’ä½¿ã„åˆ‡ã‚Šã€å±‹å¤–ã§ã‚¬ã‚¹æŠœãã—ã€ç©´ã‚’2ã‹æ‰€ã‚ã‘ã‚‹,,,FALSE,FALSE,FALSE,,FALSE,,S-M143-02,https://www.city.saiki.oita.jp/kiji0032215/3_2215_32330_up_avmysieh.pdf,ç‡ƒãˆãªã„ã”ã¿,2026-08-19,SORT_BUCKET,CURRENT,,
M143,C-M143-03,æœ‰å®³ç‰©ï¼ˆä¹¾é›»æ± ãƒ»è›å…‰ç¯ï¼‰,æœ‰å®³ç‰©ï¼ˆä¹¾é›»æ± ãƒ»è›å…‰ç¯ï¼‰,,PRIMARY,3,CURBSIDE,ã‚¢ãƒ«ã‚«ãƒªé›»æ± ãƒ»ãƒžãƒ³ã‚¬ãƒ³é›»æ± ãƒ»æ°´éŠ€å¼ä½“æ¸©è¨ˆãƒ»è›å…‰ç¯,NOT_STATED_IN_CITED_SOURCE,,NOT_STATED_IN_CITED_SOURCE,NOT_STATED_IN_CITED_SOURCE,,,FALSE,FALSE,FALSE,,FALSE,,S-M143-03,https://www.city.saiki.oita.jp/kiji0038696/3_8696_up_xghyp5wr.pdf,æœ‰å®³ç‰©ï¼ˆä¹¾é›»æ± ãƒ»è›å…‰ç¯ï¼‰,2026-08-19,SORT_BUCKET,CURRENT,,
M143,C-M143-04,è³‡æºç‰©,è³‡æºç‰©,,PRIMARY,4,CURBSIDE,é£²é£Ÿç”¨ãƒ“ãƒ³ãƒ»ã‚«ãƒ³ãƒ»PETã€å¤ç´™ã€å¸ƒé¡žã€å°åž‹å®¶é›»,NOT_STATED_IN_CITED_SOURCE,,NOT_STATED_IN_CITED_SOURCE,NOT_STATED_IN_CITED_SOURCE,,,FALSE,FALSE,FALSE,,FALSE,,S-M143-03,https://www.city.saiki.oita.jp/kiji0038696/3_8696_up_xghyp5wr.pdf,è³‡æºç‰©,2026-08-19,SORT_BUCKET,CURRENT,,
M143,C-M143-05,é£²é£Ÿç”¨ãƒ“ãƒ³ãƒ»ã‚«ãƒ³,è³‡æºç‰©,C-M143-04,SUBCATEGORY,5,CURBSIDE,é£²é£Ÿç‰©ãŒå…¥ã£ã¦è²©å£²ã•ã‚ŒãŸãƒ“ãƒ³ãƒ»ã‚«ãƒ³,NOT_STATED_IN_CITED_SOURCE,,NOT_STATED_IN_CITED_SOURCE,ã‚­ãƒ£ãƒƒãƒ—ãƒ»æ “ã‚’å¤–ã—ã€ä¸­ã‚’æ°´æ´—ã„ã—ã€é€æ˜Žã¾ãŸã¯åŠé€æ˜Žè¢‹ã¸,,,FALSE,FALSE,FALSE,,FALSE,,S-M143-02,https://www.city.saiki.oita.jp/kiji0032215/3_2215_32330_up_avmysieh.pdf,é£²é£Ÿç”¨ãƒ“ãƒ³ãƒ»ã‚«ãƒ³,2026-08-19,REFERENCE_ONLY,CURRENT,,
M143,C-M143-06,ãƒšãƒƒãƒˆãƒœãƒˆãƒ«,è³‡æºç‰©,C-M143-04,SUBCATEGORY,6,CURBSIDE,é£²é£Ÿç”¨ãƒšãƒƒãƒˆãƒœãƒˆãƒ«,NOT_STATED_IN_CITED_SOURCE,,NOT_STATED_IN_CITED_SOURCE,ã‚­ãƒ£ãƒƒãƒ—ãƒ»ãƒ©ãƒ™ãƒ«ã‚’å¤–ã—ã€ä¸­ã‚’æ°´æ´—ã„ã—ã€é€æ˜Žã¾ãŸã¯åŠé€æ˜Žè¢‹ã¸,,,FALSE,FALSE,FALSE,,FALSE,,S-M143-02,https://www.city.saiki.oita.jp/kiji0032215/3_2215_32330_up_avmysieh.pdf,ãƒšãƒƒãƒˆãƒœãƒˆãƒ«,2026-08-19,REFERENCE_ONLY,CURRENT,,
M143,C-M143-07,å¤ç´™ï¼ˆæ–°èžï¼‰,è³‡æºç‰©,C-M143-04,SUBCATEGORY,7,CURBSIDE,æ–°èžãƒ»æŠ˜è¾¼ãƒãƒ©ã‚·,NOT_STATED_IN_CITED_SOURCE,,NOT_STATED_IN_CITED_SOURCE,ä»–ã®ç´™é¡žã¨æ··ãœãšã€ã²ã‚‚ç­‰ã§åå­—ã«ç¸›ã‚‹,,,FALSE,FALSE,FALSE,,FALSE,,S-M143-03,https://www.city.saiki.oita.jp/kiji0038696/3_8696_up_xghyp5wr.pdf,å¤ç´™ï¼ˆæ–°èžï¼‰,2026-08-19,REFERENCE_ONLY,CURRENT,,
M143,C-M143-08,å¤ç´™ï¼ˆãƒ€ãƒ³ãƒœãƒ¼ãƒ«ï¼‰,è³‡æºç‰©,C-M143-04,SUBCATEGORY,8,CURBSIDE,ãƒ€ãƒ³ãƒœãƒ¼ãƒ«,NOT_STATED_IN_CITED_SOURCE,,NOT_STATED_IN_CITED_SOURCE,ä»–ã®ç´™é¡žã¨æ··ãœãšã€ã²ã‚‚ç­‰ã§åå­—ã«ç¸›ã‚‹,,,FALSE,FALSE,FALSE,,FALSE,,S-M143-03,https://www.city.saiki.oita.jp/kiji0038696/3_8696_up_xghyp5wr.pdf,å¤ç´™ï¼ˆãƒ€ãƒ³ãƒœãƒ¼ãƒ«ï¼‰,2026-08-19,REFERENCE_ONLY,CURRENT,,
M143,C-M143-09,å¤ç´™ï¼ˆãã®ä»–ã®ç´™é¡žï¼‰,è³‡æºç‰©,C-M143-04,SUBCATEGORY,9,CURBSIDE,å¤æœ¬ãƒ»å¤é›‘èªŒãƒ»åŒ…è£…ç´™ãƒ»è“å­ç®±ãƒ»ã‚«ãƒ¬ãƒ³ãƒ€ãƒ¼ç­‰,NOT_STATED_IN_CITED_SOURCE,,NOT_STATED_IN_CITED_SOURCE,ä»–ã®ç´™é¡žã¨æ··ãœãšã€ã²ã‚‚ç­‰ã§åå­—ã«ç¸›ã‚‹,,,FALSE,FALSE,FALSE,,FALSE,,S-M143-03,https://www.city.saiki.oita.jp/kiji0038696/3_8696_up_xghyp5wr.pdf,å¤ç´™ï¼ˆãã®ä»–ã®ç´™é¡žï¼‰,2026-08-19,REFERENCE_ONLY,CURRENT,,
M143,C-M143-10,å¸ƒé¡žï¼ˆãƒªã‚µã‚¤ã‚¯ãƒ«å¯èƒ½ãªã‚‚ã®ï¼‰,è³‡æºç‰©,C-M143-04,SUBCATEGORY,10,CURBSIDE,ã‚¿ã‚ªãƒ«ãƒ»è¡£é¡žãƒ»æ¯›å¸ƒãƒ»ã‚·ãƒ¼ãƒ„ç­‰,NOT_STATED_IN_CITED_SOURCE,,NOT_STATED_IN_CITED_SOURCE,é€æ˜Žã¾ãŸã¯åŠé€æ˜Žè¢‹ã¸,,,FALSE,FALSE,FALSE,,FALSE,,S-M143-03,https://www.city.saiki.oita.jp/kiji0038696/3_8696_up_xghyp5wr.pdf,å¸ƒé¡žï¼ˆãƒªã‚µã‚¤ã‚¯ãƒ«å¯èƒ½ãªã‚‚ã®ï¼‰,2026-08-19,REFERENCE_ONLY,CURRENT,,
M143,C-M143-11,å°åž‹å®¶é›»ï¼ˆä½¿ç”¨æ¸ˆå°åž‹é›»å­æ©Ÿå™¨ï¼‰,è³‡æºç‰©,C-M143-04,SUBCATEGORY,11,DROP_OFF,ãƒ‘ã‚½ã‚³ãƒ³ãƒ»æºå¸¯é›»è©±ãƒ»ãƒ‡ã‚¸ã‚¿ãƒ«ã‚«ãƒ¡ãƒ©ãƒ»å®¶åº­ç”¨ã‚²ãƒ¼ãƒ æ©Ÿç­‰,NOT_STATED_IN_CITED_SOURCE,,NOT_STATED_IN_CITED_SOURCE,NOT_STATED_IN_CITED_SOURCE,,,FALSE,FALSE,FALSE,,FALSE,,S-M143-03,https://www.city.saiki.oita.jp/kiji0038696/3_8696_up_xghyp5wr.pdf,å°åž‹å®¶é›»ï¼ˆä½¿ç”¨æ¸ˆå°åž‹é›»å­æ©Ÿå™¨ï¼‰,2026-08-19,REFERENCE_ONLY,CURRENT,,
M143,C-M143-12,ç²—å¤§ã”ã¿,ç²—å¤§ã”ã¿,,PRIMARY,12,BOOKED_PICKUP,å¤§åž‹å®¶å…·ãƒ»è‡ªè»¢è»Šç­‰,NOT_STATED_IN_CITED_SOURCE,,NOT_STATED_IN_CITED_SOURCE,æˆ¸åˆ¥åŽé›†ã‚’äºˆç´„ã™ã‚‹ã‹ã€ã‚¨ã‚³ã‚»ãƒ³ã‚¿ãƒ¼ç•ªåŒ ã¸è‡ªå·±æ¬å…¥,,,TRUE,TRUE,FALSE,,FALSE,,S-M143-06,https://www.city.saiki.oita.jp/kiji0038689/index.html,ç²—å¤§ã”ã¿,2026-08-19,REFERENCE_ONLY,CURRENT,,
M143,C-M143-13,ã‚¬ãƒ¬ã‚­é¡ž,ã‚¬ãƒ¬ã‚­é¡ž,,PRIMARY,13,CURBSIDE,ãƒ¬ãƒ³ã‚¬ãƒ»ã‚³ãƒ³ã‚¯ãƒªãƒ¼ãƒˆãƒ–ãƒ­ãƒƒã‚¯ãƒ»åœŸãƒ»çŸ³ç­‰ã®å°‘é‡,NOT_STATED_IN_CITED_SOURCE,,NOT_STATED_IN_CITED_SOURCE,NOT_STATED_IN_CITED_SOURCE,,,FALSE,FALSE,FALSE,,FALSE,,S-M143-03,https://www.city.saiki.oita.jp/kiji0038696/3_8696_up_xghyp5wr.pdf,ã‚¬ãƒ¬ã‚­é¡ž,2026-08-19,SORT_BUCKET,CURRENT,,
