mapping_id,municipality_id,internal_item_id,branch_order,自治体での品目表記,category_id,分別区分正式名称,条件,前処理,例外分別先,自治体収集外,rule_status,effective_from,effective_to,category_source_id,category_source_url,category_source_locator,item_evidence_source_id,item_evidence_url,item_evidence_locator,確認日,mapping_status,evidence_scope,branch_review_status,reviewed_date,reviewed_by,備考
MAP-M001-I001-01,M001,I001,1,category正式名称・代表品目から機械抽出,C-M001-06,ペットボトル,PET対象,中を洗いキャップとラベルを外す,汚れ残りは燃やせるごみ・キャップラベルはプラスチック,FALSE,CURRENT,,,S-M001-02,https://www.town.yamada.iwate.jp/fs/1/2/9/3/6/3/_/gominodashikataposter6_3.pdf,ペットボトル,,,,2026-08-17,INITIAL_REVIEW_REQUIRED,CATEGORY_LEVEL,UNREVIEWED,,,区分レベルデータから機械抽出。品目別公式根拠と条件枝の確認前はAPP_READYにしない。
MAP-M001-I004-01,M001,I004,1,category正式名称・代表品目から機械抽出,C-M001-07,缶類,中身を口にできる缶,中を洗う・アルミとスチールは分けない,対象外は燃やせないごみ,FALSE,CURRENT,,,S-M001-03,https://www.town.yamada.iwate.jp/fs/1/2/9/3/6/2/_/bunbetu.pdf,P4 缶類,,,,2026-08-17,INITIAL_REVIEW_REQUIRED,CATEGORY_LEVEL,UNREVIEWED,,,区分レベルデータから機械抽出。品目別公式根拠と条件枝の確認前はAPP_READYにしない。
MAP-M001-I005-01,M001,I005,1,category正式名称・代表品目から機械抽出,C-M001-07,缶類,中身を口にできる缶,中を洗う・アルミとスチールは分けない,対象外は燃やせないごみ,FALSE,CURRENT,,,S-M001-03,https://www.town.yamada.iwate.jp/fs/1/2/9/3/6/2/_/bunbetu.pdf,P4 缶類,,,,2026-08-17,INITIAL_REVIEW_REQUIRED,CATEGORY_LEVEL,UNREVIEWED,,,区分レベルデータから機械抽出。品目別公式根拠と条件枝の確認前はAPP_READYにしない。
MAP-M001-I006-01,M001,I006,1,category正式名称・代表品目から機械抽出,C-M001-08,びん類（無色・茶色・その他の色）・リターナブルびん,飲食用で中を洗えるびん,中を洗う・リターナブルびんは他と分け壊れないようにする,対象外は燃やせないごみ,FALSE,CURRENT,,,S-M001-03,https://www.town.yamada.iwate.jp/fs/1/2/9/3/6/2/_/bunbetu.pdf,P4 びん類,,,,2026-08-17,INITIAL_REVIEW_REQUIRED,CATEGORY_LEVEL,UNREVIEWED,,,区分レベルデータから機械抽出。品目別公式根拠と条件枝の確認前はAPP_READYにしない。
MAP-M001-I012-01,M001,I012,1,category正式名称・代表品目から機械抽出,C-M001-01,燃やせるごみ,指定袋に入る可燃物,水切り・金具除去・枝は切断・紙おむつ汚物除去,指定袋に入らなければ粗大ごみ,FALSE,CURRENT,,,S-M001-02,https://www.town.yamada.iwate.jp/fs/1/2/9/3/6/3/_/gominodashikataposter6_3.pdf,燃やせるごみ,,,,2026-08-17,INITIAL_REVIEW_REQUIRED,CATEGORY_LEVEL,UNREVIEWED,,,区分レベルデータから機械抽出。品目別公式根拠と条件枝の確認前はAPP_READYにしない。
MAP-M001-I013-01,M001,I013,1,category正式名称・代表品目から機械抽出,C-M001-12,新聞紙,新聞と折込チラシ,異物を外す,その他は雑誌等または燃やせるごみ,FALSE,CURRENT,,,S-M001-03,https://www.town.yamada.iwate.jp/fs/1/2/9/3/6/2/_/bunbetu.pdf,P4 新聞紙,,,,2026-08-17,INITIAL_REVIEW_REQUIRED,CATEGORY_LEVEL,UNREVIEWED,,,区分レベルデータから機械抽出。品目別公式根拠と条件枝の確認前はAPP_READYにしない。
MAP-M001-I014-01,M001,I014,1,category正式名称・代表品目から機械抽出,C-M001-11,ダンボール,ダンボールマーク等の対象品,異物を外す,汚れ残りは燃やせるごみ,FALSE,CURRENT,,,S-M001-03,https://www.town.yamada.iwate.jp/fs/1/2/9/3/6/2/_/bunbetu.pdf,P4 ダンボール,,,,2026-08-17,INITIAL_REVIEW_REQUIRED,CATEGORY_LEVEL,UNREVIEWED,,,区分レベルデータから機械抽出。品目別公式根拠と条件枝の確認前はAPP_READYにしない。
MAP-M001-I015-01,M001,I015,1,category正式名称・代表品目から機械抽出,C-M001-13,雑誌,再生可能な雑誌等,異物を外す,感熱紙等は燃やせるごみ,FALSE,CURRENT,,,S-M001-03,https://www.town.yamada.iwate.jp/fs/1/2/9/3/6/2/_/bunbetu.pdf,P4 雑誌,,,,2026-08-17,INITIAL_REVIEW_REQUIRED,CATEGORY_LEVEL,UNREVIEWED,,,区分レベルデータから機械抽出。品目別公式根拠と条件枝の確認前はAPP_READYにしない。
MAP-M001-I017-01,M001,I017,1,category正式名称・代表品目から機械抽出,C-M001-10,飲料用紙パック,飲料用紙パック,洗い開いて乾かす,銀色内装は紙製容器包装,FALSE,CURRENT,,,S-M001-03,https://www.town.yamada.iwate.jp/fs/1/2/9/3/6/2/_/bunbetu.pdf,P4 飲料用紙パック,,,,2026-08-17,INITIAL_REVIEW_REQUIRED,CATEGORY_LEVEL,UNREVIEWED,,,区分レベルデータから機械抽出。品目別公式根拠と条件枝の確認前はAPP_READYにしない。
MAP-M001-I021-01,M001,I021,1,category正式名称・代表品目から機械抽出,C-M001-01,燃やせるごみ,指定袋に入る可燃物,水切り・金具除去・枝は切断・紙おむつ汚物除去,指定袋に入らなければ粗大ごみ,FALSE,CURRENT,,,S-M001-02,https://www.town.yamada.iwate.jp/fs/1/2/9/3/6/3/_/gominodashikataposter6_3.pdf,燃やせるごみ,,,,2026-08-17,INITIAL_REVIEW_REQUIRED,CATEGORY_LEVEL,UNREVIEWED,,,区分レベルデータから機械抽出。品目別公式根拠と条件枝の確認前はAPP_READYにしない。
MAP-M001-I023-01,M001,I023,1,category正式名称・代表品目から機械抽出,C-M001-02,燃やせないごみ,指定袋に入る不燃物,危険物を包み表示・電池と灯油を除去・スプレー缶は穴を2〜3か所開ける,指定袋に入らなければ粗大ごみ,FALSE,CURRENT,,,S-M001-02,https://www.town.yamada.iwate.jp/fs/1/2/9/3/6/3/_/gominodashikataposter6_3.pdf,燃やせないごみ,,,,2026-08-17,INITIAL_REVIEW_REQUIRED,CATEGORY_LEVEL,UNREVIEWED,,,区分レベルデータから機械抽出。品目別公式根拠と条件枝の確認前はAPP_READYにしない。
MAP-M001-I027-02,M001,I027,1,category正式名称・代表品目から機械抽出,C-M001-03,乾電池・蛍光灯など,家庭用対象有害物,蛍光灯等は購入時ケースまたは紙で包む,充電式電池は購入店へ相談・破損蛍光灯は燃やせないごみ,FALSE,CURRENT,,,S-M001-02,https://www.town.yamada.iwate.jp/fs/1/2/9/3/6/3/_/gominodashikataposter6_3.pdf,乾電池・蛍光灯など,,,,2026-08-17,INITIAL_REVIEW_REQUIRED,CATEGORY_LEVEL,UNREVIEWED,,,区分レベルデータから機械抽出。品目別公式根拠と条件枝の確認前はAPP_READYにしない。
MAP-M001-I030-01,M001,I030,1,category正式名称・代表品目から機械抽出,C-M001-03,乾電池・蛍光灯など,家庭用対象有害物,蛍光灯等は購入時ケースまたは紙で包む,充電式電池は購入店へ相談・破損蛍光灯は燃やせないごみ,FALSE,CURRENT,,,S-M001-02,https://www.town.yamada.iwate.jp/fs/1/2/9/3/6/3/_/gominodashikataposter6_3.pdf,乾電池・蛍光灯など,,,,2026-08-17,INITIAL_REVIEW_REQUIRED,CATEGORY_LEVEL,UNREVIEWED,,,区分レベルデータから機械抽出。品目別公式根拠と条件枝の確認前はAPP_READYにしない。
MAP-M001-I032-01,M001,I032,1,category正式名称・代表品目から機械抽出,C-M001-02,燃やせないごみ,指定袋に入る不燃物,危険物を包み表示・電池と灯油を除去・スプレー缶は穴を2〜3か所開ける,指定袋に入らなければ粗大ごみ,FALSE,CURRENT,,,S-M001-02,https://www.town.yamada.iwate.jp/fs/1/2/9/3/6/3/_/gominodashikataposter6_3.pdf,燃やせないごみ,,,,2026-08-17,INITIAL_REVIEW_REQUIRED,CATEGORY_LEVEL,UNREVIEWED,,,区分レベルデータから機械抽出。品目別公式根拠と条件枝の確認前はAPP_READYにしない。
MAP-M001-I034-01,M001,I034,1,category正式名称・代表品目から機械抽出,C-M001-14,使用済小型家電,回収ボックス投入口に入る家庭用小型家電,個人情報を消去・電池を外せる場合は外す,通常の不燃ごみ経路が可能な品目もある,FALSE,CURRENT,,,S-M001-02,https://www.town.yamada.iwate.jp/fs/1/2/9/3/6/3/_/gominodashikataposter6_3.pdf,使用済小型家電,,,,2026-08-17,INITIAL_REVIEW_REQUIRED,CATEGORY_LEVEL,UNREVIEWED,,,区分レベルデータから機械抽出。品目別公式根拠と条件枝の確認前はAPP_READYにしない。
MAP-M002-I001-01,M002,I001,1,category正式名称・代表品目から機械抽出,C-M002-13,ペットボトル,要品目別確認,キャップとラベルを外しすすぐ,燃えるごみ,FALSE,CURRENT,,,S-M002-01,https://www.city.oshu.iwate.jp/soshiki/5/1051/2/3/316.html,ペットボトル,,,,2026-08-17,INITIAL_REVIEW_REQUIRED,CATEGORY_LEVEL,UNREVIEWED,,,区分レベルデータから機械抽出。品目別公式根拠と条件枝の確認前はAPP_READYにしない。
MAP-M002-I002-01,M002,I002,1,category正式名称・代表品目から機械抽出,C-M002-15,その他プラスチック,容器包装で汚れが落ちる,中をすすぐ・袋から出す,燃えるごみ,FALSE,CURRENT,,,S-M002-01,https://www.city.oshu.iwate.jp/soshiki/5/1051/2/3/316.html,その他プラスチック,,,,2026-08-17,INITIAL_REVIEW_REQUIRED,CATEGORY_LEVEL,UNREVIEWED,,,区分レベルデータから機械抽出。品目別公式根拠と条件枝の確認前はAPP_READYにしない。
MAP-M002-I003-01,M002,I003,1,category正式名称・代表品目から機械抽出,C-M002-15,その他プラスチック,容器包装で汚れが落ちる,中をすすぐ・袋から出す,燃えるごみ,FALSE,CURRENT,,,S-M002-01,https://www.city.oshu.iwate.jp/soshiki/5/1051/2/3/316.html,その他プラスチック,,,,2026-08-17,INITIAL_REVIEW_REQUIRED,CATEGORY_LEVEL,UNREVIEWED,,,区分レベルデータから機械抽出。品目別公式根拠と条件枝の確認前はAPP_READYにしない。
MAP-M002-I004-01,M002,I004,1,category正式名称・代表品目から機械抽出,C-M002-08,アルミ缶,要品目別確認,洗ってつぶさない,燃えないごみ,FALSE,CURRENT,,,S-M002-01,https://www.city.oshu.iwate.jp/soshiki/5/1051/2/3/316.html,アルミ缶,,,,2026-08-17,INITIAL_REVIEW_REQUIRED,CATEGORY_LEVEL,UNREVIEWED,,,区分レベルデータから機械抽出。品目別公式根拠と条件枝の確認前はAPP_READYにしない。
MAP-M002-I005-01,M002,I005,1,category正式名称・代表品目から機械抽出,C-M002-09,スチール缶,要品目別確認,洗ってつぶさない,燃えないごみ,FALSE,CURRENT,,,S-M002-01,https://www.city.oshu.iwate.jp/soshiki/5/1051/2/3/316.html,スチール缶,,,,2026-08-17,INITIAL_REVIEW_REQUIRED,CATEGORY_LEVEL,UNREVIEWED,,,区分レベルデータから機械抽出。品目別公式根拠と条件枝の確認前はAPP_READYにしない。
MAP-M002-I007-01,M002,I007,1,category正式名称・代表品目から機械抽出,C-M002-14,白色トレイ,要品目別確認,洗って乾かす,その他プラスチックまたは燃えるごみ,FALSE,CURRENT,,,S-M002-01,https://www.city.oshu.iwate.jp/soshiki/5/1051/2/3/316.html,白色トレイ,,,,2026-08-17,INITIAL_REVIEW_REQUIRED,CATEGORY_LEVEL,UNREVIEWED,,,区分レベルデータから機械抽出。品目別公式根拠と条件枝の確認前はAPP_READYにしない。
MAP-M002-I008-01,M002,I008,1,category正式名称・代表品目から機械抽出,C-M002-15,その他プラスチック,容器包装で汚れが落ちる,中をすすぐ・袋から出す,燃えるごみ,FALSE,CURRENT,,,S-M002-01,https://www.city.oshu.iwate.jp/soshiki/5/1051/2/3/316.html,その他プラスチック,,,,2026-08-17,INITIAL_REVIEW_REQUIRED,CATEGORY_LEVEL,UNREVIEWED,,,区分レベルデータから機械抽出。品目別公式根拠と条件枝の確認前はAPP_READYにしない。
MAP-M002-I013-01,M002,I013,1,category正式名称・代表品目から機械抽出,C-M002-03,新聞紙,要品目別確認,種類別にひもで結ぶ,燃えるごみ,FALSE,CURRENT,,,S-M002-01,https://www.city.oshu.iwate.jp/soshiki/5/1051/2/3/316.html,新聞紙,,,,2026-08-17,INITIAL_REVIEW_REQUIRED,CATEGORY_LEVEL,UNREVIEWED,,,区分レベルデータから機械抽出。品目別公式根拠と条件枝の確認前はAPP_READYにしない。
MAP-M002-I014-01,M002,I014,1,category正式名称・代表品目から機械抽出,C-M002-05,ダンボール類,要品目別確認,たたんでひもで結ぶ,燃えるごみ,FALSE,CURRENT,,,S-M002-01,https://www.city.oshu.iwate.jp/soshiki/5/1051/2/3/316.html,ダンボール類,,,,2026-08-17,INITIAL_REVIEW_REQUIRED,CATEGORY_LEVEL,UNREVIEWED,,,区分レベルデータから機械抽出。品目別公式根拠と条件枝の確認前はAPP_READYにしない。
MAP-M002-I015-01,M002,I015,1,category正式名称・代表品目から機械抽出,C-M002-04,雑誌類,要品目別確認,ひもで結ぶ,燃えるごみ,FALSE,CURRENT,,,S-M002-01,https://www.city.oshu.iwate.jp/soshiki/5/1051/2/3/316.html,雑誌類,,,,2026-08-17,INITIAL_REVIEW_REQUIRED,CATEGORY_LEVEL,UNREVIEWED,,,区分レベルデータから機械抽出。品目別公式根拠と条件枝の確認前はAPP_READYにしない。
MAP-M002-I016-01,M002,I016,1,category正式名称・代表品目から機械抽出,C-M002-07,その他紙,要品目別確認,紙袋またはひもでまとめる,燃えるごみ,FALSE,CURRENT,,,S-M002-01,https://www.city.oshu.iwate.jp/soshiki/5/1051/2/3/316.html,その他紙,,,,2026-08-17,INITIAL_REVIEW_REQUIRED,CATEGORY_LEVEL,UNREVIEWED,,,区分レベルデータから機械抽出。品目別公式根拠と条件枝の確認前はAPP_READYにしない。
MAP-M002-I017-01,M002,I017,1,category正式名称・代表品目から機械抽出,C-M002-06,紙パック,要品目別確認,洗って開いて乾かし結ぶ,燃えるごみ,FALSE,CURRENT,,,S-M002-01,https://www.city.oshu.iwate.jp/soshiki/5/1051/2/3/316.html,紙パック,,,,2026-08-17,INITIAL_REVIEW_REQUIRED,CATEGORY_LEVEL,UNREVIEWED,,,区分レベルデータから機械抽出。品目別公式根拠と条件枝の確認前はAPP_READYにしない。
MAP-M002-I018-01,M002,I018,1,category正式名称・代表品目から機械抽出,C-M002-01,燃えるごみ,要品目別確認,生ごみは水切り・枝は50cm以下に束ねる,該当する資源区分,FALSE,CURRENT,,,S-M002-01,https://www.city.oshu.iwate.jp/soshiki/5/1051/2/3/316.html,燃えるごみ,,,,2026-08-17,INITIAL_REVIEW_REQUIRED,CATEGORY_LEVEL,UNREVIEWED,,,区分レベルデータから機械抽出。品目別公式根拠と条件枝の確認前はAPP_READYにしない。
MAP-M002-I027-01,M002,I027,1,category正式名称・代表品目から機械抽出,C-M002-17,電池類・蛍光管,要品目別確認,蛍光管を保護・電池は絶縁,燃えないごみ等,FALSE,CURRENT,,,S-M002-03,https://www.city.oshu.iwate.jp/soshiki/5/1051/2/3/1280.html,電池類・蛍光管,,,,2026-08-17,INITIAL_REVIEW_REQUIRED,CATEGORY_LEVEL,UNREVIEWED,,,区分レベルデータから機械抽出。品目別公式根拠と条件枝の確認前はAPP_READYにしない。
MAP-M002-I029-01,M002,I029,1,category正式名称・代表品目から機械抽出,C-M002-18,小型充電式電池,要品目別確認,端子を絶縁,販売店等,FALSE,CURRENT,,,S-M002-04,https://www.city.oshu.iwate.jp/soshiki/5/1051/2/2/13684.html,小型充電式電池,,,,2026-08-17,INITIAL_REVIEW_REQUIRED,CATEGORY_LEVEL,UNREVIEWED,,,区分レベルデータから機械抽出。品目別公式根拠と条件枝の確認前はAPP_READYにしない。
MAP-M002-I030-01,M002,I030,1,category正式名称・代表品目から機械抽出,C-M002-17,電池類・蛍光管,要品目別確認,蛍光管を保護・電池は絶縁,燃えないごみ等,FALSE,CURRENT,,,S-M002-03,https://www.city.oshu.iwate.jp/soshiki/5/1051/2/3/1280.html,電池類・蛍光管,,,,2026-08-17,INITIAL_REVIEW_REQUIRED,CATEGORY_LEVEL,UNREVIEWED,,,区分レベルデータから機械抽出。品目別公式根拠と条件枝の確認前はAPP_READYにしない。
MAP-M002-I034-01,M002,I034,1,category正式名称・代表品目から機械抽出,C-M002-02,燃えないごみ,要品目別確認,刃物や割れ物を包み危険表示・家電コードを切る,各専用区分,FALSE,CURRENT,,,S-M002-01,https://www.city.oshu.iwate.jp/soshiki/5/1051/2/3/316.html,燃えないごみ,,,,2026-08-17,INITIAL_REVIEW_REQUIRED,CATEGORY_LEVEL,UNREVIEWED,,,区分レベルデータから機械抽出。品目別公式根拠と条件枝の確認前はAPP_READYにしない。
MAP-M002-I034-02,M002,I034,2,category正式名称・代表品目から機械抽出,C-M002-19,使用済小型家電,投入口に入る小型家電,電池を外す,燃えないごみまたは対象外ルート,FALSE,CURRENT,,,S-M002-01,https://www.city.oshu.iwate.jp/soshiki/5/1051/2/3/316.html,使用済小型家電,,,,2026-08-17,INITIAL_REVIEW_REQUIRED,CATEGORY_LEVEL,UNREVIEWED,,,区分レベルデータから機械抽出。品目別公式根拠と条件枝の確認前はAPP_READYにしない。
MAP-M002-I037-04,M002,I037,1,category正式名称・代表品目から機械抽出,C-M002-20,市で収集・処理できないもの,法定リサイクル・施設処理不可,各受入先の指示に従う,販売店・メーカー・専門業者,TRUE,CURRENT,,,S-M002-01,https://www.city.oshu.iwate.jp/soshiki/5/1051/2/3/316.html,市で収集・処理できないもの,,,,2026-08-17,INITIAL_REVIEW_REQUIRED,CATEGORY_LEVEL,UNREVIEWED,,,区分レベルデータから機械抽出。品目別公式根拠と条件枝の確認前はAPP_READYにしない。
MAP-M002-I038-02,M002,I038,1,category正式名称・代表品目から機械抽出,C-M002-20,市で収集・処理できないもの,法定リサイクル・施設処理不可,各受入先の指示に従う,販売店・メーカー・専門業者,TRUE,CURRENT,,,S-M002-01,https://www.city.oshu.iwate.jp/soshiki/5/1051/2/3/316.html,市で収集・処理できないもの,,,,2026-08-17,INITIAL_REVIEW_REQUIRED,CATEGORY_LEVEL,UNREVIEWED,,,区分レベルデータから機械抽出。品目別公式根拠と条件枝の確認前はAPP_READYにしない。
MAP-M003-I001-01,M003,I001,1,category正式名称・代表品目から機械抽出,C-M003-06,PET,要品目別確認,キャップとラベルを外しすすぐ,プラスチック容器包装または燃えるごみ,FALSE,CURRENT,,,S-M003-02,https://www.town.nishiwaga.lg.jp/material/files/group/5/0604gomihyakka.pdf,PET,,,,2026-08-17,INITIAL_REVIEW_REQUIRED,CATEGORY_LEVEL,UNREVIEWED,,,区分レベルデータから機械抽出。品目別公式根拠と条件枝の確認前はAPP_READYにしない。
MAP-M003-I002-01,M003,I002,1,category正式名称・代表品目から機械抽出,C-M003-07,プラスチック容器包装,汚れが落ちる,すすいで乾かす,燃えるごみ,FALSE,CURRENT,,,S-M003-02,https://www.town.nishiwaga.lg.jp/material/files/group/5/0604gomihyakka.pdf,プラスチック容器包装,,,,2026-08-17,INITIAL_REVIEW_REQUIRED,CATEGORY_LEVEL,UNREVIEWED,,,区分レベルデータから機械抽出。品目別公式根拠と条件枝の確認前はAPP_READYにしない。
MAP-M003-I003-01,M003,I003,1,category正式名称・代表品目から機械抽出,C-M003-07,プラスチック容器包装,汚れが落ちる,すすいで乾かす,燃えるごみ,FALSE,CURRENT,,,S-M003-02,https://www.town.nishiwaga.lg.jp/material/files/group/5/0604gomihyakka.pdf,プラスチック容器包装,,,,2026-08-17,INITIAL_REVIEW_REQUIRED,CATEGORY_LEVEL,UNREVIEWED,,,区分レベルデータから機械抽出。品目別公式根拠と条件枝の確認前はAPP_READYにしない。
MAP-M003-I006-01,M003,I006,1,category正式名称・代表品目から機械抽出,C-M003-09,びん,要品目別確認,キャップを外しすすぐ,燃えないごみ,FALSE,CURRENT,,,S-M003-02,https://www.town.nishiwaga.lg.jp/material/files/group/5/0604gomihyakka.pdf,びん,,,,2026-08-17,INITIAL_REVIEW_REQUIRED,CATEGORY_LEVEL,UNREVIEWED,,,区分レベルデータから機械抽出。品目別公式根拠と条件枝の確認前はAPP_READYにしない。
MAP-M003-I013-01,M003,I013,1,category正式名称・代表品目から機械抽出,C-M003-03,新聞紙,要品目別確認,紙ひもで結ぶ,燃えるごみ,FALSE,CURRENT,,,S-M003-02,https://www.town.nishiwaga.lg.jp/material/files/group/5/0604gomihyakka.pdf,新聞紙,,,,2026-08-17,INITIAL_REVIEW_REQUIRED,CATEGORY_LEVEL,UNREVIEWED,,,区分レベルデータから機械抽出。品目別公式根拠と条件枝の確認前はAPP_READYにしない。
MAP-M003-I014-01,M003,I014,1,category正式名称・代表品目から機械抽出,C-M003-05,ダンボール,要品目別確認,紙ひもで結ぶ,雑誌・雑紙または燃えるごみ,FALSE,CURRENT,,,S-M003-02,https://www.town.nishiwaga.lg.jp/material/files/group/5/0604gomihyakka.pdf,ダンボール,,,,2026-08-17,INITIAL_REVIEW_REQUIRED,CATEGORY_LEVEL,UNREVIEWED,,,区分レベルデータから機械抽出。品目別公式根拠と条件枝の確認前はAPP_READYにしない。
MAP-M003-I015-01,M003,I015,1,category正式名称・代表品目から機械抽出,C-M003-04,雑誌・雑紙,要品目別確認,紙ひもで結ぶ,燃えるごみ,FALSE,CURRENT,,,S-M003-02,https://www.town.nishiwaga.lg.jp/material/files/group/5/0604gomihyakka.pdf,雑誌・雑紙,,,,2026-08-17,INITIAL_REVIEW_REQUIRED,CATEGORY_LEVEL,UNREVIEWED,,,区分レベルデータから機械抽出。品目別公式根拠と条件枝の確認前はAPP_READYにしない。
MAP-M003-I016-01,M003,I016,1,category正式名称・代表品目から機械抽出,C-M003-04,雑誌・雑紙,要品目別確認,紙ひもで結ぶ,燃えるごみ,FALSE,CURRENT,,,S-M003-02,https://www.town.nishiwaga.lg.jp/material/files/group/5/0604gomihyakka.pdf,雑誌・雑紙,,,,2026-08-17,INITIAL_REVIEW_REQUIRED,CATEGORY_LEVEL,UNREVIEWED,,,区分レベルデータから機械抽出。品目別公式根拠と条件枝の確認前はAPP_READYにしない。
MAP-M003-I017-C-M003-14,M003,I017,1,category正式名称・代表品目から機械抽出,C-M003-14,紙パック,洗浄して乾燥できる紙パック,水洗いして乾燥し平たく伸ばす,燃えるごみ,FALSE,CURRENT,,,S-M003-02,https://www.town.nishiwaga.lg.jp/material/files/group/5/0604gomihyakka.pdf,8ページ 資源ごみ／紙パック,,,,2026-08-18,INITIAL_REVIEW_REQUIRED,CATEGORY_LEVEL,UNREVIEWED,,,Positive evidence（category正式名称・代表品目）から機械抽出。品目別公式根拠と条件枝の確認前はAPP_READYにしない。
MAP-M003-I018-01,M003,I018,1,category正式名称・代表品目から機械抽出,C-M003-01,燃えるごみ,要品目別確認,水切り・長い物を短くする,該当区分,FALSE,CURRENT,,,S-M003-02,https://www.town.nishiwaga.lg.jp/material/files/group/5/0604gomihyakka.pdf,燃えるごみ,,,,2026-08-17,INITIAL_REVIEW_REQUIRED,CATEGORY_LEVEL,UNREVIEWED,,,区分レベルデータから機械抽出。品目別公式根拠と条件枝の確認前はAPP_READYにしない。
MAP-M003-I019-01,M003,I019,1,category正式名称・代表品目から機械抽出,C-M003-04,雑誌・雑紙,要品目別確認,紙ひもで結ぶ,燃えるごみ,FALSE,CURRENT,,,S-M003-02,https://www.town.nishiwaga.lg.jp/material/files/group/5/0604gomihyakka.pdf,雑誌・雑紙,,,,2026-08-17,INITIAL_REVIEW_REQUIRED,CATEGORY_LEVEL,UNREVIEWED,,,区分レベルデータから機械抽出。品目別公式根拠と条件枝の確認前はAPP_READYにしない。
MAP-M003-I023-01,M003,I023,1,category正式名称・代表品目から機械抽出,C-M003-02,燃えないごみ,要品目別確認,割れ物を包む・電池を外す,該当区分,FALSE,CURRENT,,,S-M003-02,https://www.town.nishiwaga.lg.jp/material/files/group/5/0604gomihyakka.pdf,燃えないごみ,,,,2026-08-17,INITIAL_REVIEW_REQUIRED,CATEGORY_LEVEL,UNREVIEWED,,,区分レベルデータから機械抽出。品目別公式根拠と条件枝の確認前はAPP_READYにしない。
MAP-M003-I027-01,M003,I027,1,category正式名称・代表品目から機械抽出,C-M003-12,有害ごみ,家庭用,電池を絶縁・蛍光管を保護,販売店等,FALSE,CURRENT,,,S-M003-02,https://www.town.nishiwaga.lg.jp/material/files/group/5/0604gomihyakka.pdf,有害ごみ,,,,2026-08-17,INITIAL_REVIEW_REQUIRED,CATEGORY_LEVEL,UNREVIEWED,,,区分レベルデータから機械抽出。品目別公式根拠と条件枝の確認前はAPP_READYにしない。
MAP-M003-I030-01,M003,I030,1,category正式名称・代表品目から機械抽出,C-M003-12,有害ごみ,家庭用,電池を絶縁・蛍光管を保護,販売店等,FALSE,CURRENT,,,S-M003-02,https://www.town.nishiwaga.lg.jp/material/files/group/5/0604gomihyakka.pdf,有害ごみ,,,,2026-08-17,INITIAL_REVIEW_REQUIRED,CATEGORY_LEVEL,UNREVIEWED,,,区分レベルデータから機械抽出。品目別公式根拠と条件枝の確認前はAPP_READYにしない。
MAP-M003-I034-01,M003,I034,1,category正式名称・代表品目から機械抽出,C-M003-02,燃えないごみ,要品目別確認,割れ物を包む・電池を外す,該当区分,FALSE,CURRENT,,,S-M003-02,https://www.town.nishiwaga.lg.jp/material/files/group/5/0604gomihyakka.pdf,燃えないごみ,,,,2026-08-17,INITIAL_REVIEW_REQUIRED,CATEGORY_LEVEL,UNREVIEWED,,,区分レベルデータから機械抽出。品目別公式根拠と条件枝の確認前はAPP_READYにしない。
MAP-M003-I036-01,M003,I036,1,category正式名称・代表品目から機械抽出,C-M003-10,燃えるごみの粗大ごみ,80cm×60cm以内等,切断・ひも結束,処理業者または事前相談,FALSE,CURRENT,,,S-M003-02,https://www.town.nishiwaga.lg.jp/material/files/group/5/0604gomihyakka.pdf,燃えるごみの粗大ごみ,,,,2026-08-17,INITIAL_REVIEW_REQUIRED,CATEGORY_LEVEL,UNREVIEWED,,,区分レベルデータから機械抽出。品目別公式根拠と条件枝の確認前はAPP_READYにしない。
MAP-M003-I037-01,M003,I037,1,category正式名称・代表品目から機械抽出,C-M003-13,町で収集・受入できないもの,施設処理不可または一時多量,受入先の指示に従う,販売店・専門業者・許可業者,TRUE,CURRENT,,,S-M003-02,https://www.town.nishiwaga.lg.jp/material/files/group/5/0604gomihyakka.pdf,町で収集・受入できないもの,,,,2026-08-17,INITIAL_REVIEW_REQUIRED,CATEGORY_LEVEL,UNREVIEWED,,,区分レベルデータから機械抽出。品目別公式根拠と条件枝の確認前はAPP_READYにしない。
MAP-M004-I013-01,M004,I013,1,category正式名称・代表品目から機械抽出,C-M004-03,古紙（新聞・雑誌）,要品目別確認,厚さ30cm以内で結束,燃やせるごみ,FALSE,CURRENT,,,S-M004-02,https://www.town.shiwa.iwate.jp/kurashi/gomi/1_bunebetsu/2348.html,古紙（新聞・雑誌）,,,,2026-08-17,INITIAL_REVIEW_REQUIRED,CATEGORY_LEVEL,UNREVIEWED,,,区分レベルデータから機械抽出。品目別公式根拠と条件枝の確認前はAPP_READYにしない。
MAP-M004-I014-01,M004,I014,1,category正式名称・代表品目から機械抽出,C-M004-07,段ボール,要品目別確認,たたみ紙ひもで結ぶ,燃やせるごみ,FALSE,CURRENT,,,S-M004-02,https://www.town.shiwa.iwate.jp/kurashi/gomi/1_bunebetsu/2348.html,段ボール,,,,2026-08-17,INITIAL_REVIEW_REQUIRED,CATEGORY_LEVEL,UNREVIEWED,,,区分レベルデータから機械抽出。品目別公式根拠と条件枝の確認前はAPP_READYにしない。
MAP-M004-I015-01,M004,I015,1,category正式名称・代表品目から機械抽出,C-M004-03,古紙（新聞・雑誌）,要品目別確認,厚さ30cm以内で結束,燃やせるごみ,FALSE,CURRENT,,,S-M004-02,https://www.town.shiwa.iwate.jp/kurashi/gomi/1_bunebetsu/2348.html,古紙（新聞・雑誌）,,,,2026-08-17,INITIAL_REVIEW_REQUIRED,CATEGORY_LEVEL,UNREVIEWED,,,区分レベルデータから機械抽出。品目別公式根拠と条件枝の確認前はAPP_READYにしない。
MAP-M004-I017-01,M004,I017,1,category正式名称・代表品目から機械抽出,C-M004-04,紙パック,100％紙製,開いて洗い乾かす,紙製容器包装,FALSE,CURRENT,,,S-M004-02,https://www.town.shiwa.iwate.jp/kurashi/gomi/1_bunebetsu/2348.html,紙パック,,,,2026-08-17,INITIAL_REVIEW_REQUIRED,CATEGORY_LEVEL,UNREVIEWED,,,区分レベルデータから機械抽出。品目別公式根拠と条件枝の確認前はAPP_READYにしない。
MAP-M004-I018-01,M004,I018,1,category正式名称・代表品目から機械抽出,C-M004-01,燃やせるごみ,要品目別確認,水切り・長い物を切る,各専用区分,FALSE,CURRENT,,,S-M004-01,https://www.town.shiwa.iwate.jp/kurashi/gomi/1_bunebetsu/17749649372176/,燃やせるごみ,,,,2026-08-17,INITIAL_REVIEW_REQUIRED,CATEGORY_LEVEL,UNREVIEWED,,,区分レベルデータから機械抽出。品目別公式根拠と条件枝の確認前はAPP_READYにしない。
MAP-M004-I021-01,M004,I021,1,category正式名称・代表品目から機械抽出,C-M004-08,古着,再利用可能,洗濯する,燃やせるごみ,FALSE,CURRENT,,,S-M004-02,https://www.town.shiwa.iwate.jp/kurashi/gomi/1_bunebetsu/2348.html,古着,,,,2026-08-17,INITIAL_REVIEW_REQUIRED,CATEGORY_LEVEL,UNREVIEWED,,,区分レベルデータから機械抽出。品目別公式根拠と条件枝の確認前はAPP_READYにしない。
MAP-M004-I023-01,M004,I023,1,category正式名称・代表品目から機械抽出,C-M004-09,大形・不燃ごみ,規定サイズ・重量未満,割れ物を包み表示・燃料と電池を抜く,収集しないものまたは直接搬入,FALSE,CURRENT,,,S-M004-03,https://www.town.shiwa.iwate.jp/kurashi/gomi/1_bunebetsu/2351.html,大形・不燃ごみ,,,,2026-08-17,INITIAL_REVIEW_REQUIRED,CATEGORY_LEVEL,UNREVIEWED,,,区分レベルデータから機械抽出。品目別公式根拠と条件枝の確認前はAPP_READYにしない。
MAP-M004-I027-01,M004,I027,1,category正式名称・代表品目から機械抽出,C-M004-10,有害・危険ごみ及び乾電池,品目で袋・回収箱が分岐,蛍光管等を箱で保護・電池は絶縁,大形・不燃ごみ等,FALSE,CURRENT,,,S-M004-04,https://www.town.shiwa.iwate.jp/kurashi/gomi/1_bunebetsu/2353.html,有害・危険ごみ及び乾電池,,,,2026-08-17,INITIAL_REVIEW_REQUIRED,CATEGORY_LEVEL,UNREVIEWED,,,区分レベルデータから機械抽出。品目別公式根拠と条件枝の確認前はAPP_READYにしない。
MAP-M004-I030-01,M004,I030,1,category正式名称・代表品目から機械抽出,C-M004-10,有害・危険ごみ及び乾電池,品目で袋・回収箱が分岐,蛍光管等を箱で保護・電池は絶縁,大形・不燃ごみ等,FALSE,CURRENT,,,S-M004-04,https://www.town.shiwa.iwate.jp/kurashi/gomi/1_bunebetsu/2353.html,有害・危険ごみ及び乾電池,,,,2026-08-17,INITIAL_REVIEW_REQUIRED,CATEGORY_LEVEL,UNREVIEWED,,,区分レベルデータから機械抽出。品目別公式根拠と条件枝の確認前はAPP_READYにしない。
MAP-M004-I031-01,M004,I031,1,category正式名称・代表品目から機械抽出,C-M004-10,有害・危険ごみ及び乾電池,品目で袋・回収箱が分岐,蛍光管等を箱で保護・電池は絶縁,大形・不燃ごみ等,FALSE,CURRENT,,,S-M004-04,https://www.town.shiwa.iwate.jp/kurashi/gomi/1_bunebetsu/2353.html,有害・危険ごみ及び乾電池,,,,2026-08-17,INITIAL_REVIEW_REQUIRED,CATEGORY_LEVEL,UNREVIEWED,,,区分レベルデータから機械抽出。品目別公式根拠と条件枝の確認前はAPP_READYにしない。
MAP-M004-I032-01,M004,I032,1,category正式名称・代表品目から機械抽出,C-M004-05,空カン,18L未満,中身を空にする・スプレー缶は使い切り別袋表示,取扱店,FALSE,CURRENT,,,S-M004-02,https://www.town.shiwa.iwate.jp/kurashi/gomi/1_bunebetsu/2348.html,空カン,,,,2026-08-17,INITIAL_REVIEW_REQUIRED,CATEGORY_LEVEL,UNREVIEWED,,,区分レベルデータから機械抽出。品目別公式根拠と条件枝の確認前はAPP_READYにしない。
MAP-M004-I033-01,M004,I033,1,category正式名称・代表品目から機械抽出,C-M004-10,有害・危険ごみ及び乾電池,品目で袋・回収箱が分岐,蛍光管等を箱で保護・電池は絶縁,大形・不燃ごみ等,FALSE,CURRENT,,,S-M004-04,https://www.town.shiwa.iwate.jp/kurashi/gomi/1_bunebetsu/2353.html,有害・危険ごみ及び乾電池,,,,2026-08-17,INITIAL_REVIEW_REQUIRED,CATEGORY_LEVEL,UNREVIEWED,,,区分レベルデータから機械抽出。品目別公式根拠と条件枝の確認前はAPP_READYにしない。
MAP-M004-I034-01,M004,I034,1,category正式名称・代表品目から機械抽出,C-M004-12,その他のごみ,回収事業の対象,電池を外す,通常の分別区分,FALSE,CURRENT,,,S-M004-01,https://www.town.shiwa.iwate.jp/kurashi/gomi/1_bunebetsu/17749649372176/,その他のごみ,,,,2026-08-17,INITIAL_REVIEW_REQUIRED,CATEGORY_LEVEL,UNREVIEWED,,,区分レベルデータから機械抽出。品目別公式根拠と条件枝の確認前はAPP_READYにしない。
MAP-M004-I037-01,M004,I037,1,category正式名称・代表品目から機械抽出,C-M004-13,収集・受入しないもの,収集・施設受入不可,受入先の指示に従う,販売店・専門業者,TRUE,CURRENT,,,S-M004-01,https://www.town.shiwa.iwate.jp/kurashi/gomi/1_bunebetsu/17749649372176/,収集・受入しないもの,,,,2026-08-17,INITIAL_REVIEW_REQUIRED,CATEGORY_LEVEL,UNREVIEWED,,,区分レベルデータから機械抽出。品目別公式根拠と条件枝の確認前はAPP_READYにしない。
MAP-M005-I001-01,M005,I001,1,category正式名称・代表品目から機械抽出,C-M005-11,ペットボトル,要品目別確認,キャップとラベルを外しすすぐ,燃やせるごみ等,FALSE,CURRENT,,,S-M005-02,https://www.city.ishinomaki.lg.jp/cont/10210000/1582/20180320093709.html,ペットボトル,,,,2026-08-17,INITIAL_REVIEW_REQUIRED,CATEGORY_LEVEL,UNREVIEWED,,,区分レベルデータから機械抽出。品目別公式根拠と条件枝の確認前はAPP_READYにしない。
MAP-M005-I006-C-M005-19,M005,I006,1,category正式名称・代表品目から機械抽出,C-M005-19,一升びん・ビールびん・リターナブルびん,一升びん・ビールびん等の繰り返し使用できるびん,蓋や栓を外し中をすすぐ,色に応じたあきびん区分又は燃やせないごみ,FALSE,CURRENT,,,S-M005-04,https://www.city.ishinomaki.lg.jp/cont/10301000/030/3974/kihonkeikaku2.pdf,第2編18ページ 表2-1／あきびん／一升びん・ビールびん・リターナブルびん,,,,2026-08-18,INITIAL_REVIEW_REQUIRED,CATEGORY_LEVEL,UNREVIEWED,,,Positive evidence（category正式名称・代表品目）から機械抽出。品目別公式根拠と条件枝の確認前はAPP_READYにしない。
MAP-M005-I006-C-M005-20,M005,I006,2,category正式名称・代表品目から機械抽出,C-M005-20,無色透明びん,無色透明のあきびん,蓋や栓を外し中をすすぐ,びんの色又は用途に応じた公式区分,FALSE,CURRENT,,,S-M005-04,https://www.city.ishinomaki.lg.jp/cont/10301000/030/3974/kihonkeikaku2.pdf,第2編18ページ 表2-1／あきびん／無色透明びん,,,,2026-08-18,INITIAL_REVIEW_REQUIRED,CATEGORY_LEVEL,UNREVIEWED,,,Positive evidence（category正式名称・代表品目）から機械抽出。品目別公式根拠と条件枝の確認前はAPP_READYにしない。
MAP-M005-I006-C-M005-21,M005,I006,3,category正式名称・代表品目から機械抽出,C-M005-21,茶色びん,茶色のあきびん,蓋や栓を外し中をすすぐ,びんの色又は用途に応じた公式区分,FALSE,CURRENT,,,S-M005-04,https://www.city.ishinomaki.lg.jp/cont/10301000/030/3974/kihonkeikaku2.pdf,第2編18ページ 表2-1／あきびん／茶色びん,,,,2026-08-18,INITIAL_REVIEW_REQUIRED,CATEGORY_LEVEL,UNREVIEWED,,,Positive evidence（category正式名称・代表品目）から機械抽出。品目別公式根拠と条件枝の確認前はAPP_READYにしない。
MAP-M005-I006-C-M005-22,M005,I006,4,category正式名称・代表品目から機械抽出,C-M005-22,その他色びん,無色透明・茶色以外のあきびん,蓋や栓を外し中をすすぐ,びんの色又は用途に応じた公式区分,FALSE,CURRENT,,,S-M005-04,https://www.city.ishinomaki.lg.jp/cont/10301000/030/3974/kihonkeikaku2.pdf,第2編18ページ 表2-1／あきびん／その他色びん,,,,2026-08-18,INITIAL_REVIEW_REQUIRED,CATEGORY_LEVEL,UNREVIEWED,,,Positive evidence（category正式名称・代表品目）から機械抽出。品目別公式根拠と条件枝の確認前はAPP_READYにしない。
MAP-M005-I013-01,M005,I013,1,category正式名称・代表品目から機械抽出,C-M005-07,新聞紙,要品目別確認,結束,燃やせるごみ,FALSE,CURRENT,,,S-M005-02,https://www.city.ishinomaki.lg.jp/cont/10210000/1582/20180320093709.html,新聞紙,,,,2026-08-17,INITIAL_REVIEW_REQUIRED,CATEGORY_LEVEL,UNREVIEWED,,,区分レベルデータから機械抽出。品目別公式根拠と条件枝の確認前はAPP_READYにしない。
MAP-M005-I014-01,M005,I014,1,category正式名称・代表品目から機械抽出,C-M005-05,ダンボール,要品目別確認,たたんで結束,燃やせるごみ,FALSE,CURRENT,,,S-M005-02,https://www.city.ishinomaki.lg.jp/cont/10210000/1582/20180320093709.html,ダンボール,,,,2026-08-17,INITIAL_REVIEW_REQUIRED,CATEGORY_LEVEL,UNREVIEWED,,,区分レベルデータから機械抽出。品目別公式根拠と条件枝の確認前はAPP_READYにしない。
MAP-M005-I015-01,M005,I015,1,category正式名称・代表品目から機械抽出,C-M005-06,雑誌・古本,要品目別確認,結束,燃やせるごみ,FALSE,CURRENT,,,S-M005-02,https://www.city.ishinomaki.lg.jp/cont/10210000/1582/20180320093709.html,雑誌・古本,,,,2026-08-17,INITIAL_REVIEW_REQUIRED,CATEGORY_LEVEL,UNREVIEWED,,,区分レベルデータから機械抽出。品目別公式根拠と条件枝の確認前はAPP_READYにしない。
MAP-M005-I016-01,M005,I016,1,category正式名称・代表品目から機械抽出,C-M005-08,雑紙,要品目別確認,紙袋等でまとめる,燃やせるごみ,FALSE,CURRENT,,,S-M005-02,https://www.city.ishinomaki.lg.jp/cont/10210000/1582/20180320093709.html,雑紙,,,,2026-08-17,INITIAL_REVIEW_REQUIRED,CATEGORY_LEVEL,UNREVIEWED,,,区分レベルデータから機械抽出。品目別公式根拠と条件枝の確認前はAPP_READYにしない。
MAP-M005-I017-C-M005-17,M005,I017,1,category正式名称・代表品目から機械抽出,C-M005-17,紙パック,洗浄して乾燥できる紙パック,水洗いし乾かして開く,燃やせるごみ,FALSE,CURRENT,,,S-M005-02,https://www.city.ishinomaki.lg.jp/cont/10210000/1582/kateigomi-wakekata-dasikata.pdf,資源ごみ／紙類／紙パック,,,,2026-08-18,INITIAL_REVIEW_REQUIRED,CATEGORY_LEVEL,UNREVIEWED,,,Positive evidence（category正式名称・代表品目）から機械抽出。品目別公式根拠と条件枝の確認前はAPP_READYにしない。
MAP-M005-I018-01,M005,I018,1,category正式名称・代表品目から機械抽出,C-M005-01,燃やせるごみ,要品目別確認,生ごみは水切り,各専用区分,FALSE,CURRENT,,,S-M005-02,https://www.city.ishinomaki.lg.jp/cont/10210000/1582/20180320093709.html,燃やせるごみ,,,,2026-08-17,INITIAL_REVIEW_REQUIRED,CATEGORY_LEVEL,UNREVIEWED,,,区分レベルデータから機械抽出。品目別公式根拠と条件枝の確認前はAPP_READYにしない。
MAP-M005-I021-C-M005-16,M005,I021,1,category正式名称・代表品目から機械抽出,C-M005-16,古着・布類,再利用できる清潔な古着・布類,洗濯し乾かす,燃やせるごみ,FALSE,CURRENT,,,S-M005-02,https://www.city.ishinomaki.lg.jp/cont/10210000/1582/kateigomi-wakekata-dasikata.pdf,資源ごみ／古着・布類,,,,2026-08-18,INITIAL_REVIEW_REQUIRED,CATEGORY_LEVEL,UNREVIEWED,,,Positive evidence（category正式名称・代表品目）から機械抽出。品目別公式根拠と条件枝の確認前はAPP_READYにしない。
MAP-M005-I023-01,M005,I023,1,category正式名称・代表品目から機械抽出,C-M005-02,燃やせないごみ,要品目別確認,割れ物を包み表示,各専用区分,FALSE,CURRENT,,,S-M005-02,https://www.city.ishinomaki.lg.jp/cont/10210000/1582/20180320093709.html,燃やせないごみ,,,,2026-08-17,INITIAL_REVIEW_REQUIRED,CATEGORY_LEVEL,UNREVIEWED,,,区分レベルデータから機械抽出。品目別公式根拠と条件枝の確認前はAPP_READYにしない。
MAP-M005-I027-01,M005,I027,1,category正式名称・代表品目から機械抽出,C-M005-04,有害ごみ,要品目別確認,蛍光管を保護・電池端子を絶縁,各専用区分,FALSE,CURRENT,,,S-M005-02,https://www.city.ishinomaki.lg.jp/cont/10210000/1582/20180320093709.html,有害ごみ,,,,2026-08-17,INITIAL_REVIEW_REQUIRED,CATEGORY_LEVEL,UNREVIEWED,,,区分レベルデータから機械抽出。品目別公式根拠と条件枝の確認前はAPP_READYにしない。
MAP-M005-I030-01,M005,I030,1,category正式名称・代表品目から機械抽出,C-M005-04,有害ごみ,要品目別確認,蛍光管を保護・電池端子を絶縁,各専用区分,FALSE,CURRENT,,,S-M005-02,https://www.city.ishinomaki.lg.jp/cont/10210000/1582/20180320093709.html,有害ごみ,,,,2026-08-17,INITIAL_REVIEW_REQUIRED,CATEGORY_LEVEL,UNREVIEWED,,,区分レベルデータから機械抽出。品目別公式根拠と条件枝の確認前はAPP_READYにしない。
MAP-M005-I032-C-M005-15,M005,I032,1,category正式名称・代表品目から機械抽出,C-M005-15,スプレー缶・ガスカートリッジ,中身を使い切ったスプレー缶・ガスカートリッジ,中身を使い切る,中身が残る場合は販売店等へ相談,FALSE,CURRENT,,,S-M005-02,https://www.city.ishinomaki.lg.jp/cont/10210000/1582/kateigomi-wakekata-dasikata.pdf,資源ごみ／スプレー缶・ガスカートリッジ,,,,2026-08-18,INITIAL_REVIEW_REQUIRED,CATEGORY_LEVEL,UNREVIEWED,,,Positive evidence（category正式名称・代表品目）から機械抽出。品目別公式根拠と条件枝の確認前はAPP_READYにしない。
MAP-M005-I034-C-M005-18,M005,I034,1,category正式名称・代表品目から機械抽出,C-M005-18,使用済小型家電,回収対象品目で投入口横40cm×縦20cmに入るもの,電池を外し個人情報を消去,市の通常区分又は販売店・メーカーへ相談,FALSE,CURRENT,,,S-M005-02,https://www.city.ishinomaki.lg.jp/cont/10210000/1582/kateigomi-wakekata-dasikata.pdf,使用済小型家電（できるだけ回収ボックスへ）,,,,2026-08-18,INITIAL_REVIEW_REQUIRED,CATEGORY_LEVEL,UNREVIEWED,,,Positive evidence（category正式名称・代表品目）から機械抽出。品目別公式根拠と条件枝の確認前はAPP_READYにしない。
MAP-M005-I037-02,M005,I037,1,category正式名称・代表品目から機械抽出,C-M005-14,市で収集しないごみ,法定リサイクル・処理困難,受入先の指示に従う,販売店・メーカー・専門業者,TRUE,CURRENT,,,S-M005-02,https://www.city.ishinomaki.lg.jp/cont/10210000/1582/20180320093709.html,市で収集しないごみ,,,,2026-08-17,INITIAL_REVIEW_REQUIRED,CATEGORY_LEVEL,UNREVIEWED,,,区分レベルデータから機械抽出。品目別公式根拠と条件枝の確認前はAPP_READYにしない。
MAP-M005-I038-01,M005,I038,1,category正式名称・代表品目から機械抽出,C-M005-14,市で収集しないごみ,法定リサイクル・処理困難,受入先の指示に従う,販売店・メーカー・専門業者,TRUE,CURRENT,,,S-M005-02,https://www.city.ishinomaki.lg.jp/cont/10210000/1582/20180320093709.html,市で収集しないごみ,,,,2026-08-17,INITIAL_REVIEW_REQUIRED,CATEGORY_LEVEL,UNREVIEWED,,,区分レベルデータから機械抽出。品目別公式根拠と条件枝の確認前はAPP_READYにしない。
MAP-M006-I001-01,M006,I001,1,category正式名称・代表品目から機械抽出,C-M006-05,ペットボトル,要品目別確認,キャップとラベルを外しすすぐ,容器包装プラスチック等,FALSE,CURRENT,,,S-M006-02,https://www.town.ogawara.miyagi.jp/secure/1106/R8ippannhaikibutusyorizissikeikaku.pdf,ペットボトル,,,,2026-08-17,INITIAL_REVIEW_REQUIRED,CATEGORY_LEVEL,UNREVIEWED,,,区分レベルデータから機械抽出。品目別公式根拠と条件枝の確認前はAPP_READYにしない。
MAP-M006-I004-01,M006,I004,1,category正式名称・代表品目から機械抽出,C-M006-09,缶類,要品目別確認,中を空にしすすぐ,もやせないごみ等,FALSE,CURRENT,,,S-M006-02,https://www.town.ogawara.miyagi.jp/secure/1106/R8ippannhaikibutusyorizissikeikaku.pdf,缶類,,,,2026-08-17,INITIAL_REVIEW_REQUIRED,CATEGORY_LEVEL,UNREVIEWED,,,区分レベルデータから機械抽出。品目別公式根拠と条件枝の確認前はAPP_READYにしない。
MAP-M006-I005-01,M006,I005,1,category正式名称・代表品目から機械抽出,C-M006-09,缶類,要品目別確認,中を空にしすすぐ,もやせないごみ等,FALSE,CURRENT,,,S-M006-02,https://www.town.ogawara.miyagi.jp/secure/1106/R8ippannhaikibutusyorizissikeikaku.pdf,缶類,,,,2026-08-17,INITIAL_REVIEW_REQUIRED,CATEGORY_LEVEL,UNREVIEWED,,,区分レベルデータから機械抽出。品目別公式根拠と条件枝の確認前はAPP_READYにしない。
MAP-M006-I006-01,M006,I006,1,category正式名称・代表品目から機械抽出,C-M006-06,無色透明びん,要品目別確認,キャップを外しすすぐ,もやせないごみ,FALSE,CURRENT,,,S-M006-02,https://www.town.ogawara.miyagi.jp/secure/1106/R8ippannhaikibutusyorizissikeikaku.pdf,無色透明びん,,,,2026-08-17,INITIAL_REVIEW_REQUIRED,CATEGORY_LEVEL,UNREVIEWED,,,区分レベルデータから機械抽出。品目別公式根拠と条件枝の確認前はAPP_READYにしない。
MAP-M006-I006-02,M006,I006,2,category正式名称・代表品目から機械抽出,C-M006-07,茶色びん,要品目別確認,キャップを外しすすぐ,もやせないごみ,FALSE,CURRENT,,,S-M006-02,https://www.town.ogawara.miyagi.jp/secure/1106/R8ippannhaikibutusyorizissikeikaku.pdf,茶色びん,,,,2026-08-17,INITIAL_REVIEW_REQUIRED,CATEGORY_LEVEL,UNREVIEWED,,,区分レベルデータから機械抽出。品目別公式根拠と条件枝の確認前はAPP_READYにしない。
MAP-M006-I006-03,M006,I006,3,category正式名称・代表品目から機械抽出,C-M006-08,その他のびん,要品目別確認,キャップを外しすすぐ,もやせないごみ,FALSE,CURRENT,,,S-M006-02,https://www.town.ogawara.miyagi.jp/secure/1106/R8ippannhaikibutusyorizissikeikaku.pdf,その他のびん,,,,2026-08-17,INITIAL_REVIEW_REQUIRED,CATEGORY_LEVEL,UNREVIEWED,,,区分レベルデータから機械抽出。品目別公式根拠と条件枝の確認前はAPP_READYにしない。
MAP-M006-I011-01,M006,I011,1,category正式名称・代表品目から機械抽出,C-M006-03,容器包装プラスチック,容器包装で汚れが落ちる,洗って乾かす,もやせるごみ等,FALSE,CURRENT,,,S-M006-02,https://www.town.ogawara.miyagi.jp/secure/1106/R8ippannhaikibutusyorizissikeikaku.pdf,容器包装プラスチック,,,,2026-08-17,INITIAL_REVIEW_REQUIRED,CATEGORY_LEVEL,UNREVIEWED,,,区分レベルデータから機械抽出。品目別公式根拠と条件枝の確認前はAPP_READYにしない。
MAP-M006-I013-01,M006,I013,1,category正式名称・代表品目から機械抽出,C-M006-10,新聞,要品目別確認,結束,もやせるごみ,FALSE,CURRENT,,,S-M006-02,https://www.town.ogawara.miyagi.jp/secure/1106/R8ippannhaikibutusyorizissikeikaku.pdf,新聞,,,,2026-08-17,INITIAL_REVIEW_REQUIRED,CATEGORY_LEVEL,UNREVIEWED,,,区分レベルデータから機械抽出。品目別公式根拠と条件枝の確認前はAPP_READYにしない。
MAP-M006-I014-01,M006,I014,1,category正式名称・代表品目から機械抽出,C-M006-11,ダンボール,要品目別確認,たたみ結束,もやせるごみ,FALSE,CURRENT,,,S-M006-02,https://www.town.ogawara.miyagi.jp/secure/1106/R8ippannhaikibutusyorizissikeikaku.pdf,ダンボール,,,,2026-08-17,INITIAL_REVIEW_REQUIRED,CATEGORY_LEVEL,UNREVIEWED,,,区分レベルデータから機械抽出。品目別公式根拠と条件枝の確認前はAPP_READYにしない。
MAP-M006-I016-01,M006,I016,1,category正式名称・代表品目から機械抽出,C-M006-12,雑紙類,要品目別確認,紙袋等でまとめる,もやせるごみ,FALSE,CURRENT,,,S-M006-02,https://www.town.ogawara.miyagi.jp/secure/1106/R8ippannhaikibutusyorizissikeikaku.pdf,雑紙類,,,,2026-08-17,INITIAL_REVIEW_REQUIRED,CATEGORY_LEVEL,UNREVIEWED,,,区分レベルデータから機械抽出。品目別公式根拠と条件枝の確認前はAPP_READYにしない。
MAP-M006-I018-01,M006,I018,1,category正式名称・代表品目から機械抽出,C-M006-01,もやせるごみ,要品目別確認,水切り,各専用区分,FALSE,CURRENT,,,S-M006-02,https://www.town.ogawara.miyagi.jp/secure/1106/R8ippannhaikibutusyorizissikeikaku.pdf,もやせるごみ,,,,2026-08-17,INITIAL_REVIEW_REQUIRED,CATEGORY_LEVEL,UNREVIEWED,,,区分レベルデータから機械抽出。品目別公式根拠と条件枝の確認前はAPP_READYにしない。
MAP-M006-I021-C-M006-17,M006,I021,1,category正式名称・代表品目から機械抽出,C-M006-17,布類,綿50%以上の布類,洗濯し乾かす,もやせるごみ,FALSE,CURRENT,,,S-M006-02,https://www.town.ogawara.miyagi.jp/secure/1106/R8ippannhaikibutusyorizissikeikaku.pdf,2ページ 5 一般廃棄物の収集・運搬及び排出方法／紙類・布類,,,,2026-08-18,INITIAL_REVIEW_REQUIRED,CATEGORY_LEVEL,UNREVIEWED,,,Positive evidence（category正式名称・代表品目）から機械抽出。品目別公式根拠と条件枝の確認前はAPP_READYにしない。
MAP-M006-I023-01,M006,I023,1,category正式名称・代表品目から機械抽出,C-M006-02,もやせないごみ,要品目別確認,割れ物を包み電池を外す,各専用区分,FALSE,CURRENT,,,S-M006-02,https://www.town.ogawara.miyagi.jp/secure/1106/R8ippannhaikibutusyorizissikeikaku.pdf,もやせないごみ,,,,2026-08-17,INITIAL_REVIEW_REQUIRED,CATEGORY_LEVEL,UNREVIEWED,,,区分レベルデータから機械抽出。品目別公式根拠と条件枝の確認前はAPP_READYにしない。
MAP-M006-I027-01,M006,I027,1,category正式名称・代表品目から機械抽出,C-M006-13,使用済乾電池等,家庭用,絶縁・破損防止,販売店等,FALSE,CURRENT,,,S-M006-02,https://www.town.ogawara.miyagi.jp/secure/1106/R8ippannhaikibutusyorizissikeikaku.pdf,使用済乾電池等,,,,2026-08-17,INITIAL_REVIEW_REQUIRED,CATEGORY_LEVEL,UNREVIEWED,,,区分レベルデータから機械抽出。品目別公式根拠と条件枝の確認前はAPP_READYにしない。
MAP-M006-I030-01,M006,I030,1,category正式名称・代表品目から機械抽出,C-M006-13,使用済乾電池等,家庭用,絶縁・破損防止,販売店等,FALSE,CURRENT,,,S-M006-02,https://www.town.ogawara.miyagi.jp/secure/1106/R8ippannhaikibutusyorizissikeikaku.pdf,使用済乾電池等,,,,2026-08-17,INITIAL_REVIEW_REQUIRED,CATEGORY_LEVEL,UNREVIEWED,,,区分レベルデータから機械抽出。品目別公式根拠と条件枝の確認前はAPP_READYにしない。
MAP-M006-I034-01,M006,I034,1,category正式名称・代表品目から機械抽出,C-M006-02,もやせないごみ,要品目別確認,割れ物を包み電池を外す,各専用区分,FALSE,CURRENT,,,S-M006-02,https://www.town.ogawara.miyagi.jp/secure/1106/R8ippannhaikibutusyorizissikeikaku.pdf,もやせないごみ,,,,2026-08-17,INITIAL_REVIEW_REQUIRED,CATEGORY_LEVEL,UNREVIEWED,,,区分レベルデータから機械抽出。品目別公式根拠と条件枝の確認前はAPP_READYにしない。
MAP-M006-I034-02,M006,I034,2,category正式名称・代表品目から機械抽出,C-M006-15,使用済小型電子機器等,対象小型家電,電池を外す,もやせないごみ等,FALSE,CURRENT,,,S-M006-02,https://www.town.ogawara.miyagi.jp/secure/1106/R8ippannhaikibutusyorizissikeikaku.pdf,使用済小型電子機器等,,,,2026-08-17,INITIAL_REVIEW_REQUIRED,CATEGORY_LEVEL,UNREVIEWED,,,区分レベルデータから機械抽出。品目別公式根拠と条件枝の確認前はAPP_READYにしない。
MAP-M006-I037-03,M006,I037,1,category正式名称・代表品目から機械抽出,C-M006-16,収集しないもの,町収集・施設処理不可,受入先の指示に従う,メーカー・販売店・専門業者,TRUE,CURRENT,,,S-M006-02,https://www.town.ogawara.miyagi.jp/secure/1106/R8ippannhaikibutusyorizissikeikaku.pdf,収集しないもの,,,,2026-08-17,INITIAL_REVIEW_REQUIRED,CATEGORY_LEVEL,UNREVIEWED,,,区分レベルデータから機械抽出。品目別公式根拠と条件枝の確認前はAPP_READYにしない。
MAP-M006-I038-01,M006,I038,1,category正式名称・代表品目から機械抽出,C-M006-16,収集しないもの,町収集・施設処理不可,受入先の指示に従う,メーカー・販売店・専門業者,TRUE,CURRENT,,,S-M006-02,https://www.town.ogawara.miyagi.jp/secure/1106/R8ippannhaikibutusyorizissikeikaku.pdf,収集しないもの,,,,2026-08-17,INITIAL_REVIEW_REQUIRED,CATEGORY_LEVEL,UNREVIEWED,,,区分レベルデータから機械抽出。品目別公式根拠と条件枝の確認前はAPP_READYにしない。
MAP-M007-I010-01,M007,I010,1,category正式名称・代表品目から機械抽出,C-M007-06,プラスチック,100％プラスチック・一辺50cm未満・きれい,汚れを落とし異物を外す,燃やせる/燃やせないごみ,FALSE,CURRENT,,,S-M007-02,https://www.town.kami.miyagi.jp/soshikikarasagasu/chominka/kankyoeisei/4014.html,プラスチック,,,,2026-08-17,INITIAL_REVIEW_REQUIRED,CATEGORY_LEVEL,UNREVIEWED,,,区分レベルデータから機械抽出。品目別公式根拠と条件枝の確認前はAPP_READYにしない。
MAP-M007-I011-01,M007,I011,1,category正式名称・代表品目から機械抽出,C-M007-06,プラスチック,100％プラスチック・一辺50cm未満・きれい,汚れを落とし異物を外す,燃やせる/燃やせないごみ,FALSE,CURRENT,,,S-M007-02,https://www.town.kami.miyagi.jp/soshikikarasagasu/chominka/kankyoeisei/4014.html,プラスチック,,,,2026-08-17,INITIAL_REVIEW_REQUIRED,CATEGORY_LEVEL,UNREVIEWED,,,区分レベルデータから機械抽出。品目別公式根拠と条件枝の確認前はAPP_READYにしない。
MAP-M007-I018-01,M007,I018,1,category正式名称・代表品目から機械抽出,C-M007-01,燃やせるごみ,要品目別確認,水切り,各専用区分,FALSE,CURRENT,,,S-M007-01,https://www.town.kami.miyagi.jp/soshikikarasagasu/chominka/kankyoeisei/847.html,燃やせるごみ,,,,2026-08-17,INITIAL_REVIEW_REQUIRED,CATEGORY_LEVEL,UNREVIEWED,,,区分レベルデータから機械抽出。品目別公式根拠と条件枝の確認前はAPP_READYにしない。
MAP-M007-I023-01,M007,I023,1,category正式名称・代表品目から機械抽出,C-M007-02,燃やせないごみ・燃やせない粗大ごみ,要品目別確認,割れ物を包み電池を外す,各専用区分,FALSE,CURRENT,,,S-M007-01,https://www.town.kami.miyagi.jp/soshikikarasagasu/chominka/kankyoeisei/847.html,燃やせないごみ・燃やせない粗大ごみ,,,,2026-08-17,INITIAL_REVIEW_REQUIRED,CATEGORY_LEVEL,UNREVIEWED,,,区分レベルデータから機械抽出。品目別公式根拠と条件枝の確認前はAPP_READYにしない。
MAP-M007-I027-02,M007,I027,1,category正式名称・代表品目から機械抽出,C-M007-04,小型家電・乾電池,対象品目,電池端子を絶縁・機器から電池を外す,販売店等,FALSE,CURRENT,,,S-M007-03,https://www.town.kami.miyagi.jp/soshikikarasagasu/chominka/kankyoeisei/3552.html,小型家電・乾電池,,,,2026-08-17,INITIAL_REVIEW_REQUIRED,CATEGORY_LEVEL,UNREVIEWED,,,区分レベルデータから機械抽出。品目別公式根拠と条件枝の確認前はAPP_READYにしない。
MAP-M007-I030-01,M007,I030,1,category正式名称・代表品目から機械抽出,C-M007-03,有害ごみ,要品目別確認,破損防止・スプレー缶を使い切る,小型家電・乾電池等,FALSE,CURRENT,,,S-M007-02,https://www.town.kami.miyagi.jp/soshikikarasagasu/chominka/kankyoeisei/4014.html,有害ごみ,,,,2026-08-17,INITIAL_REVIEW_REQUIRED,CATEGORY_LEVEL,UNREVIEWED,,,区分レベルデータから機械抽出。品目別公式根拠と条件枝の確認前はAPP_READYにしない。
MAP-M007-I032-01,M007,I032,1,category正式名称・代表品目から機械抽出,C-M007-03,有害ごみ,要品目別確認,破損防止・スプレー缶を使い切る,小型家電・乾電池等,FALSE,CURRENT,,,S-M007-02,https://www.town.kami.miyagi.jp/soshikikarasagasu/chominka/kankyoeisei/4014.html,有害ごみ,,,,2026-08-17,INITIAL_REVIEW_REQUIRED,CATEGORY_LEVEL,UNREVIEWED,,,区分レベルデータから機械抽出。品目別公式根拠と条件枝の確認前はAPP_READYにしない。
MAP-M007-I034-01,M007,I034,1,category正式名称・代表品目から機械抽出,C-M007-02,燃やせないごみ・燃やせない粗大ごみ,要品目別確認,割れ物を包み電池を外す,各専用区分,FALSE,CURRENT,,,S-M007-01,https://www.town.kami.miyagi.jp/soshikikarasagasu/chominka/kankyoeisei/847.html,燃やせないごみ・燃やせない粗大ごみ,,,,2026-08-17,INITIAL_REVIEW_REQUIRED,CATEGORY_LEVEL,UNREVIEWED,,,区分レベルデータから機械抽出。品目別公式根拠と条件枝の確認前はAPP_READYにしない。
MAP-M007-I034-03,M007,I034,2,category正式名称・代表品目から機械抽出,C-M007-04,小型家電・乾電池,対象品目,電池端子を絶縁・機器から電池を外す,販売店等,FALSE,CURRENT,,,S-M007-03,https://www.town.kami.miyagi.jp/soshikikarasagasu/chominka/kankyoeisei/3552.html,小型家電・乾電池,,,,2026-08-17,INITIAL_REVIEW_REQUIRED,CATEGORY_LEVEL,UNREVIEWED,,,区分レベルデータから機械抽出。品目別公式根拠と条件枝の確認前はAPP_READYにしない。
MAP-M007-I036-01,M007,I036,1,category正式名称・代表品目から機械抽出,C-M007-07,燃やせる粗大ごみ,指定袋に入らない可燃物,金属等を分離,直接搬入または許可業者,FALSE,CURRENT,,,S-M007-01,https://www.town.kami.miyagi.jp/soshikikarasagasu/chominka/kankyoeisei/847.html,燃やせる粗大ごみ,,,,2026-08-17,INITIAL_REVIEW_REQUIRED,CATEGORY_LEVEL,UNREVIEWED,,,区分レベルデータから機械抽出。品目別公式根拠と条件枝の確認前はAPP_READYにしない。
MAP-M007-I037-02,M007,I037,1,category正式名称・代表品目から機械抽出,C-M007-09,町で収集・施設受入できないもの,処理不可・事業活動由来,受入先の指示に従う,販売店・専門業者・許可業者,TRUE,CURRENT,,,S-M007-01,https://www.town.kami.miyagi.jp/soshikikarasagasu/chominka/kankyoeisei/847.html,町で収集・施設受入できないもの,,,,2026-08-17,INITIAL_REVIEW_REQUIRED,CATEGORY_LEVEL,UNREVIEWED,,,区分レベルデータから機械抽出。品目別公式根拠と条件枝の確認前はAPP_READYにしない。
MAP-M007-I038-01,M007,I038,1,category正式名称・代表品目から機械抽出,C-M007-04,小型家電・乾電池,対象品目,電池端子を絶縁・機器から電池を外す,販売店等,FALSE,CURRENT,,,S-M007-03,https://www.town.kami.miyagi.jp/soshikikarasagasu/chominka/kankyoeisei/3552.html,小型家電・乾電池,,,,2026-08-17,INITIAL_REVIEW_REQUIRED,CATEGORY_LEVEL,UNREVIEWED,,,区分レベルデータから機械抽出。品目別公式根拠と条件枝の確認前はAPP_READYにしない。
MAP-M007-I039-01,M007,I039,1,category正式名称・代表品目から機械抽出,C-M007-08,使用済み食用油,家庭の対象油,容器に入れ漏れ防止,専門業者,FALSE,CURRENT,,,S-M007-01,https://www.town.kami.miyagi.jp/soshikikarasagasu/chominka/kankyoeisei/847.html,使用済み食用油,,,,2026-08-17,INITIAL_REVIEW_REQUIRED,CATEGORY_LEVEL,UNREVIEWED,,,区分レベルデータから機械抽出。品目別公式根拠と条件枝の確認前はAPP_READYにしない。
MAP-M008-I005-01,M008,I005,1,category正式名称・代表品目から機械抽出,C-M008-04,資源回収（空き缶）,要品目別確認,洗って水切り,不燃ごみ,FALSE,CURRENT,,,S-M008-02,https://www.town.shirataka.lg.jp/secure/5260/bunnbetuAll.pdf,資源回収（空き缶）,,,,2026-08-17,INITIAL_REVIEW_REQUIRED,CATEGORY_LEVEL,UNREVIEWED,,,区分レベルデータから機械抽出。品目別公式根拠と条件枝の確認前はAPP_READYにしない。
MAP-M008-I006-01,M008,I006,1,category正式名称・代表品目から機械抽出,C-M008-05,資源回収（ガラスびん）,要品目別確認,洗って水切り・コンテナでは寝かせる,不燃ごみ,FALSE,CURRENT,,,S-M008-02,https://www.town.shirataka.lg.jp/secure/5260/bunnbetuAll.pdf,資源回収（ガラスびん）,,,,2026-08-17,INITIAL_REVIEW_REQUIRED,CATEGORY_LEVEL,UNREVIEWED,,,区分レベルデータから機械抽出。品目別公式根拠と条件枝の確認前はAPP_READYにしない。
MAP-M008-I018-01,M008,I018,1,category正式名称・代表品目から機械抽出,C-M008-01,可燃ごみ,要品目別確認,水切り・長い物は切る,各専用区分,FALSE,CURRENT,,,S-M008-02,https://www.town.shirataka.lg.jp/secure/5260/bunnbetuAll.pdf,可燃ごみ,,,,2026-08-17,INITIAL_REVIEW_REQUIRED,CATEGORY_LEVEL,UNREVIEWED,,,区分レベルデータから機械抽出。品目別公式根拠と条件枝の確認前はAPP_READYにしない。
MAP-M008-I021-01,M008,I021,1,category正式名称・代表品目から機械抽出,C-M008-07,資源回収（布類）,要品目別確認,洗濯し乾かす,可燃ごみ,FALSE,CURRENT,,,S-M008-02,https://www.town.shirataka.lg.jp/secure/5260/bunnbetuAll.pdf,資源回収（布類）,,,,2026-08-17,INITIAL_REVIEW_REQUIRED,CATEGORY_LEVEL,UNREVIEWED,,,区分レベルデータから機械抽出。品目別公式根拠と条件枝の確認前はAPP_READYにしない。
MAP-M008-I023-01,M008,I023,1,category正式名称・代表品目から機械抽出,C-M008-02,不燃ごみ,要品目別確認,割れ物を包み危険表示・コードを50cm程度に切る・電池を外す,各専用区分,FALSE,CURRENT,,,S-M008-02,https://www.town.shirataka.lg.jp/secure/5260/bunnbetuAll.pdf,不燃ごみ,,,,2026-08-17,INITIAL_REVIEW_REQUIRED,CATEGORY_LEVEL,UNREVIEWED,,,区分レベルデータから機械抽出。品目別公式根拠と条件枝の確認前はAPP_READYにしない。
MAP-M008-I027-01,M008,I027,1,category正式名称・代表品目から機械抽出,C-M008-08,有害ごみ,家庭用,電池を絶縁・破損防止,販売店等,FALSE,CURRENT,,,S-M008-02,https://www.town.shirataka.lg.jp/secure/5260/bunnbetuAll.pdf,有害ごみ,,,,2026-08-17,INITIAL_REVIEW_REQUIRED,CATEGORY_LEVEL,UNREVIEWED,,,区分レベルデータから機械抽出。品目別公式根拠と条件枝の確認前はAPP_READYにしない。
MAP-M008-I030-01,M008,I030,1,category正式名称・代表品目から機械抽出,C-M008-08,有害ごみ,家庭用,電池を絶縁・破損防止,販売店等,FALSE,CURRENT,,,S-M008-02,https://www.town.shirataka.lg.jp/secure/5260/bunnbetuAll.pdf,有害ごみ,,,,2026-08-17,INITIAL_REVIEW_REQUIRED,CATEGORY_LEVEL,UNREVIEWED,,,区分レベルデータから機械抽出。品目別公式根拠と条件枝の確認前はAPP_READYにしない。
MAP-M008-I034-01,M008,I034,1,category正式名称・代表品目から機械抽出,C-M008-02,不燃ごみ,要品目別確認,割れ物を包み危険表示・コードを50cm程度に切る・電池を外す,各専用区分,FALSE,CURRENT,,,S-M008-02,https://www.town.shirataka.lg.jp/secure/5260/bunnbetuAll.pdf,不燃ごみ,,,,2026-08-17,INITIAL_REVIEW_REQUIRED,CATEGORY_LEVEL,UNREVIEWED,,,区分レベルデータから機械抽出。品目別公式根拠と条件枝の確認前はAPP_READYにしない。
MAP-M008-I037-02,M008,I037,1,category正式名称・代表品目から機械抽出,C-M008-10,町で収集できないごみ,法定リサイクル・処理困難・事業由来,受入先の指示に従う,販売店・医療機関・専門業者,TRUE,CURRENT,,,S-M008-02,https://www.town.shirataka.lg.jp/secure/5260/bunnbetuAll.pdf,町で収集できないごみ,,,,2026-08-17,INITIAL_REVIEW_REQUIRED,CATEGORY_LEVEL,UNREVIEWED,,,区分レベルデータから機械抽出。品目別公式根拠と条件枝の確認前はAPP_READYにしない。
MAP-M008-I038-02,M008,I038,1,category正式名称・代表品目から機械抽出,C-M008-10,町で収集できないごみ,法定リサイクル・処理困難・事業由来,受入先の指示に従う,販売店・医療機関・専門業者,TRUE,CURRENT,,,S-M008-02,https://www.town.shirataka.lg.jp/secure/5260/bunnbetuAll.pdf,町で収集できないごみ,,,,2026-08-17,INITIAL_REVIEW_REQUIRED,CATEGORY_LEVEL,UNREVIEWED,,,区分レベルデータから機械抽出。品目別公式根拠と条件枝の確認前はAPP_READYにしない。
MAP-M009-I001-01,M009,I001,1,category正式名称・代表品目から機械抽出,C-M009-05,ペットボトル,要品目別確認,キャップとラベルを外しすすぐ,もやせるごみ等,FALSE,CURRENT,,,S-M009-02,https://www.town.oe.yamagata.jp/files/original/202403191138227511fcddfbe.pdf,ペットボトル,,,,2026-08-17,INITIAL_REVIEW_REQUIRED,CATEGORY_LEVEL,UNREVIEWED,,,区分レベルデータから機械抽出。品目別公式根拠と条件枝の確認前はAPP_READYにしない。
MAP-M009-I005-01,M009,I005,1,category正式名称・代表品目から機械抽出,C-M009-04,缶類,要品目別確認,中を空にしすすぐ,もやせないごみ,FALSE,CURRENT,,,S-M009-02,https://www.town.oe.yamagata.jp/files/original/202403191138227511fcddfbe.pdf,缶類,,,,2026-08-17,INITIAL_REVIEW_REQUIRED,CATEGORY_LEVEL,UNREVIEWED,,,区分レベルデータから機械抽出。品目別公式根拠と条件枝の確認前はAPP_READYにしない。
MAP-M009-I006-01,M009,I006,1,category正式名称・代表品目から機械抽出,C-M009-03,びん類,要品目別確認,キャップを外しすすぐ,もやせないごみ,FALSE,CURRENT,,,S-M009-02,https://www.town.oe.yamagata.jp/files/original/202403191138227511fcddfbe.pdf,びん類,,,,2026-08-17,INITIAL_REVIEW_REQUIRED,CATEGORY_LEVEL,UNREVIEWED,,,区分レベルデータから機械抽出。品目別公式根拠と条件枝の確認前はAPP_READYにしない。
MAP-M009-I018-01,M009,I018,1,category正式名称・代表品目から機械抽出,C-M009-01,もやせるごみ,要品目別確認,水切り・枝は長さ80cm以下・直径20cm以内で結束,各専用区分,FALSE,CURRENT,,,S-M009-02,https://www.town.oe.yamagata.jp/files/original/202403191138227511fcddfbe.pdf,もやせるごみ,,,,2026-08-17,INITIAL_REVIEW_REQUIRED,CATEGORY_LEVEL,UNREVIEWED,,,区分レベルデータから機械抽出。品目別公式根拠と条件枝の確認前はAPP_READYにしない。
MAP-M009-I021-01,M009,I021,1,category正式名称・代表品目から機械抽出,C-M009-01,もやせるごみ,要品目別確認,水切り・枝は長さ80cm以下・直径20cm以内で結束,各専用区分,FALSE,CURRENT,,,S-M009-02,https://www.town.oe.yamagata.jp/files/original/202403191138227511fcddfbe.pdf,もやせるごみ,,,,2026-08-17,INITIAL_REVIEW_REQUIRED,CATEGORY_LEVEL,UNREVIEWED,,,区分レベルデータから機械抽出。品目別公式根拠と条件枝の確認前はAPP_READYにしない。
MAP-M009-I023-01,M009,I023,1,category正式名称・代表品目から機械抽出,C-M009-02,もやせないごみ,要品目別確認,割れ物を包み表示・スプレー缶は使い切り穴を開けない,各専用区分,FALSE,CURRENT,,,S-M009-02,https://www.town.oe.yamagata.jp/files/original/202403191138227511fcddfbe.pdf,もやせないごみ,,,,2026-08-17,INITIAL_REVIEW_REQUIRED,CATEGORY_LEVEL,UNREVIEWED,,,区分レベルデータから機械抽出。品目別公式根拠と条件枝の確認前はAPP_READYにしない。
MAP-M009-I027-01,M009,I027,1,category正式名称・代表品目から機械抽出,C-M009-06,廃乾電池,家庭用,端子を絶縁,店頭回収・専門業者,FALSE,CURRENT,,,S-M009-02,https://www.town.oe.yamagata.jp/files/original/202403191138227511fcddfbe.pdf,廃乾電池,,,,2026-08-17,INITIAL_REVIEW_REQUIRED,CATEGORY_LEVEL,UNREVIEWED,,,区分レベルデータから機械抽出。品目別公式根拠と条件枝の確認前はAPP_READYにしない。
MAP-M009-I030-01,M009,I030,1,category正式名称・代表品目から機械抽出,C-M009-07,水銀含有ごみ,水銀使用製品,破損しないよう保護,もやせないごみ等,FALSE,CURRENT,,,S-M009-02,https://www.town.oe.yamagata.jp/files/original/202403191138227511fcddfbe.pdf,水銀含有ごみ,,,,2026-08-17,INITIAL_REVIEW_REQUIRED,CATEGORY_LEVEL,UNREVIEWED,,,区分レベルデータから機械抽出。品目別公式根拠と条件枝の確認前はAPP_READYにしない。
MAP-M009-I032-01,M009,I032,1,category正式名称・代表品目から機械抽出,C-M009-02,もやせないごみ,要品目別確認,割れ物を包み表示・スプレー缶は使い切り穴を開けない,各専用区分,FALSE,CURRENT,,,S-M009-02,https://www.town.oe.yamagata.jp/files/original/202403191138227511fcddfbe.pdf,もやせないごみ,,,,2026-08-17,INITIAL_REVIEW_REQUIRED,CATEGORY_LEVEL,UNREVIEWED,,,区分レベルデータから機械抽出。品目別公式根拠と条件枝の確認前はAPP_READYにしない。
MAP-M009-I034-01,M009,I034,1,category正式名称・代表品目から機械抽出,C-M009-02,もやせないごみ,要品目別確認,割れ物を包み表示・スプレー缶は使い切り穴を開けない,各専用区分,FALSE,CURRENT,,,S-M009-02,https://www.town.oe.yamagata.jp/files/original/202403191138227511fcddfbe.pdf,もやせないごみ,,,,2026-08-17,INITIAL_REVIEW_REQUIRED,CATEGORY_LEVEL,UNREVIEWED,,,区分レベルデータから機械抽出。品目別公式根拠と条件枝の確認前はAPP_READYにしない。
MAP-M009-I037-01,M009,I037,1,category正式名称・代表品目から機械抽出,C-M009-08,粗大ごみ,指定袋に入らない・品目表該当,電池・燃料を外す,販売店・専門業者,FALSE,CURRENT,,,S-M009-02,https://www.town.oe.yamagata.jp/files/original/202403191138227511fcddfbe.pdf,粗大ごみ,,,,2026-08-17,INITIAL_REVIEW_REQUIRED,CATEGORY_LEVEL,UNREVIEWED,,,区分レベルデータから機械抽出。品目別公式根拠と条件枝の確認前はAPP_READYにしない。
MAP-M009-I037-02,M009,I037,2,category正式名称・代表品目から機械抽出,C-M009-09,町で収集・処理できないもの,施設処理不可,受入先の指示に従う,販売店・専門業者・医療機関,TRUE,CURRENT,,,S-M009-02,https://www.town.oe.yamagata.jp/files/original/202403191138227511fcddfbe.pdf,町で収集・処理できないもの,,,,2026-08-17,INITIAL_REVIEW_REQUIRED,CATEGORY_LEVEL,UNREVIEWED,,,区分レベルデータから機械抽出。品目別公式根拠と条件枝の確認前はAPP_READYにしない。
MAP-M010-I001-01,M010,I001,1,category正式名称・代表品目から機械抽出,C-M010-07,ペットボトル,要品目別確認,キャップとラベルを外しすすぐ,プラスチック製容器包装等,FALSE,CURRENT,,,S-M010-01,https://www.city.utsunomiya.lg.jp/kurashi/gomi/kateigomi/dashikata/index.html,ペットボトル,,,,2026-08-17,INITIAL_REVIEW_REQUIRED,CATEGORY_LEVEL,UNREVIEWED,,,区分レベルデータから機械抽出。品目別公式根拠と条件枝の確認前はAPP_READYにしない。
MAP-M010-I006-01,M010,I006,1,category正式名称・代表品目から機械抽出,C-M010-06,びん缶類,要品目別確認,キャップを外しすすぐ,不燃ごみ,FALSE,CURRENT,,,S-M010-01,https://www.city.utsunomiya.lg.jp/kurashi/gomi/kateigomi/dashikata/index.html,びん缶類,,,,2026-08-17,INITIAL_REVIEW_REQUIRED,CATEGORY_LEVEL,UNREVIEWED,,,区分レベルデータから機械抽出。品目別公式根拠と条件枝の確認前はAPP_READYにしない。
MAP-M010-I007-01,M010,I007,1,category正式名称・代表品目から機械抽出,C-M010-08,白色トレイ,要品目別確認,洗って乾かす,プラスチック製容器包装または焼却ごみ,FALSE,CURRENT,,,S-M010-01,https://www.city.utsunomiya.lg.jp/kurashi/gomi/kateigomi/dashikata/index.html,白色トレイ,,,,2026-08-17,INITIAL_REVIEW_REQUIRED,CATEGORY_LEVEL,UNREVIEWED,,,区分レベルデータから機械抽出。品目別公式根拠と条件枝の確認前はAPP_READYにしない。
MAP-M010-I013-01,M010,I013,1,category正式名称・代表品目から機械抽出,C-M010-01,新聞,要品目別確認,ひもで結ぶ,焼却ごみ,FALSE,CURRENT,,,S-M010-01,https://www.city.utsunomiya.lg.jp/kurashi/gomi/kateigomi/dashikata/index.html,新聞,,,,2026-08-17,INITIAL_REVIEW_REQUIRED,CATEGORY_LEVEL,UNREVIEWED,,,区分レベルデータから機械抽出。品目別公式根拠と条件枝の確認前はAPP_READYにしない。
MAP-M010-I014-01,M010,I014,1,category正式名称・代表品目から機械抽出,C-M010-02,ダンボール,要品目別確認,たたみ結束,焼却ごみ,FALSE,CURRENT,,,S-M010-01,https://www.city.utsunomiya.lg.jp/kurashi/gomi/kateigomi/dashikata/index.html,ダンボール,,,,2026-08-17,INITIAL_REVIEW_REQUIRED,CATEGORY_LEVEL,UNREVIEWED,,,区分レベルデータから機械抽出。品目別公式根拠と条件枝の確認前はAPP_READYにしない。
MAP-M010-I015-01,M010,I015,1,category正式名称・代表品目から機械抽出,C-M010-03,雑誌・その他の紙,要品目別確認,結束または紙袋,焼却ごみ,FALSE,CURRENT,,,S-M010-01,https://www.city.utsunomiya.lg.jp/kurashi/gomi/kateigomi/dashikata/index.html,雑誌・その他の紙,,,,2026-08-17,INITIAL_REVIEW_REQUIRED,CATEGORY_LEVEL,UNREVIEWED,,,区分レベルデータから機械抽出。品目別公式根拠と条件枝の確認前はAPP_READYにしない。
MAP-M010-I017-01,M010,I017,1,category正式名称・代表品目から機械抽出,C-M010-04,紙パック,要品目別確認,洗って開き乾かす,焼却ごみ,FALSE,CURRENT,,,S-M010-01,https://www.city.utsunomiya.lg.jp/kurashi/gomi/kateigomi/dashikata/index.html,紙パック,,,,2026-08-17,INITIAL_REVIEW_REQUIRED,CATEGORY_LEVEL,UNREVIEWED,,,区分レベルデータから機械抽出。品目別公式根拠と条件枝の確認前はAPP_READYにしない。
MAP-M010-I018-01,M010,I018,1,category正式名称・代表品目から機械抽出,C-M010-10,焼却ごみ,要品目別確認,水切り・長い物を規定内にする,不燃ごみ等,FALSE,CURRENT,,,S-M010-01,https://www.city.utsunomiya.lg.jp/kurashi/gomi/kateigomi/dashikata/index.html,焼却ごみ,,,,2026-08-17,INITIAL_REVIEW_REQUIRED,CATEGORY_LEVEL,UNREVIEWED,,,区分レベルデータから機械抽出。品目別公式根拠と条件枝の確認前はAPP_READYにしない。
MAP-M010-I021-01,M010,I021,1,category正式名称・代表品目から機械抽出,C-M010-05,布類,再利用可能,洗ってたたむ,焼却ごみまたは粗大ごみ,FALSE,CURRENT,,,S-M010-01,https://www.city.utsunomiya.lg.jp/kurashi/gomi/kateigomi/dashikata/index.html,布類,,,,2026-08-17,INITIAL_REVIEW_REQUIRED,CATEGORY_LEVEL,UNREVIEWED,,,区分レベルデータから機械抽出。品目別公式根拠と条件枝の確認前はAPP_READYにしない。
MAP-M010-I023-01,M010,I023,1,category正式名称・代表品目から機械抽出,C-M010-11,不燃ごみ,縦横高さ50cm未満,電池を外し割れ物を包む,粗大ごみ・危険ごみ・メーカー回収,FALSE,CURRENT,,,S-M010-01,https://www.city.utsunomiya.lg.jp/kurashi/gomi/kateigomi/dashikata/index.html,不燃ごみ,,,,2026-08-17,INITIAL_REVIEW_REQUIRED,CATEGORY_LEVEL,UNREVIEWED,,,区分レベルデータから機械抽出。品目別公式根拠と条件枝の確認前はAPP_READYにしない。
MAP-M010-I026-01,M010,I026,1,category正式名称・代表品目から機械抽出,C-M010-13,危険ごみ（その他危険ごみ）,要品目別確認,使い切る・刃を保護・蛍光管を保護,不燃ごみ・医療機関・電池類,FALSE,CURRENT,,,S-M010-01,https://www.city.utsunomiya.lg.jp/kurashi/gomi/kateigomi/dashikata/index.html,危険ごみ（その他危険ごみ）,,,,2026-08-17,INITIAL_REVIEW_REQUIRED,CATEGORY_LEVEL,UNREVIEWED,,,区分レベルデータから機械抽出。品目別公式根拠と条件枝の確認前はAPP_READYにしない。
MAP-M010-I027-01,M010,I027,1,category正式名称・代表品目から機械抽出,C-M010-12,危険ごみ（電池類）,家庭用電池,端子を絶縁,販売店等,FALSE,CURRENT,,,S-M010-01,https://www.city.utsunomiya.lg.jp/kurashi/gomi/kateigomi/dashikata/index.html,危険ごみ（電池類）,,,,2026-08-17,INITIAL_REVIEW_REQUIRED,CATEGORY_LEVEL,UNREVIEWED,,,区分レベルデータから機械抽出。品目別公式根拠と条件枝の確認前はAPP_READYにしない。
MAP-M010-I028-01,M010,I028,1,category正式名称・代表品目から機械抽出,C-M010-12,危険ごみ（電池類）,家庭用電池,端子を絶縁,販売店等,FALSE,CURRENT,,,S-M010-01,https://www.city.utsunomiya.lg.jp/kurashi/gomi/kateigomi/dashikata/index.html,危険ごみ（電池類）,,,,2026-08-17,INITIAL_REVIEW_REQUIRED,CATEGORY_LEVEL,UNREVIEWED,,,区分レベルデータから機械抽出。品目別公式根拠と条件枝の確認前はAPP_READYにしない。
MAP-M010-I029-01,M010,I029,1,category正式名称・代表品目から機械抽出,C-M010-12,危険ごみ（電池類）,家庭用電池,端子を絶縁,販売店等,FALSE,CURRENT,,,S-M010-01,https://www.city.utsunomiya.lg.jp/kurashi/gomi/kateigomi/dashikata/index.html,危険ごみ（電池類）,,,,2026-08-17,INITIAL_REVIEW_REQUIRED,CATEGORY_LEVEL,UNREVIEWED,,,区分レベルデータから機械抽出。品目別公式根拠と条件枝の確認前はAPP_READYにしない。
MAP-M010-I030-01,M010,I030,1,category正式名称・代表品目から機械抽出,C-M010-13,危険ごみ（その他危険ごみ）,要品目別確認,使い切る・刃を保護・蛍光管を保護,不燃ごみ・医療機関・電池類,FALSE,CURRENT,,,S-M010-01,https://www.city.utsunomiya.lg.jp/kurashi/gomi/kateigomi/dashikata/index.html,危険ごみ（その他危険ごみ）,,,,2026-08-17,INITIAL_REVIEW_REQUIRED,CATEGORY_LEVEL,UNREVIEWED,,,区分レベルデータから機械抽出。品目別公式根拠と条件枝の確認前はAPP_READYにしない。
MAP-M010-I031-01,M010,I031,1,category正式名称・代表品目から機械抽出,C-M010-13,危険ごみ（その他危険ごみ）,要品目別確認,使い切る・刃を保護・蛍光管を保護,不燃ごみ・医療機関・電池類,FALSE,CURRENT,,,S-M010-01,https://www.city.utsunomiya.lg.jp/kurashi/gomi/kateigomi/dashikata/index.html,危険ごみ（その他危険ごみ）,,,,2026-08-17,INITIAL_REVIEW_REQUIRED,CATEGORY_LEVEL,UNREVIEWED,,,区分レベルデータから機械抽出。品目別公式根拠と条件枝の確認前はAPP_READYにしない。
MAP-M010-I032-01,M010,I032,1,category正式名称・代表品目から機械抽出,C-M010-13,危険ごみ（その他危険ごみ）,要品目別確認,使い切る・刃を保護・蛍光管を保護,不燃ごみ・医療機関・電池類,FALSE,CURRENT,,,S-M010-01,https://www.city.utsunomiya.lg.jp/kurashi/gomi/kateigomi/dashikata/index.html,危険ごみ（その他危険ごみ）,,,,2026-08-17,INITIAL_REVIEW_REQUIRED,CATEGORY_LEVEL,UNREVIEWED,,,区分レベルデータから機械抽出。品目別公式根拠と条件枝の確認前はAPP_READYにしない。
MAP-M010-I033-01,M010,I033,1,category正式名称・代表品目から機械抽出,C-M010-13,危険ごみ（その他危険ごみ）,要品目別確認,使い切る・刃を保護・蛍光管を保護,不燃ごみ・医療機関・電池類,FALSE,CURRENT,,,S-M010-01,https://www.city.utsunomiya.lg.jp/kurashi/gomi/kateigomi/dashikata/index.html,危険ごみ（その他危険ごみ）,,,,2026-08-17,INITIAL_REVIEW_REQUIRED,CATEGORY_LEVEL,UNREVIEWED,,,区分レベルデータから機械抽出。品目別公式根拠と条件枝の確認前はAPP_READYにしない。
MAP-M010-I037-02,M010,I037,1,category正式名称・代表品目から機械抽出,C-M010-15,市では収集しないごみ・処理できないごみ,法定リサイクル・施設処理不可,受入先の指示に従う,販売店・メーカー・専門業者,TRUE,CURRENT,,,S-M010-04,https://www.city.utsunomiya.lg.jp/kurashi/gomi/kateigomi/dashikata/1004978.html,市では収集しないごみ・処理できないごみ,,,,2026-08-17,INITIAL_REVIEW_REQUIRED,CATEGORY_LEVEL,UNREVIEWED,,,区分レベルデータから機械抽出。品目別公式根拠と条件枝の確認前はAPP_READYにしない。
MAP-M010-I038-03,M010,I038,1,category正式名称・代表品目から機械抽出,C-M010-15,市では収集しないごみ・処理できないごみ,法定リサイクル・施設処理不可,受入先の指示に従う,販売店・メーカー・専門業者,TRUE,CURRENT,,,S-M010-04,https://www.city.utsunomiya.lg.jp/kurashi/gomi/kateigomi/dashikata/1004978.html,市では収集しないごみ・処理できないごみ,,,,2026-08-17,INITIAL_REVIEW_REQUIRED,CATEGORY_LEVEL,UNREVIEWED,,,区分レベルデータから機械抽出。品目別公式根拠と条件枝の確認前はAPP_READYにしない。
MAP-M011-I001-01,M011,I001,1,category正式名称・代表品目から機械抽出,C-M011-04,ペットボトル,飲料用,キャップとラベルを外し空にする,プラスチック資源等,FALSE,CURRENT,,,S-M011-02,https://www.town.oizumi.gunma.jp/s024/kurashi/010/010/110/R8-illust-j.pdf,ペットボトル,,,,2026-08-17,INITIAL_REVIEW_REQUIRED,CATEGORY_LEVEL,UNREVIEWED,,,区分レベルデータから機械抽出。品目別公式根拠と条件枝の確認前はAPP_READYにしない。
MAP-M011-I004-01,M011,I004,1,category正式名称・代表品目から機械抽出,C-M011-08,アルミ缶・スチール缶,飲食用,中を空にする,燃えないごみまたは危険な物,FALSE,CURRENT,,,S-M011-02,https://www.town.oizumi.gunma.jp/s024/kurashi/010/010/110/R8-illust-j.pdf,アルミ缶・スチール缶,,,,2026-08-17,INITIAL_REVIEW_REQUIRED,CATEGORY_LEVEL,UNREVIEWED,,,区分レベルデータから機械抽出。品目別公式根拠と条件枝の確認前はAPP_READYにしない。
MAP-M011-I005-01,M011,I005,1,category正式名称・代表品目から機械抽出,C-M011-08,アルミ缶・スチール缶,飲食用,中を空にする,燃えないごみまたは危険な物,FALSE,CURRENT,,,S-M011-02,https://www.town.oizumi.gunma.jp/s024/kurashi/010/010/110/R8-illust-j.pdf,アルミ缶・スチール缶,,,,2026-08-17,INITIAL_REVIEW_REQUIRED,CATEGORY_LEVEL,UNREVIEWED,,,区分レベルデータから機械抽出。品目別公式根拠と条件枝の確認前はAPP_READYにしない。
MAP-M011-I006-01,M011,I006,1,category正式名称・代表品目から機械抽出,C-M011-05,無色透明びん,飲食用,キャップを外し空にする,燃えないごみ,FALSE,CURRENT,,,S-M011-02,https://www.town.oizumi.gunma.jp/s024/kurashi/010/010/110/R8-illust-j.pdf,無色透明びん,,,,2026-08-17,INITIAL_REVIEW_REQUIRED,CATEGORY_LEVEL,UNREVIEWED,,,区分レベルデータから機械抽出。品目別公式根拠と条件枝の確認前はAPP_READYにしない。
MAP-M011-I006-02,M011,I006,2,category正式名称・代表品目から機械抽出,C-M011-06,茶色びん,飲食用,キャップを外し空にする,燃えないごみ,FALSE,CURRENT,,,S-M011-02,https://www.town.oizumi.gunma.jp/s024/kurashi/010/010/110/R8-illust-j.pdf,茶色びん,,,,2026-08-17,INITIAL_REVIEW_REQUIRED,CATEGORY_LEVEL,UNREVIEWED,,,区分レベルデータから機械抽出。品目別公式根拠と条件枝の確認前はAPP_READYにしない。
MAP-M011-I006-03,M011,I006,3,category正式名称・代表品目から機械抽出,C-M011-07,その他の色のびん,飲食用,キャップを外し空にする,燃えないごみ,FALSE,CURRENT,,,S-M011-02,https://www.town.oizumi.gunma.jp/s024/kurashi/010/010/110/R8-illust-j.pdf,その他の色のびん,,,,2026-08-17,INITIAL_REVIEW_REQUIRED,CATEGORY_LEVEL,UNREVIEWED,,,区分レベルデータから機械抽出。品目別公式根拠と条件枝の確認前はAPP_READYにしない。
MAP-M011-I007-01,M011,I007,1,category正式名称・代表品目から機械抽出,C-M011-09,白色トレイ,パリッと割れる発泡素材,洗って乾かす,燃えるごみ,FALSE,CURRENT,,,S-M011-02,https://www.town.oizumi.gunma.jp/s024/kurashi/010/010/110/R8-illust-j.pdf,白色トレイ,,,,2026-08-17,INITIAL_REVIEW_REQUIRED,CATEGORY_LEVEL,UNREVIEWED,,,区分レベルデータから機械抽出。品目別公式根拠と条件枝の確認前はAPP_READYにしない。
MAP-M011-I013-01,M011,I013,1,category正式名称・代表品目から機械抽出,C-M011-11,古新聞・古雑誌・段ボール・古布・その他の紙,資源化可能,紙は紙ひもで結束・雑紙は紙袋等,燃えるごみ,FALSE,CURRENT,,,S-M011-02,https://www.town.oizumi.gunma.jp/s024/kurashi/010/010/110/R8-illust-j.pdf,古新聞・古雑誌・段ボール・古布・その他の紙,,,,2026-08-17,INITIAL_REVIEW_REQUIRED,CATEGORY_LEVEL,UNREVIEWED,,,区分レベルデータから機械抽出。品目別公式根拠と条件枝の確認前はAPP_READYにしない。
MAP-M011-I014-01,M011,I014,1,category正式名称・代表品目から機械抽出,C-M011-11,古新聞・古雑誌・段ボール・古布・その他の紙,資源化可能,紙は紙ひもで結束・雑紙は紙袋等,燃えるごみ,FALSE,CURRENT,,,S-M011-02,https://www.town.oizumi.gunma.jp/s024/kurashi/010/010/110/R8-illust-j.pdf,古新聞・古雑誌・段ボール・古布・その他の紙,,,,2026-08-17,INITIAL_REVIEW_REQUIRED,CATEGORY_LEVEL,UNREVIEWED,,,区分レベルデータから機械抽出。品目別公式根拠と条件枝の確認前はAPP_READYにしない。
MAP-M011-I015-01,M011,I015,1,category正式名称・代表品目から機械抽出,C-M011-11,古新聞・古雑誌・段ボール・古布・その他の紙,資源化可能,紙は紙ひもで結束・雑紙は紙袋等,燃えるごみ,FALSE,CURRENT,,,S-M011-02,https://www.town.oizumi.gunma.jp/s024/kurashi/010/010/110/R8-illust-j.pdf,古新聞・古雑誌・段ボール・古布・その他の紙,,,,2026-08-17,INITIAL_REVIEW_REQUIRED,CATEGORY_LEVEL,UNREVIEWED,,,区分レベルデータから機械抽出。品目別公式根拠と条件枝の確認前はAPP_READYにしない。
MAP-M011-I017-01,M011,I017,1,category正式名称・代表品目から機械抽出,C-M011-10,紙パック,要品目別確認,洗って開き乾かす,燃えるごみ,FALSE,CURRENT,,,S-M011-02,https://www.town.oizumi.gunma.jp/s024/kurashi/010/010/110/R8-illust-j.pdf,紙パック,,,,2026-08-17,INITIAL_REVIEW_REQUIRED,CATEGORY_LEVEL,UNREVIEWED,,,区分レベルデータから機械抽出。品目別公式根拠と条件枝の確認前はAPP_READYにしない。
MAP-M011-I018-01,M011,I018,1,category正式名称・代表品目から機械抽出,C-M011-01,燃えるごみ,要品目別確認,水切り・布団を小さく結束・枝木は規定内,各専用区分,FALSE,CURRENT,,,S-M011-02,https://www.town.oizumi.gunma.jp/s024/kurashi/010/010/110/R8-illust-j.pdf,燃えるごみ,,,,2026-08-17,INITIAL_REVIEW_REQUIRED,CATEGORY_LEVEL,UNREVIEWED,,,区分レベルデータから機械抽出。品目別公式根拠と条件枝の確認前はAPP_READYにしない。
MAP-M011-I022-01,M011,I022,1,category正式名称・代表品目から機械抽出,C-M011-02,燃えないごみ,1辺60cm以内,電池を外し割れ物を包む,粗大ごみ・資源ごみ・危険な物,FALSE,CURRENT,,,S-M011-02,https://www.town.oizumi.gunma.jp/s024/kurashi/010/010/110/R8-illust-j.pdf,燃えないごみ,,,,2026-08-17,INITIAL_REVIEW_REQUIRED,CATEGORY_LEVEL,UNREVIEWED,,,区分レベルデータから機械抽出。品目別公式根拠と条件枝の確認前はAPP_READYにしない。
MAP-M011-I024-01,M011,I024,1,category正式名称・代表品目から機械抽出,C-M011-02,燃えないごみ,1辺60cm以内,電池を外し割れ物を包む,粗大ごみ・資源ごみ・危険な物,FALSE,CURRENT,,,S-M011-02,https://www.town.oizumi.gunma.jp/s024/kurashi/010/010/110/R8-illust-j.pdf,燃えないごみ,,,,2026-08-17,INITIAL_REVIEW_REQUIRED,CATEGORY_LEVEL,UNREVIEWED,,,区分レベルデータから機械抽出。品目別公式根拠と条件枝の確認前はAPP_READYにしない。
MAP-M011-I027-01,M011,I027,1,category正式名称・代表品目から機械抽出,C-M011-12,危険な物,家庭用,スプレー缶は使い切り穴を開けない・電池は絶縁,燃えないごみ等,FALSE,CURRENT,,,S-M011-02,https://www.town.oizumi.gunma.jp/s024/kurashi/010/010/110/R8-illust-j.pdf,危険な物,,,,2026-08-17,INITIAL_REVIEW_REQUIRED,CATEGORY_LEVEL,UNREVIEWED,,,区分レベルデータから機械抽出。品目別公式根拠と条件枝の確認前はAPP_READYにしない。
MAP-M011-I030-01,M011,I030,1,category正式名称・代表品目から機械抽出,C-M011-12,危険な物,家庭用,スプレー缶は使い切り穴を開けない・電池は絶縁,燃えないごみ等,FALSE,CURRENT,,,S-M011-02,https://www.town.oizumi.gunma.jp/s024/kurashi/010/010/110/R8-illust-j.pdf,危険な物,,,,2026-08-17,INITIAL_REVIEW_REQUIRED,CATEGORY_LEVEL,UNREVIEWED,,,区分レベルデータから機械抽出。品目別公式根拠と条件枝の確認前はAPP_READYにしない。
MAP-M011-I031-01,M011,I031,1,category正式名称・代表品目から機械抽出,C-M011-12,危険な物,家庭用,スプレー缶は使い切り穴を開けない・電池は絶縁,燃えないごみ等,FALSE,CURRENT,,,S-M011-02,https://www.town.oizumi.gunma.jp/s024/kurashi/010/010/110/R8-illust-j.pdf,危険な物,,,,2026-08-17,INITIAL_REVIEW_REQUIRED,CATEGORY_LEVEL,UNREVIEWED,,,区分レベルデータから機械抽出。品目別公式根拠と条件枝の確認前はAPP_READYにしない。
MAP-M011-I032-02,M011,I032,1,category正式名称・代表品目から機械抽出,C-M011-12,危険な物,家庭用,スプレー缶は使い切り穴を開けない・電池は絶縁,燃えないごみ等,FALSE,CURRENT,,,S-M011-02,https://www.town.oizumi.gunma.jp/s024/kurashi/010/010/110/R8-illust-j.pdf,危険な物,,,,2026-08-17,INITIAL_REVIEW_REQUIRED,CATEGORY_LEVEL,UNREVIEWED,,,区分レベルデータから機械抽出。品目別公式根拠と条件枝の確認前はAPP_READYにしない。
MAP-M011-I033-01,M011,I033,1,category正式名称・代表品目から機械抽出,C-M011-12,危険な物,家庭用,スプレー缶は使い切り穴を開けない・電池は絶縁,燃えないごみ等,FALSE,CURRENT,,,S-M011-02,https://www.town.oizumi.gunma.jp/s024/kurashi/010/010/110/R8-illust-j.pdf,危険な物,,,,2026-08-17,INITIAL_REVIEW_REQUIRED,CATEGORY_LEVEL,UNREVIEWED,,,区分レベルデータから機械抽出。品目別公式根拠と条件枝の確認前はAPP_READYにしない。
MAP-M011-I034-01,M011,I034,1,category正式名称・代表品目から機械抽出,C-M011-02,燃えないごみ,1辺60cm以内,電池を外し割れ物を包む,粗大ごみ・資源ごみ・危険な物,FALSE,CURRENT,,,S-M011-02,https://www.town.oizumi.gunma.jp/s024/kurashi/010/010/110/R8-illust-j.pdf,燃えないごみ,,,,2026-08-17,INITIAL_REVIEW_REQUIRED,CATEGORY_LEVEL,UNREVIEWED,,,区分レベルデータから機械抽出。品目別公式根拠と条件枝の確認前はAPP_READYにしない。
MAP-M011-I036-01,M011,I036,1,category正式名称・代表品目から機械抽出,C-M011-01,燃えるごみ,要品目別確認,水切り・布団を小さく結束・枝木は規定内,各専用区分,FALSE,CURRENT,,,S-M011-02,https://www.town.oizumi.gunma.jp/s024/kurashi/010/010/110/R8-illust-j.pdf,燃えるごみ,,,,2026-08-17,INITIAL_REVIEW_REQUIRED,CATEGORY_LEVEL,UNREVIEWED,,,区分レベルデータから機械抽出。品目別公式根拠と条件枝の確認前はAPP_READYにしない。
MAP-M011-I037-02,M011,I037,1,category正式名称・代表品目から機械抽出,C-M011-15,ステーションに出せないごみ,法定リサイクル・処理困難・大型,受入先の指示に従う,施設自己搬入・販売店・許可業者,TRUE,CURRENT,,,S-M011-02,https://www.town.oizumi.gunma.jp/s024/kurashi/010/010/110/R8-illust-j.pdf,ステーションに出せないごみ,,,,2026-08-17,INITIAL_REVIEW_REQUIRED,CATEGORY_LEVEL,UNREVIEWED,,,区分レベルデータから機械抽出。品目別公式根拠と条件枝の確認前はAPP_READYにしない。
MAP-M011-I038-01,M011,I038,1,category正式名称・代表品目から機械抽出,C-M011-15,ステーションに出せないごみ,法定リサイクル・処理困難・大型,受入先の指示に従う,施設自己搬入・販売店・許可業者,TRUE,CURRENT,,,S-M011-02,https://www.town.oizumi.gunma.jp/s024/kurashi/010/010/110/R8-illust-j.pdf,ステーションに出せないごみ,,,,2026-08-17,INITIAL_REVIEW_REQUIRED,CATEGORY_LEVEL,UNREVIEWED,,,区分レベルデータから機械抽出。品目別公式根拠と条件枝の確認前はAPP_READYにしない。
MAP-M011-I040-01,M011,I040,1,category正式名称・代表品目から機械抽出,C-M011-01,燃えるごみ,要品目別確認,水切り・布団を小さく結束・枝木は規定内,各専用区分,FALSE,CURRENT,,,S-M011-02,https://www.town.oizumi.gunma.jp/s024/kurashi/010/010/110/R8-illust-j.pdf,燃えるごみ,,,,2026-08-17,INITIAL_REVIEW_REQUIRED,CATEGORY_LEVEL,UNREVIEWED,,,区分レベルデータから機械抽出。品目別公式根拠と条件枝の確認前はAPP_READYにしない。
MAP-M011-I040-02,M011,I040,2,category正式名称・代表品目から機械抽出,C-M011-14,剪定枝,町案内の条件内,枝以外を除く,燃えるごみまたは専門業者,FALSE,CURRENT,,,S-M011-02,https://www.town.oizumi.gunma.jp/s024/kurashi/010/010/110/R8-illust-j.pdf,剪定枝,,,,2026-08-17,INITIAL_REVIEW_REQUIRED,CATEGORY_LEVEL,UNREVIEWED,,,区分レベルデータから機械抽出。品目別公式根拠と条件枝の確認前はAPP_READYにしない。
MAP-M012-I001-C-M012-09,M012,I001,1,category正式名称・代表品目から機械抽出,C-M012-09,ペットボトル,要品目別確認,キャップとラベルを外し、中をすすいでつぶす,他のプラ表示はその他プラスチック、塗装品は燃やせるごみ,FALSE,CURRENT,,,S-M012-02,https://www.city.satte.lg.jp/material/files/group/14/setumei.pdf,p27 かん・びん・ペットボトル,,,,2026-08-18,INITIAL_REVIEW_REQUIRED,CATEGORY_LEVEL,UNREVIEWED,,,Positive evidence（category正式名称・代表品目）から機械抽出。品目別公式根拠と条件枝の確認前はAPP_READYにしない。
MAP-M012-I004-C-M012-07,M012,I004,1,category正式名称・代表品目から機械抽出,C-M012-07,かん,要品目別確認,中をすすぎ、つぶさずに出す,塗料缶等は中身を除いて燃やせないごみ,FALSE,CURRENT,,,S-M012-02,https://www.city.satte.lg.jp/material/files/group/14/setumei.pdf,p27 かん・びん・ペットボトル,,,,2026-08-18,INITIAL_REVIEW_REQUIRED,CATEGORY_LEVEL,UNREVIEWED,,,Positive evidence（category正式名称・代表品目）から機械抽出。品目別公式根拠と条件枝の確認前はAPP_READYにしない。
MAP-M012-I005-C-M012-07,M012,I005,1,category正式名称・代表品目から機械抽出,C-M012-07,かん,要品目別確認,中をすすぎ、つぶさずに出す,塗料缶等は中身を除いて燃やせないごみ,FALSE,CURRENT,,,S-M012-02,https://www.city.satte.lg.jp/material/files/group/14/setumei.pdf,p27 かん・びん・ペットボトル,,,,2026-08-18,INITIAL_REVIEW_REQUIRED,CATEGORY_LEVEL,UNREVIEWED,,,Positive evidence（category正式名称・代表品目）から機械抽出。品目別公式根拠と条件枝の確認前はAPP_READYにしない。
MAP-M012-I006-C-M012-08,M012,I006,1,category正式名称・代表品目から機械抽出,C-M012-08,びん,要品目別確認,ふたを外して中をすすぐ,対象外びんは中身を除いて燃やせないごみ。リターナブルびんは販売店返却可,FALSE,CURRENT,,,S-M012-02,https://www.city.satte.lg.jp/material/files/group/14/setumei.pdf,p27 かん・びん・ペットボトル,,,,2026-08-18,INITIAL_REVIEW_REQUIRED,CATEGORY_LEVEL,UNREVIEWED,,,Positive evidence（category正式名称・代表品目）から機械抽出。品目別公式根拠と条件枝の確認前はAPP_READYにしない。
MAP-M012-I012-C-M012-06,M012,I012,1,category正式名称・代表品目から機械抽出,C-M012-06,その他プラスチック,要品目別確認,中身を空にし、汚れを洗うか拭き取って乾かす,製品プラスチックとかみそりは燃やせないごみ、汚れが落ちない物は燃やせるごみ,FALSE,CURRENT,,,S-M012-02,https://www.city.satte.lg.jp/material/files/group/14/setumei.pdf,p26 その他プラスチック,,,,2026-08-18,INITIAL_REVIEW_REQUIRED,CATEGORY_LEVEL,UNREVIEWED,,,Positive evidence（category正式名称・代表品目）から機械抽出。品目別公式根拠と条件枝の確認前はAPP_READYにしない。
MAP-M012-I013-C-M012-10,M012,I013,1,category正式名称・代表品目から機械抽出,C-M012-10,新聞,要品目別確認,新聞と折込広告を一緒に種類別にまとめる,リサイクルできない紙は燃やせるごみ,FALSE,CURRENT,,,S-M012-02,https://www.city.satte.lg.jp/material/files/group/14/setumei.pdf,p28 紙類,,,,2026-08-18,INITIAL_REVIEW_REQUIRED,CATEGORY_LEVEL,UNREVIEWED,,,Positive evidence（category正式名称・代表品目）から機械抽出。品目別公式根拠と条件枝の確認前はAPP_READYにしない。
MAP-M012-I014-C-M012-13,M012,I014,1,category正式名称・代表品目から機械抽出,C-M012-13,段ボール,要品目別確認,折りたたんで種類別にまとめる,汚れた物は燃やせるごみ,FALSE,CURRENT,,,S-M012-02,https://www.city.satte.lg.jp/material/files/group/14/setumei.pdf,p28 紙類,,,,2026-08-18,INITIAL_REVIEW_REQUIRED,CATEGORY_LEVEL,UNREVIEWED,,,Positive evidence（category正式名称・代表品目）から機械抽出。品目別公式根拠と条件枝の確認前はAPP_READYにしない。
MAP-M012-I015-C-M012-11,M012,I015,1,category正式名称・代表品目から機械抽出,C-M012-11,雑誌,要品目別確認,雑誌・書籍・ノートを種類別にまとめる,金具は燃やせないごみ、リサイクルできない紙は燃やせるごみ,FALSE,CURRENT,,,S-M012-02,https://www.city.satte.lg.jp/material/files/group/14/setumei.pdf,p28 紙類,,,,2026-08-18,INITIAL_REVIEW_REQUIRED,CATEGORY_LEVEL,UNREVIEWED,,,Positive evidence（category正式名称・代表品目）から機械抽出。品目別公式根拠と条件枝の確認前はAPP_READYにしない。
MAP-M012-I017-C-M012-14,M012,I017,1,category正式名称・代表品目から機械抽出,C-M012-14,紙パック,要品目別確認,洗って切り開き、乾かす。キャップ口等の非紙部分は切り取る,内側アルミ加工品は燃やせるごみ。注ぎ口等の非紙部分は切り離して材質別区分,FALSE,CURRENT,,,S-M012-02,https://www.city.satte.lg.jp/material/files/group/14/setumei.pdf,p28 紙類,,,,2026-08-18,INITIAL_REVIEW_REQUIRED,CATEGORY_LEVEL,UNREVIEWED,,,Positive evidence（category正式名称・代表品目）から機械抽出。品目別公式根拠と条件枝の確認前はAPP_READYにしない。
MAP-M012-I018-C-M012-01,M012,I018,1,category正式名称・代表品目から機械抽出,C-M012-01,燃やせるごみ,要品目別確認,生ごみは水を切る。枝木は太さ5cm以下・長さ50cm以下にして直径30cm程度にひもで束ねる,アルミホイルは燃やせないごみ、資源化できる物は各資源区分,FALSE,CURRENT,,,S-M012-02,https://www.city.satte.lg.jp/material/files/group/14/setumei.pdf,p23 燃やせるごみ,,,,2026-08-18,INITIAL_REVIEW_REQUIRED,CATEGORY_LEVEL,UNREVIEWED,,,Positive evidence（category正式名称・代表品目）から機械抽出。品目別公式根拠と条件枝の確認前はAPP_READYにしない。
MAP-M012-I021-C-M012-15,M012,I021,1,category正式名称・代表品目から機械抽出,C-M012-15,布類,要品目別確認,洗濯して乾かし、たたむ。ファスナー・ボタンは外さない,汚れた衣類等は燃やせるごみ。布団・カーペット等と50cm以上の物は粗大ごみ,FALSE,CURRENT,,,S-M012-02,https://www.city.satte.lg.jp/material/files/group/14/setumei.pdf,p28 布類,,,,2026-08-18,INITIAL_REVIEW_REQUIRED,CATEGORY_LEVEL,UNREVIEWED,,,Positive evidence（category正式名称・代表品目）から機械抽出。品目別公式根拠と条件枝の確認前はAPP_READYにしない。
MAP-M012-I023-C-M012-02,M012,I023,1,category正式名称・代表品目から機械抽出,C-M012-02,燃やせないごみ,要品目別確認,割れ物・刃物は紙等で包み、危険物であることを表示する。容器は中身を空にして拭く,電池・蛍光管は有害ごみ、スプレー缶等は危険ごみ、50cm以上は粗大ごみ,FALSE,CURRENT,,,S-M012-02,https://www.city.satte.lg.jp/material/files/group/14/setumei.pdf,p24 燃やせないごみ,,,,2026-08-18,INITIAL_REVIEW_REQUIRED,CATEGORY_LEVEL,UNREVIEWED,,,Positive evidence（category正式名称・代表品目）から機械抽出。品目別公式根拠と条件枝の確認前はAPP_READYにしない。
MAP-M012-I027-C-M012-03,M012,I027,1,category正式名称・代表品目から機械抽出,C-M012-03,有害ごみ,要品目別確認,品目ごとに分ける。蛍光管は破損防止し、モバイルバッテリーは放電して端子を絶縁する,膨張したモバイルバッテリーは環境課へ直接持参。危険ごみ対象は危険ごみへ,FALSE,CURRENT,,,S-M012-02,https://www.city.satte.lg.jp/material/files/group/14/setumei.pdf,p24 有害ごみ,,,,2026-08-18,INITIAL_REVIEW_REQUIRED,CATEGORY_LEVEL,UNREVIEWED,,,Positive evidence（category正式名称・代表品目）から機械抽出。品目別公式根拠と条件枝の確認前はAPP_READYにしない。
MAP-M012-I028-C-M012-03,M012,I028,1,category正式名称・代表品目から機械抽出,C-M012-03,有害ごみ,要品目別確認,品目ごとに分ける。蛍光管は破損防止し、モバイルバッテリーは放電して端子を絶縁する,膨張したモバイルバッテリーは環境課へ直接持参。危険ごみ対象は危険ごみへ,FALSE,CURRENT,,,S-M012-02,https://www.city.satte.lg.jp/material/files/group/14/setumei.pdf,p24 有害ごみ,,,,2026-08-18,INITIAL_REVIEW_REQUIRED,CATEGORY_LEVEL,UNREVIEWED,,,Positive evidence（category正式名称・代表品目）から機械抽出。品目別公式根拠と条件枝の確認前はAPP_READYにしない。
MAP-M012-I029-C-M012-03,M012,I029,1,category正式名称・代表品目から機械抽出,C-M012-03,有害ごみ,要品目別確認,品目ごとに分ける。蛍光管は破損防止し、モバイルバッテリーは放電して端子を絶縁する,膨張したモバイルバッテリーは環境課へ直接持参。危険ごみ対象は危険ごみへ,FALSE,CURRENT,,,S-M012-02,https://www.city.satte.lg.jp/material/files/group/14/setumei.pdf,p24 有害ごみ,,,,2026-08-18,INITIAL_REVIEW_REQUIRED,CATEGORY_LEVEL,UNREVIEWED,,,Positive evidence（category正式名称・代表品目）から機械抽出。品目別公式根拠と条件枝の確認前はAPP_READYにしない。
MAP-M012-I030-C-M012-03,M012,I030,1,category正式名称・代表品目から機械抽出,C-M012-03,有害ごみ,要品目別確認,品目ごとに分ける。蛍光管は破損防止し、モバイルバッテリーは放電して端子を絶縁する,膨張したモバイルバッテリーは環境課へ直接持参。危険ごみ対象は危険ごみへ,FALSE,CURRENT,,,S-M012-02,https://www.city.satte.lg.jp/material/files/group/14/setumei.pdf,p24 有害ごみ,,,,2026-08-18,INITIAL_REVIEW_REQUIRED,CATEGORY_LEVEL,UNREVIEWED,,,Positive evidence（category正式名称・代表品目）から機械抽出。品目別公式根拠と条件枝の確認前はAPP_READYにしない。
MAP-M012-I032-C-M012-04,M012,I032,1,category正式名称・代表品目から機械抽出,C-M012-04,危険ごみ,要品目別確認,できるだけ使い切る。使い切れない場合も穴は開けない,乾電池等は有害ごみ,FALSE,CURRENT,,,S-M012-02,https://www.city.satte.lg.jp/material/files/group/14/setumei.pdf,p25 危険ごみ,,,,2026-08-18,INITIAL_REVIEW_REQUIRED,CATEGORY_LEVEL,UNREVIEWED,,,Positive evidence（category正式名称・代表品目）から機械抽出。品目別公式根拠と条件枝の確認前はAPP_READYにしない。
MAP-M012-I033-C-M012-04,M012,I033,1,category正式名称・代表品目から機械抽出,C-M012-04,危険ごみ,要品目別確認,できるだけ使い切る。使い切れない場合も穴は開けない,乾電池等は有害ごみ,FALSE,CURRENT,,,S-M012-02,https://www.city.satte.lg.jp/material/files/group/14/setumei.pdf,p25 危険ごみ,,,,2026-08-18,INITIAL_REVIEW_REQUIRED,CATEGORY_LEVEL,UNREVIEWED,,,Positive evidence（category正式名称・代表品目）から機械抽出。品目別公式根拠と条件枝の確認前はAPP_READYにしない。
MAP-M012-I034-C-M012-16,M012,I034,1,category正式名称・代表品目から機械抽出,C-M012-16,使用済小型家電,要品目別確認,個人情報を消去し、電池を外す,モバイルバッテリーは有害ごみ。対象外品は分別早見表の区分,FALSE,CURRENT,,,S-M012-02,https://www.city.satte.lg.jp/material/files/group/14/setumei.pdf,p35 使用済小型家電,,,,2026-08-18,INITIAL_REVIEW_REQUIRED,CATEGORY_LEVEL,UNREVIEWED,,,Positive evidence（category正式名称・代表品目）から機械抽出。品目別公式根拠と条件枝の確認前はAPP_READYにしない。
MAP-M012-I037-C-M012-17,M012,I037,1,category正式名称・代表品目から機械抽出,C-M012-17,市で処理できないもの,要品目別確認,受入先の指示に従う,販売店・メーカー・専門業者へ相談,TRUE,CURRENT,,,S-M012-02,https://www.city.satte.lg.jp/material/files/group/14/setumei.pdf,p32 市で処理できないもの,,,,2026-08-18,INITIAL_REVIEW_REQUIRED,CATEGORY_LEVEL,UNREVIEWED,,,Positive evidence（category正式名称・代表品目）から機械抽出。品目別公式根拠と条件枝の確認前はAPP_READYにしない。
MAP-M012-I038-C-M012-17,M012,I038,1,category正式名称・代表品目から機械抽出,C-M012-17,市で処理できないもの,要品目別確認,受入先の指示に従う,販売店・メーカー・専門業者へ相談,TRUE,CURRENT,,,S-M012-02,https://www.city.satte.lg.jp/material/files/group/14/setumei.pdf,p32 市で処理できないもの,,,,2026-08-18,INITIAL_REVIEW_REQUIRED,CATEGORY_LEVEL,UNREVIEWED,,,Positive evidence（category正式名称・代表品目）から機械抽出。品目別公式根拠と条件枝の確認前はAPP_READYにしない。
MAP-M013-I001-01,M013,I001,1,category正式名称・代表品目から機械抽出,C-M013-05,ペットボトル,PET対象容器,キャップとラベルを外し中をすすぐ,キャップとラベルは資源プラスチック,FALSE,CURRENT,,,S-M013-03,https://www.city.minato.tokyo.jp/gomigenryou/2012_03_21.html,ペットボトルの出し方,,,,2026-08-17,INITIAL_REVIEW_REQUIRED,CATEGORY_LEVEL,UNREVIEWED,,,区分レベルデータから機械抽出。品目別公式根拠と条件枝の確認前はAPP_READYにしない。
MAP-M013-I006-01,M013,I006,1,category正式名称・代表品目から機械抽出,C-M013-03,びん,飲食用で中をすすげるびん,キャップやコルク・金属箔を外し軽くすすぐ,対象外は不燃ごみ等,FALSE,CURRENT,,,S-M013-03,https://www.city.minato.tokyo.jp/gomigenryou/kurashi/gomi/kate/s-wakekata/bin.html,びん・かんの出し方,,,,2026-08-17,INITIAL_REVIEW_REQUIRED,CATEGORY_LEVEL,UNREVIEWED,,,区分レベルデータから機械抽出。品目別公式根拠と条件枝の確認前はAPP_READYにしない。
MAP-M013-I018-01,M013,I018,1,category正式名称・代表品目から機械抽出,C-M013-06,可燃ごみ,家庭の可燃物,水切り・金属除去・汚物除去・枝を30cm程度・油を染み込ませるか固める,該当資源は資源区分,FALSE,CURRENT,,,S-M013-04,https://www.city.minato.tokyo.jp/gomigenryou/kurashi/gomi/kate/k-wakekata/kanen.html,可燃ごみ,,,,2026-08-17,INITIAL_REVIEW_REQUIRED,CATEGORY_LEVEL,UNREVIEWED,,,区分レベルデータから機械抽出。品目別公式根拠と条件枝の確認前はAPP_READYにしない。
MAP-M013-I020-01,M013,I020,1,category正式名称・代表品目から機械抽出,C-M013-06,可燃ごみ,家庭の可燃物,水切り・金属除去・汚物除去・枝を30cm程度・油を染み込ませるか固める,該当資源は資源区分,FALSE,CURRENT,,,S-M013-04,https://www.city.minato.tokyo.jp/gomigenryou/kurashi/gomi/kate/k-wakekata/kanen.html,可燃ごみ,,,,2026-08-17,INITIAL_REVIEW_REQUIRED,CATEGORY_LEVEL,UNREVIEWED,,,区分レベルデータから機械抽出。品目別公式根拠と条件枝の確認前はAPP_READYにしない。
MAP-M013-I021-01,M013,I021,1,category正式名称・代表品目から機械抽出,C-M013-06,可燃ごみ,家庭の可燃物,水切り・金属除去・汚物除去・枝を30cm程度・油を染み込ませるか固める,該当資源は資源区分,FALSE,CURRENT,,,S-M013-04,https://www.city.minato.tokyo.jp/gomigenryou/kurashi/gomi/kate/k-wakekata/kanen.html,可燃ごみ,,,,2026-08-17,INITIAL_REVIEW_REQUIRED,CATEGORY_LEVEL,UNREVIEWED,,,区分レベルデータから機械抽出。品目別公式根拠と条件枝の確認前はAPP_READYにしない。
MAP-M013-I021-02,M013,I021,2,category正式名称・代表品目から機械抽出,C-M013-09,古着・小型家電等,拠点回収対象品,古着は洗濯・小型家電は個人情報削除等,通常区分または専門経路,FALSE,CURRENT,,,S-M013-01,https://www.city.minato.tokyo.jp/documents/6284/20260604115859.pdf,P22-24 拠点回収,,,,2026-08-17,INITIAL_REVIEW_REQUIRED,CATEGORY_LEVEL,UNREVIEWED,,,区分レベルデータから機械抽出。品目別公式根拠と条件枝の確認前はAPP_READYにしない。
MAP-M013-I022-01,M013,I022,1,category正式名称・代表品目から機械抽出,C-M013-07,不燃ごみ,原則30cm未満の不燃物,割れ物や刃物は包みキケン表示・蛍光灯等はケースに入れる,30cm以上は粗大ごみ,FALSE,CURRENT,,,S-M013-05,https://www.city.minato.tokyo.jp/gomigenryou/kurashi/gomi/kate/k-wakekata/funen.html,不燃ごみ,,,,2026-08-17,INITIAL_REVIEW_REQUIRED,CATEGORY_LEVEL,UNREVIEWED,,,区分レベルデータから機械抽出。品目別公式根拠と条件枝の確認前はAPP_READYにしない。
MAP-M013-I023-01,M013,I023,1,category正式名称・代表品目から機械抽出,C-M013-07,不燃ごみ,原則30cm未満の不燃物,割れ物や刃物は包みキケン表示・蛍光灯等はケースに入れる,30cm以上は粗大ごみ,FALSE,CURRENT,,,S-M013-05,https://www.city.minato.tokyo.jp/gomigenryou/kurashi/gomi/kate/k-wakekata/funen.html,不燃ごみ,,,,2026-08-17,INITIAL_REVIEW_REQUIRED,CATEGORY_LEVEL,UNREVIEWED,,,区分レベルデータから機械抽出。品目別公式根拠と条件枝の確認前はAPP_READYにしない。
MAP-M013-I034-01,M013,I034,1,category正式名称・代表品目から機械抽出,C-M013-07,不燃ごみ,原則30cm未満の不燃物,割れ物や刃物は包みキケン表示・蛍光灯等はケースに入れる,30cm以上は粗大ごみ,FALSE,CURRENT,,,S-M013-05,https://www.city.minato.tokyo.jp/gomigenryou/kurashi/gomi/kate/k-wakekata/funen.html,不燃ごみ,,,,2026-08-17,INITIAL_REVIEW_REQUIRED,CATEGORY_LEVEL,UNREVIEWED,,,区分レベルデータから機械抽出。品目別公式根拠と条件枝の確認前はAPP_READYにしない。
MAP-M013-I034-02,M013,I034,2,category正式名称・代表品目から機械抽出,C-M013-09,古着・小型家電等,拠点回収対象品,古着は洗濯・小型家電は個人情報削除等,通常区分または専門経路,FALSE,CURRENT,,,S-M013-01,https://www.city.minato.tokyo.jp/documents/6284/20260604115859.pdf,P22-24 拠点回収,,,,2026-08-17,INITIAL_REVIEW_REQUIRED,CATEGORY_LEVEL,UNREVIEWED,,,区分レベルデータから機械抽出。品目別公式根拠と条件枝の確認前はAPP_READYにしない。
MAP-M013-I036-01,M013,I036,1,category正式名称・代表品目から機械抽出,C-M013-08,粗大ごみ,最大辺30cm以上,大きさ材質を確認して事前申込・処理券記入貼付,60cm未満のプラケース等は資源プラスチック,FALSE,CURRENT,,,S-M013-06,https://www.city.minato.tokyo.jp/gomigenryou/kurashi/gomi/kate/k-wakekata/sodaigomi.html,粗大ごみの収集,,,,2026-08-17,INITIAL_REVIEW_REQUIRED,CATEGORY_LEVEL,UNREVIEWED,,,区分レベルデータから機械抽出。品目別公式根拠と条件枝の確認前はAPP_READYにしない。
MAP-M013-I037-02,M013,I037,1,category正式名称・代表品目から機械抽出,C-M013-10,区で収集できないもの,区が収集できない指定品,処理先へ相談,販売店・メーカー・専門業者・法定リサイクル経路,TRUE,CURRENT,,,S-M013-07,https://www.city.minato.tokyo.jp/unei/kurashi/gomi/kate/dekinai/,区で収集できないもの,,,,2026-08-17,INITIAL_REVIEW_REQUIRED,CATEGORY_LEVEL,UNREVIEWED,,,区分レベルデータから機械抽出。品目別公式根拠と条件枝の確認前はAPP_READYにしない。
MAP-M013-I038-02,M013,I038,1,category正式名称・代表品目から機械抽出,C-M013-10,区で収集できないもの,区が収集できない指定品,処理先へ相談,販売店・メーカー・専門業者・法定リサイクル経路,TRUE,CURRENT,,,S-M013-07,https://www.city.minato.tokyo.jp/unei/kurashi/gomi/kate/dekinai/,区で収集できないもの,,,,2026-08-17,INITIAL_REVIEW_REQUIRED,CATEGORY_LEVEL,UNREVIEWED,,,区分レベルデータから機械抽出。品目別公式根拠と条件枝の確認前はAPP_READYにしない。
MAP-M014-I001-C-M014-05,M014,I001,1,category正式名称・代表品目から機械抽出,C-M014-05,ペットボトル,要品目別確認,中をすすぎ、ふた・ラベル等を外す,NOT_STATED_IN_CITED_SOURCE,FALSE,CURRENT,,,S-M014-02,https://www.city.sumida.lg.jp/kurashi/gomi_recycle/wakedashi_pamphlet/japanese.files/wakedashi202603.pdf,p3 資源物とごみの分別フロー,,,,2026-08-18,INITIAL_REVIEW_REQUIRED,CATEGORY_LEVEL,UNREVIEWED,,,Positive evidence（category正式名称・代表品目）から機械抽出。品目別公式根拠と条件枝の確認前はAPP_READYにしない。
MAP-M014-I006-C-M014-04,M014,I006,1,category正式名称・代表品目から機械抽出,C-M014-04,びん,要品目別確認,中をすすぎ、ふた・ラベル等を外す,NOT_STATED_IN_CITED_SOURCE,FALSE,CURRENT,,,S-M014-02,https://www.city.sumida.lg.jp/kurashi/gomi_recycle/wakedashi_pamphlet/japanese.files/wakedashi202603.pdf,p3 資源物とごみの分別フロー,,,,2026-08-18,INITIAL_REVIEW_REQUIRED,CATEGORY_LEVEL,UNREVIEWED,,,Positive evidence（category正式名称・代表品目）から機械抽出。品目別公式根拠と条件枝の確認前はAPP_READYにしない。
MAP-M014-I018-C-M014-08,M014,I018,1,category正式名称・代表品目から機械抽出,C-M014-08,燃やすごみ,要品目別確認,生ごみは水切り,NOT_STATED_IN_CITED_SOURCE,FALSE,CURRENT,,,S-M014-02,https://www.city.sumida.lg.jp/kurashi/gomi_recycle/wakedashi_pamphlet/japanese.files/wakedashi202603.pdf,p3・燃やすごみ,,,,2026-08-18,INITIAL_REVIEW_REQUIRED,CATEGORY_LEVEL,UNREVIEWED,,,Positive evidence（category正式名称・代表品目）から機械抽出。品目別公式根拠と条件枝の確認前はAPP_READYにしない。
MAP-M014-I021-C-M014-07,M014,I021,1,category正式名称・代表品目から機械抽出,C-M014-07,イベント回収,要品目別確認,NOT_STATED_IN_CITED_SOURCE,NOT_STATED_IN_CITED_SOURCE,FALSE,CURRENT,,,S-M014-02,https://www.city.sumida.lg.jp/kurashi/gomi_recycle/wakedashi_pamphlet/japanese.files/wakedashi202603.pdf,p3 イベント回収,,,,2026-08-18,INITIAL_REVIEW_REQUIRED,CATEGORY_LEVEL,UNREVIEWED,,,Positive evidence（category正式名称・代表品目）から機械抽出。品目別公式根拠と条件枝の確認前はAPP_READYにしない。
MAP-M014-I023-C-M014-09,M014,I023,1,category正式名称・代表品目から機械抽出,C-M014-09,燃やさないごみ,要品目別確認,割れ物・刃物を包み危険表示、スプレー缶は使い切る,NOT_STATED_IN_CITED_SOURCE,FALSE,CURRENT,,,S-M014-02,https://www.city.sumida.lg.jp/kurashi/gomi_recycle/wakedashi_pamphlet/japanese.files/wakedashi202603.pdf,p3・燃やさないごみ,,,,2026-08-18,INITIAL_REVIEW_REQUIRED,CATEGORY_LEVEL,UNREVIEWED,,,Positive evidence（category正式名称・代表品目）から機械抽出。品目別公式根拠と条件枝の確認前はAPP_READYにしない。
MAP-M014-I027-C-M014-06,M014,I027,1,category正式名称・代表品目から機械抽出,C-M014-06,拠点回収,要品目別確認,NOT_STATED_IN_CITED_SOURCE,NOT_STATED_IN_CITED_SOURCE,FALSE,CURRENT,,,S-M014-02,https://www.city.sumida.lg.jp/kurashi/gomi_recycle/wakedashi_pamphlet/japanese.files/wakedashi202603.pdf,p3 拠点回収,,,,2026-08-18,INITIAL_REVIEW_REQUIRED,CATEGORY_LEVEL,UNREVIEWED,,,Positive evidence（category正式名称・代表品目）から機械抽出。品目別公式根拠と条件枝の確認前はAPP_READYにしない。
MAP-M014-I034-C-M014-06,M014,I034,1,category正式名称・代表品目から機械抽出,C-M014-06,拠点回収,要品目別確認,NOT_STATED_IN_CITED_SOURCE,NOT_STATED_IN_CITED_SOURCE,FALSE,CURRENT,,,S-M014-02,https://www.city.sumida.lg.jp/kurashi/gomi_recycle/wakedashi_pamphlet/japanese.files/wakedashi202603.pdf,p3 拠点回収,,,,2026-08-18,INITIAL_REVIEW_REQUIRED,CATEGORY_LEVEL,UNREVIEWED,,,Positive evidence（category正式名称・代表品目）から機械抽出。品目別公式根拠と条件枝の確認前はAPP_READYにしない。
MAP-M014-I037-C-M014-11,M014,I037,1,category正式名称・代表品目から機械抽出,C-M014-11,区で収集できないもの,要品目別確認,受入先の指示に従う,販売店・メーカー・専門業者,TRUE,CURRENT,,,S-M014-02,https://www.city.sumida.lg.jp/kurashi/gomi_recycle/wakedashi_pamphlet/japanese.files/wakedashi202603.pdf,区では収集できないもの,,,,2026-08-18,INITIAL_REVIEW_REQUIRED,CATEGORY_LEVEL,UNREVIEWED,,,Positive evidence（category正式名称・代表品目）から機械抽出。品目別公式根拠と条件枝の確認前はAPP_READYにしない。
MAP-M014-I038-C-M014-11,M014,I038,1,category正式名称・代表品目から機械抽出,C-M014-11,区で収集できないもの,要品目別確認,受入先の指示に従う,販売店・メーカー・専門業者,TRUE,CURRENT,,,S-M014-02,https://www.city.sumida.lg.jp/kurashi/gomi_recycle/wakedashi_pamphlet/japanese.files/wakedashi202603.pdf,区では収集できないもの,,,,2026-08-18,INITIAL_REVIEW_REQUIRED,CATEGORY_LEVEL,UNREVIEWED,,,Positive evidence（category正式名称・代表品目）から機械抽出。品目別公式根拠と条件枝の確認前はAPP_READYにしない。
MAP-M014-I039-C-M014-07,M014,I039,1,category正式名称・代表品目から機械抽出,C-M014-07,イベント回収,要品目別確認,NOT_STATED_IN_CITED_SOURCE,NOT_STATED_IN_CITED_SOURCE,FALSE,CURRENT,,,S-M014-02,https://www.city.sumida.lg.jp/kurashi/gomi_recycle/wakedashi_pamphlet/japanese.files/wakedashi202603.pdf,p3 イベント回収,,,,2026-08-18,INITIAL_REVIEW_REQUIRED,CATEGORY_LEVEL,UNREVIEWED,,,Positive evidence（category正式名称・代表品目）から機械抽出。品目別公式根拠と条件枝の確認前はAPP_READYにしない。
MAP-M015-I001-C-M015-09,M015,I001,1,category正式名称・代表品目から機械抽出,C-M015-09,ペットボトル,要品目別確認,キャップとラベルを外し、中をすすいでつぶす,NOT_STATED_IN_CITED_SOURCE,FALSE,CURRENT,,,S-M015-02,https://www.city.chuo.lg.jp/documents/5392/1p-27p.pdf,p10-11 資源・ペットボトル,,,,2026-08-18,INITIAL_REVIEW_REQUIRED,CATEGORY_LEVEL,UNREVIEWED,,,Positive evidence（category正式名称・代表品目）から機械抽出。品目別公式根拠と条件枝の確認前はAPP_READYにしない。
MAP-M015-I006-C-M015-10,M015,I006,1,category正式名称・代表品目から機械抽出,C-M015-10,びん,要品目別確認,ふたを外し、中をすすぐ,NOT_STATED_IN_CITED_SOURCE,FALSE,CURRENT,,,S-M015-02,https://www.city.chuo.lg.jp/documents/5392/1p-27p.pdf,p10-11 資源・びん,,,,2026-08-18,INITIAL_REVIEW_REQUIRED,CATEGORY_LEVEL,UNREVIEWED,,,Positive evidence（category正式名称・代表品目）から機械抽出。品目別公式根拠と条件枝の確認前はAPP_READYにしない。
MAP-M015-I013-C-M015-05,M015,I013,1,category正式名称・代表品目から機械抽出,C-M015-05,新聞,要品目別確認,折込広告を含めてまとめる,NOT_STATED_IN_CITED_SOURCE,FALSE,CURRENT,,,S-M015-02,https://www.city.chuo.lg.jp/documents/5392/1p-27p.pdf,p10-11 資源・新聞,,,,2026-08-18,INITIAL_REVIEW_REQUIRED,CATEGORY_LEVEL,UNREVIEWED,,,Positive evidence（category正式名称・代表品目）から機械抽出。品目別公式根拠と条件枝の確認前はAPP_READYにしない。
MAP-M015-I014-C-M015-07,M015,I014,1,category正式名称・代表品目から機械抽出,C-M015-07,段ボール,要品目別確認,折りたたむ,NOT_STATED_IN_CITED_SOURCE,FALSE,CURRENT,,,S-M015-02,https://www.city.chuo.lg.jp/documents/5392/1p-27p.pdf,p10-11 資源・段ボール,,,,2026-08-18,INITIAL_REVIEW_REQUIRED,CATEGORY_LEVEL,UNREVIEWED,,,Positive evidence（category正式名称・代表品目）から機械抽出。品目別公式根拠と条件枝の確認前はAPP_READYにしない。
MAP-M015-I015-C-M015-06,M015,I015,1,category正式名称・代表品目から機械抽出,C-M015-06,雑誌・雑がみ,要品目別確認,小さい雑がみは雑誌に挟むか紙袋に入れる,NOT_STATED_IN_CITED_SOURCE,FALSE,CURRENT,,,S-M015-02,https://www.city.chuo.lg.jp/documents/5392/1p-27p.pdf,p10-11 資源・雑誌・雑がみ,,,,2026-08-18,INITIAL_REVIEW_REQUIRED,CATEGORY_LEVEL,UNREVIEWED,,,Positive evidence（category正式名称・代表品目）から機械抽出。品目別公式根拠と条件枝の確認前はAPP_READYにしない。
MAP-M015-I017-C-M015-08,M015,I017,1,category正式名称・代表品目から機械抽出,C-M015-08,紙パック,要品目別確認,洗って切り開き、乾かす,NOT_STATED_IN_CITED_SOURCE,FALSE,CURRENT,,,S-M015-02,https://www.city.chuo.lg.jp/documents/5392/1p-27p.pdf,p10-11 資源・紙パック,,,,2026-08-18,INITIAL_REVIEW_REQUIRED,CATEGORY_LEVEL,UNREVIEWED,,,Positive evidence（category正式名称・代表品目）から機械抽出。品目別公式根拠と条件枝の確認前はAPP_READYにしない。
MAP-M015-I018-C-M015-01,M015,I018,1,category正式名称・代表品目から機械抽出,C-M015-01,燃やすごみ,要品目別確認,生ごみは水を切る,NOT_STATED_IN_CITED_SOURCE,FALSE,CURRENT,,,S-M015-02,https://www.city.chuo.lg.jp/documents/5392/1p-27p.pdf,p6 燃やすごみ,,,,2026-08-18,INITIAL_REVIEW_REQUIRED,CATEGORY_LEVEL,UNREVIEWED,,,Positive evidence（category正式名称・代表品目）から機械抽出。品目別公式根拠と条件枝の確認前はAPP_READYにしない。
MAP-M015-I023-C-M015-02,M015,I023,1,category正式名称・代表品目から機械抽出,C-M015-02,燃やさないごみ,要品目別確認,割れ物・刃物を包み危険表示,NOT_STATED_IN_CITED_SOURCE,FALSE,CURRENT,,,S-M015-02,https://www.city.chuo.lg.jp/documents/5392/1p-27p.pdf,p7 燃やさないごみ,,,,2026-08-18,INITIAL_REVIEW_REQUIRED,CATEGORY_LEVEL,UNREVIEWED,,,Positive evidence（category正式名称・代表品目）から機械抽出。品目別公式根拠と条件枝の確認前はAPP_READYにしない。
MAP-M015-I027-C-M015-14,M015,I027,1,category正式名称・代表品目から機械抽出,C-M015-14,拠点回収,要品目別確認,NOT_STATED_IN_CITED_SOURCE,NOT_STATED_IN_CITED_SOURCE,FALSE,CURRENT,,,S-M015-02,https://www.city.chuo.lg.jp/documents/5392/1p-27p.pdf,p12-13 拠点回収,,,,2026-08-18,INITIAL_REVIEW_REQUIRED,CATEGORY_LEVEL,UNREVIEWED,,,Positive evidence（category正式名称・代表品目）から機械抽出。品目別公式根拠と条件枝の確認前はAPP_READYにしない。
MAP-M015-I030-C-M015-14,M015,I030,1,category正式名称・代表品目から機械抽出,C-M015-14,拠点回収,要品目別確認,NOT_STATED_IN_CITED_SOURCE,NOT_STATED_IN_CITED_SOURCE,FALSE,CURRENT,,,S-M015-02,https://www.city.chuo.lg.jp/documents/5392/1p-27p.pdf,p12-13 拠点回収,,,,2026-08-18,INITIAL_REVIEW_REQUIRED,CATEGORY_LEVEL,UNREVIEWED,,,Positive evidence（category正式名称・代表品目）から機械抽出。品目別公式根拠と条件枝の確認前はAPP_READYにしない。
MAP-M015-I032-C-M015-13,M015,I032,1,category正式名称・代表品目から機械抽出,C-M015-13,スプレー缶・カセットボンベ,要品目別確認,中身を使い切り、穴を開けずに出す,NOT_STATED_IN_CITED_SOURCE,FALSE,CURRENT,,,S-M015-02,https://www.city.chuo.lg.jp/documents/5392/1p-27p.pdf,p10-11 資源・スプレー缶・カセットボンベ,,,,2026-08-18,INITIAL_REVIEW_REQUIRED,CATEGORY_LEVEL,UNREVIEWED,,,Positive evidence（category正式名称・代表品目）から機械抽出。品目別公式根拠と条件枝の確認前はAPP_READYにしない。
MAP-M015-I034-C-M015-02,M015,I034,1,category正式名称・代表品目から機械抽出,C-M015-02,燃やさないごみ,要品目別確認,割れ物・刃物を包み危険表示,NOT_STATED_IN_CITED_SOURCE,FALSE,CURRENT,,,S-M015-02,https://www.city.chuo.lg.jp/documents/5392/1p-27p.pdf,p7 燃やさないごみ,,,,2026-08-18,INITIAL_REVIEW_REQUIRED,CATEGORY_LEVEL,UNREVIEWED,,,Positive evidence（category正式名称・代表品目）から機械抽出。品目別公式根拠と条件枝の確認前はAPP_READYにしない。
MAP-M015-I034-C-M015-14,M015,I034,2,category正式名称・代表品目から機械抽出,C-M015-14,拠点回収,要品目別確認,NOT_STATED_IN_CITED_SOURCE,NOT_STATED_IN_CITED_SOURCE,FALSE,CURRENT,,,S-M015-02,https://www.city.chuo.lg.jp/documents/5392/1p-27p.pdf,p12-13 拠点回収,,,,2026-08-18,INITIAL_REVIEW_REQUIRED,CATEGORY_LEVEL,UNREVIEWED,,,Positive evidence（category正式名称・代表品目）から機械抽出。品目別公式根拠と条件枝の確認前はAPP_READYにしない。
MAP-M015-I037-C-M015-16,M015,I037,1,category正式名称・代表品目から機械抽出,C-M015-16,区で収集しないもの,要品目別確認,受入先の指示に従う,販売店・メーカー・専門業者,TRUE,CURRENT,,,S-M015-03,https://www.city.chuo.lg.jp/documents/5392/28p-52p.pdf,収集できないもの・メーカーリサイクル,,,,2026-08-18,INITIAL_REVIEW_REQUIRED,CATEGORY_LEVEL,UNREVIEWED,,,Positive evidence（category正式名称・代表品目）から機械抽出。品目別公式根拠と条件枝の確認前はAPP_READYにしない。
MAP-M015-I038-C-M015-16,M015,I038,1,category正式名称・代表品目から機械抽出,C-M015-16,区で収集しないもの,要品目別確認,受入先の指示に従う,販売店・メーカー・専門業者,TRUE,CURRENT,,,S-M015-03,https://www.city.chuo.lg.jp/documents/5392/28p-52p.pdf,収集できないもの・メーカーリサイクル,,,,2026-08-18,INITIAL_REVIEW_REQUIRED,CATEGORY_LEVEL,UNREVIEWED,,,Positive evidence（category正式名称・代表品目）から機械抽出。品目別公式根拠と条件枝の確認前はAPP_READYにしない。
MAP-M015-I039-C-M015-14,M015,I039,1,category正式名称・代表品目から機械抽出,C-M015-14,拠点回収,要品目別確認,NOT_STATED_IN_CITED_SOURCE,NOT_STATED_IN_CITED_SOURCE,FALSE,CURRENT,,,S-M015-02,https://www.city.chuo.lg.jp/documents/5392/1p-27p.pdf,p12-13 拠点回収,,,,2026-08-18,INITIAL_REVIEW_REQUIRED,CATEGORY_LEVEL,UNREVIEWED,,,Positive evidence（category正式名称・代表品目）から機械抽出。品目別公式根拠と条件枝の確認前はAPP_READYにしない。
MAP-M016-I001-C-M016-03,M016,I001,1,category正式名称・代表品目から機械抽出,C-M016-03,ペットボトル,要品目別確認,キャップとラベルを外しすすぐ,NOT_STATED_IN_CITED_SOURCE,FALSE,CURRENT,,,S-M016-03,https://www.city.miura.kanagawa.jp/material/files/group/39/P5-P8.pdf,P5-P8 ペットボトル,,,,2026-08-18,INITIAL_REVIEW_REQUIRED,CATEGORY_LEVEL,UNREVIEWED,,,Positive evidence（category正式名称・代表品目）から機械抽出。品目別公式根拠と条件枝の確認前はAPP_READYにしない。
MAP-M016-I006-C-M016-02,M016,I006,1,category正式名称・代表品目から機械抽出,C-M016-02,びん・缶、金物類,要品目別確認,びん・缶は中をすすぎ、びん・缶・金物を分けて出す,NOT_STATED_IN_CITED_SOURCE,FALSE,CURRENT,,,S-M016-02,https://www.city.miura.kanagawa.jp/material/files/group/39/P1-P4.pdf,P1-P4 びん・缶、金物類,,,,2026-08-18,INITIAL_REVIEW_REQUIRED,CATEGORY_LEVEL,UNREVIEWED,,,Positive evidence（category正式名称・代表品目）から機械抽出。品目別公式根拠と条件枝の確認前はAPP_READYにしない。
MAP-M016-I013-C-M016-10,M016,I013,1,category正式名称・代表品目から機械抽出,C-M016-10,新聞紙,要品目別確認,折込広告を含めてまとめる,NOT_STATED_IN_CITED_SOURCE,FALSE,CURRENT,,,S-M016-05,https://www.city.miura.kanagawa.jp/material/files/group/39/P13-P15.pdf,P13-P15 新聞紙,,,,2026-08-18,INITIAL_REVIEW_REQUIRED,CATEGORY_LEVEL,UNREVIEWED,,,Positive evidence（category正式名称・代表品目）から機械抽出。品目別公式根拠と条件枝の確認前はAPP_READYにしない。
MAP-M016-I014-C-M016-12,M016,I014,1,category正式名称・代表品目から機械抽出,C-M016-12,段ボール,要品目別確認,折りたたむ,NOT_STATED_IN_CITED_SOURCE,FALSE,CURRENT,,,S-M016-05,https://www.city.miura.kanagawa.jp/material/files/group/39/P13-P15.pdf,P13-P15 段ボール,,,,2026-08-18,INITIAL_REVIEW_REQUIRED,CATEGORY_LEVEL,UNREVIEWED,,,Positive evidence（category正式名称・代表品目）から機械抽出。品目別公式根拠と条件枝の確認前はAPP_READYにしない。
MAP-M016-I015-C-M016-11,M016,I015,1,category正式名称・代表品目から機械抽出,C-M016-11,雑誌,要品目別確認,付録等の紙以外を外す,NOT_STATED_IN_CITED_SOURCE,FALSE,CURRENT,,,S-M016-05,https://www.city.miura.kanagawa.jp/material/files/group/39/P13-P15.pdf,P13-P15 雑誌,,,,2026-08-18,INITIAL_REVIEW_REQUIRED,CATEGORY_LEVEL,UNREVIEWED,,,Positive evidence（category正式名称・代表品目）から機械抽出。品目別公式根拠と条件枝の確認前はAPP_READYにしない。
MAP-M016-I017-C-M016-13,M016,I017,1,category正式名称・代表品目から機械抽出,C-M016-13,紙パック,要品目別確認,洗って切り開き、乾かす,NOT_STATED_IN_CITED_SOURCE,FALSE,CURRENT,,,S-M016-05,https://www.city.miura.kanagawa.jp/material/files/group/39/P13-P15.pdf,P13-P15 紙パック,,,,2026-08-18,INITIAL_REVIEW_REQUIRED,CATEGORY_LEVEL,UNREVIEWED,,,Positive evidence（category正式名称・代表品目）から機械抽出。品目別公式根拠と条件枝の確認前はAPP_READYにしない。
MAP-M016-I018-C-M016-01,M016,I018,1,category正式名称・代表品目から機械抽出,C-M016-01,燃せるごみ,要品目別確認,生ごみは水切り,NOT_STATED_IN_CITED_SOURCE,FALSE,CURRENT,,,S-M016-02,https://www.city.miura.kanagawa.jp/material/files/group/39/P1-P4.pdf,P1-P4 燃せるごみ,,,,2026-08-18,INITIAL_REVIEW_REQUIRED,CATEGORY_LEVEL,UNREVIEWED,,,Positive evidence（category正式名称・代表品目）から機械抽出。品目別公式根拠と条件枝の確認前はAPP_READYにしない。
MAP-M016-I021-C-M016-06,M016,I021,1,category正式名称・代表品目から機械抽出,C-M016-06,古着・古布,要品目別確認,洗濯し乾かす,NOT_STATED_IN_CITED_SOURCE,FALSE,CURRENT,,,S-M016-04,https://www.city.miura.kanagawa.jp/material/files/group/39/P9-P12.pdf,P9-P12 古着・古布,,,,2026-08-18,INITIAL_REVIEW_REQUIRED,CATEGORY_LEVEL,UNREVIEWED,,,Positive evidence（category正式名称・代表品目）から機械抽出。品目別公式根拠と条件枝の確認前はAPP_READYにしない。
MAP-M016-I023-C-M016-05,M016,I023,1,category正式名称・代表品目から機械抽出,C-M016-05,不燃ごみ,要品目別確認,割れ物・刃物を包み危険表示,NOT_STATED_IN_CITED_SOURCE,FALSE,CURRENT,,,S-M016-03,https://www.city.miura.kanagawa.jp/material/files/group/39/P5-P8.pdf,P5-P8 不燃ごみ,,,,2026-08-18,INITIAL_REVIEW_REQUIRED,CATEGORY_LEVEL,UNREVIEWED,,,Positive evidence（category正式名称・代表品目）から機械抽出。品目別公式根拠と条件枝の確認前はAPP_READYにしない。
MAP-M016-I027-C-M016-17,M016,I027,1,category正式名称・代表品目から機械抽出,C-M016-17,乾電池,要品目別確認,端子を絶縁,NOT_STATED_IN_CITED_SOURCE,FALSE,CURRENT,,,S-M016-06,https://www.city.miura.kanagawa.jp/material/files/group/39/P16-P18.pdf,P16-P18 乾電池,,,,2026-08-18,INITIAL_REVIEW_REQUIRED,CATEGORY_LEVEL,UNREVIEWED,,,Positive evidence（category正式名称・代表品目）から機械抽出。品目別公式根拠と条件枝の確認前はAPP_READYにしない。
MAP-M016-I030-C-M016-07,M016,I030,1,category正式名称・代表品目から機械抽出,C-M016-07,蛍光管類,要品目別確認,破損しないよう保護,NOT_STATED_IN_CITED_SOURCE,FALSE,CURRENT,,,S-M016-04,https://www.city.miura.kanagawa.jp/material/files/group/39/P9-P12.pdf,P9-P12 蛍光管類,,,,2026-08-18,INITIAL_REVIEW_REQUIRED,CATEGORY_LEVEL,UNREVIEWED,,,Positive evidence（category正式名称・代表品目）から機械抽出。品目別公式根拠と条件枝の確認前はAPP_READYにしない。
MAP-M016-I034-C-M016-16,M016,I034,1,category正式名称・代表品目から機械抽出,C-M016-16,使用済小型家電,要品目別確認,個人情報を消去し電池を外す,NOT_STATED_IN_CITED_SOURCE,FALSE,CURRENT,,,S-M016-06,https://www.city.miura.kanagawa.jp/material/files/group/39/P16-P18.pdf,P16-P18 使用済小型家電,,,,2026-08-18,INITIAL_REVIEW_REQUIRED,CATEGORY_LEVEL,UNREVIEWED,,,Positive evidence（category正式名称・代表品目）から機械抽出。品目別公式根拠と条件枝の確認前はAPP_READYにしない。
MAP-M016-I037-C-M016-18,M016,I037,1,category正式名称・代表品目から機械抽出,C-M016-18,市で収集・処理できないごみ,要品目別確認,受入先の指示に従う,販売店・メーカー・専門業者,TRUE,CURRENT,,,S-M016-07,https://www.city.miura.kanagawa.jp/material/files/group/39/P19-P21.pdf,P19-P21 市で収集・処理できないごみ,,,,2026-08-18,INITIAL_REVIEW_REQUIRED,CATEGORY_LEVEL,UNREVIEWED,,,Positive evidence（category正式名称・代表品目）から機械抽出。品目別公式根拠と条件枝の確認前はAPP_READYにしない。
MAP-M016-I038-C-M016-18,M016,I038,1,category正式名称・代表品目から機械抽出,C-M016-18,市で収集・処理できないごみ,要品目別確認,受入先の指示に従う,販売店・メーカー・専門業者,TRUE,CURRENT,,,S-M016-07,https://www.city.miura.kanagawa.jp/material/files/group/39/P19-P21.pdf,P19-P21 市で収集・処理できないごみ,,,,2026-08-18,INITIAL_REVIEW_REQUIRED,CATEGORY_LEVEL,UNREVIEWED,,,Positive evidence（category正式名称・代表品目）から機械抽出。品目別公式根拠と条件枝の確認前はAPP_READYにしない。
MAP-M016-I040-C-M016-09,M016,I040,1,category正式名称・代表品目から機械抽出,C-M016-09,枝木・草葉類,要品目別確認,土を落とし規定寸法に束ねる,NOT_STATED_IN_CITED_SOURCE,FALSE,CURRENT,,,S-M016-04,https://www.city.miura.kanagawa.jp/material/files/group/39/P9-P12.pdf,P9-P12 枝木・草葉類,,,,2026-08-18,INITIAL_REVIEW_REQUIRED,CATEGORY_LEVEL,UNREVIEWED,,,Positive evidence（category正式名称・代表品目）から機械抽出。品目別公式根拠と条件枝の確認前はAPP_READYにしない。
MAP-M017-I001-C-M017-05,M017,I001,1,category正式名称・代表品目から機械抽出,C-M017-05,ペットボトル,要品目別確認,キャップとラベルを外し、中をすすぐ,NOT_STATED_IN_CITED_SOURCE,FALSE,CURRENT,,,S-M017-02,https://www.city.niigata.lg.jp/kurashi/gomi/gomishigen/gomidasi/gomi_calemder/index.html,資源・ペットボトル,,,,2026-08-18,INITIAL_REVIEW_REQUIRED,CATEGORY_LEVEL,UNREVIEWED,,,Positive evidence（category正式名称・代表品目）から機械抽出。品目別公式根拠と条件枝の確認前はAPP_READYにしない。
MAP-M017-I004-C-M017-07,M017,I004,1,category正式名称・代表品目から機械抽出,C-M017-07,飲食用缶,要品目別確認,中をすすぐ,NOT_STATED_IN_CITED_SOURCE,FALSE,CURRENT,,,S-M017-02,https://www.city.niigata.lg.jp/kurashi/gomi/gomishigen/gomidasi/gomi_calemder/index.html,資源・飲食用缶,,,,2026-08-18,INITIAL_REVIEW_REQUIRED,CATEGORY_LEVEL,UNREVIEWED,,,Positive evidence（category正式名称・代表品目）から機械抽出。品目別公式根拠と条件枝の確認前はAPP_READYにしない。
MAP-M017-I005-C-M017-07,M017,I005,1,category正式名称・代表品目から機械抽出,C-M017-07,飲食用缶,要品目別確認,中をすすぐ,NOT_STATED_IN_CITED_SOURCE,FALSE,CURRENT,,,S-M017-02,https://www.city.niigata.lg.jp/kurashi/gomi/gomishigen/gomidasi/gomi_calemder/index.html,資源・飲食用缶,,,,2026-08-18,INITIAL_REVIEW_REQUIRED,CATEGORY_LEVEL,UNREVIEWED,,,Positive evidence（category正式名称・代表品目）から機械抽出。品目別公式根拠と条件枝の確認前はAPP_READYにしない。
MAP-M017-I006-C-M017-06,M017,I006,1,category正式名称・代表品目から機械抽出,C-M017-06,飲食用・化粧品びん,要品目別確認,ふたを外し、中をすすぐ,NOT_STATED_IN_CITED_SOURCE,FALSE,CURRENT,,,S-M017-02,https://www.city.niigata.lg.jp/kurashi/gomi/gomishigen/gomidasi/gomi_calemder/index.html,資源・飲食用・化粧品びん,,,,2026-08-18,INITIAL_REVIEW_REQUIRED,CATEGORY_LEVEL,UNREVIEWED,,,Positive evidence（category正式名称・代表品目）から機械抽出。品目別公式根拠と条件枝の確認前はAPP_READYにしない。
MAP-M017-I013-C-M017-11,M017,I013,1,category正式名称・代表品目から機械抽出,C-M017-11,新聞,要品目別確認,折込広告を含めてまとめる,NOT_STATED_IN_CITED_SOURCE,FALSE,CURRENT,,,S-M017-02,https://www.city.niigata.lg.jp/kurashi/gomi/gomishigen/gomidasi/gomi_calemder/index.html,古紙類・新聞,,,,2026-08-18,INITIAL_REVIEW_REQUIRED,CATEGORY_LEVEL,UNREVIEWED,,,Positive evidence（category正式名称・代表品目）から機械抽出。品目別公式根拠と条件枝の確認前はAPP_READYにしない。
MAP-M017-I014-C-M017-13,M017,I014,1,category正式名称・代表品目から機械抽出,C-M017-13,段ボール,要品目別確認,折りたたむ,NOT_STATED_IN_CITED_SOURCE,FALSE,CURRENT,,,S-M017-02,https://www.city.niigata.lg.jp/kurashi/gomi/gomishigen/gomidasi/gomi_calemder/index.html,古紙類・段ボール,,,,2026-08-18,INITIAL_REVIEW_REQUIRED,CATEGORY_LEVEL,UNREVIEWED,,,Positive evidence（category正式名称・代表品目）から機械抽出。品目別公式根拠と条件枝の確認前はAPP_READYにしない。
MAP-M017-I015-C-M017-12,M017,I015,1,category正式名称・代表品目から機械抽出,C-M017-12,雑誌・雑がみ,要品目別確認,紙以外を外し、小さい紙をまとめる,NOT_STATED_IN_CITED_SOURCE,FALSE,CURRENT,,,S-M017-02,https://www.city.niigata.lg.jp/kurashi/gomi/gomishigen/gomidasi/gomi_calemder/index.html,古紙類・雑誌・雑がみ,,,,2026-08-18,INITIAL_REVIEW_REQUIRED,CATEGORY_LEVEL,UNREVIEWED,,,Positive evidence（category正式名称・代表品目）から機械抽出。品目別公式根拠と条件枝の確認前はAPP_READYにしない。
MAP-M017-I017-C-M017-14,M017,I017,1,category正式名称・代表品目から機械抽出,C-M017-14,紙パック,要品目別確認,洗って切り開き、乾かす,NOT_STATED_IN_CITED_SOURCE,FALSE,CURRENT,,,S-M017-02,https://www.city.niigata.lg.jp/kurashi/gomi/gomishigen/gomidasi/gomi_calemder/index.html,古紙類・紙パック,,,,2026-08-18,INITIAL_REVIEW_REQUIRED,CATEGORY_LEVEL,UNREVIEWED,,,Positive evidence（category正式名称・代表品目）から機械抽出。品目別公式根拠と条件枝の確認前はAPP_READYにしない。
MAP-M017-I018-C-M017-01,M017,I018,1,category正式名称・代表品目から機械抽出,C-M017-01,燃やすごみ,要品目別確認,生ごみは十分に水を切る,材質・状態に応じて資源区分または燃やさないごみ,FALSE,CURRENT,,,S-M017-02,https://www.city.niigata.lg.jp/kurashi/gomi/gomishigen/gomidasi/gomi_calemder/index.html,燃やすごみ 見出し,,,,2026-08-18,INITIAL_REVIEW_REQUIRED,CATEGORY_LEVEL,UNREVIEWED,,,Positive evidence（category正式名称・代表品目）から機械抽出。品目別公式根拠と条件枝の確認前はAPP_READYにしない。
MAP-M017-I023-C-M017-02,M017,I023,1,category正式名称・代表品目から機械抽出,C-M017-02,燃やさないごみ,要品目別確認,割れ物・刃物は紙等で包み、危険表示する,特定5品目は専用区分、指定袋に入らない物は粗大ごみ,FALSE,CURRENT,,,S-M017-02,https://www.city.niigata.lg.jp/kurashi/gomi/gomishigen/gomidasi/gomi_calemder/index.html,燃やさないごみ 見出し,,,,2026-08-18,INITIAL_REVIEW_REQUIRED,CATEGORY_LEVEL,UNREVIEWED,,,Positive evidence（category正式名称・代表品目）から機械抽出。品目別公式根拠と条件枝の確認前はAPP_READYにしない。
MAP-M017-I027-C-M017-09,M017,I027,1,category正式名称・代表品目から機械抽出,C-M017-09,特定5品目,要品目別確認,蛍光管は破損防止し、ライター・スプレー缶は使い切る,NOT_STATED_IN_CITED_SOURCE,FALSE,CURRENT,,,S-M017-02,https://www.city.niigata.lg.jp/kurashi/gomi/gomishigen/gomidasi/gomi_calemder/index.html,資源・特定5品目,,,,2026-08-18,INITIAL_REVIEW_REQUIRED,CATEGORY_LEVEL,UNREVIEWED,,,Positive evidence（category正式名称・代表品目）から機械抽出。品目別公式根拠と条件枝の確認前はAPP_READYにしない。
MAP-M017-I030-C-M017-09,M017,I030,1,category正式名称・代表品目から機械抽出,C-M017-09,特定5品目,要品目別確認,蛍光管は破損防止し、ライター・スプレー缶は使い切る,NOT_STATED_IN_CITED_SOURCE,FALSE,CURRENT,,,S-M017-02,https://www.city.niigata.lg.jp/kurashi/gomi/gomishigen/gomidasi/gomi_calemder/index.html,資源・特定5品目,,,,2026-08-18,INITIAL_REVIEW_REQUIRED,CATEGORY_LEVEL,UNREVIEWED,,,Positive evidence（category正式名称・代表品目）から機械抽出。品目別公式根拠と条件枝の確認前はAPP_READYにしない。
MAP-M017-I032-C-M017-09,M017,I032,1,category正式名称・代表品目から機械抽出,C-M017-09,特定5品目,要品目別確認,蛍光管は破損防止し、ライター・スプレー缶は使い切る,NOT_STATED_IN_CITED_SOURCE,FALSE,CURRENT,,,S-M017-02,https://www.city.niigata.lg.jp/kurashi/gomi/gomishigen/gomidasi/gomi_calemder/index.html,資源・特定5品目,,,,2026-08-18,INITIAL_REVIEW_REQUIRED,CATEGORY_LEVEL,UNREVIEWED,,,Positive evidence（category正式名称・代表品目）から機械抽出。品目別公式根拠と条件枝の確認前はAPP_READYにしない。
MAP-M017-I033-C-M017-09,M017,I033,1,category正式名称・代表品目から機械抽出,C-M017-09,特定5品目,要品目別確認,蛍光管は破損防止し、ライター・スプレー缶は使い切る,NOT_STATED_IN_CITED_SOURCE,FALSE,CURRENT,,,S-M017-02,https://www.city.niigata.lg.jp/kurashi/gomi/gomishigen/gomidasi/gomi_calemder/index.html,資源・特定5品目,,,,2026-08-18,INITIAL_REVIEW_REQUIRED,CATEGORY_LEVEL,UNREVIEWED,,,Positive evidence（category正式名称・代表品目）から機械抽出。品目別公式根拠と条件枝の確認前はAPP_READYにしない。
MAP-M017-I034-C-M017-02,M017,I034,1,category正式名称・代表品目から機械抽出,C-M017-02,燃やさないごみ,要品目別確認,割れ物・刃物は紙等で包み、危険表示する,特定5品目は専用区分、指定袋に入らない物は粗大ごみ,FALSE,CURRENT,,,S-M017-02,https://www.city.niigata.lg.jp/kurashi/gomi/gomishigen/gomidasi/gomi_calemder/index.html,燃やさないごみ 見出し,,,,2026-08-18,INITIAL_REVIEW_REQUIRED,CATEGORY_LEVEL,UNREVIEWED,,,Positive evidence（category正式名称・代表品目）から機械抽出。品目別公式根拠と条件枝の確認前はAPP_READYにしない。
MAP-M017-I037-C-M017-15,M017,I037,1,category正式名称・代表品目から機械抽出,C-M017-15,市で収集・処理しないごみ,要品目別確認,受入先の指示に従う,販売店・メーカー・専門業者,TRUE,CURRENT,,,S-M017-02,https://www.city.niigata.lg.jp/kurashi/gomi/gomishigen/gomidasi/gomi_calemder/index.html,市で収集・処理しないごみ,,,,2026-08-18,INITIAL_REVIEW_REQUIRED,CATEGORY_LEVEL,UNREVIEWED,,,Positive evidence（category正式名称・代表品目）から機械抽出。品目別公式根拠と条件枝の確認前はAPP_READYにしない。
MAP-M017-I038-C-M017-15,M017,I038,1,category正式名称・代表品目から機械抽出,C-M017-15,市で収集・処理しないごみ,要品目別確認,受入先の指示に従う,販売店・メーカー・専門業者,TRUE,CURRENT,,,S-M017-02,https://www.city.niigata.lg.jp/kurashi/gomi/gomishigen/gomidasi/gomi_calemder/index.html,市で収集・処理しないごみ,,,,2026-08-18,INITIAL_REVIEW_REQUIRED,CATEGORY_LEVEL,UNREVIEWED,,,Positive evidence（category正式名称・代表品目）から機械抽出。品目別公式根拠と条件枝の確認前はAPP_READYにしない。
MAP-M017-I040-C-M017-08,M017,I040,1,category正式名称・代表品目から機械抽出,C-M017-08,枝葉・草,要品目別確認,土を落とし、枝と葉・草を分ける,NOT_STATED_IN_CITED_SOURCE,FALSE,CURRENT,,,S-M017-02,https://www.city.niigata.lg.jp/kurashi/gomi/gomishigen/gomidasi/gomi_calemder/index.html,資源・枝葉・草,,,,2026-08-18,INITIAL_REVIEW_REQUIRED,CATEGORY_LEVEL,UNREVIEWED,,,Positive evidence（category正式名称・代表品目）から機械抽出。品目別公式根拠と条件枝の確認前はAPP_READYにしない。
MAP-M018-I001-C-M018-04,M018,I001,1,category正式名称・代表品目から機械抽出,C-M018-04,ペットボトル,要品目別確認,キャップとラベルを外し、中をすすぐ,NOT_STATED_IN_CITED_SOURCE,FALSE,CURRENT,,,S-M018-01,https://www.city.mizuho.lg.jp/1750.htm,ペットボトルの分け方・出し方,,,,2026-08-18,INITIAL_REVIEW_REQUIRED,CATEGORY_LEVEL,UNREVIEWED,,,Positive evidence（category正式名称・代表品目）から機械抽出。品目別公式根拠と条件枝の確認前はAPP_READYにしない。
MAP-M018-I004-C-M018-05,M018,I004,1,category正式名称・代表品目から機械抽出,C-M018-05,空き缶,要品目別確認,中をすすぐ,NOT_STATED_IN_CITED_SOURCE,FALSE,CURRENT,,,S-M018-01,https://www.city.mizuho.lg.jp/1750.htm,空き缶の分け方・出し方,,,,2026-08-18,INITIAL_REVIEW_REQUIRED,CATEGORY_LEVEL,UNREVIEWED,,,Positive evidence（category正式名称・代表品目）から機械抽出。品目別公式根拠と条件枝の確認前はAPP_READYにしない。
MAP-M018-I005-C-M018-05,M018,I005,1,category正式名称・代表品目から機械抽出,C-M018-05,空き缶,要品目別確認,中をすすぐ,NOT_STATED_IN_CITED_SOURCE,FALSE,CURRENT,,,S-M018-01,https://www.city.mizuho.lg.jp/1750.htm,空き缶の分け方・出し方,,,,2026-08-18,INITIAL_REVIEW_REQUIRED,CATEGORY_LEVEL,UNREVIEWED,,,Positive evidence（category正式名称・代表品目）から機械抽出。品目別公式根拠と条件枝の確認前はAPP_READYにしない。
MAP-M018-I006-C-M018-02,M018,I006,1,category正式名称・代表品目から機械抽出,C-M018-02,あきびん,要品目別確認,ふたを外し、中をすすぐ,NOT_STATED_IN_CITED_SOURCE,FALSE,CURRENT,,,S-M018-01,https://www.city.mizuho.lg.jp/1750.htm,あきびんの分け方・出し方,,,,2026-08-18,INITIAL_REVIEW_REQUIRED,CATEGORY_LEVEL,UNREVIEWED,,,Positive evidence（category正式名称・代表品目）から機械抽出。品目別公式根拠と条件枝の確認前はAPP_READYにしない。
MAP-M018-I018-C-M018-01,M018,I018,1,category正式名称・代表品目から機械抽出,C-M018-01,可燃ごみ,要品目別確認,生ごみは水を切る,NOT_STATED_IN_CITED_SOURCE,FALSE,CURRENT,,,S-M018-01,https://www.city.mizuho.lg.jp/1750.htm,可燃ごみの分け方・出し方,,,,2026-08-18,INITIAL_REVIEW_REQUIRED,CATEGORY_LEVEL,UNREVIEWED,,,Positive evidence（category正式名称・代表品目）から機械抽出。品目別公式根拠と条件枝の確認前はAPP_READYにしない。
MAP-M018-I021-C-M018-08,M018,I021,1,category正式名称・代表品目から機械抽出,C-M018-08,美来の森・巣南集積場無料回収,要品目別確認,NOT_STATED_IN_CITED_SOURCE,NOT_STATED_IN_CITED_SOURCE,FALSE,CURRENT,,,S-M018-01,https://www.city.mizuho.lg.jp/1750.htm,美来の森・巣南集積場無料回収,,,,2026-08-18,INITIAL_REVIEW_REQUIRED,CATEGORY_LEVEL,UNREVIEWED,,,Positive evidence（category正式名称・代表品目）から機械抽出。品目別公式根拠と条件枝の確認前はAPP_READYにしない。
MAP-M018-I023-C-M018-03,M018,I023,1,category正式名称・代表品目から機械抽出,C-M018-03,陶磁器類・ガラス類,要品目別確認,割れ物は紙等で包み危険表示する,NOT_STATED_IN_CITED_SOURCE,FALSE,CURRENT,,,S-M018-01,https://www.city.mizuho.lg.jp/1750.htm,陶磁器類・ガラス類の分け方・出し方,,,,2026-08-18,INITIAL_REVIEW_REQUIRED,CATEGORY_LEVEL,UNREVIEWED,,,Positive evidence（category正式名称・代表品目）から機械抽出。品目別公式根拠と条件枝の確認前はAPP_READYにしない。
MAP-M018-I024-C-M018-03,M018,I024,1,category正式名称・代表品目から機械抽出,C-M018-03,陶磁器類・ガラス類,要品目別確認,割れ物は紙等で包み危険表示する,NOT_STATED_IN_CITED_SOURCE,FALSE,CURRENT,,,S-M018-01,https://www.city.mizuho.lg.jp/1750.htm,陶磁器類・ガラス類の分け方・出し方,,,,2026-08-18,INITIAL_REVIEW_REQUIRED,CATEGORY_LEVEL,UNREVIEWED,,,Positive evidence（category正式名称・代表品目）から機械抽出。品目別公式根拠と条件枝の確認前はAPP_READYにしない。
MAP-M018-I027-C-M018-07,M018,I027,1,category正式名称・代表品目から機械抽出,C-M018-07,庁舎回収・拠点回収,要品目別確認,NOT_STATED_IN_CITED_SOURCE,NOT_STATED_IN_CITED_SOURCE,FALSE,CURRENT,,,S-M018-01,https://www.city.mizuho.lg.jp/1750.htm,庁舎回収・拠点回収,,,,2026-08-18,INITIAL_REVIEW_REQUIRED,CATEGORY_LEVEL,UNREVIEWED,,,Positive evidence（category正式名称・代表品目）から機械抽出。品目別公式根拠と条件枝の確認前はAPP_READYにしない。
MAP-M018-I030-C-M018-07,M018,I030,1,category正式名称・代表品目から機械抽出,C-M018-07,庁舎回収・拠点回収,要品目別確認,NOT_STATED_IN_CITED_SOURCE,NOT_STATED_IN_CITED_SOURCE,FALSE,CURRENT,,,S-M018-01,https://www.city.mizuho.lg.jp/1750.htm,庁舎回収・拠点回収,,,,2026-08-18,INITIAL_REVIEW_REQUIRED,CATEGORY_LEVEL,UNREVIEWED,,,Positive evidence（category正式名称・代表品目）から機械抽出。品目別公式根拠と条件枝の確認前はAPP_READYにしない。
MAP-M018-I034-C-M018-07,M018,I034,1,category正式名称・代表品目から機械抽出,C-M018-07,庁舎回収・拠点回収,要品目別確認,NOT_STATED_IN_CITED_SOURCE,NOT_STATED_IN_CITED_SOURCE,FALSE,CURRENT,,,S-M018-01,https://www.city.mizuho.lg.jp/1750.htm,庁舎回収・拠点回収,,,,2026-08-18,INITIAL_REVIEW_REQUIRED,CATEGORY_LEVEL,UNREVIEWED,,,Positive evidence（category正式名称・代表品目）から機械抽出。品目別公式根拠と条件枝の確認前はAPP_READYにしない。
MAP-M018-I037-C-M018-12,M018,I037,1,category正式名称・代表品目から機械抽出,C-M018-12,市で収集・処理できないもの,要品目別確認,受入先の指示に従う,販売店・メーカー・専門業者,TRUE,CURRENT,,,S-M018-02,https://www.city.mizuho.lg.jp/secure/1610/R7-1.pdf,市で処理できないもの,,,,2026-08-18,INITIAL_REVIEW_REQUIRED,CATEGORY_LEVEL,UNREVIEWED,,,Positive evidence（category正式名称・代表品目）から機械抽出。品目別公式根拠と条件枝の確認前はAPP_READYにしない。
MAP-M018-I038-C-M018-12,M018,I038,1,category正式名称・代表品目から機械抽出,C-M018-12,市で収集・処理できないもの,要品目別確認,受入先の指示に従う,販売店・メーカー・専門業者,TRUE,CURRENT,,,S-M018-02,https://www.city.mizuho.lg.jp/secure/1610/R7-1.pdf,市で処理できないもの,,,,2026-08-18,INITIAL_REVIEW_REQUIRED,CATEGORY_LEVEL,UNREVIEWED,,,Positive evidence（category正式名称・代表品目）から機械抽出。品目別公式根拠と条件枝の確認前はAPP_READYにしない。
MAP-M018-I039-C-M018-11,M018,I039,1,category正式名称・代表品目から機械抽出,C-M018-11,廃食用油,要品目別確認,冷まして密閉容器に入れる,NOT_STATED_IN_CITED_SOURCE,FALSE,CURRENT,,,S-M018-01,https://www.city.mizuho.lg.jp/1750.htm,廃食用油の回収,,,,2026-08-18,INITIAL_REVIEW_REQUIRED,CATEGORY_LEVEL,UNREVIEWED,,,Positive evidence（category正式名称・代表品目）から機械抽出。品目別公式根拠と条件枝の確認前はAPP_READYにしない。
MAP-M018-I040-C-M018-10,M018,I040,1,category正式名称・代表品目から機械抽出,C-M018-10,剪定木,要品目別確認,NOT_STATED_IN_CITED_SOURCE,NOT_STATED_IN_CITED_SOURCE,FALSE,CURRENT,,,S-M018-01,https://www.city.mizuho.lg.jp/1750.htm,戸別収集・剪定木,,,,2026-08-18,INITIAL_REVIEW_REQUIRED,CATEGORY_LEVEL,UNREVIEWED,,,Positive evidence（category正式名称・代表品目）から機械抽出。品目別公式根拠と条件枝の確認前はAPP_READYにしない。
MAP-M019-I001-C-M019-06,M019,I001,1,category正式名称・代表品目から機械抽出,C-M019-06,ペットボトル,要品目別確認,NOT_STATED_IN_CITED_SOURCE,NOT_STATED_IN_CITED_SOURCE,FALSE,CURRENT,,,S-M019-02,https://www.city.yamagata.gifu.jp/uploaded/attachment/19770.pdf,計画 資源化区分・ペットボトル,,,,2026-08-18,INITIAL_REVIEW_REQUIRED,CATEGORY_LEVEL,UNREVIEWED,,,Positive evidence（category正式名称・代表品目）から機械抽出。品目別公式根拠と条件枝の確認前はAPP_READYにしない。
MAP-M019-I004-C-M019-14,M019,I004,1,category正式名称・代表品目から機械抽出,C-M019-14,アルミ缶,要品目別確認,NOT_STATED_IN_CITED_SOURCE,NOT_STATED_IN_CITED_SOURCE,FALSE,CURRENT,,,S-M019-02,https://www.city.yamagata.gifu.jp/uploaded/attachment/19770.pdf,計画 資源化区分・アルミ缶,,,,2026-08-18,INITIAL_REVIEW_REQUIRED,CATEGORY_LEVEL,UNREVIEWED,,,Positive evidence（category正式名称・代表品目）から機械抽出。品目別公式根拠と条件枝の確認前はAPP_READYにしない。
MAP-M019-I006-C-M019-04,M019,I006,1,category正式名称・代表品目から機械抽出,C-M019-04,びん,要品目別確認,NOT_STATED_IN_CITED_SOURCE,NOT_STATED_IN_CITED_SOURCE,FALSE,CURRENT,,,S-M019-02,https://www.city.yamagata.gifu.jp/uploaded/attachment/19770.pdf,計画 資源化区分・びん,,,,2026-08-18,INITIAL_REVIEW_REQUIRED,CATEGORY_LEVEL,UNREVIEWED,,,Positive evidence（category正式名称・代表品目）から機械抽出。品目別公式根拠と条件枝の確認前はAPP_READYにしない。
MAP-M019-I007-C-M019-07,M019,I007,1,category正式名称・代表品目から機械抽出,C-M019-07,白色トレイ,要品目別確認,NOT_STATED_IN_CITED_SOURCE,NOT_STATED_IN_CITED_SOURCE,FALSE,CURRENT,,,S-M019-02,https://www.city.yamagata.gifu.jp/uploaded/attachment/19770.pdf,計画 資源化区分・白色トレイ,,,,2026-08-18,INITIAL_REVIEW_REQUIRED,CATEGORY_LEVEL,UNREVIEWED,,,Positive evidence（category正式名称・代表品目）から機械抽出。品目別公式根拠と条件枝の確認前はAPP_READYにしない。
MAP-M019-I012-C-M019-09,M019,I012,1,category正式名称・代表品目から機械抽出,C-M019-09,発泡スチロール,要品目別確認,NOT_STATED_IN_CITED_SOURCE,NOT_STATED_IN_CITED_SOURCE,FALSE,CURRENT,,,S-M019-02,https://www.city.yamagata.gifu.jp/uploaded/attachment/19770.pdf,計画 資源化区分・発泡スチロール,,,,2026-08-18,INITIAL_REVIEW_REQUIRED,CATEGORY_LEVEL,UNREVIEWED,,,Positive evidence（category正式名称・代表品目）から機械抽出。品目別公式根拠と条件枝の確認前はAPP_READYにしない。
MAP-M019-I013-C-M019-10,M019,I013,1,category正式名称・代表品目から機械抽出,C-M019-10,新聞・折込チラシ,要品目別確認,NOT_STATED_IN_CITED_SOURCE,NOT_STATED_IN_CITED_SOURCE,FALSE,CURRENT,,,S-M019-02,https://www.city.yamagata.gifu.jp/uploaded/attachment/19770.pdf,計画 資源化区分・新聞・折込チラシ,,,,2026-08-18,INITIAL_REVIEW_REQUIRED,CATEGORY_LEVEL,UNREVIEWED,,,Positive evidence（category正式名称・代表品目）から機械抽出。品目別公式根拠と条件枝の確認前はAPP_READYにしない。
MAP-M019-I014-C-M019-12,M019,I014,1,category正式名称・代表品目から機械抽出,C-M019-12,段ボール,要品目別確認,NOT_STATED_IN_CITED_SOURCE,NOT_STATED_IN_CITED_SOURCE,FALSE,CURRENT,,,S-M019-02,https://www.city.yamagata.gifu.jp/uploaded/attachment/19770.pdf,計画 資源化区分・段ボール,,,,2026-08-18,INITIAL_REVIEW_REQUIRED,CATEGORY_LEVEL,UNREVIEWED,,,Positive evidence（category正式名称・代表品目）から機械抽出。品目別公式根拠と条件枝の確認前はAPP_READYにしない。
MAP-M019-I015-C-M019-11,M019,I015,1,category正式名称・代表品目から機械抽出,C-M019-11,雑誌・雑がみ,要品目別確認,NOT_STATED_IN_CITED_SOURCE,NOT_STATED_IN_CITED_SOURCE,FALSE,CURRENT,,,S-M019-02,https://www.city.yamagata.gifu.jp/uploaded/attachment/19770.pdf,計画 資源化区分・雑誌・雑がみ,,,,2026-08-18,INITIAL_REVIEW_REQUIRED,CATEGORY_LEVEL,UNREVIEWED,,,Positive evidence（category正式名称・代表品目）から機械抽出。品目別公式根拠と条件枝の確認前はAPP_READYにしない。
MAP-M019-I017-C-M019-13,M019,I017,1,category正式名称・代表品目から機械抽出,C-M019-13,紙パック,要品目別確認,NOT_STATED_IN_CITED_SOURCE,NOT_STATED_IN_CITED_SOURCE,FALSE,CURRENT,,,S-M019-02,https://www.city.yamagata.gifu.jp/uploaded/attachment/19770.pdf,計画 資源化区分・紙パック,,,,2026-08-18,INITIAL_REVIEW_REQUIRED,CATEGORY_LEVEL,UNREVIEWED,,,Positive evidence（category正式名称・代表品目）から機械抽出。品目別公式根拠と条件枝の確認前はAPP_READYにしない。
MAP-M019-I018-C-M019-01,M019,I018,1,category正式名称・代表品目から機械抽出,C-M019-01,燃えるごみ,要品目別確認,NOT_STATED_IN_CITED_SOURCE,NOT_STATED_IN_CITED_SOURCE,FALSE,CURRENT,,,S-M019-02,https://www.city.yamagata.gifu.jp/uploaded/attachment/19770.pdf,計画 分別収集区分・燃えるごみ,,,,2026-08-18,INITIAL_REVIEW_REQUIRED,CATEGORY_LEVEL,UNREVIEWED,,,Positive evidence（category正式名称・代表品目）から機械抽出。品目別公式根拠と条件枝の確認前はAPP_READYにしない。
MAP-M019-I021-C-M019-15,M019,I021,1,category正式名称・代表品目から機械抽出,C-M019-15,古着,要品目別確認,NOT_STATED_IN_CITED_SOURCE,NOT_STATED_IN_CITED_SOURCE,FALSE,CURRENT,,,S-M019-02,https://www.city.yamagata.gifu.jp/uploaded/attachment/19770.pdf,計画 資源化区分・古着,,,,2026-08-18,INITIAL_REVIEW_REQUIRED,CATEGORY_LEVEL,UNREVIEWED,,,Positive evidence（category正式名称・代表品目）から機械抽出。品目別公式根拠と条件枝の確認前はAPP_READYにしない。
MAP-M019-I023-C-M019-02,M019,I023,1,category正式名称・代表品目から機械抽出,C-M019-02,不燃ごみ,要品目別確認,NOT_STATED_IN_CITED_SOURCE,NOT_STATED_IN_CITED_SOURCE,FALSE,CURRENT,,,S-M019-02,https://www.city.yamagata.gifu.jp/uploaded/attachment/19770.pdf,計画 分別収集区分・不燃ごみ,,,,2026-08-18,INITIAL_REVIEW_REQUIRED,CATEGORY_LEVEL,UNREVIEWED,,,Positive evidence（category正式名称・代表品目）から機械抽出。品目別公式根拠と条件枝の確認前はAPP_READYにしない。
MAP-M019-I027-C-M019-17,M019,I027,1,category正式名称・代表品目から機械抽出,C-M019-17,有害ごみ,要品目別確認,電池を絶縁し蛍光管は破損防止,NOT_STATED_IN_CITED_SOURCE,FALSE,CURRENT,,,S-M019-02,https://www.city.yamagata.gifu.jp/uploaded/attachment/19770.pdf,計画 有害ごみ,,,,2026-08-18,INITIAL_REVIEW_REQUIRED,CATEGORY_LEVEL,UNREVIEWED,,,Positive evidence（category正式名称・代表品目）から機械抽出。品目別公式根拠と条件枝の確認前はAPP_READYにしない。
MAP-M019-I030-C-M019-17,M019,I030,1,category正式名称・代表品目から機械抽出,C-M019-17,有害ごみ,要品目別確認,電池を絶縁し蛍光管は破損防止,NOT_STATED_IN_CITED_SOURCE,FALSE,CURRENT,,,S-M019-02,https://www.city.yamagata.gifu.jp/uploaded/attachment/19770.pdf,計画 有害ごみ,,,,2026-08-18,INITIAL_REVIEW_REQUIRED,CATEGORY_LEVEL,UNREVIEWED,,,Positive evidence（category正式名称・代表品目）から機械抽出。品目別公式根拠と条件枝の確認前はAPP_READYにしない。
MAP-M019-I034-C-M019-16,M019,I034,1,category正式名称・代表品目から機械抽出,C-M019-16,使用済小型家電,要品目別確認,個人情報を消去し電池を外す,NOT_STATED_IN_CITED_SOURCE,FALSE,CURRENT,,,S-M019-02,https://www.city.yamagata.gifu.jp/uploaded/attachment/19770.pdf,計画 使用済小型家電,,,,2026-08-18,INITIAL_REVIEW_REQUIRED,CATEGORY_LEVEL,UNREVIEWED,,,Positive evidence（category正式名称・代表品目）から機械抽出。品目別公式根拠と条件枝の確認前はAPP_READYにしない。
MAP-M019-I037-C-M019-19,M019,I037,1,category正式名称・代表品目から機械抽出,C-M019-19,市で収集しないもの,要品目別確認,受入先の指示に従う,販売店・メーカー・専門業者,TRUE,CURRENT,,,S-M019-02,https://www.city.yamagata.gifu.jp/uploaded/attachment/19770.pdf,計画 市収集対象外,,,,2026-08-18,INITIAL_REVIEW_REQUIRED,CATEGORY_LEVEL,UNREVIEWED,,,Positive evidence（category正式名称・代表品目）から機械抽出。品目別公式根拠と条件枝の確認前はAPP_READYにしない。
MAP-M019-I039-C-M019-18,M019,I039,1,category正式名称・代表品目から機械抽出,C-M019-18,廃食用油,要品目別確認,冷まして密閉容器に入れる,NOT_STATED_IN_CITED_SOURCE,FALSE,CURRENT,,,S-M019-02,https://www.city.yamagata.gifu.jp/uploaded/attachment/19770.pdf,計画 廃食用油回収,,,,2026-08-18,INITIAL_REVIEW_REQUIRED,CATEGORY_LEVEL,UNREVIEWED,,,Positive evidence（category正式名称・代表品目）から機械抽出。品目別公式根拠と条件枝の確認前はAPP_READYにしない。
MAP-M020-I001-C-M020-10,M020,I001,1,category正式名称・代表品目から機械抽出,C-M020-10,ペットボトル,要品目別確認,中をすすぎキャップ等を外す,NOT_STATED_IN_CITED_SOURCE,FALSE,CURRENT,,,S-M020-01,https://www.city.shizuoka.lg.jp/gomi/s000668.html,資源物・ペットボトル,,,,2026-08-18,INITIAL_REVIEW_REQUIRED,CATEGORY_LEVEL,UNREVIEWED,,,Positive evidence（category正式名称・代表品目）から機械抽出。品目別公式根拠と条件枝の確認前はAPP_READYにしない。
MAP-M020-I006-C-M020-08,M020,I006,1,category正式名称・代表品目から機械抽出,C-M020-08,びん,要品目別確認,中をすすぎキャップ等を外す,NOT_STATED_IN_CITED_SOURCE,FALSE,CURRENT,,,S-M020-01,https://www.city.shizuoka.lg.jp/gomi/s000668.html,資源物・びん,,,,2026-08-18,INITIAL_REVIEW_REQUIRED,CATEGORY_LEVEL,UNREVIEWED,,,Positive evidence（category正式名称・代表品目）から機械抽出。品目別公式根拠と条件枝の確認前はAPP_READYにしない。
MAP-M020-I013-C-M020-12,M020,I013,1,category正式名称・代表品目から機械抽出,C-M020-12,新聞,要品目別確認,折込広告を含めてまとめる,NOT_STATED_IN_CITED_SOURCE,FALSE,CURRENT,,,S-M020-01,https://www.city.shizuoka.lg.jp/gomi/s000668.html,古紙・新聞,,,,2026-08-18,INITIAL_REVIEW_REQUIRED,CATEGORY_LEVEL,UNREVIEWED,,,Positive evidence（category正式名称・代表品目）から機械抽出。品目別公式根拠と条件枝の確認前はAPP_READYにしない。
MAP-M020-I014-C-M020-14,M020,I014,1,category正式名称・代表品目から機械抽出,C-M020-14,段ボール,要品目別確認,折りたたむ,NOT_STATED_IN_CITED_SOURCE,FALSE,CURRENT,,,S-M020-01,https://www.city.shizuoka.lg.jp/gomi/s000668.html,古紙・段ボール,,,,2026-08-18,INITIAL_REVIEW_REQUIRED,CATEGORY_LEVEL,UNREVIEWED,,,Positive evidence（category正式名称・代表品目）から機械抽出。品目別公式根拠と条件枝の確認前はAPP_READYにしない。
MAP-M020-I015-C-M020-13,M020,I015,1,category正式名称・代表品目から機械抽出,C-M020-13,雑誌・雑がみ,要品目別確認,紙以外を外し、小さい紙をまとめる,NOT_STATED_IN_CITED_SOURCE,FALSE,CURRENT,,,S-M020-01,https://www.city.shizuoka.lg.jp/gomi/s000668.html,古紙・雑誌・雑がみ,,,,2026-08-18,INITIAL_REVIEW_REQUIRED,CATEGORY_LEVEL,UNREVIEWED,,,Positive evidence（category正式名称・代表品目）から機械抽出。品目別公式根拠と条件枝の確認前はAPP_READYにしない。
MAP-M020-I017-C-M020-15,M020,I017,1,category正式名称・代表品目から機械抽出,C-M020-15,紙パック,要品目別確認,洗って切り開き、乾かす,NOT_STATED_IN_CITED_SOURCE,FALSE,CURRENT,,,S-M020-01,https://www.city.shizuoka.lg.jp/gomi/s000668.html,古紙・紙パック,,,,2026-08-18,INITIAL_REVIEW_REQUIRED,CATEGORY_LEVEL,UNREVIEWED,,,Positive evidence（category正式名称・代表品目）から機械抽出。品目別公式根拠と条件枝の確認前はAPP_READYにしない。
MAP-M020-I018-C-M020-01,M020,I018,1,category正式名称・代表品目から機械抽出,C-M020-01,可燃ごみ,要品目別確認,生ごみは水を切る,NOT_STATED_IN_CITED_SOURCE,FALSE,CURRENT,,,S-M020-01,https://www.city.shizuoka.lg.jp/gomi/s000668.html,可燃ごみ,,,,2026-08-18,INITIAL_REVIEW_REQUIRED,CATEGORY_LEVEL,UNREVIEWED,,,Positive evidence（category正式名称・代表品目）から機械抽出。品目別公式根拠と条件枝の確認前はAPP_READYにしない。
MAP-M020-I023-C-M020-02,M020,I023,1,category正式名称・代表品目から機械抽出,C-M020-02,不燃・粗大ごみ（非金属）,要品目別確認,割れ物を包み危険表示,NOT_STATED_IN_CITED_SOURCE,FALSE,CURRENT,,,S-M020-01,https://www.city.shizuoka.lg.jp/gomi/s000668.html,不燃・粗大ごみ,,,,2026-08-18,INITIAL_REVIEW_REQUIRED,CATEGORY_LEVEL,UNREVIEWED,,,Positive evidence（category正式名称・代表品目）から機械抽出。品目別公式根拠と条件枝の確認前はAPP_READYにしない。
MAP-M020-I027-C-M020-04,M020,I027,1,category正式名称・代表品目から機械抽出,C-M020-04,乾電池,要品目別確認,端子を絶縁する,NOT_STATED_IN_CITED_SOURCE,FALSE,CURRENT,,,S-M020-01,https://www.city.shizuoka.lg.jp/gomi/s000668.html,危険・有害ごみ・乾電池,,,,2026-08-18,INITIAL_REVIEW_REQUIRED,CATEGORY_LEVEL,UNREVIEWED,,,Positive evidence（category正式名称・代表品目）から機械抽出。品目別公式根拠と条件枝の確認前はAPP_READYにしない。
MAP-M020-I030-C-M020-06,M020,I030,1,category正式名称・代表品目から機械抽出,C-M020-06,水銀使用製品,要品目別確認,破損しないよう保護する,NOT_STATED_IN_CITED_SOURCE,FALSE,CURRENT,,,S-M020-01,https://www.city.shizuoka.lg.jp/gomi/s000668.html,危険・有害ごみ・水銀使用製品,,,,2026-08-18,INITIAL_REVIEW_REQUIRED,CATEGORY_LEVEL,UNREVIEWED,,,Positive evidence（category正式名称・代表品目）から機械抽出。品目別公式根拠と条件枝の確認前はAPP_READYにしない。
MAP-M020-I032-C-M020-07,M020,I032,1,category正式名称・代表品目から機械抽出,C-M020-07,スプレー缶,要品目別確認,中身を使い切り、穴を開けずに出す,NOT_STATED_IN_CITED_SOURCE,FALSE,CURRENT,,,S-M020-01,https://www.city.shizuoka.lg.jp/gomi/s000668.html,危険・有害ごみ・スプレー缶,,,,2026-08-18,INITIAL_REVIEW_REQUIRED,CATEGORY_LEVEL,UNREVIEWED,,,Positive evidence（category正式名称・代表品目）から機械抽出。品目別公式根拠と条件枝の確認前はAPP_READYにしない。
MAP-M020-I033-C-M020-05,M020,I033,1,category正式名称・代表品目から機械抽出,C-M020-05,ライター,要品目別確認,中身を使い切る,NOT_STATED_IN_CITED_SOURCE,FALSE,CURRENT,,,S-M020-01,https://www.city.shizuoka.lg.jp/gomi/s000668.html,危険・有害ごみ・ライター,,,,2026-08-18,INITIAL_REVIEW_REQUIRED,CATEGORY_LEVEL,UNREVIEWED,,,Positive evidence（category正式名称・代表品目）から機械抽出。品目別公式根拠と条件枝の確認前はAPP_READYにしない。
MAP-M020-I034-C-M020-16,M020,I034,1,category正式名称・代表品目から機械抽出,C-M020-16,使用済小型家電,要品目別確認,個人情報を消去し電池を外す,NOT_STATED_IN_CITED_SOURCE,FALSE,CURRENT,,,S-M020-01,https://www.city.shizuoka.lg.jp/gomi/s000668.html,使用済小型家電,,,,2026-08-18,INITIAL_REVIEW_REQUIRED,CATEGORY_LEVEL,UNREVIEWED,,,Positive evidence（category正式名称・代表品目）から機械抽出。品目別公式根拠と条件枝の確認前はAPP_READYにしない。
MAP-M020-I037-C-M020-17,M020,I037,1,category正式名称・代表品目から機械抽出,C-M020-17,市で収集・処理できないもの,要品目別確認,受入先の指示に従う,販売店・メーカー・専門業者,TRUE,CURRENT,,,S-M020-01,https://www.city.shizuoka.lg.jp/gomi/s000668.html,市で収集・処理できないもの,,,,2026-08-18,INITIAL_REVIEW_REQUIRED,CATEGORY_LEVEL,UNREVIEWED,,,Positive evidence（category正式名称・代表品目）から機械抽出。品目別公式根拠と条件枝の確認前はAPP_READYにしない。
MAP-M020-I038-C-M020-17,M020,I038,1,category正式名称・代表品目から機械抽出,C-M020-17,市で収集・処理できないもの,要品目別確認,受入先の指示に従う,販売店・メーカー・専門業者,TRUE,CURRENT,,,S-M020-01,https://www.city.shizuoka.lg.jp/gomi/s000668.html,市で収集・処理できないもの,,,,2026-08-18,INITIAL_REVIEW_REQUIRED,CATEGORY_LEVEL,UNREVIEWED,,,Positive evidence（category正式名称・代表品目）から機械抽出。品目別公式根拠と条件枝の確認前はAPP_READYにしない。
MAP-M021-I001-C-M021-08,M021,I001,1,category正式名称・代表品目から機械抽出,C-M021-08,ペットボトル（ペット）,要品目別確認,ふたとラベルを外し、中身と異物を除く,材質に応じた区分へ,FALSE,CURRENT,,,S-M021-02,https://www.info.city.tsu.mie.jp/_res/projects/default_project/_page_/001/001/598/8.4guidebook.pdf,p4 ごみの分別区分一覧・ペットボトル（ペット）,,,,2026-08-18,INITIAL_REVIEW_REQUIRED,CATEGORY_LEVEL,UNREVIEWED,,,Positive evidence（category正式名称・代表品目）から機械抽出。品目別公式根拠と条件枝の確認前はAPP_READYにしない。
MAP-M021-I006-C-M021-09,M021,I006,1,category正式名称・代表品目から機械抽出,C-M021-09,びん,要品目別確認,ふたを外し、中身を使い切って汚れを除く,金属・燃やせないごみ,FALSE,CURRENT,,,S-M021-02,https://www.info.city.tsu.mie.jp/_res/projects/default_project/_page_/001/001/598/8.4guidebook.pdf,p4 ごみの分別区分一覧・びん,,,,2026-08-18,INITIAL_REVIEW_REQUIRED,CATEGORY_LEVEL,UNREVIEWED,,,Positive evidence（category正式名称・代表品目）から機械抽出。品目別公式根拠と条件枝の確認前はAPP_READYにしない。
MAP-M021-I013-C-M021-03,M021,I013,1,category正式名称・代表品目から機械抽出,C-M021-03,新聞,要品目別確認,折込広告を含めてまとめる,リサイクルできない紙は燃やせるごみ,FALSE,CURRENT,,,S-M021-02,https://www.info.city.tsu.mie.jp/_res/projects/default_project/_page_/001/001/598/8.4guidebook.pdf,p4 ごみの分別区分一覧・新聞,,,,2026-08-18,INITIAL_REVIEW_REQUIRED,CATEGORY_LEVEL,UNREVIEWED,,,Positive evidence（category正式名称・代表品目）から機械抽出。品目別公式根拠と条件枝の確認前はAPP_READYにしない。
MAP-M021-I014-C-M021-05,M021,I014,1,category正式名称・代表品目から機械抽出,C-M021-05,ダンボール,要品目別確認,折りたたむ,汚れた物は燃やせるごみ,FALSE,CURRENT,,,S-M021-02,https://www.info.city.tsu.mie.jp/_res/projects/default_project/_page_/001/001/598/8.4guidebook.pdf,p4 ごみの分別区分一覧・ダンボール,,,,2026-08-18,INITIAL_REVIEW_REQUIRED,CATEGORY_LEVEL,UNREVIEWED,,,Positive evidence（category正式名称・代表品目）から機械抽出。品目別公式根拠と条件枝の確認前はAPP_READYにしない。
MAP-M021-I015-C-M021-04,M021,I015,1,category正式名称・代表品目から機械抽出,C-M021-04,雑誌・雑紙,要品目別確認,紙以外を外し、小さい紙は雑誌に挟む,リサイクルできない紙は燃やせるごみ,FALSE,CURRENT,,,S-M021-02,https://www.info.city.tsu.mie.jp/_res/projects/default_project/_page_/001/001/598/8.4guidebook.pdf,p4 ごみの分別区分一覧・雑誌・雑紙,,,,2026-08-18,INITIAL_REVIEW_REQUIRED,CATEGORY_LEVEL,UNREVIEWED,,,Positive evidence（category正式名称・代表品目）から機械抽出。品目別公式根拠と条件枝の確認前はAPP_READYにしない。
MAP-M021-I016-C-M021-04,M021,I016,1,category正式名称・代表品目から機械抽出,C-M021-04,雑誌・雑紙,要品目別確認,紙以外を外し、小さい紙は雑誌に挟む,リサイクルできない紙は燃やせるごみ,FALSE,CURRENT,,,S-M021-02,https://www.info.city.tsu.mie.jp/_res/projects/default_project/_page_/001/001/598/8.4guidebook.pdf,p4 ごみの分別区分一覧・雑誌・雑紙,,,,2026-08-18,INITIAL_REVIEW_REQUIRED,CATEGORY_LEVEL,UNREVIEWED,,,Positive evidence（category正式名称・代表品目）から機械抽出。品目別公式根拠と条件枝の確認前はAPP_READYにしない。
MAP-M021-I017-C-M021-06,M021,I017,1,category正式名称・代表品目から機械抽出,C-M021-06,飲料用紙パック,要品目別確認,洗って切り開き、乾かす,アルミ加工品は燃やせるごみ,FALSE,CURRENT,,,S-M021-02,https://www.info.city.tsu.mie.jp/_res/projects/default_project/_page_/001/001/598/8.4guidebook.pdf,p4 ごみの分別区分一覧・飲料用紙パック,,,,2026-08-18,INITIAL_REVIEW_REQUIRED,CATEGORY_LEVEL,UNREVIEWED,,,Positive evidence（category正式名称・代表品目）から機械抽出。品目別公式根拠と条件枝の確認前はAPP_READYにしない。
MAP-M021-I018-C-M021-12,M021,I018,1,category正式名称・代表品目から機械抽出,C-M021-12,燃やせるごみ（可燃）,要品目別確認,生ごみは水を切り、汚物はトイレへ流す,各資源区分または金属・燃やせないごみ,FALSE,CURRENT,,,S-M021-02,https://www.info.city.tsu.mie.jp/_res/projects/default_project/_page_/001/001/598/8.4guidebook.pdf,p4 ごみの分別区分一覧・燃やせるごみ（可燃）,,,,2026-08-18,INITIAL_REVIEW_REQUIRED,CATEGORY_LEVEL,UNREVIEWED,,,Positive evidence（category正式名称・代表品目）から機械抽出。品目別公式根拠と条件枝の確認前はAPP_READYにしない。
MAP-M021-I021-C-M021-07,M021,I021,1,category正式名称・代表品目から機械抽出,C-M021-07,衣類・布類,要品目別確認,洗って乾かす,対象外の布類は燃やせるごみ,FALSE,CURRENT,,,S-M021-02,https://www.info.city.tsu.mie.jp/_res/projects/default_project/_page_/001/001/598/8.4guidebook.pdf,p4 ごみの分別区分一覧・衣類・布類,,,,2026-08-18,INITIAL_REVIEW_REQUIRED,CATEGORY_LEVEL,UNREVIEWED,,,Positive evidence（category正式名称・代表品目）から機械抽出。品目別公式根拠と条件枝の確認前はAPP_READYにしない。
MAP-M021-I023-C-M021-01,M021,I023,1,category正式名称・代表品目から機械抽出,C-M021-01,金属・燃やせないごみ（不燃）,要品目別確認,割れ物・刃物は紙等で包み危険表示し、電池を外す,危険ごみ対象品は危険ごみ、家電4品目は販売店等,FALSE,CURRENT,,,S-M021-02,https://www.info.city.tsu.mie.jp/_res/projects/default_project/_page_/001/001/598/8.4guidebook.pdf,p4 ごみの分別区分一覧・金属・燃やせないごみ（不燃）,,,,2026-08-18,INITIAL_REVIEW_REQUIRED,CATEGORY_LEVEL,UNREVIEWED,,,Positive evidence（category正式名称・代表品目）から機械抽出。品目別公式根拠と条件枝の確認前はAPP_READYにしない。
MAP-M021-I030-C-M021-02,M021,I030,1,category正式名称・代表品目から機械抽出,C-M021-02,危険ごみ,要品目別確認,スプレー缶・ライターは使い切り、充電池は端子を絶縁し、蛍光管は箱・筒・袋で保護する,各通常収集区分へ,FALSE,CURRENT,,,S-M021-02,https://www.info.city.tsu.mie.jp/_res/projects/default_project/_page_/001/001/598/8.4guidebook.pdf,p4 ごみの分別区分一覧・危険ごみ,,,,2026-08-18,INITIAL_REVIEW_REQUIRED,CATEGORY_LEVEL,UNREVIEWED,,,Positive evidence（category正式名称・代表品目）から機械抽出。品目別公式根拠と条件枝の確認前はAPP_READYにしない。
MAP-M021-I032-C-M021-02,M021,I032,1,category正式名称・代表品目から機械抽出,C-M021-02,危険ごみ,要品目別確認,スプレー缶・ライターは使い切り、充電池は端子を絶縁し、蛍光管は箱・筒・袋で保護する,各通常収集区分へ,FALSE,CURRENT,,,S-M021-02,https://www.info.city.tsu.mie.jp/_res/projects/default_project/_page_/001/001/598/8.4guidebook.pdf,p4 ごみの分別区分一覧・危険ごみ,,,,2026-08-18,INITIAL_REVIEW_REQUIRED,CATEGORY_LEVEL,UNREVIEWED,,,Positive evidence（category正式名称・代表品目）から機械抽出。品目別公式根拠と条件枝の確認前はAPP_READYにしない。
MAP-M021-I033-C-M021-02,M021,I033,1,category正式名称・代表品目から機械抽出,C-M021-02,危険ごみ,要品目別確認,スプレー缶・ライターは使い切り、充電池は端子を絶縁し、蛍光管は箱・筒・袋で保護する,各通常収集区分へ,FALSE,CURRENT,,,S-M021-02,https://www.info.city.tsu.mie.jp/_res/projects/default_project/_page_/001/001/598/8.4guidebook.pdf,p4 ごみの分別区分一覧・危険ごみ,,,,2026-08-18,INITIAL_REVIEW_REQUIRED,CATEGORY_LEVEL,UNREVIEWED,,,Positive evidence（category正式名称・代表品目）から機械抽出。品目別公式根拠と条件枝の確認前はAPP_READYにしない。
MAP-M021-I034-C-M021-01,M021,I034,1,category正式名称・代表品目から機械抽出,C-M021-01,金属・燃やせないごみ（不燃）,要品目別確認,割れ物・刃物は紙等で包み危険表示し、電池を外す,危険ごみ対象品は危険ごみ、家電4品目は販売店等,FALSE,CURRENT,,,S-M021-02,https://www.info.city.tsu.mie.jp/_res/projects/default_project/_page_/001/001/598/8.4guidebook.pdf,p4 ごみの分別区分一覧・金属・燃やせないごみ（不燃）,,,,2026-08-18,INITIAL_REVIEW_REQUIRED,CATEGORY_LEVEL,UNREVIEWED,,,Positive evidence（category正式名称・代表品目）から機械抽出。品目別公式根拠と条件枝の確認前はAPP_READYにしない。
MAP-M021-I037-C-M021-13,M021,I037,1,category正式名称・代表品目から機械抽出,C-M021-13,市で収集・処理できないもの,要品目別確認,受入先の指示に従う,販売店・メーカー・専門業者,TRUE,CURRENT,,,S-M021-02,https://www.info.city.tsu.mie.jp/_res/projects/default_project/_page_/001/001/598/8.4guidebook.pdf,市で収集・処理できないもの,,,,2026-08-18,INITIAL_REVIEW_REQUIRED,CATEGORY_LEVEL,UNREVIEWED,,,Positive evidence（category正式名称・代表品目）から機械抽出。品目別公式根拠と条件枝の確認前はAPP_READYにしない。
MAP-M021-I038-C-M021-13,M021,I038,1,category正式名称・代表品目から機械抽出,C-M021-13,市で収集・処理できないもの,要品目別確認,受入先の指示に従う,販売店・メーカー・専門業者,TRUE,CURRENT,,,S-M021-02,https://www.info.city.tsu.mie.jp/_res/projects/default_project/_page_/001/001/598/8.4guidebook.pdf,市で収集・処理できないもの,,,,2026-08-18,INITIAL_REVIEW_REQUIRED,CATEGORY_LEVEL,UNREVIEWED,,,Positive evidence（category正式名称・代表品目）から機械抽出。品目別公式根拠と条件枝の確認前はAPP_READYにしない。
MAP-M022-I001-C-M022-02,M022,I001,1,category正式名称・代表品目から機械抽出,C-M022-02,ペットボトル,要品目別確認,キャップとラベルを外しすすぐ,NOT_STATED_IN_CITED_SOURCE,FALSE,CURRENT,,,S-M022-02,https://www.city.shijonawate.lg.jp/uploaded/attachment/37047.pdf,p4 ペットボトル,,,,2026-08-18,INITIAL_REVIEW_REQUIRED,CATEGORY_LEVEL,UNREVIEWED,,,Positive evidence（category正式名称・代表品目）から機械抽出。品目別公式根拠と条件枝の確認前はAPP_READYにしない。
MAP-M022-I006-C-M022-05,M022,I006,1,category正式名称・代表品目から機械抽出,C-M022-05,空きびん,要品目別確認,中をすすぐ,NOT_STATED_IN_CITED_SOURCE,FALSE,CURRENT,,,S-M022-02,https://www.city.shijonawate.lg.jp/uploaded/attachment/37047.pdf,p4 空きびん,,,,2026-08-18,INITIAL_REVIEW_REQUIRED,CATEGORY_LEVEL,UNREVIEWED,,,Positive evidence（category正式名称・代表品目）から機械抽出。品目別公式根拠と条件枝の確認前はAPP_READYにしない。
MAP-M022-I018-C-M022-01,M022,I018,1,category正式名称・代表品目から機械抽出,C-M022-01,可燃ごみ,要品目別確認,生ごみは水を切る,NOT_STATED_IN_CITED_SOURCE,FALSE,CURRENT,,,S-M022-02,https://www.city.shijonawate.lg.jp/uploaded/attachment/37047.pdf,p4 可燃ごみ,,,,2026-08-18,INITIAL_REVIEW_REQUIRED,CATEGORY_LEVEL,UNREVIEWED,,,Positive evidence（category正式名称・代表品目）から機械抽出。品目別公式根拠と条件枝の確認前はAPP_READYにしない。
MAP-M022-I023-C-M022-12,M022,I023,1,category正式名称・代表品目から機械抽出,C-M022-12,粗大ごみ・不燃ごみ,要品目別確認,NOT_STATED_IN_CITED_SOURCE,NOT_STATED_IN_CITED_SOURCE,FALSE,CURRENT,,,S-M022-02,https://www.city.shijonawate.lg.jp/uploaded/attachment/37047.pdf,p6-9 粗大ごみ・不燃ごみ,,,,2026-08-18,INITIAL_REVIEW_REQUIRED,CATEGORY_LEVEL,UNREVIEWED,,,Positive evidence（category正式名称・代表品目）から機械抽出。品目別公式根拠と条件枝の確認前はAPP_READYにしない。
MAP-M022-I027-C-M022-08,M022,I027,1,category正式名称・代表品目から機械抽出,C-M022-08,乾電池・蛍光管,要品目別確認,電池を絶縁し蛍光管は破損防止,NOT_STATED_IN_CITED_SOURCE,FALSE,CURRENT,,,S-M022-02,https://www.city.shijonawate.lg.jp/uploaded/attachment/37047.pdf,p5 有害資源ごみ,,,,2026-08-18,INITIAL_REVIEW_REQUIRED,CATEGORY_LEVEL,UNREVIEWED,,,Positive evidence（category正式名称・代表品目）から機械抽出。品目別公式根拠と条件枝の確認前はAPP_READYにしない。
MAP-M022-I030-C-M022-08,M022,I030,1,category正式名称・代表品目から機械抽出,C-M022-08,乾電池・蛍光管,要品目別確認,電池を絶縁し蛍光管は破損防止,NOT_STATED_IN_CITED_SOURCE,FALSE,CURRENT,,,S-M022-02,https://www.city.shijonawate.lg.jp/uploaded/attachment/37047.pdf,p5 有害資源ごみ,,,,2026-08-18,INITIAL_REVIEW_REQUIRED,CATEGORY_LEVEL,UNREVIEWED,,,Positive evidence（category正式名称・代表品目）から機械抽出。品目別公式根拠と条件枝の確認前はAPP_READYにしない。
MAP-M022-I032-C-M022-06,M022,I032,1,category正式名称・代表品目から機械抽出,C-M022-06,スプレー缶・カセットボンベ,要品目別確認,中身を使い切り穴を開けず別袋,NOT_STATED_IN_CITED_SOURCE,FALSE,CURRENT,,,S-M022-02,https://www.city.shijonawate.lg.jp/uploaded/attachment/37047.pdf,p4 空き缶・空きびん,,,,2026-08-18,INITIAL_REVIEW_REQUIRED,CATEGORY_LEVEL,UNREVIEWED,,,Positive evidence（category正式名称・代表品目）から機械抽出。品目別公式根拠と条件枝の確認前はAPP_READYにしない。
MAP-M022-I033-C-M022-11,M022,I033,1,category正式名称・代表品目から機械抽出,C-M022-11,使い捨てライター,要品目別確認,中身を使い切る,NOT_STATED_IN_CITED_SOURCE,FALSE,CURRENT,,,S-M022-02,https://www.city.shijonawate.lg.jp/uploaded/attachment/37047.pdf,p5 有害資源ごみ,,,,2026-08-18,INITIAL_REVIEW_REQUIRED,CATEGORY_LEVEL,UNREVIEWED,,,Positive evidence（category正式名称・代表品目）から機械抽出。品目別公式根拠と条件枝の確認前はAPP_READYにしない。
MAP-M022-I037-C-M022-13,M022,I037,1,category正式名称・代表品目から機械抽出,C-M022-13,市では収集しないごみ,要品目別確認,受入先の指示に従う,販売店・メーカー・専門業者,TRUE,CURRENT,,,S-M022-02,https://www.city.shijonawate.lg.jp/uploaded/attachment/37047.pdf,市では収集しないごみ,,,,2026-08-18,INITIAL_REVIEW_REQUIRED,CATEGORY_LEVEL,UNREVIEWED,,,Positive evidence（category正式名称・代表品目）から機械抽出。品目別公式根拠と条件枝の確認前はAPP_READYにしない。
MAP-M022-I038-C-M022-13,M022,I038,1,category正式名称・代表品目から機械抽出,C-M022-13,市では収集しないごみ,要品目別確認,受入先の指示に従う,販売店・メーカー・専門業者,TRUE,CURRENT,,,S-M022-02,https://www.city.shijonawate.lg.jp/uploaded/attachment/37047.pdf,市では収集しないごみ,,,,2026-08-18,INITIAL_REVIEW_REQUIRED,CATEGORY_LEVEL,UNREVIEWED,,,Positive evidence（category正式名称・代表品目）から機械抽出。品目別公式根拠と条件枝の確認前はAPP_READYにしない。
MAP-M022-I039-C-M022-07,M022,I039,1,category正式名称・代表品目から機械抽出,C-M022-07,廃食用油,要品目別確認,冷まして指定容器に入れる,NOT_STATED_IN_CITED_SOURCE,FALSE,CURRENT,,,S-M022-02,https://www.city.shijonawate.lg.jp/uploaded/attachment/37047.pdf,p5 廃油回収,,,,2026-08-18,INITIAL_REVIEW_REQUIRED,CATEGORY_LEVEL,UNREVIEWED,,,Positive evidence（category正式名称・代表品目）から機械抽出。品目別公式根拠と条件枝の確認前はAPP_READYにしない。
MAP-M023-I018-C-M023-01,M023,I018,1,category正式名称・代表品目から機械抽出,C-M023-01,普通ごみ,要品目別確認,生ごみは水分を切る,各分別区分または粗大ごみ,FALSE,CURRENT,,,S-M023-03,https://www.city.osaka.lg.jp/kankyo/page/0000009139.html,普通ごみ収集／対象となるごみ,,,,2026-08-19,INITIAL_REVIEW_REQUIRED,CATEGORY_LEVEL,UNREVIEWED,,,Positive evidence（category正式名称・代表品目）から機械抽出。品目別公式根拠と条件枝の確認前はAPP_READYにしない。
MAP-M023-I021-C-M023-04,M023,I021,1,category正式名称・代表品目から機械抽出,C-M023-04,古紙・衣類,要品目別確認,古紙は種類別にまとめ、衣類は洗濯して乾かす,NOT_STATED_IN_CITED_SOURCE,FALSE,CURRENT,,,S-M023-01,https://www.city.osaka.lg.jp/kankyo/page/0000009337.html,定曜日に収集するごみ／古紙・衣類,,,,2026-08-19,INITIAL_REVIEW_REQUIRED,CATEGORY_LEVEL,UNREVIEWED,,,Positive evidence（category正式名称・代表品目）から機械抽出。品目別公式根拠と条件枝の確認前はAPP_READYにしない。
MAP-M023-I029-C-M023-06,M023,I029,1,category正式名称・代表品目から機械抽出,C-M023-06,リチウムイオン電池等,要品目別確認,端子を絶縁する,市指定の回収方法,FALSE,CURRENT,,,S-M023-03,https://www.city.osaka.lg.jp/kankyo/page/0000009139.html,普通ごみ収集／リチウムイオン電池等の回収,,,,2026-08-19,INITIAL_REVIEW_REQUIRED,CATEGORY_LEVEL,UNREVIEWED,,,Positive evidence（category正式名称・代表品目）から機械抽出。品目別公式根拠と条件枝の確認前はAPP_READYにしない。
MAP-M023-I034-C-M023-07,M023,I034,1,category正式名称・代表品目から機械抽出,C-M023-07,小型家電回収,要品目別確認,個人情報を消去し電池を外す,NOT_STATED_IN_CITED_SOURCE,FALSE,CURRENT,,,S-M023-01,https://www.city.osaka.lg.jp/kankyo/page/0000009337.html,小型家電リサイクル回収への公式導線,,,,2026-08-19,INITIAL_REVIEW_REQUIRED,CATEGORY_LEVEL,UNREVIEWED,,,Positive evidence（category正式名称・代表品目）から機械抽出。品目別公式根拠と条件枝の確認前はAPP_READYにしない。
MAP-M023-I037-C-M023-09,M023,I037,1,category正式名称・代表品目から機械抽出,C-M023-09,大阪市で収集しないもの,要品目別確認,受入先の指示に従う,販売店・メーカー等へ相談,TRUE,CURRENT,,,S-M023-03,https://www.city.osaka.lg.jp/kankyo/page/0000009139.html,普通ごみ収集／大阪市で収集しないもの,,,,2026-08-19,INITIAL_REVIEW_REQUIRED,CATEGORY_LEVEL,UNREVIEWED,,,Positive evidence（category正式名称・代表品目）から機械抽出。品目別公式根拠と条件枝の確認前はAPP_READYにしない。
MAP-M024-I001-C-M024-06,M024,I001,1,category正式名称・代表品目から機械抽出,C-M024-06,缶・びん・ペットボトル,要品目別確認,中身を使い切り軽くすすぐ。PETはキャップとラベルを外す,燃えないごみ,FALSE,CURRENT,,,S-M024-02,https://www.city.kobe.lg.jp/a04164/kurashi/recycle/gomi/faq/qa.html,Q&A／缶・びん・ペットボトル,,,,2026-08-19,INITIAL_REVIEW_REQUIRED,CATEGORY_LEVEL,UNREVIEWED,,,Positive evidence（category正式名称・代表品目）から機械抽出。品目別公式根拠と条件枝の確認前はAPP_READYにしない。
MAP-M024-I002-C-M024-05,M024,I002,1,category正式名称・代表品目から機械抽出,C-M024-05,容器包装プラスチック,要品目別確認,中身を使い切り汚れを取り除く,燃えるごみ,FALSE,CURRENT,,,S-M024-02,https://www.city.kobe.lg.jp/a04164/kurashi/recycle/gomi/faq/qa.html,Q&A／PETキャップ・ラベル、容器包装プラスチック,,,,2026-08-19,INITIAL_REVIEW_REQUIRED,CATEGORY_LEVEL,UNREVIEWED,,,Positive evidence（category正式名称・代表品目）から機械抽出。品目別公式根拠と条件枝の確認前はAPP_READYにしない。
MAP-M024-I003-C-M024-05,M024,I003,1,category正式名称・代表品目から機械抽出,C-M024-05,容器包装プラスチック,要品目別確認,中身を使い切り汚れを取り除く,燃えるごみ,FALSE,CURRENT,,,S-M024-02,https://www.city.kobe.lg.jp/a04164/kurashi/recycle/gomi/faq/qa.html,Q&A／PETキャップ・ラベル、容器包装プラスチック,,,,2026-08-19,INITIAL_REVIEW_REQUIRED,CATEGORY_LEVEL,UNREVIEWED,,,Positive evidence（category正式名称・代表品目）から機械抽出。品目別公式根拠と条件枝の確認前はAPP_READYにしない。
MAP-M024-I006-C-M024-06,M024,I006,1,category正式名称・代表品目から機械抽出,C-M024-06,缶・びん・ペットボトル,要品目別確認,中身を使い切り軽くすすぐ。PETはキャップとラベルを外す,燃えないごみ,FALSE,CURRENT,,,S-M024-02,https://www.city.kobe.lg.jp/a04164/kurashi/recycle/gomi/faq/qa.html,Q&A／缶・びん・ペットボトル,,,,2026-08-19,INITIAL_REVIEW_REQUIRED,CATEGORY_LEVEL,UNREVIEWED,,,Positive evidence（category正式名称・代表品目）から機械抽出。品目別公式根拠と条件枝の確認前はAPP_READYにしない。
MAP-M024-I018-C-M024-04,M024,I018,1,category正式名称・代表品目から機械抽出,C-M024-04,燃えるごみ,要品目別確認,生ごみは水切り,NOT_STATED_IN_CITED_SOURCE,FALSE,CURRENT,,,S-M024-01,https://www.city.kobe.lg.jp/a04164/kurashi/recycle/gomi/dashikata/calendar/suma/jinbucho.html,ごみの出し方・分別／燃えるごみ,,,,2026-08-19,INITIAL_REVIEW_REQUIRED,CATEGORY_LEVEL,UNREVIEWED,,,Positive evidence（category正式名称・代表品目）から機械抽出。品目別公式根拠と条件枝の確認前はAPP_READYにしない。
MAP-M024-I021-C-M024-07,M024,I021,1,category正式名称・代表品目から機械抽出,C-M024-07,資源集団回収,要品目別確認,NOT_STATED_IN_CITED_SOURCE,NOT_STATED_IN_CITED_SOURCE,FALSE,CURRENT,,,S-M024-01,https://www.city.kobe.lg.jp/a04164/kurashi/recycle/gomi/dashikata/calendar/suma/jinbucho.html,地域での資源回収,,,,2026-08-19,INITIAL_REVIEW_REQUIRED,CATEGORY_LEVEL,UNREVIEWED,,,Positive evidence（category正式名称・代表品目）から機械抽出。品目別公式根拠と条件枝の確認前はAPP_READYにしない。
MAP-M024-I023-C-M024-02,M024,I023,1,category正式名称・代表品目から機械抽出,C-M024-02,燃えないごみ,要品目別確認,NOT_STATED_IN_CITED_SOURCE,NOT_STATED_IN_CITED_SOURCE,FALSE,CURRENT,,,S-M024-01,https://www.city.kobe.lg.jp/a04164/kurashi/recycle/gomi/dashikata/calendar/suma/jinbucho.html,ごみの出し方・分別／燃えないごみ,,,,2026-08-19,INITIAL_REVIEW_REQUIRED,CATEGORY_LEVEL,UNREVIEWED,,,Positive evidence（category正式名称・代表品目）から機械抽出。品目別公式根拠と条件枝の確認前はAPP_READYにしない。
MAP-M024-I028-C-M024-08,M024,I028,1,category正式名称・代表品目から機械抽出,C-M024-08,電池類回収ボックス,要品目別確認,端子を絶縁する,NOT_STATED_IN_CITED_SOURCE,FALSE,CURRENT,,,S-M024-01,https://www.city.kobe.lg.jp/a04164/kurashi/recycle/gomi/dashikata/calendar/suma/jinbucho.html,家庭ごみ関連トピックス／電池類回収ボックス,,,,2026-08-19,INITIAL_REVIEW_REQUIRED,CATEGORY_LEVEL,UNREVIEWED,,,Positive evidence（category正式名称・代表品目）から機械抽出。品目別公式根拠と条件枝の確認前はAPP_READYにしない。
MAP-M024-I029-C-M024-08,M024,I029,1,category正式名称・代表品目から機械抽出,C-M024-08,電池類回収ボックス,要品目別確認,端子を絶縁する,NOT_STATED_IN_CITED_SOURCE,FALSE,CURRENT,,,S-M024-01,https://www.city.kobe.lg.jp/a04164/kurashi/recycle/gomi/dashikata/calendar/suma/jinbucho.html,家庭ごみ関連トピックス／電池類回収ボックス,,,,2026-08-19,INITIAL_REVIEW_REQUIRED,CATEGORY_LEVEL,UNREVIEWED,,,Positive evidence（category正式名称・代表品目）から機械抽出。品目別公式根拠と条件枝の確認前はAPP_READYにしない。
MAP-M024-I030-C-M024-10,M024,I030,1,category正式名称・代表品目から機械抽出,C-M024-10,蛍光管回収,要品目別確認,破損しないよう保護,NOT_STATED_IN_CITED_SOURCE,FALSE,CURRENT,,,S-M024-01,https://www.city.kobe.lg.jp/a04164/kurashi/recycle/gomi/dashikata/calendar/suma/jinbucho.html,回収協力店などで回収／蛍光管,,,,2026-08-19,INITIAL_REVIEW_REQUIRED,CATEGORY_LEVEL,UNREVIEWED,,,Positive evidence（category正式名称・代表品目）から機械抽出。品目別公式根拠と条件枝の確認前はAPP_READYにしない。
MAP-M024-I032-C-M024-03,M024,I032,1,category正式名称・代表品目から機械抽出,C-M024-03,カセットボンベ・スプレー缶,要品目別確認,中身を使い切る,NOT_STATED_IN_CITED_SOURCE,FALSE,CURRENT,,,S-M024-01,https://www.city.kobe.lg.jp/a04164/kurashi/recycle/gomi/dashikata/calendar/suma/jinbucho.html,ごみの出し方・分別／カセットボンベ・スプレー缶,,,,2026-08-19,INITIAL_REVIEW_REQUIRED,CATEGORY_LEVEL,UNREVIEWED,,,Positive evidence（category正式名称・代表品目）から機械抽出。品目別公式根拠と条件枝の確認前はAPP_READYにしない。
MAP-M024-I034-C-M024-09,M024,I034,1,category正式名称・代表品目から機械抽出,C-M024-09,小型家電リサイクル回収,要品目別確認,個人情報を消去し電池を外す,NOT_STATED_IN_CITED_SOURCE,FALSE,CURRENT,,,S-M024-01,https://www.city.kobe.lg.jp/a04164/kurashi/recycle/gomi/dashikata/calendar/suma/jinbucho.html,回収協力店などで回収／小型家電,,,,2026-08-19,INITIAL_REVIEW_REQUIRED,CATEGORY_LEVEL,UNREVIEWED,,,Positive evidence（category正式名称・代表品目）から機械抽出。品目別公式根拠と条件枝の確認前はAPP_READYにしない。
MAP-M024-I037-C-M024-12,M024,I037,1,category正式名称・代表品目から機械抽出,C-M024-12,市では収集しないもの,要品目別確認,受入先の指示に従う,販売店・メーカー等の指定ルート,TRUE,CURRENT,,,S-M024-01,https://www.city.kobe.lg.jp/a04164/kurashi/recycle/gomi/dashikata/calendar/suma/jinbucho.html,市では収集しないもの,,,,2026-08-19,INITIAL_REVIEW_REQUIRED,CATEGORY_LEVEL,UNREVIEWED,,,Positive evidence（category正式名称・代表品目）から機械抽出。品目別公式根拠と条件枝の確認前はAPP_READYにしない。
MAP-M024-I038-C-M024-12,M024,I038,1,category正式名称・代表品目から機械抽出,C-M024-12,市では収集しないもの,要品目別確認,受入先の指示に従う,販売店・メーカー等の指定ルート,TRUE,CURRENT,,,S-M024-01,https://www.city.kobe.lg.jp/a04164/kurashi/recycle/gomi/dashikata/calendar/suma/jinbucho.html,市では収集しないもの,,,,2026-08-19,INITIAL_REVIEW_REQUIRED,CATEGORY_LEVEL,UNREVIEWED,,,Positive evidence（category正式名称・代表品目）から機械抽出。品目別公式根拠と条件枝の確認前はAPP_READYにしない。
MAP-M025-I001-C-M025-07,M025,I001,1,category正式名称・代表品目から機械抽出,C-M025-07,ペットボトル,要品目別確認,キャップとラベルを外し中をすすぐ,キャップとラベルはプラスチック製容器包装,FALSE,CURRENT,,,S-M025-02,https://www.city.toyooka.lg.jp/kurashi/gomikankyo/gomi/1000944/1009335.html,ペットボトルの分別方法,,,,2026-08-19,INITIAL_REVIEW_REQUIRED,CATEGORY_LEVEL,UNREVIEWED,,,Positive evidence（category正式名称・代表品目）から機械抽出。品目別公式根拠と条件枝の確認前はAPP_READYにしない。
MAP-M025-I006-C-M025-06,M025,I006,1,category正式名称・代表品目から機械抽出,C-M025-06,びん・かん,要品目別確認,容器は中を空にする。スプレー缶等は使い切り屋外で穴を開ける,NOT_STATED_IN_CITED_SOURCE,FALSE,CURRENT,,,S-M025-02,https://www.city.toyooka.lg.jp/kurashi/gomikankyo/gomi/1000944/1009335.html,よくある間違い／びん・缶・スプレー缶,,,,2026-08-19,INITIAL_REVIEW_REQUIRED,CATEGORY_LEVEL,UNREVIEWED,,,Positive evidence（category正式名称・代表品目）から機械抽出。品目別公式根拠と条件枝の確認前はAPP_READYにしない。
MAP-M025-I018-C-M025-01,M025,I018,1,category正式名称・代表品目から機械抽出,C-M025-01,燃やすごみ,要品目別確認,生ごみは水切り,NOT_STATED_IN_CITED_SOURCE,FALSE,CURRENT,,,S-M025-01,https://www.city.toyooka.lg.jp/kurashi/gomikankyo/gomi/1000944/1000945.html,市の分別区分9分別／燃やすごみ,,,,2026-08-19,INITIAL_REVIEW_REQUIRED,CATEGORY_LEVEL,UNREVIEWED,,,Positive evidence（category正式名称・代表品目）から機械抽出。品目別公式根拠と条件枝の確認前はAPP_READYにしない。
MAP-M025-I023-C-M025-02,M025,I023,1,category正式名称・代表品目から機械抽出,C-M025-02,燃やさないごみ,要品目別確認,NOT_STATED_IN_CITED_SOURCE,NOT_STATED_IN_CITED_SOURCE,FALSE,CURRENT,,,S-M025-01,https://www.city.toyooka.lg.jp/kurashi/gomikankyo/gomi/1000944/1000945.html,市の分別区分9分別／燃やさないごみ,,,,2026-08-19,INITIAL_REVIEW_REQUIRED,CATEGORY_LEVEL,UNREVIEWED,,,Positive evidence（category正式名称・代表品目）から機械抽出。品目別公式根拠と条件枝の確認前はAPP_READYにしない。
MAP-M025-I027-C-M025-04,M025,I027,1,category正式名称・代表品目から機械抽出,C-M025-04,乾電池類,要品目別確認,端子を絶縁する,NOT_STATED_IN_CITED_SOURCE,FALSE,CURRENT,,,S-M025-01,https://www.city.toyooka.lg.jp/kurashi/gomikankyo/gomi/1000944/1000945.html,市の分別区分9分別／乾電池類,,,,2026-08-19,INITIAL_REVIEW_REQUIRED,CATEGORY_LEVEL,UNREVIEWED,,,Positive evidence（category正式名称・代表品目）から機械抽出。品目別公式根拠と条件枝の確認前はAPP_READYにしない。
MAP-M025-I030-C-M025-03,M025,I030,1,category正式名称・代表品目から機械抽出,C-M025-03,蛍光管,要品目別確認,破損しないよう保護,NOT_STATED_IN_CITED_SOURCE,FALSE,CURRENT,,,S-M025-01,https://www.city.toyooka.lg.jp/kurashi/gomikankyo/gomi/1000944/1000945.html,市の分別区分9分別／蛍光管,,,,2026-08-19,INITIAL_REVIEW_REQUIRED,CATEGORY_LEVEL,UNREVIEWED,,,Positive evidence（category正式名称・代表品目）から機械抽出。品目別公式根拠と条件枝の確認前はAPP_READYにしない。
MAP-M025-I032-C-M025-06,M025,I032,1,category正式名称・代表品目から機械抽出,C-M025-06,びん・かん,要品目別確認,容器は中を空にする。スプレー缶等は使い切り屋外で穴を開ける,NOT_STATED_IN_CITED_SOURCE,FALSE,CURRENT,,,S-M025-02,https://www.city.toyooka.lg.jp/kurashi/gomikankyo/gomi/1000944/1009335.html,よくある間違い／びん・缶・スプレー缶,,,,2026-08-19,INITIAL_REVIEW_REQUIRED,CATEGORY_LEVEL,UNREVIEWED,,,Positive evidence（category正式名称・代表品目）から機械抽出。品目別公式根拠と条件枝の確認前はAPP_READYにしない。
MAP-M025-I038-C-M025-10,M025,I038,1,category正式名称・代表品目から機械抽出,C-M025-10,市で収集しないもの,要品目別確認,受入先の指示に従う,販売店・メーカー・許可業者等,TRUE,CURRENT,,,S-M025-01,https://www.city.toyooka.lg.jp/kurashi/gomikankyo/gomi/1000944/1000945.html,家庭ごみの手引き／市で収集しないものへの公式索引,,,,2026-08-19,INITIAL_REVIEW_REQUIRED,CATEGORY_LEVEL,UNREVIEWED,,,Positive evidence（category正式名称・代表品目）から機械抽出。品目別公式根拠と条件枝の確認前はAPP_READYにしない。
MAP-M026-I001-C-M026-06,M026,I001,1,category正式名称・代表品目から機械抽出,C-M026-06,ペットボトル,要品目別確認,NOT_STATED_IN_CITED_SOURCE,NOT_STATED_IN_CITED_SOURCE,FALSE,CURRENT,,,S-M026-01,https://www.city.himeji.lg.jp/kurashi/category/2-10-3-5-0-0-0-0-0-0.html,家庭ごみ／ペットボトル,,,,2026-08-19,INITIAL_REVIEW_REQUIRED,CATEGORY_LEVEL,UNREVIEWED,,,Positive evidence（category正式名称・代表品目）から機械抽出。品目別公式根拠と条件枝の確認前はAPP_READYにしない。
MAP-M026-I006-C-M026-05,M026,I006,1,category正式名称・代表品目から機械抽出,C-M026-05,空ビン類,要品目別確認,NOT_STATED_IN_CITED_SOURCE,NOT_STATED_IN_CITED_SOURCE,FALSE,CURRENT,,,S-M026-01,https://www.city.himeji.lg.jp/kurashi/category/2-10-3-5-0-0-0-0-0-0.html,家庭ごみ／空ビン類,,,,2026-08-19,INITIAL_REVIEW_REQUIRED,CATEGORY_LEVEL,UNREVIEWED,,,Positive evidence（category正式名称・代表品目）から機械抽出。品目別公式根拠と条件枝の確認前はAPP_READYにしない。
MAP-M026-I013-C-M026-08,M026,I013,1,category正式名称・代表品目から機械抽出,C-M026-08,古紙類（新聞紙・ダンボール・雑誌類）,要品目別確認,NOT_STATED_IN_CITED_SOURCE,NOT_STATED_IN_CITED_SOURCE,FALSE,CURRENT,,,S-M026-01,https://www.city.himeji.lg.jp/kurashi/category/2-10-3-5-0-0-0-0-0-0.html,家庭ごみ／古紙類,,,,2026-08-19,INITIAL_REVIEW_REQUIRED,CATEGORY_LEVEL,UNREVIEWED,,,Positive evidence（category正式名称・代表品目）から機械抽出。品目別公式根拠と条件枝の確認前はAPP_READYにしない。
MAP-M026-I014-C-M026-08,M026,I014,1,category正式名称・代表品目から機械抽出,C-M026-08,古紙類（新聞紙・ダンボール・雑誌類）,要品目別確認,NOT_STATED_IN_CITED_SOURCE,NOT_STATED_IN_CITED_SOURCE,FALSE,CURRENT,,,S-M026-01,https://www.city.himeji.lg.jp/kurashi/category/2-10-3-5-0-0-0-0-0-0.html,家庭ごみ／古紙類,,,,2026-08-19,INITIAL_REVIEW_REQUIRED,CATEGORY_LEVEL,UNREVIEWED,,,Positive evidence（category正式名称・代表品目）から機械抽出。品目別公式根拠と条件枝の確認前はAPP_READYにしない。
MAP-M026-I015-C-M026-08,M026,I015,1,category正式名称・代表品目から機械抽出,C-M026-08,古紙類（新聞紙・ダンボール・雑誌類）,要品目別確認,NOT_STATED_IN_CITED_SOURCE,NOT_STATED_IN_CITED_SOURCE,FALSE,CURRENT,,,S-M026-01,https://www.city.himeji.lg.jp/kurashi/category/2-10-3-5-0-0-0-0-0-0.html,家庭ごみ／古紙類,,,,2026-08-19,INITIAL_REVIEW_REQUIRED,CATEGORY_LEVEL,UNREVIEWED,,,Positive evidence（category正式名称・代表品目）から機械抽出。品目別公式根拠と条件枝の確認前はAPP_READYにしない。
MAP-M026-I017-C-M026-07,M026,I017,1,category正式名称・代表品目から機械抽出,C-M026-07,紙パック,要品目別確認,NOT_STATED_IN_CITED_SOURCE,NOT_STATED_IN_CITED_SOURCE,FALSE,CURRENT,,,S-M026-01,https://www.city.himeji.lg.jp/kurashi/category/2-10-3-5-0-0-0-0-0-0.html,家庭ごみ／紙パック,,,,2026-08-19,INITIAL_REVIEW_REQUIRED,CATEGORY_LEVEL,UNREVIEWED,,,Positive evidence（category正式名称・代表品目）から機械抽出。品目別公式根拠と条件枝の確認前はAPP_READYにしない。
MAP-M026-I018-C-M026-01,M026,I018,1,category正式名称・代表品目から機械抽出,C-M026-01,可燃ごみ,要品目別確認,NOT_STATED_IN_CITED_SOURCE,NOT_STATED_IN_CITED_SOURCE,FALSE,CURRENT,,,S-M026-01,https://www.city.himeji.lg.jp/kurashi/category/2-10-3-5-0-0-0-0-0-0.html,家庭ごみ／可燃ごみ,,,,2026-08-19,INITIAL_REVIEW_REQUIRED,CATEGORY_LEVEL,UNREVIEWED,,,Positive evidence（category正式名称・代表品目）から機械抽出。品目別公式根拠と条件枝の確認前はAPP_READYにしない。
MAP-M026-I023-C-M026-16,M026,I023,1,category正式名称・代表品目から機械抽出,C-M026-16,陶磁器類・空ビン以外のガラス類（旧姫路市域）,旧姫路市域,NOT_STATED_IN_CITED_SOURCE,NOT_STATED_IN_CITED_SOURCE,FALSE,CURRENT,,,S-M026-01,https://www.city.himeji.lg.jp/kurashi/category/2-10-3-5-0-0-0-0-0-0.html,家庭ごみ／陶磁器類・空ビン以外のガラス類（旧姫路市域）,,,,2026-08-19,INITIAL_REVIEW_REQUIRED,CATEGORY_LEVEL,UNREVIEWED,,,Positive evidence（category正式名称・代表品目）から機械抽出。品目別公式根拠と条件枝の確認前はAPP_READYにしない。
MAP-M026-I023-C-M026-19,M026,I023,2,category正式名称・代表品目から機械抽出,C-M026-19,不燃ごみ（夢前町域・香寺町域・安富町域）,夢前町域・香寺町域・安富町域,NOT_STATED_IN_CITED_SOURCE,NOT_STATED_IN_CITED_SOURCE,FALSE,CURRENT,,,S-M026-01,https://www.city.himeji.lg.jp/kurashi/category/2-10-3-5-0-0-0-0-0-0.html,家庭ごみ／不燃ごみ（夢前町域・香寺町域・安富町域）,,,,2026-08-19,INITIAL_REVIEW_REQUIRED,CATEGORY_LEVEL,UNREVIEWED,,,Positive evidence（category正式名称・代表品目）から機械抽出。品目別公式根拠と条件枝の確認前はAPP_READYにしない。
MAP-M026-I024-C-M026-16,M026,I024,1,category正式名称・代表品目から機械抽出,C-M026-16,陶磁器類・空ビン以外のガラス類（旧姫路市域）,旧姫路市域,NOT_STATED_IN_CITED_SOURCE,NOT_STATED_IN_CITED_SOURCE,FALSE,CURRENT,,,S-M026-01,https://www.city.himeji.lg.jp/kurashi/category/2-10-3-5-0-0-0-0-0-0.html,家庭ごみ／陶磁器類・空ビン以外のガラス類（旧姫路市域）,,,,2026-08-19,INITIAL_REVIEW_REQUIRED,CATEGORY_LEVEL,UNREVIEWED,,,Positive evidence（category正式名称・代表品目）から機械抽出。品目別公式根拠と条件枝の確認前はAPP_READYにしない。
MAP-M026-I027-C-M026-09,M026,I027,1,category正式名称・代表品目から機械抽出,C-M026-09,乾電池等,要品目別確認,NOT_STATED_IN_CITED_SOURCE,NOT_STATED_IN_CITED_SOURCE,FALSE,CURRENT,,,S-M026-01,https://www.city.himeji.lg.jp/kurashi/category/2-10-3-5-0-0-0-0-0-0.html,家庭ごみ／乾電池等,,,,2026-08-19,INITIAL_REVIEW_REQUIRED,CATEGORY_LEVEL,UNREVIEWED,,,Positive evidence（category正式名称・代表品目）から機械抽出。品目別公式根拠と条件枝の確認前はAPP_READYにしない。
MAP-M026-I030-C-M026-10,M026,I030,1,category正式名称・代表品目から機械抽出,C-M026-10,蛍光管,要品目別確認,NOT_STATED_IN_CITED_SOURCE,NOT_STATED_IN_CITED_SOURCE,FALSE,CURRENT,,,S-M026-01,https://www.city.himeji.lg.jp/kurashi/category/2-10-3-5-0-0-0-0-0-0.html,家庭ごみ／蛍光管,,,,2026-08-19,INITIAL_REVIEW_REQUIRED,CATEGORY_LEVEL,UNREVIEWED,,,Positive evidence（category正式名称・代表品目）から機械抽出。品目別公式根拠と条件枝の確認前はAPP_READYにしない。
MAP-M026-I031-C-M026-10,M026,I031,1,category正式名称・代表品目から機械抽出,C-M026-10,蛍光管,要品目別確認,NOT_STATED_IN_CITED_SOURCE,NOT_STATED_IN_CITED_SOURCE,FALSE,CURRENT,,,S-M026-01,https://www.city.himeji.lg.jp/kurashi/category/2-10-3-5-0-0-0-0-0-0.html,家庭ごみ／蛍光管,,,,2026-08-19,INITIAL_REVIEW_REQUIRED,CATEGORY_LEVEL,UNREVIEWED,,,Positive evidence（category正式名称・代表品目）から機械抽出。品目別公式根拠と条件枝の確認前はAPP_READYにしない。
MAP-M026-I034-C-M026-11,M026,I034,1,category正式名称・代表品目から機械抽出,C-M026-11,使用済小型家電のリサイクル,要品目別確認,個人情報を消去し電池類を外す,NOT_STATED_IN_CITED_SOURCE,FALSE,CURRENT,,,S-M026-01,https://www.city.himeji.lg.jp/kurashi/category/2-10-3-5-0-0-0-0-0-0.html,家庭ごみ／使用済小型家電,,,,2026-08-19,INITIAL_REVIEW_REQUIRED,CATEGORY_LEVEL,UNREVIEWED,,,Positive evidence（category正式名称・代表品目）から機械抽出。品目別公式根拠と条件枝の確認前はAPP_READYにしない。
MAP-M026-I034-C-M026-13,M026,I034,2,category正式名称・代表品目から機械抽出,C-M026-13,金属複合製品類（旧姫路市域）,旧姫路市域,NOT_STATED_IN_CITED_SOURCE,NOT_STATED_IN_CITED_SOURCE,FALSE,CURRENT,,,S-M026-01,https://www.city.himeji.lg.jp/kurashi/category/2-10-3-5-0-0-0-0-0-0.html,家庭ごみ／金属複合製品類（旧姫路市域）,,,,2026-08-19,INITIAL_REVIEW_REQUIRED,CATEGORY_LEVEL,UNREVIEWED,,,Positive evidence（category正式名称・代表品目）から機械抽出。品目別公式根拠と条件枝の確認前はAPP_READYにしない。
MAP-M026-I037-C-M026-21,M026,I037,1,category正式名称・代表品目から機械抽出,C-M026-21,市では収集しないもの,要品目別確認,受入先の指示に従う,販売店等へ相談,TRUE,CURRENT,,,S-M026-02,https://www.city.himeji.lg.jp/kurashi/0000000097.html,ごみ分別一覧表／市では収集しません,,,,2026-08-19,INITIAL_REVIEW_REQUIRED,CATEGORY_LEVEL,UNREVIEWED,,,Positive evidence（category正式名称・代表品目）から機械抽出。品目別公式根拠と条件枝の確認前はAPP_READYにしない。
MAP-M027-I001-C-M027-05,M027,I001,1,category正式名称・代表品目から機械抽出,C-M027-05,ペットボトル,要品目別確認,中を洗い、キャップとラベルを外す,キャップは別袋で同時収集,FALSE,CURRENT,,,S-M027-01,https://www.city.yamatokoriyama.lg.jp/soshiki/cleancenter/gomi_recycle/26/1374.html,分け方と出し方／ペットボトル,,,,2026-08-19,INITIAL_REVIEW_REQUIRED,CATEGORY_LEVEL,UNREVIEWED,,,Positive evidence（category正式名称・代表品目）から機械抽出。品目別公式根拠と条件枝の確認前はAPP_READYにしない。
MAP-M027-I018-C-M027-01,M027,I018,1,category正式名称・代表品目から機械抽出,C-M027-01,燃えるごみ,要品目別確認,生ごみは水分をよく切る,NOT_STATED_IN_CITED_SOURCE,FALSE,CURRENT,,,S-M027-01,https://www.city.yamatokoriyama.lg.jp/soshiki/cleancenter/gomi_recycle/26/1374.html,分け方と出し方／燃えるごみ,,,,2026-08-19,INITIAL_REVIEW_REQUIRED,CATEGORY_LEVEL,UNREVIEWED,,,Positive evidence（category正式名称・代表品目）から機械抽出。品目別公式根拠と条件枝の確認前はAPP_READYにしない。
MAP-M027-I023-C-M027-02,M027,I023,1,category正式名称・代表品目から機械抽出,C-M027-02,燃えないごみ,要品目別確認,NOT_STATED_IN_CITED_SOURCE,NOT_STATED_IN_CITED_SOURCE,FALSE,CURRENT,,,S-M027-01,https://www.city.yamatokoriyama.lg.jp/soshiki/cleancenter/gomi_recycle/26/1374.html,分け方と出し方／燃えないごみ,,,,2026-08-19,INITIAL_REVIEW_REQUIRED,CATEGORY_LEVEL,UNREVIEWED,,,Positive evidence（category正式名称・代表品目）から機械抽出。品目別公式根拠と条件枝の確認前はAPP_READYにしない。
MAP-M027-I027-C-M027-04,M027,I027,1,category正式名称・代表品目から機械抽出,C-M027-04,有害ごみ,要品目別確認,電池類は有害ごみ又は専用回収ボックス。膨張品は清掃センターへ直接持参,NOT_STATED_IN_CITED_SOURCE,FALSE,CURRENT,,,S-M027-02,https://www.city.yamatokoriyama.lg.jp/soshiki/cleancenter/gomi_recycle/26/15036.html,ごみの分け方と出し方のルール／有害ごみ・電池類,,,,2026-08-19,INITIAL_REVIEW_REQUIRED,CATEGORY_LEVEL,UNREVIEWED,,,Positive evidence（category正式名称・代表品目）から機械抽出。品目別公式根拠と条件枝の確認前はAPP_READYにしない。
MAP-M027-I030-C-M027-04,M027,I030,1,category正式名称・代表品目から機械抽出,C-M027-04,有害ごみ,要品目別確認,電池類は有害ごみ又は専用回収ボックス。膨張品は清掃センターへ直接持参,NOT_STATED_IN_CITED_SOURCE,FALSE,CURRENT,,,S-M027-02,https://www.city.yamatokoriyama.lg.jp/soshiki/cleancenter/gomi_recycle/26/15036.html,ごみの分け方と出し方のルール／有害ごみ・電池類,,,,2026-08-19,INITIAL_REVIEW_REQUIRED,CATEGORY_LEVEL,UNREVIEWED,,,Positive evidence（category正式名称・代表品目）から機械抽出。品目別公式根拠と条件枝の確認前はAPP_READYにしない。
MAP-M027-I037-C-M027-07,M027,I037,1,category正式名称・代表品目から機械抽出,C-M027-07,市では収集・処理できないごみ,要品目別確認,受入先の指示に従う,販売店・メーカー等,TRUE,CURRENT,,,S-M027-02,https://www.city.yamatokoriyama.lg.jp/soshiki/cleancenter/gomi_recycle/26/15036.html,ごみの分け方と出し方のルール／市では収集、処理できないごみ,,,,2026-08-19,INITIAL_REVIEW_REQUIRED,CATEGORY_LEVEL,UNREVIEWED,,,Positive evidence（category正式名称・代表品目）から機械抽出。品目別公式根拠と条件枝の確認前はAPP_READYにしない。
MAP-M029-I001-C-M029-03,M029,I001,1,category正式名称・代表品目から機械抽出,C-M029-03,ペットボトル,要品目別確認,キャップとラベルを外し中をすすぐ,NOT_STATED_IN_CITED_SOURCE,FALSE,CURRENT,,,S-M029-01,https://www.city.tottori.lg.jp/page/4083.html,家庭ごみ／ペットボトル,,,,2026-08-19,INITIAL_REVIEW_REQUIRED,CATEGORY_LEVEL,UNREVIEWED,,,Positive evidence（category正式名称・代表品目）から機械抽出。品目別公式根拠と条件枝の確認前はAPP_READYにしない。
MAP-M029-I018-C-M029-01,M029,I018,1,category正式名称・代表品目から機械抽出,C-M029-01,可燃ごみ,要品目別確認,生ごみは水切り,NOT_STATED_IN_CITED_SOURCE,FALSE,CURRENT,,,S-M029-01,https://www.city.tottori.lg.jp/page/4083.html,家庭ごみ／可燃ごみ,,,,2026-08-19,INITIAL_REVIEW_REQUIRED,CATEGORY_LEVEL,UNREVIEWED,,,Positive evidence（category正式名称・代表品目）から機械抽出。品目別公式根拠と条件枝の確認前はAPP_READYにしない。
MAP-M029-I023-C-M029-05,M029,I023,1,category正式名称・代表品目から機械抽出,C-M029-05,小型破砕ごみ,要品目別確認,NOT_STATED_IN_CITED_SOURCE,NOT_STATED_IN_CITED_SOURCE,FALSE,CURRENT,,,S-M029-01,https://www.city.tottori.lg.jp/page/4083.html,家庭ごみ／小型破砕ごみ,,,,2026-08-19,INITIAL_REVIEW_REQUIRED,CATEGORY_LEVEL,UNREVIEWED,,,Positive evidence（category正式名称・代表品目）から機械抽出。品目別公式根拠と条件枝の確認前はAPP_READYにしない。
MAP-M029-I027-C-M029-07,M029,I027,1,category正式名称・代表品目から機械抽出,C-M029-07,乾電池・蛍光管等,要品目別確認,電池端子を絶縁し蛍光管は破損防止,NOT_STATED_IN_CITED_SOURCE,FALSE,CURRENT,,,S-M029-02,https://www.city.tottori.lg.jp/page/31552.html,令和8年度収集曜日一覧／乾電池等,,,,2026-08-19,INITIAL_REVIEW_REQUIRED,CATEGORY_LEVEL,UNREVIEWED,,,Positive evidence（category正式名称・代表品目）から機械抽出。品目別公式根拠と条件枝の確認前はAPP_READYにしない。
MAP-M029-I028-C-M029-07,M029,I028,1,category正式名称・代表品目から機械抽出,C-M029-07,乾電池・蛍光管等,要品目別確認,電池端子を絶縁し蛍光管は破損防止,NOT_STATED_IN_CITED_SOURCE,FALSE,CURRENT,,,S-M029-02,https://www.city.tottori.lg.jp/page/31552.html,令和8年度収集曜日一覧／乾電池等,,,,2026-08-19,INITIAL_REVIEW_REQUIRED,CATEGORY_LEVEL,UNREVIEWED,,,Positive evidence（category正式名称・代表品目）から機械抽出。品目別公式根拠と条件枝の確認前はAPP_READYにしない。
MAP-M029-I030-C-M029-07,M029,I030,1,category正式名称・代表品目から機械抽出,C-M029-07,乾電池・蛍光管等,要品目別確認,電池端子を絶縁し蛍光管は破損防止,NOT_STATED_IN_CITED_SOURCE,FALSE,CURRENT,,,S-M029-02,https://www.city.tottori.lg.jp/page/31552.html,令和8年度収集曜日一覧／乾電池等,,,,2026-08-19,INITIAL_REVIEW_REQUIRED,CATEGORY_LEVEL,UNREVIEWED,,,Positive evidence（category正式名称・代表品目）から機械抽出。品目別公式根拠と条件枝の確認前はAPP_READYにしない。
MAP-M029-I037-C-M029-10,M029,I037,1,category正式名称・代表品目から機械抽出,C-M029-10,市で収集・処理しないもの,要品目別確認,受入先の指示に従う,販売店・メーカー等,TRUE,CURRENT,,,S-M029-01,https://www.city.tottori.lg.jp/page/4083.html,家庭ごみ／市で収集しないもの,,,,2026-08-19,INITIAL_REVIEW_REQUIRED,CATEGORY_LEVEL,UNREVIEWED,,,Positive evidence（category正式名称・代表品目）から機械抽出。品目別公式根拠と条件枝の確認前はAPP_READYにしない。
MAP-M030-I001-01,M030,I001,1,category正式名称・代表品目から機械抽出,C-M030-06,ペットボトル,PETマークかつ対象用途,ふたとラベルを外し中をすすぐ・無色透明以外の取っ手を外す,対象外や汚れ残りは可燃ごみ,FALSE,CURRENT,,,S-M030-01,https://www.city.yonago.lg.jp/1880.htm,ペットボトル,,,,2026-08-17,INITIAL_REVIEW_REQUIRED,CATEGORY_LEVEL,UNREVIEWED,,,区分レベルデータから機械抽出。品目別公式根拠と条件枝の確認前はAPP_READYにしない。
MAP-M030-I006-01,M030,I006,1,category正式名称・代表品目から機械抽出,C-M030-05,缶・ビン類,飲食用で中をすすげる,中をすすぎつぶさない・ラベルをできるだけ外す,割れびんと金属ふたは不燃・コルクは可燃,FALSE,CURRENT,,,S-M030-01,https://www.city.yonago.lg.jp/1880.htm,缶・ビン類,,,,2026-08-17,INITIAL_REVIEW_REQUIRED,CATEGORY_LEVEL,UNREVIEWED,,,区分レベルデータから機械抽出。品目別公式根拠と条件枝の確認前はAPP_READYにしない。
MAP-M030-I007-01,M030,I007,1,category正式名称・代表品目から機械抽出,C-M030-04,白色発泡スチロール・トレー,白色かつ洗浄可能,洗浄しテープ・シール・ひもを全て外す,着色・汚れ残りは可燃ごみ,FALSE,CURRENT,,,S-M030-01,https://www.city.yonago.lg.jp/1880.htm,白色発泡スチロール・トレー,,,,2026-08-17,INITIAL_REVIEW_REQUIRED,CATEGORY_LEVEL,UNREVIEWED,,,区分レベルデータから機械抽出。品目別公式根拠と条件枝の確認前はAPP_READYにしない。
MAP-M030-I012-01,M030,I012,1,category正式名称・代表品目から機械抽出,C-M030-04,白色発泡スチロール・トレー,白色かつ洗浄可能,洗浄しテープ・シール・ひもを全て外す,着色・汚れ残りは可燃ごみ,FALSE,CURRENT,,,S-M030-01,https://www.city.yonago.lg.jp/1880.htm,白色発泡スチロール・トレー,,,,2026-08-17,INITIAL_REVIEW_REQUIRED,CATEGORY_LEVEL,UNREVIEWED,,,区分レベルデータから機械抽出。品目別公式根拠と条件枝の確認前はAPP_READYにしない。
MAP-M030-I018-01,M030,I018,1,category正式名称・代表品目から機械抽出,C-M030-01,可燃ごみ,可燃ごみ専用袋に入る物・規定寸法の束,水切り・金具をできるだけ外す・竹串を折る・油を固める,基準外は許可業者等,FALSE,CURRENT,,,S-M030-01,https://www.city.yonago.lg.jp/1880.htm,可燃ごみ,,,,2026-08-17,INITIAL_REVIEW_REQUIRED,CATEGORY_LEVEL,UNREVIEWED,,,区分レベルデータから機械抽出。品目別公式根拠と条件枝の確認前はAPP_READYにしない。
MAP-M030-I021-01,M030,I021,1,category正式名称・代表品目から機械抽出,C-M030-01,可燃ごみ,可燃ごみ専用袋に入る物・規定寸法の束,水切り・金具をできるだけ外す・竹串を折る・油を固める,基準外は許可業者等,FALSE,CURRENT,,,S-M030-01,https://www.city.yonago.lg.jp/1880.htm,可燃ごみ,,,,2026-08-17,INITIAL_REVIEW_REQUIRED,CATEGORY_LEVEL,UNREVIEWED,,,区分レベルデータから機械抽出。品目別公式根拠と条件枝の確認前はAPP_READYにしない。
MAP-M030-I023-01,M030,I023,1,category正式名称・代表品目から機械抽出,C-M030-02,不燃ごみ,指定袋に入る不燃物,危険物は紙で包み表示・スプレー缶は使い切り屋外で穴あけ,袋に入らない規定品は不燃性粗大ごみ,FALSE,CURRENT,,,S-M030-01,https://www.city.yonago.lg.jp/1880.htm,不燃ごみ・不燃性粗大ごみ,,,,2026-08-17,INITIAL_REVIEW_REQUIRED,CATEGORY_LEVEL,UNREVIEWED,,,区分レベルデータから機械抽出。品目別公式根拠と条件枝の確認前はAPP_READYにしない。
MAP-M030-I027-01,M030,I027,1,category正式名称・代表品目から機械抽出,C-M030-08,乾電池・リチウムイオン充電池類,家庭用電池類,両極または金属端子をテープで絶縁・なるべく使い切る,破損膨張品はクリーン推進課へ持込,FALSE,CURRENT,,,S-M030-01,https://www.city.yonago.lg.jp/1880.htm,電池類・蛍光管等／乾電池・リチウムイオン充電池類,,,,2026-08-17,INITIAL_REVIEW_REQUIRED,CATEGORY_LEVEL,UNREVIEWED,,,区分レベルデータから機械抽出。品目別公式根拠と条件枝の確認前はAPP_READYにしない。
MAP-M030-I028-01,M030,I028,1,category正式名称・代表品目から機械抽出,C-M030-08,乾電池・リチウムイオン充電池類,家庭用電池類,両極または金属端子をテープで絶縁・なるべく使い切る,破損膨張品はクリーン推進課へ持込,FALSE,CURRENT,,,S-M030-01,https://www.city.yonago.lg.jp/1880.htm,電池類・蛍光管等／乾電池・リチウムイオン充電池類,,,,2026-08-17,INITIAL_REVIEW_REQUIRED,CATEGORY_LEVEL,UNREVIEWED,,,区分レベルデータから機械抽出。品目別公式根拠と条件枝の確認前はAPP_READYにしない。
MAP-M030-I029-01,M030,I029,1,category正式名称・代表品目から機械抽出,C-M030-10,小型家電リサイクル,家庭の電気・電池で動く対象品,個人情報を消去し電池を外せる場合は外す,不燃ごみまたは不燃性粗大ごみの通常経路も可,FALSE,CURRENT,,,S-M030-01,https://www.city.yonago.lg.jp/1880.htm,小型家電リサイクル,,,,2026-08-17,INITIAL_REVIEW_REQUIRED,CATEGORY_LEVEL,UNREVIEWED,,,区分レベルデータから機械抽出。品目別公式根拠と条件枝の確認前はAPP_READYにしない。
MAP-M030-I030-01,M030,I030,1,category正式名称・代表品目から機械抽出,C-M030-09,蛍光管・水銀体温計・電球,対象照明等,箱または新聞紙で包み割らない,品目別区分,FALSE,CURRENT,,,S-M030-01,https://www.city.yonago.lg.jp/1880.htm,電池類・蛍光管等／蛍光管・水銀体温計・電球,,,,2026-08-17,INITIAL_REVIEW_REQUIRED,CATEGORY_LEVEL,UNREVIEWED,,,区分レベルデータから機械抽出。品目別公式根拠と条件枝の確認前はAPP_READYにしない。
MAP-M030-I031-01,M030,I031,1,category正式名称・代表品目から機械抽出,C-M030-09,蛍光管・水銀体温計・電球,対象照明等,箱または新聞紙で包み割らない,品目別区分,FALSE,CURRENT,,,S-M030-01,https://www.city.yonago.lg.jp/1880.htm,電池類・蛍光管等／蛍光管・水銀体温計・電球,,,,2026-08-17,INITIAL_REVIEW_REQUIRED,CATEGORY_LEVEL,UNREVIEWED,,,区分レベルデータから機械抽出。品目別公式根拠と条件枝の確認前はAPP_READYにしない。
MAP-M030-I034-01,M030,I034,1,category正式名称・代表品目から機械抽出,C-M030-02,不燃ごみ,指定袋に入る不燃物,危険物は紙で包み表示・スプレー缶は使い切り屋外で穴あけ,袋に入らない規定品は不燃性粗大ごみ,FALSE,CURRENT,,,S-M030-01,https://www.city.yonago.lg.jp/1880.htm,不燃ごみ・不燃性粗大ごみ,,,,2026-08-17,INITIAL_REVIEW_REQUIRED,CATEGORY_LEVEL,UNREVIEWED,,,区分レベルデータから機械抽出。品目別公式根拠と条件枝の確認前はAPP_READYにしない。
MAP-M030-I034-02,M030,I034,2,category正式名称・代表品目から機械抽出,C-M030-10,小型家電リサイクル,家庭の電気・電池で動く対象品,個人情報を消去し電池を外せる場合は外す,不燃ごみまたは不燃性粗大ごみの通常経路も可,FALSE,CURRENT,,,S-M030-01,https://www.city.yonago.lg.jp/1880.htm,小型家電リサイクル,,,,2026-08-17,INITIAL_REVIEW_REQUIRED,CATEGORY_LEVEL,UNREVIEWED,,,区分レベルデータから機械抽出。品目別公式根拠と条件枝の確認前はAPP_READYにしない。
MAP-M030-I037-01,M030,I037,1,category正式名称・代表品目から機械抽出,C-M030-11,市で収集処理しないごみ,市の収集処理対象外,処理先へ相談,販売店・許可業者・法定リサイクル経路,TRUE,CURRENT,,,S-M030-01,https://www.city.yonago.lg.jp/1880.htm,市で収集処理しないごみ,,,,2026-08-17,INITIAL_REVIEW_REQUIRED,CATEGORY_LEVEL,UNREVIEWED,,,区分レベルデータから機械抽出。品目別公式根拠と条件枝の確認前はAPP_READYにしない。
MAP-M030-I038-01,M030,I038,1,category正式名称・代表品目から機械抽出,C-M030-10,小型家電リサイクル,家庭の電気・電池で動く対象品,個人情報を消去し電池を外せる場合は外す,不燃ごみまたは不燃性粗大ごみの通常経路も可,FALSE,CURRENT,,,S-M030-01,https://www.city.yonago.lg.jp/1880.htm,小型家電リサイクル,,,,2026-08-17,INITIAL_REVIEW_REQUIRED,CATEGORY_LEVEL,UNREVIEWED,,,区分レベルデータから機械抽出。品目別公式根拠と条件枝の確認前はAPP_READYにしない。
MAP-M031-I001-C-M031-15,M031,I001,1,category正式名称・代表品目から機械抽出,C-M031-15,ペットボトル,要品目別確認,キャップとラベルを外し中をすすぐ,NOT_STATED_IN_CITED_SOURCE,FALSE,CURRENT,,,S-M031-01,https://www.city.kurayoshi.lg.jp/1878.htm,保存版分別案内／再生資源／ペットボトル,,,,2026-08-19,INITIAL_REVIEW_REQUIRED,CATEGORY_LEVEL,UNREVIEWED,,,Positive evidence（category正式名称・代表品目）から機械抽出。品目別公式根拠と条件枝の確認前はAPP_READYにしない。
MAP-M031-I006-C-M031-02,M031,I006,1,category正式名称・代表品目から機械抽出,C-M031-02,びん類,要品目別確認,中をすすぐ,NOT_STATED_IN_CITED_SOURCE,FALSE,CURRENT,,,S-M031-01,https://www.city.kurayoshi.lg.jp/1878.htm,保存版分別案内／びん類,,,,2026-08-19,INITIAL_REVIEW_REQUIRED,CATEGORY_LEVEL,UNREVIEWED,,,Positive evidence（category正式名称・代表品目）から機械抽出。品目別公式根拠と条件枝の確認前はAPP_READYにしない。
MAP-M031-I007-C-M031-14,M031,I007,1,category正式名称・代表品目から機械抽出,C-M031-14,白色トレー,要品目別確認,洗って乾かす,NOT_STATED_IN_CITED_SOURCE,FALSE,CURRENT,,,S-M031-01,https://www.city.kurayoshi.lg.jp/1878.htm,保存版分別案内／再生資源／白色トレー,,,,2026-08-19,INITIAL_REVIEW_REQUIRED,CATEGORY_LEVEL,UNREVIEWED,,,Positive evidence（category正式名称・代表品目）から機械抽出。品目別公式根拠と条件枝の確認前はAPP_READYにしない。
MAP-M031-I012-C-M031-13,M031,I012,1,category正式名称・代表品目から機械抽出,C-M031-13,発泡スチロール,要品目別確認,汚れを落とす,NOT_STATED_IN_CITED_SOURCE,FALSE,CURRENT,,,S-M031-01,https://www.city.kurayoshi.lg.jp/1878.htm,保存版分別案内／再生資源／発泡スチロール,,,,2026-08-19,INITIAL_REVIEW_REQUIRED,CATEGORY_LEVEL,UNREVIEWED,,,Positive evidence（category正式名称・代表品目）から機械抽出。品目別公式根拠と条件枝の確認前はAPP_READYにしない。
MAP-M031-I013-C-M031-08,M031,I013,1,category正式名称・代表品目から機械抽出,C-M031-08,新聞・チラシ広告,要品目別確認,種類別にまとめる,NOT_STATED_IN_CITED_SOURCE,FALSE,CURRENT,,,S-M031-01,https://www.city.kurayoshi.lg.jp/1878.htm,保存版分別案内／再生資源／新聞・チラシ広告,,,,2026-08-19,INITIAL_REVIEW_REQUIRED,CATEGORY_LEVEL,UNREVIEWED,,,Positive evidence（category正式名称・代表品目）から機械抽出。品目別公式根拠と条件枝の確認前はAPP_READYにしない。
MAP-M031-I014-C-M031-10,M031,I014,1,category正式名称・代表品目から機械抽出,C-M031-10,段ボール,要品目別確認,折りたたむ,NOT_STATED_IN_CITED_SOURCE,FALSE,CURRENT,,,S-M031-01,https://www.city.kurayoshi.lg.jp/1878.htm,保存版分別案内／再生資源／段ボール,,,,2026-08-19,INITIAL_REVIEW_REQUIRED,CATEGORY_LEVEL,UNREVIEWED,,,Positive evidence（category正式名称・代表品目）から機械抽出。品目別公式根拠と条件枝の確認前はAPP_READYにしない。
MAP-M031-I015-C-M031-09,M031,I015,1,category正式名称・代表品目から機械抽出,C-M031-09,雑誌・雑紙類,要品目別確認,紙以外を外してまとめる,NOT_STATED_IN_CITED_SOURCE,FALSE,CURRENT,,,S-M031-01,https://www.city.kurayoshi.lg.jp/1878.htm,保存版分別案内／再生資源／雑誌・雑紙類,,,,2026-08-19,INITIAL_REVIEW_REQUIRED,CATEGORY_LEVEL,UNREVIEWED,,,Positive evidence（category正式名称・代表品目）から機械抽出。品目別公式根拠と条件枝の確認前はAPP_READYにしない。
MAP-M031-I016-C-M031-09,M031,I016,1,category正式名称・代表品目から機械抽出,C-M031-09,雑誌・雑紙類,要品目別確認,紙以外を外してまとめる,NOT_STATED_IN_CITED_SOURCE,FALSE,CURRENT,,,S-M031-01,https://www.city.kurayoshi.lg.jp/1878.htm,保存版分別案内／再生資源／雑誌・雑紙類,,,,2026-08-19,INITIAL_REVIEW_REQUIRED,CATEGORY_LEVEL,UNREVIEWED,,,Positive evidence（category正式名称・代表品目）から機械抽出。品目別公式根拠と条件枝の確認前はAPP_READYにしない。
MAP-M031-I018-C-M031-01,M031,I018,1,category正式名称・代表品目から機械抽出,C-M031-01,可燃ごみ,要品目別確認,生ごみは水切り,NOT_STATED_IN_CITED_SOURCE,FALSE,CURRENT,,,S-M031-02,https://www.city.kurayoshi.lg.jp/1897.htm,令和8年度日程表／可燃ごみ,,,,2026-08-19,INITIAL_REVIEW_REQUIRED,CATEGORY_LEVEL,UNREVIEWED,,,Positive evidence（category正式名称・代表品目）から機械抽出。品目別公式根拠と条件枝の確認前はAPP_READYにしない。
MAP-M031-I021-C-M031-11,M031,I021,1,category正式名称・代表品目から機械抽出,C-M031-11,布類,要品目別確認,洗って乾かす,NOT_STATED_IN_CITED_SOURCE,FALSE,CURRENT,,,S-M031-01,https://www.city.kurayoshi.lg.jp/1878.htm,保存版分別案内／再生資源／布類,,,,2026-08-19,INITIAL_REVIEW_REQUIRED,CATEGORY_LEVEL,UNREVIEWED,,,Positive evidence（category正式名称・代表品目）から機械抽出。品目別公式根拠と条件枝の確認前はAPP_READYにしない。
MAP-M031-I023-C-M031-05,M031,I023,1,category正式名称・代表品目から機械抽出,C-M031-05,不燃ごみ,要品目別確認,NOT_STATED_IN_CITED_SOURCE,NOT_STATED_IN_CITED_SOURCE,FALSE,CURRENT,,,S-M031-02,https://www.city.kurayoshi.lg.jp/1897.htm,令和8年度日程表／不燃ごみ,,,,2026-08-19,INITIAL_REVIEW_REQUIRED,CATEGORY_LEVEL,UNREVIEWED,,,Positive evidence（category正式名称・代表品目）から機械抽出。品目別公式根拠と条件枝の確認前はAPP_READYにしない。
MAP-M031-I027-C-M031-06,M031,I027,1,category正式名称・代表品目から機械抽出,C-M031-06,有害ごみ,要品目別確認,電池端子を絶縁する,NOT_STATED_IN_CITED_SOURCE,FALSE,CURRENT,,,S-M031-01,https://www.city.kurayoshi.lg.jp/1878.htm,ごみの出し方／有害ごみ,,,,2026-08-19,INITIAL_REVIEW_REQUIRED,CATEGORY_LEVEL,UNREVIEWED,,,Positive evidence（category正式名称・代表品目）から機械抽出。品目別公式根拠と条件枝の確認前はAPP_READYにしない。
MAP-M031-I032-C-M031-06,M031,I032,1,category正式名称・代表品目から機械抽出,C-M031-06,有害ごみ,要品目別確認,電池端子を絶縁する,NOT_STATED_IN_CITED_SOURCE,FALSE,CURRENT,,,S-M031-01,https://www.city.kurayoshi.lg.jp/1878.htm,ごみの出し方／有害ごみ,,,,2026-08-19,INITIAL_REVIEW_REQUIRED,CATEGORY_LEVEL,UNREVIEWED,,,Positive evidence（category正式名称・代表品目）から機械抽出。品目別公式根拠と条件枝の確認前はAPP_READYにしない。
MAP-M031-I034-C-M031-04,M031,I034,1,category正式名称・代表品目から機械抽出,C-M031-04,小型家電,要品目別確認,個人情報を消去し電池を外す,NOT_STATED_IN_CITED_SOURCE,FALSE,CURRENT,,,S-M031-01,https://www.city.kurayoshi.lg.jp/1878.htm,保存版分別案内／小型家電,,,,2026-08-19,INITIAL_REVIEW_REQUIRED,CATEGORY_LEVEL,UNREVIEWED,,,Positive evidence（category正式名称・代表品目）から機械抽出。品目別公式根拠と条件枝の確認前はAPP_READYにしない。
MAP-M031-I037-C-M031-19,M031,I037,1,category正式名称・代表品目から機械抽出,C-M031-19,市で収集・処理できないもの,要品目別確認,受入先の指示に従う,販売店・メーカー等,TRUE,CURRENT,,,S-M031-01,https://www.city.kurayoshi.lg.jp/1878.htm,家庭電化製品のリサイクル等への公式導線,,,,2026-08-19,INITIAL_REVIEW_REQUIRED,CATEGORY_LEVEL,UNREVIEWED,,,Positive evidence（category正式名称・代表品目）から機械抽出。品目別公式根拠と条件枝の確認前はAPP_READYにしない。
MAP-M031-I039-C-M031-18,M031,I039,1,category正式名称・代表品目から機械抽出,C-M031-18,廃食用油,要品目別確認,異物を除き指定方法で回収へ,NOT_STATED_IN_CITED_SOURCE,FALSE,CURRENT,,,S-M031-01,https://www.city.kurayoshi.lg.jp/1878.htm,ごみの出し方／廃食用油のリサイクル,,,,2026-08-19,INITIAL_REVIEW_REQUIRED,CATEGORY_LEVEL,UNREVIEWED,,,Positive evidence（category正式名称・代表品目）から機械抽出。品目別公式根拠と条件枝の確認前はAPP_READYにしない。
MAP-M032-I018-C-M032-01,M032,I018,1,category正式名称・代表品目から機械抽出,C-M032-01,可燃ゴミ,要品目別確認,生ごみは水切り,NOT_STATED_IN_CITED_SOURCE,FALSE,CURRENT,,,S-M032-02,https://www.city.sakaiminato.lg.jp/m/index.php?view=1695,市公式モバイル版／可燃ゴミ,,,,2026-08-19,INITIAL_REVIEW_REQUIRED,CATEGORY_LEVEL,UNREVIEWED,,,Positive evidence（category正式名称・代表品目）から機械抽出。品目別公式根拠と条件枝の確認前はAPP_READYにしない。
MAP-M032-I023-C-M032-06,M032,I023,1,category正式名称・代表品目から機械抽出,C-M032-06,不燃ゴミ,要品目別確認,NOT_STATED_IN_CITED_SOURCE,NOT_STATED_IN_CITED_SOURCE,FALSE,CURRENT,,,S-M032-02,https://www.city.sakaiminato.lg.jp/m/index.php?view=1695,市公式モバイル版／不燃ゴミ,,,,2026-08-19,INITIAL_REVIEW_REQUIRED,CATEGORY_LEVEL,UNREVIEWED,,,Positive evidence（category正式名称・代表品目）から機械抽出。品目別公式根拠と条件枝の確認前はAPP_READYにしない。
MAP-M032-I027-C-M032-07,M032,I027,1,category正式名称・代表品目から機械抽出,C-M032-07,有害ゴミ,要品目別確認,電池を絶縁し破損しやすい物は保護,NOT_STATED_IN_CITED_SOURCE,FALSE,CURRENT,,,S-M032-02,https://www.city.sakaiminato.lg.jp/m/index.php?view=1695,市公式モバイル版／有害ゴミ,,,,2026-08-19,INITIAL_REVIEW_REQUIRED,CATEGORY_LEVEL,UNREVIEWED,,,Positive evidence（category正式名称・代表品目）から機械抽出。品目別公式根拠と条件枝の確認前はAPP_READYにしない。
MAP-M032-I030-C-M032-07,M032,I030,1,category正式名称・代表品目から機械抽出,C-M032-07,有害ゴミ,要品目別確認,電池を絶縁し破損しやすい物は保護,NOT_STATED_IN_CITED_SOURCE,FALSE,CURRENT,,,S-M032-02,https://www.city.sakaiminato.lg.jp/m/index.php?view=1695,市公式モバイル版／有害ゴミ,,,,2026-08-19,INITIAL_REVIEW_REQUIRED,CATEGORY_LEVEL,UNREVIEWED,,,Positive evidence（category正式名称・代表品目）から機械抽出。品目別公式根拠と条件枝の確認前はAPP_READYにしない。
MAP-M032-I039-C-M032-08,M032,I039,1,category正式名称・代表品目から機械抽出,C-M032-08,廃食油,要品目別確認,指定容器・指定方法で回収へ,NOT_STATED_IN_CITED_SOURCE,FALSE,CURRENT,,,S-M032-02,https://www.city.sakaiminato.lg.jp/m/index.php?view=1695,市公式モバイル版／廃食油,,,,2026-08-19,INITIAL_REVIEW_REQUIRED,CATEGORY_LEVEL,UNREVIEWED,,,Positive evidence（category正式名称・代表品目）から機械抽出。品目別公式根拠と条件枝の確認前はAPP_READYにしない。
MAP-M033-I001-C-M033-07,M033,I001,1,category正式名称・代表品目から機械抽出,C-M033-07,ペットボトル,要品目別確認,キャップとラベルを外し中をすすぐ,NOT_STATED_IN_CITED_SOURCE,FALSE,CURRENT,,,S-M033-02,https://www.iwami.gr.jp/1111.htm,ごみの出し方／ペットボトル,,,,2026-08-19,INITIAL_REVIEW_REQUIRED,CATEGORY_LEVEL,UNREVIEWED,,,Positive evidence（category正式名称・代表品目）から機械抽出。品目別公式根拠と条件枝の確認前はAPP_READYにしない。
MAP-M033-I018-C-M033-01,M033,I018,1,category正式名称・代表品目から機械抽出,C-M033-01,可燃ごみ,要品目別確認,生ごみは水切り,NOT_STATED_IN_CITED_SOURCE,FALSE,CURRENT,,,S-M033-01,https://www.iwami.gr.jp/1112.htm,家庭ごみガイド／可燃ごみ,,,,2026-08-19,INITIAL_REVIEW_REQUIRED,CATEGORY_LEVEL,UNREVIEWED,,,Positive evidence（category正式名称・代表品目）から機械抽出。品目別公式根拠と条件枝の確認前はAPP_READYにしない。
MAP-M033-I021-C-M033-11,M033,I021,1,category正式名称・代表品目から機械抽出,C-M033-11,衣類等,要品目別確認,洗って乾かす,NOT_STATED_IN_CITED_SOURCE,FALSE,CURRENT,,,S-M033-01,https://www.iwami.gr.jp/1112.htm,家庭ごみ分別一覧／衣類等の受け入れ,,,,2026-08-19,INITIAL_REVIEW_REQUIRED,CATEGORY_LEVEL,UNREVIEWED,,,Positive evidence（category正式名称・代表品目）から機械抽出。品目別公式根拠と条件枝の確認前はAPP_READYにしない。
MAP-M033-I023-C-M033-05,M033,I023,1,category正式名称・代表品目から機械抽出,C-M033-05,小型破砕ごみ,要品目別確認,NOT_STATED_IN_CITED_SOURCE,NOT_STATED_IN_CITED_SOURCE,FALSE,CURRENT,,,S-M033-02,https://www.iwami.gr.jp/1111.htm,ごみの出し方／小型破砕ごみ,,,,2026-08-19,INITIAL_REVIEW_REQUIRED,CATEGORY_LEVEL,UNREVIEWED,,,Positive evidence（category正式名称・代表品目）から機械抽出。品目別公式根拠と条件枝の確認前はAPP_READYにしない。
MAP-M033-I027-C-M033-09,M033,I027,1,category正式名称・代表品目から機械抽出,C-M033-09,乾電池類,要品目別確認,端子を絶縁する,NOT_STATED_IN_CITED_SOURCE,FALSE,CURRENT,,,S-M033-02,https://www.iwami.gr.jp/1111.htm,ごみの出し方／乾電池類,,,,2026-08-19,INITIAL_REVIEW_REQUIRED,CATEGORY_LEVEL,UNREVIEWED,,,Positive evidence（category正式名称・代表品目）から機械抽出。品目別公式根拠と条件枝の確認前はAPP_READYにしない。
MAP-M033-I030-C-M033-08,M033,I030,1,category正式名称・代表品目から機械抽出,C-M033-08,有害ごみ,要品目別確認,破損しないよう保護,NOT_STATED_IN_CITED_SOURCE,FALSE,CURRENT,,,S-M033-01,https://www.iwami.gr.jp/1112.htm,家庭ごみガイド／有害ごみ,,,,2026-08-19,INITIAL_REVIEW_REQUIRED,CATEGORY_LEVEL,UNREVIEWED,,,Positive evidence（category正式名称・代表品目）から機械抽出。品目別公式根拠と条件枝の確認前はAPP_READYにしない。
MAP-M033-I034-C-M033-10,M033,I034,1,category正式名称・代表品目から機械抽出,C-M033-10,使用済小型電子機器等,要品目別確認,個人情報を消去し電池を外す,NOT_STATED_IN_CITED_SOURCE,FALSE,CURRENT,,,S-M033-01,https://www.iwami.gr.jp/1112.htm,家庭ごみ分別一覧／小型家電リサイクル,,,,2026-08-19,INITIAL_REVIEW_REQUIRED,CATEGORY_LEVEL,UNREVIEWED,,,Positive evidence（category正式名称・代表品目）から機械抽出。品目別公式根拠と条件枝の確認前はAPP_READYにしない。
MAP-M033-I037-C-M033-12,M033,I037,1,category正式名称・代表品目から機械抽出,C-M033-12,町で収集・処理できないもの,要品目別確認,受入先の指示に従う,販売店・メーカー等,TRUE,CURRENT,,,S-M033-01,https://www.iwami.gr.jp/1112.htm,家庭ごみ分別一覧／家電・パソコン等の公式導線,,,,2026-08-19,INITIAL_REVIEW_REQUIRED,CATEGORY_LEVEL,UNREVIEWED,,,Positive evidence（category正式名称・代表品目）から機械抽出。品目別公式根拠と条件枝の確認前はAPP_READYにしない。
MAP-M033-I038-C-M033-12,M033,I038,1,category正式名称・代表品目から機械抽出,C-M033-12,町で収集・処理できないもの,要品目別確認,受入先の指示に従う,販売店・メーカー等,TRUE,CURRENT,,,S-M033-01,https://www.iwami.gr.jp/1112.htm,家庭ごみ分別一覧／家電・パソコン等の公式導線,,,,2026-08-19,INITIAL_REVIEW_REQUIRED,CATEGORY_LEVEL,UNREVIEWED,,,Positive evidence（category正式名称・代表品目）から機械抽出。品目別公式根拠と条件枝の確認前はAPP_READYにしない。
MAP-M034-I001-C-M034-04,M034,I001,1,category正式名称・代表品目から機械抽出,C-M034-04,ペットボトル,要品目別確認,キャップとラベルを外し水洗い。つぶしても可,NOT_STATED_IN_CITED_SOURCE,FALSE,CURRENT,,,S-M034-01,https://www.town.wakasa.tottori.jp/soshikikarasagasu/zeimujuminka/gyoumuannai/chominka/1/1/1/574.html,ごみの分別／ペットボトル,,,,2026-08-19,INITIAL_REVIEW_REQUIRED,CATEGORY_LEVEL,UNREVIEWED,,,Positive evidence（category正式名称・代表品目）から機械抽出。品目別公式根拠と条件枝の確認前はAPP_READYにしない。
MAP-M034-I018-C-M034-01,M034,I018,1,category正式名称・代表品目から機械抽出,C-M034-01,可燃ゴミ,要品目別確認,生ごみは十分水切り。不燃物や付属金属を外す,NOT_STATED_IN_CITED_SOURCE,FALSE,CURRENT,,,S-M034-01,https://www.town.wakasa.tottori.jp/soshikikarasagasu/zeimujuminka/gyoumuannai/chominka/1/1/1/574.html,ごみの分別／可燃ゴミ,,,,2026-08-19,INITIAL_REVIEW_REQUIRED,CATEGORY_LEVEL,UNREVIEWED,,,Positive evidence（category正式名称・代表品目）から機械抽出。品目別公式根拠と条件枝の確認前はAPP_READYにしない。
MAP-M034-I026-C-M034-05,M034,I026,1,category正式名称・代表品目から機械抽出,C-M034-05,小型破砕ごみ,要品目別確認,危険物は透明袋に入れ「キケン」と表示,NOT_STATED_IN_CITED_SOURCE,FALSE,CURRENT,,,S-M034-01,https://www.town.wakasa.tottori.jp/soshikikarasagasu/zeimujuminka/gyoumuannai/chominka/1/1/1/574.html,ごみの分別／小型破砕ごみ,,,,2026-08-19,INITIAL_REVIEW_REQUIRED,CATEGORY_LEVEL,UNREVIEWED,,,Positive evidence（category正式名称・代表品目）から機械抽出。品目別公式根拠と条件枝の確認前はAPP_READYにしない。
MAP-M034-I027-C-M034-07,M034,I027,1,category正式名称・代表品目から機械抽出,C-M034-07,乾電池類,要品目別確認,電池は端子を絶縁。蛍光管は破損防止,NOT_STATED_IN_CITED_SOURCE,FALSE,CURRENT,,,S-M034-01,https://www.town.wakasa.tottori.jp/soshikikarasagasu/zeimujuminka/gyoumuannai/chominka/1/1/1/574.html,ごみの分別／乾電池類,,,,2026-08-19,INITIAL_REVIEW_REQUIRED,CATEGORY_LEVEL,UNREVIEWED,,,Positive evidence（category正式名称・代表品目）から機械抽出。品目別公式根拠と条件枝の確認前はAPP_READYにしない。
MAP-M034-I028-C-M034-07,M034,I028,1,category正式名称・代表品目から機械抽出,C-M034-07,乾電池類,要品目別確認,電池は端子を絶縁。蛍光管は破損防止,NOT_STATED_IN_CITED_SOURCE,FALSE,CURRENT,,,S-M034-01,https://www.town.wakasa.tottori.jp/soshikikarasagasu/zeimujuminka/gyoumuannai/chominka/1/1/1/574.html,ごみの分別／乾電池類,,,,2026-08-19,INITIAL_REVIEW_REQUIRED,CATEGORY_LEVEL,UNREVIEWED,,,Positive evidence（category正式名称・代表品目）から機械抽出。品目別公式根拠と条件枝の確認前はAPP_READYにしない。
MAP-M034-I030-C-M034-07,M034,I030,1,category正式名称・代表品目から機械抽出,C-M034-07,乾電池類,要品目別確認,電池は端子を絶縁。蛍光管は破損防止,NOT_STATED_IN_CITED_SOURCE,FALSE,CURRENT,,,S-M034-01,https://www.town.wakasa.tottori.jp/soshikikarasagasu/zeimujuminka/gyoumuannai/chominka/1/1/1/574.html,ごみの分別／乾電池類,,,,2026-08-19,INITIAL_REVIEW_REQUIRED,CATEGORY_LEVEL,UNREVIEWED,,,Positive evidence（category正式名称・代表品目）から機械抽出。品目別公式根拠と条件枝の確認前はAPP_READYにしない。
MAP-M034-I031-C-M034-05,M034,I031,1,category正式名称・代表品目から機械抽出,C-M034-05,小型破砕ごみ,要品目別確認,危険物は透明袋に入れ「キケン」と表示,NOT_STATED_IN_CITED_SOURCE,FALSE,CURRENT,,,S-M034-01,https://www.town.wakasa.tottori.jp/soshikikarasagasu/zeimujuminka/gyoumuannai/chominka/1/1/1/574.html,ごみの分別／小型破砕ごみ,,,,2026-08-19,INITIAL_REVIEW_REQUIRED,CATEGORY_LEVEL,UNREVIEWED,,,Positive evidence（category正式名称・代表品目）から機械抽出。品目別公式根拠と条件枝の確認前はAPP_READYにしない。
MAP-M034-I032-C-M034-08,M034,I032,1,category正式名称・代表品目から機械抽出,C-M034-08,有害ごみ,要品目別確認,スプレー缶等は中身を使い切る。穴あけ不要,NOT_STATED_IN_CITED_SOURCE,FALSE,CURRENT,,,S-M034-01,https://www.town.wakasa.tottori.jp/soshikikarasagasu/zeimujuminka/gyoumuannai/chominka/1/1/1/574.html,ごみの分別／有害ごみ,,,,2026-08-19,INITIAL_REVIEW_REQUIRED,CATEGORY_LEVEL,UNREVIEWED,,,Positive evidence（category正式名称・代表品目）から機械抽出。品目別公式根拠と条件枝の確認前はAPP_READYにしない。
MAP-M034-I033-C-M034-08,M034,I033,1,category正式名称・代表品目から機械抽出,C-M034-08,有害ごみ,要品目別確認,スプレー缶等は中身を使い切る。穴あけ不要,NOT_STATED_IN_CITED_SOURCE,FALSE,CURRENT,,,S-M034-01,https://www.town.wakasa.tottori.jp/soshikikarasagasu/zeimujuminka/gyoumuannai/chominka/1/1/1/574.html,ごみの分別／有害ごみ,,,,2026-08-19,INITIAL_REVIEW_REQUIRED,CATEGORY_LEVEL,UNREVIEWED,,,Positive evidence（category正式名称・代表品目）から機械抽出。品目別公式根拠と条件枝の確認前はAPP_READYにしない。
MAP-M034-I037-C-M034-09,M034,I037,1,category正式名称・代表品目から機械抽出,C-M034-09,収集できないゴミ,要品目別確認,受入先の指示に従う,販売店・メーカー・専門業者等の公式案内に従う,TRUE,CURRENT,,,S-M034-01,https://www.town.wakasa.tottori.jp/soshikikarasagasu/zeimujuminka/gyoumuannai/chominka/1/1/1/574.html,ごみの分別／収集できないゴミ,,,,2026-08-19,INITIAL_REVIEW_REQUIRED,CATEGORY_LEVEL,UNREVIEWED,,,Positive evidence（category正式名称・代表品目）から機械抽出。品目別公式根拠と条件枝の確認前はAPP_READYにしない。
MAP-M035-I001-C-M035-04,M035,I001,1,category正式名称・代表品目から機械抽出,C-M035-04,ペットボトル,要品目別確認,キャップとラベルを外し水洗い,NOT_STATED_IN_CITED_SOURCE,FALSE,CURRENT,,,S-M035-03,https://www1.town.chizu.tottori.jp/chizu/zeimu/gomi/bunbetsu/gomi01/,ペットボトル,,,,2026-08-19,INITIAL_REVIEW_REQUIRED,CATEGORY_LEVEL,UNREVIEWED,,,Positive evidence（category正式名称・代表品目）から機械抽出。品目別公式根拠と条件枝の確認前はAPP_READYにしない。
MAP-M035-I018-C-M035-01,M035,I018,1,category正式名称・代表品目から機械抽出,C-M035-01,可燃ごみ,要品目別確認,生ごみは水切り,NOT_STATED_IN_CITED_SOURCE,FALSE,CURRENT,,,S-M035-03,https://www1.town.chizu.tottori.jp/chizu/zeimu/gomi/bunbetsu/gomi01/,可燃ごみ,,,,2026-08-19,INITIAL_REVIEW_REQUIRED,CATEGORY_LEVEL,UNREVIEWED,,,Positive evidence（category正式名称・代表品目）から機械抽出。品目別公式根拠と条件枝の確認前はAPP_READYにしない。
MAP-M035-I026-C-M035-05,M035,I026,1,category正式名称・代表品目から機械抽出,C-M035-05,小型破砕ごみ,要品目別確認,危険物は透明袋で保護,NOT_STATED_IN_CITED_SOURCE,FALSE,CURRENT,,,S-M035-04,https://www1.town.chizu.tottori.jp/chizu/zeimu/gomi/bunbetsu/gomi02/,小型破砕ごみ,,,,2026-08-19,INITIAL_REVIEW_REQUIRED,CATEGORY_LEVEL,UNREVIEWED,,,Positive evidence（category正式名称・代表品目）から機械抽出。品目別公式根拠と条件枝の確認前はAPP_READYにしない。
MAP-M035-I027-C-M035-06,M035,I027,1,category正式名称・代表品目から機械抽出,C-M035-06,乾電池類,要品目別確認,電池は両極を絶縁。蛍光管はケース又は新聞紙で保護,NOT_STATED_IN_CITED_SOURCE,FALSE,CURRENT,,,S-M035-04,https://www1.town.chizu.tottori.jp/chizu/zeimu/gomi/bunbetsu/gomi02/,乾電池類,,,,2026-08-19,INITIAL_REVIEW_REQUIRED,CATEGORY_LEVEL,UNREVIEWED,,,Positive evidence（category正式名称・代表品目）から機械抽出。品目別公式根拠と条件枝の確認前はAPP_READYにしない。
MAP-M035-I028-C-M035-06,M035,I028,1,category正式名称・代表品目から機械抽出,C-M035-06,乾電池類,要品目別確認,電池は両極を絶縁。蛍光管はケース又は新聞紙で保護,NOT_STATED_IN_CITED_SOURCE,FALSE,CURRENT,,,S-M035-04,https://www1.town.chizu.tottori.jp/chizu/zeimu/gomi/bunbetsu/gomi02/,乾電池類,,,,2026-08-19,INITIAL_REVIEW_REQUIRED,CATEGORY_LEVEL,UNREVIEWED,,,Positive evidence（category正式名称・代表品目）から機械抽出。品目別公式根拠と条件枝の確認前はAPP_READYにしない。
MAP-M035-I030-C-M035-06,M035,I030,1,category正式名称・代表品目から機械抽出,C-M035-06,乾電池類,要品目別確認,電池は両極を絶縁。蛍光管はケース又は新聞紙で保護,NOT_STATED_IN_CITED_SOURCE,FALSE,CURRENT,,,S-M035-04,https://www1.town.chizu.tottori.jp/chizu/zeimu/gomi/bunbetsu/gomi02/,乾電池類,,,,2026-08-19,INITIAL_REVIEW_REQUIRED,CATEGORY_LEVEL,UNREVIEWED,,,Positive evidence（category正式名称・代表品目）から機械抽出。品目別公式根拠と条件枝の確認前はAPP_READYにしない。
MAP-M035-I032-C-M035-08,M035,I032,1,category正式名称・代表品目から機械抽出,C-M035-08,有害ごみ,要品目別確認,スプレー缶等は中身を使い切る,NOT_STATED_IN_CITED_SOURCE,FALSE,CURRENT,,,S-M035-04,https://www1.town.chizu.tottori.jp/chizu/zeimu/gomi/bunbetsu/gomi02/,有害ごみ,,,,2026-08-19,INITIAL_REVIEW_REQUIRED,CATEGORY_LEVEL,UNREVIEWED,,,Positive evidence（category正式名称・代表品目）から機械抽出。品目別公式根拠と条件枝の確認前はAPP_READYにしない。
MAP-M035-I033-C-M035-08,M035,I033,1,category正式名称・代表品目から機械抽出,C-M035-08,有害ごみ,要品目別確認,スプレー缶等は中身を使い切る,NOT_STATED_IN_CITED_SOURCE,FALSE,CURRENT,,,S-M035-04,https://www1.town.chizu.tottori.jp/chizu/zeimu/gomi/bunbetsu/gomi02/,有害ごみ,,,,2026-08-19,INITIAL_REVIEW_REQUIRED,CATEGORY_LEVEL,UNREVIEWED,,,Positive evidence（category正式名称・代表品目）から機械抽出。品目別公式根拠と条件枝の確認前はAPP_READYにしない。
MAP-M036-I001-C-M036-04,M036,I001,1,category正式名称・代表品目から機械抽出,C-M036-04,ペットボトル,要品目別確認,キャップとラベルを外し水洗い。つぶしても可,NOT_STATED_IN_CITED_SOURCE,FALSE,CURRENT,,,S-M036-03,https://www.town.yazu.tottori.jp/site/gomi/7845.html,変更点3／ペットボトル,,,,2026-08-19,INITIAL_REVIEW_REQUIRED,CATEGORY_LEVEL,UNREVIEWED,,,Positive evidence（category正式名称・代表品目）から機械抽出。品目別公式根拠と条件枝の確認前はAPP_READYにしない。
MAP-M036-I008-C-M036-03,M036,I008,1,category正式名称・代表品目から機械抽出,C-M036-03,プラスチックごみ,要品目別確認,軽く水洗い,NOT_STATED_IN_CITED_SOURCE,FALSE,CURRENT,,,S-M036-03,https://www.town.yazu.tottori.jp/site/gomi/7845.html,変更点2／白色トレイをプラスチックごみへ,,,,2026-08-19,INITIAL_REVIEW_REQUIRED,CATEGORY_LEVEL,UNREVIEWED,,,Positive evidence（category正式名称・代表品目）から機械抽出。品目別公式根拠と条件枝の確認前はAPP_READYにしない。
MAP-M036-I018-C-M036-01,M036,I018,1,category正式名称・代表品目から機械抽出,C-M036-01,可燃ごみ,要品目別確認,生ごみは水切り,NOT_STATED_IN_CITED_SOURCE,FALSE,CURRENT,,,S-M036-01,https://www.town.yazu.tottori.jp/site/gomi/1048.html,令和6年4月版手引き／可燃ごみ,,,,2026-08-19,INITIAL_REVIEW_REQUIRED,CATEGORY_LEVEL,UNREVIEWED,,,Positive evidence（category正式名称・代表品目）から機械抽出。品目別公式根拠と条件枝の確認前はAPP_READYにしない。
MAP-M036-I026-C-M036-05,M036,I026,1,category正式名称・代表品目から機械抽出,C-M036-05,小型破砕ごみ,要品目別確認,危険物は透明袋に入れキケン表示,NOT_STATED_IN_CITED_SOURCE,FALSE,CURRENT,,,S-M036-01,https://www.town.yazu.tottori.jp/site/gomi/1048.html,家庭ごみ手引き／小型破砕ごみ,,,,2026-08-19,INITIAL_REVIEW_REQUIRED,CATEGORY_LEVEL,UNREVIEWED,,,Positive evidence（category正式名称・代表品目）から機械抽出。品目別公式根拠と条件枝の確認前はAPP_READYにしない。
MAP-M036-I027-C-M036-07,M036,I027,1,category正式名称・代表品目から機械抽出,C-M036-07,乾電池類,要品目別確認,端子を絶縁,NOT_STATED_IN_CITED_SOURCE,FALSE,CURRENT,,,S-M036-01,https://www.town.yazu.tottori.jp/site/gomi/1048.html,家庭ごみ手引き／乾電池類,,,,2026-08-19,INITIAL_REVIEW_REQUIRED,CATEGORY_LEVEL,UNREVIEWED,,,Positive evidence（category正式名称・代表品目）から機械抽出。品目別公式根拠と条件枝の確認前はAPP_READYにしない。
MAP-M036-I032-C-M036-08,M036,I032,1,category正式名称・代表品目から機械抽出,C-M036-08,有害ごみ,要品目別確認,中身を使い切る。穴あけ不要,NOT_STATED_IN_CITED_SOURCE,FALSE,CURRENT,,,S-M036-03,https://www.town.yazu.tottori.jp/site/gomi/7845.html,変更点1／有害ごみ,,,,2026-08-19,INITIAL_REVIEW_REQUIRED,CATEGORY_LEVEL,UNREVIEWED,,,Positive evidence（category正式名称・代表品目）から機械抽出。品目別公式根拠と条件枝の確認前はAPP_READYにしない。
MAP-M036-I033-C-M036-08,M036,I033,1,category正式名称・代表品目から機械抽出,C-M036-08,有害ごみ,要品目別確認,中身を使い切る。穴あけ不要,NOT_STATED_IN_CITED_SOURCE,FALSE,CURRENT,,,S-M036-03,https://www.town.yazu.tottori.jp/site/gomi/7845.html,変更点1／有害ごみ,,,,2026-08-19,INITIAL_REVIEW_REQUIRED,CATEGORY_LEVEL,UNREVIEWED,,,Positive evidence（category正式名称・代表品目）から機械抽出。品目別公式根拠と条件枝の確認前はAPP_READYにしない。
MAP-M036-I037-C-M036-09,M036,I037,1,category正式名称・代表品目から機械抽出,C-M036-09,収集しないごみ,要品目別確認,受入先の指示に従う,販売店・メーカー・専門業者等の公式案内に従う,TRUE,CURRENT,,,S-M036-01,https://www.town.yazu.tottori.jp/site/gomi/1048.html,家庭ごみ手引き／収集しないごみ,,,,2026-08-19,INITIAL_REVIEW_REQUIRED,CATEGORY_LEVEL,UNREVIEWED,,,Positive evidence（category正式名称・代表品目）から機械抽出。品目別公式根拠と条件枝の確認前はAPP_READYにしない。
MAP-M037-I001-C-M037-07,M037,I001,1,category正式名称・代表品目から機械抽出,C-M037-07,ペットボトル,要品目別確認,NOT_STATED_IN_CITED_SOURCE,NOT_STATED_IN_CITED_SOURCE,FALSE,CURRENT,,,S-M037-02,https://www.town.misasa.tottori.jp/315/319/324/764/1901/1906/20959.html,令和8年度前期日程／ペットボトル,,,,2026-08-19,INITIAL_REVIEW_REQUIRED,CATEGORY_LEVEL,UNREVIEWED,,,Positive evidence（category正式名称・代表品目）から機械抽出。品目別公式根拠と条件枝の確認前はAPP_READYにしない。
MAP-M037-I004-C-M037-09,M037,I004,1,category正式名称・代表品目から機械抽出,C-M037-09,アルミ缶,要品目別確認,NOT_STATED_IN_CITED_SOURCE,NOT_STATED_IN_CITED_SOURCE,FALSE,CURRENT,,,S-M037-02,https://www.town.misasa.tottori.jp/315/319/324/764/1901/1906/20959.html,令和8年度前期日程／アルミ缶,,,,2026-08-19,INITIAL_REVIEW_REQUIRED,CATEGORY_LEVEL,UNREVIEWED,,,Positive evidence（category正式名称・代表品目）から機械抽出。品目別公式根拠と条件枝の確認前はAPP_READYにしない。
MAP-M037-I005-C-M037-10,M037,I005,1,category正式名称・代表品目から機械抽出,C-M037-10,スチール缶・スプレー缶,要品目別確認,NOT_STATED_IN_CITED_SOURCE,NOT_STATED_IN_CITED_SOURCE,FALSE,CURRENT,,,S-M037-02,https://www.town.misasa.tottori.jp/315/319/324/764/1901/1906/20959.html,令和8年度前期日程／スチール缶・スプレー缶,,,,2026-08-19,INITIAL_REVIEW_REQUIRED,CATEGORY_LEVEL,UNREVIEWED,,,Positive evidence（category正式名称・代表品目）から機械抽出。品目別公式根拠と条件枝の確認前はAPP_READYにしない。
MAP-M037-I006-C-M037-08,M037,I006,1,category正式名称・代表品目から機械抽出,C-M037-08,びん類,要品目別確認,NOT_STATED_IN_CITED_SOURCE,NOT_STATED_IN_CITED_SOURCE,FALSE,CURRENT,,,S-M037-02,https://www.town.misasa.tottori.jp/315/319/324/764/1901/1906/20959.html,令和8年度前期日程／びん類,,,,2026-08-19,INITIAL_REVIEW_REQUIRED,CATEGORY_LEVEL,UNREVIEWED,,,Positive evidence（category正式名称・代表品目）から機械抽出。品目別公式根拠と条件枝の確認前はAPP_READYにしない。
MAP-M037-I018-C-M037-01,M037,I018,1,category正式名称・代表品目から機械抽出,C-M037-01,可燃ごみ,要品目別確認,生ごみはしっかり水切り,NOT_STATED_IN_CITED_SOURCE,FALSE,CURRENT,,,S-M037-02,https://www.town.misasa.tottori.jp/315/319/324/764/1901/1906/20959.html,令和8年度前期日程／可燃ごみ,,,,2026-08-19,INITIAL_REVIEW_REQUIRED,CATEGORY_LEVEL,UNREVIEWED,,,Positive evidence（category正式名称・代表品目）から機械抽出。品目別公式根拠と条件枝の確認前はAPP_READYにしない。
MAP-M037-I021-C-M037-11,M037,I021,1,category正式名称・代表品目から機械抽出,C-M037-11,資源ごみ,要品目別確認,NOT_STATED_IN_CITED_SOURCE,NOT_STATED_IN_CITED_SOURCE,FALSE,CURRENT,,,S-M037-02,https://www.town.misasa.tottori.jp/315/319/324/764/1901/1906/20959.html,令和8年度前期日程／資源ごみ,,,,2026-08-19,INITIAL_REVIEW_REQUIRED,CATEGORY_LEVEL,UNREVIEWED,,,Positive evidence（category正式名称・代表品目）から機械抽出。品目別公式根拠と条件枝の確認前はAPP_READYにしない。
MAP-M037-I023-C-M037-02,M037,I023,1,category正式名称・代表品目から機械抽出,C-M037-02,不燃ごみ,要品目別確認,NOT_STATED_IN_CITED_SOURCE,NOT_STATED_IN_CITED_SOURCE,FALSE,CURRENT,,,S-M037-02,https://www.town.misasa.tottori.jp/315/319/324/764/1901/1906/20959.html,令和8年度前期日程／不燃ごみ,,,,2026-08-19,INITIAL_REVIEW_REQUIRED,CATEGORY_LEVEL,UNREVIEWED,,,Positive evidence（category正式名称・代表品目）から機械抽出。品目別公式根拠と条件枝の確認前はAPP_READYにしない。
MAP-M037-I027-C-M037-04,M037,I027,1,category正式名称・代表品目から機械抽出,C-M037-04,有害ごみ,要品目別確認,令和8年4月から充電式電池も有害ごみ,NOT_STATED_IN_CITED_SOURCE,FALSE,CURRENT,,,S-M037-02,https://www.town.misasa.tottori.jp/315/319/324/764/1901/1906/20959.html,令和8年度前期日程／有害ごみ,,,,2026-08-19,INITIAL_REVIEW_REQUIRED,CATEGORY_LEVEL,UNREVIEWED,,,Positive evidence（category正式名称・代表品目）から機械抽出。品目別公式根拠と条件枝の確認前はAPP_READYにしない。
MAP-M037-I030-C-M037-04,M037,I030,1,category正式名称・代表品目から機械抽出,C-M037-04,有害ごみ,要品目別確認,令和8年4月から充電式電池も有害ごみ,NOT_STATED_IN_CITED_SOURCE,FALSE,CURRENT,,,S-M037-02,https://www.town.misasa.tottori.jp/315/319/324/764/1901/1906/20959.html,令和8年度前期日程／有害ごみ,,,,2026-08-19,INITIAL_REVIEW_REQUIRED,CATEGORY_LEVEL,UNREVIEWED,,,Positive evidence（category正式名称・代表品目）から機械抽出。品目別公式根拠と条件枝の確認前はAPP_READYにしない。
MAP-M037-I032-C-M037-10,M037,I032,1,category正式名称・代表品目から機械抽出,C-M037-10,スチール缶・スプレー缶,要品目別確認,NOT_STATED_IN_CITED_SOURCE,NOT_STATED_IN_CITED_SOURCE,FALSE,CURRENT,,,S-M037-02,https://www.town.misasa.tottori.jp/315/319/324/764/1901/1906/20959.html,令和8年度前期日程／スチール缶・スプレー缶,,,,2026-08-19,INITIAL_REVIEW_REQUIRED,CATEGORY_LEVEL,UNREVIEWED,,,Positive evidence（category正式名称・代表品目）から機械抽出。品目別公式根拠と条件枝の確認前はAPP_READYにしない。
MAP-M037-I034-C-M037-03,M037,I034,1,category正式名称・代表品目から機械抽出,C-M037-03,小型家電,要品目別確認,NOT_STATED_IN_CITED_SOURCE,NOT_STATED_IN_CITED_SOURCE,FALSE,CURRENT,,,S-M037-02,https://www.town.misasa.tottori.jp/315/319/324/764/1901/1906/20959.html,令和8年度前期日程／小型家電,,,,2026-08-19,INITIAL_REVIEW_REQUIRED,CATEGORY_LEVEL,UNREVIEWED,,,Positive evidence（category正式名称・代表品目）から機械抽出。品目別公式根拠と条件枝の確認前はAPP_READYにしない。
MAP-M037-I035-C-M037-04,M037,I035,1,category正式名称・代表品目から機械抽出,C-M037-04,有害ごみ,要品目別確認,令和8年4月から充電式電池も有害ごみ,NOT_STATED_IN_CITED_SOURCE,FALSE,CURRENT,,,S-M037-02,https://www.town.misasa.tottori.jp/315/319/324/764/1901/1906/20959.html,令和8年度前期日程／有害ごみ,,,,2026-08-19,INITIAL_REVIEW_REQUIRED,CATEGORY_LEVEL,UNREVIEWED,,,Positive evidence（category正式名称・代表品目）から機械抽出。品目別公式根拠と条件枝の確認前はAPP_READYにしない。
MAP-M038-I001-C-M038-09,M038,I001,1,category正式名称・代表品目から機械抽出,C-M038-09,ペットボトル,要品目別確認,キャップとラベルを外し中をすすぐ,NOT_STATED_IN_CITED_SOURCE,FALSE,CURRENT,,,S-M038-01,https://www.yurihama.jp/soshiki/4/1431.html,冊子P1-2／ペットボトル,,,,2026-08-19,INITIAL_REVIEW_REQUIRED,CATEGORY_LEVEL,UNREVIEWED,,,Positive evidence（category正式名称・代表品目）から機械抽出。品目別公式根拠と条件枝の確認前はAPP_READYにしない。
MAP-M038-I006-C-M038-04,M038,I006,1,category正式名称・代表品目から機械抽出,C-M038-04,びん類,要品目別確認,中をすすぐ,NOT_STATED_IN_CITED_SOURCE,FALSE,CURRENT,,,S-M038-01,https://www.yurihama.jp/soshiki/4/1431.html,冊子P1-2／びん類,,,,2026-08-19,INITIAL_REVIEW_REQUIRED,CATEGORY_LEVEL,UNREVIEWED,,,Positive evidence（category正式名称・代表品目）から機械抽出。品目別公式根拠と条件枝の確認前はAPP_READYにしない。
MAP-M038-I012-C-M038-08,M038,I012,1,category正式名称・代表品目から機械抽出,C-M038-08,発泡スチロール、トレー,要品目別確認,汚れを落とす,NOT_STATED_IN_CITED_SOURCE,FALSE,CURRENT,,,S-M038-01,https://www.yurihama.jp/soshiki/4/1431.html,冊子P1-2／発泡スチロール、トレー,,,,2026-08-19,INITIAL_REVIEW_REQUIRED,CATEGORY_LEVEL,UNREVIEWED,,,Positive evidence（category正式名称・代表品目）から機械抽出。品目別公式根拠と条件枝の確認前はAPP_READYにしない。
MAP-M038-I018-C-M038-01,M038,I018,1,category正式名称・代表品目から機械抽出,C-M038-01,可燃ごみ,要品目別確認,生ごみは水切り,NOT_STATED_IN_CITED_SOURCE,FALSE,CURRENT,,,S-M038-01,https://www.yurihama.jp/soshiki/4/1431.html,冊子P1-2／可燃ごみ,,,,2026-08-19,INITIAL_REVIEW_REQUIRED,CATEGORY_LEVEL,UNREVIEWED,,,Positive evidence（category正式名称・代表品目）から機械抽出。品目別公式根拠と条件枝の確認前はAPP_READYにしない。
MAP-M038-I021-C-M038-06,M038,I021,1,category正式名称・代表品目から機械抽出,C-M038-06,紙・布類,要品目別確認,種類別にまとめる,NOT_STATED_IN_CITED_SOURCE,FALSE,CURRENT,,,S-M038-01,https://www.yurihama.jp/soshiki/4/1431.html,冊子P1-2／紙・布類,,,,2026-08-19,INITIAL_REVIEW_REQUIRED,CATEGORY_LEVEL,UNREVIEWED,,,Positive evidence（category正式名称・代表品目）から機械抽出。品目別公式根拠と条件枝の確認前はAPP_READYにしない。
MAP-M038-I023-C-M038-02,M038,I023,1,category正式名称・代表品目から機械抽出,C-M038-02,不燃ごみ,要品目別確認,NOT_STATED_IN_CITED_SOURCE,NOT_STATED_IN_CITED_SOURCE,FALSE,CURRENT,,,S-M038-01,https://www.yurihama.jp/soshiki/4/1431.html,冊子P1-2／不燃ごみ,,,,2026-08-19,INITIAL_REVIEW_REQUIRED,CATEGORY_LEVEL,UNREVIEWED,,,Positive evidence（category正式名称・代表品目）から機械抽出。品目別公式根拠と条件枝の確認前はAPP_READYにしない。
MAP-M038-I027-C-M038-12,M038,I027,1,category正式名称・代表品目から機械抽出,C-M038-12,有害ごみ,要品目別確認,電池端子を絶縁し、蛍光管は破損防止,NOT_STATED_IN_CITED_SOURCE,FALSE,CURRENT,,,S-M038-01,https://www.yurihama.jp/soshiki/4/1431.html,冊子P1-2／有害ごみ,,,,2026-08-19,INITIAL_REVIEW_REQUIRED,CATEGORY_LEVEL,UNREVIEWED,,,Positive evidence（category正式名称・代表品目）から機械抽出。品目別公式根拠と条件枝の確認前はAPP_READYにしない。
MAP-M038-I030-C-M038-12,M038,I030,1,category正式名称・代表品目から機械抽出,C-M038-12,有害ごみ,要品目別確認,電池端子を絶縁し、蛍光管は破損防止,NOT_STATED_IN_CITED_SOURCE,FALSE,CURRENT,,,S-M038-01,https://www.yurihama.jp/soshiki/4/1431.html,冊子P1-2／有害ごみ,,,,2026-08-19,INITIAL_REVIEW_REQUIRED,CATEGORY_LEVEL,UNREVIEWED,,,Positive evidence（category正式名称・代表品目）から機械抽出。品目別公式根拠と条件枝の確認前はAPP_READYにしない。
MAP-M038-I032-C-M038-05,M038,I032,1,category正式名称・代表品目から機械抽出,C-M038-05,缶類,要品目別確認,NOT_STATED_IN_CITED_SOURCE,NOT_STATED_IN_CITED_SOURCE,FALSE,CURRENT,,,S-M038-01,https://www.yurihama.jp/soshiki/4/1431.html,冊子P1-2／缶類,,,,2026-08-19,INITIAL_REVIEW_REQUIRED,CATEGORY_LEVEL,UNREVIEWED,,,Positive evidence（category正式名称・代表品目）から機械抽出。品目別公式根拠と条件枝の確認前はAPP_READYにしない。
MAP-M038-I034-C-M038-03,M038,I034,1,category正式名称・代表品目から機械抽出,C-M038-03,小型家電,要品目別確認,NOT_STATED_IN_CITED_SOURCE,NOT_STATED_IN_CITED_SOURCE,FALSE,CURRENT,,,S-M038-01,https://www.yurihama.jp/soshiki/4/1431.html,冊子P1-2／小型家電,,,,2026-08-19,INITIAL_REVIEW_REQUIRED,CATEGORY_LEVEL,UNREVIEWED,,,Positive evidence（category正式名称・代表品目）から機械抽出。品目別公式根拠と条件枝の確認前はAPP_READYにしない。
MAP-M038-I037-C-M038-13,M038,I037,1,category正式名称・代表品目から機械抽出,C-M038-13,町で収集しないもの,要品目別確認,受入先の指示に従う,販売店・メーカー・専門業者等の公式案内に従う,TRUE,CURRENT,,,S-M038-01,https://www.yurihama.jp/soshiki/4/1431.html,冊子／専門業者で処理するもの,,,,2026-08-19,INITIAL_REVIEW_REQUIRED,CATEGORY_LEVEL,UNREVIEWED,,,Positive evidence（category正式名称・代表品目）から機械抽出。品目別公式根拠と条件枝の確認前はAPP_READYにしない。
MAP-M039-I001-C-M039-10,M039,I001,1,category正式名称・代表品目から機械抽出,C-M039-10,ペットボトル,要品目別確認,キャップとラベルを外し中をすすぐ,NOT_STATED_IN_CITED_SOURCE,FALSE,CURRENT,,,S-M039-01,https://www.town.kotoura.tottori.jp/docs/2012121300677/,家庭ごみの分け方・出し方／ペットボトル,,,,2026-08-19,INITIAL_REVIEW_REQUIRED,CATEGORY_LEVEL,UNREVIEWED,,,Positive evidence（category正式名称・代表品目）から機械抽出。品目別公式根拠と条件枝の確認前はAPP_READYにしない。
MAP-M039-I006-C-M039-05,M039,I006,1,category正式名称・代表品目から機械抽出,C-M039-05,びん類,要品目別確認,中をすすぐ,NOT_STATED_IN_CITED_SOURCE,FALSE,CURRENT,,,S-M039-01,https://www.town.kotoura.tottori.jp/docs/2012121300677/,家庭ごみの分け方・出し方／びん類,,,,2026-08-19,INITIAL_REVIEW_REQUIRED,CATEGORY_LEVEL,UNREVIEWED,,,Positive evidence（category正式名称・代表品目）から機械抽出。品目別公式根拠と条件枝の確認前はAPP_READYにしない。
MAP-M039-I012-C-M039-09,M039,I012,1,category正式名称・代表品目から機械抽出,C-M039-09,発泡スチロール・トレー,要品目別確認,汚れを落とす,NOT_STATED_IN_CITED_SOURCE,FALSE,CURRENT,,,S-M039-01,https://www.town.kotoura.tottori.jp/docs/2012121300677/,家庭ごみの分け方・出し方／発泡スチロール・トレー,,,,2026-08-19,INITIAL_REVIEW_REQUIRED,CATEGORY_LEVEL,UNREVIEWED,,,Positive evidence（category正式名称・代表品目）から機械抽出。品目別公式根拠と条件枝の確認前はAPP_READYにしない。
MAP-M039-I017-C-M039-08,M039,I017,1,category正式名称・代表品目から機械抽出,C-M039-08,紙パック類,要品目別確認,洗って切り開き乾かす,NOT_STATED_IN_CITED_SOURCE,FALSE,CURRENT,,,S-M039-01,https://www.town.kotoura.tottori.jp/docs/2012121300677/,家庭ごみの分け方・出し方／紙パック類,,,,2026-08-19,INITIAL_REVIEW_REQUIRED,CATEGORY_LEVEL,UNREVIEWED,,,Positive evidence（category正式名称・代表品目）から機械抽出。品目別公式根拠と条件枝の確認前はAPP_READYにしない。
MAP-M039-I018-C-M039-01,M039,I018,1,category正式名称・代表品目から機械抽出,C-M039-01,可燃ごみ,要品目別確認,生ごみは水切り,NOT_STATED_IN_CITED_SOURCE,FALSE,CURRENT,,,S-M039-01,https://www.town.kotoura.tottori.jp/docs/2012121300677/,家庭ごみの分け方・出し方／可燃ごみ,,,,2026-08-19,INITIAL_REVIEW_REQUIRED,CATEGORY_LEVEL,UNREVIEWED,,,Positive evidence（category正式名称・代表品目）から機械抽出。品目別公式根拠と条件枝の確認前はAPP_READYにしない。
MAP-M039-I021-C-M039-07,M039,I021,1,category正式名称・代表品目から機械抽出,C-M039-07,紙・布類,要品目別確認,種類別にまとめる,NOT_STATED_IN_CITED_SOURCE,FALSE,CURRENT,,,S-M039-01,https://www.town.kotoura.tottori.jp/docs/2012121300677/,家庭ごみの分け方・出し方／紙・布類,,,,2026-08-19,INITIAL_REVIEW_REQUIRED,CATEGORY_LEVEL,UNREVIEWED,,,Positive evidence（category正式名称・代表品目）から機械抽出。品目別公式根拠と条件枝の確認前はAPP_READYにしない。
MAP-M039-I023-C-M039-03,M039,I023,1,category正式名称・代表品目から機械抽出,C-M039-03,不燃ごみ,要品目別確認,NOT_STATED_IN_CITED_SOURCE,NOT_STATED_IN_CITED_SOURCE,FALSE,CURRENT,,,S-M039-01,https://www.town.kotoura.tottori.jp/docs/2012121300677/,家庭ごみの分け方・出し方／不燃ごみ,,,,2026-08-19,INITIAL_REVIEW_REQUIRED,CATEGORY_LEVEL,UNREVIEWED,,,Positive evidence（category正式名称・代表品目）から機械抽出。品目別公式根拠と条件枝の確認前はAPP_READYにしない。
MAP-M039-I030-C-M039-13,M039,I030,1,category正式名称・代表品目から機械抽出,C-M039-13,有害ごみ,要品目別確認,電池端子を絶縁,NOT_STATED_IN_CITED_SOURCE,FALSE,CURRENT,,,S-M039-01,https://www.town.kotoura.tottori.jp/docs/2012121300677/,家庭ごみの分け方・出し方／有害ごみ,,,,2026-08-19,INITIAL_REVIEW_REQUIRED,CATEGORY_LEVEL,UNREVIEWED,,,Positive evidence（category正式名称・代表品目）から機械抽出。品目別公式根拠と条件枝の確認前はAPP_READYにしない。
MAP-M039-I032-C-M039-06,M039,I032,1,category正式名称・代表品目から機械抽出,C-M039-06,缶類,要品目別確認,NOT_STATED_IN_CITED_SOURCE,NOT_STATED_IN_CITED_SOURCE,FALSE,CURRENT,,,S-M039-01,https://www.town.kotoura.tottori.jp/docs/2012121300677/,家庭ごみの分け方・出し方／缶類,,,,2026-08-19,INITIAL_REVIEW_REQUIRED,CATEGORY_LEVEL,UNREVIEWED,,,Positive evidence（category正式名称・代表品目）から機械抽出。品目別公式根拠と条件枝の確認前はAPP_READYにしない。
MAP-M039-I034-C-M039-04,M039,I034,1,category正式名称・代表品目から機械抽出,C-M039-04,小型家電,要品目別確認,NOT_STATED_IN_CITED_SOURCE,NOT_STATED_IN_CITED_SOURCE,FALSE,CURRENT,,,S-M039-01,https://www.town.kotoura.tottori.jp/docs/2012121300677/,家庭ごみの分け方・出し方／小型家電,,,,2026-08-19,INITIAL_REVIEW_REQUIRED,CATEGORY_LEVEL,UNREVIEWED,,,Positive evidence（category正式名称・代表品目）から機械抽出。品目別公式根拠と条件枝の確認前はAPP_READYにしない。
MAP-M039-I037-C-M039-14,M039,I037,1,category正式名称・代表品目から機械抽出,C-M039-14,町で収集しないもの,要品目別確認,受入先の指示に従う,販売店・メーカー・専門業者等の公式案内に従う,TRUE,CURRENT,,,S-M039-01,https://www.town.kotoura.tottori.jp/docs/2012121300677/,家庭ごみの分け方・出し方／収集対象外,,,,2026-08-19,INITIAL_REVIEW_REQUIRED,CATEGORY_LEVEL,UNREVIEWED,,,Positive evidence（category正式名称・代表品目）から機械抽出。品目別公式根拠と条件枝の確認前はAPP_READYにしない。
MAP-M040-I001-C-M040-09,M040,I001,1,category正式名称・代表品目から機械抽出,C-M040-09,ペットボトル,要品目別確認,キャップとラベルを外し中をすすぐ,NOT_STATED_IN_CITED_SOURCE,FALSE,CURRENT,,,S-M040-01,https://www.e-hokuei.net/soshiki/5/1341.html,ごみの区分と出し方／ペットボトル,,,,2026-08-19,INITIAL_REVIEW_REQUIRED,CATEGORY_LEVEL,UNREVIEWED,,,Positive evidence（category正式名称・代表品目）から機械抽出。品目別公式根拠と条件枝の確認前はAPP_READYにしない。
MAP-M040-I006-C-M040-04,M040,I006,1,category正式名称・代表品目から機械抽出,C-M040-04,びん類,要品目別確認,中をすすぐ,NOT_STATED_IN_CITED_SOURCE,FALSE,CURRENT,,,S-M040-01,https://www.e-hokuei.net/soshiki/5/1341.html,ごみの区分と出し方／びん類,,,,2026-08-19,INITIAL_REVIEW_REQUIRED,CATEGORY_LEVEL,UNREVIEWED,,,Positive evidence（category正式名称・代表品目）から機械抽出。品目別公式根拠と条件枝の確認前はAPP_READYにしない。
MAP-M040-I012-C-M040-08,M040,I012,1,category正式名称・代表品目から機械抽出,C-M040-08,発泡スチロール、トレー,要品目別確認,汚れを落とす,NOT_STATED_IN_CITED_SOURCE,FALSE,CURRENT,,,S-M040-01,https://www.e-hokuei.net/soshiki/5/1341.html,ごみの区分と出し方／発泡スチロール、トレー,,,,2026-08-19,INITIAL_REVIEW_REQUIRED,CATEGORY_LEVEL,UNREVIEWED,,,Positive evidence（category正式名称・代表品目）から機械抽出。品目別公式根拠と条件枝の確認前はAPP_READYにしない。
MAP-M040-I018-C-M040-01,M040,I018,1,category正式名称・代表品目から機械抽出,C-M040-01,可燃ごみ,要品目別確認,生ごみは水切り,NOT_STATED_IN_CITED_SOURCE,FALSE,CURRENT,,,S-M040-01,https://www.e-hokuei.net/soshiki/5/1341.html,ごみの区分と出し方／可燃ごみ,,,,2026-08-19,INITIAL_REVIEW_REQUIRED,CATEGORY_LEVEL,UNREVIEWED,,,Positive evidence（category正式名称・代表品目）から機械抽出。品目別公式根拠と条件枝の確認前はAPP_READYにしない。
MAP-M040-I021-C-M040-06,M040,I021,1,category正式名称・代表品目から機械抽出,C-M040-06,紙・布類,要品目別確認,種類別にまとめる,NOT_STATED_IN_CITED_SOURCE,FALSE,CURRENT,,,S-M040-01,https://www.e-hokuei.net/soshiki/5/1341.html,ごみの区分と出し方／紙・布類,,,,2026-08-19,INITIAL_REVIEW_REQUIRED,CATEGORY_LEVEL,UNREVIEWED,,,Positive evidence（category正式名称・代表品目）から機械抽出。品目別公式根拠と条件枝の確認前はAPP_READYにしない。
MAP-M040-I023-C-M040-02,M040,I023,1,category正式名称・代表品目から機械抽出,C-M040-02,不燃ごみ,要品目別確認,NOT_STATED_IN_CITED_SOURCE,NOT_STATED_IN_CITED_SOURCE,FALSE,CURRENT,,,S-M040-01,https://www.e-hokuei.net/soshiki/5/1341.html,ごみの区分と出し方／不燃ごみ,,,,2026-08-19,INITIAL_REVIEW_REQUIRED,CATEGORY_LEVEL,UNREVIEWED,,,Positive evidence（category正式名称・代表品目）から機械抽出。品目別公式根拠と条件枝の確認前はAPP_READYにしない。
MAP-M040-I027-C-M040-12,M040,I027,1,category正式名称・代表品目から機械抽出,C-M040-12,有害ごみ,要品目別確認,令和8年度から充電池も有害ごみとして回収。端子を絶縁,NOT_STATED_IN_CITED_SOURCE,FALSE,CURRENT,,,S-M040-03,https://www.e-hokuei.net/soshiki/2/4862.html,ごみの区分と出し方／有害ごみ,,,,2026-08-19,INITIAL_REVIEW_REQUIRED,CATEGORY_LEVEL,UNREVIEWED,,,Positive evidence（category正式名称・代表品目）から機械抽出。品目別公式根拠と条件枝の確認前はAPP_READYにしない。
MAP-M040-I030-C-M040-12,M040,I030,1,category正式名称・代表品目から機械抽出,C-M040-12,有害ごみ,要品目別確認,令和8年度から充電池も有害ごみとして回収。端子を絶縁,NOT_STATED_IN_CITED_SOURCE,FALSE,CURRENT,,,S-M040-03,https://www.e-hokuei.net/soshiki/2/4862.html,ごみの区分と出し方／有害ごみ,,,,2026-08-19,INITIAL_REVIEW_REQUIRED,CATEGORY_LEVEL,UNREVIEWED,,,Positive evidence（category正式名称・代表品目）から機械抽出。品目別公式根拠と条件枝の確認前はAPP_READYにしない。
MAP-M040-I032-C-M040-05,M040,I032,1,category正式名称・代表品目から機械抽出,C-M040-05,缶類,要品目別確認,NOT_STATED_IN_CITED_SOURCE,NOT_STATED_IN_CITED_SOURCE,FALSE,CURRENT,,,S-M040-01,https://www.e-hokuei.net/soshiki/5/1341.html,ごみの区分と出し方／缶類,,,,2026-08-19,INITIAL_REVIEW_REQUIRED,CATEGORY_LEVEL,UNREVIEWED,,,Positive evidence（category正式名称・代表品目）から機械抽出。品目別公式根拠と条件枝の確認前はAPP_READYにしない。
MAP-M040-I034-C-M040-03,M040,I034,1,category正式名称・代表品目から機械抽出,C-M040-03,小型家電,要品目別確認,NOT_STATED_IN_CITED_SOURCE,NOT_STATED_IN_CITED_SOURCE,FALSE,CURRENT,,,S-M040-01,https://www.e-hokuei.net/soshiki/5/1341.html,ごみの区分と出し方／小型家電,,,,2026-08-19,INITIAL_REVIEW_REQUIRED,CATEGORY_LEVEL,UNREVIEWED,,,Positive evidence（category正式名称・代表品目）から機械抽出。品目別公式根拠と条件枝の確認前はAPP_READYにしない。
MAP-M041-I012-C-M041-04,M041,I012,1,category正式名称・代表品目から機械抽出,C-M041-04,発泡スチロール（資源ゴミ）,要品目別確認,NOT_STATED_IN_CITED_SOURCE,NOT_STATED_IN_CITED_SOURCE,FALSE,CURRENT,,,S-M041-02,https://www.hiezu.jp/%E3%82%B4%E3%83%9F%E3%81%AE%E5%8F%8E%E9%9B%86%E6%97%A5%E3%81%AB%E3%81%A4%E3%81%84%E3%81%A6/,ごみの収集日／発泡スチロール（資源ゴミ）,,,,2026-08-19,INITIAL_REVIEW_REQUIRED,CATEGORY_LEVEL,UNREVIEWED,,,Positive evidence（category正式名称・代表品目）から機械抽出。品目別公式根拠と条件枝の確認前はAPP_READYにしない。
MAP-M041-I018-C-M041-01,M041,I018,1,category正式名称・代表品目から機械抽出,C-M041-01,もえるゴミ,要品目別確認,NOT_STATED_IN_CITED_SOURCE,NOT_STATED_IN_CITED_SOURCE,FALSE,CURRENT,,,S-M041-02,https://www.hiezu.jp/%E3%82%B4%E3%83%9F%E3%81%AE%E5%8F%8E%E9%9B%86%E6%97%A5%E3%81%AB%E3%81%A4%E3%81%84%E3%81%A6/,ごみの収集日／もえるゴミ,,,,2026-08-19,INITIAL_REVIEW_REQUIRED,CATEGORY_LEVEL,UNREVIEWED,,,Positive evidence（category正式名称・代表品目）から機械抽出。品目別公式根拠と条件枝の確認前はAPP_READYにしない。
MAP-M041-I021-C-M041-03,M041,I021,1,category正式名称・代表品目から機械抽出,C-M041-03,布・プラスチック類（資源ゴミ）,要品目別確認,NOT_STATED_IN_CITED_SOURCE,NOT_STATED_IN_CITED_SOURCE,FALSE,CURRENT,,,S-M041-02,https://www.hiezu.jp/%E3%82%B4%E3%83%9F%E3%81%AE%E5%8F%8E%E9%9B%86%E6%97%A5%E3%81%AB%E3%81%A4%E3%81%84%E3%81%A6/,ごみの収集日／布・プラスチック類（資源ゴミ）,,,,2026-08-19,INITIAL_REVIEW_REQUIRED,CATEGORY_LEVEL,UNREVIEWED,,,Positive evidence（category正式名称・代表品目）から機械抽出。品目別公式根拠と条件枝の確認前はAPP_READYにしない。
MAP-M041-I023-C-M041-02,M041,I023,1,category正式名称・代表品目から機械抽出,C-M041-02,もえないゴミ,要品目別確認,NOT_STATED_IN_CITED_SOURCE,NOT_STATED_IN_CITED_SOURCE,FALSE,CURRENT,,,S-M041-02,https://www.hiezu.jp/%E3%82%B4%E3%83%9F%E3%81%AE%E5%8F%8E%E9%9B%86%E6%97%A5%E3%81%AB%E3%81%A4%E3%81%84%E3%81%A6/,ごみの収集日／もえないゴミ,,,,2026-08-19,INITIAL_REVIEW_REQUIRED,CATEGORY_LEVEL,UNREVIEWED,,,Positive evidence（category正式名称・代表品目）から機械抽出。品目別公式根拠と条件枝の確認前はAPP_READYにしない。
MAP-M041-I027-C-M041-07,M041,I027,1,category正式名称・代表品目から機械抽出,C-M041-07,乾電池,要品目別確認,端子を絶縁,NOT_STATED_IN_CITED_SOURCE,FALSE,CURRENT,,,S-M041-02,https://www.hiezu.jp/%E3%82%B4%E3%83%9F%E3%81%AE%E5%8F%8E%E9%9B%86%E6%97%A5%E3%81%AB%E3%81%A4%E3%81%84%E3%81%A6/,ごみの収集日／乾電池,,,,2026-08-19,INITIAL_REVIEW_REQUIRED,CATEGORY_LEVEL,UNREVIEWED,,,Positive evidence（category正式名称・代表品目）から機械抽出。品目別公式根拠と条件枝の確認前はAPP_READYにしない。
MAP-M041-I030-C-M041-06,M041,I030,1,category正式名称・代表品目から機械抽出,C-M041-06,蛍光灯,要品目別確認,破損しないよう保護,NOT_STATED_IN_CITED_SOURCE,FALSE,CURRENT,,,S-M041-02,https://www.hiezu.jp/%E3%82%B4%E3%83%9F%E3%81%AE%E5%8F%8E%E9%9B%86%E6%97%A5%E3%81%AB%E3%81%A4%E3%81%84%E3%81%A6/,ごみの収集日／蛍光灯,,,,2026-08-19,INITIAL_REVIEW_REQUIRED,CATEGORY_LEVEL,UNREVIEWED,,,Positive evidence（category正式名称・代表品目）から機械抽出。品目別公式根拠と条件枝の確認前はAPP_READYにしない。
MAP-M041-I034-C-M041-02,M041,I034,1,category正式名称・代表品目から機械抽出,C-M041-02,もえないゴミ,要品目別確認,NOT_STATED_IN_CITED_SOURCE,NOT_STATED_IN_CITED_SOURCE,FALSE,CURRENT,,,S-M041-02,https://www.hiezu.jp/%E3%82%B4%E3%83%9F%E3%81%AE%E5%8F%8E%E9%9B%86%E6%97%A5%E3%81%AB%E3%81%A4%E3%81%84%E3%81%A6/,ごみの収集日／もえないゴミ,,,,2026-08-19,INITIAL_REVIEW_REQUIRED,CATEGORY_LEVEL,UNREVIEWED,,,Positive evidence（category正式名称・代表品目）から機械抽出。品目別公式根拠と条件枝の確認前はAPP_READYにしない。
MAP-M041-I037-C-M041-08,M041,I037,1,category正式名称・代表品目から機械抽出,C-M041-08,持ち出しできません,要品目別確認,受入先の指示に従う,販売店・メーカー・専門業者等の公式案内に従う,TRUE,CURRENT,,,S-M041-03,https://www.hiezu.jp/user/filer_public/68/02/6802772b-964a-4a93-8ce0-9594e1ca9fa8/r4gomifen-kefang-zao-jian-biao.pdf,家庭ゴミの分け方詳細版／持ち出しできません,,,,2026-08-19,INITIAL_REVIEW_REQUIRED,CATEGORY_LEVEL,UNREVIEWED,,,Positive evidence（category正式名称・代表品目）から機械抽出。品目別公式根拠と条件枝の確認前はAPP_READYにしない。
MAP-M042-I001-C-M042-08,M042,I001,1,category正式名称・代表品目から機械抽出,C-M042-08,ペットボトル,要品目別確認,キャップとラベルを外し洗う,NOT_STATED_IN_CITED_SOURCE,FALSE,CURRENT,,,S-M042-01,https://www.daisen.jp/user/filer_public/b1/61/b1611d62-e336-4068-8123-b4ec28cb25f6/gomi-funbetu-tebiki-kaiteiban.pdf,手引きp12 ペットボトル,,,,2026-08-19,INITIAL_REVIEW_REQUIRED,CATEGORY_LEVEL,UNREVIEWED,,,Positive evidence（category正式名称・代表品目）から機械抽出。品目別公式根拠と条件枝の確認前はAPP_READYにしない。
MAP-M042-I006-C-M042-06,M042,I006,1,category正式名称・代表品目から機械抽出,C-M042-06,缶・びん,要品目別確認,中身を空にして洗う,NOT_STATED_IN_CITED_SOURCE,FALSE,CURRENT,,,S-M042-02,https://www.daisen.jp/10/4/4/r100/s542/,令和8年4月変更／指定びんは缶・びんへ,,,,2026-08-19,INITIAL_REVIEW_REQUIRED,CATEGORY_LEVEL,UNREVIEWED,,,Positive evidence（category正式名称・代表品目）から機械抽出。品目別公式根拠と条件枝の確認前はAPP_READYにしない。
MAP-M042-I012-C-M042-07,M042,I012,1,category正式名称・代表品目から機械抽出,C-M042-07,発泡スチロール,要品目別確認,洗って乾かし、シール等を外す,白色以外・汚れが落ちない物は可燃ごみ,FALSE,CURRENT,,,S-M042-02,https://www.daisen.jp/10/4/4/r100/s542/,令和8年4月変更／白色のみ,,,,2026-08-19,INITIAL_REVIEW_REQUIRED,CATEGORY_LEVEL,UNREVIEWED,,,Positive evidence（category正式名称・代表品目）から機械抽出。品目別公式根拠と条件枝の確認前はAPP_READYにしない。
MAP-M042-I018-C-M042-01,M042,I018,1,category正式名称・代表品目から機械抽出,C-M042-01,可燃（もやせる）ごみ,要品目別確認,生ごみは十分水切り。硬い異素材を外す,NOT_STATED_IN_CITED_SOURCE,FALSE,CURRENT,,,S-M042-01,https://www.daisen.jp/user/filer_public/b1/61/b1611d62-e336-4068-8123-b4ec28cb25f6/gomi-funbetu-tebiki-kaiteiban.pdf,手引きp4 可燃ごみ,,,,2026-08-19,INITIAL_REVIEW_REQUIRED,CATEGORY_LEVEL,UNREVIEWED,,,Positive evidence（category正式名称・代表品目）から機械抽出。品目別公式根拠と条件枝の確認前はAPP_READYにしない。
MAP-M042-I023-C-M042-03,M042,I023,1,category正式名称・代表品目から機械抽出,C-M042-03,不燃（もえない）ごみ,要品目別確認,割れ物・刃物は包んで表示。スプレー缶等は使い切る,NOT_STATED_IN_CITED_SOURCE,FALSE,CURRENT,,,S-M042-01,https://www.daisen.jp/user/filer_public/b1/61/b1611d62-e336-4068-8123-b4ec28cb25f6/gomi-funbetu-tebiki-kaiteiban.pdf,手引きp6 不燃ごみ,,,,2026-08-19,INITIAL_REVIEW_REQUIRED,CATEGORY_LEVEL,UNREVIEWED,,,Positive evidence（category正式名称・代表品目）から機械抽出。品目別公式根拠と条件枝の確認前はAPP_READYにしない。
MAP-M042-I027-C-M042-09,M042,I027,1,category正式名称・代表品目から機械抽出,C-M042-09,電池,要品目別確認,金属端子を絶縁,NOT_STATED_IN_CITED_SOURCE,FALSE,CURRENT,,,S-M042-04,https://www.daisen.jp/10/4/4/r100/m165/,電池の出し方／乾電池等,,,,2026-08-19,INITIAL_REVIEW_REQUIRED,CATEGORY_LEVEL,UNREVIEWED,,,Positive evidence（category正式名称・代表品目）から機械抽出。品目別公式根拠と条件枝の確認前はAPP_READYにしない。
MAP-M042-I029-C-M042-11,M042,I029,1,category正式名称・代表品目から機械抽出,C-M042-11,小型充電式電池,要品目別確認,端子を絶縁し回収ボックスへ,NOT_STATED_IN_CITED_SOURCE,FALSE,CURRENT,,,S-M042-04,https://www.daisen.jp/10/4/4/r100/m165/,電池の出し方／小型充電式電池,,,,2026-08-19,INITIAL_REVIEW_REQUIRED,CATEGORY_LEVEL,UNREVIEWED,,,Positive evidence（category正式名称・代表品目）から機械抽出。品目別公式根拠と条件枝の確認前はAPP_READYにしない。
MAP-M042-I030-C-M042-10,M042,I030,1,category正式名称・代表品目から機械抽出,C-M042-10,蛍光管,要品目別確認,破損防止。LED等は不燃ごみ,NOT_STATED_IN_CITED_SOURCE,FALSE,CURRENT,,,S-M042-01,https://www.daisen.jp/user/filer_public/b1/61/b1611d62-e336-4068-8123-b4ec28cb25f6/gomi-funbetu-tebiki-kaiteiban.pdf,手引きp13 蛍光管,,,,2026-08-19,INITIAL_REVIEW_REQUIRED,CATEGORY_LEVEL,UNREVIEWED,,,Positive evidence（category正式名称・代表品目）から機械抽出。品目別公式根拠と条件枝の確認前はAPP_READYにしない。
MAP-M042-I031-C-M042-10,M042,I031,1,category正式名称・代表品目から機械抽出,C-M042-10,蛍光管,要品目別確認,破損防止。LED等は不燃ごみ,NOT_STATED_IN_CITED_SOURCE,FALSE,CURRENT,,,S-M042-01,https://www.daisen.jp/user/filer_public/b1/61/b1611d62-e336-4068-8123-b4ec28cb25f6/gomi-funbetu-tebiki-kaiteiban.pdf,手引きp13 蛍光管,,,,2026-08-19,INITIAL_REVIEW_REQUIRED,CATEGORY_LEVEL,UNREVIEWED,,,Positive evidence（category正式名称・代表品目）から機械抽出。品目別公式根拠と条件枝の確認前はAPP_READYにしない。
MAP-M042-I034-C-M042-14,M042,I034,1,category正式名称・代表品目から機械抽出,C-M042-14,小型家電,要品目別確認,取り外せる電池・バッテリーは外す,NOT_STATED_IN_CITED_SOURCE,FALSE,CURRENT,,,S-M042-01,https://www.daisen.jp/user/filer_public/b1/61/b1611d62-e336-4068-8123-b4ec28cb25f6/gomi-funbetu-tebiki-kaiteiban.pdf,手引きp15 小型家電,,,,2026-08-19,INITIAL_REVIEW_REQUIRED,CATEGORY_LEVEL,UNREVIEWED,,,Positive evidence（category正式名称・代表品目）から機械抽出。品目別公式根拠と条件枝の確認前はAPP_READYにしない。
MAP-M042-I036-C-M042-02,M042,I036,1,category正式名称・代表品目から機械抽出,C-M042-02,可燃（もやせる）粗大ごみ,要品目別確認,NOT_STATED_IN_CITED_SOURCE,NOT_STATED_IN_CITED_SOURCE,FALSE,CURRENT,,,S-M042-01,https://www.daisen.jp/user/filer_public/b1/61/b1611d62-e336-4068-8123-b4ec28cb25f6/gomi-funbetu-tebiki-kaiteiban.pdf,手引きp5 可燃粗大ごみ,,,,2026-08-19,INITIAL_REVIEW_REQUIRED,CATEGORY_LEVEL,UNREVIEWED,,,Positive evidence（category正式名称・代表品目）から機械抽出。品目別公式根拠と条件枝の確認前はAPP_READYにしない。
MAP-M042-I037-C-M042-15,M042,I037,1,category正式名称・代表品目から機械抽出,C-M042-15,収集・処理できないごみ,要品目別確認,受入先の指示に従う,販売店・メーカー・専門業者等の公式案内に従う,TRUE,CURRENT,,,S-M042-01,https://www.daisen.jp/user/filer_public/b1/61/b1611d62-e336-4068-8123-b4ec28cb25f6/gomi-funbetu-tebiki-kaiteiban.pdf,手引きp17 収集・処理できないごみ,,,,2026-08-19,INITIAL_REVIEW_REQUIRED,CATEGORY_LEVEL,UNREVIEWED,,,Positive evidence（category正式名称・代表品目）から機械抽出。品目別公式根拠と条件枝の確認前はAPP_READYにしない。
MAP-M043-I001-C-M043-09,M043,I001,1,category正式名称・代表品目から機械抽出,C-M043-09,ペットボトル,要品目別確認,キャップとラベルを外し中をすすぐ,NOT_STATED_IN_CITED_SOURCE,FALSE,CURRENT,,,S-M043-01,https://www.town.nanbu.tottori.jp/admin/chouminseikatsuka/gomi1/g141/,家庭ごみ分別／ペットボトル,,,,2026-08-19,INITIAL_REVIEW_REQUIRED,CATEGORY_LEVEL,UNREVIEWED,,,Positive evidence（category正式名称・代表品目）から機械抽出。品目別公式根拠と条件枝の確認前はAPP_READYにしない。
MAP-M043-I012-C-M043-08,M043,I012,1,category正式名称・代表品目から機械抽出,C-M043-08,軟質プラスチック類,要品目別確認,NOT_STATED_IN_CITED_SOURCE,NOT_STATED_IN_CITED_SOURCE,FALSE,CURRENT,,,S-M043-01,https://www.town.nanbu.tottori.jp/admin/chouminseikatsuka/gomi1/g141/,家庭ごみ分別／軟質プラスチック類,,,,2026-08-19,INITIAL_REVIEW_REQUIRED,CATEGORY_LEVEL,UNREVIEWED,,,Positive evidence（category正式名称・代表品目）から機械抽出。品目別公式根拠と条件枝の確認前はAPP_READYにしない。
MAP-M043-I016-C-M043-05,M043,I016,1,category正式名称・代表品目から機械抽出,C-M043-05,小雑紙,要品目別確認,指定方法でまとめる,NOT_STATED_IN_CITED_SOURCE,FALSE,CURRENT,,,S-M043-01,https://www.town.nanbu.tottori.jp/admin/chouminseikatsuka/gomi1/g141/,家庭ごみ分別／小雑紙,,,,2026-08-19,INITIAL_REVIEW_REQUIRED,CATEGORY_LEVEL,UNREVIEWED,,,Positive evidence（category正式名称・代表品目）から機械抽出。品目別公式根拠と条件枝の確認前はAPP_READYにしない。
MAP-M043-I018-C-M043-01,M043,I018,1,category正式名称・代表品目から機械抽出,C-M043-01,可燃ごみ,要品目別確認,生ごみは水切り,NOT_STATED_IN_CITED_SOURCE,FALSE,CURRENT,,,S-M043-01,https://www.town.nanbu.tottori.jp/admin/chouminseikatsuka/gomi1/g141/,家庭ごみ分別／可燃ごみ,,,,2026-08-19,INITIAL_REVIEW_REQUIRED,CATEGORY_LEVEL,UNREVIEWED,,,Positive evidence（category正式名称・代表品目）から機械抽出。品目別公式根拠と条件枝の確認前はAPP_READYにしない。
MAP-M043-I021-C-M043-13,M043,I021,1,category正式名称・代表品目から機械抽出,C-M043-13,布類,要品目別確認,洗って乾かす,NOT_STATED_IN_CITED_SOURCE,FALSE,CURRENT,,,S-M043-01,https://www.town.nanbu.tottori.jp/admin/chouminseikatsuka/gomi1/g141/,家庭ごみ分別／布類,,,,2026-08-19,INITIAL_REVIEW_REQUIRED,CATEGORY_LEVEL,UNREVIEWED,,,Positive evidence（category正式名称・代表品目）から機械抽出。品目別公式根拠と条件枝の確認前はAPP_READYにしない。
MAP-M043-I023-C-M043-02,M043,I023,1,category正式名称・代表品目から機械抽出,C-M043-02,不燃ごみ,要品目別確認,NOT_STATED_IN_CITED_SOURCE,NOT_STATED_IN_CITED_SOURCE,FALSE,CURRENT,,,S-M043-01,https://www.town.nanbu.tottori.jp/admin/chouminseikatsuka/gomi1/g141/,家庭ごみ分別／不燃ごみ,,,,2026-08-19,INITIAL_REVIEW_REQUIRED,CATEGORY_LEVEL,UNREVIEWED,,,Positive evidence（category正式名称・代表品目）から機械抽出。品目別公式根拠と条件枝の確認前はAPP_READYにしない。
MAP-M043-I030-C-M043-11,M043,I030,1,category正式名称・代表品目から機械抽出,C-M043-11,蛍光管,要品目別確認,破損しないよう保護,NOT_STATED_IN_CITED_SOURCE,FALSE,CURRENT,,,S-M043-01,https://www.town.nanbu.tottori.jp/admin/chouminseikatsuka/gomi1/g141/,家庭ごみ分別／蛍光管,,,,2026-08-19,INITIAL_REVIEW_REQUIRED,CATEGORY_LEVEL,UNREVIEWED,,,Positive evidence（category正式名称・代表品目）から機械抽出。品目別公式根拠と条件枝の確認前はAPP_READYにしない。
MAP-M043-I034-C-M043-02,M043,I034,1,category正式名称・代表品目から機械抽出,C-M043-02,不燃ごみ,要品目別確認,NOT_STATED_IN_CITED_SOURCE,NOT_STATED_IN_CITED_SOURCE,FALSE,CURRENT,,,S-M043-01,https://www.town.nanbu.tottori.jp/admin/chouminseikatsuka/gomi1/g141/,家庭ごみ分別／不燃ごみ,,,,2026-08-19,INITIAL_REVIEW_REQUIRED,CATEGORY_LEVEL,UNREVIEWED,,,Positive evidence（category正式名称・代表品目）から機械抽出。品目別公式根拠と条件枝の確認前はAPP_READYにしない。
MAP-M043-I034-C-M043-14,M043,I034,2,category正式名称・代表品目から機械抽出,C-M043-14,使用済み小型家電,要品目別確認,個人情報を消去し電池を外す,NOT_STATED_IN_CITED_SOURCE,FALSE,CURRENT,,,S-M043-01,https://www.town.nanbu.tottori.jp/admin/chouminseikatsuka/gomi1/g141/,家庭ごみ分別／小型家電リサイクル,,,,2026-08-19,INITIAL_REVIEW_REQUIRED,CATEGORY_LEVEL,UNREVIEWED,,,Positive evidence（category正式名称・代表品目）から機械抽出。品目別公式根拠と条件枝の確認前はAPP_READYにしない。
MAP-M043-I036-C-M043-08,M043,I036,1,category正式名称・代表品目から機械抽出,C-M043-08,軟質プラスチック類,要品目別確認,NOT_STATED_IN_CITED_SOURCE,NOT_STATED_IN_CITED_SOURCE,FALSE,CURRENT,,,S-M043-01,https://www.town.nanbu.tottori.jp/admin/chouminseikatsuka/gomi1/g141/,家庭ごみ分別／軟質プラスチック類,,,,2026-08-19,INITIAL_REVIEW_REQUIRED,CATEGORY_LEVEL,UNREVIEWED,,,Positive evidence（category正式名称・代表品目）から機械抽出。品目別公式根拠と条件枝の確認前はAPP_READYにしない。
MAP-M043-I037-C-M043-15,M043,I037,1,category正式名称・代表品目から機械抽出,C-M043-15,収集しないもの,要品目別確認,受入先の指示に従う,販売店・メーカー・専門業者等の公式案内に従う,TRUE,CURRENT,,,S-M043-01,https://www.town.nanbu.tottori.jp/admin/chouminseikatsuka/gomi1/g141/,家庭ごみ分別／収集しないもの,,,,2026-08-19,INITIAL_REVIEW_REQUIRED,CATEGORY_LEVEL,UNREVIEWED,,,Positive evidence（category正式名称・代表品目）から機械抽出。品目別公式根拠と条件枝の確認前はAPP_READYにしない。
MAP-M044-I001-C-M044-08,M044,I001,1,category正式名称・代表品目から機械抽出,C-M044-08,ペットボトル,要品目別確認,キャップとラベルを外し中をすすぐ,NOT_STATED_IN_CITED_SOURCE,FALSE,CURRENT,,,S-M044-01,https://www.houki-town.jp/new1/10/12/gomi/6/c935/,冊子／資源ごみ（ペットボトル）,,,,2026-08-19,INITIAL_REVIEW_REQUIRED,CATEGORY_LEVEL,UNREVIEWED,,,Positive evidence（category正式名称・代表品目）から機械抽出。品目別公式根拠と条件枝の確認前はAPP_READYにしない。
MAP-M044-I012-C-M044-07,M044,I012,1,category正式名称・代表品目から機械抽出,C-M044-07,発泡スチロール・軟質プラスチック,要品目別確認,汚れを落とす,NOT_STATED_IN_CITED_SOURCE,FALSE,CURRENT,,,S-M044-01,https://www.houki-town.jp/new1/10/12/gomi/6/c935/,冊子／資源ごみ（発泡スチロール・軟質プラスチック）,,,,2026-08-19,INITIAL_REVIEW_REQUIRED,CATEGORY_LEVEL,UNREVIEWED,,,Positive evidence（category正式名称・代表品目）から機械抽出。品目別公式根拠と条件枝の確認前はAPP_READYにしない。
MAP-M044-I018-C-M044-01,M044,I018,1,category正式名称・代表品目から機械抽出,C-M044-01,可燃ごみ,要品目別確認,生ごみは水切り,NOT_STATED_IN_CITED_SOURCE,FALSE,CURRENT,,,S-M044-01,https://www.houki-town.jp/new1/10/12/gomi/6/c935/,冊子／可燃ごみ,,,,2026-08-19,INITIAL_REVIEW_REQUIRED,CATEGORY_LEVEL,UNREVIEWED,,,Positive evidence（category正式名称・代表品目）から機械抽出。品目別公式根拠と条件枝の確認前はAPP_READYにしない。
MAP-M044-I021-C-M044-09,M044,I021,1,category正式名称・代表品目から機械抽出,C-M044-09,布類,要品目別確認,袋の口をしばる,NOT_STATED_IN_CITED_SOURCE,FALSE,CURRENT,,,S-M044-01,https://www.houki-town.jp/new1/10/12/gomi/6/c935/,冊子／布類,,,,2026-08-19,INITIAL_REVIEW_REQUIRED,CATEGORY_LEVEL,UNREVIEWED,,,Positive evidence（category正式名称・代表品目）から機械抽出。品目別公式根拠と条件枝の確認前はAPP_READYにしない。
MAP-M044-I023-C-M044-02,M044,I023,1,category正式名称・代表品目から機械抽出,C-M044-02,不燃ごみ,要品目別確認,割れ物・刃物は危険防止,NOT_STATED_IN_CITED_SOURCE,FALSE,CURRENT,,,S-M044-01,https://www.houki-town.jp/new1/10/12/gomi/6/c935/,冊子／不燃ごみ,,,,2026-08-19,INITIAL_REVIEW_REQUIRED,CATEGORY_LEVEL,UNREVIEWED,,,Positive evidence（category正式名称・代表品目）から機械抽出。品目別公式根拠と条件枝の確認前はAPP_READYにしない。
MAP-M044-I027-C-M044-10,M044,I027,1,category正式名称・代表品目から機械抽出,C-M044-10,有害ごみ,要品目別確認,電池は絶縁し、蛍光管は破損防止,NOT_STATED_IN_CITED_SOURCE,FALSE,CURRENT,,,S-M044-01,https://www.houki-town.jp/new1/10/12/gomi/6/c935/,冊子／有害ごみ,,,,2026-08-19,INITIAL_REVIEW_REQUIRED,CATEGORY_LEVEL,UNREVIEWED,,,Positive evidence（category正式名称・代表品目）から機械抽出。品目別公式根拠と条件枝の確認前はAPP_READYにしない。
MAP-M044-I030-C-M044-10,M044,I030,1,category正式名称・代表品目から機械抽出,C-M044-10,有害ごみ,要品目別確認,電池は絶縁し、蛍光管は破損防止,NOT_STATED_IN_CITED_SOURCE,FALSE,CURRENT,,,S-M044-01,https://www.houki-town.jp/new1/10/12/gomi/6/c935/,冊子／有害ごみ,,,,2026-08-19,INITIAL_REVIEW_REQUIRED,CATEGORY_LEVEL,UNREVIEWED,,,Positive evidence（category正式名称・代表品目）から機械抽出。品目別公式根拠と条件枝の確認前はAPP_READYにしない。
MAP-M044-I037-C-M044-12,M044,I037,1,category正式名称・代表品目から機械抽出,C-M044-12,町で収集しないごみ,要品目別確認,受入先の指示に従う,販売店・メーカー・専門業者等の公式案内に従う,TRUE,CURRENT,,,S-M044-01,https://www.houki-town.jp/new1/10/12/gomi/6/c935/,冊子／町で収集しないごみ,,,,2026-08-19,INITIAL_REVIEW_REQUIRED,CATEGORY_LEVEL,UNREVIEWED,,,Positive evidence（category正式名称・代表品目）から機械抽出。品目別公式根拠と条件枝の確認前はAPP_READYにしない。
MAP-M045-I001-C-M045-07,M045,I001,1,category正式名称・代表品目から機械抽出,C-M045-07,ペットボトル（資源）,要品目別確認,中を洗う。汚れが落ちない物は可燃。キャップは別回収又は不燃,NOT_STATED_IN_CITED_SOURCE,FALSE,CURRENT,,,S-M045-01,https://www.town.nichinan.lg.jp/material/files/group/31/nichinantyou_gomibunbetu202503.pdf,日南町ごみ分別表／ペットボトル（資源）,,,,2026-08-19,INITIAL_REVIEW_REQUIRED,CATEGORY_LEVEL,UNREVIEWED,,,Positive evidence（category正式名称・代表品目）から機械抽出。品目別公式根拠と条件枝の確認前はAPP_READYにしない。
MAP-M045-I001-C-M045-21,M045,I001,2,category正式名称・代表品目から機械抽出,C-M045-21,ペットボトルキャップ,要品目別確認,NOT_STATED_IN_CITED_SOURCE,NOT_STATED_IN_CITED_SOURCE,FALSE,CURRENT,,,S-M045-01,https://www.town.nichinan.lg.jp/material/files/group/31/nichinantyou_gomibunbetu202503.pdf,日南町ごみ分別表／ペットボトルキャップ,,,,2026-08-19,INITIAL_REVIEW_REQUIRED,CATEGORY_LEVEL,UNREVIEWED,,,Positive evidence（category正式名称・代表品目）から機械抽出。品目別公式根拠と条件枝の確認前はAPP_READYにしない。
MAP-M045-I002-C-M045-21,M045,I002,1,category正式名称・代表品目から機械抽出,C-M045-21,ペットボトルキャップ,要品目別確認,NOT_STATED_IN_CITED_SOURCE,NOT_STATED_IN_CITED_SOURCE,FALSE,CURRENT,,,S-M045-01,https://www.town.nichinan.lg.jp/material/files/group/31/nichinantyou_gomibunbetu202503.pdf,日南町ごみ分別表／ペットボトルキャップ,,,,2026-08-19,INITIAL_REVIEW_REQUIRED,CATEGORY_LEVEL,UNREVIEWED,,,Positive evidence（category正式名称・代表品目）から機械抽出。品目別公式根拠と条件枝の確認前はAPP_READYにしない。
MAP-M045-I006-C-M045-05,M045,I006,1,category正式名称・代表品目から機械抽出,C-M045-05,ビン類（資源）,要品目別確認,中身を空にしてよくすすぐ。ふたは不燃,NOT_STATED_IN_CITED_SOURCE,FALSE,CURRENT,,,S-M045-01,https://www.town.nichinan.lg.jp/material/files/group/31/nichinantyou_gomibunbetu202503.pdf,日南町ごみ分別表／ビン類（資源）,,,,2026-08-19,INITIAL_REVIEW_REQUIRED,CATEGORY_LEVEL,UNREVIEWED,,,Positive evidence（category正式名称・代表品目）から機械抽出。品目別公式根拠と条件枝の確認前はAPP_READYにしない。
MAP-M045-I010-C-M045-09,M045,I010,1,category正式名称・代表品目から機械抽出,C-M045-09,軟質プラスチック（資源）,要品目別確認,汚れが落ちない物は可燃,NOT_STATED_IN_CITED_SOURCE,FALSE,CURRENT,,,S-M045-01,https://www.town.nichinan.lg.jp/material/files/group/31/nichinantyou_gomibunbetu202503.pdf,日南町ごみ分別表／軟質プラスチック（資源）,,,,2026-08-19,INITIAL_REVIEW_REQUIRED,CATEGORY_LEVEL,UNREVIEWED,,,Positive evidence（category正式名称・代表品目）から機械抽出。品目別公式根拠と条件枝の確認前はAPP_READYにしない。
MAP-M045-I011-C-M045-09,M045,I011,1,category正式名称・代表品目から機械抽出,C-M045-09,軟質プラスチック（資源）,要品目別確認,汚れが落ちない物は可燃,NOT_STATED_IN_CITED_SOURCE,FALSE,CURRENT,,,S-M045-01,https://www.town.nichinan.lg.jp/material/files/group/31/nichinantyou_gomibunbetu202503.pdf,日南町ごみ分別表／軟質プラスチック（資源）,,,,2026-08-19,INITIAL_REVIEW_REQUIRED,CATEGORY_LEVEL,UNREVIEWED,,,Positive evidence（category正式名称・代表品目）から機械抽出。品目別公式根拠と条件枝の確認前はAPP_READYにしない。
MAP-M045-I012-C-M045-08,M045,I012,1,category正式名称・代表品目から機械抽出,C-M045-08,発泡スチロール（資源）,要品目別確認,汚れを落とす,NOT_STATED_IN_CITED_SOURCE,FALSE,CURRENT,,,S-M045-01,https://www.town.nichinan.lg.jp/material/files/group/31/nichinantyou_gomibunbetu202503.pdf,日南町ごみ分別表／発泡スチロール（資源）,,,,2026-08-19,INITIAL_REVIEW_REQUIRED,CATEGORY_LEVEL,UNREVIEWED,,,Positive evidence（category正式名称・代表品目）から機械抽出。品目別公式根拠と条件枝の確認前はAPP_READYにしない。
MAP-M045-I013-C-M045-14,M045,I013,1,category正式名称・代表品目から機械抽出,C-M045-14,新聞,要品目別確認,品目ごとにひもで結束,NOT_STATED_IN_CITED_SOURCE,FALSE,CURRENT,,,S-M045-01,https://www.town.nichinan.lg.jp/material/files/group/31/nichinantyou_gomibunbetu202503.pdf,日南町ごみ分別表／新聞,,,,2026-08-19,INITIAL_REVIEW_REQUIRED,CATEGORY_LEVEL,UNREVIEWED,,,Positive evidence（category正式名称・代表品目）から機械抽出。品目別公式根拠と条件枝の確認前はAPP_READYにしない。
MAP-M045-I014-C-M045-15,M045,I014,1,category正式名称・代表品目から機械抽出,C-M045-15,ダンボール,要品目別確認,品目ごとにひもで結束,NOT_STATED_IN_CITED_SOURCE,FALSE,CURRENT,,,S-M045-01,https://www.town.nichinan.lg.jp/material/files/group/31/nichinantyou_gomibunbetu202503.pdf,日南町ごみ分別表／ダンボール,,,,2026-08-19,INITIAL_REVIEW_REQUIRED,CATEGORY_LEVEL,UNREVIEWED,,,Positive evidence（category正式名称・代表品目）から機械抽出。品目別公式根拠と条件枝の確認前はAPP_READYにしない。
MAP-M045-I015-C-M045-16,M045,I015,1,category正式名称・代表品目から機械抽出,C-M045-16,雑誌,要品目別確認,品目ごとにひもで結束,NOT_STATED_IN_CITED_SOURCE,FALSE,CURRENT,,,S-M045-01,https://www.town.nichinan.lg.jp/material/files/group/31/nichinantyou_gomibunbetu202503.pdf,日南町ごみ分別表／雑誌,,,,2026-08-19,INITIAL_REVIEW_REQUIRED,CATEGORY_LEVEL,UNREVIEWED,,,Positive evidence（category正式名称・代表品目）から機械抽出。品目別公式根拠と条件枝の確認前はAPP_READYにしない。
MAP-M045-I018-C-M045-01,M045,I018,1,category正式名称・代表品目から機械抽出,C-M045-01,可燃,要品目別確認,生ごみは水切り。プラスチック製容器のふた・ポンプは不燃,NOT_STATED_IN_CITED_SOURCE,FALSE,CURRENT,,,S-M045-01,https://www.town.nichinan.lg.jp/material/files/group/31/nichinantyou_gomibunbetu202503.pdf,日南町ごみ分別表／可燃,,,,2026-08-19,INITIAL_REVIEW_REQUIRED,CATEGORY_LEVEL,UNREVIEWED,,,Positive evidence（category正式名称・代表品目）から機械抽出。品目別公式根拠と条件枝の確認前はAPP_READYにしない。
MAP-M045-I020-C-M045-01,M045,I020,1,category正式名称・代表品目から機械抽出,C-M045-01,可燃,要品目別確認,生ごみは水切り。プラスチック製容器のふた・ポンプは不燃,NOT_STATED_IN_CITED_SOURCE,FALSE,CURRENT,,,S-M045-01,https://www.town.nichinan.lg.jp/material/files/group/31/nichinantyou_gomibunbetu202503.pdf,日南町ごみ分別表／可燃,,,,2026-08-19,INITIAL_REVIEW_REQUIRED,CATEGORY_LEVEL,UNREVIEWED,,,Positive evidence（category正式名称・代表品目）から機械抽出。品目別公式根拠と条件枝の確認前はAPP_READYにしない。
MAP-M045-I021-C-M045-10,M045,I021,1,category正式名称・代表品目から機械抽出,C-M045-10,布類（資源）,要品目別確認,地区ごとの指定回収場所へ,NOT_STATED_IN_CITED_SOURCE,FALSE,CURRENT,,,S-M045-01,https://www.town.nichinan.lg.jp/material/files/group/31/nichinantyou_gomibunbetu202503.pdf,日南町ごみ分別表／布類（資源）,,,,2026-08-19,INITIAL_REVIEW_REQUIRED,CATEGORY_LEVEL,UNREVIEWED,,,Positive evidence（category正式名称・代表品目）から機械抽出。品目別公式根拠と条件枝の確認前はAPP_READYにしない。
MAP-M045-I023-C-M045-02,M045,I023,1,category正式名称・代表品目から機械抽出,C-M045-02,不燃,要品目別確認,刃物は新聞紙で包む。スプレー缶・ガス缶は使い切る,NOT_STATED_IN_CITED_SOURCE,FALSE,CURRENT,,,S-M045-01,https://www.town.nichinan.lg.jp/material/files/group/31/nichinantyou_gomibunbetu202503.pdf,日南町ごみ分別表／不燃,,,,2026-08-19,INITIAL_REVIEW_REQUIRED,CATEGORY_LEVEL,UNREVIEWED,,,Positive evidence（category正式名称・代表品目）から機械抽出。品目別公式根拠と条件枝の確認前はAPP_READYにしない。
MAP-M045-I027-C-M045-11,M045,I027,1,category正式名称・代表品目から機械抽出,C-M045-11,乾電池・ボタン電池,要品目別確認,使い切り、ボタン電池はテープで包む,NOT_STATED_IN_CITED_SOURCE,FALSE,CURRENT,,,S-M045-01,https://www.town.nichinan.lg.jp/material/files/group/31/nichinantyou_gomibunbetu202503.pdf,日南町ごみ分別表／乾電池・ボタン電池,,,,2026-08-19,INITIAL_REVIEW_REQUIRED,CATEGORY_LEVEL,UNREVIEWED,,,Positive evidence（category正式名称・代表品目）から機械抽出。品目別公式根拠と条件枝の確認前はAPP_READYにしない。
MAP-M045-I028-C-M045-11,M045,I028,1,category正式名称・代表品目から機械抽出,C-M045-11,乾電池・ボタン電池,要品目別確認,使い切り、ボタン電池はテープで包む,NOT_STATED_IN_CITED_SOURCE,FALSE,CURRENT,,,S-M045-01,https://www.town.nichinan.lg.jp/material/files/group/31/nichinantyou_gomibunbetu202503.pdf,日南町ごみ分別表／乾電池・ボタン電池,,,,2026-08-19,INITIAL_REVIEW_REQUIRED,CATEGORY_LEVEL,UNREVIEWED,,,Positive evidence（category正式名称・代表品目）から機械抽出。品目別公式根拠と条件枝の確認前はAPP_READYにしない。
MAP-M045-I030-C-M045-12,M045,I030,1,category正式名称・代表品目から機械抽出,C-M045-12,蛍光管,要品目別確認,破損しないよう保護,NOT_STATED_IN_CITED_SOURCE,FALSE,CURRENT,,,S-M045-01,https://www.town.nichinan.lg.jp/material/files/group/31/nichinantyou_gomibunbetu202503.pdf,日南町ごみ分別表／蛍光管,,,,2026-08-19,INITIAL_REVIEW_REQUIRED,CATEGORY_LEVEL,UNREVIEWED,,,Positive evidence（category正式名称・代表品目）から機械抽出。品目別公式根拠と条件枝の確認前はAPP_READYにしない。
MAP-M045-I034-C-M045-19,M045,I034,1,category正式名称・代表品目から機械抽出,C-M045-19,小型家電（資源）,要品目別確認,電池・バッテリーを外し個人情報を消去,NOT_STATED_IN_CITED_SOURCE,FALSE,CURRENT,,,S-M045-01,https://www.town.nichinan.lg.jp/material/files/group/31/nichinantyou_gomibunbetu202503.pdf,日南町ごみ分別表／小型家電（資源）,,,,2026-08-19,INITIAL_REVIEW_REQUIRED,CATEGORY_LEVEL,UNREVIEWED,,,Positive evidence（category正式名称・代表品目）から機械抽出。品目別公式根拠と条件枝の確認前はAPP_READYにしない。
MAP-M045-I037-C-M045-26,M045,I037,1,category正式名称・代表品目から機械抽出,C-M045-26,家電4品目,要品目別確認,郵便局でリサイクル券を購入,NOT_STATED_IN_CITED_SOURCE,FALSE,CURRENT,,,S-M045-01,https://www.town.nichinan.lg.jp/material/files/group/31/nichinantyou_gomibunbetu202503.pdf,日南町ごみ分別表／家電4品目,,,,2026-08-19,INITIAL_REVIEW_REQUIRED,CATEGORY_LEVEL,UNREVIEWED,,,Positive evidence（category正式名称・代表品目）から機械抽出。品目別公式根拠と条件枝の確認前はAPP_READYにしない。
MAP-M046-I001-C-M046-06,M046,I001,1,category正式名称・代表品目から機械抽出,C-M046-06,ペットボトル,要品目別確認,ラベルとキャップを外し水洗い。汚れた本体は可燃、ラベルは軟プラ、キャップは不燃,NOT_STATED_IN_CITED_SOURCE,FALSE,CURRENT,,,S-M046-01,https://www.town.hino.tottori.jp/secure/43691/2026karendagetumoku.pdf,令和8年度ごみ収集カレンダー／ペットボトル,,,,2026-08-19,INITIAL_REVIEW_REQUIRED,CATEGORY_LEVEL,UNREVIEWED,,,Positive evidence（category正式名称・代表品目）から機械抽出。品目別公式根拠と条件枝の確認前はAPP_READYにしない。
MAP-M046-I018-C-M046-01,M046,I018,1,category正式名称・代表品目から機械抽出,C-M046-01,可燃,要品目別確認,生ごみは十分水切り,NOT_STATED_IN_CITED_SOURCE,FALSE,CURRENT,,,S-M046-01,https://www.town.hino.tottori.jp/secure/43691/2026karendagetumoku.pdf,令和8年度ごみ収集カレンダー／可燃,,,,2026-08-19,INITIAL_REVIEW_REQUIRED,CATEGORY_LEVEL,UNREVIEWED,,,Positive evidence（category正式名称・代表品目）から機械抽出。品目別公式根拠と条件枝の確認前はAPP_READYにしない。
MAP-M046-I021-C-M046-07,M046,I021,1,category正式名称・代表品目から機械抽出,C-M046-07,布畳,要品目別確認,町の指定条件に従う,NOT_STATED_IN_CITED_SOURCE,FALSE,CURRENT,,,S-M046-01,https://www.town.hino.tottori.jp/secure/43691/2026karendagetumoku.pdf,令和8年度ごみ収集カレンダー／布畳,,,,2026-08-19,INITIAL_REVIEW_REQUIRED,CATEGORY_LEVEL,UNREVIEWED,,,Positive evidence（category正式名称・代表品目）から機械抽出。品目別公式根拠と条件枝の確認前はAPP_READYにしない。
MAP-M046-I023-C-M046-02,M046,I023,1,category正式名称・代表品目から機械抽出,C-M046-02,不燃,要品目別確認,危険物は保護,NOT_STATED_IN_CITED_SOURCE,FALSE,CURRENT,,,S-M046-01,https://www.town.hino.tottori.jp/secure/43691/2026karendagetumoku.pdf,令和8年度ごみ収集カレンダー／不燃,,,,2026-08-19,INITIAL_REVIEW_REQUIRED,CATEGORY_LEVEL,UNREVIEWED,,,Positive evidence（category正式名称・代表品目）から機械抽出。品目別公式根拠と条件枝の確認前はAPP_READYにしない。
MAP-M046-I029-C-M046-13,M046,I029,1,category正式名称・代表品目から機械抽出,C-M046-13,充電式小型家電,要品目別確認,可燃・不燃に混ぜず役場建設水道課又は黒坂支所へ,NOT_STATED_IN_CITED_SOURCE,FALSE,CURRENT,,,S-M046-01,https://www.town.hino.tottori.jp/secure/43691/2026karendagetumoku.pdf,令和8年度カレンダー／充電式小型家電,,,,2026-08-19,INITIAL_REVIEW_REQUIRED,CATEGORY_LEVEL,UNREVIEWED,,,Positive evidence（category正式名称・代表品目）から機械抽出。品目別公式根拠と条件枝の確認前はAPP_READYにしない。
MAP-M046-I030-C-M046-09,M046,I030,1,category正式名称・代表品目から機械抽出,C-M046-09,蛍光管,要品目別確認,破損しないよう保護,NOT_STATED_IN_CITED_SOURCE,FALSE,CURRENT,,,S-M046-01,https://www.town.hino.tottori.jp/secure/43691/2026karendagetumoku.pdf,令和8年度ごみ収集カレンダー／蛍光管,,,,2026-08-19,INITIAL_REVIEW_REQUIRED,CATEGORY_LEVEL,UNREVIEWED,,,Positive evidence（category正式名称・代表品目）から機械抽出。品目別公式根拠と条件枝の確認前はAPP_READYにしない。
MAP-M046-I034-C-M046-13,M046,I034,1,category正式名称・代表品目から機械抽出,C-M046-13,充電式小型家電,要品目別確認,可燃・不燃に混ぜず役場建設水道課又は黒坂支所へ,NOT_STATED_IN_CITED_SOURCE,FALSE,CURRENT,,,S-M046-01,https://www.town.hino.tottori.jp/secure/43691/2026karendagetumoku.pdf,令和8年度カレンダー／充電式小型家電,,,,2026-08-19,INITIAL_REVIEW_REQUIRED,CATEGORY_LEVEL,UNREVIEWED,,,Positive evidence（category正式名称・代表品目）から機械抽出。品目別公式根拠と条件枝の確認前はAPP_READYにしない。
MAP-M047-I001-C-M047-06,M047,I001,1,category正式名称・代表品目から機械抽出,C-M047-06,ペットボトル,要品目別確認,町の指定方法で出す,NOT_STATED_IN_CITED_SOURCE,FALSE,CURRENT,,,S-M047-01,https://www.town-kofu.jp/2/1/4/9/2/,家庭ごみ分別表／ペットボトル,,,,2026-08-19,INITIAL_REVIEW_REQUIRED,CATEGORY_LEVEL,UNREVIEWED,,,Positive evidence（category正式名称・代表品目）から機械抽出。品目別公式根拠と条件枝の確認前はAPP_READYにしない。
MAP-M047-I013-C-M047-11,M047,I013,1,category正式名称・代表品目から機械抽出,C-M047-11,新聞・チラシ,要品目別確認,まとめて出す,NOT_STATED_IN_CITED_SOURCE,FALSE,CURRENT,,,S-M047-01,https://www.town-kofu.jp/2/1/4/9/2/,家庭ごみ分別表／新聞・チラシ,,,,2026-08-19,INITIAL_REVIEW_REQUIRED,CATEGORY_LEVEL,UNREVIEWED,,,Positive evidence（category正式名称・代表品目）から機械抽出。品目別公式根拠と条件枝の確認前はAPP_READYにしない。
MAP-M047-I014-C-M047-09,M047,I014,1,category正式名称・代表品目から機械抽出,C-M047-09,ダンボール,要品目別確認,まとめて出す,NOT_STATED_IN_CITED_SOURCE,FALSE,CURRENT,,,S-M047-01,https://www.town-kofu.jp/2/1/4/9/2/,家庭ごみ分別表／ダンボール,,,,2026-08-19,INITIAL_REVIEW_REQUIRED,CATEGORY_LEVEL,UNREVIEWED,,,Positive evidence（category正式名称・代表品目）から機械抽出。品目別公式根拠と条件枝の確認前はAPP_READYにしない。
MAP-M047-I015-C-M047-12,M047,I015,1,category正式名称・代表品目から機械抽出,C-M047-12,本・雑誌,要品目別確認,まとめて出す,NOT_STATED_IN_CITED_SOURCE,FALSE,CURRENT,,,S-M047-01,https://www.town-kofu.jp/2/1/4/9/2/,家庭ごみ分別表／本・雑誌,,,,2026-08-19,INITIAL_REVIEW_REQUIRED,CATEGORY_LEVEL,UNREVIEWED,,,Positive evidence（category正式名称・代表品目）から機械抽出。品目別公式根拠と条件枝の確認前はAPP_READYにしない。
MAP-M047-I017-C-M047-08,M047,I017,1,category正式名称・代表品目から機械抽出,C-M047-08,紙パック,要品目別確認,紙製容器包装紙の日に出す,NOT_STATED_IN_CITED_SOURCE,FALSE,CURRENT,,,S-M047-01,https://www.town-kofu.jp/2/1/4/9/2/,家庭ごみ分別表／紙パック,,,,2026-08-19,INITIAL_REVIEW_REQUIRED,CATEGORY_LEVEL,UNREVIEWED,,,Positive evidence（category正式名称・代表品目）から機械抽出。品目別公式根拠と条件枝の確認前はAPP_READYにしない。
MAP-M047-I021-C-M047-15,M047,I021,1,category正式名称・代表品目から機械抽出,C-M047-15,布類,要品目別確認,NOT_STATED_IN_CITED_SOURCE,NOT_STATED_IN_CITED_SOURCE,FALSE,CURRENT,,,S-M047-01,https://www.town-kofu.jp/2/1/4/9/2/,家庭ごみ分別表／布類,,,,2026-08-19,INITIAL_REVIEW_REQUIRED,CATEGORY_LEVEL,UNREVIEWED,,,Positive evidence（category正式名称・代表品目）から機械抽出。品目別公式根拠と条件枝の確認前はAPP_READYにしない。
MAP-M047-I023-C-M047-03,M047,I023,1,category正式名称・代表品目から機械抽出,C-M047-03,不燃ごみ,要品目別確認,NOT_STATED_IN_CITED_SOURCE,NOT_STATED_IN_CITED_SOURCE,FALSE,CURRENT,,,S-M047-01,https://www.town-kofu.jp/2/1/4/9/2/,家庭ごみ分別表／不燃ごみ,,,,2026-08-19,INITIAL_REVIEW_REQUIRED,CATEGORY_LEVEL,UNREVIEWED,,,Positive evidence（category正式名称・代表品目）から機械抽出。品目別公式根拠と条件枝の確認前はAPP_READYにしない。
MAP-M047-I027-C-M047-16,M047,I027,1,category正式名称・代表品目から機械抽出,C-M047-16,乾電池,要品目別確認,端子を絶縁,NOT_STATED_IN_CITED_SOURCE,FALSE,CURRENT,,,S-M047-01,https://www.town-kofu.jp/2/1/4/9/2/,家庭ごみ分別表／乾電池,,,,2026-08-19,INITIAL_REVIEW_REQUIRED,CATEGORY_LEVEL,UNREVIEWED,,,Positive evidence（category正式名称・代表品目）から機械抽出。品目別公式根拠と条件枝の確認前はAPP_READYにしない。
MAP-M047-I030-C-M047-18,M047,I030,1,category正式名称・代表品目から機械抽出,C-M047-18,蛍光管・水銀体温計,要品目別確認,破損しないよう保護,NOT_STATED_IN_CITED_SOURCE,FALSE,CURRENT,,,S-M047-01,https://www.town-kofu.jp/2/1/4/9/2/,家庭ごみ分別表／蛍光管・水銀体温計,,,,2026-08-19,INITIAL_REVIEW_REQUIRED,CATEGORY_LEVEL,UNREVIEWED,,,Positive evidence（category正式名称・代表品目）から機械抽出。品目別公式根拠と条件枝の確認前はAPP_READYにしない。
MAP-M047-I034-C-M047-03,M047,I034,1,category正式名称・代表品目から機械抽出,C-M047-03,不燃ごみ,要品目別確認,NOT_STATED_IN_CITED_SOURCE,NOT_STATED_IN_CITED_SOURCE,FALSE,CURRENT,,,S-M047-01,https://www.town-kofu.jp/2/1/4/9/2/,家庭ごみ分別表／不燃ごみ,,,,2026-08-19,INITIAL_REVIEW_REQUIRED,CATEGORY_LEVEL,UNREVIEWED,,,Positive evidence（category正式名称・代表品目）から機械抽出。品目別公式根拠と条件枝の確認前はAPP_READYにしない。
MAP-M047-I034-C-M047-19,M047,I034,2,category正式名称・代表品目から機械抽出,C-M047-19,小型家電等,要品目別確認,個人情報を消去し電池を外す,NOT_STATED_IN_CITED_SOURCE,FALSE,CURRENT,,,S-M047-01,https://www.town-kofu.jp/2/1/4/9/2/,家庭ごみ分別表／小型家電等,,,,2026-08-19,INITIAL_REVIEW_REQUIRED,CATEGORY_LEVEL,UNREVIEWED,,,Positive evidence（category正式名称・代表品目）から機械抽出。品目別公式根拠と条件枝の確認前はAPP_READYにしない。
MAP-M047-I036-C-M047-15,M047,I036,1,category正式名称・代表品目から機械抽出,C-M047-15,布類,要品目別確認,NOT_STATED_IN_CITED_SOURCE,NOT_STATED_IN_CITED_SOURCE,FALSE,CURRENT,,,S-M047-01,https://www.town-kofu.jp/2/1/4/9/2/,家庭ごみ分別表／布類,,,,2026-08-19,INITIAL_REVIEW_REQUIRED,CATEGORY_LEVEL,UNREVIEWED,,,Positive evidence（category正式名称・代表品目）から機械抽出。品目別公式根拠と条件枝の確認前はAPP_READYにしない。
MAP-M047-I037-C-M047-07,M047,I037,1,category正式名称・代表品目から機械抽出,C-M047-07,家電リサイクル品,要品目別確認,必要に応じ郵便局でリサイクル券を購入,NOT_STATED_IN_CITED_SOURCE,FALSE,CURRENT,,,S-M047-01,https://www.town-kofu.jp/2/1/4/9/2/,家庭ごみ分別表／家電リサイクル品,,,,2026-08-19,INITIAL_REVIEW_REQUIRED,CATEGORY_LEVEL,UNREVIEWED,,,Positive evidence（category正式名称・代表品目）から機械抽出。品目別公式根拠と条件枝の確認前はAPP_READYにしない。
MAP-M048-I001-C-M048-06,M048,I001,1,category正式名称・代表品目から機械抽出,C-M048-06,缶・びん・ペットボトル,要品目別確認,中身を空にしてすすぐ,NOT_STATED_IN_CITED_SOURCE,FALSE,CURRENT,,,S-M048-01,https://www.city.matsue.lg.jp/kurashi_tetsuzuki/gomi_kankyo_pet/6/2/7883.html,家庭から出るごみ／資源／缶・びん・ペットボトル,,,,2026-08-19,INITIAL_REVIEW_REQUIRED,CATEGORY_LEVEL,UNREVIEWED,,,Positive evidence（category正式名称・代表品目）から機械抽出。品目別公式根拠と条件枝の確認前はAPP_READYにしない。
MAP-M048-I006-C-M048-06,M048,I006,1,category正式名称・代表品目から機械抽出,C-M048-06,缶・びん・ペットボトル,要品目別確認,中身を空にしてすすぐ,NOT_STATED_IN_CITED_SOURCE,FALSE,CURRENT,,,S-M048-01,https://www.city.matsue.lg.jp/kurashi_tetsuzuki/gomi_kankyo_pet/6/2/7883.html,家庭から出るごみ／資源／缶・びん・ペットボトル,,,,2026-08-19,INITIAL_REVIEW_REQUIRED,CATEGORY_LEVEL,UNREVIEWED,,,Positive evidence（category正式名称・代表品目）から機械抽出。品目別公式根拠と条件枝の確認前はAPP_READYにしない。
MAP-M048-I018-C-M048-01,M048,I018,1,category正式名称・代表品目から機械抽出,C-M048-01,もやせるごみ,要品目別確認,生ごみは水切り,NOT_STATED_IN_CITED_SOURCE,FALSE,CURRENT,,,S-M048-01,https://www.city.matsue.lg.jp/kurashi_tetsuzuki/gomi_kankyo_pet/6/2/7883.html,家庭から出るごみ／もやせるごみ,,,,2026-08-19,INITIAL_REVIEW_REQUIRED,CATEGORY_LEVEL,UNREVIEWED,,,Positive evidence（category正式名称・代表品目）から機械抽出。品目別公式根拠と条件枝の確認前はAPP_READYにしない。
MAP-M048-I021-C-M048-03,M048,I021,1,category正式名称・代表品目から機械抽出,C-M048-03,古紙・古着,要品目別確認,古紙は種類別にまとめる,NOT_STATED_IN_CITED_SOURCE,FALSE,CURRENT,,,S-M048-01,https://www.city.matsue.lg.jp/kurashi_tetsuzuki/gomi_kankyo_pet/6/2/7883.html,家庭から出るごみ／資源／古紙・古着,,,,2026-08-19,INITIAL_REVIEW_REQUIRED,CATEGORY_LEVEL,UNREVIEWED,,,Positive evidence（category正式名称・代表品目）から機械抽出。品目別公式根拠と条件枝の確認前はAPP_READYにしない。
MAP-M049-I001-C-M049-04,M049,I001,1,category正式名称・代表品目から機械抽出,C-M049-04,ペットボトル・プラスチック製容器包装,要品目別確認,軽く水洗い。PETはキャップとラベルを外して同袋へ,NOT_STATED_IN_CITED_SOURCE,FALSE,CURRENT,,,S-M049-01,https://www.city.hamada.shimane.jp/www/contents/1001000003096/index.html,一般家庭／ペットボトル・プラスチック製容器包装,,,,2026-08-19,INITIAL_REVIEW_REQUIRED,CATEGORY_LEVEL,UNREVIEWED,,,Positive evidence（category正式名称・代表品目）から機械抽出。品目別公式根拠と条件枝の確認前はAPP_READYにしない。
MAP-M049-I004-C-M049-06,M049,I004,1,category正式名称・代表品目から機械抽出,C-M049-06,空缶,要品目別確認,軽く水洗い,NOT_STATED_IN_CITED_SOURCE,FALSE,CURRENT,,,S-M049-01,https://www.city.hamada.shimane.jp/www/contents/1001000003096/index.html,一般家庭／空缶,,,,2026-08-19,INITIAL_REVIEW_REQUIRED,CATEGORY_LEVEL,UNREVIEWED,,,Positive evidence（category正式名称・代表品目）から機械抽出。品目別公式根拠と条件枝の確認前はAPP_READYにしない。
MAP-M049-I005-C-M049-06,M049,I005,1,category正式名称・代表品目から機械抽出,C-M049-06,空缶,要品目別確認,軽く水洗い,NOT_STATED_IN_CITED_SOURCE,FALSE,CURRENT,,,S-M049-01,https://www.city.hamada.shimane.jp/www/contents/1001000003096/index.html,一般家庭／空缶,,,,2026-08-19,INITIAL_REVIEW_REQUIRED,CATEGORY_LEVEL,UNREVIEWED,,,Positive evidence（category正式名称・代表品目）から機械抽出。品目別公式根拠と条件枝の確認前はAPP_READYにしない。
MAP-M049-I006-C-M049-05,M049,I006,1,category正式名称・代表品目から機械抽出,C-M049-05,びん,要品目別確認,軽く水洗いしキャップを外す,NOT_STATED_IN_CITED_SOURCE,FALSE,CURRENT,,,S-M049-01,https://www.city.hamada.shimane.jp/www/contents/1001000003096/index.html,一般家庭／びん,,,,2026-08-19,INITIAL_REVIEW_REQUIRED,CATEGORY_LEVEL,UNREVIEWED,,,Positive evidence（category正式名称・代表品目）から機械抽出。品目別公式根拠と条件枝の確認前はAPP_READYにしない。
MAP-M049-I018-C-M049-01,M049,I018,1,category正式名称・代表品目から機械抽出,C-M049-01,燃やせるごみ,要品目別確認,生ごみは水切り。枝木は指定寸法にする,NOT_STATED_IN_CITED_SOURCE,FALSE,CURRENT,,,S-M049-01,https://www.city.hamada.shimane.jp/www/contents/1001000003096/index.html,一般家庭／燃やせるごみ,,,,2026-08-19,INITIAL_REVIEW_REQUIRED,CATEGORY_LEVEL,UNREVIEWED,,,Positive evidence（category正式名称・代表品目）から機械抽出。品目別公式根拠と条件枝の確認前はAPP_READYにしない。
MAP-M049-I023-C-M049-02,M049,I023,1,category正式名称・代表品目から機械抽出,C-M049-02,燃やせないごみ,要品目別確認,割れ物・刃物は危険防止,NOT_STATED_IN_CITED_SOURCE,FALSE,CURRENT,,,S-M049-01,https://www.city.hamada.shimane.jp/www/contents/1001000003096/index.html,一般家庭／燃やせないごみ,,,,2026-08-19,INITIAL_REVIEW_REQUIRED,CATEGORY_LEVEL,UNREVIEWED,,,Positive evidence（category正式名称・代表品目）から機械抽出。品目別公式根拠と条件枝の確認前はAPP_READYにしない。
MAP-M049-I027-C-M049-03,M049,I027,1,category正式名称・代表品目から機械抽出,C-M049-03,危険物・有害物,要品目別確認,ライター・スプレー缶等は使い切る。穴あけは必須でない,NOT_STATED_IN_CITED_SOURCE,FALSE,CURRENT,,,S-M049-01,https://www.city.hamada.shimane.jp/www/contents/1001000003096/index.html,一般家庭／危険物・有害物,,,,2026-08-19,INITIAL_REVIEW_REQUIRED,CATEGORY_LEVEL,UNREVIEWED,,,Positive evidence（category正式名称・代表品目）から機械抽出。品目別公式根拠と条件枝の確認前はAPP_READYにしない。
MAP-M049-I032-C-M049-03,M049,I032,1,category正式名称・代表品目から機械抽出,C-M049-03,危険物・有害物,要品目別確認,ライター・スプレー缶等は使い切る。穴あけは必須でない,NOT_STATED_IN_CITED_SOURCE,FALSE,CURRENT,,,S-M049-01,https://www.city.hamada.shimane.jp/www/contents/1001000003096/index.html,一般家庭／危険物・有害物,,,,2026-08-19,INITIAL_REVIEW_REQUIRED,CATEGORY_LEVEL,UNREVIEWED,,,Positive evidence（category正式名称・代表品目）から機械抽出。品目別公式根拠と条件枝の確認前はAPP_READYにしない。
MAP-M049-I033-C-M049-03,M049,I033,1,category正式名称・代表品目から機械抽出,C-M049-03,危険物・有害物,要品目別確認,ライター・スプレー缶等は使い切る。穴あけは必須でない,NOT_STATED_IN_CITED_SOURCE,FALSE,CURRENT,,,S-M049-01,https://www.city.hamada.shimane.jp/www/contents/1001000003096/index.html,一般家庭／危険物・有害物,,,,2026-08-19,INITIAL_REVIEW_REQUIRED,CATEGORY_LEVEL,UNREVIEWED,,,Positive evidence（category正式名称・代表品目）から機械抽出。品目別公式根拠と条件枝の確認前はAPP_READYにしない。
MAP-M050-I001-C-M050-07,M050,I001,1,category正式名称・代表品目から機械抽出,C-M050-07,ペットボトル,要品目別確認,市の指定方法で出す,NOT_STATED_IN_CITED_SOURCE,FALSE,CURRENT,,,S-M050-01,https://www.city.izumo.shimane.jp/www/contents/1751940594041/index.html,ごみの分類・処理の流れ／ペットボトル,,,,2026-08-19,INITIAL_REVIEW_REQUIRED,CATEGORY_LEVEL,UNREVIEWED,,,Positive evidence（category正式名称・代表品目）から機械抽出。品目別公式根拠と条件枝の確認前はAPP_READYにしない。
MAP-M050-I006-C-M050-06,M050,I006,1,category正式名称・代表品目から機械抽出,C-M050-06,空きびん,要品目別確認,中身を空にしてすすぐ,NOT_STATED_IN_CITED_SOURCE,FALSE,CURRENT,,,S-M050-01,https://www.city.izumo.shimane.jp/www/contents/1751940594041/index.html,ごみの分類・処理の流れ／空きびん,,,,2026-08-19,INITIAL_REVIEW_REQUIRED,CATEGORY_LEVEL,UNREVIEWED,,,Positive evidence（category正式名称・代表品目）から機械抽出。品目別公式根拠と条件枝の確認前はAPP_READYにしない。
MAP-M050-I021-C-M050-11,M050,I021,1,category正式名称・代表品目から機械抽出,C-M050-11,古着,要品目別確認,洗って乾かす,NOT_STATED_IN_CITED_SOURCE,FALSE,CURRENT,,,S-M050-01,https://www.city.izumo.shimane.jp/www/contents/1751940594041/index.html,ごみの分類・処理の流れ／古着,,,,2026-08-19,INITIAL_REVIEW_REQUIRED,CATEGORY_LEVEL,UNREVIEWED,,,Positive evidence（category正式名称・代表品目）から機械抽出。品目別公式根拠と条件枝の確認前はAPP_READYにしない。
MAP-M050-I027-C-M050-08,M050,I027,1,category正式名称・代表品目から機械抽出,C-M050-08,使用済筒型乾電池,要品目別確認,端子を絶縁,NOT_STATED_IN_CITED_SOURCE,FALSE,CURRENT,,,S-M050-01,https://www.city.izumo.shimane.jp/www/contents/1751940594041/index.html,ごみの分類・処理の流れ／使用済筒型乾電池,,,,2026-08-19,INITIAL_REVIEW_REQUIRED,CATEGORY_LEVEL,UNREVIEWED,,,Positive evidence（category正式名称・代表品目）から機械抽出。品目別公式根拠と条件枝の確認前はAPP_READYにしない。
MAP-M050-I030-C-M050-09,M050,I030,1,category正式名称・代表品目から機械抽出,C-M050-09,使用済蛍光管,要品目別確認,破損しないよう保護,NOT_STATED_IN_CITED_SOURCE,FALSE,CURRENT,,,S-M050-01,https://www.city.izumo.shimane.jp/www/contents/1751940594041/index.html,ごみの分類・処理の流れ／使用済蛍光管,,,,2026-08-19,INITIAL_REVIEW_REQUIRED,CATEGORY_LEVEL,UNREVIEWED,,,Positive evidence（category正式名称・代表品目）から機械抽出。品目別公式根拠と条件枝の確認前はAPP_READYにしない。
MAP-M050-I039-C-M050-13,M050,I039,1,category正式名称・代表品目から機械抽出,C-M050-13,廃食用油,要品目別確認,NOT_STATED_IN_CITED_SOURCE,NOT_STATED_IN_CITED_SOURCE,FALSE,CURRENT,,,S-M050-01,https://www.city.izumo.shimane.jp/www/contents/1751940594041/index.html,ごみの分類・処理の流れ／廃食用油,,,,2026-08-19,INITIAL_REVIEW_REQUIRED,CATEGORY_LEVEL,UNREVIEWED,,,Positive evidence（category正式名称・代表品目）から機械抽出。品目別公式根拠と条件枝の確認前はAPP_READYにしない。
MAP-M051-I001-C-M051-08,M051,I001,1,category正式名称・代表品目から機械抽出,C-M051-08,ペットボトル,要品目別確認,市の指定方法で出す,NOT_STATED_IN_CITED_SOURCE,FALSE,CURRENT,,,S-M051-01,https://www.city.masuda.lg.jp/soshikikarasagasu/fukushikankyobu/kankyoeiseika/2/11/2554.html,資源類／ペットボトル,,,,2026-08-19,INITIAL_REVIEW_REQUIRED,CATEGORY_LEVEL,UNREVIEWED,,,Positive evidence（category正式名称・代表品目）から機械抽出。品目別公式根拠と条件枝の確認前はAPP_READYにしない。
MAP-M051-I006-C-M051-06,M051,I006,1,category正式名称・代表品目から機械抽出,C-M051-06,びん類,要品目別確認,無色・茶色・その他色に分ける,NOT_STATED_IN_CITED_SOURCE,FALSE,CURRENT,,,S-M051-01,https://www.city.masuda.lg.jp/soshikikarasagasu/fukushikankyobu/kankyoeiseika/2/11/2554.html,資源類／びん類,,,,2026-08-19,INITIAL_REVIEW_REQUIRED,CATEGORY_LEVEL,UNREVIEWED,,,Positive evidence（category正式名称・代表品目）から機械抽出。品目別公式根拠と条件枝の確認前はAPP_READYにしない。
MAP-M051-I012-C-M051-11,M051,I012,1,category正式名称・代表品目から機械抽出,C-M051-11,発泡スチロール類,要品目別確認,汚れの程度で分ける。ひどい汚れは埋立,NOT_STATED_IN_CITED_SOURCE,FALSE,CURRENT,,,S-M051-01,https://www.city.masuda.lg.jp/soshikikarasagasu/fukushikankyobu/kankyoeiseika/2/11/2554.html,ごみの分別区分と出し方／発泡スチロール類,,,,2026-08-19,INITIAL_REVIEW_REQUIRED,CATEGORY_LEVEL,UNREVIEWED,,,Positive evidence（category正式名称・代表品目）から機械抽出。品目別公式根拠と条件枝の確認前はAPP_READYにしない。
MAP-M051-I017-C-M051-09,M051,I017,1,category正式名称・代表品目から機械抽出,C-M051-09,紙パック,要品目別確認,ひもで束ねる。注ぎ口キャップは容器包装プラ,NOT_STATED_IN_CITED_SOURCE,FALSE,CURRENT,,,S-M051-01,https://www.city.masuda.lg.jp/soshikikarasagasu/fukushikankyobu/kankyoeiseika/2/11/2554.html,資源類／紙パック,,,,2026-08-19,INITIAL_REVIEW_REQUIRED,CATEGORY_LEVEL,UNREVIEWED,,,Positive evidence（category正式名称・代表品目）から機械抽出。品目別公式根拠と条件枝の確認前はAPP_READYにしない。
MAP-M051-I018-C-M051-01,M051,I018,1,category正式名称・代表品目から機械抽出,C-M051-01,燃やせるごみ,要品目別確認,生ごみは水切り。枝木は直径又は厚さ10cm以下、長さ1m以下,NOT_STATED_IN_CITED_SOURCE,FALSE,CURRENT,,,S-M051-01,https://www.city.masuda.lg.jp/soshikikarasagasu/fukushikankyobu/kankyoeiseika/2/11/2554.html,ごみの分別区分と出し方／燃やせるごみ,,,,2026-08-19,INITIAL_REVIEW_REQUIRED,CATEGORY_LEVEL,UNREVIEWED,,,Positive evidence（category正式名称・代表品目）から機械抽出。品目別公式根拠と条件枝の確認前はAPP_READYにしない。
MAP-M051-I023-C-M051-04,M051,I023,1,category正式名称・代表品目から機械抽出,C-M051-04,埋め立てるごみ,要品目別確認,蛍光灯・陶磁器・ガラスはできるだけ別袋で危険表示,NOT_STATED_IN_CITED_SOURCE,FALSE,CURRENT,,,S-M051-01,https://www.city.masuda.lg.jp/soshikikarasagasu/fukushikankyobu/kankyoeiseika/2/11/2554.html,ごみの分別区分と出し方／埋め立てるごみ,,,,2026-08-19,INITIAL_REVIEW_REQUIRED,CATEGORY_LEVEL,UNREVIEWED,,,Positive evidence（category正式名称・代表品目）から機械抽出。品目別公式根拠と条件枝の確認前はAPP_READYにしない。
MAP-M051-I026-C-M051-10,M051,I026,1,category正式名称・代表品目から機械抽出,C-M051-10,家電製品・金属類,要品目別確認,刃物は刃を包装し危険表示,NOT_STATED_IN_CITED_SOURCE,FALSE,CURRENT,,,S-M051-01,https://www.city.masuda.lg.jp/soshikikarasagasu/fukushikankyobu/kankyoeiseika/2/11/2554.html,ごみの分別区分と出し方／家電製品・金属類,,,,2026-08-19,INITIAL_REVIEW_REQUIRED,CATEGORY_LEVEL,UNREVIEWED,,,Positive evidence（category正式名称・代表品目）から機械抽出。品目別公式根拠と条件枝の確認前はAPP_READYにしない。
MAP-M051-I030-C-M051-04,M051,I030,1,category正式名称・代表品目から機械抽出,C-M051-04,埋め立てるごみ,要品目別確認,蛍光灯・陶磁器・ガラスはできるだけ別袋で危険表示,NOT_STATED_IN_CITED_SOURCE,FALSE,CURRENT,,,S-M051-01,https://www.city.masuda.lg.jp/soshikikarasagasu/fukushikankyobu/kankyoeiseika/2/11/2554.html,ごみの分別区分と出し方／埋め立てるごみ,,,,2026-08-19,INITIAL_REVIEW_REQUIRED,CATEGORY_LEVEL,UNREVIEWED,,,Positive evidence（category正式名称・代表品目）から機械抽出。品目別公式根拠と条件枝の確認前はAPP_READYにしない。
MAP-M051-I036-C-M051-02,M051,I036,1,category正式名称・代表品目から機械抽出,C-M051-02,ステーション収集困難物,要品目別確認,電話予約し処理券を貼る,NOT_STATED_IN_CITED_SOURCE,FALSE,CURRENT,,,S-M051-01,https://www.city.masuda.lg.jp/soshikikarasagasu/fukushikankyobu/kankyoeiseika/2/11/2554.html,燃やせるごみ／ステーション収集困難物,,,,2026-08-19,INITIAL_REVIEW_REQUIRED,CATEGORY_LEVEL,UNREVIEWED,,,Positive evidence（category正式名称・代表品目）から機械抽出。品目別公式根拠と条件枝の確認前はAPP_READYにしない。
MAP-M051-I039-C-M051-12,M051,I039,1,category正式名称・代表品目から機械抽出,C-M051-12,廃食用油,要品目別確認,植物性油のみ。異物を混ぜない,NOT_STATED_IN_CITED_SOURCE,FALSE,CURRENT,,,S-M051-01,https://www.city.masuda.lg.jp/soshikikarasagasu/fukushikankyobu/kankyoeiseika/2/11/2554.html,ごみの分別区分と出し方／廃食用油,,,,2026-08-19,INITIAL_REVIEW_REQUIRED,CATEGORY_LEVEL,UNREVIEWED,,,Positive evidence（category正式名称・代表品目）から機械抽出。品目別公式根拠と条件枝の確認前はAPP_READYにしない。
MAP-M051-I040-C-M051-01,M051,I040,1,category正式名称・代表品目から機械抽出,C-M051-01,燃やせるごみ,要品目別確認,生ごみは水切り。枝木は直径又は厚さ10cm以下、長さ1m以下,NOT_STATED_IN_CITED_SOURCE,FALSE,CURRENT,,,S-M051-01,https://www.city.masuda.lg.jp/soshikikarasagasu/fukushikankyobu/kankyoeiseika/2/11/2554.html,ごみの分別区分と出し方／燃やせるごみ,,,,2026-08-19,INITIAL_REVIEW_REQUIRED,CATEGORY_LEVEL,UNREVIEWED,,,Positive evidence（category正式名称・代表品目）から機械抽出。品目別公式根拠と条件枝の確認前はAPP_READYにしない。
MAP-M052-I004-C-M052-01,M052,I004,1,category正式名称・代表品目から機械抽出,C-M052-01,資源物Aグループ,要品目別確認,中身を空にしてすすぐ,NOT_STATED_IN_CITED_SOURCE,FALSE,CURRENT,,,S-M052-01,https://www.city.oda.lg.jp/ohda_city/city_organization/33/38/gomi-risaikuru/2028/9495,ごみの分類と出し方／資源物Aグループ,,,,2026-08-19,INITIAL_REVIEW_REQUIRED,CATEGORY_LEVEL,UNREVIEWED,,,Positive evidence（category正式名称・代表品目）から機械抽出。品目別公式根拠と条件枝の確認前はAPP_READYにしない。
MAP-M052-I005-C-M052-01,M052,I005,1,category正式名称・代表品目から機械抽出,C-M052-01,資源物Aグループ,要品目別確認,中身を空にしてすすぐ,NOT_STATED_IN_CITED_SOURCE,FALSE,CURRENT,,,S-M052-01,https://www.city.oda.lg.jp/ohda_city/city_organization/33/38/gomi-risaikuru/2028/9495,ごみの分類と出し方／資源物Aグループ,,,,2026-08-19,INITIAL_REVIEW_REQUIRED,CATEGORY_LEVEL,UNREVIEWED,,,Positive evidence（category正式名称・代表品目）から機械抽出。品目別公式根拠と条件枝の確認前はAPP_READYにしない。
MAP-M052-I018-C-M052-05,M052,I018,1,category正式名称・代表品目から機械抽出,C-M052-05,燃やせるごみ,要品目別確認,生ごみは水切り,NOT_STATED_IN_CITED_SOURCE,FALSE,CURRENT,,,S-M052-01,https://www.city.oda.lg.jp/ohda_city/city_organization/33/38/gomi-risaikuru/2028/9495,ごみの分類と出し方／燃やせるごみ,,,,2026-08-19,INITIAL_REVIEW_REQUIRED,CATEGORY_LEVEL,UNREVIEWED,,,Positive evidence（category正式名称・代表品目）から機械抽出。品目別公式根拠と条件枝の確認前はAPP_READYにしない。
MAP-M052-I027-C-M052-02,M052,I027,1,category正式名称・代表品目から機械抽出,C-M052-02,資源物Bグループ,要品目別確認,電池類は端子を絶縁,NOT_STATED_IN_CITED_SOURCE,FALSE,CURRENT,,,S-M052-01,https://www.city.oda.lg.jp/ohda_city/city_organization/33/38/gomi-risaikuru/2028/9495,ごみの分類と出し方／資源物Bグループ,,,,2026-08-19,INITIAL_REVIEW_REQUIRED,CATEGORY_LEVEL,UNREVIEWED,,,Positive evidence（category正式名称・代表品目）から機械抽出。品目別公式根拠と条件枝の確認前はAPP_READYにしない。
MAP-M052-I037-C-M052-08,M052,I037,1,category正式名称・代表品目から機械抽出,C-M052-08,市で収集・処理できないごみ,要品目別確認,受入先の指示に従う,販売店・メーカー・専門業者等の公式案内に従う,TRUE,CURRENT,,,S-M052-03,https://www.city.oda.lg.jp/ohda_city/city_organization/33/38/gomi-risaikuru/2028/zikohan/,ごみの自己搬入について／市では収集も処理もできないごみ,,,,2026-08-19,INITIAL_REVIEW_REQUIRED,CATEGORY_LEVEL,UNREVIEWED,,,Positive evidence（category正式名称・代表品目）から機械抽出。品目別公式根拠と条件枝の確認前はAPP_READYにしない。
MAP-M053-I001-C-M053-03,M053,I001,1,category正式名称・代表品目から機械抽出,C-M053-03,ペットボトル,要品目別確認,キャップ・ラベルを外す,NOT_STATED_IN_CITED_SOURCE,FALSE,CURRENT,,,S-M053-01,https://www.city.yasugi.shimane.jp/kurashi/gomi/gomi-recycle/tebiki.html,ごみ分別の手引き／ペットボトル,,,,2026-08-19,INITIAL_REVIEW_REQUIRED,CATEGORY_LEVEL,UNREVIEWED,,,Positive evidence（category正式名称・代表品目）から機械抽出。品目別公式根拠と条件枝の確認前はAPP_READYにしない。
MAP-M053-I004-C-M053-06,M053,I004,1,category正式名称・代表品目から機械抽出,C-M053-06,缶類（飲料用）,要品目別確認,つぶさず洗って出す,NOT_STATED_IN_CITED_SOURCE,FALSE,CURRENT,,,S-M053-01,https://www.city.yasugi.shimane.jp/kurashi/gomi/gomi-recycle/tebiki.html,ごみ分別の手引き／缶類（飲料用）,,,,2026-08-19,INITIAL_REVIEW_REQUIRED,CATEGORY_LEVEL,UNREVIEWED,,,Positive evidence（category正式名称・代表品目）から機械抽出。品目別公式根拠と条件枝の確認前はAPP_READYにしない。
MAP-M053-I005-C-M053-06,M053,I005,1,category正式名称・代表品目から機械抽出,C-M053-06,缶類（飲料用）,要品目別確認,つぶさず洗って出す,NOT_STATED_IN_CITED_SOURCE,FALSE,CURRENT,,,S-M053-01,https://www.city.yasugi.shimane.jp/kurashi/gomi/gomi-recycle/tebiki.html,ごみ分別の手引き／缶類（飲料用）,,,,2026-08-19,INITIAL_REVIEW_REQUIRED,CATEGORY_LEVEL,UNREVIEWED,,,Positive evidence（category正式名称・代表品目）から機械抽出。品目別公式根拠と条件枝の確認前はAPP_READYにしない。
MAP-M053-I006-C-M053-04,M053,I006,1,category正式名称・代表品目から機械抽出,C-M053-04,ビン類（飲食用）,要品目別確認,中をすすぐ,NOT_STATED_IN_CITED_SOURCE,FALSE,CURRENT,,,S-M053-01,https://www.city.yasugi.shimane.jp/kurashi/gomi/gomi-recycle/tebiki.html,ごみ分別の手引き／ビン類（飲食用）,,,,2026-08-19,INITIAL_REVIEW_REQUIRED,CATEGORY_LEVEL,UNREVIEWED,,,Positive evidence（category正式名称・代表品目）から機械抽出。品目別公式根拠と条件枝の確認前はAPP_READYにしない。
MAP-M053-I013-C-M053-11,M053,I013,1,category正式名称・代表品目から機械抽出,C-M053-11,新聞・新聞チラシ,要品目別確認,まとめて出す,NOT_STATED_IN_CITED_SOURCE,FALSE,CURRENT,,,S-M053-01,https://www.city.yasugi.shimane.jp/kurashi/gomi/gomi-recycle/tebiki.html,ごみ分別の手引き／新聞・新聞チラシ,,,,2026-08-19,INITIAL_REVIEW_REQUIRED,CATEGORY_LEVEL,UNREVIEWED,,,Positive evidence（category正式名称・代表品目）から機械抽出。品目別公式根拠と条件枝の確認前はAPP_READYにしない。
MAP-M053-I014-C-M053-09,M053,I014,1,category正式名称・代表品目から機械抽出,C-M053-09,ダンボール,要品目別確認,紙ひも等でまとめる,NOT_STATED_IN_CITED_SOURCE,FALSE,CURRENT,,,S-M053-01,https://www.city.yasugi.shimane.jp/kurashi/gomi/gomi-recycle/tebiki.html,ごみ分別の手引き／ダンボール,,,,2026-08-19,INITIAL_REVIEW_REQUIRED,CATEGORY_LEVEL,UNREVIEWED,,,Positive evidence（category正式名称・代表品目）から機械抽出。品目別公式根拠と条件枝の確認前はAPP_READYにしない。
MAP-M053-I015-C-M053-08,M053,I015,1,category正式名称・代表品目から機械抽出,C-M053-08,本（書籍）・雑誌・冊子,要品目別確認,種類別にまとめる,NOT_STATED_IN_CITED_SOURCE,FALSE,CURRENT,,,S-M053-01,https://www.city.yasugi.shimane.jp/kurashi/gomi/gomi-recycle/tebiki.html,ごみ分別の手引き／本（書籍）・雑誌・冊子,,,,2026-08-19,INITIAL_REVIEW_REQUIRED,CATEGORY_LEVEL,UNREVIEWED,,,Positive evidence（category正式名称・代表品目）から機械抽出。品目別公式根拠と条件枝の確認前はAPP_READYにしない。
MAP-M053-I016-C-M053-07,M053,I016,1,category正式名称・代表品目から機械抽出,C-M053-07,雑紙（その他の紙類）,要品目別確認,紙以外を取り除く,NOT_STATED_IN_CITED_SOURCE,FALSE,CURRENT,,,S-M053-01,https://www.city.yasugi.shimane.jp/kurashi/gomi/gomi-recycle/tebiki.html,ごみ分別の手引き／雑紙（その他の紙類）,,,,2026-08-19,INITIAL_REVIEW_REQUIRED,CATEGORY_LEVEL,UNREVIEWED,,,Positive evidence（category正式名称・代表品目）から機械抽出。品目別公式根拠と条件枝の確認前はAPP_READYにしない。
MAP-M053-I018-C-M053-01,M053,I018,1,category正式名称・代表品目から機械抽出,C-M053-01,燃やすごみ,要品目別確認,生ごみは水切り,NOT_STATED_IN_CITED_SOURCE,FALSE,CURRENT,,,S-M053-01,https://www.city.yasugi.shimane.jp/kurashi/gomi/gomi-recycle/tebiki.html,ごみ分別の手引き／燃やすごみ,,,,2026-08-19,INITIAL_REVIEW_REQUIRED,CATEGORY_LEVEL,UNREVIEWED,,,Positive evidence（category正式名称・代表品目）から機械抽出。品目別公式根拠と条件枝の確認前はAPP_READYにしない。
MAP-M053-I021-C-M053-12,M053,I021,1,category正式名称・代表品目から機械抽出,C-M053-12,衣類,要品目別確認,洗って乾かす,NOT_STATED_IN_CITED_SOURCE,FALSE,CURRENT,,,S-M053-01,https://www.city.yasugi.shimane.jp/kurashi/gomi/gomi-recycle/tebiki.html,ごみ分別の手引き／衣類,,,,2026-08-19,INITIAL_REVIEW_REQUIRED,CATEGORY_LEVEL,UNREVIEWED,,,Positive evidence（category正式名称・代表品目）から機械抽出。品目別公式根拠と条件枝の確認前はAPP_READYにしない。
MAP-M053-I023-C-M053-15,M053,I023,1,category正式名称・代表品目から機械抽出,C-M053-15,埋立ごみ,要品目別確認,危険物は保護,NOT_STATED_IN_CITED_SOURCE,FALSE,CURRENT,,,S-M053-01,https://www.city.yasugi.shimane.jp/kurashi/gomi/gomi-recycle/tebiki.html,ごみ分別の手引き／埋立ごみ,,,,2026-08-19,INITIAL_REVIEW_REQUIRED,CATEGORY_LEVEL,UNREVIEWED,,,Positive evidence（category正式名称・代表品目）から機械抽出。品目別公式根拠と条件枝の確認前はAPP_READYにしない。
MAP-M053-I030-C-M053-13,M053,I030,1,category正式名称・代表品目から機械抽出,C-M053-13,蛍光管・水銀体温計,要品目別確認,破損しないよう保護,NOT_STATED_IN_CITED_SOURCE,FALSE,CURRENT,,,S-M053-01,https://www.city.yasugi.shimane.jp/kurashi/gomi/gomi-recycle/tebiki.html,ごみ分別の手引き／蛍光管・水銀体温計,,,,2026-08-19,INITIAL_REVIEW_REQUIRED,CATEGORY_LEVEL,UNREVIEWED,,,Positive evidence（category正式名称・代表品目）から機械抽出。品目別公式根拠と条件枝の確認前はAPP_READYにしない。
MAP-M053-I038-C-M053-17,M053,I038,1,category正式名称・代表品目から機械抽出,C-M053-17,市では収集・処理しないもの,要品目別確認,受入先の指示に従う,販売店・メーカー・専門業者等の公式案内に従う,TRUE,CURRENT,,,S-M053-01,https://www.city.yasugi.shimane.jp/kurashi/gomi/gomi-recycle/tebiki.html,ごみ分別の手引き／市では収集・処理しないもの,,,,2026-08-19,INITIAL_REVIEW_REQUIRED,CATEGORY_LEVEL,UNREVIEWED,,,Positive evidence（category正式名称・代表品目）から機械抽出。品目別公式根拠と条件枝の確認前はAPP_READYにしない。
MAP-M054-I001-C-M054-09,M054,I001,1,category正式名称・代表品目から機械抽出,C-M054-09,ペットボトル,要品目別確認,ふたとラベルを外し、つぶさない,NOT_STATED_IN_CITED_SOURCE,FALSE,CURRENT,,,S-M054-02,https://www.city.gotsu.lg.jp/soshiki/12/8529.html,家庭ごみの分け方／ペットボトル,,,,2026-08-19,INITIAL_REVIEW_REQUIRED,CATEGORY_LEVEL,UNREVIEWED,,,Positive evidence（category正式名称・代表品目）から機械抽出。品目別公式根拠と条件枝の確認前はAPP_READYにしない。
MAP-M054-I004-C-M054-07,M054,I004,1,category正式名称・代表品目から機械抽出,C-M054-07,缶類,要品目別確認,中身を空にして洗い、つぶさない,NOT_STATED_IN_CITED_SOURCE,FALSE,CURRENT,,,S-M054-02,https://www.city.gotsu.lg.jp/soshiki/12/8529.html,家庭ごみの分け方／缶類,,,,2026-08-19,INITIAL_REVIEW_REQUIRED,CATEGORY_LEVEL,UNREVIEWED,,,Positive evidence（category正式名称・代表品目）から機械抽出。品目別公式根拠と条件枝の確認前はAPP_READYにしない。
MAP-M054-I005-C-M054-07,M054,I005,1,category正式名称・代表品目から機械抽出,C-M054-07,缶類,要品目別確認,中身を空にして洗い、つぶさない,NOT_STATED_IN_CITED_SOURCE,FALSE,CURRENT,,,S-M054-02,https://www.city.gotsu.lg.jp/soshiki/12/8529.html,家庭ごみの分け方／缶類,,,,2026-08-19,INITIAL_REVIEW_REQUIRED,CATEGORY_LEVEL,UNREVIEWED,,,Positive evidence（category正式名称・代表品目）から機械抽出。品目別公式根拠と条件枝の確認前はAPP_READYにしない。
MAP-M054-I006-C-M054-06,M054,I006,1,category正式名称・代表品目から機械抽出,C-M054-06,ビン類,要品目別確認,中身を空にして洗い、ふたを外す,NOT_STATED_IN_CITED_SOURCE,FALSE,CURRENT,,,S-M054-02,https://www.city.gotsu.lg.jp/soshiki/12/8529.html,家庭ごみの分け方／ビン類,,,,2026-08-19,INITIAL_REVIEW_REQUIRED,CATEGORY_LEVEL,UNREVIEWED,,,Positive evidence（category正式名称・代表品目）から機械抽出。品目別公式根拠と条件枝の確認前はAPP_READYにしない。
MAP-M054-I007-C-M054-11,M054,I007,1,category正式名称・代表品目から機械抽出,C-M054-11,白色トレイ,要品目別確認,汚れを落とす,NOT_STATED_IN_CITED_SOURCE,FALSE,CURRENT,,,S-M054-02,https://www.city.gotsu.lg.jp/soshiki/12/8529.html,家庭ごみの分け方／白色トレイ,,,,2026-08-19,INITIAL_REVIEW_REQUIRED,CATEGORY_LEVEL,UNREVIEWED,,,Positive evidence（category正式名称・代表品目）から機械抽出。品目別公式根拠と条件枝の確認前はAPP_READYにしない。
MAP-M054-I012-C-M054-10,M054,I012,1,category正式名称・代表品目から機械抽出,C-M054-10,発泡スチロール,要品目別確認,テープ・シールを外し汚れを落とす,NOT_STATED_IN_CITED_SOURCE,FALSE,CURRENT,,,S-M054-02,https://www.city.gotsu.lg.jp/soshiki/12/8529.html,家庭ごみの分け方／発泡スチロール,,,,2026-08-19,INITIAL_REVIEW_REQUIRED,CATEGORY_LEVEL,UNREVIEWED,,,Positive evidence（category正式名称・代表品目）から機械抽出。品目別公式根拠と条件枝の確認前はAPP_READYにしない。
MAP-M054-I018-C-M054-04,M054,I018,1,category正式名称・代表品目から機械抽出,C-M054-04,燃やせるごみ,要品目別確認,生ごみは水切り,NOT_STATED_IN_CITED_SOURCE,FALSE,CURRENT,,,S-M054-01,https://www.city.gotsu.lg.jp/soshiki/12/39048.html,令和8年度収集日／燃やせるごみ,,,,2026-08-19,INITIAL_REVIEW_REQUIRED,CATEGORY_LEVEL,UNREVIEWED,,,Positive evidence（category正式名称・代表品目）から機械抽出。品目別公式根拠と条件枝の確認前はAPP_READYにしない。
MAP-M054-I030-C-M054-02,M054,I030,1,category正式名称・代表品目から機械抽出,C-M054-02,有害ごみ（粗大ごみを含む）,要品目別確認,品目別の市指定方法に従う,NOT_STATED_IN_CITED_SOURCE,FALSE,CURRENT,,,S-M054-01,https://www.city.gotsu.lg.jp/soshiki/12/39048.html,令和8年度収集日／有害ごみ（粗大ごみを含む）,,,,2026-08-19,INITIAL_REVIEW_REQUIRED,CATEGORY_LEVEL,UNREVIEWED,,,Positive evidence（category正式名称・代表品目）から機械抽出。品目別公式根拠と条件枝の確認前はAPP_READYにしない。
MAP-M054-I031-C-M054-02,M054,I031,1,category正式名称・代表品目から機械抽出,C-M054-02,有害ごみ（粗大ごみを含む）,要品目別確認,品目別の市指定方法に従う,NOT_STATED_IN_CITED_SOURCE,FALSE,CURRENT,,,S-M054-01,https://www.city.gotsu.lg.jp/soshiki/12/39048.html,令和8年度収集日／有害ごみ（粗大ごみを含む）,,,,2026-08-19,INITIAL_REVIEW_REQUIRED,CATEGORY_LEVEL,UNREVIEWED,,,Positive evidence（category正式名称・代表品目）から機械抽出。品目別公式根拠と条件枝の確認前はAPP_READYにしない。
MAP-M055-I027-C-M055-09,M055,I027,1,category正式名称・代表品目から機械抽出,C-M055-09,有害ごみ2,要品目別確認,電池類は端子を絶縁,NOT_STATED_IN_CITED_SOURCE,FALSE,CURRENT,,,S-M055-03,https://www.unnan-yume.net/files/format/kankyo_ebook_iishi.pdf,公式分別手引き／有害ごみ2,,,,2026-08-19,INITIAL_REVIEW_REQUIRED,CATEGORY_LEVEL,UNREVIEWED,,,Positive evidence（category正式名称・代表品目）から機械抽出。品目別公式根拠と条件枝の確認前はAPP_READYにしない。
MAP-M055-I030-C-M055-08,M055,I030,1,category正式名称・代表品目から機械抽出,C-M055-08,有害ごみ1,要品目別確認,破損しないよう保護,NOT_STATED_IN_CITED_SOURCE,FALSE,CURRENT,,,S-M055-03,https://www.unnan-yume.net/files/format/kankyo_ebook_iishi.pdf,公式分別手引き／有害ごみ1,,,,2026-08-19,INITIAL_REVIEW_REQUIRED,CATEGORY_LEVEL,UNREVIEWED,,,Positive evidence（category正式名称・代表品目）から機械抽出。品目別公式根拠と条件枝の確認前はAPP_READYにしない。
MAP-M055-I034-C-M055-06,M055,I034,1,category正式名称・代表品目から機械抽出,C-M055-06,金属類（小型家電類含む）,要品目別確認,取り外せる電池を外す,NOT_STATED_IN_CITED_SOURCE,FALSE,CURRENT,,,S-M055-02,https://www.unnan-yume.net/files/format/kankyo_ebook_enesen.pdf,公式分別手引き／金属類（小型家電類含む）,,,,2026-08-19,INITIAL_REVIEW_REQUIRED,CATEGORY_LEVEL,UNREVIEWED,,,Positive evidence（category正式名称・代表品目）から機械抽出。品目別公式根拠と条件枝の確認前はAPP_READYにしない。
MAP-M055-I037-C-M055-11,M055,I037,1,category正式名称・代表品目から機械抽出,C-M055-11,特定家電,要品目別確認,NOT_STATED_IN_CITED_SOURCE,NOT_STATED_IN_CITED_SOURCE,FALSE,CURRENT,,,S-M055-02,https://www.unnan-yume.net/files/format/kankyo_ebook_enesen.pdf,公式分別手引き／特定家電,,,,2026-08-19,INITIAL_REVIEW_REQUIRED,CATEGORY_LEVEL,UNREVIEWED,,,Positive evidence（category正式名称・代表品目）から機械抽出。品目別公式根拠と条件枝の確認前はAPP_READYにしない。
MAP-M056-I001-C-M056-03,M056,I001,1,category正式名称・代表品目から機械抽出,C-M056-03,ペットボトル,要品目別確認,キャップとラベルを外し、すすぐ,NOT_STATED_IN_CITED_SOURCE,FALSE,CURRENT,,,S-M056-01,https://www.town.okuizumo.shimane.jp/www/contents/1773388412727/files/r8gomibunbetsu.pdf,令和8年4月版／ペットボトル,,,,2026-08-19,INITIAL_REVIEW_REQUIRED,CATEGORY_LEVEL,UNREVIEWED,,,Positive evidence（category正式名称・代表品目）から機械抽出。品目別公式根拠と条件枝の確認前はAPP_READYにしない。
MAP-M056-I006-C-M056-05,M056,I006,1,category正式名称・代表品目から機械抽出,C-M056-05,空きびん,要品目別確認,ふたを外し、すすぐ,NOT_STATED_IN_CITED_SOURCE,FALSE,CURRENT,,,S-M056-01,https://www.town.okuizumo.shimane.jp/www/contents/1773388412727/files/r8gomibunbetsu.pdf,令和8年4月版／空きびん,,,,2026-08-19,INITIAL_REVIEW_REQUIRED,CATEGORY_LEVEL,UNREVIEWED,,,Positive evidence（category正式名称・代表品目）から機械抽出。品目別公式根拠と条件枝の確認前はAPP_READYにしない。
MAP-M056-I018-C-M056-01,M056,I018,1,category正式名称・代表品目から機械抽出,C-M056-01,燃やせるごみ,要品目別確認,生ごみは水切り,NOT_STATED_IN_CITED_SOURCE,FALSE,CURRENT,,,S-M056-01,https://www.town.okuizumo.shimane.jp/www/contents/1773388412727/files/r8gomibunbetsu.pdf,令和8年4月版／燃やせるごみ,,,,2026-08-19,INITIAL_REVIEW_REQUIRED,CATEGORY_LEVEL,UNREVIEWED,,,Positive evidence（category正式名称・代表品目）から機械抽出。品目別公式根拠と条件枝の確認前はAPP_READYにしない。
MAP-M056-I027-C-M056-07,M056,I027,1,category正式名称・代表品目から機械抽出,C-M056-07,有害ごみ,要品目別確認,蛍光灯と乾電池類は別々にする,NOT_STATED_IN_CITED_SOURCE,FALSE,CURRENT,,,S-M056-01,https://www.town.okuizumo.shimane.jp/www/contents/1773388412727/files/r8gomibunbetsu.pdf,令和8年4月版／有害ごみ,,,,2026-08-19,INITIAL_REVIEW_REQUIRED,CATEGORY_LEVEL,UNREVIEWED,,,Positive evidence（category正式名称・代表品目）から機械抽出。品目別公式根拠と条件枝の確認前はAPP_READYにしない。
MAP-M056-I030-C-M056-07,M056,I030,1,category正式名称・代表品目から機械抽出,C-M056-07,有害ごみ,要品目別確認,蛍光灯と乾電池類は別々にする,NOT_STATED_IN_CITED_SOURCE,FALSE,CURRENT,,,S-M056-01,https://www.town.okuizumo.shimane.jp/www/contents/1773388412727/files/r8gomibunbetsu.pdf,令和8年4月版／有害ごみ,,,,2026-08-19,INITIAL_REVIEW_REQUIRED,CATEGORY_LEVEL,UNREVIEWED,,,Positive evidence（category正式名称・代表品目）から機械抽出。品目別公式根拠と条件枝の確認前はAPP_READYにしない。
MAP-M056-I032-C-M056-04,M056,I032,1,category正式名称・代表品目から機械抽出,C-M056-04,空き缶,要品目別確認,スプレー缶・カセットボンベは中身を使い切り、火気のない所で穴を開ける,NOT_STATED_IN_CITED_SOURCE,FALSE,CURRENT,,,S-M056-02,https://www.town.okuizumo.shimane.jp/kurashi/gomi-recycle/1001000000397.html,令和8年4月版／空き缶,,,,2026-08-19,INITIAL_REVIEW_REQUIRED,CATEGORY_LEVEL,UNREVIEWED,,,Positive evidence（category正式名称・代表品目）から機械抽出。品目別公式根拠と条件枝の確認前はAPP_READYにしない。
MAP-M056-I034-C-M056-06,M056,I034,1,category正式名称・代表品目から機械抽出,C-M056-06,不燃ごみ,要品目別確認,小型家電は取り外せる乾電池類を外す,NOT_STATED_IN_CITED_SOURCE,FALSE,CURRENT,,,S-M056-01,https://www.town.okuizumo.shimane.jp/www/contents/1773388412727/files/r8gomibunbetsu.pdf,令和8年4月版／不燃ごみ,,,,2026-08-19,INITIAL_REVIEW_REQUIRED,CATEGORY_LEVEL,UNREVIEWED,,,Positive evidence（category正式名称・代表品目）から機械抽出。品目別公式根拠と条件枝の確認前はAPP_READYにしない。
MAP-M056-I037-C-M056-11,M056,I037,1,category正式名称・代表品目から機械抽出,C-M056-11,町で処理できないごみ,要品目別確認,受入先の指示に従う,販売店・メーカー・専門業者等の公式案内に従う,TRUE,CURRENT,,,S-M056-01,https://www.town.okuizumo.shimane.jp/www/contents/1773388412727/files/r8gomibunbetsu.pdf,令和8年4月版／町で処理できないごみ,,,,2026-08-19,INITIAL_REVIEW_REQUIRED,CATEGORY_LEVEL,UNREVIEWED,,,Positive evidence（category正式名称・代表品目）から機械抽出。品目別公式根拠と条件枝の確認前はAPP_READYにしない。
MAP-M057-I027-C-M057-09,M057,I027,1,category正式名称・代表品目から機械抽出,C-M057-09,有害ごみ2,要品目別確認,電池類は端子を絶縁,NOT_STATED_IN_CITED_SOURCE,FALSE,CURRENT,,,S-M057-02,https://www.unnan-yume.net/files/format/kankyo_ebook_iishi.pdf,いいしCC分別手引き／有害ごみ2,,,,2026-08-19,INITIAL_REVIEW_REQUIRED,CATEGORY_LEVEL,UNREVIEWED,,,Positive evidence（category正式名称・代表品目）から機械抽出。品目別公式根拠と条件枝の確認前はAPP_READYにしない。
MAP-M057-I030-C-M057-08,M057,I030,1,category正式名称・代表品目から機械抽出,C-M057-08,有害ごみ1,要品目別確認,破損しないよう保護,NOT_STATED_IN_CITED_SOURCE,FALSE,CURRENT,,,S-M057-02,https://www.unnan-yume.net/files/format/kankyo_ebook_iishi.pdf,いいしCC分別手引き／有害ごみ1,,,,2026-08-19,INITIAL_REVIEW_REQUIRED,CATEGORY_LEVEL,UNREVIEWED,,,Positive evidence（category正式名称・代表品目）から機械抽出。品目別公式根拠と条件枝の確認前はAPP_READYにしない。
MAP-M057-I034-C-M057-06,M057,I034,1,category正式名称・代表品目から機械抽出,C-M057-06,金属類（小型家電類含む）,要品目別確認,取り外せる電池を外す,NOT_STATED_IN_CITED_SOURCE,FALSE,CURRENT,,,S-M057-02,https://www.unnan-yume.net/files/format/kankyo_ebook_iishi.pdf,いいしCC分別手引き／金属類（小型家電類含む）,,,,2026-08-19,INITIAL_REVIEW_REQUIRED,CATEGORY_LEVEL,UNREVIEWED,,,Positive evidence（category正式名称・代表品目）から機械抽出。品目別公式根拠と条件枝の確認前はAPP_READYにしない。
MAP-M057-I037-C-M057-11,M057,I037,1,category正式名称・代表品目から機械抽出,C-M057-11,特定家電,要品目別確認,NOT_STATED_IN_CITED_SOURCE,NOT_STATED_IN_CITED_SOURCE,FALSE,CURRENT,,,S-M057-02,https://www.unnan-yume.net/files/format/kankyo_ebook_iishi.pdf,いいしCC分別手引き／特定家電,,,,2026-08-19,INITIAL_REVIEW_REQUIRED,CATEGORY_LEVEL,UNREVIEWED,,,Positive evidence（category正式名称・代表品目）から機械抽出。品目別公式根拠と条件枝の確認前はAPP_READYにしない。
MAP-M058-I001-C-M058-11,M058,I001,1,category正式名称・代表品目から機械抽出,C-M058-11,ペットボトル,要品目別確認,ふたとラベルを分別し中をすすぐ,NOT_STATED_IN_CITED_SOURCE,FALSE,CURRENT,,,S-M058-01,https://www.town.shimane-kawamoto.lg.jp/gyosei/gyosei_environment/environment/4377,分別区分／ペットボトル,,,,2026-08-19,INITIAL_REVIEW_REQUIRED,CATEGORY_LEVEL,UNREVIEWED,,,Positive evidence（category正式名称・代表品目）から機械抽出。品目別公式根拠と条件枝の確認前はAPP_READYにしない。
MAP-M058-I013-C-M058-03,M058,I013,1,category正式名称・代表品目から機械抽出,C-M058-03,新聞紙・折込広告,要品目別確認,ひもで十字にくくる,NOT_STATED_IN_CITED_SOURCE,FALSE,CURRENT,,,S-M058-01,https://www.town.shimane-kawamoto.lg.jp/gyosei/gyosei_environment/environment/4377,古紙類・紙パック／新聞紙・折込広告,,,,2026-08-19,INITIAL_REVIEW_REQUIRED,CATEGORY_LEVEL,UNREVIEWED,,,Positive evidence（category正式名称・代表品目）から機械抽出。品目別公式根拠と条件枝の確認前はAPP_READYにしない。
MAP-M058-I014-C-M058-05,M058,I014,1,category正式名称・代表品目から機械抽出,C-M058-05,段ボール,要品目別確認,ひもで十字にくくる,NOT_STATED_IN_CITED_SOURCE,FALSE,CURRENT,,,S-M058-01,https://www.town.shimane-kawamoto.lg.jp/gyosei/gyosei_environment/environment/4377,古紙類・紙パック／段ボール,,,,2026-08-19,INITIAL_REVIEW_REQUIRED,CATEGORY_LEVEL,UNREVIEWED,,,Positive evidence（category正式名称・代表品目）から機械抽出。品目別公式根拠と条件枝の確認前はAPP_READYにしない。
MAP-M058-I015-C-M058-04,M058,I015,1,category正式名称・代表品目から機械抽出,C-M058-04,広告・雑誌・書籍,要品目別確認,ひもで十字にくくる,NOT_STATED_IN_CITED_SOURCE,FALSE,CURRENT,,,S-M058-01,https://www.town.shimane-kawamoto.lg.jp/gyosei/gyosei_environment/environment/4377,古紙類・紙パック／広告・雑誌・書籍,,,,2026-08-19,INITIAL_REVIEW_REQUIRED,CATEGORY_LEVEL,UNREVIEWED,,,Positive evidence（category正式名称・代表品目）から機械抽出。品目別公式根拠と条件枝の確認前はAPP_READYにしない。
MAP-M058-I017-C-M058-06,M058,I017,1,category正式名称・代表品目から機械抽出,C-M058-06,紙パック,要品目別確認,洗って開き乾かし、ひもでまとめる,NOT_STATED_IN_CITED_SOURCE,FALSE,CURRENT,,,S-M058-01,https://www.town.shimane-kawamoto.lg.jp/gyosei/gyosei_environment/environment/4377,古紙類・紙パック／紙パック,,,,2026-08-19,INITIAL_REVIEW_REQUIRED,CATEGORY_LEVEL,UNREVIEWED,,,Positive evidence（category正式名称・代表品目）から機械抽出。品目別公式根拠と条件枝の確認前はAPP_READYにしない。
MAP-M058-I018-C-M058-01,M058,I018,1,category正式名称・代表品目から機械抽出,C-M058-01,燃えるごみ,要品目別確認,生ごみは水切り,NOT_STATED_IN_CITED_SOURCE,FALSE,CURRENT,,,S-M058-01,https://www.town.shimane-kawamoto.lg.jp/gyosei/gyosei_environment/environment/4377,分別区分／燃えるごみ,,,,2026-08-19,INITIAL_REVIEW_REQUIRED,CATEGORY_LEVEL,UNREVIEWED,,,Positive evidence（category正式名称・代表品目）から機械抽出。品目別公式根拠と条件枝の確認前はAPP_READYにしない。
MAP-M058-I023-C-M058-12,M058,I023,1,category正式名称・代表品目から機械抽出,C-M058-12,不燃ごみ,要品目別確認,スプレー缶・カセットボンベは中身を使い切り、火気のない屋外で穴を開ける,NOT_STATED_IN_CITED_SOURCE,FALSE,CURRENT,,,S-M058-01,https://www.town.shimane-kawamoto.lg.jp/gyosei/gyosei_environment/environment/4377,分別区分／不燃ごみ,,,,2026-08-19,INITIAL_REVIEW_REQUIRED,CATEGORY_LEVEL,UNREVIEWED,,,Positive evidence（category正式名称・代表品目）から機械抽出。品目別公式根拠と条件枝の確認前はAPP_READYにしない。
MAP-M058-I030-C-M058-13,M058,I030,1,category正式名称・代表品目から機械抽出,C-M058-13,有害ごみ,要品目別確認,中身の見える袋等、公式指定方法に従う,NOT_STATED_IN_CITED_SOURCE,FALSE,CURRENT,,,S-M058-01,https://www.town.shimane-kawamoto.lg.jp/gyosei/gyosei_environment/environment/4377,分別区分／有害ごみ,,,,2026-08-19,INITIAL_REVIEW_REQUIRED,CATEGORY_LEVEL,UNREVIEWED,,,Positive evidence（category正式名称・代表品目）から機械抽出。品目別公式根拠と条件枝の確認前はAPP_READYにしない。
MAP-M058-I037-C-M058-15,M058,I037,1,category正式名称・代表品目から機械抽出,C-M058-15,収集・処理できないもの,要品目別確認,受入先の指示に従う,販売店・メーカー・専門業者等の公式案内に従う,TRUE,CURRENT,,,S-M058-01,https://www.town.shimane-kawamoto.lg.jp/gyosei/gyosei_environment/environment/4377,分別案内／収集・処理できないもの,,,,2026-08-19,INITIAL_REVIEW_REQUIRED,CATEGORY_LEVEL,UNREVIEWED,,,Positive evidence（category正式名称・代表品目）から機械抽出。品目別公式根拠と条件枝の確認前はAPP_READYにしない。
MAP-M059-I001-C-M059-11,M059,I001,1,category正式名称・代表品目から機械抽出,C-M059-11,ペットボトル,要品目別確認,ふたとラベルを分別し中をすすぐ,NOT_STATED_IN_CITED_SOURCE,FALSE,CURRENT,,,S-M059-01,https://gov.town.shimane-misato.lg.jp/kurasi/kankyo/246/guide,分別区分／ペットボトル,,,,2026-08-19,INITIAL_REVIEW_REQUIRED,CATEGORY_LEVEL,UNREVIEWED,,,Positive evidence（category正式名称・代表品目）から機械抽出。品目別公式根拠と条件枝の確認前はAPP_READYにしない。
MAP-M059-I013-C-M059-03,M059,I013,1,category正式名称・代表品目から機械抽出,C-M059-03,新聞紙・折込広告,要品目別確認,ひもで十字にくくる,NOT_STATED_IN_CITED_SOURCE,FALSE,CURRENT,,,S-M059-01,https://gov.town.shimane-misato.lg.jp/kurasi/kankyo/246/guide,古紙類・紙パック／新聞紙・折込広告,,,,2026-08-19,INITIAL_REVIEW_REQUIRED,CATEGORY_LEVEL,UNREVIEWED,,,Positive evidence（category正式名称・代表品目）から機械抽出。品目別公式根拠と条件枝の確認前はAPP_READYにしない。
MAP-M059-I014-C-M059-05,M059,I014,1,category正式名称・代表品目から機械抽出,C-M059-05,段ボール,要品目別確認,ひもで十字にくくる,NOT_STATED_IN_CITED_SOURCE,FALSE,CURRENT,,,S-M059-01,https://gov.town.shimane-misato.lg.jp/kurasi/kankyo/246/guide,古紙類・紙パック／段ボール,,,,2026-08-19,INITIAL_REVIEW_REQUIRED,CATEGORY_LEVEL,UNREVIEWED,,,Positive evidence（category正式名称・代表品目）から機械抽出。品目別公式根拠と条件枝の確認前はAPP_READYにしない。
MAP-M059-I015-C-M059-04,M059,I015,1,category正式名称・代表品目から機械抽出,C-M059-04,広告・雑誌・書籍,要品目別確認,ひもで十字にくくる,NOT_STATED_IN_CITED_SOURCE,FALSE,CURRENT,,,S-M059-01,https://gov.town.shimane-misato.lg.jp/kurasi/kankyo/246/guide,古紙類・紙パック／広告・雑誌・書籍,,,,2026-08-19,INITIAL_REVIEW_REQUIRED,CATEGORY_LEVEL,UNREVIEWED,,,Positive evidence（category正式名称・代表品目）から機械抽出。品目別公式根拠と条件枝の確認前はAPP_READYにしない。
MAP-M059-I017-C-M059-06,M059,I017,1,category正式名称・代表品目から機械抽出,C-M059-06,紙パック,要品目別確認,洗って開き乾かし、ひもでまとめる,NOT_STATED_IN_CITED_SOURCE,FALSE,CURRENT,,,S-M059-01,https://gov.town.shimane-misato.lg.jp/kurasi/kankyo/246/guide,古紙類・紙パック／紙パック,,,,2026-08-19,INITIAL_REVIEW_REQUIRED,CATEGORY_LEVEL,UNREVIEWED,,,Positive evidence（category正式名称・代表品目）から機械抽出。品目別公式根拠と条件枝の確認前はAPP_READYにしない。
MAP-M059-I018-C-M059-01,M059,I018,1,category正式名称・代表品目から機械抽出,C-M059-01,燃えるごみ,要品目別確認,生ごみは水切り,NOT_STATED_IN_CITED_SOURCE,FALSE,CURRENT,,,S-M059-01,https://gov.town.shimane-misato.lg.jp/kurasi/kankyo/246/guide,分別区分／燃えるごみ,,,,2026-08-19,INITIAL_REVIEW_REQUIRED,CATEGORY_LEVEL,UNREVIEWED,,,Positive evidence（category正式名称・代表品目）から機械抽出。品目別公式根拠と条件枝の確認前はAPP_READYにしない。
MAP-M059-I023-C-M059-12,M059,I023,1,category正式名称・代表品目から機械抽出,C-M059-12,不燃ごみ,要品目別確認,スプレー缶は中身を使い切り、屋外で穴を開ける,NOT_STATED_IN_CITED_SOURCE,FALSE,CURRENT,,,S-M059-01,https://gov.town.shimane-misato.lg.jp/kurasi/kankyo/246/guide,分別区分／不燃ごみ,,,,2026-08-19,INITIAL_REVIEW_REQUIRED,CATEGORY_LEVEL,UNREVIEWED,,,Positive evidence（category正式名称・代表品目）から機械抽出。品目別公式根拠と条件枝の確認前はAPP_READYにしない。
MAP-M059-I030-C-M059-13,M059,I030,1,category正式名称・代表品目から機械抽出,C-M059-13,有害ごみ,要品目別確認,中身の見える袋等、公式指定方法に従う,NOT_STATED_IN_CITED_SOURCE,FALSE,CURRENT,,,S-M059-01,https://gov.town.shimane-misato.lg.jp/kurasi/kankyo/246/guide,分別区分／有害ごみ,,,,2026-08-19,INITIAL_REVIEW_REQUIRED,CATEGORY_LEVEL,UNREVIEWED,,,Positive evidence（category正式名称・代表品目）から機械抽出。品目別公式根拠と条件枝の確認前はAPP_READYにしない。
MAP-M059-I037-C-M059-15,M059,I037,1,category正式名称・代表品目から機械抽出,C-M059-15,収集・処理できないもの,要品目別確認,受入先の指示に従う,販売店・メーカー・専門業者等の公式案内に従う,TRUE,CURRENT,,,S-M059-01,https://gov.town.shimane-misato.lg.jp/kurasi/kankyo/246/guide,分別案内／収集・処理できないもの,,,,2026-08-19,INITIAL_REVIEW_REQUIRED,CATEGORY_LEVEL,UNREVIEWED,,,Positive evidence（category正式名称・代表品目）から機械抽出。品目別公式根拠と条件枝の確認前はAPP_READYにしない。
MAP-M060-I001-C-M060-11,M060,I001,1,category正式名称・代表品目から機械抽出,C-M060-11,ペットボトル,要品目別確認,ふたとラベルを分別し中をすすぐ,NOT_STATED_IN_CITED_SOURCE,FALSE,CURRENT,,,S-M060-03,https://www.town.ohnan.lg.jp/www/contents/1725430530282/simple/keikaku.pdf,分別区分／ペットボトル,,,,2026-08-19,INITIAL_REVIEW_REQUIRED,CATEGORY_LEVEL,UNREVIEWED,,,Positive evidence（category正式名称・代表品目）から機械抽出。品目別公式根拠と条件枝の確認前はAPP_READYにしない。
MAP-M060-I013-C-M060-03,M060,I013,1,category正式名称・代表品目から機械抽出,C-M060-03,新聞紙・折込広告,要品目別確認,ひもで十字にくくる,NOT_STATED_IN_CITED_SOURCE,FALSE,CURRENT,,,S-M060-03,https://www.town.ohnan.lg.jp/www/contents/1725430530282/simple/keikaku.pdf,古紙類・紙パック／新聞紙・折込広告,,,,2026-08-19,INITIAL_REVIEW_REQUIRED,CATEGORY_LEVEL,UNREVIEWED,,,Positive evidence（category正式名称・代表品目）から機械抽出。品目別公式根拠と条件枝の確認前はAPP_READYにしない。
MAP-M060-I014-C-M060-05,M060,I014,1,category正式名称・代表品目から機械抽出,C-M060-05,段ボール,要品目別確認,ひもで十字にくくる,NOT_STATED_IN_CITED_SOURCE,FALSE,CURRENT,,,S-M060-03,https://www.town.ohnan.lg.jp/www/contents/1725430530282/simple/keikaku.pdf,古紙類・紙パック／段ボール,,,,2026-08-19,INITIAL_REVIEW_REQUIRED,CATEGORY_LEVEL,UNREVIEWED,,,Positive evidence（category正式名称・代表品目）から機械抽出。品目別公式根拠と条件枝の確認前はAPP_READYにしない。
MAP-M060-I015-C-M060-04,M060,I015,1,category正式名称・代表品目から機械抽出,C-M060-04,広告・雑誌・書籍,要品目別確認,ひもで十字にくくる,NOT_STATED_IN_CITED_SOURCE,FALSE,CURRENT,,,S-M060-03,https://www.town.ohnan.lg.jp/www/contents/1725430530282/simple/keikaku.pdf,古紙類・紙パック／広告・雑誌・書籍,,,,2026-08-19,INITIAL_REVIEW_REQUIRED,CATEGORY_LEVEL,UNREVIEWED,,,Positive evidence（category正式名称・代表品目）から機械抽出。品目別公式根拠と条件枝の確認前はAPP_READYにしない。
MAP-M060-I017-C-M060-06,M060,I017,1,category正式名称・代表品目から機械抽出,C-M060-06,紙パック,要品目別確認,洗って開き乾かし、ひもでまとめる,NOT_STATED_IN_CITED_SOURCE,FALSE,CURRENT,,,S-M060-03,https://www.town.ohnan.lg.jp/www/contents/1725430530282/simple/keikaku.pdf,古紙類・紙パック／紙パック,,,,2026-08-19,INITIAL_REVIEW_REQUIRED,CATEGORY_LEVEL,UNREVIEWED,,,Positive evidence（category正式名称・代表品目）から機械抽出。品目別公式根拠と条件枝の確認前はAPP_READYにしない。
MAP-M060-I018-C-M060-01,M060,I018,1,category正式名称・代表品目から機械抽出,C-M060-01,燃えるごみ,要品目別確認,生ごみは水切り,NOT_STATED_IN_CITED_SOURCE,FALSE,CURRENT,,,S-M060-03,https://www.town.ohnan.lg.jp/www/contents/1725430530282/simple/keikaku.pdf,分別区分／燃えるごみ,,,,2026-08-19,INITIAL_REVIEW_REQUIRED,CATEGORY_LEVEL,UNREVIEWED,,,Positive evidence（category正式名称・代表品目）から機械抽出。品目別公式根拠と条件枝の確認前はAPP_READYにしない。
MAP-M060-I023-C-M060-12,M060,I023,1,category正式名称・代表品目から機械抽出,C-M060-12,不燃ごみ,要品目別確認,スプレー缶は中身を使い切り、屋外で穴を開ける,NOT_STATED_IN_CITED_SOURCE,FALSE,CURRENT,,,S-M060-03,https://www.town.ohnan.lg.jp/www/contents/1725430530282/simple/keikaku.pdf,分別区分／不燃ごみ,,,,2026-08-19,INITIAL_REVIEW_REQUIRED,CATEGORY_LEVEL,UNREVIEWED,,,Positive evidence（category正式名称・代表品目）から機械抽出。品目別公式根拠と条件枝の確認前はAPP_READYにしない。
MAP-M060-I030-C-M060-13,M060,I030,1,category正式名称・代表品目から機械抽出,C-M060-13,有害ごみ,要品目別確認,中身の見える袋等、公式指定方法に従う,NOT_STATED_IN_CITED_SOURCE,FALSE,CURRENT,,,S-M060-03,https://www.town.ohnan.lg.jp/www/contents/1725430530282/simple/keikaku.pdf,分別区分／有害ごみ,,,,2026-08-19,INITIAL_REVIEW_REQUIRED,CATEGORY_LEVEL,UNREVIEWED,,,Positive evidence（category正式名称・代表品目）から機械抽出。品目別公式根拠と条件枝の確認前はAPP_READYにしない。
MAP-M060-I037-C-M060-15,M060,I037,1,category正式名称・代表品目から機械抽出,C-M060-15,収集・処理できないもの,要品目別確認,受入先の指示に従う,販売店・メーカー・専門業者等の公式案内に従う,TRUE,CURRENT,,,S-M060-03,https://www.town.ohnan.lg.jp/www/contents/1725430530282/simple/keikaku.pdf,分別案内／収集・処理できないもの,,,,2026-08-19,INITIAL_REVIEW_REQUIRED,CATEGORY_LEVEL,UNREVIEWED,,,Positive evidence（category正式名称・代表品目）から機械抽出。品目別公式根拠と条件枝の確認前はAPP_READYにしない。
MAP-M061-I006-C-M061-04,M061,I006,1,category正式名称・代表品目から機械抽出,C-M061-04,びん・ガラス・陶器類,要品目別確認,キャップ等を外し洗う,NOT_STATED_IN_CITED_SOURCE,FALSE,CURRENT,,,S-M061-02,https://www.town.tsuwano.lg.jp/www/contents/1000000358000/simple/gominowakekatadasikatanotebikisyo.pdf,R8.4手引書／びん・ガラス・陶器類,,,,2026-08-19,INITIAL_REVIEW_REQUIRED,CATEGORY_LEVEL,UNREVIEWED,,,Positive evidence（category正式名称・代表品目）から機械抽出。品目別公式根拠と条件枝の確認前はAPP_READYにしない。
MAP-M061-I012-C-M061-02,M061,I012,1,category正式名称・代表品目から機械抽出,C-M061-02,容器包装プラスチック,要品目別確認,町指定方法で汚れを除く,NOT_STATED_IN_CITED_SOURCE,FALSE,CURRENT,,,S-M061-02,https://www.town.tsuwano.lg.jp/www/contents/1000000358000/simple/gominowakekatadasikatanotebikisyo.pdf,R8.4手引書／容器包装プラスチック,,,,2026-08-19,INITIAL_REVIEW_REQUIRED,CATEGORY_LEVEL,UNREVIEWED,,,Positive evidence（category正式名称・代表品目）から機械抽出。品目別公式根拠と条件枝の確認前はAPP_READYにしない。
MAP-M061-I021-C-M061-01,M061,I021,1,category正式名称・代表品目から機械抽出,C-M061-01,もやせるごみ,要品目別確認,生ごみは水切り,NOT_STATED_IN_CITED_SOURCE,FALSE,CURRENT,,,S-M061-02,https://www.town.tsuwano.lg.jp/www/contents/1000000358000/simple/gominowakekatadasikatanotebikisyo.pdf,R8.4手引書／もやせるごみ,,,,2026-08-19,INITIAL_REVIEW_REQUIRED,CATEGORY_LEVEL,UNREVIEWED,,,Positive evidence（category正式名称・代表品目）から機械抽出。品目別公式根拠と条件枝の確認前はAPP_READYにしない。
MAP-M061-I021-C-M061-08,M061,I021,2,category正式名称・代表品目から機械抽出,C-M061-08,資源ごみ,要品目別確認,品目別にまとめる,NOT_STATED_IN_CITED_SOURCE,FALSE,CURRENT,,,S-M061-02,https://www.town.tsuwano.lg.jp/www/contents/1000000358000/simple/gominowakekatadasikatanotebikisyo.pdf,R8.4手引書／資源ごみ,,,,2026-08-19,INITIAL_REVIEW_REQUIRED,CATEGORY_LEVEL,UNREVIEWED,,,Positive evidence（category正式名称・代表品目）から機械抽出。品目別公式根拠と条件枝の確認前はAPP_READYにしない。
MAP-M061-I027-C-M061-06,M061,I027,1,category正式名称・代表品目から機械抽出,C-M061-06,有害ごみ,要品目別確認,破損しないよう保護,NOT_STATED_IN_CITED_SOURCE,FALSE,CURRENT,,,S-M061-02,https://www.town.tsuwano.lg.jp/www/contents/1000000358000/simple/gominowakekatadasikatanotebikisyo.pdf,R8.4手引書／有害ごみ,,,,2026-08-19,INITIAL_REVIEW_REQUIRED,CATEGORY_LEVEL,UNREVIEWED,,,Positive evidence（category正式名称・代表品目）から機械抽出。品目別公式根拠と条件枝の確認前はAPP_READYにしない。
MAP-M061-I030-C-M061-06,M061,I030,1,category正式名称・代表品目から機械抽出,C-M061-06,有害ごみ,要品目別確認,破損しないよう保護,NOT_STATED_IN_CITED_SOURCE,FALSE,CURRENT,,,S-M061-02,https://www.town.tsuwano.lg.jp/www/contents/1000000358000/simple/gominowakekatadasikatanotebikisyo.pdf,R8.4手引書／有害ごみ,,,,2026-08-19,INITIAL_REVIEW_REQUIRED,CATEGORY_LEVEL,UNREVIEWED,,,Positive evidence（category正式名称・代表品目）から機械抽出。品目別公式根拠と条件枝の確認前はAPP_READYにしない。
MAP-M061-I031-C-M061-06,M061,I031,1,category正式名称・代表品目から機械抽出,C-M061-06,有害ごみ,要品目別確認,破損しないよう保護,NOT_STATED_IN_CITED_SOURCE,FALSE,CURRENT,,,S-M061-02,https://www.town.tsuwano.lg.jp/www/contents/1000000358000/simple/gominowakekatadasikatanotebikisyo.pdf,R8.4手引書／有害ごみ,,,,2026-08-19,INITIAL_REVIEW_REQUIRED,CATEGORY_LEVEL,UNREVIEWED,,,Positive evidence（category正式名称・代表品目）から機械抽出。品目別公式根拠と条件枝の確認前はAPP_READYにしない。
MAP-M061-I034-C-M061-07,M061,I034,1,category正式名称・代表品目から機械抽出,C-M061-07,粗大ごみ,要品目別確認,NOT_STATED_IN_CITED_SOURCE,NOT_STATED_IN_CITED_SOURCE,FALSE,CURRENT,,,S-M061-02,https://www.town.tsuwano.lg.jp/www/contents/1000000358000/simple/gominowakekatadasikatanotebikisyo.pdf,R8.4手引書／粗大ごみ,,,,2026-08-19,INITIAL_REVIEW_REQUIRED,CATEGORY_LEVEL,UNREVIEWED,,,Positive evidence（category正式名称・代表品目）から機械抽出。品目別公式根拠と条件枝の確認前はAPP_READYにしない。
MAP-M061-I036-C-M061-07,M061,I036,1,category正式名称・代表品目から機械抽出,C-M061-07,粗大ごみ,要品目別確認,NOT_STATED_IN_CITED_SOURCE,NOT_STATED_IN_CITED_SOURCE,FALSE,CURRENT,,,S-M061-02,https://www.town.tsuwano.lg.jp/www/contents/1000000358000/simple/gominowakekatadasikatanotebikisyo.pdf,R8.4手引書／粗大ごみ,,,,2026-08-19,INITIAL_REVIEW_REQUIRED,CATEGORY_LEVEL,UNREVIEWED,,,Positive evidence（category正式名称・代表品目）から機械抽出。品目別公式根拠と条件枝の確認前はAPP_READYにしない。
MAP-M062-I012-C-M062-02,M062,I012,1,category正式名称・代表品目から機械抽出,C-M062-02,容器包装プラスチック,要品目別確認,中身を使い切り洗い乾燥。PETはふた・ラベルを外す,NOT_STATED_IN_CITED_SOURCE,FALSE,CURRENT,,,S-M062-01,https://www.town.yoshika.lg.jp/kurashi/seikatsu/gomi/gomi.html,現行分別案内／容器包装プラスチック,,,,2026-08-19,INITIAL_REVIEW_REQUIRED,CATEGORY_LEVEL,UNREVIEWED,,,Positive evidence（category正式名称・代表品目）から機械抽出。品目別公式根拠と条件枝の確認前はAPP_READYにしない。
MAP-M062-I021-C-M062-01,M062,I021,1,category正式名称・代表品目から機械抽出,C-M062-01,可燃ごみ,要品目別確認,生ごみは水切り,NOT_STATED_IN_CITED_SOURCE,FALSE,CURRENT,,,S-M062-01,https://www.town.yoshika.lg.jp/kurashi/seikatsu/gomi/gomi.html,現行分別案内／可燃ごみ,,,,2026-08-19,INITIAL_REVIEW_REQUIRED,CATEGORY_LEVEL,UNREVIEWED,,,Positive evidence（category正式名称・代表品目）から機械抽出。品目別公式根拠と条件枝の確認前はAPP_READYにしない。
MAP-M062-I021-C-M062-08,M062,I021,2,category正式名称・代表品目から機械抽出,C-M062-08,資源ごみ,要品目別確認,種類ごとに紙ひも等でまとめる,NOT_STATED_IN_CITED_SOURCE,FALSE,CURRENT,,,S-M062-03,https://www.town.yoshika.lg.jp/kurashi/seikatsu/gomi/shigengomi.html,現行分別案内／資源ごみ,,,,2026-08-19,INITIAL_REVIEW_REQUIRED,CATEGORY_LEVEL,UNREVIEWED,,,Positive evidence（category正式名称・代表品目）から機械抽出。品目別公式根拠と条件枝の確認前はAPP_READYにしない。
MAP-M062-I027-C-M062-06,M062,I027,1,category正式名称・代表品目から機械抽出,C-M062-06,有害ごみ,要品目別確認,ライターは中身を使い切り別袋に入れ『有害ごみ』と表記。他の有害ごみと混ぜない,NOT_STATED_IN_CITED_SOURCE,FALSE,CURRENT,,,S-M062-04,https://www.town.yoshika.lg.jp/kurashi/seikatsu/gomi/gomi.data/raitabunnbetu.pdf,現行分別案内／有害ごみ,,,,2026-08-19,INITIAL_REVIEW_REQUIRED,CATEGORY_LEVEL,UNREVIEWED,,,Positive evidence（category正式名称・代表品目）から機械抽出。品目別公式根拠と条件枝の確認前はAPP_READYにしない。
MAP-M062-I030-C-M062-06,M062,I030,1,category正式名称・代表品目から機械抽出,C-M062-06,有害ごみ,要品目別確認,ライターは中身を使い切り別袋に入れ『有害ごみ』と表記。他の有害ごみと混ぜない,NOT_STATED_IN_CITED_SOURCE,FALSE,CURRENT,,,S-M062-04,https://www.town.yoshika.lg.jp/kurashi/seikatsu/gomi/gomi.data/raitabunnbetu.pdf,現行分別案内／有害ごみ,,,,2026-08-19,INITIAL_REVIEW_REQUIRED,CATEGORY_LEVEL,UNREVIEWED,,,Positive evidence（category正式名称・代表品目）から機械抽出。品目別公式根拠と条件枝の確認前はAPP_READYにしない。
MAP-M062-I032-C-M062-05,M062,I032,1,category正式名称・代表品目から機械抽出,C-M062-05,カン類,要品目別確認,スプレー缶は中身を使い切る。穴はあけなくてよい,NOT_STATED_IN_CITED_SOURCE,FALSE,CURRENT,,,S-M062-01,https://www.town.yoshika.lg.jp/kurashi/seikatsu/gomi/gomi.html,現行分別案内／カン類,,,,2026-08-19,INITIAL_REVIEW_REQUIRED,CATEGORY_LEVEL,UNREVIEWED,,,Positive evidence（category正式名称・代表品目）から機械抽出。品目別公式根拠と条件枝の確認前はAPP_READYにしない。
MAP-M062-I033-C-M062-06,M062,I033,1,category正式名称・代表品目から機械抽出,C-M062-06,有害ごみ,要品目別確認,ライターは中身を使い切り別袋に入れ『有害ごみ』と表記。他の有害ごみと混ぜない,NOT_STATED_IN_CITED_SOURCE,FALSE,CURRENT,,,S-M062-04,https://www.town.yoshika.lg.jp/kurashi/seikatsu/gomi/gomi.data/raitabunnbetu.pdf,現行分別案内／有害ごみ,,,,2026-08-19,INITIAL_REVIEW_REQUIRED,CATEGORY_LEVEL,UNREVIEWED,,,Positive evidence（category正式名称・代表品目）から機械抽出。品目別公式根拠と条件枝の確認前はAPP_READYにしない。
MAP-M062-I034-C-M062-07,M062,I034,1,category正式名称・代表品目から機械抽出,C-M062-07,粗大ごみ,要品目別確認,NOT_STATED_IN_CITED_SOURCE,NOT_STATED_IN_CITED_SOURCE,FALSE,CURRENT,,,S-M062-01,https://www.town.yoshika.lg.jp/kurashi/seikatsu/gomi/gomi.html,現行分別案内／粗大ごみ,,,,2026-08-19,INITIAL_REVIEW_REQUIRED,CATEGORY_LEVEL,UNREVIEWED,,,Positive evidence（category正式名称・代表品目）から機械抽出。品目別公式根拠と条件枝の確認前はAPP_READYにしない。
MAP-M063-I001-C-M063-02,M063,I001,1,category正式名称・代表品目から機械抽出,C-M063-02,ペットボトル,要品目別確認,町の早見表に従う,NOT_STATED_IN_CITED_SOURCE,FALSE,CURRENT,,,S-M063-02,https://www.town.ama.shimane.jp/kurashi-tetsuduki/kurashi/gomi-recycle/r44t8e7yf3,2026年海士町ごみカレンダー／ペットボトル,,,,2026-08-19,INITIAL_REVIEW_REQUIRED,CATEGORY_LEVEL,UNREVIEWED,,,Positive evidence（category正式名称・代表品目）から機械抽出。品目別公式根拠と条件枝の確認前はAPP_READYにしない。
MAP-M063-I006-C-M063-03,M063,I006,1,category正式名称・代表品目から機械抽出,C-M063-03,びん・ガラス/陶器,要品目別確認,NOT_STATED_IN_CITED_SOURCE,NOT_STATED_IN_CITED_SOURCE,FALSE,CURRENT,,,S-M063-02,https://www.town.ama.shimane.jp/kurashi-tetsuduki/kurashi/gomi-recycle/r44t8e7yf3,2026年海士町ごみカレンダー／びん・ガラス/陶器,,,,2026-08-19,INITIAL_REVIEW_REQUIRED,CATEGORY_LEVEL,UNREVIEWED,,,Positive evidence（category正式名称・代表品目）から機械抽出。品目別公式根拠と条件枝の確認前はAPP_READYにしない。
MAP-M063-I027-C-M063-07,M063,I027,1,category正式名称・代表品目から機械抽出,C-M063-07,粗大・乾電池,要品目別確認,乾電池は端子を絶縁。粗大ごみは品目別料金・方法を確認,NOT_STATED_IN_CITED_SOURCE,FALSE,CURRENT,,,S-M063-02,https://www.town.ama.shimane.jp/kurashi-tetsuduki/kurashi/gomi-recycle/r44t8e7yf3,2026年海士町ごみカレンダー／粗大・乾電池,,,,2026-08-19,INITIAL_REVIEW_REQUIRED,CATEGORY_LEVEL,UNREVIEWED,,,Positive evidence（category正式名称・代表品目）から機械抽出。品目別公式根拠と条件枝の確認前はAPP_READYにしない。
MAP-M063-I030-C-M063-04,M063,I030,1,category正式名称・代表品目から機械抽出,C-M063-04,蛍光灯/水銀,要品目別確認,破損しないよう保護,NOT_STATED_IN_CITED_SOURCE,FALSE,CURRENT,,,S-M063-02,https://www.town.ama.shimane.jp/kurashi-tetsuduki/kurashi/gomi-recycle/r44t8e7yf3,2026年海士町ごみカレンダー／蛍光灯/水銀,,,,2026-08-19,INITIAL_REVIEW_REQUIRED,CATEGORY_LEVEL,UNREVIEWED,,,Positive evidence（category正式名称・代表品目）から機械抽出。品目別公式根拠と条件枝の確認前はAPP_READYにしない。
MAP-M063-I039-C-M063-05,M063,I039,1,category正式名称・代表品目から機械抽出,C-M063-05,廃食用油,要品目別確認,NOT_STATED_IN_CITED_SOURCE,NOT_STATED_IN_CITED_SOURCE,FALSE,CURRENT,,,S-M063-02,https://www.town.ama.shimane.jp/kurashi-tetsuduki/kurashi/gomi-recycle/r44t8e7yf3,2026年海士町ごみカレンダー／廃食用油,,,,2026-08-19,INITIAL_REVIEW_REQUIRED,CATEGORY_LEVEL,UNREVIEWED,,,Positive evidence（category正式名称・代表品目）から機械抽出。品目別公式根拠と条件枝の確認前はAPP_READYにしない。
MAP-M064-I001-C-M064-05,M064,I001,1,category正式名称・代表品目から機械抽出,C-M064-05,資源ごみ：ペットボトル類,要品目別確認,水洗いしラベルとキャップを外す,NOT_STATED_IN_CITED_SOURCE,FALSE,CURRENT,,,S-M064-01,https://www.town.nishinoshima.shimane.jp/bunya/b_sumai/b_gomi/833,家庭ごみの分別／資源ごみ：ペットボトル類,,,,2026-08-19,INITIAL_REVIEW_REQUIRED,CATEGORY_LEVEL,UNREVIEWED,,,Positive evidence（category正式名称・代表品目）から機械抽出。品目別公式根拠と条件枝の確認前はAPP_READYにしない。
MAP-M064-I001-C-M064-07,M064,I001,2,category正式名称・代表品目から機械抽出,C-M064-07,使用済蛍光管、電池、ペットボトルのキャップ,要品目別確認,電池は必要に応じ絶縁。専用容器へ,NOT_STATED_IN_CITED_SOURCE,FALSE,CURRENT,,,S-M064-01,https://www.town.nishinoshima.shimane.jp/bunya/b_sumai/b_gomi/833,家庭ごみの分別／使用済蛍光管、電池、ペットボトルのキャップ,,,,2026-08-19,INITIAL_REVIEW_REQUIRED,CATEGORY_LEVEL,UNREVIEWED,,,Positive evidence（category正式名称・代表品目）から機械抽出。品目別公式根拠と条件枝の確認前はAPP_READYにしない。
MAP-M064-I002-C-M064-07,M064,I002,1,category正式名称・代表品目から機械抽出,C-M064-07,使用済蛍光管、電池、ペットボトルのキャップ,要品目別確認,電池は必要に応じ絶縁。専用容器へ,NOT_STATED_IN_CITED_SOURCE,FALSE,CURRENT,,,S-M064-01,https://www.town.nishinoshima.shimane.jp/bunya/b_sumai/b_gomi/833,家庭ごみの分別／使用済蛍光管、電池、ペットボトルのキャップ,,,,2026-08-19,INITIAL_REVIEW_REQUIRED,CATEGORY_LEVEL,UNREVIEWED,,,Positive evidence（category正式名称・代表品目）から機械抽出。品目別公式根拠と条件枝の確認前はAPP_READYにしない。
MAP-M064-I004-C-M064-03,M064,I004,1,category正式名称・代表品目から機械抽出,C-M064-03,資源ごみ：缶類,要品目別確認,中身を空にして水洗い,NOT_STATED_IN_CITED_SOURCE,FALSE,CURRENT,,,S-M064-01,https://www.town.nishinoshima.shimane.jp/bunya/b_sumai/b_gomi/833,家庭ごみの分別／資源ごみ：缶類,,,,2026-08-19,INITIAL_REVIEW_REQUIRED,CATEGORY_LEVEL,UNREVIEWED,,,Positive evidence（category正式名称・代表品目）から機械抽出。品目別公式根拠と条件枝の確認前はAPP_READYにしない。
MAP-M064-I005-C-M064-03,M064,I005,1,category正式名称・代表品目から機械抽出,C-M064-03,資源ごみ：缶類,要品目別確認,中身を空にして水洗い,NOT_STATED_IN_CITED_SOURCE,FALSE,CURRENT,,,S-M064-01,https://www.town.nishinoshima.shimane.jp/bunya/b_sumai/b_gomi/833,家庭ごみの分別／資源ごみ：缶類,,,,2026-08-19,INITIAL_REVIEW_REQUIRED,CATEGORY_LEVEL,UNREVIEWED,,,Positive evidence（category正式名称・代表品目）から機械抽出。品目別公式根拠と条件枝の確認前はAPP_READYにしない。
MAP-M064-I006-C-M064-04,M064,I006,1,category正式名称・代表品目から機械抽出,C-M064-04,資源ごみ：びん類,要品目別確認,水洗いしキャップを外し、無色・茶色・その他に分ける,NOT_STATED_IN_CITED_SOURCE,FALSE,CURRENT,,,S-M064-01,https://www.town.nishinoshima.shimane.jp/bunya/b_sumai/b_gomi/833,家庭ごみの分別／資源ごみ：びん類,,,,2026-08-19,INITIAL_REVIEW_REQUIRED,CATEGORY_LEVEL,UNREVIEWED,,,Positive evidence（category正式名称・代表品目）から機械抽出。品目別公式根拠と条件枝の確認前はAPP_READYにしない。
MAP-M064-I013-C-M064-06,M064,I013,1,category正式名称・代表品目から機械抽出,C-M064-06,資源ごみ：新聞紙・折込チラシ,要品目別確認,2つ折り又は4つ折りでひも結束。濡らさない,NOT_STATED_IN_CITED_SOURCE,FALSE,CURRENT,,,S-M064-01,https://www.town.nishinoshima.shimane.jp/bunya/b_sumai/b_gomi/833,家庭ごみの分別／新聞紙・折込チラシ,,,,2026-08-19,INITIAL_REVIEW_REQUIRED,CATEGORY_LEVEL,UNREVIEWED,,,Positive evidence（category正式名称・代表品目）から機械抽出。品目別公式根拠と条件枝の確認前はAPP_READYにしない。
MAP-M064-I018-C-M064-01,M064,I018,1,category正式名称・代表品目から機械抽出,C-M064-01,燃えるごみ,要品目別確認,生ごみは水切り。木くず等の金属は外す,NOT_STATED_IN_CITED_SOURCE,FALSE,CURRENT,,,S-M064-01,https://www.town.nishinoshima.shimane.jp/bunya/b_sumai/b_gomi/833,家庭ごみの分別／燃えるごみ,,,,2026-08-19,INITIAL_REVIEW_REQUIRED,CATEGORY_LEVEL,UNREVIEWED,,,Positive evidence（category正式名称・代表品目）から機械抽出。品目別公式根拠と条件枝の確認前はAPP_READYにしない。
MAP-M064-I021-C-M064-01,M064,I021,1,category正式名称・代表品目から機械抽出,C-M064-01,燃えるごみ,要品目別確認,生ごみは水切り。木くず等の金属は外す,NOT_STATED_IN_CITED_SOURCE,FALSE,CURRENT,,,S-M064-01,https://www.town.nishinoshima.shimane.jp/bunya/b_sumai/b_gomi/833,家庭ごみの分別／燃えるごみ,,,,2026-08-19,INITIAL_REVIEW_REQUIRED,CATEGORY_LEVEL,UNREVIEWED,,,Positive evidence（category正式名称・代表品目）から機械抽出。品目別公式根拠と条件枝の確認前はAPP_READYにしない。
MAP-M064-I023-C-M064-02,M064,I023,1,category正式名称・代表品目から機械抽出,C-M064-02,埋立ごみ,要品目別確認,鋭利物は新聞紙等で包む,NOT_STATED_IN_CITED_SOURCE,FALSE,CURRENT,,,S-M064-01,https://www.town.nishinoshima.shimane.jp/bunya/b_sumai/b_gomi/833,家庭ごみの分別／埋立ごみ,,,,2026-08-19,INITIAL_REVIEW_REQUIRED,CATEGORY_LEVEL,UNREVIEWED,,,Positive evidence（category正式名称・代表品目）から機械抽出。品目別公式根拠と条件枝の確認前はAPP_READYにしない。
MAP-M064-I027-C-M064-07,M064,I027,1,category正式名称・代表品目から機械抽出,C-M064-07,使用済蛍光管、電池、ペットボトルのキャップ,要品目別確認,電池は必要に応じ絶縁。専用容器へ,NOT_STATED_IN_CITED_SOURCE,FALSE,CURRENT,,,S-M064-01,https://www.town.nishinoshima.shimane.jp/bunya/b_sumai/b_gomi/833,家庭ごみの分別／使用済蛍光管、電池、ペットボトルのキャップ,,,,2026-08-19,INITIAL_REVIEW_REQUIRED,CATEGORY_LEVEL,UNREVIEWED,,,Positive evidence（category正式名称・代表品目）から機械抽出。品目別公式根拠と条件枝の確認前はAPP_READYにしない。
MAP-M064-I030-C-M064-07,M064,I030,1,category正式名称・代表品目から機械抽出,C-M064-07,使用済蛍光管、電池、ペットボトルのキャップ,要品目別確認,電池は必要に応じ絶縁。専用容器へ,NOT_STATED_IN_CITED_SOURCE,FALSE,CURRENT,,,S-M064-01,https://www.town.nishinoshima.shimane.jp/bunya/b_sumai/b_gomi/833,家庭ごみの分別／使用済蛍光管、電池、ペットボトルのキャップ,,,,2026-08-19,INITIAL_REVIEW_REQUIRED,CATEGORY_LEVEL,UNREVIEWED,,,Positive evidence（category正式名称・代表品目）から機械抽出。品目別公式根拠と条件枝の確認前はAPP_READYにしない。
MAP-M064-I031-C-M064-07,M064,I031,1,category正式名称・代表品目から機械抽出,C-M064-07,使用済蛍光管、電池、ペットボトルのキャップ,要品目別確認,電池は必要に応じ絶縁。専用容器へ,NOT_STATED_IN_CITED_SOURCE,FALSE,CURRENT,,,S-M064-01,https://www.town.nishinoshima.shimane.jp/bunya/b_sumai/b_gomi/833,家庭ごみの分別／使用済蛍光管、電池、ペットボトルのキャップ,,,,2026-08-19,INITIAL_REVIEW_REQUIRED,CATEGORY_LEVEL,UNREVIEWED,,,Positive evidence（category正式名称・代表品目）から機械抽出。品目別公式根拠と条件枝の確認前はAPP_READYにしない。
MAP-M066-I001-C-M066-05,M066,I001,1,category正式名称・代表品目から機械抽出,C-M066-05,ペットボトル,要品目別確認,キャップ・ラベル等は町指定方法に従う,NOT_STATED_IN_CITED_SOURCE,FALSE,CURRENT,,,S-M066-03,https://www.town.okinoshima.shimane.jp/section/reiki_int/reiki_honbun/r074RG00000334.html,現行条例・住民ガイド／ペットボトル,,,,2026-08-19,INITIAL_REVIEW_REQUIRED,CATEGORY_LEVEL,UNREVIEWED,,,Positive evidence（category正式名称・代表品目）から機械抽出。品目別公式根拠と条件枝の確認前はAPP_READYにしない。
MAP-M066-I006-C-M066-04,M066,I006,1,category正式名称・代表品目から機械抽出,C-M066-04,ビン類,要品目別確認,中身を空にし、町指定方法で出す,NOT_STATED_IN_CITED_SOURCE,FALSE,CURRENT,,,S-M066-03,https://www.town.okinoshima.shimane.jp/section/reiki_int/reiki_honbun/r074RG00000334.html,現行条例・住民ガイド／ビン類,,,,2026-08-19,INITIAL_REVIEW_REQUIRED,CATEGORY_LEVEL,UNREVIEWED,,,Positive evidence（category正式名称・代表品目）から機械抽出。品目別公式根拠と条件枝の確認前はAPP_READYにしない。
MAP-M067-I018-C-M067-01,M067,I018,1,category正式名称・代表品目から機械抽出,C-M067-01,可燃ごみ,要品目別確認,生ごみは十分水切り,NOT_STATED_IN_CITED_SOURCE,FALSE,CURRENT,,,S-M067-03,https://www.city.okayama.jp/kurashi/0000053082.html,可燃ごみの出し方,,,,2026-08-19,INITIAL_REVIEW_REQUIRED,CATEGORY_LEVEL,UNREVIEWED,,,Positive evidence（category正式名称・代表品目）から機械抽出。品目別公式根拠と条件枝の確認前はAPP_READYにしない。
MAP-M067-I020-C-M067-01,M067,I020,1,category正式名称・代表品目から機械抽出,C-M067-01,可燃ごみ,要品目別確認,生ごみは十分水切り,NOT_STATED_IN_CITED_SOURCE,FALSE,CURRENT,,,S-M067-03,https://www.city.okayama.jp/kurashi/0000053082.html,可燃ごみの出し方,,,,2026-08-19,INITIAL_REVIEW_REQUIRED,CATEGORY_LEVEL,UNREVIEWED,,,Positive evidence（category正式名称・代表品目）から機械抽出。品目別公式根拠と条件枝の確認前はAPP_READYにしない。
MAP-M067-I023-C-M067-02,M067,I023,1,category正式名称・代表品目から機械抽出,C-M067-02,不燃ごみ,要品目別確認,NOT_STATED_IN_CITED_SOURCE,NOT_STATED_IN_CITED_SOURCE,FALSE,CURRENT,,,S-M067-04,https://www.city.okayama.jp/kurashi/0000028002.html,家庭ごみの出し方／不燃ごみ,,,,2026-08-19,INITIAL_REVIEW_REQUIRED,CATEGORY_LEVEL,UNREVIEWED,,,Positive evidence（category正式名称・代表品目）から機械抽出。品目別公式根拠と条件枝の確認前はAPP_READYにしない。
MAP-M067-I027-C-M067-05,M067,I027,1,category正式名称・代表品目から機械抽出,C-M067-05,廃乾電池・体温計,要品目別確認,市の専用コンテナ等へ,NOT_STATED_IN_CITED_SOURCE,FALSE,CURRENT,,,S-M067-04,https://www.city.okayama.jp/kurashi/0000028002.html,家庭ごみの出し方／廃乾電池・体温計,,,,2026-08-19,INITIAL_REVIEW_REQUIRED,CATEGORY_LEVEL,UNREVIEWED,,,Positive evidence（category正式名称・代表品目）から機械抽出。品目別公式根拠と条件枝の確認前はAPP_READYにしない。
MAP-M067-I028-C-M067-05,M067,I028,1,category正式名称・代表品目から機械抽出,C-M067-05,廃乾電池・体温計,要品目別確認,市の専用コンテナ等へ,NOT_STATED_IN_CITED_SOURCE,FALSE,CURRENT,,,S-M067-04,https://www.city.okayama.jp/kurashi/0000028002.html,家庭ごみの出し方／廃乾電池・体温計,,,,2026-08-19,INITIAL_REVIEW_REQUIRED,CATEGORY_LEVEL,UNREVIEWED,,,Positive evidence（category正式名称・代表品目）から機械抽出。品目別公式根拠と条件枝の確認前はAPP_READYにしない。
MAP-M068-I018-C-M068-01,M068,I018,1,category正式名称・代表品目から機械抽出,C-M068-01,燃やせるごみ,要品目別確認,大きさ基準に従う,NOT_STATED_IN_CITED_SOURCE,FALSE,CURRENT,,,S-M068-01,https://www.city.kurashiki.okayama.jp/kurashi/kankyo/1003645/1013690/index.html,家庭ごみの出し方／燃やせるごみ,,,,2026-08-19,INITIAL_REVIEW_REQUIRED,CATEGORY_LEVEL,UNREVIEWED,,,Positive evidence（category正式名称・代表品目）から機械抽出。品目別公式根拠と条件枝の確認前はAPP_READYにしない。
MAP-M068-I023-C-M068-03,M068,I023,1,category正式名称・代表品目から機械抽出,C-M068-03,埋立ごみ,要品目別確認,NOT_STATED_IN_CITED_SOURCE,NOT_STATED_IN_CITED_SOURCE,FALSE,CURRENT,,,S-M068-02,https://www.city.kurashiki.okayama.jp/kurashi/kankyo/1003645/1013690/1012155.html,ごみ分別検索／埋立ごみ,,,,2026-08-19,INITIAL_REVIEW_REQUIRED,CATEGORY_LEVEL,UNREVIEWED,,,Positive evidence（category正式名称・代表品目）から機械抽出。品目別公式根拠と条件枝の確認前はAPP_READYにしない。
MAP-M068-I027-C-M068-04,M068,I027,1,category正式名称・代表品目から機械抽出,C-M068-04,使用済み乾電池,要品目別確認,市指定方法で排出,NOT_STATED_IN_CITED_SOURCE,FALSE,CURRENT,,,S-M068-01,https://www.city.kurashiki.okayama.jp/kurashi/kankyo/1003645/1013690/index.html,家庭ごみの出し方／使用済み乾電池,,,,2026-08-19,INITIAL_REVIEW_REQUIRED,CATEGORY_LEVEL,UNREVIEWED,,,Positive evidence（category正式名称・代表品目）から機械抽出。品目別公式根拠と条件枝の確認前はAPP_READYにしない。
MAP-M069-I001-C-M069-04,M069,I001,1,category正式名称・代表品目から機械抽出,C-M069-04,缶・びん・ペットボトル,要品目別確認,水洗い。PETはキャップ・ラベルを外す,NOT_STATED_IN_CITED_SOURCE,FALSE,CURRENT,,,S-M069-01,https://www.city.tsuyama.lg.jp/common/photo/free/files/15157/202207061635570688633.pdf,生活ガイドブック／ごみの分け方／缶・びん・ペットボトル,,,,2026-08-19,INITIAL_REVIEW_REQUIRED,CATEGORY_LEVEL,UNREVIEWED,,,Positive evidence（category正式名称・代表品目）から機械抽出。品目別公式根拠と条件枝の確認前はAPP_READYにしない。
MAP-M069-I006-C-M069-04,M069,I006,1,category正式名称・代表品目から機械抽出,C-M069-04,缶・びん・ペットボトル,要品目別確認,水洗い。PETはキャップ・ラベルを外す,NOT_STATED_IN_CITED_SOURCE,FALSE,CURRENT,,,S-M069-01,https://www.city.tsuyama.lg.jp/common/photo/free/files/15157/202207061635570688633.pdf,生活ガイドブック／ごみの分け方／缶・びん・ペットボトル,,,,2026-08-19,INITIAL_REVIEW_REQUIRED,CATEGORY_LEVEL,UNREVIEWED,,,Positive evidence（category正式名称・代表品目）から機械抽出。品目別公式根拠と条件枝の確認前はAPP_READYにしない。
MAP-M069-I023-C-M069-02,M069,I023,1,category正式名称・代表品目から機械抽出,C-M069-02,不燃(燃やせない)ごみ,要品目別確認,危険物は安全に保護して出す,NOT_STATED_IN_CITED_SOURCE,FALSE,CURRENT,,,S-M069-01,https://www.city.tsuyama.lg.jp/common/photo/free/files/15157/202207061635570688633.pdf,生活ガイドブック／ごみの分け方／不燃(燃やせない)ごみ,,,,2026-08-19,INITIAL_REVIEW_REQUIRED,CATEGORY_LEVEL,UNREVIEWED,,,Positive evidence（category正式名称・代表品目）から機械抽出。品目別公式根拠と条件枝の確認前はAPP_READYにしない。
MAP-M070-I001-C-M070-06,M070,I001,1,category正式名称・代表品目から機械抽出,C-M070-06,ペットボトル・びん類,要品目別確認,市の指定方法で分別,NOT_STATED_IN_CITED_SOURCE,FALSE,CURRENT,,,S-M070-01,https://www.city.tamano.lg.jp/site/recycle/1630.html,玉野市ごみ分別辞典／ペットボトル・びん類,,,,2026-08-19,INITIAL_REVIEW_REQUIRED,CATEGORY_LEVEL,UNREVIEWED,,,Positive evidence（category正式名称・代表品目）から機械抽出。品目別公式根拠と条件枝の確認前はAPP_READYにしない。
MAP-M070-I006-C-M070-06,M070,I006,1,category正式名称・代表品目から機械抽出,C-M070-06,ペットボトル・びん類,要品目別確認,市の指定方法で分別,NOT_STATED_IN_CITED_SOURCE,FALSE,CURRENT,,,S-M070-01,https://www.city.tamano.lg.jp/site/recycle/1630.html,玉野市ごみ分別辞典／ペットボトル・びん類,,,,2026-08-19,INITIAL_REVIEW_REQUIRED,CATEGORY_LEVEL,UNREVIEWED,,,Positive evidence（category正式名称・代表品目）から機械抽出。品目別公式根拠と条件枝の確認前はAPP_READYにしない。
MAP-M070-I018-C-M070-01,M070,I018,1,category正式名称・代表品目から機械抽出,C-M070-01,燃やせるごみ,要品目別確認,NOT_STATED_IN_CITED_SOURCE,NOT_STATED_IN_CITED_SOURCE,FALSE,CURRENT,,,S-M070-01,https://www.city.tamano.lg.jp/site/recycle/1630.html,玉野市ごみ分別辞典／燃やせるごみ,,,,2026-08-19,INITIAL_REVIEW_REQUIRED,CATEGORY_LEVEL,UNREVIEWED,,,Positive evidence（category正式名称・代表品目）から機械抽出。品目別公式根拠と条件枝の確認前はAPP_READYにしない。
MAP-M070-I032-C-M070-07,M070,I032,1,category正式名称・代表品目から機械抽出,C-M070-07,缶類・危険性の物,要品目別確認,中身を使い切り市指定方法で出す,NOT_STATED_IN_CITED_SOURCE,FALSE,CURRENT,,,S-M070-01,https://www.city.tamano.lg.jp/site/recycle/1630.html,玉野市ごみ分別辞典／缶類・危険性の物,,,,2026-08-19,INITIAL_REVIEW_REQUIRED,CATEGORY_LEVEL,UNREVIEWED,,,Positive evidence（category正式名称・代表品目）から機械抽出。品目別公式根拠と条件枝の確認前はAPP_READYにしない。
MAP-M070-I039-C-M070-08,M070,I039,1,category正式名称・代表品目から機械抽出,C-M070-08,古布・廃食用油,要品目別確認,市の指定方法で出す,NOT_STATED_IN_CITED_SOURCE,FALSE,CURRENT,,,S-M070-01,https://www.city.tamano.lg.jp/site/recycle/1630.html,玉野市ごみ分別辞典／古布・廃食用油,,,,2026-08-19,INITIAL_REVIEW_REQUIRED,CATEGORY_LEVEL,UNREVIEWED,,,Positive evidence（category正式名称・代表品目）から機械抽出。品目別公式根拠と条件枝の確認前はAPP_READYにしない。
MAP-M071-I001-C-M071-07,M071,I001,1,category正式名称・代表品目から機械抽出,C-M071-07,ペットボトル,要品目別確認,キャップ等を外し水洗い,NOT_STATED_IN_CITED_SOURCE,FALSE,CURRENT,,,S-M071-02,https://www.city.kasaoka.okayama.jp/soshiki/18/1822.html,分別収集／ペットボトル,,,,2026-08-19,INITIAL_REVIEW_REQUIRED,CATEGORY_LEVEL,UNREVIEWED,,,Positive evidence（category正式名称・代表品目）から機械抽出。品目別公式根拠と条件枝の確認前はAPP_READYにしない。
MAP-M071-I006-C-M071-06,M071,I006,1,category正式名称・代表品目から機械抽出,C-M071-06,びん類,要品目別確認,中身を空にして市指定方法で出す,NOT_STATED_IN_CITED_SOURCE,FALSE,CURRENT,,,S-M071-02,https://www.city.kasaoka.okayama.jp/soshiki/18/1822.html,分別収集／びん類,,,,2026-08-19,INITIAL_REVIEW_REQUIRED,CATEGORY_LEVEL,UNREVIEWED,,,Positive evidence（category正式名称・代表品目）から機械抽出。品目別公式根拠と条件枝の確認前はAPP_READYにしない。
MAP-M071-I007-C-M071-08,M071,I007,1,category正式名称・代表品目から機械抽出,C-M071-08,白色トレイ,要品目別確認,中を洗う。材質条件を確認,NOT_STATED_IN_CITED_SOURCE,FALSE,CURRENT,,,S-M071-02,https://www.city.kasaoka.okayama.jp/soshiki/18/1822.html,分別収集／白色トレイ,,,,2026-08-19,INITIAL_REVIEW_REQUIRED,CATEGORY_LEVEL,UNREVIEWED,,,Positive evidence（category正式名称・代表品目）から機械抽出。品目別公式根拠と条件枝の確認前はAPP_READYにしない。
MAP-M071-I021-C-M071-05,M071,I021,1,category正式名称・代表品目から機械抽出,C-M071-05,布類,要品目別確認,市指定方法で出す,NOT_STATED_IN_CITED_SOURCE,FALSE,CURRENT,,,S-M071-02,https://www.city.kasaoka.okayama.jp/soshiki/18/1822.html,分別収集／布類,,,,2026-08-19,INITIAL_REVIEW_REQUIRED,CATEGORY_LEVEL,UNREVIEWED,,,Positive evidence（category正式名称・代表品目）から機械抽出。品目別公式根拠と条件枝の確認前はAPP_READYにしない。
MAP-M071-I032-C-M071-10,M071,I032,1,category正式名称・代表品目から機械抽出,C-M071-10,ガス・スプレー缶,要品目別確認,中身を使い切り、必ず穴を開けて出す,NOT_STATED_IN_CITED_SOURCE,FALSE,CURRENT,,,S-M071-05,https://www.city.kasaoka.okayama.jp/soshiki/18/1746.html,分別収集／ガス・スプレー缶,,,,2026-08-19,INITIAL_REVIEW_REQUIRED,CATEGORY_LEVEL,UNREVIEWED,,,Positive evidence（category正式名称・代表品目）から機械抽出。品目別公式根拠と条件枝の確認前はAPP_READYにしない。
MAP-M072-I006-C-M072-03,M072,I006,1,category正式名称・代表品目から機械抽出,C-M072-03,資源ごみ（びん・缶）,要品目別確認,キャップを外し中身を抜き水洗い。スプレー缶は穴を開けガスを抜き切る,NOT_STATED_IN_CITED_SOURCE,FALSE,CURRENT,,,S-M072-01,https://www.city.ibara.okayama.jp/soshiki/13/13158.html,現行ガイド／資源ごみ（びん・缶）,,,,2026-08-19,INITIAL_REVIEW_REQUIRED,CATEGORY_LEVEL,UNREVIEWED,,,Positive evidence（category正式名称・代表品目）から機械抽出。品目別公式根拠と条件枝の確認前はAPP_READYにしない。
MAP-M072-I018-C-M072-01,M072,I018,1,category正式名称・代表品目から機械抽出,C-M072-01,燃やすごみ,要品目別確認,市指定方法で出す,NOT_STATED_IN_CITED_SOURCE,FALSE,CURRENT,,,S-M072-01,https://www.city.ibara.okayama.jp/soshiki/13/13158.html,現行ガイド／燃やすごみ,,,,2026-08-19,INITIAL_REVIEW_REQUIRED,CATEGORY_LEVEL,UNREVIEWED,,,Positive evidence（category正式名称・代表品目）から機械抽出。品目別公式根拠と条件枝の確認前はAPP_READYにしない。
MAP-M072-I021-C-M072-07,M072,I021,1,category正式名称・代表品目から機械抽出,C-M072-07,資源の日（古着・廃食油）,要品目別確認,古着は透明袋、廃食油は指定容器に入れて密栓,NOT_STATED_IN_CITED_SOURCE,FALSE,CURRENT,,,S-M072-03,https://www.city.ibara.okayama.jp/soshiki/13/1437.html,現行ガイド／資源の日（古着・廃食油）,,,,2026-08-19,INITIAL_REVIEW_REQUIRED,CATEGORY_LEVEL,UNREVIEWED,,,Positive evidence（category正式名称・代表品目）から機械抽出。品目別公式根拠と条件枝の確認前はAPP_READYにしない。
MAP-M072-I032-C-M072-03,M072,I032,1,category正式名称・代表品目から機械抽出,C-M072-03,資源ごみ（びん・缶）,要品目別確認,キャップを外し中身を抜き水洗い。スプレー缶は穴を開けガスを抜き切る,NOT_STATED_IN_CITED_SOURCE,FALSE,CURRENT,,,S-M072-01,https://www.city.ibara.okayama.jp/soshiki/13/13158.html,現行ガイド／資源ごみ（びん・缶）,,,,2026-08-19,INITIAL_REVIEW_REQUIRED,CATEGORY_LEVEL,UNREVIEWED,,,Positive evidence（category正式名称・代表品目）から機械抽出。品目別公式根拠と条件枝の確認前はAPP_READYにしない。
MAP-M073-I018-C-M073-01,M073,I018,1,category正式名称・代表品目から機械抽出,C-M073-01,燃やせるごみ,要品目別確認,市指定方法に従う,NOT_STATED_IN_CITED_SOURCE,FALSE,CURRENT,,,S-M073-01,https://www.city.soja.okayama.jp/soshiki/34/4198.html,ごみの収集日・正しい出し方／燃やせるごみ,,,,2026-08-19,INITIAL_REVIEW_REQUIRED,CATEGORY_LEVEL,UNREVIEWED,,,Positive evidence（category正式名称・代表品目）から機械抽出。品目別公式根拠と条件枝の確認前はAPP_READYにしない。
MAP-M073-I020-C-M073-01,M073,I020,1,category正式名称・代表品目から機械抽出,C-M073-01,燃やせるごみ,要品目別確認,市指定方法に従う,NOT_STATED_IN_CITED_SOURCE,FALSE,CURRENT,,,S-M073-01,https://www.city.soja.okayama.jp/soshiki/34/4198.html,ごみの収集日・正しい出し方／燃やせるごみ,,,,2026-08-19,INITIAL_REVIEW_REQUIRED,CATEGORY_LEVEL,UNREVIEWED,,,Positive evidence（category正式名称・代表品目）から機械抽出。品目別公式根拠と条件枝の確認前はAPP_READYにしない。
MAP-M074-I001-C-M074-05,M074,I001,1,category正式名称・代表品目から機械抽出,C-M074-05,ペットボトル,要品目別確認,水洗い。キャップ・ラベルはその他プラスチックへ,NOT_STATED_IN_CITED_SOURCE,FALSE,CURRENT,,,S-M074-01,https://www.city.takahashi.lg.jp/soshiki/14/gomibunbetsu.html,ペットボトル,,,,2026-08-19,INITIAL_REVIEW_REQUIRED,CATEGORY_LEVEL,UNREVIEWED,,,Positive evidence（category正式名称・代表品目）から機械抽出。品目別公式根拠と条件枝の確認前はAPP_READYにしない。
MAP-M074-I006-C-M074-03,M074,I006,1,category正式名称・代表品目から機械抽出,C-M074-03,びん類,要品目別確認,キャップを外し水洗いし指定コンテナへ,NOT_STATED_IN_CITED_SOURCE,FALSE,CURRENT,,,S-M074-01,https://www.city.takahashi.lg.jp/soshiki/14/gomibunbetsu.html,びん類,,,,2026-08-19,INITIAL_REVIEW_REQUIRED,CATEGORY_LEVEL,UNREVIEWED,,,Positive evidence（category正式名称・代表品目）から機械抽出。品目別公式根拠と条件枝の確認前はAPP_READYにしない。
MAP-M074-I013-C-M074-07,M074,I013,1,category正式名称・代表品目から機械抽出,C-M074-07,雑紙・紙パック・段ボール・古新聞・古雑誌,要品目別確認,種類ごとにひもで十文字。雑紙は紙袋または結束,NOT_STATED_IN_CITED_SOURCE,FALSE,CURRENT,,,S-M074-01,https://www.city.takahashi.lg.jp/soshiki/14/gomibunbetsu.html,雑紙・紙パック・段ボール・古新聞・古雑誌,,,,2026-08-19,INITIAL_REVIEW_REQUIRED,CATEGORY_LEVEL,UNREVIEWED,,,Positive evidence（category正式名称・代表品目）から機械抽出。品目別公式根拠と条件枝の確認前はAPP_READYにしない。
MAP-M074-I014-C-M074-07,M074,I014,1,category正式名称・代表品目から機械抽出,C-M074-07,雑紙・紙パック・段ボール・古新聞・古雑誌,要品目別確認,種類ごとにひもで十文字。雑紙は紙袋または結束,NOT_STATED_IN_CITED_SOURCE,FALSE,CURRENT,,,S-M074-01,https://www.city.takahashi.lg.jp/soshiki/14/gomibunbetsu.html,雑紙・紙パック・段ボール・古新聞・古雑誌,,,,2026-08-19,INITIAL_REVIEW_REQUIRED,CATEGORY_LEVEL,UNREVIEWED,,,Positive evidence（category正式名称・代表品目）から機械抽出。品目別公式根拠と条件枝の確認前はAPP_READYにしない。
MAP-M074-I015-C-M074-07,M074,I015,1,category正式名称・代表品目から機械抽出,C-M074-07,雑紙・紙パック・段ボール・古新聞・古雑誌,要品目別確認,種類ごとにひもで十文字。雑紙は紙袋または結束,NOT_STATED_IN_CITED_SOURCE,FALSE,CURRENT,,,S-M074-01,https://www.city.takahashi.lg.jp/soshiki/14/gomibunbetsu.html,雑紙・紙パック・段ボール・古新聞・古雑誌,,,,2026-08-19,INITIAL_REVIEW_REQUIRED,CATEGORY_LEVEL,UNREVIEWED,,,Positive evidence（category正式名称・代表品目）から機械抽出。品目別公式根拠と条件枝の確認前はAPP_READYにしない。
MAP-M074-I016-C-M074-07,M074,I016,1,category正式名称・代表品目から機械抽出,C-M074-07,雑紙・紙パック・段ボール・古新聞・古雑誌,要品目別確認,種類ごとにひもで十文字。雑紙は紙袋または結束,NOT_STATED_IN_CITED_SOURCE,FALSE,CURRENT,,,S-M074-01,https://www.city.takahashi.lg.jp/soshiki/14/gomibunbetsu.html,雑紙・紙パック・段ボール・古新聞・古雑誌,,,,2026-08-19,INITIAL_REVIEW_REQUIRED,CATEGORY_LEVEL,UNREVIEWED,,,Positive evidence（category正式名称・代表品目）から機械抽出。品目別公式根拠と条件枝の確認前はAPP_READYにしない。
MAP-M074-I017-C-M074-07,M074,I017,1,category正式名称・代表品目から機械抽出,C-M074-07,雑紙・紙パック・段ボール・古新聞・古雑誌,要品目別確認,種類ごとにひもで十文字。雑紙は紙袋または結束,NOT_STATED_IN_CITED_SOURCE,FALSE,CURRENT,,,S-M074-01,https://www.city.takahashi.lg.jp/soshiki/14/gomibunbetsu.html,雑紙・紙パック・段ボール・古新聞・古雑誌,,,,2026-08-19,INITIAL_REVIEW_REQUIRED,CATEGORY_LEVEL,UNREVIEWED,,,Positive evidence（category正式名称・代表品目）から機械抽出。品目別公式根拠と条件枝の確認前はAPP_READYにしない。
MAP-M074-I018-C-M074-01,M074,I018,1,category正式名称・代表品目から機械抽出,C-M074-01,燃やせるごみ,要品目別確認,生ごみは十分に水切り,NOT_STATED_IN_CITED_SOURCE,FALSE,CURRENT,,,S-M074-01,https://www.city.takahashi.lg.jp/soshiki/14/gomibunbetsu.html,燃やせるごみ,,,,2026-08-19,INITIAL_REVIEW_REQUIRED,CATEGORY_LEVEL,UNREVIEWED,,,Positive evidence（category正式名称・代表品目）から機械抽出。品目別公式根拠と条件枝の確認前はAPP_READYにしない。
MAP-M074-I032-C-M074-04,M074,I032,1,category正式名称・代表品目から機械抽出,C-M074-04,かん類,要品目別確認,水洗い。スプレー缶・ガス缶は使い切り穴を空ける,NOT_STATED_IN_CITED_SOURCE,FALSE,CURRENT,,,S-M074-01,https://www.city.takahashi.lg.jp/soshiki/14/gomibunbetsu.html,かん類,,,,2026-08-19,INITIAL_REVIEW_REQUIRED,CATEGORY_LEVEL,UNREVIEWED,,,Positive evidence（category正式名称・代表品目）から機械抽出。品目別公式根拠と条件枝の確認前はAPP_READYにしない。
MAP-M077-I001-C-M077-02,M077,I001,1,category正式名称・代表品目から機械抽出,C-M077-02,飲料用カン・ペットボトル,要品目別確認,中身を空にして洗浄。PETはキャップ・ラベルを外す,NOT_STATED_IN_CITED_SOURCE,FALSE,CURRENT,,,S-M077-02,https://www.city.setouchi.lg.jp/uploaded/attachment/126501.pdf,飲料用カン・ペットボトル,,,,2026-08-19,INITIAL_REVIEW_REQUIRED,CATEGORY_LEVEL,UNREVIEWED,,,Positive evidence（category正式名称・代表品目）から機械抽出。品目別公式根拠と条件枝の確認前はAPP_READYにしない。
MAP-M077-I018-C-M077-01,M077,I018,1,category正式名称・代表品目から機械抽出,C-M077-01,燃やすしかないごみ,要品目別確認,市指定袋。生ごみは水切り,NOT_STATED_IN_CITED_SOURCE,FALSE,CURRENT,,,S-M077-02,https://www.city.setouchi.lg.jp/uploaded/attachment/126501.pdf,燃やすしかないごみ,,,,2026-08-19,INITIAL_REVIEW_REQUIRED,CATEGORY_LEVEL,UNREVIEWED,,,Positive evidence（category正式名称・代表品目）から機械抽出。品目別公式根拠と条件枝の確認前はAPP_READYにしない。
MAP-M077-I023-C-M077-07,M077,I023,1,category正式名称・代表品目から機械抽出,C-M077-07,コンテナ（電池類・蛍光管・陶磁器・ガラス類・その他ビン）,要品目別確認,品目に応じ指定コンテナへ,NOT_STATED_IN_CITED_SOURCE,FALSE,CURRENT,,,S-M077-02,https://www.city.setouchi.lg.jp/uploaded/attachment/126501.pdf,コンテナ（電池類・蛍光管・陶磁器・ガラス類・その他ビン）,,,,2026-08-19,INITIAL_REVIEW_REQUIRED,CATEGORY_LEVEL,UNREVIEWED,,,Positive evidence（category正式名称・代表品目）から機械抽出。品目別公式根拠と条件枝の確認前はAPP_READYにしない。
MAP-M077-I027-C-M077-07,M077,I027,1,category正式名称・代表品目から機械抽出,C-M077-07,コンテナ（電池類・蛍光管・陶磁器・ガラス類・その他ビン）,要品目別確認,品目に応じ指定コンテナへ,NOT_STATED_IN_CITED_SOURCE,FALSE,CURRENT,,,S-M077-02,https://www.city.setouchi.lg.jp/uploaded/attachment/126501.pdf,コンテナ（電池類・蛍光管・陶磁器・ガラス類・その他ビン）,,,,2026-08-19,INITIAL_REVIEW_REQUIRED,CATEGORY_LEVEL,UNREVIEWED,,,Positive evidence（category正式名称・代表品目）から機械抽出。品目別公式根拠と条件枝の確認前はAPP_READYにしない。
MAP-M077-I030-C-M077-07,M077,I030,1,category正式名称・代表品目から機械抽出,C-M077-07,コンテナ（電池類・蛍光管・陶磁器・ガラス類・その他ビン）,要品目別確認,品目に応じ指定コンテナへ,NOT_STATED_IN_CITED_SOURCE,FALSE,CURRENT,,,S-M077-02,https://www.city.setouchi.lg.jp/uploaded/attachment/126501.pdf,コンテナ（電池類・蛍光管・陶磁器・ガラス類・その他ビン）,,,,2026-08-19,INITIAL_REVIEW_REQUIRED,CATEGORY_LEVEL,UNREVIEWED,,,Positive evidence（category正式名称・代表品目）から機械抽出。品目別公式根拠と条件枝の確認前はAPP_READYにしない。
MAP-M077-I032-C-M077-04,M077,I032,1,category正式名称・代表品目から機械抽出,C-M077-04,金物類,要品目別確認,スプレー缶・カセット式ガスボンベは安全機構を利用し、火気のない風通しのよい屋外で中身を完全に出し切ってから出す,NOT_STATED_IN_CITED_SOURCE,FALSE,CURRENT,,,S-M077-04,https://www.city.setouchi.lg.jp/soshiki/14/139499.html,スプレー缶・カセット式ガスボンベ／中身を出し切ったもの→金物類,,,,2026-08-19,INITIAL_REVIEW_REQUIRED,CATEGORY_LEVEL,UNREVIEWED,,,Positive evidence（category正式名称・代表品目）から機械抽出。品目別公式根拠と条件枝の確認前はAPP_READYにしない。
MAP-M077-I034-C-M077-09,M077,I034,1,category正式名称・代表品目から機械抽出,C-M077-09,粗大ごみ（不燃）・小型家電,要品目別確認,NOT_STATED_IN_CITED_SOURCE,NOT_STATED_IN_CITED_SOURCE,FALSE,CURRENT,,,S-M077-02,https://www.city.setouchi.lg.jp/uploaded/attachment/126501.pdf,粗大ごみ（不燃）・小型家電,,,,2026-08-19,INITIAL_REVIEW_REQUIRED,CATEGORY_LEVEL,UNREVIEWED,,,Positive evidence（category正式名称・代表品目）から機械抽出。品目別公式根拠と条件枝の確認前はAPP_READYにしない。
MAP-M078-I001-C-M078-06,M078,I001,1,category正式名称・代表品目から機械抽出,C-M078-06,ペットボトル・埋立ごみ等,要品目別確認,NOT_STATED_IN_CITED_SOURCE,NOT_STATED_IN_CITED_SOURCE,FALSE,CURRENT,,,S-M078-02,https://www.city.akaiwa.lg.jp/kurashi/gomi/gomi/kankyo_center/gomibunbetu/7755.html,ペットボトル・埋立ごみ等,,,,2026-08-19,INITIAL_REVIEW_REQUIRED,CATEGORY_LEVEL,UNREVIEWED,,,Positive evidence（category正式名称・代表品目）から機械抽出。品目別公式根拠と条件枝の確認前はAPP_READYにしない。
MAP-M078-I006-C-M078-05,M078,I006,1,category正式名称・代表品目から機械抽出,C-M078-05,金属・びん,要品目別確認,NOT_STATED_IN_CITED_SOURCE,NOT_STATED_IN_CITED_SOURCE,FALSE,CURRENT,,,S-M078-02,https://www.city.akaiwa.lg.jp/kurashi/gomi/gomi/kankyo_center/gomibunbetu/7755.html,金属・びん,,,,2026-08-19,INITIAL_REVIEW_REQUIRED,CATEGORY_LEVEL,UNREVIEWED,,,Positive evidence（category正式名称・代表品目）から機械抽出。品目別公式根拠と条件枝の確認前はAPP_READYにしない。
MAP-M078-I013-C-M078-04,M078,I013,1,category正式名称・代表品目から機械抽出,C-M078-04,新聞・雑誌・布等,要品目別確認,NOT_STATED_IN_CITED_SOURCE,NOT_STATED_IN_CITED_SOURCE,FALSE,CURRENT,,,S-M078-02,https://www.city.akaiwa.lg.jp/kurashi/gomi/gomi/kankyo_center/gomibunbetu/7755.html,新聞・雑誌・布等,,,,2026-08-19,INITIAL_REVIEW_REQUIRED,CATEGORY_LEVEL,UNREVIEWED,,,Positive evidence（category正式名称・代表品目）から機械抽出。品目別公式根拠と条件枝の確認前はAPP_READYにしない。
MAP-M078-I015-C-M078-04,M078,I015,1,category正式名称・代表品目から機械抽出,C-M078-04,新聞・雑誌・布等,要品目別確認,NOT_STATED_IN_CITED_SOURCE,NOT_STATED_IN_CITED_SOURCE,FALSE,CURRENT,,,S-M078-02,https://www.city.akaiwa.lg.jp/kurashi/gomi/gomi/kankyo_center/gomibunbetu/7755.html,新聞・雑誌・布等,,,,2026-08-19,INITIAL_REVIEW_REQUIRED,CATEGORY_LEVEL,UNREVIEWED,,,Positive evidence（category正式名称・代表品目）から機械抽出。品目別公式根拠と条件枝の確認前はAPP_READYにしない。
MAP-M078-I021-C-M078-04,M078,I021,1,category正式名称・代表品目から機械抽出,C-M078-04,新聞・雑誌・布等,要品目別確認,NOT_STATED_IN_CITED_SOURCE,NOT_STATED_IN_CITED_SOURCE,FALSE,CURRENT,,,S-M078-02,https://www.city.akaiwa.lg.jp/kurashi/gomi/gomi/kankyo_center/gomibunbetu/7755.html,新聞・雑誌・布等,,,,2026-08-19,INITIAL_REVIEW_REQUIRED,CATEGORY_LEVEL,UNREVIEWED,,,Positive evidence（category正式名称・代表品目）から機械抽出。品目別公式根拠と条件枝の確認前はAPP_READYにしない。
MAP-M079-I001-C-M079-06,M079,I001,1,category正式名称・代表品目から機械抽出,C-M079-06,ペットボトル,要品目別確認,ふた・ラベルを外し軽くすすぐ,NOT_STATED_IN_CITED_SOURCE,FALSE,CURRENT,,,S-M079-02,https://www.city.maniwa.lg.jp/uploaded/attachment/35804.pdf,ペットボトル,,,,2026-08-19,INITIAL_REVIEW_REQUIRED,CATEGORY_LEVEL,UNREVIEWED,,,Positive evidence（category正式名称・代表品目）から機械抽出。品目別公式根拠と条件枝の確認前はAPP_READYにしない。
MAP-M079-I004-C-M079-02,M079,I004,1,category正式名称・代表品目から機械抽出,C-M079-02,アルミ缶・スチール缶,要品目別確認,洗浄,NOT_STATED_IN_CITED_SOURCE,FALSE,CURRENT,,,S-M079-02,https://www.city.maniwa.lg.jp/uploaded/attachment/35804.pdf,アルミ缶・スチール缶,,,,2026-08-19,INITIAL_REVIEW_REQUIRED,CATEGORY_LEVEL,UNREVIEWED,,,Positive evidence（category正式名称・代表品目）から機械抽出。品目別公式根拠と条件枝の確認前はAPP_READYにしない。
MAP-M079-I005-C-M079-02,M079,I005,1,category正式名称・代表品目から機械抽出,C-M079-02,アルミ缶・スチール缶,要品目別確認,洗浄,NOT_STATED_IN_CITED_SOURCE,FALSE,CURRENT,,,S-M079-02,https://www.city.maniwa.lg.jp/uploaded/attachment/35804.pdf,アルミ缶・スチール缶,,,,2026-08-19,INITIAL_REVIEW_REQUIRED,CATEGORY_LEVEL,UNREVIEWED,,,Positive evidence（category正式名称・代表品目）から機械抽出。品目別公式根拠と条件枝の確認前はAPP_READYにしない。
MAP-M079-I021-C-M079-11,M079,I021,1,category正式名称・代表品目から機械抽出,C-M079-11,布類,要品目別確認,透明・半透明袋,NOT_STATED_IN_CITED_SOURCE,FALSE,CURRENT,,,S-M079-02,https://www.city.maniwa.lg.jp/uploaded/attachment/35804.pdf,布類,,,,2026-08-19,INITIAL_REVIEW_REQUIRED,CATEGORY_LEVEL,UNREVIEWED,,,Positive evidence（category正式名称・代表品目）から機械抽出。品目別公式根拠と条件枝の確認前はAPP_READYにしない。
MAP-M079-I023-C-M079-13,M079,I023,1,category正式名称・代表品目から機械抽出,C-M079-13,ガラス・陶磁器類,要品目別確認,割れ物は紙等に包む,NOT_STATED_IN_CITED_SOURCE,FALSE,CURRENT,,,S-M079-02,https://www.city.maniwa.lg.jp/uploaded/attachment/35804.pdf,ガラス・陶磁器類,,,,2026-08-19,INITIAL_REVIEW_REQUIRED,CATEGORY_LEVEL,UNREVIEWED,,,Positive evidence（category正式名称・代表品目）から機械抽出。品目別公式根拠と条件枝の確認前はAPP_READYにしない。
MAP-M079-I025-C-M079-13,M079,I025,1,category正式名称・代表品目から機械抽出,C-M079-13,ガラス・陶磁器類,要品目別確認,割れ物は紙等に包む,NOT_STATED_IN_CITED_SOURCE,FALSE,CURRENT,,,S-M079-02,https://www.city.maniwa.lg.jp/uploaded/attachment/35804.pdf,ガラス・陶磁器類,,,,2026-08-19,INITIAL_REVIEW_REQUIRED,CATEGORY_LEVEL,UNREVIEWED,,,Positive evidence（category正式名称・代表品目）から機械抽出。品目別公式根拠と条件枝の確認前はAPP_READYにしない。
MAP-M079-I027-C-M079-10,M079,I027,1,category正式名称・代表品目から機械抽出,C-M079-10,乾電池,要品目別確認,対象電池を指定方法で出す,NOT_STATED_IN_CITED_SOURCE,FALSE,CURRENT,,,S-M079-02,https://www.city.maniwa.lg.jp/uploaded/attachment/35804.pdf,乾電池,,,,2026-08-19,INITIAL_REVIEW_REQUIRED,CATEGORY_LEVEL,UNREVIEWED,,,Positive evidence（category正式名称・代表品目）から機械抽出。品目別公式根拠と条件枝の確認前はAPP_READYにしない。
MAP-M079-I030-C-M079-14,M079,I030,1,category正式名称・代表品目から機械抽出,C-M079-14,蛍光管類,要品目別確認,割れないようケース等で保護,NOT_STATED_IN_CITED_SOURCE,FALSE,CURRENT,,,S-M079-02,https://www.city.maniwa.lg.jp/uploaded/attachment/35804.pdf,蛍光管類,,,,2026-08-19,INITIAL_REVIEW_REQUIRED,CATEGORY_LEVEL,UNREVIEWED,,,Positive evidence（category正式名称・代表品目）から機械抽出。品目別公式根拠と条件枝の確認前はAPP_READYにしない。
MAP-M079-I034-C-M079-09,M079,I034,1,category正式名称・代表品目から機械抽出,C-M079-09,小型家電,要品目別確認,個人情報を削除,NOT_STATED_IN_CITED_SOURCE,FALSE,CURRENT,,,S-M079-02,https://www.city.maniwa.lg.jp/uploaded/attachment/35804.pdf,小型家電,,,,2026-08-19,INITIAL_REVIEW_REQUIRED,CATEGORY_LEVEL,UNREVIEWED,,,Positive evidence（category正式名称・代表品目）から機械抽出。品目別公式根拠と条件枝の確認前はAPP_READYにしない。
MAP-M079-I036-C-M079-16,M079,I036,1,category正式名称・代表品目から機械抽出,C-M079-16,粗大ごみ類,要品目別確認,可能な範囲で異素材を外す,NOT_STATED_IN_CITED_SOURCE,FALSE,CURRENT,,,S-M079-02,https://www.city.maniwa.lg.jp/uploaded/attachment/35804.pdf,粗大ごみ類,,,,2026-08-19,INITIAL_REVIEW_REQUIRED,CATEGORY_LEVEL,UNREVIEWED,,,Positive evidence（category正式名称・代表品目）から機械抽出。品目別公式根拠と条件枝の確認前はAPP_READYにしない。
MAP-M079-I037-C-M079-17,M079,I037,1,category正式名称・代表品目から機械抽出,C-M079-17,取り扱いできないごみ,要品目別確認,受入先の指示に従う,販売店・専門業者等の公式案内に従う,TRUE,CURRENT,,,S-M079-02,https://www.city.maniwa.lg.jp/uploaded/attachment/35804.pdf,取り扱いできないごみ,,,,2026-08-19,INITIAL_REVIEW_REQUIRED,CATEGORY_LEVEL,UNREVIEWED,,,Positive evidence（category正式名称・代表品目）から機械抽出。品目別公式根拠と条件枝の確認前はAPP_READYにしない。
MAP-M080-I001-C-M080-21,M080,I001,1,category正式名称・代表品目から機械抽出,C-M080-21,ペットボトル,要品目別確認,洗浄しキャップ・ラベルを外す,NOT_STATED_IN_CITED_SOURCE,FALSE,CURRENT,,,S-M080-01,https://www.city.mimasaka.lg.jp/soshiki/shimin/kankyo/Cleancenter/life_guide01.html,ペットボトル,,,,2026-08-19,INITIAL_REVIEW_REQUIRED,CATEGORY_LEVEL,UNREVIEWED,,,Positive evidence（category正式名称・代表品目）から機械抽出。品目別公式根拠と条件枝の確認前はAPP_READYにしない。
MAP-M080-I006-C-M080-03,M080,I006,1,category正式名称・代表品目から機械抽出,C-M080-03,透明びん,要品目別確認,キャップを外し洗浄し専用コンテナ,NOT_STATED_IN_CITED_SOURCE,FALSE,CURRENT,,,S-M080-01,https://www.city.mimasaka.lg.jp/soshiki/shimin/kankyo/Cleancenter/life_guide01.html,透明びん,,,,2026-08-19,INITIAL_REVIEW_REQUIRED,CATEGORY_LEVEL,UNREVIEWED,,,Positive evidence（category正式名称・代表品目）から機械抽出。品目別公式根拠と条件枝の確認前はAPP_READYにしない。
MAP-M080-I006-C-M080-04,M080,I006,2,category正式名称・代表品目から機械抽出,C-M080-04,茶色びん,要品目別確認,キャップを外し洗浄し専用コンテナ,NOT_STATED_IN_CITED_SOURCE,FALSE,CURRENT,,,S-M080-01,https://www.city.mimasaka.lg.jp/soshiki/shimin/kankyo/Cleancenter/life_guide01.html,茶色びん,,,,2026-08-19,INITIAL_REVIEW_REQUIRED,CATEGORY_LEVEL,UNREVIEWED,,,Positive evidence（category正式名称・代表品目）から機械抽出。品目別公式根拠と条件枝の確認前はAPP_READYにしない。
MAP-M080-I006-C-M080-05,M080,I006,3,category正式名称・代表品目から機械抽出,C-M080-05,その他色びん,要品目別確認,キャップを外し洗浄し専用コンテナ,NOT_STATED_IN_CITED_SOURCE,FALSE,CURRENT,,,S-M080-01,https://www.city.mimasaka.lg.jp/soshiki/shimin/kankyo/Cleancenter/life_guide01.html,その他色びん,,,,2026-08-19,INITIAL_REVIEW_REQUIRED,CATEGORY_LEVEL,UNREVIEWED,,,Positive evidence（category正式名称・代表品目）から機械抽出。品目別公式根拠と条件枝の確認前はAPP_READYにしない。
MAP-M080-I006-C-M080-06,M080,I006,4,category正式名称・代表品目から機械抽出,C-M080-06,生ビン（いきびん）,要品目別確認,キャップを外し洗浄し生びんコンテナ,NOT_STATED_IN_CITED_SOURCE,FALSE,CURRENT,,,S-M080-01,https://www.city.mimasaka.lg.jp/soshiki/shimin/kankyo/Cleancenter/life_guide01.html,生ビン（いきびん）,,,,2026-08-19,INITIAL_REVIEW_REQUIRED,CATEGORY_LEVEL,UNREVIEWED,,,Positive evidence（category正式名称・代表品目）から機械抽出。品目別公式根拠と条件枝の確認前はAPP_READYにしない。
MAP-M080-I007-C-M080-18,M080,I007,1,category正式名称・代表品目から機械抽出,C-M080-18,白色トレイ・発泡スチロール,要品目別確認,透明・半透明袋。色柄トレイはプラへ,NOT_STATED_IN_CITED_SOURCE,FALSE,CURRENT,,,S-M080-01,https://www.city.mimasaka.lg.jp/soshiki/shimin/kankyo/Cleancenter/life_guide01.html,白色トレイ・発泡スチロール,,,,2026-08-19,INITIAL_REVIEW_REQUIRED,CATEGORY_LEVEL,UNREVIEWED,,,Positive evidence（category正式名称・代表品目）から機械抽出。品目別公式根拠と条件枝の確認前はAPP_READYにしない。
MAP-M080-I012-C-M080-18,M080,I012,1,category正式名称・代表品目から機械抽出,C-M080-18,白色トレイ・発泡スチロール,要品目別確認,透明・半透明袋。色柄トレイはプラへ,NOT_STATED_IN_CITED_SOURCE,FALSE,CURRENT,,,S-M080-01,https://www.city.mimasaka.lg.jp/soshiki/shimin/kankyo/Cleancenter/life_guide01.html,白色トレイ・発泡スチロール,,,,2026-08-19,INITIAL_REVIEW_REQUIRED,CATEGORY_LEVEL,UNREVIEWED,,,Positive evidence（category正式名称・代表品目）から機械抽出。品目別公式根拠と条件枝の確認前はAPP_READYにしない。
MAP-M080-I018-C-M080-01,M080,I018,1,category正式名称・代表品目から機械抽出,C-M080-01,燃えるごみ,要品目別確認,水切り。金属を外す。指定可燃袋に記名,NOT_STATED_IN_CITED_SOURCE,FALSE,CURRENT,,,S-M080-01,https://www.city.mimasaka.lg.jp/soshiki/shimin/kankyo/Cleancenter/life_guide01.html,燃えるごみ,,,,2026-08-19,INITIAL_REVIEW_REQUIRED,CATEGORY_LEVEL,UNREVIEWED,,,Positive evidence（category正式名称・代表品目）から機械抽出。品目別公式根拠と条件枝の確認前はAPP_READYにしない。
MAP-M080-I020-C-M080-01,M080,I020,1,category正式名称・代表品目から機械抽出,C-M080-01,燃えるごみ,要品目別確認,水切り。金属を外す。指定可燃袋に記名,NOT_STATED_IN_CITED_SOURCE,FALSE,CURRENT,,,S-M080-01,https://www.city.mimasaka.lg.jp/soshiki/shimin/kankyo/Cleancenter/life_guide01.html,燃えるごみ,,,,2026-08-19,INITIAL_REVIEW_REQUIRED,CATEGORY_LEVEL,UNREVIEWED,,,Positive evidence（category正式名称・代表品目）から機械抽出。品目別公式根拠と条件枝の確認前はAPP_READYにしない。
MAP-M080-I025-C-M080-08,M080,I025,1,category正式名称・代表品目から機械抽出,C-M080-08,ガラス類,要品目別確認,ガラス類コンテナ,NOT_STATED_IN_CITED_SOURCE,FALSE,CURRENT,,,S-M080-01,https://www.city.mimasaka.lg.jp/soshiki/shimin/kankyo/Cleancenter/life_guide01.html,ガラス類,,,,2026-08-19,INITIAL_REVIEW_REQUIRED,CATEGORY_LEVEL,UNREVIEWED,,,Positive evidence（category正式名称・代表品目）から機械抽出。品目別公式根拠と条件枝の確認前はAPP_READYにしない。
MAP-M080-I026-C-M080-16,M080,I026,1,category正式名称・代表品目から機械抽出,C-M080-16,刃物・突鋭物など,要品目別確認,専用コンテナ。細かい物は金属缶に入れ密閉,NOT_STATED_IN_CITED_SOURCE,FALSE,CURRENT,,,S-M080-01,https://www.city.mimasaka.lg.jp/soshiki/shimin/kankyo/Cleancenter/life_guide01.html,刃物・突鋭物など,,,,2026-08-19,INITIAL_REVIEW_REQUIRED,CATEGORY_LEVEL,UNREVIEWED,,,Positive evidence（category正式名称・代表品目）から機械抽出。品目別公式根拠と条件枝の確認前はAPP_READYにしない。
MAP-M080-I027-C-M080-13,M080,I027,1,category正式名称・代表品目から機械抽出,C-M080-13,乾電池類,要品目別確認,乾電池コンテナ。ライターはナイロン袋,NOT_STATED_IN_CITED_SOURCE,FALSE,CURRENT,,,S-M080-01,https://www.city.mimasaka.lg.jp/soshiki/shimin/kankyo/Cleancenter/life_guide01.html,乾電池類,,,,2026-08-19,INITIAL_REVIEW_REQUIRED,CATEGORY_LEVEL,UNREVIEWED,,,Positive evidence（category正式名称・代表品目）から機械抽出。品目別公式根拠と条件枝の確認前はAPP_READYにしない。
MAP-M080-I030-C-M080-07,M080,I030,1,category正式名称・代表品目から機械抽出,C-M080-07,蛍光灯類,要品目別確認,割らず専用コンテナ,NOT_STATED_IN_CITED_SOURCE,FALSE,CURRENT,,,S-M080-01,https://www.city.mimasaka.lg.jp/soshiki/shimin/kankyo/Cleancenter/life_guide01.html,蛍光灯類,,,,2026-08-19,INITIAL_REVIEW_REQUIRED,CATEGORY_LEVEL,UNREVIEWED,,,Positive evidence（category正式名称・代表品目）から機械抽出。品目別公式根拠と条件枝の確認前はAPP_READYにしない。
MAP-M080-I031-C-M080-09,M080,I031,1,category正式名称・代表品目から機械抽出,C-M080-09,陶器類,要品目別確認,指定燃えないごみ袋,NOT_STATED_IN_CITED_SOURCE,FALSE,CURRENT,,,S-M080-01,https://www.city.mimasaka.lg.jp/soshiki/shimin/kankyo/Cleancenter/life_guide01.html,陶器類,,,,2026-08-19,INITIAL_REVIEW_REQUIRED,CATEGORY_LEVEL,UNREVIEWED,,,Positive evidence（category正式名称・代表品目）から機械抽出。品目別公式根拠と条件枝の確認前はAPP_READYにしない。
MAP-M080-I032-C-M080-15,M080,I032,1,category正式名称・代表品目から機械抽出,C-M080-15,スプレー缶,要品目別確認,必ず穴をあけてスプレー缶コンテナ,NOT_STATED_IN_CITED_SOURCE,FALSE,CURRENT,,,S-M080-01,https://www.city.mimasaka.lg.jp/soshiki/shimin/kankyo/Cleancenter/life_guide01.html,スプレー缶,,,,2026-08-19,INITIAL_REVIEW_REQUIRED,CATEGORY_LEVEL,UNREVIEWED,,,Positive evidence（category正式名称・代表品目）から機械抽出。品目別公式根拠と条件枝の確認前はAPP_READYにしない。
MAP-M080-I033-C-M080-13,M080,I033,1,category正式名称・代表品目から機械抽出,C-M080-13,乾電池類,要品目別確認,乾電池コンテナ。ライターはナイロン袋,NOT_STATED_IN_CITED_SOURCE,FALSE,CURRENT,,,S-M080-01,https://www.city.mimasaka.lg.jp/soshiki/shimin/kankyo/Cleancenter/life_guide01.html,乾電池類,,,,2026-08-19,INITIAL_REVIEW_REQUIRED,CATEGORY_LEVEL,UNREVIEWED,,,Positive evidence（category正式名称・代表品目）から機械抽出。品目別公式根拠と条件枝の確認前はAPP_READYにしない。
MAP-M080-I036-C-M080-23,M080,I036,1,category正式名称・代表品目から機械抽出,C-M080-23,粗大ごみ（直接搬入のみ）,要品目別確認,美作クリーンセンターへ直接搬入,NOT_STATED_IN_CITED_SOURCE,FALSE,CURRENT,,,S-M080-01,https://www.city.mimasaka.lg.jp/soshiki/shimin/kankyo/Cleancenter/life_guide01.html,粗大ごみ（直接搬入のみ）,,,,2026-08-19,INITIAL_REVIEW_REQUIRED,CATEGORY_LEVEL,UNREVIEWED,,,Positive evidence（category正式名称・代表品目）から機械抽出。品目別公式根拠と条件枝の確認前はAPP_READYにしない。
MAP-M080-I037-C-M080-24,M080,I037,1,category正式名称・代表品目から機械抽出,C-M080-24,家電リサイクル法対象機器,要品目別確認,受入先の指示に従う,販売店・専門業者等の公式案内に従う,TRUE,CURRENT,,,S-M080-01,https://www.city.mimasaka.lg.jp/soshiki/shimin/kankyo/Cleancenter/life_guide01.html,家電リサイクル法対象機器,,,,2026-08-19,INITIAL_REVIEW_REQUIRED,CATEGORY_LEVEL,UNREVIEWED,,,Positive evidence（category正式名称・代表品目）から機械抽出。品目別公式根拠と条件枝の確認前はAPP_READYにしない。
MAP-M081-I001-C-M081-07,M081,I001,1,category正式名称・代表品目から機械抽出,C-M081-07,ペットボトル,要品目別確認,容器類は中をきれいに洗う,NOT_STATED_IN_CITED_SOURCE,FALSE,CURRENT,,,S-M081-02,https://www.city.asakuchi.lg.jp/page/1143.html,ペットボトル,,,,2026-08-19,INITIAL_REVIEW_REQUIRED,CATEGORY_LEVEL,UNREVIEWED,,,Positive evidence（category正式名称・代表品目）から機械抽出。品目別公式根拠と条件枝の確認前はAPP_READYにしない。
MAP-M081-I006-C-M081-06,M081,I006,1,category正式名称・代表品目から機械抽出,C-M081-06,びん,要品目別確認,容器類は中をきれいに洗う,NOT_STATED_IN_CITED_SOURCE,FALSE,CURRENT,,,S-M081-02,https://www.city.asakuchi.lg.jp/page/1143.html,びん,,,,2026-08-19,INITIAL_REVIEW_REQUIRED,CATEGORY_LEVEL,UNREVIEWED,,,Positive evidence（category正式名称・代表品目）から機械抽出。品目別公式根拠と条件枝の確認前はAPP_READYにしない。
MAP-M081-I013-C-M081-10,M081,I013,1,category正式名称・代表品目から機械抽出,C-M081-10,新聞紙、折り込み広告,要品目別確認,NOT_STATED_IN_CITED_SOURCE,NOT_STATED_IN_CITED_SOURCE,FALSE,CURRENT,,,S-M081-02,https://www.city.asakuchi.lg.jp/page/1143.html,新聞紙、折り込み広告,,,,2026-08-19,INITIAL_REVIEW_REQUIRED,CATEGORY_LEVEL,UNREVIEWED,,,Positive evidence（category正式名称・代表品目）から機械抽出。品目別公式根拠と条件枝の確認前はAPP_READYにしない。
MAP-M081-I014-C-M081-12,M081,I014,1,category正式名称・代表品目から機械抽出,C-M081-12,ダンボール,要品目別確認,NOT_STATED_IN_CITED_SOURCE,NOT_STATED_IN_CITED_SOURCE,FALSE,CURRENT,,,S-M081-02,https://www.city.asakuchi.lg.jp/page/1143.html,ダンボール,,,,2026-08-19,INITIAL_REVIEW_REQUIRED,CATEGORY_LEVEL,UNREVIEWED,,,Positive evidence（category正式名称・代表品目）から機械抽出。品目別公式根拠と条件枝の確認前はAPP_READYにしない。
MAP-M081-I015-C-M081-11,M081,I015,1,category正式名称・代表品目から機械抽出,C-M081-11,雑誌、本、雑紙,要品目別確認,NOT_STATED_IN_CITED_SOURCE,NOT_STATED_IN_CITED_SOURCE,FALSE,CURRENT,,,S-M081-02,https://www.city.asakuchi.lg.jp/page/1143.html,雑誌、本、雑紙,,,,2026-08-19,INITIAL_REVIEW_REQUIRED,CATEGORY_LEVEL,UNREVIEWED,,,Positive evidence（category正式名称・代表品目）から機械抽出。品目別公式根拠と条件枝の確認前はAPP_READYにしない。
MAP-M081-I016-C-M081-11,M081,I016,1,category正式名称・代表品目から機械抽出,C-M081-11,雑誌、本、雑紙,要品目別確認,NOT_STATED_IN_CITED_SOURCE,NOT_STATED_IN_CITED_SOURCE,FALSE,CURRENT,,,S-M081-02,https://www.city.asakuchi.lg.jp/page/1143.html,雑誌、本、雑紙,,,,2026-08-19,INITIAL_REVIEW_REQUIRED,CATEGORY_LEVEL,UNREVIEWED,,,Positive evidence（category正式名称・代表品目）から機械抽出。品目別公式根拠と条件枝の確認前はAPP_READYにしない。
MAP-M081-I017-C-M081-13,M081,I017,1,category正式名称・代表品目から機械抽出,C-M081-13,紙パック,要品目別確認,NOT_STATED_IN_CITED_SOURCE,NOT_STATED_IN_CITED_SOURCE,FALSE,CURRENT,,,S-M081-02,https://www.city.asakuchi.lg.jp/page/1143.html,紙パック,,,,2026-08-19,INITIAL_REVIEW_REQUIRED,CATEGORY_LEVEL,UNREVIEWED,,,Positive evidence（category正式名称・代表品目）から機械抽出。品目別公式根拠と条件枝の確認前はAPP_READYにしない。
MAP-M081-I018-C-M081-01,M081,I018,1,category正式名称・代表品目から機械抽出,C-M081-01,もえるごみ,要品目別確認,生ごみは水切り,NOT_STATED_IN_CITED_SOURCE,FALSE,CURRENT,,,S-M081-02,https://www.city.asakuchi.lg.jp/page/1143.html,もえるごみ,,,,2026-08-19,INITIAL_REVIEW_REQUIRED,CATEGORY_LEVEL,UNREVIEWED,,,Positive evidence（category正式名称・代表品目）から機械抽出。品目別公式根拠と条件枝の確認前はAPP_READYにしない。
MAP-M081-I021-C-M081-14,M081,I021,1,category正式名称・代表品目から機械抽出,C-M081-14,布類,要品目別確認,NOT_STATED_IN_CITED_SOURCE,NOT_STATED_IN_CITED_SOURCE,FALSE,CURRENT,,,S-M081-02,https://www.city.asakuchi.lg.jp/page/1143.html,布類,,,,2026-08-19,INITIAL_REVIEW_REQUIRED,CATEGORY_LEVEL,UNREVIEWED,,,Positive evidence（category正式名称・代表品目）から機械抽出。品目別公式根拠と条件枝の確認前はAPP_READYにしない。
MAP-M081-I027-C-M081-15,M081,I027,1,category正式名称・代表品目から機械抽出,C-M081-15,乾電池,要品目別確認,NOT_STATED_IN_CITED_SOURCE,NOT_STATED_IN_CITED_SOURCE,FALSE,CURRENT,,,S-M081-02,https://www.city.asakuchi.lg.jp/page/1143.html,乾電池,,,,2026-08-19,INITIAL_REVIEW_REQUIRED,CATEGORY_LEVEL,UNREVIEWED,,,Positive evidence（category正式名称・代表品目）から機械抽出。品目別公式根拠と条件枝の確認前はAPP_READYにしない。
MAP-M081-I037-C-M081-16,M081,I037,1,category正式名称・代表品目から機械抽出,C-M081-16,ステーションで収集しないごみ,要品目別確認,受入先の指示に従う,販売店・専門業者等の公式案内に従う,TRUE,CURRENT,,,S-M081-02,https://www.city.asakuchi.lg.jp/page/1143.html,ステーションで収集しないごみ,,,,2026-08-19,INITIAL_REVIEW_REQUIRED,CATEGORY_LEVEL,UNREVIEWED,,,Positive evidence（category正式名称・代表品目）から機械抽出。品目別公式根拠と条件枝の確認前はAPP_READYにしない。
MAP-M082-I001-C-M082-06,M082,I001,1,category正式名称・代表品目から機械抽出,C-M082-06,ペットボトル,要品目別確認,ふた・ラベルを外し水洗いし乾燥,NOT_STATED_IN_CITED_SOURCE,FALSE,CURRENT,,,S-M082-02,https://www.town.wake.lg.jp/material/files/group/21/syuusyuunittei4.pdf,ペットボトル,,,,2026-08-19,INITIAL_REVIEW_REQUIRED,CATEGORY_LEVEL,UNREVIEWED,,,Positive evidence（category正式名称・代表品目）から機械抽出。品目別公式根拠と条件枝の確認前はAPP_READYにしない。
MAP-M082-I006-C-M082-08,M082,I006,1,category正式名称・代表品目から機械抽出,C-M082-08,びん類,要品目別確認,キャップ・口巻きを外し水洗い。5種類に分別,NOT_STATED_IN_CITED_SOURCE,FALSE,CURRENT,,,S-M082-02,https://www.town.wake.lg.jp/material/files/group/21/syuusyuunittei4.pdf,びん類,,,,2026-08-19,INITIAL_REVIEW_REQUIRED,CATEGORY_LEVEL,UNREVIEWED,,,Positive evidence（category正式名称・代表品目）から機械抽出。品目別公式根拠と条件枝の確認前はAPP_READYにしない。
MAP-M082-I007-C-M082-07,M082,I007,1,category正式名称・代表品目から機械抽出,C-M082-07,白色トレイ,要品目別確認,水洗いし乾燥,NOT_STATED_IN_CITED_SOURCE,FALSE,CURRENT,,,S-M082-02,https://www.town.wake.lg.jp/material/files/group/21/syuusyuunittei4.pdf,白色トレイ,,,,2026-08-19,INITIAL_REVIEW_REQUIRED,CATEGORY_LEVEL,UNREVIEWED,,,Positive evidence（category正式名称・代表品目）から機械抽出。品目別公式根拠と条件枝の確認前はAPP_READYにしない。
MAP-M082-I018-C-M082-03,M082,I018,1,category正式名称・代表品目から機械抽出,C-M082-03,生ごみ,要品目別確認,十分水切りし専用タルへ。袋のまま入れない,NOT_STATED_IN_CITED_SOURCE,FALSE,CURRENT,,,S-M082-02,https://www.town.wake.lg.jp/material/files/group/21/syuusyuunittei4.pdf,生ごみ,,,,2026-08-19,INITIAL_REVIEW_REQUIRED,CATEGORY_LEVEL,UNREVIEWED,,,Positive evidence（category正式名称・代表品目）から機械抽出。品目別公式根拠と条件枝の確認前はAPP_READYにしない。
MAP-M082-I021-C-M082-11,M082,I021,1,category正式名称・代表品目から機械抽出,C-M082-11,布類,要品目別確認,透明袋等で指定方法に従う,NOT_STATED_IN_CITED_SOURCE,FALSE,CURRENT,,,S-M082-02,https://www.town.wake.lg.jp/material/files/group/21/syuusyuunittei4.pdf,布類,,,,2026-08-19,INITIAL_REVIEW_REQUIRED,CATEGORY_LEVEL,UNREVIEWED,,,Positive evidence（category正式名称・代表品目）から機械抽出。品目別公式根拠と条件枝の確認前はAPP_READYにしない。
MAP-M082-I026-C-M082-09,M082,I026,1,category正式名称・代表品目から機械抽出,C-M082-09,危険物等,要品目別確認,ガス缶・スプレー缶は穴を開ける。電池は絶縁。刃物は包む,NOT_STATED_IN_CITED_SOURCE,FALSE,CURRENT,,,S-M082-02,https://www.town.wake.lg.jp/material/files/group/21/syuusyuunittei4.pdf,危険物等,,,,2026-08-19,INITIAL_REVIEW_REQUIRED,CATEGORY_LEVEL,UNREVIEWED,,,Positive evidence（category正式名称・代表品目）から機械抽出。品目別公式根拠と条件枝の確認前はAPP_READYにしない。
MAP-M082-I027-C-M082-09,M082,I027,1,category正式名称・代表品目から機械抽出,C-M082-09,危険物等,要品目別確認,ガス缶・スプレー缶は穴を開ける。電池は絶縁。刃物は包む,NOT_STATED_IN_CITED_SOURCE,FALSE,CURRENT,,,S-M082-02,https://www.town.wake.lg.jp/material/files/group/21/syuusyuunittei4.pdf,危険物等,,,,2026-08-19,INITIAL_REVIEW_REQUIRED,CATEGORY_LEVEL,UNREVIEWED,,,Positive evidence（category正式名称・代表品目）から機械抽出。品目別公式根拠と条件枝の確認前はAPP_READYにしない。
MAP-M082-I032-C-M082-09,M082,I032,1,category正式名称・代表品目から機械抽出,C-M082-09,危険物等,要品目別確認,ガス缶・スプレー缶は穴を開ける。電池は絶縁。刃物は包む,NOT_STATED_IN_CITED_SOURCE,FALSE,CURRENT,,,S-M082-02,https://www.town.wake.lg.jp/material/files/group/21/syuusyuunittei4.pdf,危険物等,,,,2026-08-19,INITIAL_REVIEW_REQUIRED,CATEGORY_LEVEL,UNREVIEWED,,,Positive evidence（category正式名称・代表品目）から機械抽出。品目別公式根拠と条件枝の確認前はAPP_READYにしない。
MAP-M082-I033-C-M082-09,M082,I033,1,category正式名称・代表品目から機械抽出,C-M082-09,危険物等,要品目別確認,ガス缶・スプレー缶は穴を開ける。電池は絶縁。刃物は包む,NOT_STATED_IN_CITED_SOURCE,FALSE,CURRENT,,,S-M082-02,https://www.town.wake.lg.jp/material/files/group/21/syuusyuunittei4.pdf,危険物等,,,,2026-08-19,INITIAL_REVIEW_REQUIRED,CATEGORY_LEVEL,UNREVIEWED,,,Positive evidence（category正式名称・代表品目）から機械抽出。品目別公式根拠と条件枝の確認前はAPP_READYにしない。
MAP-M082-I037-C-M082-16,M082,I037,1,category正式名称・代表品目から機械抽出,C-M082-16,処理できないごみ,要品目別確認,受入先の指示に従う,販売店・専門業者等の公式案内に従う,TRUE,CURRENT,,,S-M082-02,https://www.town.wake.lg.jp/material/files/group/21/syuusyuunittei4.pdf,処理できないごみ,,,,2026-08-19,INITIAL_REVIEW_REQUIRED,CATEGORY_LEVEL,UNREVIEWED,,,Positive evidence（category正式名称・代表品目）から機械抽出。品目別公式根拠と条件枝の確認前はAPP_READYにしない。
MAP-M083-I001-C-M083-06,M083,I001,1,category正式名称・代表品目から機械抽出,C-M083-06,資源ごみ（布類・ペットボトル）,要品目別確認,NOT_STATED_IN_CITED_SOURCE,NOT_STATED_IN_CITED_SOURCE,FALSE,CURRENT,,,S-M083-02,https://www.town.hayashima.lg.jp/soshiki/jogesuido/gyomu/gomi/katei_gomi/bunbetsu/1887.html,資源ごみ（布類・ペットボトル）,,,,2026-08-19,INITIAL_REVIEW_REQUIRED,CATEGORY_LEVEL,UNREVIEWED,,,Positive evidence（category正式名称・代表品目）から機械抽出。品目別公式根拠と条件枝の確認前はAPP_READYにしない。
MAP-M083-I004-C-M083-04,M083,I004,1,category正式名称・代表品目から機械抽出,C-M083-04,資源ごみ（金属類）,要品目別確認,NOT_STATED_IN_CITED_SOURCE,NOT_STATED_IN_CITED_SOURCE,FALSE,CURRENT,,,S-M083-02,https://www.town.hayashima.lg.jp/soshiki/jogesuido/gyomu/gomi/katei_gomi/bunbetsu/1887.html,資源ごみ（金属類）,,,,2026-08-19,INITIAL_REVIEW_REQUIRED,CATEGORY_LEVEL,UNREVIEWED,,,Positive evidence（category正式名称・代表品目）から機械抽出。品目別公式根拠と条件枝の確認前はAPP_READYにしない。
MAP-M083-I005-C-M083-04,M083,I005,1,category正式名称・代表品目から機械抽出,C-M083-04,資源ごみ（金属類）,要品目別確認,NOT_STATED_IN_CITED_SOURCE,NOT_STATED_IN_CITED_SOURCE,FALSE,CURRENT,,,S-M083-02,https://www.town.hayashima.lg.jp/soshiki/jogesuido/gyomu/gomi/katei_gomi/bunbetsu/1887.html,資源ごみ（金属類）,,,,2026-08-19,INITIAL_REVIEW_REQUIRED,CATEGORY_LEVEL,UNREVIEWED,,,Positive evidence（category正式名称・代表品目）から機械抽出。品目別公式根拠と条件枝の確認前はAPP_READYにしない。
MAP-M083-I006-C-M083-05,M083,I006,1,category正式名称・代表品目から機械抽出,C-M083-05,資源ごみ（びん・廃乾電池・蛍光管等水銀入り廃製品）,要品目別確認,NOT_STATED_IN_CITED_SOURCE,NOT_STATED_IN_CITED_SOURCE,FALSE,CURRENT,,,S-M083-02,https://www.town.hayashima.lg.jp/soshiki/jogesuido/gyomu/gomi/katei_gomi/bunbetsu/1887.html,資源ごみ（びん・廃乾電池・蛍光管等水銀入り廃製品）,,,,2026-08-19,INITIAL_REVIEW_REQUIRED,CATEGORY_LEVEL,UNREVIEWED,,,Positive evidence（category正式名称・代表品目）から機械抽出。品目別公式根拠と条件枝の確認前はAPP_READYにしない。
MAP-M083-I021-C-M083-06,M083,I021,1,category正式名称・代表品目から機械抽出,C-M083-06,資源ごみ（布類・ペットボトル）,要品目別確認,NOT_STATED_IN_CITED_SOURCE,NOT_STATED_IN_CITED_SOURCE,FALSE,CURRENT,,,S-M083-02,https://www.town.hayashima.lg.jp/soshiki/jogesuido/gyomu/gomi/katei_gomi/bunbetsu/1887.html,資源ごみ（布類・ペットボトル）,,,,2026-08-19,INITIAL_REVIEW_REQUIRED,CATEGORY_LEVEL,UNREVIEWED,,,Positive evidence（category正式名称・代表品目）から機械抽出。品目別公式根拠と条件枝の確認前はAPP_READYにしない。
MAP-M083-I027-C-M083-05,M083,I027,1,category正式名称・代表品目から機械抽出,C-M083-05,資源ごみ（びん・廃乾電池・蛍光管等水銀入り廃製品）,要品目別確認,NOT_STATED_IN_CITED_SOURCE,NOT_STATED_IN_CITED_SOURCE,FALSE,CURRENT,,,S-M083-02,https://www.town.hayashima.lg.jp/soshiki/jogesuido/gyomu/gomi/katei_gomi/bunbetsu/1887.html,資源ごみ（びん・廃乾電池・蛍光管等水銀入り廃製品）,,,,2026-08-19,INITIAL_REVIEW_REQUIRED,CATEGORY_LEVEL,UNREVIEWED,,,Positive evidence（category正式名称・代表品目）から機械抽出。品目別公式根拠と条件枝の確認前はAPP_READYにしない。
MAP-M083-I030-C-M083-05,M083,I030,1,category正式名称・代表品目から機械抽出,C-M083-05,資源ごみ（びん・廃乾電池・蛍光管等水銀入り廃製品）,要品目別確認,NOT_STATED_IN_CITED_SOURCE,NOT_STATED_IN_CITED_SOURCE,FALSE,CURRENT,,,S-M083-02,https://www.town.hayashima.lg.jp/soshiki/jogesuido/gyomu/gomi/katei_gomi/bunbetsu/1887.html,資源ごみ（びん・廃乾電池・蛍光管等水銀入り廃製品）,,,,2026-08-19,INITIAL_REVIEW_REQUIRED,CATEGORY_LEVEL,UNREVIEWED,,,Positive evidence（category正式名称・代表品目）から機械抽出。品目別公式根拠と条件枝の確認前はAPP_READYにしない。
MAP-M083-I032-C-M083-04,M083,I032,1,category正式名称・代表品目から機械抽出,C-M083-04,資源ごみ（金属類）,要品目別確認,NOT_STATED_IN_CITED_SOURCE,NOT_STATED_IN_CITED_SOURCE,FALSE,CURRENT,,,S-M083-02,https://www.town.hayashima.lg.jp/soshiki/jogesuido/gyomu/gomi/katei_gomi/bunbetsu/1887.html,資源ごみ（金属類）,,,,2026-08-19,INITIAL_REVIEW_REQUIRED,CATEGORY_LEVEL,UNREVIEWED,,,Positive evidence（category正式名称・代表品目）から機械抽出。品目別公式根拠と条件枝の確認前はAPP_READYにしない。
MAP-M083-I037-C-M083-07,M083,I037,1,category正式名称・代表品目から機械抽出,C-M083-07,ごみステーションに出せない家電4品目,要品目別確認,受入先の指示に従う,販売店・専門業者等の公式案内に従う,TRUE,CURRENT,,,S-M083-01,https://www.town.hayashima.lg.jp/soshiki/jogesuido/gyomu/gomi/katei_gomi/bunbetsu/1638.html,ごみステーションに出せない家電4品目,,,,2026-08-19,INITIAL_REVIEW_REQUIRED,CATEGORY_LEVEL,UNREVIEWED,,,Positive evidence（category正式名称・代表品目）から機械抽出。品目別公式根拠と条件枝の確認前はAPP_READYにしない。
MAP-M084-I001-C-M084-05,M084,I001,1,category正式名称・代表品目から機械抽出,C-M084-05,ペットボトル,要品目別確認,中身を空にし、町指定方法で出す,NOT_STATED_IN_CITED_SOURCE,FALSE,CURRENT,,,S-M084-02,https://www.town.satosho.okayama.jp/site/recycle/1248.html,ペットボトル,,,,2026-08-19,INITIAL_REVIEW_REQUIRED,CATEGORY_LEVEL,UNREVIEWED,,,Positive evidence（category正式名称・代表品目）から機械抽出。品目別公式根拠と条件枝の確認前はAPP_READYにしない。
MAP-M084-I004-C-M084-03,M084,I004,1,category正式名称・代表品目から機械抽出,C-M084-03,缶,要品目別確認,中身を空にし、品目条件に従って出す,NOT_STATED_IN_CITED_SOURCE,FALSE,CURRENT,,,S-M084-02,https://www.town.satosho.okayama.jp/site/recycle/1248.html,缶,,,,2026-08-19,INITIAL_REVIEW_REQUIRED,CATEGORY_LEVEL,UNREVIEWED,,,Positive evidence（category正式名称・代表品目）から機械抽出。品目別公式根拠と条件枝の確認前はAPP_READYにしない。
MAP-M084-I005-C-M084-03,M084,I005,1,category正式名称・代表品目から機械抽出,C-M084-03,缶,要品目別確認,中身を空にし、品目条件に従って出す,NOT_STATED_IN_CITED_SOURCE,FALSE,CURRENT,,,S-M084-02,https://www.town.satosho.okayama.jp/site/recycle/1248.html,缶,,,,2026-08-19,INITIAL_REVIEW_REQUIRED,CATEGORY_LEVEL,UNREVIEWED,,,Positive evidence（category正式名称・代表品目）から機械抽出。品目別公式根拠と条件枝の確認前はAPP_READYにしない。
MAP-M084-I006-C-M084-04,M084,I006,1,category正式名称・代表品目から機械抽出,C-M084-04,びん類,要品目別確認,中身を空にし、色別条件に従って出す,NOT_STATED_IN_CITED_SOURCE,FALSE,CURRENT,,,S-M084-02,https://www.town.satosho.okayama.jp/site/recycle/1248.html,びん類,,,,2026-08-19,INITIAL_REVIEW_REQUIRED,CATEGORY_LEVEL,UNREVIEWED,,,Positive evidence（category正式名称・代表品目）から機械抽出。品目別公式根拠と条件枝の確認前はAPP_READYにしない。
MAP-M085-I001-C-M085-05,M085,I001,1,category正式名称・代表品目から機械抽出,C-M085-05,ボトル（ペットボトル・その他のプラスチック）,要品目別確認,品目別に洗浄・分別条件へ従う,NOT_STATED_IN_CITED_SOURCE,FALSE,CURRENT,,,S-M085-01,https://www.town.yakage.okayama.jp/life/kankyo/gomi.html,ボトル（ペットボトル・その他のプラスチック）,,,,2026-08-19,INITIAL_REVIEW_REQUIRED,CATEGORY_LEVEL,UNREVIEWED,,,Positive evidence（category正式名称・代表品目）から機械抽出。品目別公式根拠と条件枝の確認前はAPP_READYにしない。
MAP-M085-I004-C-M085-02,M085,I004,1,category正式名称・代表品目から機械抽出,C-M085-02,カン（空き缶）,要品目別確認,中身を抜き水洗いし、アルミ缶とスチール缶に分ける,NOT_STATED_IN_CITED_SOURCE,FALSE,CURRENT,,,S-M085-01,https://www.town.yakage.okayama.jp/life/kankyo/gomi.html,カン（空き缶）,,,,2026-08-19,INITIAL_REVIEW_REQUIRED,CATEGORY_LEVEL,UNREVIEWED,,,Positive evidence（category正式名称・代表品目）から機械抽出。品目別公式根拠と条件枝の確認前はAPP_READYにしない。
MAP-M085-I005-C-M085-02,M085,I005,1,category正式名称・代表品目から機械抽出,C-M085-02,カン（空き缶）,要品目別確認,中身を抜き水洗いし、アルミ缶とスチール缶に分ける,NOT_STATED_IN_CITED_SOURCE,FALSE,CURRENT,,,S-M085-01,https://www.town.yakage.okayama.jp/life/kankyo/gomi.html,カン（空き缶）,,,,2026-08-19,INITIAL_REVIEW_REQUIRED,CATEGORY_LEVEL,UNREVIEWED,,,Positive evidence（category正式名称・代表品目）から機械抽出。品目別公式根拠と条件枝の確認前はAPP_READYにしない。
MAP-M085-I030-C-M085-10,M085,I030,1,category正式名称・代表品目から機械抽出,C-M085-10,水銀使用廃製品,要品目別確認,破損防止など町指定方法に従う,NOT_STATED_IN_CITED_SOURCE,FALSE,CURRENT,,,S-M085-01,https://www.town.yakage.okayama.jp/life/kankyo/gomi.html,水銀使用廃製品,,,,2026-08-19,INITIAL_REVIEW_REQUIRED,CATEGORY_LEVEL,UNREVIEWED,,,Positive evidence（category正式名称・代表品目）から機械抽出。品目別公式根拠と条件枝の確認前はAPP_READYにしない。
MAP-M087-I001-C-M087-08,M087,I001,1,category正式名称・代表品目から機械抽出,C-M087-08,ペットボトル,要品目別確認,キャップ・ラベルを外し水洗いする,NOT_STATED_IN_CITED_SOURCE,FALSE,CURRENT,,,S-M087-03,https://www.town.kagamino.lg.jp/uploaded/attachment/14008.pdf,ペットボトル,,,,2026-08-19,INITIAL_REVIEW_REQUIRED,CATEGORY_LEVEL,UNREVIEWED,,,Positive evidence（category正式名称・代表品目）から機械抽出。品目別公式根拠と条件枝の確認前はAPP_READYにしない。
MAP-M087-I004-C-M087-05,M087,I004,1,category正式名称・代表品目から機械抽出,C-M087-05,缶,要品目別確認,飲食缶は洗う。スプレー缶は中身を使い切る,NOT_STATED_IN_CITED_SOURCE,FALSE,CURRENT,,,S-M087-03,https://www.town.kagamino.lg.jp/uploaded/attachment/14008.pdf,缶,,,,2026-08-19,INITIAL_REVIEW_REQUIRED,CATEGORY_LEVEL,UNREVIEWED,,,Positive evidence（category正式名称・代表品目）から機械抽出。品目別公式根拠と条件枝の確認前はAPP_READYにしない。
MAP-M087-I005-C-M087-05,M087,I005,1,category正式名称・代表品目から機械抽出,C-M087-05,缶,要品目別確認,飲食缶は洗う。スプレー缶は中身を使い切る,NOT_STATED_IN_CITED_SOURCE,FALSE,CURRENT,,,S-M087-03,https://www.town.kagamino.lg.jp/uploaded/attachment/14008.pdf,缶,,,,2026-08-19,INITIAL_REVIEW_REQUIRED,CATEGORY_LEVEL,UNREVIEWED,,,Positive evidence（category正式名称・代表品目）から機械抽出。品目別公式根拠と条件枝の確認前はAPP_READYにしない。
MAP-M087-I006-C-M087-06,M087,I006,1,category正式名称・代表品目から機械抽出,C-M087-06,びん,要品目別確認,キャップを外し水洗いし色別に分ける,NOT_STATED_IN_CITED_SOURCE,FALSE,CURRENT,,,S-M087-03,https://www.town.kagamino.lg.jp/uploaded/attachment/14008.pdf,びん,,,,2026-08-19,INITIAL_REVIEW_REQUIRED,CATEGORY_LEVEL,UNREVIEWED,,,Positive evidence（category正式名称・代表品目）から機械抽出。品目別公式根拠と条件枝の確認前はAPP_READYにしない。
MAP-M087-I027-C-M087-07,M087,I027,1,category正式名称・代表品目から機械抽出,C-M087-07,その他（乾電池・蛍光灯・水銀式体温計）,要品目別確認,破損・短絡を避け町指定方法で出す,NOT_STATED_IN_CITED_SOURCE,FALSE,CURRENT,,,S-M087-03,https://www.town.kagamino.lg.jp/uploaded/attachment/14008.pdf,その他（乾電池・蛍光灯・水銀式体温計）,,,,2026-08-19,INITIAL_REVIEW_REQUIRED,CATEGORY_LEVEL,UNREVIEWED,,,Positive evidence（category正式名称・代表品目）から機械抽出。品目別公式根拠と条件枝の確認前はAPP_READYにしない。
MAP-M087-I030-C-M087-07,M087,I030,1,category正式名称・代表品目から機械抽出,C-M087-07,その他（乾電池・蛍光灯・水銀式体温計）,要品目別確認,破損・短絡を避け町指定方法で出す,NOT_STATED_IN_CITED_SOURCE,FALSE,CURRENT,,,S-M087-03,https://www.town.kagamino.lg.jp/uploaded/attachment/14008.pdf,その他（乾電池・蛍光灯・水銀式体温計）,,,,2026-08-19,INITIAL_REVIEW_REQUIRED,CATEGORY_LEVEL,UNREVIEWED,,,Positive evidence（category正式名称・代表品目）から機械抽出。品目別公式根拠と条件枝の確認前はAPP_READYにしない。
MAP-M087-I032-C-M087-05,M087,I032,1,category正式名称・代表品目から機械抽出,C-M087-05,缶,要品目別確認,飲食缶は洗う。スプレー缶は中身を使い切る,NOT_STATED_IN_CITED_SOURCE,FALSE,CURRENT,,,S-M087-03,https://www.town.kagamino.lg.jp/uploaded/attachment/14008.pdf,缶,,,,2026-08-19,INITIAL_REVIEW_REQUIRED,CATEGORY_LEVEL,UNREVIEWED,,,Positive evidence（category正式名称・代表品目）から機械抽出。品目別公式根拠と条件枝の確認前はAPP_READYにしない。
MAP-M088-I004-C-M088-03,M088,I004,1,category正式名称・代表品目から機械抽出,C-M088-03,資源ごみB,要品目別確認,町の7種分別の品目別条件に従う,NOT_STATED_IN_CITED_SOURCE,FALSE,CURRENT,,,S-M088-01,https://www.town.shoo.lg.jp/soshiki/16/1248.html,資源ごみB,,,,2026-08-19,INITIAL_REVIEW_REQUIRED,CATEGORY_LEVEL,UNREVIEWED,,,Positive evidence（category正式名称・代表品目）から機械抽出。品目別公式根拠と条件枝の確認前はAPP_READYにしない。
MAP-M088-I005-C-M088-03,M088,I005,1,category正式名称・代表品目から機械抽出,C-M088-03,資源ごみB,要品目別確認,町の7種分別の品目別条件に従う,NOT_STATED_IN_CITED_SOURCE,FALSE,CURRENT,,,S-M088-01,https://www.town.shoo.lg.jp/soshiki/16/1248.html,資源ごみB,,,,2026-08-19,INITIAL_REVIEW_REQUIRED,CATEGORY_LEVEL,UNREVIEWED,,,Positive evidence（category正式名称・代表品目）から機械抽出。品目別公式根拠と条件枝の確認前はAPP_READYにしない。
MAP-M088-I018-C-M088-01,M088,I018,1,category正式名称・代表品目から機械抽出,C-M088-01,可燃ごみ,要品目別確認,町の7種分別の品目別条件に従う,NOT_STATED_IN_CITED_SOURCE,FALSE,CURRENT,,,S-M088-01,https://www.town.shoo.lg.jp/soshiki/16/1248.html,可燃ごみ,,,,2026-08-19,INITIAL_REVIEW_REQUIRED,CATEGORY_LEVEL,UNREVIEWED,,,Positive evidence（category正式名称・代表品目）から機械抽出。品目別公式根拠と条件枝の確認前はAPP_READYにしない。
MAP-M088-I023-C-M088-07,M088,I023,1,category正式名称・代表品目から機械抽出,C-M088-07,不燃ごみ,要品目別確認,町の7種分別の品目別条件に従う,NOT_STATED_IN_CITED_SOURCE,FALSE,CURRENT,,,S-M088-01,https://www.town.shoo.lg.jp/soshiki/16/1248.html,不燃ごみ,,,,2026-08-19,INITIAL_REVIEW_REQUIRED,CATEGORY_LEVEL,UNREVIEWED,,,Positive evidence（category正式名称・代表品目）から機械抽出。品目別公式根拠と条件枝の確認前はAPP_READYにしない。
MAP-M088-I026-C-M088-07,M088,I026,1,category正式名称・代表品目から機械抽出,C-M088-07,不燃ごみ,要品目別確認,町の7種分別の品目別条件に従う,NOT_STATED_IN_CITED_SOURCE,FALSE,CURRENT,,,S-M088-01,https://www.town.shoo.lg.jp/soshiki/16/1248.html,不燃ごみ,,,,2026-08-19,INITIAL_REVIEW_REQUIRED,CATEGORY_LEVEL,UNREVIEWED,,,Positive evidence（category正式名称・代表品目）から機械抽出。品目別公式根拠と条件枝の確認前はAPP_READYにしない。
MAP-M088-I030-C-M088-06,M088,I030,1,category正式名称・代表品目から機械抽出,C-M088-06,資源ごみE,要品目別確認,町の7種分別の品目別条件に従う,NOT_STATED_IN_CITED_SOURCE,FALSE,CURRENT,,,S-M088-01,https://www.town.shoo.lg.jp/soshiki/16/1248.html,資源ごみE,,,,2026-08-19,INITIAL_REVIEW_REQUIRED,CATEGORY_LEVEL,UNREVIEWED,,,Positive evidence（category正式名称・代表品目）から機械抽出。品目別公式根拠と条件枝の確認前はAPP_READYにしない。
MAP-M088-I034-C-M088-07,M088,I034,1,category正式名称・代表品目から機械抽出,C-M088-07,不燃ごみ,要品目別確認,町の7種分別の品目別条件に従う,NOT_STATED_IN_CITED_SOURCE,FALSE,CURRENT,,,S-M088-01,https://www.town.shoo.lg.jp/soshiki/16/1248.html,不燃ごみ,,,,2026-08-19,INITIAL_REVIEW_REQUIRED,CATEGORY_LEVEL,UNREVIEWED,,,Positive evidence（category正式名称・代表品目）から機械抽出。品目別公式根拠と条件枝の確認前はAPP_READYにしない。
MAP-M090-I006-C-M090-04,M090,I006,1,category正式名称・代表品目から機械抽出,C-M090-04,３色びん・生びん・蛍光灯類・ガラス類・陶器類・廃天ぷら油・刃物・突鋭物等・小型金属類,要品目別確認,令和8年度村版カレンダーおよび委託先の品目別条件に従う,NOT_STATED_IN_CITED_SOURCE,FALSE,CURRENT,,,S-M090-02,https://www.vill.nishiawakura.okayama.jp/wp/wp-content/uploads/2023/03/0ca6f4a15b068ee9f193023d607dc9f0.pdf,３色びん・生びん・蛍光灯類・ガラス類・陶器類・廃天ぷら油・刃物・突鋭物等・小型金属類,,,,2026-08-19,INITIAL_REVIEW_REQUIRED,CATEGORY_LEVEL,UNREVIEWED,,,Positive evidence（category正式名称・代表品目）から機械抽出。品目別公式根拠と条件枝の確認前はAPP_READYにしない。
MAP-M090-I012-C-M090-02,M090,I012,1,category正式名称・代表品目から機械抽出,C-M090-02,資源ごみ,要品目別確認,令和8年度村版カレンダーおよび委託先の品目別条件に従う,NOT_STATED_IN_CITED_SOURCE,FALSE,CURRENT,,,S-M090-02,https://www.vill.nishiawakura.okayama.jp/wp/wp-content/uploads/2023/03/0ca6f4a15b068ee9f193023d607dc9f0.pdf,資源ごみ,,,,2026-08-19,INITIAL_REVIEW_REQUIRED,CATEGORY_LEVEL,UNREVIEWED,,,Positive evidence（category正式名称・代表品目）から機械抽出。品目別公式根拠と条件枝の確認前はAPP_READYにしない。
MAP-M090-I026-C-M090-04,M090,I026,1,category正式名称・代表品目から機械抽出,C-M090-04,３色びん・生びん・蛍光灯類・ガラス類・陶器類・廃天ぷら油・刃物・突鋭物等・小型金属類,要品目別確認,令和8年度村版カレンダーおよび委託先の品目別条件に従う,NOT_STATED_IN_CITED_SOURCE,FALSE,CURRENT,,,S-M090-02,https://www.vill.nishiawakura.okayama.jp/wp/wp-content/uploads/2023/03/0ca6f4a15b068ee9f193023d607dc9f0.pdf,３色びん・生びん・蛍光灯類・ガラス類・陶器類・廃天ぷら油・刃物・突鋭物等・小型金属類,,,,2026-08-19,INITIAL_REVIEW_REQUIRED,CATEGORY_LEVEL,UNREVIEWED,,,Positive evidence（category正式名称・代表品目）から機械抽出。品目別公式根拠と条件枝の確認前はAPP_READYにしない。
MAP-M090-I027-C-M090-03,M090,I027,1,category正式名称・代表品目から機械抽出,C-M090-03,かん類・乾電池類・ライター・スプレー缶,要品目別確認,令和8年度村版カレンダーおよび委託先の品目別条件に従う,NOT_STATED_IN_CITED_SOURCE,FALSE,CURRENT,,,S-M090-02,https://www.vill.nishiawakura.okayama.jp/wp/wp-content/uploads/2023/03/0ca6f4a15b068ee9f193023d607dc9f0.pdf,かん類・乾電池類・ライター・スプレー缶,,,,2026-08-19,INITIAL_REVIEW_REQUIRED,CATEGORY_LEVEL,UNREVIEWED,,,Positive evidence（category正式名称・代表品目）から機械抽出。品目別公式根拠と条件枝の確認前はAPP_READYにしない。
MAP-M090-I030-C-M090-04,M090,I030,1,category正式名称・代表品目から機械抽出,C-M090-04,３色びん・生びん・蛍光灯類・ガラス類・陶器類・廃天ぷら油・刃物・突鋭物等・小型金属類,要品目別確認,令和8年度村版カレンダーおよび委託先の品目別条件に従う,NOT_STATED_IN_CITED_SOURCE,FALSE,CURRENT,,,S-M090-02,https://www.vill.nishiawakura.okayama.jp/wp/wp-content/uploads/2023/03/0ca6f4a15b068ee9f193023d607dc9f0.pdf,３色びん・生びん・蛍光灯類・ガラス類・陶器類・廃天ぷら油・刃物・突鋭物等・小型金属類,,,,2026-08-19,INITIAL_REVIEW_REQUIRED,CATEGORY_LEVEL,UNREVIEWED,,,Positive evidence（category正式名称・代表品目）から機械抽出。品目別公式根拠と条件枝の確認前はAPP_READYにしない。
MAP-M090-I032-C-M090-03,M090,I032,1,category正式名称・代表品目から機械抽出,C-M090-03,かん類・乾電池類・ライター・スプレー缶,要品目別確認,令和8年度村版カレンダーおよび委託先の品目別条件に従う,NOT_STATED_IN_CITED_SOURCE,FALSE,CURRENT,,,S-M090-02,https://www.vill.nishiawakura.okayama.jp/wp/wp-content/uploads/2023/03/0ca6f4a15b068ee9f193023d607dc9f0.pdf,かん類・乾電池類・ライター・スプレー缶,,,,2026-08-19,INITIAL_REVIEW_REQUIRED,CATEGORY_LEVEL,UNREVIEWED,,,Positive evidence（category正式名称・代表品目）から機械抽出。品目別公式根拠と条件枝の確認前はAPP_READYにしない。
MAP-M090-I033-C-M090-03,M090,I033,1,category正式名称・代表品目から機械抽出,C-M090-03,かん類・乾電池類・ライター・スプレー缶,要品目別確認,令和8年度村版カレンダーおよび委託先の品目別条件に従う,NOT_STATED_IN_CITED_SOURCE,FALSE,CURRENT,,,S-M090-02,https://www.vill.nishiawakura.okayama.jp/wp/wp-content/uploads/2023/03/0ca6f4a15b068ee9f193023d607dc9f0.pdf,かん類・乾電池類・ライター・スプレー缶,,,,2026-08-19,INITIAL_REVIEW_REQUIRED,CATEGORY_LEVEL,UNREVIEWED,,,Positive evidence（category正式名称・代表品目）から機械抽出。品目別公式根拠と条件枝の確認前はAPP_READYにしない。
MAP-M091-I001-C-M091-06,M091,I001,1,category正式名称・代表品目から機械抽出,C-M091-06,ペットボトル,要品目別確認,中身・汚れを除き水洗いする,NOT_STATED_IN_CITED_SOURCE,FALSE,CURRENT,,,S-M091-01,https://www.town.kumenan.lg.jp/living/dust_recycle/dust_recycle/bunbetsu.html,ペットボトル,,,,2026-08-19,INITIAL_REVIEW_REQUIRED,CATEGORY_LEVEL,UNREVIEWED,,,Positive evidence（category正式名称・代表品目）から機械抽出。品目別公式根拠と条件枝の確認前はAPP_READYにしない。
MAP-M091-I004-C-M091-07,M091,I004,1,category正式名称・代表品目から機械抽出,C-M091-07,アルミ缶及びスチール缶,要品目別確認,中身・汚れを除き水洗いする,NOT_STATED_IN_CITED_SOURCE,FALSE,CURRENT,,,S-M091-01,https://www.town.kumenan.lg.jp/living/dust_recycle/dust_recycle/bunbetsu.html,アルミ缶及びスチール缶,,,,2026-08-19,INITIAL_REVIEW_REQUIRED,CATEGORY_LEVEL,UNREVIEWED,,,Positive evidence（category正式名称・代表品目）から機械抽出。品目別公式根拠と条件枝の確認前はAPP_READYにしない。
MAP-M091-I005-C-M091-07,M091,I005,1,category正式名称・代表品目から機械抽出,C-M091-07,アルミ缶及びスチール缶,要品目別確認,中身・汚れを除き水洗いする,NOT_STATED_IN_CITED_SOURCE,FALSE,CURRENT,,,S-M091-01,https://www.town.kumenan.lg.jp/living/dust_recycle/dust_recycle/bunbetsu.html,アルミ缶及びスチール缶,,,,2026-08-19,INITIAL_REVIEW_REQUIRED,CATEGORY_LEVEL,UNREVIEWED,,,Positive evidence（category正式名称・代表品目）から機械抽出。品目別公式根拠と条件枝の確認前はAPP_READYにしない。
MAP-M091-I006-C-M091-08,M091,I006,1,category正式名称・代表品目から機械抽出,C-M091-08,茶色びん,要品目別確認,中身を空にし洗う,NOT_STATED_IN_CITED_SOURCE,FALSE,CURRENT,,,S-M091-01,https://www.town.kumenan.lg.jp/living/dust_recycle/dust_recycle/bunbetsu.html,茶色びん,,,,2026-08-19,INITIAL_REVIEW_REQUIRED,CATEGORY_LEVEL,UNREVIEWED,,,Positive evidence（category正式名称・代表品目）から機械抽出。品目別公式根拠と条件枝の確認前はAPP_READYにしない。
MAP-M091-I006-C-M091-09,M091,I006,2,category正式名称・代表品目から機械抽出,C-M091-09,無色透明びん,要品目別確認,中身を空にし洗う,NOT_STATED_IN_CITED_SOURCE,FALSE,CURRENT,,,S-M091-01,https://www.town.kumenan.lg.jp/living/dust_recycle/dust_recycle/bunbetsu.html,無色透明びん,,,,2026-08-19,INITIAL_REVIEW_REQUIRED,CATEGORY_LEVEL,UNREVIEWED,,,Positive evidence（category正式名称・代表品目）から機械抽出。品目別公式根拠と条件枝の確認前はAPP_READYにしない。
MAP-M091-I006-C-M091-10,M091,I006,3,category正式名称・代表品目から機械抽出,C-M091-10,その他の色びん,要品目別確認,中身を空にし洗う,NOT_STATED_IN_CITED_SOURCE,FALSE,CURRENT,,,S-M091-01,https://www.town.kumenan.lg.jp/living/dust_recycle/dust_recycle/bunbetsu.html,その他の色びん,,,,2026-08-19,INITIAL_REVIEW_REQUIRED,CATEGORY_LEVEL,UNREVIEWED,,,Positive evidence（category正式名称・代表品目）から機械抽出。品目別公式根拠と条件枝の確認前はAPP_READYにしない。
MAP-M091-I013-C-M091-02,M091,I013,1,category正式名称・代表品目から機械抽出,C-M091-02,新聞紙,要品目別確認,紙類4種類の一つとして10kg以下でまとめる,NOT_STATED_IN_CITED_SOURCE,FALSE,CURRENT,,,S-M091-01,https://www.town.kumenan.lg.jp/living/dust_recycle/dust_recycle/bunbetsu.html,新聞紙,,,,2026-08-19,INITIAL_REVIEW_REQUIRED,CATEGORY_LEVEL,UNREVIEWED,,,Positive evidence（category正式名称・代表品目）から機械抽出。品目別公式根拠と条件枝の確認前はAPP_READYにしない。
MAP-M091-I014-C-M091-03,M091,I014,1,category正式名称・代表品目から機械抽出,C-M091-03,段ボール,要品目別確認,紙類4種類の一つとして10kg以下でまとめる,NOT_STATED_IN_CITED_SOURCE,FALSE,CURRENT,,,S-M091-01,https://www.town.kumenan.lg.jp/living/dust_recycle/dust_recycle/bunbetsu.html,段ボール,,,,2026-08-19,INITIAL_REVIEW_REQUIRED,CATEGORY_LEVEL,UNREVIEWED,,,Positive evidence（category正式名称・代表品目）から機械抽出。品目別公式根拠と条件枝の確認前はAPP_READYにしない。
MAP-M091-I015-C-M091-05,M091,I015,1,category正式名称・代表品目から機械抽出,C-M091-05,書籍・雑誌及び資源となる紙類,要品目別確認,紙類4種類の一つとして10kg以下でまとめる,NOT_STATED_IN_CITED_SOURCE,FALSE,CURRENT,,,S-M091-01,https://www.town.kumenan.lg.jp/living/dust_recycle/dust_recycle/bunbetsu.html,書籍・雑誌及び資源となる紙類,,,,2026-08-19,INITIAL_REVIEW_REQUIRED,CATEGORY_LEVEL,UNREVIEWED,,,Positive evidence（category正式名称・代表品目）から機械抽出。品目別公式根拠と条件枝の確認前はAPP_READYにしない。
MAP-M091-I017-C-M091-04,M091,I017,1,category正式名称・代表品目から機械抽出,C-M091-04,紙パック,要品目別確認,紙類4種類の一つとして10kg以下でまとめる,NOT_STATED_IN_CITED_SOURCE,FALSE,CURRENT,,,S-M091-01,https://www.town.kumenan.lg.jp/living/dust_recycle/dust_recycle/bunbetsu.html,紙パック,,,,2026-08-19,INITIAL_REVIEW_REQUIRED,CATEGORY_LEVEL,UNREVIEWED,,,Positive evidence（category正式名称・代表品目）から機械抽出。品目別公式根拠と条件枝の確認前はAPP_READYにしない。
MAP-M091-I018-C-M091-12,M091,I018,1,category正式名称・代表品目から機械抽出,C-M091-12,燃やすごみ,要品目別確認,生ごみは水切り。指定袋10kg以下,NOT_STATED_IN_CITED_SOURCE,FALSE,CURRENT,,,S-M091-01,https://www.town.kumenan.lg.jp/living/dust_recycle/dust_recycle/bunbetsu.html,燃やすごみ,,,,2026-08-19,INITIAL_REVIEW_REQUIRED,CATEGORY_LEVEL,UNREVIEWED,,,Positive evidence（category正式名称・代表品目）から機械抽出。品目別公式根拠と条件枝の確認前はAPP_READYにしない。
MAP-M091-I023-C-M091-14,M091,I023,1,category正式名称・代表品目から機械抽出,C-M091-14,燃えないごみ,要品目別確認,割れ物・刃物は紙に包むなど安全に出す,NOT_STATED_IN_CITED_SOURCE,FALSE,CURRENT,,,S-M091-01,https://www.town.kumenan.lg.jp/living/dust_recycle/dust_recycle/bunbetsu.html,燃えないごみ,,,,2026-08-19,INITIAL_REVIEW_REQUIRED,CATEGORY_LEVEL,UNREVIEWED,,,Positive evidence（category正式名称・代表品目）から機械抽出。品目別公式根拠と条件枝の確認前はAPP_READYにしない。
MAP-M091-I027-C-M091-11,M091,I027,1,category正式名称・代表品目から機械抽出,C-M091-11,適正処理ごみ,要品目別確認,スプレー缶は必ず使い切り、穴を開けない,NOT_STATED_IN_CITED_SOURCE,FALSE,CURRENT,,,S-M091-01,https://www.town.kumenan.lg.jp/living/dust_recycle/dust_recycle/bunbetsu.html,適正処理ごみ,,,,2026-08-19,INITIAL_REVIEW_REQUIRED,CATEGORY_LEVEL,UNREVIEWED,,,Positive evidence（category正式名称・代表品目）から機械抽出。品目別公式根拠と条件枝の確認前はAPP_READYにしない。
MAP-M091-I028-C-M091-11,M091,I028,1,category正式名称・代表品目から機械抽出,C-M091-11,適正処理ごみ,要品目別確認,スプレー缶は必ず使い切り、穴を開けない,NOT_STATED_IN_CITED_SOURCE,FALSE,CURRENT,,,S-M091-01,https://www.town.kumenan.lg.jp/living/dust_recycle/dust_recycle/bunbetsu.html,適正処理ごみ,,,,2026-08-19,INITIAL_REVIEW_REQUIRED,CATEGORY_LEVEL,UNREVIEWED,,,Positive evidence（category正式名称・代表品目）から機械抽出。品目別公式根拠と条件枝の確認前はAPP_READYにしない。
MAP-M091-I030-C-M091-11,M091,I030,1,category正式名称・代表品目から機械抽出,C-M091-11,適正処理ごみ,要品目別確認,スプレー缶は必ず使い切り、穴を開けない,NOT_STATED_IN_CITED_SOURCE,FALSE,CURRENT,,,S-M091-01,https://www.town.kumenan.lg.jp/living/dust_recycle/dust_recycle/bunbetsu.html,適正処理ごみ,,,,2026-08-19,INITIAL_REVIEW_REQUIRED,CATEGORY_LEVEL,UNREVIEWED,,,Positive evidence（category正式名称・代表品目）から機械抽出。品目別公式根拠と条件枝の確認前はAPP_READYにしない。
MAP-M091-I031-C-M091-11,M091,I031,1,category正式名称・代表品目から機械抽出,C-M091-11,適正処理ごみ,要品目別確認,スプレー缶は必ず使い切り、穴を開けない,NOT_STATED_IN_CITED_SOURCE,FALSE,CURRENT,,,S-M091-01,https://www.town.kumenan.lg.jp/living/dust_recycle/dust_recycle/bunbetsu.html,適正処理ごみ,,,,2026-08-19,INITIAL_REVIEW_REQUIRED,CATEGORY_LEVEL,UNREVIEWED,,,Positive evidence（category正式名称・代表品目）から機械抽出。品目別公式根拠と条件枝の確認前はAPP_READYにしない。
MAP-M091-I032-C-M091-11,M091,I032,1,category正式名称・代表品目から機械抽出,C-M091-11,適正処理ごみ,要品目別確認,スプレー缶は必ず使い切り、穴を開けない,NOT_STATED_IN_CITED_SOURCE,FALSE,CURRENT,,,S-M091-01,https://www.town.kumenan.lg.jp/living/dust_recycle/dust_recycle/bunbetsu.html,適正処理ごみ,,,,2026-08-19,INITIAL_REVIEW_REQUIRED,CATEGORY_LEVEL,UNREVIEWED,,,Positive evidence（category正式名称・代表品目）から機械抽出。品目別公式根拠と条件枝の確認前はAPP_READYにしない。
MAP-M091-I034-C-M091-14,M091,I034,1,category正式名称・代表品目から機械抽出,C-M091-14,燃えないごみ,要品目別確認,割れ物・刃物は紙に包むなど安全に出す,NOT_STATED_IN_CITED_SOURCE,FALSE,CURRENT,,,S-M091-01,https://www.town.kumenan.lg.jp/living/dust_recycle/dust_recycle/bunbetsu.html,燃えないごみ,,,,2026-08-19,INITIAL_REVIEW_REQUIRED,CATEGORY_LEVEL,UNREVIEWED,,,Positive evidence（category正式名称・代表品目）から機械抽出。品目別公式根拠と条件枝の確認前はAPP_READYにしない。
MAP-M092-I027-C-M092-04,M092,I027,1,category正式名称・代表品目から機械抽出,C-M092-04,資源ごみ,要品目別確認,資源品目ごとの町指定方法で出す,NOT_STATED_IN_CITED_SOURCE,FALSE,CURRENT,,,S-M092-02,https://www.town.okayama-misaki.lg.jp/material/files/group/8/R8gomicalendar_chuo.pdf,資源ごみ,,,,2026-08-19,INITIAL_REVIEW_REQUIRED,CATEGORY_LEVEL,UNREVIEWED,,,Positive evidence（category正式名称・代表品目）から機械抽出。品目別公式根拠と条件枝の確認前はAPP_READYにしない。
MAP-M093-I001-C-M093-06,M093,I001,1,category正式名称・代表品目から機械抽出,C-M093-06,ペットボトル,要品目別確認,大型収集バッグへ出す,NOT_STATED_IN_CITED_SOURCE,FALSE,CURRENT,,,S-M093-02,https://www.town.kibichuo.lg.jp/uploaded/attachment/12948.pdf,ペットボトル,,,,2026-08-19,INITIAL_REVIEW_REQUIRED,CATEGORY_LEVEL,UNREVIEWED,,,Positive evidence（category正式名称・代表品目）から機械抽出。品目別公式根拠と条件枝の確認前はAPP_READYにしない。
MAP-M093-I006-C-M093-05,M093,I006,1,category正式名称・代表品目から機械抽出,C-M093-05,びん類,要品目別確認,収集コンテナへ出す,NOT_STATED_IN_CITED_SOURCE,FALSE,CURRENT,,,S-M093-02,https://www.town.kibichuo.lg.jp/uploaded/attachment/12948.pdf,びん類,,,,2026-08-19,INITIAL_REVIEW_REQUIRED,CATEGORY_LEVEL,UNREVIEWED,,,Positive evidence（category正式名称・代表品目）から機械抽出。品目別公式根拠と条件枝の確認前はAPP_READYにしない。
MAP-M093-I013-C-M093-09,M093,I013,1,category正式名称・代表品目から機械抽出,C-M093-09,古新聞・古雑誌,要品目別確認,町指定方法でまとめる,NOT_STATED_IN_CITED_SOURCE,FALSE,CURRENT,,,S-M093-02,https://www.town.kibichuo.lg.jp/uploaded/attachment/12948.pdf,古新聞・古雑誌,,,,2026-08-19,INITIAL_REVIEW_REQUIRED,CATEGORY_LEVEL,UNREVIEWED,,,Positive evidence（category正式名称・代表品目）から機械抽出。品目別公式根拠と条件枝の確認前はAPP_READYにしない。
MAP-M093-I014-C-M093-07,M093,I014,1,category正式名称・代表品目から機械抽出,C-M093-07,紙パック・段ボール,要品目別確認,町指定方法でまとめる,NOT_STATED_IN_CITED_SOURCE,FALSE,CURRENT,,,S-M093-02,https://www.town.kibichuo.lg.jp/uploaded/attachment/12948.pdf,紙パック・段ボール,,,,2026-08-19,INITIAL_REVIEW_REQUIRED,CATEGORY_LEVEL,UNREVIEWED,,,Positive evidence（category正式名称・代表品目）から機械抽出。品目別公式根拠と条件枝の確認前はAPP_READYにしない。
MAP-M093-I015-C-M093-09,M093,I015,1,category正式名称・代表品目から機械抽出,C-M093-09,古新聞・古雑誌,要品目別確認,町指定方法でまとめる,NOT_STATED_IN_CITED_SOURCE,FALSE,CURRENT,,,S-M093-02,https://www.town.kibichuo.lg.jp/uploaded/attachment/12948.pdf,古新聞・古雑誌,,,,2026-08-19,INITIAL_REVIEW_REQUIRED,CATEGORY_LEVEL,UNREVIEWED,,,Positive evidence（category正式名称・代表品目）から機械抽出。品目別公式根拠と条件枝の確認前はAPP_READYにしない。
MAP-M093-I017-C-M093-07,M093,I017,1,category正式名称・代表品目から機械抽出,C-M093-07,紙パック・段ボール,要品目別確認,町指定方法でまとめる,NOT_STATED_IN_CITED_SOURCE,FALSE,CURRENT,,,S-M093-02,https://www.town.kibichuo.lg.jp/uploaded/attachment/12948.pdf,紙パック・段ボール,,,,2026-08-19,INITIAL_REVIEW_REQUIRED,CATEGORY_LEVEL,UNREVIEWED,,,Positive evidence（category正式名称・代表品目）から機械抽出。品目別公式根拠と条件枝の確認前はAPP_READYにしない。
MAP-M093-I030-C-M093-12,M093,I030,1,category正式名称・代表品目から機械抽出,C-M093-12,蛍光管,要品目別確認,年3回の指定回収に破損しないよう出す,NOT_STATED_IN_CITED_SOURCE,FALSE,CURRENT,,,S-M093-02,https://www.town.kibichuo.lg.jp/uploaded/attachment/12948.pdf,蛍光管,,,,2026-08-19,INITIAL_REVIEW_REQUIRED,CATEGORY_LEVEL,UNREVIEWED,,,Positive evidence（category正式名称・代表品目）から機械抽出。品目別公式根拠と条件枝の確認前はAPP_READYにしない。
MAP-M094-I001-01,M094,I001,1,category正式名称・代表品目から機械抽出,C-M094-02,ペットボトル,PET対象用途,キャップとラベルを外し水洗いしてつぶす,リサイクルプラ,FALSE,CURRENT,,,S-M094-01,https://www.city.hiroshima.lg.jp/living/gomi-kankyo/1021277/1003072/1026095/1026096/1003182.html,ペットボトル,,,,2026-08-17,INITIAL_REVIEW_REQUIRED,CATEGORY_LEVEL,UNREVIEWED,,,区分レベルデータから機械抽出。品目別公式根拠と条件枝の確認前はAPP_READYにしない。
MAP-M094-I002-01,M094,I002,1,category正式名称・代表品目から機械抽出,C-M094-03,リサイクルプラ,商品を包んだ容器包装で付着物が取れる,水洗いまたは拭き取り・キャップやふたを外す,汚れが取れなければ可燃ごみ,FALSE,CURRENT,,,S-M094-01,https://www.city.hiroshima.lg.jp/living/gomi-kankyo/1021277/1003072/1026095/1026096/1003182.html,リサイクルプラ,,,,2026-08-17,INITIAL_REVIEW_REQUIRED,CATEGORY_LEVEL,UNREVIEWED,,,区分レベルデータから機械抽出。品目別公式根拠と条件枝の確認前はAPP_READYにしない。
MAP-M094-I003-01,M094,I003,1,category正式名称・代表品目から機械抽出,C-M094-03,リサイクルプラ,商品を包んだ容器包装で付着物が取れる,水洗いまたは拭き取り・キャップやふたを外す,汚れが取れなければ可燃ごみ,FALSE,CURRENT,,,S-M094-01,https://www.city.hiroshima.lg.jp/living/gomi-kankyo/1021277/1003072/1026095/1026096/1003182.html,リサイクルプラ,,,,2026-08-17,INITIAL_REVIEW_REQUIRED,CATEGORY_LEVEL,UNREVIEWED,,,区分レベルデータから機械抽出。品目別公式根拠と条件枝の確認前はAPP_READYにしない。
MAP-M094-I012-01,M094,I012,1,category正式名称・代表品目から機械抽出,C-M094-03,リサイクルプラ,商品を包んだ容器包装で付着物が取れる,水洗いまたは拭き取り・キャップやふたを外す,汚れが取れなければ可燃ごみ,FALSE,CURRENT,,,S-M094-01,https://www.city.hiroshima.lg.jp/living/gomi-kankyo/1021277/1003072/1026095/1026096/1003182.html,リサイクルプラ,,,,2026-08-17,INITIAL_REVIEW_REQUIRED,CATEGORY_LEVEL,UNREVIEWED,,,区分レベルデータから機械抽出。品目別公式根拠と条件枝の確認前はAPP_READYにしない。
MAP-M094-I018-01,M094,I018,1,category正式名称・代表品目から機械抽出,C-M094-01,可燃ごみ,家庭から出る可燃物,生ごみは水切り・油は紙等に染み込ませる・枝は概ね50cm以下,資源ごみ等の該当区分,FALSE,CURRENT,,,S-M094-01,https://www.city.hiroshima.lg.jp/living/gomi-kankyo/1021277/1003072/1026095/1026096/1003182.html,可燃ごみ,,,,2026-08-17,INITIAL_REVIEW_REQUIRED,CATEGORY_LEVEL,UNREVIEWED,,,区分レベルデータから機械抽出。品目別公式根拠と条件枝の確認前はAPP_READYにしない。
MAP-M094-I020-01,M094,I020,1,category正式名称・代表品目から機械抽出,C-M094-01,可燃ごみ,家庭から出る可燃物,生ごみは水切り・油は紙等に染み込ませる・枝は概ね50cm以下,資源ごみ等の該当区分,FALSE,CURRENT,,,S-M094-01,https://www.city.hiroshima.lg.jp/living/gomi-kankyo/1021277/1003072/1026095/1026096/1003182.html,可燃ごみ,,,,2026-08-17,INITIAL_REVIEW_REQUIRED,CATEGORY_LEVEL,UNREVIEWED,,,区分レベルデータから機械抽出。品目別公式根拠と条件枝の確認前はAPP_READYにしない。
MAP-M094-I021-01,M094,I021,1,category正式名称・代表品目から機械抽出,C-M094-06,資源ごみ,紙・布・金属・ガラスの資源対象,缶びんはふたを外し洗う・刃物や割れガラスは包んで危険表示・スプレー缶は穴を開けない,対象外は各正式区分,FALSE,CURRENT,,,S-M094-01,https://www.city.hiroshima.lg.jp/living/gomi-kankyo/1021277/1003072/1026095/1026096/1003182.html,資源ごみ,,,,2026-08-17,INITIAL_REVIEW_REQUIRED,CATEGORY_LEVEL,UNREVIEWED,,,区分レベルデータから機械抽出。品目別公式根拠と条件枝の確認前はAPP_READYにしない。
MAP-M094-I022-01,M094,I022,1,category正式名称・代表品目から機械抽出,C-M094-05,不燃ごみ,大型ごみ基準未満,充電池を外す・危険物を包む,大型基準以上は大型ごみ,FALSE,CURRENT,,,S-M094-02,https://www.city.hiroshima.lg.jp/_res/projects/default_project/_page_/001/003/182/2026.pdf,不燃ごみ欄,,,,2026-08-17,INITIAL_REVIEW_REQUIRED,CATEGORY_LEVEL,UNREVIEWED,,,区分レベルデータから機械抽出。品目別公式根拠と条件枝の確認前はAPP_READYにしない。
MAP-M094-I023-01,M094,I023,1,category正式名称・代表品目から機械抽出,C-M094-05,不燃ごみ,大型ごみ基準未満,充電池を外す・危険物を包む,大型基準以上は大型ごみ,FALSE,CURRENT,,,S-M094-02,https://www.city.hiroshima.lg.jp/_res/projects/default_project/_page_/001/003/182/2026.pdf,不燃ごみ欄,,,,2026-08-17,INITIAL_REVIEW_REQUIRED,CATEGORY_LEVEL,UNREVIEWED,,,区分レベルデータから機械抽出。品目別公式根拠と条件枝の確認前はAPP_READYにしない。
MAP-M094-I027-01,M094,I027,1,category正式名称・代表品目から機械抽出,C-M094-07,有害ごみ,家庭用の対象有害物,電池端子をテープで覆う・蛍光管は箱または新聞紙で保護,LEDは不燃ごみ,FALSE,CURRENT,,,S-M094-01,https://www.city.hiroshima.lg.jp/living/gomi-kankyo/1021277/1003072/1026095/1026096/1003182.html,有害ごみ,,,,2026-08-17,INITIAL_REVIEW_REQUIRED,CATEGORY_LEVEL,UNREVIEWED,,,区分レベルデータから機械抽出。品目別公式根拠と条件枝の確認前はAPP_READYにしない。
MAP-M094-I028-01,M094,I028,1,category正式名称・代表品目から機械抽出,C-M094-07,有害ごみ,家庭用の対象有害物,電池端子をテープで覆う・蛍光管は箱または新聞紙で保護,LEDは不燃ごみ,FALSE,CURRENT,,,S-M094-01,https://www.city.hiroshima.lg.jp/living/gomi-kankyo/1021277/1003072/1026095/1026096/1003182.html,有害ごみ,,,,2026-08-17,INITIAL_REVIEW_REQUIRED,CATEGORY_LEVEL,UNREVIEWED,,,区分レベルデータから機械抽出。品目別公式根拠と条件枝の確認前はAPP_READYにしない。
MAP-M094-I029-01,M094,I029,1,category正式名称・代表品目から機械抽出,C-M094-07,有害ごみ,家庭用の対象有害物,電池端子をテープで覆う・蛍光管は箱または新聞紙で保護,LEDは不燃ごみ,FALSE,CURRENT,,,S-M094-01,https://www.city.hiroshima.lg.jp/living/gomi-kankyo/1021277/1003072/1026095/1026096/1003182.html,有害ごみ,,,,2026-08-17,INITIAL_REVIEW_REQUIRED,CATEGORY_LEVEL,UNREVIEWED,,,区分レベルデータから機械抽出。品目別公式根拠と条件枝の確認前はAPP_READYにしない。
MAP-M094-I030-01,M094,I030,1,category正式名称・代表品目から機械抽出,C-M094-07,有害ごみ,家庭用の対象有害物,電池端子をテープで覆う・蛍光管は箱または新聞紙で保護,LEDは不燃ごみ,FALSE,CURRENT,,,S-M094-01,https://www.city.hiroshima.lg.jp/living/gomi-kankyo/1021277/1003072/1026095/1026096/1003182.html,有害ごみ,,,,2026-08-17,INITIAL_REVIEW_REQUIRED,CATEGORY_LEVEL,UNREVIEWED,,,区分レベルデータから機械抽出。品目別公式根拠と条件枝の確認前はAPP_READYにしない。
MAP-M094-I034-01,M094,I034,1,category正式名称・代表品目から機械抽出,C-M094-05,不燃ごみ,大型ごみ基準未満,充電池を外す・危険物を包む,大型基準以上は大型ごみ,FALSE,CURRENT,,,S-M094-02,https://www.city.hiroshima.lg.jp/_res/projects/default_project/_page_/001/003/182/2026.pdf,不燃ごみ欄,,,,2026-08-17,INITIAL_REVIEW_REQUIRED,CATEGORY_LEVEL,UNREVIEWED,,,区分レベルデータから機械抽出。品目別公式根拠と条件枝の確認前はAPP_READYにしない。
MAP-M094-I038-02,M094,I038,1,category正式名称・代表品目から機械抽出,C-M094-09,市では収集しないごみ,市が収集しない指定品,販売店等へ相談,販売店・製造元・専門処理経路,TRUE,CURRENT,,,S-M094-01,https://www.city.hiroshima.lg.jp/living/gomi-kankyo/1021277/1003072/1026095/1026096/1003182.html,市では収集しないごみ,,,,2026-08-17,INITIAL_REVIEW_REQUIRED,CATEGORY_LEVEL,UNREVIEWED,,,区分レベルデータから機械抽出。品目別公式根拠と条件枝の確認前はAPP_READYにしない。
MAP-M095-I001-C-M095-05,M095,I001,1,category正式名称・代表品目から機械抽出,C-M095-05,資源物（びん類・缶類・ペットボトル）,要品目別確認,中身を空にする,NOT_STATED_IN_CITED_SOURCE,FALSE,CURRENT,,,S-M095-01,https://www.city.kure.lg.jp/soshiki/19/gomidasicalender2026.html,資源物（びん類・缶類・ペットボトル）,,,,2026-08-19,INITIAL_REVIEW_REQUIRED,CATEGORY_LEVEL,UNREVIEWED,,,Positive evidence（category正式名称・代表品目）から機械抽出。品目別公式根拠と条件枝の確認前はAPP_READYにしない。
MAP-M095-I006-C-M095-05,M095,I006,1,category正式名称・代表品目から機械抽出,C-M095-05,資源物（びん類・缶類・ペットボトル）,要品目別確認,中身を空にする,NOT_STATED_IN_CITED_SOURCE,FALSE,CURRENT,,,S-M095-01,https://www.city.kure.lg.jp/soshiki/19/gomidasicalender2026.html,資源物（びん類・缶類・ペットボトル）,,,,2026-08-19,INITIAL_REVIEW_REQUIRED,CATEGORY_LEVEL,UNREVIEWED,,,Positive evidence（category正式名称・代表品目）から機械抽出。品目別公式根拠と条件枝の確認前はAPP_READYにしない。
MAP-M095-I021-C-M095-01,M095,I021,1,category正式名称・代表品目から機械抽出,C-M095-01,燃えるごみ,要品目別確認,生ごみは水切りする,NOT_STATED_IN_CITED_SOURCE,FALSE,CURRENT,,,S-M095-01,https://www.city.kure.lg.jp/soshiki/19/gomidasicalender2026.html,燃えるごみ,,,,2026-08-19,INITIAL_REVIEW_REQUIRED,CATEGORY_LEVEL,UNREVIEWED,,,Positive evidence（category正式名称・代表品目）から機械抽出。品目別公式根拠と条件枝の確認前はAPP_READYにしない。
MAP-M095-I023-C-M095-02,M095,I023,1,category正式名称・代表品目から機械抽出,C-M095-02,燃えないごみ,要品目別確認,電池を外し、危険物は安全に保護して出す,NOT_STATED_IN_CITED_SOURCE,FALSE,CURRENT,,,S-M095-01,https://www.city.kure.lg.jp/soshiki/19/gomidasicalender2026.html,燃えないごみ,,,,2026-08-19,INITIAL_REVIEW_REQUIRED,CATEGORY_LEVEL,UNREVIEWED,,,Positive evidence（category正式名称・代表品目）から機械抽出。品目別公式根拠と条件枝の確認前はAPP_READYにしない。
MAP-M095-I030-C-M095-07,M095,I030,1,category正式名称・代表品目から機械抽出,C-M095-07,有害・危険ごみ,要品目別確認,電池は絶縁等の市指定処理。スプレー缶等は中身を使い切る,NOT_STATED_IN_CITED_SOURCE,FALSE,CURRENT,,,S-M095-01,https://www.city.kure.lg.jp/soshiki/19/gomidasicalender2026.html,有害・危険ごみ,,,,2026-08-19,INITIAL_REVIEW_REQUIRED,CATEGORY_LEVEL,UNREVIEWED,,,Positive evidence（category正式名称・代表品目）から機械抽出。品目別公式根拠と条件枝の確認前はAPP_READYにしない。
MAP-M095-I032-C-M095-07,M095,I032,1,category正式名称・代表品目から機械抽出,C-M095-07,有害・危険ごみ,要品目別確認,電池は絶縁等の市指定処理。スプレー缶等は中身を使い切る,NOT_STATED_IN_CITED_SOURCE,FALSE,CURRENT,,,S-M095-01,https://www.city.kure.lg.jp/soshiki/19/gomidasicalender2026.html,有害・危険ごみ,,,,2026-08-19,INITIAL_REVIEW_REQUIRED,CATEGORY_LEVEL,UNREVIEWED,,,Positive evidence（category正式名称・代表品目）から機械抽出。品目別公式根拠と条件枝の確認前はAPP_READYにしない。
MAP-M095-I033-C-M095-07,M095,I033,1,category正式名称・代表品目から機械抽出,C-M095-07,有害・危険ごみ,要品目別確認,電池は絶縁等の市指定処理。スプレー缶等は中身を使い切る,NOT_STATED_IN_CITED_SOURCE,FALSE,CURRENT,,,S-M095-01,https://www.city.kure.lg.jp/soshiki/19/gomidasicalender2026.html,有害・危険ごみ,,,,2026-08-19,INITIAL_REVIEW_REQUIRED,CATEGORY_LEVEL,UNREVIEWED,,,Positive evidence（category正式名称・代表品目）から機械抽出。品目別公式根拠と条件枝の確認前はAPP_READYにしない。
MAP-M095-I034-C-M095-02,M095,I034,1,category正式名称・代表品目から機械抽出,C-M095-02,燃えないごみ,要品目別確認,電池を外し、危険物は安全に保護して出す,NOT_STATED_IN_CITED_SOURCE,FALSE,CURRENT,,,S-M095-01,https://www.city.kure.lg.jp/soshiki/19/gomidasicalender2026.html,燃えないごみ,,,,2026-08-19,INITIAL_REVIEW_REQUIRED,CATEGORY_LEVEL,UNREVIEWED,,,Positive evidence（category正式名称・代表品目）から機械抽出。品目別公式根拠と条件枝の確認前はAPP_READYにしない。
MAP-M096-I021-C-M096-01,M096,I021,1,category正式名称・代表品目から機械抽出,C-M096-01,もやせる物,要品目別確認,生ごみは水切り。指定袋に入る衣類等はこの区分,NOT_STATED_IN_CITED_SOURCE,FALSE,CURRENT,,,S-M096-01,https://www.city.takehara.lg.jp/soshikikarasagasu/chiikizukurika/gyomuannai/1_1/2_1/7243.html,もやせる物,,,,2026-08-19,INITIAL_REVIEW_REQUIRED,CATEGORY_LEVEL,UNREVIEWED,,,Positive evidence（category正式名称・代表品目）から機械抽出。品目別公式根拠と条件枝の確認前はAPP_READYにしない。
MAP-M096-I023-C-M096-02,M096,I023,1,category正式名称・代表品目から機械抽出,C-M096-02,リサイクルする物,要品目別確認,中身を空にして品目別処理。スプレー缶は使い切り、穴を開ける必要はない,NOT_STATED_IN_CITED_SOURCE,FALSE,CURRENT,,,S-M096-01,https://www.city.takehara.lg.jp/soshikikarasagasu/chiikizukurika/gyomuannai/1_1/2_1/7243.html,リサイクルする物,,,,2026-08-19,INITIAL_REVIEW_REQUIRED,CATEGORY_LEVEL,UNREVIEWED,,,Positive evidence（category正式名称・代表品目）から機械抽出。品目別公式根拠と条件枝の確認前はAPP_READYにしない。
MAP-M096-I027-C-M096-05,M096,I027,1,category正式名称・代表品目から機械抽出,C-M096-05,有害ごみ,要品目別確認,電池類等は安全措置を行い指定方法で出す,NOT_STATED_IN_CITED_SOURCE,FALSE,CURRENT,,,S-M096-01,https://www.city.takehara.lg.jp/soshikikarasagasu/chiikizukurika/gyomuannai/1_1/2_1/7243.html,有害ごみ,,,,2026-08-19,INITIAL_REVIEW_REQUIRED,CATEGORY_LEVEL,UNREVIEWED,,,Positive evidence（category正式名称・代表品目）から機械抽出。品目別公式根拠と条件枝の確認前はAPP_READYにしない。
MAP-M096-I028-C-M096-05,M096,I028,1,category正式名称・代表品目から機械抽出,C-M096-05,有害ごみ,要品目別確認,電池類等は安全措置を行い指定方法で出す,NOT_STATED_IN_CITED_SOURCE,FALSE,CURRENT,,,S-M096-01,https://www.city.takehara.lg.jp/soshikikarasagasu/chiikizukurika/gyomuannai/1_1/2_1/7243.html,有害ごみ,,,,2026-08-19,INITIAL_REVIEW_REQUIRED,CATEGORY_LEVEL,UNREVIEWED,,,Positive evidence（category正式名称・代表品目）から機械抽出。品目別公式根拠と条件枝の確認前はAPP_READYにしない。
MAP-M096-I030-C-M096-05,M096,I030,1,category正式名称・代表品目から機械抽出,C-M096-05,有害ごみ,要品目別確認,電池類等は安全措置を行い指定方法で出す,NOT_STATED_IN_CITED_SOURCE,FALSE,CURRENT,,,S-M096-01,https://www.city.takehara.lg.jp/soshikikarasagasu/chiikizukurika/gyomuannai/1_1/2_1/7243.html,有害ごみ,,,,2026-08-19,INITIAL_REVIEW_REQUIRED,CATEGORY_LEVEL,UNREVIEWED,,,Positive evidence（category正式名称・代表品目）から機械抽出。品目別公式根拠と条件枝の確認前はAPP_READYにしない。
MAP-M096-I033-C-M096-05,M096,I033,1,category正式名称・代表品目から機械抽出,C-M096-05,有害ごみ,要品目別確認,電池類等は安全措置を行い指定方法で出す,NOT_STATED_IN_CITED_SOURCE,FALSE,CURRENT,,,S-M096-01,https://www.city.takehara.lg.jp/soshikikarasagasu/chiikizukurika/gyomuannai/1_1/2_1/7243.html,有害ごみ,,,,2026-08-19,INITIAL_REVIEW_REQUIRED,CATEGORY_LEVEL,UNREVIEWED,,,Positive evidence（category正式名称・代表品目）から機械抽出。品目別公式根拠と条件枝の確認前はAPP_READYにしない。
MAP-M096-I034-C-M096-02,M096,I034,1,category正式名称・代表品目から機械抽出,C-M096-02,リサイクルする物,要品目別確認,中身を空にして品目別処理。スプレー缶は使い切り、穴を開ける必要はない,NOT_STATED_IN_CITED_SOURCE,FALSE,CURRENT,,,S-M096-01,https://www.city.takehara.lg.jp/soshikikarasagasu/chiikizukurika/gyomuannai/1_1/2_1/7243.html,リサイクルする物,,,,2026-08-19,INITIAL_REVIEW_REQUIRED,CATEGORY_LEVEL,UNREVIEWED,,,Positive evidence（category正式名称・代表品目）から機械抽出。品目別公式根拠と条件枝の確認前はAPP_READYにしない。
MAP-M096-I035-C-M096-05,M096,I035,1,category正式名称・代表品目から機械抽出,C-M096-05,有害ごみ,要品目別確認,電池類等は安全措置を行い指定方法で出す,NOT_STATED_IN_CITED_SOURCE,FALSE,CURRENT,,,S-M096-01,https://www.city.takehara.lg.jp/soshikikarasagasu/chiikizukurika/gyomuannai/1_1/2_1/7243.html,有害ごみ,,,,2026-08-19,INITIAL_REVIEW_REQUIRED,CATEGORY_LEVEL,UNREVIEWED,,,Positive evidence（category正式名称・代表品目）から機械抽出。品目別公式根拠と条件枝の確認前はAPP_READYにしない。
MAP-M097-I001-C-M097-04,M097,I001,1,category正式名称・代表品目から機械抽出,C-M097-04,ペットボトル,要品目別確認,キャップ・ラベルを外す,NOT_STATED_IN_CITED_SOURCE,FALSE,CURRENT,,,S-M097-01,https://www.city.mihara.hiroshima.jp/soshiki/23/112554.html,ペットボトル,,,,2026-08-19,INITIAL_REVIEW_REQUIRED,CATEGORY_LEVEL,UNREVIEWED,,,Positive evidence（category正式名称・代表品目）から機械抽出。品目別公式根拠と条件枝の確認前はAPP_READYにしない。
MAP-M097-I004-C-M097-03,M097,I004,1,category正式名称・代表品目から機械抽出,C-M097-03,びん・飲料缶,要品目別確認,中身を除き水洗い,NOT_STATED_IN_CITED_SOURCE,FALSE,CURRENT,,,S-M097-01,https://www.city.mihara.hiroshima.jp/soshiki/23/112554.html,びん・飲料缶,,,,2026-08-19,INITIAL_REVIEW_REQUIRED,CATEGORY_LEVEL,UNREVIEWED,,,Positive evidence（category正式名称・代表品目）から機械抽出。品目別公式根拠と条件枝の確認前はAPP_READYにしない。
MAP-M097-I005-C-M097-03,M097,I005,1,category正式名称・代表品目から機械抽出,C-M097-03,びん・飲料缶,要品目別確認,中身を除き水洗い,NOT_STATED_IN_CITED_SOURCE,FALSE,CURRENT,,,S-M097-01,https://www.city.mihara.hiroshima.jp/soshiki/23/112554.html,びん・飲料缶,,,,2026-08-19,INITIAL_REVIEW_REQUIRED,CATEGORY_LEVEL,UNREVIEWED,,,Positive evidence（category正式名称・代表品目）から機械抽出。品目別公式根拠と条件枝の確認前はAPP_READYにしない。
MAP-M097-I006-C-M097-03,M097,I006,1,category正式名称・代表品目から機械抽出,C-M097-03,びん・飲料缶,要品目別確認,中身を除き水洗い,NOT_STATED_IN_CITED_SOURCE,FALSE,CURRENT,,,S-M097-01,https://www.city.mihara.hiroshima.jp/soshiki/23/112554.html,びん・飲料缶,,,,2026-08-19,INITIAL_REVIEW_REQUIRED,CATEGORY_LEVEL,UNREVIEWED,,,Positive evidence（category正式名称・代表品目）から機械抽出。品目別公式根拠と条件枝の確認前はAPP_READYにしない。
MAP-M097-I018-C-M097-01,M097,I018,1,category正式名称・代表品目から機械抽出,C-M097-01,もやすごみ,要品目別確認,NOT_STATED_IN_CITED_SOURCE,NOT_STATED_IN_CITED_SOURCE,FALSE,CURRENT,,,S-M097-01,https://www.city.mihara.hiroshima.jp/soshiki/23/112554.html,もやすごみ,,,,2026-08-19,INITIAL_REVIEW_REQUIRED,CATEGORY_LEVEL,UNREVIEWED,,,Positive evidence（category正式名称・代表品目）から機械抽出。品目別公式根拠と条件枝の確認前はAPP_READYにしない。
MAP-M097-I027-C-M097-07,M097,I027,1,category正式名称・代表品目から機械抽出,C-M097-07,電池,要品目別確認,電極を色付きテープ等で絶縁,NOT_STATED_IN_CITED_SOURCE,FALSE,CURRENT,,,S-M097-01,https://www.city.mihara.hiroshima.jp/soshiki/23/112554.html,電池,,,,2026-08-19,INITIAL_REVIEW_REQUIRED,CATEGORY_LEVEL,UNREVIEWED,,,Positive evidence（category正式名称・代表品目）から機械抽出。品目別公式根拠と条件枝の確認前はAPP_READYにしない。
MAP-M097-I028-C-M097-07,M097,I028,1,category正式名称・代表品目から機械抽出,C-M097-07,電池,要品目別確認,電極を色付きテープ等で絶縁,NOT_STATED_IN_CITED_SOURCE,FALSE,CURRENT,,,S-M097-01,https://www.city.mihara.hiroshima.jp/soshiki/23/112554.html,電池,,,,2026-08-19,INITIAL_REVIEW_REQUIRED,CATEGORY_LEVEL,UNREVIEWED,,,Positive evidence（category正式名称・代表品目）から機械抽出。品目別公式根拠と条件枝の確認前はAPP_READYにしない。
MAP-M097-I029-C-M097-08,M097,I029,1,category正式名称・代表品目から機械抽出,C-M097-08,電池の外せない小型家電・充電式小型家電,要品目別確認,電池を外せない対象品を本体ごと出す,NOT_STATED_IN_CITED_SOURCE,FALSE,CURRENT,,,S-M097-01,https://www.city.mihara.hiroshima.jp/soshiki/23/112554.html,電池の外せない小型家電・充電式小型家電,,,,2026-08-19,INITIAL_REVIEW_REQUIRED,CATEGORY_LEVEL,UNREVIEWED,,,Positive evidence（category正式名称・代表品目）から機械抽出。品目別公式根拠と条件枝の確認前はAPP_READYにしない。
MAP-M097-I030-C-M097-09,M097,I030,1,category正式名称・代表品目から機械抽出,C-M097-09,蛍光灯（有害ごみ）,要品目別確認,割れないよう箱または新聞紙等で保護,NOT_STATED_IN_CITED_SOURCE,FALSE,CURRENT,,,S-M097-01,https://www.city.mihara.hiroshima.jp/soshiki/23/112554.html,蛍光灯（有害ごみ）,,,,2026-08-19,INITIAL_REVIEW_REQUIRED,CATEGORY_LEVEL,UNREVIEWED,,,Positive evidence（category正式名称・代表品目）から機械抽出。品目別公式根拠と条件枝の確認前はAPP_READYにしない。
MAP-M097-I031-C-M097-09,M097,I031,1,category正式名称・代表品目から機械抽出,C-M097-09,蛍光灯（有害ごみ）,要品目別確認,割れないよう箱または新聞紙等で保護,NOT_STATED_IN_CITED_SOURCE,FALSE,CURRENT,,,S-M097-01,https://www.city.mihara.hiroshima.jp/soshiki/23/112554.html,蛍光灯（有害ごみ）,,,,2026-08-19,INITIAL_REVIEW_REQUIRED,CATEGORY_LEVEL,UNREVIEWED,,,Positive evidence（category正式名称・代表品目）から機械抽出。品目別公式根拠と条件枝の確認前はAPP_READYにしない。
MAP-M097-I032-C-M097-06,M097,I032,1,category正式名称・代表品目から機械抽出,C-M097-06,発火性危険ごみ,要品目別確認,中身を使い切る。穴を開ける必要はない,NOT_STATED_IN_CITED_SOURCE,FALSE,CURRENT,,,S-M097-01,https://www.city.mihara.hiroshima.jp/soshiki/23/112554.html,発火性危険ごみ,,,,2026-08-19,INITIAL_REVIEW_REQUIRED,CATEGORY_LEVEL,UNREVIEWED,,,Positive evidence（category正式名称・代表品目）から機械抽出。品目別公式根拠と条件枝の確認前はAPP_READYにしない。
MAP-M097-I033-C-M097-06,M097,I033,1,category正式名称・代表品目から機械抽出,C-M097-06,発火性危険ごみ,要品目別確認,中身を使い切る。穴を開ける必要はない,NOT_STATED_IN_CITED_SOURCE,FALSE,CURRENT,,,S-M097-01,https://www.city.mihara.hiroshima.jp/soshiki/23/112554.html,発火性危険ごみ,,,,2026-08-19,INITIAL_REVIEW_REQUIRED,CATEGORY_LEVEL,UNREVIEWED,,,Positive evidence（category正式名称・代表品目）から機械抽出。品目別公式根拠と条件枝の確認前はAPP_READYにしない。
MAP-M097-I034-C-M097-08,M097,I034,1,category正式名称・代表品目から機械抽出,C-M097-08,電池の外せない小型家電・充電式小型家電,要品目別確認,電池を外せない対象品を本体ごと出す,NOT_STATED_IN_CITED_SOURCE,FALSE,CURRENT,,,S-M097-01,https://www.city.mihara.hiroshima.jp/soshiki/23/112554.html,電池の外せない小型家電・充電式小型家電,,,,2026-08-19,INITIAL_REVIEW_REQUIRED,CATEGORY_LEVEL,UNREVIEWED,,,Positive evidence（category正式名称・代表品目）から機械抽出。品目別公式根拠と条件枝の確認前はAPP_READYにしない。
MAP-M101-I021-C-M101-05,M101,I021,1,category正式名称・代表品目から機械抽出,C-M101-05,布資源,要品目別確認,NOT_STATED_IN_CITED_SOURCE,NOT_STATED_IN_CITED_SOURCE,FALSE,CURRENT,,,S-M101-01,https://www.city.miyoshi.hiroshima.jp/garbage-item/search/garbage_rule.php,布資源,,,,2026-08-19,INITIAL_REVIEW_REQUIRED,CATEGORY_LEVEL,UNREVIEWED,,,Positive evidence（category正式名称・代表品目）から機械抽出。品目別公式根拠と条件枝の確認前はAPP_READYにしない。
MAP-M101-I030-C-M101-09,M101,I030,1,category正式名称・代表品目から機械抽出,C-M101-09,有害ごみ,要品目別確認,NOT_STATED_IN_CITED_SOURCE,NOT_STATED_IN_CITED_SOURCE,FALSE,CURRENT,,,S-M101-01,https://www.city.miyoshi.hiroshima.jp/garbage-item/search/garbage_rule.php,有害ごみ,,,,2026-08-19,INITIAL_REVIEW_REQUIRED,CATEGORY_LEVEL,UNREVIEWED,,,Positive evidence（category正式名称・代表品目）から機械抽出。品目別公式根拠と条件枝の確認前はAPP_READYにしない。
MAP-M102-I001-01,M102,I001,1,category正式名称・代表品目から機械抽出,C-M102-04,ペットボトル,PET対象ボトル,水洗いしキャップとラベルを外す・つぶさない,キャップ・ラベルは容器包装プラスチック類,FALSE,CURRENT,,,S-M102-01,https://www.city.shobara.hiroshima.jp/main/life/waste/post_502.html,ペットボトル,,,,2026-08-17,INITIAL_REVIEW_REQUIRED,CATEGORY_LEVEL,UNREVIEWED,,,区分レベルデータから機械抽出。品目別公式根拠と条件枝の確認前はAPP_READYにしない。
MAP-M102-I011-01,M102,I011,1,category正式名称・代表品目から機械抽出,C-M102-03,容器包装プラスチック類,容器包装で水洗い可能,中身を除き水洗い・シールをできるだけ除く,汚れが落ちなければ燃えるごみ,FALSE,CURRENT,,,S-M102-01,https://www.city.shobara.hiroshima.jp/main/life/waste/post_502.html,容器包装プラスチック,,,,2026-08-17,INITIAL_REVIEW_REQUIRED,CATEGORY_LEVEL,UNREVIEWED,,,区分レベルデータから機械抽出。品目別公式根拠と条件枝の確認前はAPP_READYにしない。
MAP-M102-I013-01,M102,I013,1,category正式名称・代表品目から機械抽出,C-M102-09,新聞,乾いた新聞,白い紙ひもで十文字に縛る,濡れ汚れは燃えるごみ,FALSE,CURRENT,,,S-M102-02,https://www.city.shobara.hiroshima.jp/main/2026/05/b6dc044e36ef6e5fe182c3d6e19651b8.pdf,P2 紙類,,,,2026-08-17,INITIAL_REVIEW_REQUIRED,CATEGORY_LEVEL,UNREVIEWED,,,区分レベルデータから機械抽出。品目別公式根拠と条件枝の確認前はAPP_READYにしない。
MAP-M102-I014-01,M102,I014,1,category正式名称・代表品目から機械抽出,C-M102-11,ダンボール,乾いたダンボール,テープ・金具等を外し白い紙ひもで結束,濡れ汚れは燃えるごみ,FALSE,CURRENT,,,S-M102-03,https://www.city.shobara.hiroshima.jp/main/2026/05/f425cb7cb962951470a777e677d0cd81.pdf,ダンボール,,,,2026-08-17,INITIAL_REVIEW_REQUIRED,CATEGORY_LEVEL,UNREVIEWED,,,区分レベルデータから機械抽出。品目別公式根拠と条件枝の確認前はAPP_READYにしない。
MAP-M102-I016-01,M102,I016,1,category正式名称・代表品目から機械抽出,C-M102-12,その他紙類,乾いた再生可能紙,異物を除き白い紙ひもで結束,対象外や汚れは燃えるごみ,FALSE,CURRENT,,,S-M102-03,https://www.city.shobara.hiroshima.jp/main/2026/05/f425cb7cb962951470a777e677d0cd81.pdf,その他紙類,,,,2026-08-17,INITIAL_REVIEW_REQUIRED,CATEGORY_LEVEL,UNREVIEWED,,,区分レベルデータから機械抽出。品目別公式根拠と条件枝の確認前はAPP_READYにしない。
MAP-M102-I017-01,M102,I017,1,category正式名称・代表品目から機械抽出,C-M102-10,紙パック,対象紙パック,洗って切り開き乾かす・白い紙ひもで結束,アルミ箔付きは燃えるごみ,FALSE,CURRENT,,,S-M102-03,https://www.city.shobara.hiroshima.jp/main/2026/05/f425cb7cb962951470a777e677d0cd81.pdf,紙パック,,,,2026-08-17,INITIAL_REVIEW_REQUIRED,CATEGORY_LEVEL,UNREVIEWED,,,区分レベルデータから機械抽出。品目別公式根拠と条件枝の確認前はAPP_READYにしない。
MAP-M102-I018-01,M102,I018,1,category正式名称・代表品目から機械抽出,C-M102-01,燃えるごみ,概ね長さ50cm・直径5cm以内,水切り・汚物除去・油は染み込ませるか固める,切れない大型物は粗大ごみ,FALSE,CURRENT,,,S-M102-02,https://www.city.shobara.hiroshima.jp/main/2026/05/b6dc044e36ef6e5fe182c3d6e19651b8.pdf,P3 燃えるごみ,,,,2026-08-17,INITIAL_REVIEW_REQUIRED,CATEGORY_LEVEL,UNREVIEWED,,,区分レベルデータから機械抽出。品目別公式根拠と条件枝の確認前はAPP_READYにしない。
MAP-M102-I020-01,M102,I020,1,category正式名称・代表品目から機械抽出,C-M102-01,燃えるごみ,概ね長さ50cm・直径5cm以内,水切り・汚物除去・油は染み込ませるか固める,切れない大型物は粗大ごみ,FALSE,CURRENT,,,S-M102-02,https://www.city.shobara.hiroshima.jp/main/2026/05/b6dc044e36ef6e5fe182c3d6e19651b8.pdf,P3 燃えるごみ,,,,2026-08-17,INITIAL_REVIEW_REQUIRED,CATEGORY_LEVEL,UNREVIEWED,,,区分レベルデータから機械抽出。品目別公式根拠と条件枝の確認前はAPP_READYにしない。
MAP-M102-I021-01,M102,I021,1,category正式名称・代表品目から機械抽出,C-M102-02,古着,洗濯済みで乾いた再利用可能な衣類,洗濯し乾かしてたたむ,対象外は金具を外して燃えるごみ,FALSE,CURRENT,,,S-M102-01,https://www.city.shobara.hiroshima.jp/main/life/waste/post_502.html,古着類,,,,2026-08-17,INITIAL_REVIEW_REQUIRED,CATEGORY_LEVEL,UNREVIEWED,,,区分レベルデータから機械抽出。品目別公式根拠と条件枝の確認前はAPP_READYにしない。
MAP-M102-I022-01,M102,I022,1,category正式名称・代表品目から機械抽出,C-M102-07,燃えないごみ,指定袋に入る不燃物,割れ物や刃物は包んで品名表示・電池を外す・スプレー缶は使い切り穴を開ける,入らなければ粗大ごみ,FALSE,CURRENT,,,S-M102-01,https://www.city.shobara.hiroshima.jp/main/life/waste/post_502.html,燃えないごみ,,,,2026-08-17,INITIAL_REVIEW_REQUIRED,CATEGORY_LEVEL,UNREVIEWED,,,区分レベルデータから機械抽出。品目別公式根拠と条件枝の確認前はAPP_READYにしない。
MAP-M102-I023-01,M102,I023,1,category正式名称・代表品目から機械抽出,C-M102-07,燃えないごみ,指定袋に入る不燃物,割れ物や刃物は包んで品名表示・電池を外す・スプレー缶は使い切り穴を開ける,入らなければ粗大ごみ,FALSE,CURRENT,,,S-M102-01,https://www.city.shobara.hiroshima.jp/main/life/waste/post_502.html,燃えないごみ,,,,2026-08-17,INITIAL_REVIEW_REQUIRED,CATEGORY_LEVEL,UNREVIEWED,,,区分レベルデータから機械抽出。品目別公式根拠と条件枝の確認前はAPP_READYにしない。
MAP-M102-I027-01,M102,I027,1,category正式名称・代表品目から機械抽出,C-M102-08,有害ごみ,家庭用対象有害物,蛍光管は箱や紙で保護・ライターは使い切る,ボタン式・充電式電池は店頭回収も推奨,FALSE,CURRENT,,,S-M102-03,https://www.city.shobara.hiroshima.jp/main/2026/05/f425cb7cb962951470a777e677d0cd81.pdf,有害ごみ,,,,2026-08-17,INITIAL_REVIEW_REQUIRED,CATEGORY_LEVEL,UNREVIEWED,,,区分レベルデータから機械抽出。品目別公式根拠と条件枝の確認前はAPP_READYにしない。
MAP-M102-I030-01,M102,I030,1,category正式名称・代表品目から機械抽出,C-M102-08,有害ごみ,家庭用対象有害物,蛍光管は箱や紙で保護・ライターは使い切る,ボタン式・充電式電池は店頭回収も推奨,FALSE,CURRENT,,,S-M102-03,https://www.city.shobara.hiroshima.jp/main/2026/05/f425cb7cb962951470a777e677d0cd81.pdf,有害ごみ,,,,2026-08-17,INITIAL_REVIEW_REQUIRED,CATEGORY_LEVEL,UNREVIEWED,,,区分レベルデータから機械抽出。品目別公式根拠と条件枝の確認前はAPP_READYにしない。
MAP-M102-I032-01,M102,I032,1,category正式名称・代表品目から機械抽出,C-M102-07,燃えないごみ,指定袋に入る不燃物,割れ物や刃物は包んで品名表示・電池を外す・スプレー缶は使い切り穴を開ける,入らなければ粗大ごみ,FALSE,CURRENT,,,S-M102-01,https://www.city.shobara.hiroshima.jp/main/life/waste/post_502.html,燃えないごみ,,,,2026-08-17,INITIAL_REVIEW_REQUIRED,CATEGORY_LEVEL,UNREVIEWED,,,区分レベルデータから機械抽出。品目別公式根拠と条件枝の確認前はAPP_READYにしない。
MAP-M102-I033-01,M102,I033,1,category正式名称・代表品目から機械抽出,C-M102-08,有害ごみ,家庭用対象有害物,蛍光管は箱や紙で保護・ライターは使い切る,ボタン式・充電式電池は店頭回収も推奨,FALSE,CURRENT,,,S-M102-03,https://www.city.shobara.hiroshima.jp/main/2026/05/f425cb7cb962951470a777e677d0cd81.pdf,有害ごみ,,,,2026-08-17,INITIAL_REVIEW_REQUIRED,CATEGORY_LEVEL,UNREVIEWED,,,区分レベルデータから機械抽出。品目別公式根拠と条件枝の確認前はAPP_READYにしない。
MAP-M102-I034-01,M102,I034,1,category正式名称・代表品目から機械抽出,C-M102-07,燃えないごみ,指定袋に入る不燃物,割れ物や刃物は包んで品名表示・電池を外す・スプレー缶は使い切り穴を開ける,入らなければ粗大ごみ,FALSE,CURRENT,,,S-M102-01,https://www.city.shobara.hiroshima.jp/main/life/waste/post_502.html,燃えないごみ,,,,2026-08-17,INITIAL_REVIEW_REQUIRED,CATEGORY_LEVEL,UNREVIEWED,,,区分レベルデータから機械抽出。品目別公式根拠と条件枝の確認前はAPP_READYにしない。
MAP-M102-I040-01,M102,I040,1,category正式名称・代表品目から機械抽出,C-M102-01,燃えるごみ,概ね長さ50cm・直径5cm以内,水切り・汚物除去・油は染み込ませるか固める,切れない大型物は粗大ごみ,FALSE,CURRENT,,,S-M102-02,https://www.city.shobara.hiroshima.jp/main/2026/05/b6dc044e36ef6e5fe182c3d6e19651b8.pdf,P3 燃えるごみ,,,,2026-08-17,INITIAL_REVIEW_REQUIRED,CATEGORY_LEVEL,UNREVIEWED,,,区分レベルデータから機械抽出。品目別公式根拠と条件枝の確認前はAPP_READYにしない。
MAP-M103-I001-C-M103-06,M103,I001,1,category正式名称・代表品目から機械抽出,C-M103-06,ペットボトル,要品目別確認,中を洗い、ラベルとキャップを外す,NOT_STATED_IN_CITED_SOURCE,FALSE,CURRENT,,,S-M103-01,https://www.city.otake.hiroshima.jp/material/files/group/7/reiwa8nenndogomikarenndaAtiku.pdf,ペットボトル,,,,2026-08-19,INITIAL_REVIEW_REQUIRED,CATEGORY_LEVEL,UNREVIEWED,,,Positive evidence（category正式名称・代表品目）から機械抽出。品目別公式根拠と条件枝の確認前はAPP_READYにしない。
MAP-M103-I021-C-M103-07,M103,I021,1,category正式名称・代表品目から機械抽出,C-M103-07,衣類・毛布類,要品目別確認,NOT_STATED_IN_CITED_SOURCE,NOT_STATED_IN_CITED_SOURCE,FALSE,CURRENT,,,S-M103-01,https://www.city.otake.hiroshima.jp/material/files/group/7/reiwa8nenndogomikarenndaAtiku.pdf,衣類・毛布類,,,,2026-08-19,INITIAL_REVIEW_REQUIRED,CATEGORY_LEVEL,UNREVIEWED,,,Positive evidence（category正式名称・代表品目）から機械抽出。品目別公式根拠と条件枝の確認前はAPP_READYにしない。
MAP-M103-I023-C-M103-08,M103,I023,1,category正式名称・代表品目から機械抽出,C-M103-08,もやさないごみ,要品目別確認,電池を外し、危険物は包み表示する,NOT_STATED_IN_CITED_SOURCE,FALSE,CURRENT,,,S-M103-01,https://www.city.otake.hiroshima.jp/material/files/group/7/reiwa8nenndogomikarenndaAtiku.pdf,もやさないごみ,,,,2026-08-19,INITIAL_REVIEW_REQUIRED,CATEGORY_LEVEL,UNREVIEWED,,,Positive evidence（category正式名称・代表品目）から機械抽出。品目別公式根拠と条件枝の確認前はAPP_READYにしない。
MAP-M103-I030-C-M103-10,M103,I030,1,category正式名称・代表品目から機械抽出,C-M103-10,有害ごみ,要品目別確認,前日までに予約し資源回収専用袋等でリサイクルセンターへ持ち込む,NOT_STATED_IN_CITED_SOURCE,FALSE,CURRENT,,,S-M103-01,https://www.city.otake.hiroshima.jp/material/files/group/7/reiwa8nenndogomikarenndaAtiku.pdf,有害ごみ,,,,2026-08-19,INITIAL_REVIEW_REQUIRED,CATEGORY_LEVEL,UNREVIEWED,,,Positive evidence（category正式名称・代表品目）から機械抽出。品目別公式根拠と条件枝の確認前はAPP_READYにしない。
MAP-M103-I032-C-M103-04,M103,I032,1,category正式名称・代表品目から機械抽出,C-M103-04,カン,要品目別確認,中を空にする。スプレー缶等は必ず使い切る,NOT_STATED_IN_CITED_SOURCE,FALSE,CURRENT,,,S-M103-01,https://www.city.otake.hiroshima.jp/material/files/group/7/reiwa8nenndogomikarenndaAtiku.pdf,カン,,,,2026-08-19,INITIAL_REVIEW_REQUIRED,CATEGORY_LEVEL,UNREVIEWED,,,Positive evidence（category正式名称・代表品目）から機械抽出。品目別公式根拠と条件枝の確認前はAPP_READYにしない。
MAP-M103-I034-C-M103-08,M103,I034,1,category正式名称・代表品目から機械抽出,C-M103-08,もやさないごみ,要品目別確認,電池を外し、危険物は包み表示する,NOT_STATED_IN_CITED_SOURCE,FALSE,CURRENT,,,S-M103-01,https://www.city.otake.hiroshima.jp/material/files/group/7/reiwa8nenndogomikarenndaAtiku.pdf,もやさないごみ,,,,2026-08-19,INITIAL_REVIEW_REQUIRED,CATEGORY_LEVEL,UNREVIEWED,,,Positive evidence（category正式名称・代表品目）から機械抽出。品目別公式根拠と条件枝の確認前はAPP_READYにしない。
MAP-M103-I034-C-M103-10,M103,I034,2,category正式名称・代表品目から機械抽出,C-M103-10,有害ごみ,要品目別確認,前日までに予約し資源回収専用袋等でリサイクルセンターへ持ち込む,NOT_STATED_IN_CITED_SOURCE,FALSE,CURRENT,,,S-M103-01,https://www.city.otake.hiroshima.jp/material/files/group/7/reiwa8nenndogomikarenndaAtiku.pdf,有害ごみ,,,,2026-08-19,INITIAL_REVIEW_REQUIRED,CATEGORY_LEVEL,UNREVIEWED,,,Positive evidence（category正式名称・代表品目）から機械抽出。品目別公式根拠と条件枝の確認前はAPP_READYにしない。
MAP-M103-I040-C-M103-12,M103,I040,1,category正式名称・代表品目から機械抽出,C-M103-12,せん定枝,要品目別確認,長さ1m・太さ10cm以下にし、毎月第3木曜の予約受入へ,NOT_STATED_IN_CITED_SOURCE,FALSE,CURRENT,,,S-M103-01,https://www.city.otake.hiroshima.jp/material/files/group/7/reiwa8nenndogomikarenndaAtiku.pdf,せん定枝,,,,2026-08-19,INITIAL_REVIEW_REQUIRED,CATEGORY_LEVEL,UNREVIEWED,,,Positive evidence（category正式名称・代表品目）から機械抽出。品目別公式根拠と条件枝の確認前はAPP_READYにしない。
MAP-M104-I001-C-M104-08,M104,I001,1,category正式名称・代表品目から機械抽出,C-M104-08,ペットボトル,要品目別確認,キャップ・ラベルを外し、紫色指定袋へ入れる,NOT_STATED_IN_CITED_SOURCE,FALSE,CURRENT,,,S-M104-02,https://www.city.higashihiroshima.lg.jp/soshiki/seikatsukankyo/8/4/1/21963.html,ペットボトル,,,,2026-08-19,INITIAL_REVIEW_REQUIRED,CATEGORY_LEVEL,UNREVIEWED,,,Positive evidence（category正式名称・代表品目）から機械抽出。品目別公式根拠と条件枝の確認前はAPP_READYにしない。
MAP-M104-I013-C-M104-05,M104,I013,1,category正式名称・代表品目から機械抽出,C-M104-05,新聞,要品目別確認,種類別にまとめる,NOT_STATED_IN_CITED_SOURCE,FALSE,CURRENT,,,S-M104-02,https://www.city.higashihiroshima.lg.jp/soshiki/seikatsukankyo/8/4/1/21963.html,新聞,,,,2026-08-19,INITIAL_REVIEW_REQUIRED,CATEGORY_LEVEL,UNREVIEWED,,,Positive evidence（category正式名称・代表品目）から機械抽出。品目別公式根拠と条件枝の確認前はAPP_READYにしない。
MAP-M104-I014-C-M104-06,M104,I014,1,category正式名称・代表品目から機械抽出,C-M104-06,雑誌・雑がみ・ダンボール,要品目別確認,種類別にまとめる,NOT_STATED_IN_CITED_SOURCE,FALSE,CURRENT,,,S-M104-02,https://www.city.higashihiroshima.lg.jp/soshiki/seikatsukankyo/8/4/1/21963.html,雑誌・雑がみ・ダンボール,,,,2026-08-19,INITIAL_REVIEW_REQUIRED,CATEGORY_LEVEL,UNREVIEWED,,,Positive evidence（category正式名称・代表品目）から機械抽出。品目別公式根拠と条件枝の確認前はAPP_READYにしない。
MAP-M104-I015-C-M104-06,M104,I015,1,category正式名称・代表品目から機械抽出,C-M104-06,雑誌・雑がみ・ダンボール,要品目別確認,種類別にまとめる,NOT_STATED_IN_CITED_SOURCE,FALSE,CURRENT,,,S-M104-02,https://www.city.higashihiroshima.lg.jp/soshiki/seikatsukankyo/8/4/1/21963.html,雑誌・雑がみ・ダンボール,,,,2026-08-19,INITIAL_REVIEW_REQUIRED,CATEGORY_LEVEL,UNREVIEWED,,,Positive evidence（category正式名称・代表品目）から機械抽出。品目別公式根拠と条件枝の確認前はAPP_READYにしない。
MAP-M104-I018-C-M104-01,M104,I018,1,category正式名称・代表品目から機械抽出,C-M104-01,燃やせるごみ,要品目別確認,市指定オレンジ袋で出す,NOT_STATED_IN_CITED_SOURCE,FALSE,CURRENT,,,S-M104-02,https://www.city.higashihiroshima.lg.jp/soshiki/seikatsukankyo/8/4/1/21963.html,燃やせるごみ,,,,2026-08-19,INITIAL_REVIEW_REQUIRED,CATEGORY_LEVEL,UNREVIEWED,,,Positive evidence（category正式名称・代表品目）から機械抽出。品目別公式根拠と条件枝の確認前はAPP_READYにしない。
MAP-M104-I023-C-M104-02,M104,I023,1,category正式名称・代表品目から機械抽出,C-M104-02,危険ごみ,要品目別確認,危険物は安全に保護しオレンジ袋で出す,NOT_STATED_IN_CITED_SOURCE,FALSE,CURRENT,,,S-M104-02,https://www.city.higashihiroshima.lg.jp/soshiki/seikatsukankyo/8/4/1/21963.html,危険ごみ,,,,2026-08-19,INITIAL_REVIEW_REQUIRED,CATEGORY_LEVEL,UNREVIEWED,,,Positive evidence（category正式名称・代表品目）から機械抽出。品目別公式根拠と条件枝の確認前はAPP_READYにしない。
MAP-M104-I023-C-M104-04,M104,I023,2,category正式名称・代表品目から機械抽出,C-M104-04,燃やせる粗大ごみ,要品目別確認,指定袋は不要,NOT_STATED_IN_CITED_SOURCE,FALSE,CURRENT,,,S-M104-02,https://www.city.higashihiroshima.lg.jp/soshiki/seikatsukankyo/8/4/1/21963.html,燃やせる粗大ごみ,,,,2026-08-19,INITIAL_REVIEW_REQUIRED,CATEGORY_LEVEL,UNREVIEWED,,,Positive evidence（category正式名称・代表品目）から機械抽出。品目別公式根拠と条件枝の確認前はAPP_READYにしない。
MAP-M104-I026-C-M104-02,M104,I026,1,category正式名称・代表品目から機械抽出,C-M104-02,危険ごみ,要品目別確認,危険物は安全に保護しオレンジ袋で出す,NOT_STATED_IN_CITED_SOURCE,FALSE,CURRENT,,,S-M104-02,https://www.city.higashihiroshima.lg.jp/soshiki/seikatsukankyo/8/4/1/21963.html,危険ごみ,,,,2026-08-19,INITIAL_REVIEW_REQUIRED,CATEGORY_LEVEL,UNREVIEWED,,,Positive evidence（category正式名称・代表品目）から機械抽出。品目別公式根拠と条件枝の確認前はAPP_READYにしない。
MAP-M104-I027-C-M104-10,M104,I027,1,category正式名称・代表品目から機械抽出,C-M104-10,有害ごみ,要品目別確認,電池は絶縁。蛍光管等は壊さず出す,NOT_STATED_IN_CITED_SOURCE,FALSE,CURRENT,,,S-M104-02,https://www.city.higashihiroshima.lg.jp/soshiki/seikatsukankyo/8/4/1/21963.html,有害ごみ,,,,2026-08-19,INITIAL_REVIEW_REQUIRED,CATEGORY_LEVEL,UNREVIEWED,,,Positive evidence（category正式名称・代表品目）から機械抽出。品目別公式根拠と条件枝の確認前はAPP_READYにしない。
MAP-M104-I030-C-M104-10,M104,I030,1,category正式名称・代表品目から機械抽出,C-M104-10,有害ごみ,要品目別確認,電池は絶縁。蛍光管等は壊さず出す,NOT_STATED_IN_CITED_SOURCE,FALSE,CURRENT,,,S-M104-02,https://www.city.higashihiroshima.lg.jp/soshiki/seikatsukankyo/8/4/1/21963.html,有害ごみ,,,,2026-08-19,INITIAL_REVIEW_REQUIRED,CATEGORY_LEVEL,UNREVIEWED,,,Positive evidence（category正式名称・代表品目）から機械抽出。品目別公式根拠と条件枝の確認前はAPP_READYにしない。
MAP-M104-I033-C-M104-10,M104,I033,1,category正式名称・代表品目から機械抽出,C-M104-10,有害ごみ,要品目別確認,電池は絶縁。蛍光管等は壊さず出す,NOT_STATED_IN_CITED_SOURCE,FALSE,CURRENT,,,S-M104-02,https://www.city.higashihiroshima.lg.jp/soshiki/seikatsukankyo/8/4/1/21963.html,有害ごみ,,,,2026-08-19,INITIAL_REVIEW_REQUIRED,CATEGORY_LEVEL,UNREVIEWED,,,Positive evidence（category正式名称・代表品目）から機械抽出。品目別公式根拠と条件枝の確認前はAPP_READYにしない。
MAP-M105-I001-C-M105-04,M105,I001,1,category正式名称・代表品目から機械抽出,C-M105-04,資源ごみ(2) ペットボトルなどプラスチック製の容器（限定7品目）,要品目別確認,中を洗う。PETのふた・ラベルは燃やせるごみ,NOT_STATED_IN_CITED_SOURCE,FALSE,CURRENT,,,S-M105-02,https://www.city.hatsukaichi.hiroshima.jp/soshiki/31/78355.html,資源ごみ(2) ペットボトルなどプラスチック製の容器（限定7品目）,,,,2026-08-19,INITIAL_REVIEW_REQUIRED,CATEGORY_LEVEL,UNREVIEWED,,,Positive evidence（category正式名称・代表品目）から機械抽出。品目別公式根拠と条件枝の確認前はAPP_READYにしない。
MAP-M105-I006-C-M105-03,M105,I006,1,category正式名称・代表品目から機械抽出,C-M105-03,資源ごみ(1) びん・かん類,要品目別確認,中を洗う。スプレー缶は屋外で中身を使い切り、穴を開ける必要はない,NOT_STATED_IN_CITED_SOURCE,FALSE,CURRENT,,,S-M105-02,https://www.city.hatsukaichi.hiroshima.jp/soshiki/31/78355.html,資源ごみ(1) びん・かん類,,,,2026-08-19,INITIAL_REVIEW_REQUIRED,CATEGORY_LEVEL,UNREVIEWED,,,Positive evidence（category正式名称・代表品目）から機械抽出。品目別公式根拠と条件枝の確認前はAPP_READYにしない。
MAP-M105-I021-C-M105-06,M105,I021,1,category正式名称・代表品目から機械抽出,C-M105-06,資源ごみ(4) 布類,要品目別確認,金具等を外す,NOT_STATED_IN_CITED_SOURCE,FALSE,CURRENT,,,S-M105-02,https://www.city.hatsukaichi.hiroshima.jp/soshiki/31/78355.html,資源ごみ(4) 布類,,,,2026-08-19,INITIAL_REVIEW_REQUIRED,CATEGORY_LEVEL,UNREVIEWED,,,Positive evidence（category正式名称・代表品目）から機械抽出。品目別公式根拠と条件枝の確認前はAPP_READYにしない。
MAP-M105-I023-C-M105-08,M105,I023,1,category正式名称・代表品目から機械抽出,C-M105-08,埋立ごみ,要品目別確認,危険物は安全に保護して出す,NOT_STATED_IN_CITED_SOURCE,FALSE,CURRENT,,,S-M105-01,https://www.city.hatsukaichi.hiroshima.jp/soshiki/31/78499.html,埋立ごみ,,,,2026-08-19,INITIAL_REVIEW_REQUIRED,CATEGORY_LEVEL,UNREVIEWED,,,Positive evidence（category正式名称・代表品目）から機械抽出。品目別公式根拠と条件枝の確認前はAPP_READYにしない。
MAP-M105-I029-C-M105-11,M105,I029,1,category正式名称・代表品目から機械抽出,C-M105-11,有害ごみ,要品目別確認,蛍光管は箱または結束。電池は安全措置を行う,NOT_STATED_IN_CITED_SOURCE,FALSE,CURRENT,,,S-M105-01,https://www.city.hatsukaichi.hiroshima.jp/soshiki/31/78499.html,有害ごみ,,,,2026-08-19,INITIAL_REVIEW_REQUIRED,CATEGORY_LEVEL,UNREVIEWED,,,Positive evidence（category正式名称・代表品目）から機械抽出。品目別公式根拠と条件枝の確認前はAPP_READYにしない。
MAP-M105-I030-C-M105-11,M105,I030,1,category正式名称・代表品目から機械抽出,C-M105-11,有害ごみ,要品目別確認,蛍光管は箱または結束。電池は安全措置を行う,NOT_STATED_IN_CITED_SOURCE,FALSE,CURRENT,,,S-M105-01,https://www.city.hatsukaichi.hiroshima.jp/soshiki/31/78499.html,有害ごみ,,,,2026-08-19,INITIAL_REVIEW_REQUIRED,CATEGORY_LEVEL,UNREVIEWED,,,Positive evidence（category正式名称・代表品目）から機械抽出。品目別公式根拠と条件枝の確認前はAPP_READYにしない。
MAP-M105-I032-C-M105-03,M105,I032,1,category正式名称・代表品目から機械抽出,C-M105-03,資源ごみ(1) びん・かん類,要品目別確認,中を洗う。スプレー缶は屋外で中身を使い切り、穴を開ける必要はない,NOT_STATED_IN_CITED_SOURCE,FALSE,CURRENT,,,S-M105-02,https://www.city.hatsukaichi.hiroshima.jp/soshiki/31/78355.html,資源ごみ(1) びん・かん類,,,,2026-08-19,INITIAL_REVIEW_REQUIRED,CATEGORY_LEVEL,UNREVIEWED,,,Positive evidence（category正式名称・代表品目）から機械抽出。品目別公式根拠と条件枝の確認前はAPP_READYにしない。
MAP-M105-I040-C-M105-07,M105,I040,1,category正式名称・代表品目から機械抽出,C-M105-07,資源ごみ(5) 剪定枝,要品目別確認,5kg以内に束ね、ひもで縛る,NOT_STATED_IN_CITED_SOURCE,FALSE,CURRENT,,,S-M105-02,https://www.city.hatsukaichi.hiroshima.jp/soshiki/31/78355.html,資源ごみ(5) 剪定枝,,,,2026-08-19,INITIAL_REVIEW_REQUIRED,CATEGORY_LEVEL,UNREVIEWED,,,Positive evidence（category正式名称・代表品目）から機械抽出。品目別公式根拠と条件枝の確認前はAPP_READYにしない。
MAP-M106-I001-C-M106-06,M106,I001,1,category正式名称・代表品目から機械抽出,C-M106-06,ペットボトル,要品目別確認,中を水洗いし、キャップ・ラベルを外してプラスチック製容器包装へ,NOT_STATED_IN_CITED_SOURCE,FALSE,CURRENT,,,S-M106-01,https://www.akitakata.jp/ja/shisei/section/siminseikatu/gomi22/,ペットボトル,,,,2026-08-19,INITIAL_REVIEW_REQUIRED,CATEGORY_LEVEL,UNREVIEWED,,,Positive evidence（category正式名称・代表品目）から機械抽出。品目別公式根拠と条件枝の確認前はAPP_READYにしない。
MAP-M106-I006-C-M106-09,M106,I006,1,category正式名称・代表品目から機械抽出,C-M106-09,びん類,要品目別確認,中を洗い、ふた・キャップを外す。重さ10kg以下,NOT_STATED_IN_CITED_SOURCE,FALSE,CURRENT,,,S-M106-01,https://www.akitakata.jp/ja/shisei/section/siminseikatu/gomi22/,びん類,,,,2026-08-19,INITIAL_REVIEW_REQUIRED,CATEGORY_LEVEL,UNREVIEWED,,,Positive evidence（category正式名称・代表品目）から機械抽出。品目別公式根拠と条件枝の確認前はAPP_READYにしない。
MAP-M106-I017-C-M106-04,M106,I017,1,category正式名称・代表品目から機械抽出,C-M106-04,紙パック,要品目別確認,中を洗い、開いて乾かす。内側アルミ箔は燃えるごみ,NOT_STATED_IN_CITED_SOURCE,FALSE,CURRENT,,,S-M106-01,https://www.akitakata.jp/ja/shisei/section/siminseikatu/gomi22/,紙パック,,,,2026-08-19,INITIAL_REVIEW_REQUIRED,CATEGORY_LEVEL,UNREVIEWED,,,Positive evidence（category正式名称・代表品目）から機械抽出。品目別公式根拠と条件枝の確認前はAPP_READYにしない。
MAP-M106-I018-C-M106-01,M106,I018,1,category正式名称・代表品目から機械抽出,C-M106-01,燃えるごみ,要品目別確認,生ごみは水切り。ロープ・木の枝等は50cm以下。液体は吸わせるか固形化。重さ10kg以下,NOT_STATED_IN_CITED_SOURCE,FALSE,CURRENT,,,S-M106-01,https://www.akitakata.jp/ja/shisei/section/siminseikatu/gomi22/,燃えるごみ,,,,2026-08-19,INITIAL_REVIEW_REQUIRED,CATEGORY_LEVEL,UNREVIEWED,,,Positive evidence（category正式名称・代表品目）から機械抽出。品目別公式根拠と条件枝の確認前はAPP_READYにしない。
MAP-M106-I021-C-M106-01,M106,I021,1,category正式名称・代表品目から機械抽出,C-M106-01,燃えるごみ,要品目別確認,生ごみは水切り。ロープ・木の枝等は50cm以下。液体は吸わせるか固形化。重さ10kg以下,NOT_STATED_IN_CITED_SOURCE,FALSE,CURRENT,,,S-M106-01,https://www.akitakata.jp/ja/shisei/section/siminseikatu/gomi22/,燃えるごみ,,,,2026-08-19,INITIAL_REVIEW_REQUIRED,CATEGORY_LEVEL,UNREVIEWED,,,Positive evidence（category正式名称・代表品目）から機械抽出。品目別公式根拠と条件枝の確認前はAPP_READYにしない。
MAP-M106-I027-C-M106-12,M106,I027,1,category正式名称・代表品目から機械抽出,C-M106-12,有害ごみ,要品目別確認,蛍光管は壊さず10本以内にくくり指定袋を付ける。乾電池は指定袋に入れ口を固くしばる,NOT_STATED_IN_CITED_SOURCE,FALSE,CURRENT,,,S-M106-01,https://www.akitakata.jp/ja/shisei/section/siminseikatu/gomi22/,有害ごみ,,,,2026-08-19,INITIAL_REVIEW_REQUIRED,CATEGORY_LEVEL,UNREVIEWED,,,Positive evidence（category正式名称・代表品目）から機械抽出。品目別公式根拠と条件枝の確認前はAPP_READYにしない。
MAP-M106-I028-C-M106-12,M106,I028,1,category正式名称・代表品目から機械抽出,C-M106-12,有害ごみ,要品目別確認,蛍光管は壊さず10本以内にくくり指定袋を付ける。乾電池は指定袋に入れ口を固くしばる,NOT_STATED_IN_CITED_SOURCE,FALSE,CURRENT,,,S-M106-01,https://www.akitakata.jp/ja/shisei/section/siminseikatu/gomi22/,有害ごみ,,,,2026-08-19,INITIAL_REVIEW_REQUIRED,CATEGORY_LEVEL,UNREVIEWED,,,Positive evidence（category正式名称・代表品目）から機械抽出。品目別公式根拠と条件枝の確認前はAPP_READYにしない。
MAP-M106-I030-C-M106-12,M106,I030,1,category正式名称・代表品目から機械抽出,C-M106-12,有害ごみ,要品目別確認,蛍光管は壊さず10本以内にくくり指定袋を付ける。乾電池は指定袋に入れ口を固くしばる,NOT_STATED_IN_CITED_SOURCE,FALSE,CURRENT,,,S-M106-01,https://www.akitakata.jp/ja/shisei/section/siminseikatu/gomi22/,有害ごみ,,,,2026-08-19,INITIAL_REVIEW_REQUIRED,CATEGORY_LEVEL,UNREVIEWED,,,Positive evidence（category正式名称・代表品目）から機械抽出。品目別公式根拠と条件枝の確認前はAPP_READYにしない。
MAP-M106-I031-C-M106-12,M106,I031,1,category正式名称・代表品目から機械抽出,C-M106-12,有害ごみ,要品目別確認,蛍光管は壊さず10本以内にくくり指定袋を付ける。乾電池は指定袋に入れ口を固くしばる,NOT_STATED_IN_CITED_SOURCE,FALSE,CURRENT,,,S-M106-01,https://www.akitakata.jp/ja/shisei/section/siminseikatu/gomi22/,有害ごみ,,,,2026-08-19,INITIAL_REVIEW_REQUIRED,CATEGORY_LEVEL,UNREVIEWED,,,Positive evidence（category正式名称・代表品目）から機械抽出。品目別公式根拠と条件枝の確認前はAPP_READYにしない。
MAP-M106-I032-C-M106-08,M106,I032,1,category正式名称・代表品目から機械抽出,C-M106-08,かん類,要品目別確認,中を洗う。スプレー缶・カセットボンベは使い切る。穴あけ不要。重さ10kg以下,NOT_STATED_IN_CITED_SOURCE,FALSE,CURRENT,,,S-M106-01,https://www.akitakata.jp/ja/shisei/section/siminseikatu/gomi22/,かん類,,,,2026-08-19,INITIAL_REVIEW_REQUIRED,CATEGORY_LEVEL,UNREVIEWED,,,Positive evidence（category正式名称・代表品目）から機械抽出。品目別公式根拠と条件枝の確認前はAPP_READYにしない。
MAP-M106-I034-C-M106-10,M106,I034,1,category正式名称・代表品目から機械抽出,C-M106-10,小型家電、電源コード、金物など,要品目別確認,電源コードを器具から切り取って束ねる。釘・かみそり等は紙で包む。袋に入らない物は粗大ごみ,NOT_STATED_IN_CITED_SOURCE,FALSE,CURRENT,,,S-M106-01,https://www.akitakata.jp/ja/shisei/section/siminseikatu/gomi22/,小型家電、電源コード、金物など,,,,2026-08-19,INITIAL_REVIEW_REQUIRED,CATEGORY_LEVEL,UNREVIEWED,,,Positive evidence（category正式名称・代表品目）から機械抽出。品目別公式根拠と条件枝の確認前はAPP_READYにしない。
MAP-M107-I001-C-M107-07,M107,I001,1,category正式名称・代表品目から機械抽出,C-M107-07,資源ごみ（ペットボトル）,要品目別確認,中を洗い、ふた・ラベルを外す,NOT_STATED_IN_CITED_SOURCE,FALSE,CURRENT,,,S-M107-01,https://www.city.etajima.hiroshima.jp/cms/articles/download/11923/1/R8_nihonngo.pdf,資源ごみ（ペットボトル）,,,,2026-08-19,INITIAL_REVIEW_REQUIRED,CATEGORY_LEVEL,UNREVIEWED,,,Positive evidence（category正式名称・代表品目）から機械抽出。品目別公式根拠と条件枝の確認前はAPP_READYにしない。
MAP-M107-I006-C-M107-05,M107,I006,1,category正式名称・代表品目から機械抽出,C-M107-05,資源ごみ（びん・缶）,要品目別確認,中身を空にする,NOT_STATED_IN_CITED_SOURCE,FALSE,CURRENT,,,S-M107-01,https://www.city.etajima.hiroshima.jp/cms/articles/download/11923/1/R8_nihonngo.pdf,資源ごみ（びん・缶）,,,,2026-08-19,INITIAL_REVIEW_REQUIRED,CATEGORY_LEVEL,UNREVIEWED,,,Positive evidence（category正式名称・代表品目）から機械抽出。品目別公式根拠と条件枝の確認前はAPP_READYにしない。
MAP-M107-I018-C-M107-01,M107,I018,1,category正式名称・代表品目から機械抽出,C-M107-01,燃えるごみ,要品目別確認,生ごみは水切り。枝木等は現行ポスターの寸法条件に従う,NOT_STATED_IN_CITED_SOURCE,FALSE,CURRENT,,,S-M107-01,https://www.city.etajima.hiroshima.jp/cms/articles/download/11923/1/R8_nihonngo.pdf,燃えるごみ,,,,2026-08-19,INITIAL_REVIEW_REQUIRED,CATEGORY_LEVEL,UNREVIEWED,,,Positive evidence（category正式名称・代表品目）から機械抽出。品目別公式根拠と条件枝の確認前はAPP_READYにしない。
MAP-M107-I021-C-M107-01,M107,I021,1,category正式名称・代表品目から機械抽出,C-M107-01,燃えるごみ,要品目別確認,生ごみは水切り。枝木等は現行ポスターの寸法条件に従う,NOT_STATED_IN_CITED_SOURCE,FALSE,CURRENT,,,S-M107-01,https://www.city.etajima.hiroshima.jp/cms/articles/download/11923/1/R8_nihonngo.pdf,燃えるごみ,,,,2026-08-19,INITIAL_REVIEW_REQUIRED,CATEGORY_LEVEL,UNREVIEWED,,,Positive evidence（category正式名称・代表品目）から機械抽出。品目別公式根拠と条件枝の確認前はAPP_READYにしない。
MAP-M107-I021-C-M107-06,M107,I021,2,category正式名称・代表品目から機械抽出,C-M107-06,資源ごみ（古紙・布類）,要品目別確認,古紙は種類別にまとめる,NOT_STATED_IN_CITED_SOURCE,FALSE,CURRENT,,,S-M107-01,https://www.city.etajima.hiroshima.jp/cms/articles/download/11923/1/R8_nihonngo.pdf,資源ごみ（古紙・布類）,,,,2026-08-19,INITIAL_REVIEW_REQUIRED,CATEGORY_LEVEL,UNREVIEWED,,,Positive evidence（category正式名称・代表品目）から機械抽出。品目別公式根拠と条件枝の確認前はAPP_READYにしない。
MAP-M107-I023-C-M107-02,M107,I023,1,category正式名称・代表品目から機械抽出,C-M107-02,燃えないごみ（埋立てるごみ）,要品目別確認,NOT_STATED_IN_CITED_SOURCE,NOT_STATED_IN_CITED_SOURCE,FALSE,CURRENT,,,S-M107-01,https://www.city.etajima.hiroshima.jp/cms/articles/download/11923/1/R8_nihonngo.pdf,燃えないごみ（埋立てるごみ）,,,,2026-08-19,INITIAL_REVIEW_REQUIRED,CATEGORY_LEVEL,UNREVIEWED,,,Positive evidence（category正式名称・代表品目）から機械抽出。品目別公式根拠と条件枝の確認前はAPP_READYにしない。
MAP-M107-I027-C-M107-08,M107,I027,1,category正式名称・代表品目から機械抽出,C-M107-08,有害・危険ごみ,要品目別確認,スプレー缶は中身を使い切る。穴を開けずに出す場合は袋に入れ、穴を開けていない旨を表示する,NOT_STATED_IN_CITED_SOURCE,FALSE,CURRENT,,,S-M107-02,https://www.city.etajima.hiroshima.jp/cms/articles/show/11608,有害・危険ごみ,,,,2026-08-19,INITIAL_REVIEW_REQUIRED,CATEGORY_LEVEL,UNREVIEWED,,,Positive evidence（category正式名称・代表品目）から機械抽出。品目別公式根拠と条件枝の確認前はAPP_READYにしない。
MAP-M107-I029-C-M107-08,M107,I029,1,category正式名称・代表品目から機械抽出,C-M107-08,有害・危険ごみ,要品目別確認,スプレー缶は中身を使い切る。穴を開けずに出す場合は袋に入れ、穴を開けていない旨を表示する,NOT_STATED_IN_CITED_SOURCE,FALSE,CURRENT,,,S-M107-02,https://www.city.etajima.hiroshima.jp/cms/articles/show/11608,有害・危険ごみ,,,,2026-08-19,INITIAL_REVIEW_REQUIRED,CATEGORY_LEVEL,UNREVIEWED,,,Positive evidence（category正式名称・代表品目）から機械抽出。品目別公式根拠と条件枝の確認前はAPP_READYにしない。
MAP-M107-I030-C-M107-08,M107,I030,1,category正式名称・代表品目から機械抽出,C-M107-08,有害・危険ごみ,要品目別確認,スプレー缶は中身を使い切る。穴を開けずに出す場合は袋に入れ、穴を開けていない旨を表示する,NOT_STATED_IN_CITED_SOURCE,FALSE,CURRENT,,,S-M107-02,https://www.city.etajima.hiroshima.jp/cms/articles/show/11608,有害・危険ごみ,,,,2026-08-19,INITIAL_REVIEW_REQUIRED,CATEGORY_LEVEL,UNREVIEWED,,,Positive evidence（category正式名称・代表品目）から機械抽出。品目別公式根拠と条件枝の確認前はAPP_READYにしない。
MAP-M107-I032-C-M107-08,M107,I032,1,category正式名称・代表品目から機械抽出,C-M107-08,有害・危険ごみ,要品目別確認,スプレー缶は中身を使い切る。穴を開けずに出す場合は袋に入れ、穴を開けていない旨を表示する,NOT_STATED_IN_CITED_SOURCE,FALSE,CURRENT,,,S-M107-02,https://www.city.etajima.hiroshima.jp/cms/articles/show/11608,有害・危険ごみ,,,,2026-08-19,INITIAL_REVIEW_REQUIRED,CATEGORY_LEVEL,UNREVIEWED,,,Positive evidence（category正式名称・代表品目）から機械抽出。品目別公式根拠と条件枝の確認前はAPP_READYにしない。
MAP-M107-I034-C-M107-03,M107,I034,1,category正式名称・代表品目から機械抽出,C-M107-03,燃える粗大ごみ,要品目別確認,コード等の市指定前処理を行う,NOT_STATED_IN_CITED_SOURCE,FALSE,CURRENT,,,S-M107-01,https://www.city.etajima.hiroshima.jp/cms/articles/download/11923/1/R8_nihonngo.pdf,燃える粗大ごみ,,,,2026-08-19,INITIAL_REVIEW_REQUIRED,CATEGORY_LEVEL,UNREVIEWED,,,Positive evidence（category正式名称・代表品目）から機械抽出。品目別公式根拠と条件枝の確認前はAPP_READYにしない。
MAP-M108-I001-C-M108-09,M108,I001,1,category正式名称・代表品目から機械抽出,C-M108-09,ペットボトル,要品目別確認,キャップ・ラベルを外す。汚れが落ちないものは普通ごみ,NOT_STATED_IN_CITED_SOURCE,FALSE,CURRENT,,,S-M108-01,https://www.town.fuchu.hiroshima.jp/uploaded/attachment/31359.pdf,ペットボトル,,,,2026-08-19,INITIAL_REVIEW_REQUIRED,CATEGORY_LEVEL,UNREVIEWED,,,Positive evidence（category正式名称・代表品目）から機械抽出。品目別公式根拠と条件枝の確認前はAPP_READYにしない。
MAP-M108-I007-C-M108-11,M108,I007,1,category正式名称・代表品目から機械抽出,C-M108-11,白色トレイ,要品目別確認,汚れを落とす,NOT_STATED_IN_CITED_SOURCE,FALSE,CURRENT,,,S-M108-01,https://www.town.fuchu.hiroshima.jp/uploaded/attachment/31359.pdf,白色トレイ,,,,2026-08-19,INITIAL_REVIEW_REQUIRED,CATEGORY_LEVEL,UNREVIEWED,,,Positive evidence（category正式名称・代表品目）から機械抽出。品目別公式根拠と条件枝の確認前はAPP_READYにしない。
MAP-M108-I013-C-M108-03,M108,I013,1,category正式名称・代表品目から機械抽出,C-M108-03,新聞・雑誌・雑がみ,要品目別確認,紙類は種類に応じてひもでしばる,NOT_STATED_IN_CITED_SOURCE,FALSE,CURRENT,,,S-M108-01,https://www.town.fuchu.hiroshima.jp/uploaded/attachment/31359.pdf,新聞・雑誌・雑がみ,,,,2026-08-19,INITIAL_REVIEW_REQUIRED,CATEGORY_LEVEL,UNREVIEWED,,,Positive evidence（category正式名称・代表品目）から機械抽出。品目別公式根拠と条件枝の確認前はAPP_READYにしない。
MAP-M108-I014-C-M108-04,M108,I014,1,category正式名称・代表品目から機械抽出,C-M108-04,ダンボール,要品目別確認,たたんでひもでしばる,NOT_STATED_IN_CITED_SOURCE,FALSE,CURRENT,,,S-M108-01,https://www.town.fuchu.hiroshima.jp/uploaded/attachment/31359.pdf,ダンボール,,,,2026-08-19,INITIAL_REVIEW_REQUIRED,CATEGORY_LEVEL,UNREVIEWED,,,Positive evidence（category正式名称・代表品目）から機械抽出。品目別公式根拠と条件枝の確認前はAPP_READYにしない。
MAP-M108-I015-C-M108-03,M108,I015,1,category正式名称・代表品目から機械抽出,C-M108-03,新聞・雑誌・雑がみ,要品目別確認,紙類は種類に応じてひもでしばる,NOT_STATED_IN_CITED_SOURCE,FALSE,CURRENT,,,S-M108-01,https://www.town.fuchu.hiroshima.jp/uploaded/attachment/31359.pdf,新聞・雑誌・雑がみ,,,,2026-08-19,INITIAL_REVIEW_REQUIRED,CATEGORY_LEVEL,UNREVIEWED,,,Positive evidence（category正式名称・代表品目）から機械抽出。品目別公式根拠と条件枝の確認前はAPP_READYにしない。
MAP-M108-I017-C-M108-10,M108,I017,1,category正式名称・代表品目から機械抽出,C-M108-10,紙パック,要品目別確認,ストロー等を外す。アルミ箔付きは普通ごみ,NOT_STATED_IN_CITED_SOURCE,FALSE,CURRENT,,,S-M108-01,https://www.town.fuchu.hiroshima.jp/uploaded/attachment/31359.pdf,紙パック,,,,2026-08-19,INITIAL_REVIEW_REQUIRED,CATEGORY_LEVEL,UNREVIEWED,,,Positive evidence（category正式名称・代表品目）から機械抽出。品目別公式根拠と条件枝の確認前はAPP_READYにしない。
MAP-M108-I021-C-M108-05,M108,I021,1,category正式名称・代表品目から機械抽出,C-M108-05,衣類,要品目別確認,透明または半透明の袋で出し、雨天時は避ける,NOT_STATED_IN_CITED_SOURCE,FALSE,CURRENT,,,S-M108-01,https://www.town.fuchu.hiroshima.jp/uploaded/attachment/31359.pdf,衣類,,,,2026-08-19,INITIAL_REVIEW_REQUIRED,CATEGORY_LEVEL,UNREVIEWED,,,Positive evidence（category正式名称・代表品目）から機械抽出。品目別公式根拠と条件枝の確認前はAPP_READYにしない。
MAP-M108-I023-C-M108-07,M108,I023,1,category正式名称・代表品目から機械抽出,C-M108-07,埋立ごみ,要品目別確認,割れたガラス等は安全に包み内容を表示する,NOT_STATED_IN_CITED_SOURCE,FALSE,CURRENT,,,S-M108-01,https://www.town.fuchu.hiroshima.jp/uploaded/attachment/31359.pdf,埋立ごみ,,,,2026-08-19,INITIAL_REVIEW_REQUIRED,CATEGORY_LEVEL,UNREVIEWED,,,Positive evidence（category正式名称・代表品目）から機械抽出。品目別公式根拠と条件枝の確認前はAPP_READYにしない。
MAP-M108-I027-C-M108-08,M108,I027,1,category正式名称・代表品目から機械抽出,C-M108-08,有害ごみ,要品目別確認,電池の電極をテープで絶縁。蛍光管と電池類は別袋で出す,NOT_STATED_IN_CITED_SOURCE,FALSE,CURRENT,,,S-M108-01,https://www.town.fuchu.hiroshima.jp/uploaded/attachment/31359.pdf,有害ごみ,,,,2026-08-19,INITIAL_REVIEW_REQUIRED,CATEGORY_LEVEL,UNREVIEWED,,,Positive evidence（category正式名称・代表品目）から機械抽出。品目別公式根拠と条件枝の確認前はAPP_READYにしない。
MAP-M108-I030-C-M108-08,M108,I030,1,category正式名称・代表品目から機械抽出,C-M108-08,有害ごみ,要品目別確認,電池の電極をテープで絶縁。蛍光管と電池類は別袋で出す,NOT_STATED_IN_CITED_SOURCE,FALSE,CURRENT,,,S-M108-01,https://www.town.fuchu.hiroshima.jp/uploaded/attachment/31359.pdf,有害ごみ,,,,2026-08-19,INITIAL_REVIEW_REQUIRED,CATEGORY_LEVEL,UNREVIEWED,,,Positive evidence（category正式名称・代表品目）から機械抽出。品目別公式根拠と条件枝の確認前はAPP_READYにしない。
MAP-M108-I035-C-M108-08,M108,I035,1,category正式名称・代表品目から機械抽出,C-M108-08,有害ごみ,要品目別確認,電池の電極をテープで絶縁。蛍光管と電池類は別袋で出す,NOT_STATED_IN_CITED_SOURCE,FALSE,CURRENT,,,S-M108-01,https://www.town.fuchu.hiroshima.jp/uploaded/attachment/31359.pdf,有害ごみ,,,,2026-08-19,INITIAL_REVIEW_REQUIRED,CATEGORY_LEVEL,UNREVIEWED,,,Positive evidence（category正式名称・代表品目）から機械抽出。品目別公式根拠と条件枝の確認前はAPP_READYにしない。
MAP-M109-I001-C-M109-07,M109,I001,1,category正式名称・代表品目から機械抽出,C-M109-07,ペットボトル,要品目別確認,中を洗い、キャップ・ラベルを外す,NOT_STATED_IN_CITED_SOURCE,FALSE,CURRENT,,,S-M109-01,https://www.town.kaita.lg.jp/uploaded/life/44980_122640_misc.pdf,ペットボトル,,,,2026-08-19,INITIAL_REVIEW_REQUIRED,CATEGORY_LEVEL,UNREVIEWED,,,Positive evidence（category正式名称・代表品目）から機械抽出。品目別公式根拠と条件枝の確認前はAPP_READYにしない。
MAP-M109-I006-C-M109-05,M109,I006,1,category正式名称・代表品目から機械抽出,C-M109-05,ビン類,要品目別確認,ふた等を外し、中を洗う,NOT_STATED_IN_CITED_SOURCE,FALSE,CURRENT,,,S-M109-01,https://www.town.kaita.lg.jp/uploaded/life/44980_122640_misc.pdf,ビン類,,,,2026-08-19,INITIAL_REVIEW_REQUIRED,CATEGORY_LEVEL,UNREVIEWED,,,Positive evidence（category正式名称・代表品目）から機械抽出。品目別公式根拠と条件枝の確認前はAPP_READYにしない。
MAP-M109-I018-C-M109-01,M109,I018,1,category正式名称・代表品目から機械抽出,C-M109-01,可燃ごみ,要品目別確認,透明・半透明袋で口をしばる。生ごみは水切り,NOT_STATED_IN_CITED_SOURCE,FALSE,CURRENT,,,S-M109-01,https://www.town.kaita.lg.jp/uploaded/life/44980_122640_misc.pdf,可燃ごみ,,,,2026-08-19,INITIAL_REVIEW_REQUIRED,CATEGORY_LEVEL,UNREVIEWED,,,Positive evidence（category正式名称・代表品目）から機械抽出。品目別公式根拠と条件枝の確認前はAPP_READYにしない。
MAP-M109-I021-C-M109-06,M109,I021,1,category正式名称・代表品目から機械抽出,C-M109-06,紙・布類,要品目別確認,紙は種類別にまとめ、衣類は透明・半透明袋で出す,NOT_STATED_IN_CITED_SOURCE,FALSE,CURRENT,,,S-M109-01,https://www.town.kaita.lg.jp/uploaded/life/44980_122640_misc.pdf,紙・布類,,,,2026-08-19,INITIAL_REVIEW_REQUIRED,CATEGORY_LEVEL,UNREVIEWED,,,Positive evidence（category正式名称・代表品目）から機械抽出。品目別公式根拠と条件枝の確認前はAPP_READYにしない。
MAP-M109-I023-C-M109-02,M109,I023,1,category正式名称・代表品目から機械抽出,C-M109-02,埋立ごみ,要品目別確認,透明・半透明袋で出し、袋の口は閉じない,NOT_STATED_IN_CITED_SOURCE,FALSE,CURRENT,,,S-M109-01,https://www.town.kaita.lg.jp/uploaded/life/44980_122640_misc.pdf,埋立ごみ,,,,2026-08-19,INITIAL_REVIEW_REQUIRED,CATEGORY_LEVEL,UNREVIEWED,,,Positive evidence（category正式名称・代表品目）から機械抽出。品目別公式根拠と条件枝の確認前はAPP_READYにしない。
MAP-M109-I027-C-M109-09,M109,I027,1,category正式名称・代表品目から機械抽出,C-M109-09,有害ごみ,要品目別確認,充電式電池等は電極をテープで絶縁,NOT_STATED_IN_CITED_SOURCE,FALSE,CURRENT,,,S-M109-01,https://www.town.kaita.lg.jp/uploaded/life/44980_122640_misc.pdf,有害ごみ,,,,2026-08-19,INITIAL_REVIEW_REQUIRED,CATEGORY_LEVEL,UNREVIEWED,,,Positive evidence（category正式名称・代表品目）から機械抽出。品目別公式根拠と条件枝の確認前はAPP_READYにしない。
MAP-M109-I030-C-M109-09,M109,I030,1,category正式名称・代表品目から機械抽出,C-M109-09,有害ごみ,要品目別確認,充電式電池等は電極をテープで絶縁,NOT_STATED_IN_CITED_SOURCE,FALSE,CURRENT,,,S-M109-01,https://www.town.kaita.lg.jp/uploaded/life/44980_122640_misc.pdf,有害ごみ,,,,2026-08-19,INITIAL_REVIEW_REQUIRED,CATEGORY_LEVEL,UNREVIEWED,,,Positive evidence（category正式名称・代表品目）から機械抽出。品目別公式根拠と条件枝の確認前はAPP_READYにしない。
MAP-M109-I032-C-M109-04,M109,I032,1,category正式名称・代表品目から機械抽出,C-M109-04,缶・金属類,要品目別確認,中を洗う。スプレー缶は使い切り、穴を開けない,NOT_STATED_IN_CITED_SOURCE,FALSE,CURRENT,,,S-M109-01,https://www.town.kaita.lg.jp/uploaded/life/44980_122640_misc.pdf,缶・金属類,,,,2026-08-19,INITIAL_REVIEW_REQUIRED,CATEGORY_LEVEL,UNREVIEWED,,,Positive evidence（category正式名称・代表品目）から機械抽出。品目別公式根拠と条件枝の確認前はAPP_READYにしない。
MAP-M110-I018-C-M110-01,M110,I018,1,category正式名称・代表品目から機械抽出,C-M110-01,可燃ごみ,要品目別確認,生ごみは水切り。透明袋等の現行指定方法で出す,NOT_STATED_IN_CITED_SOURCE,FALSE,CURRENT,,,S-M110-01,https://www.town.kumano.lg.jp/8/1/3/2/3569.html,可燃ごみ,,,,2026-08-19,INITIAL_REVIEW_REQUIRED,CATEGORY_LEVEL,UNREVIEWED,,,Positive evidence（category正式名称・代表品目）から機械抽出。品目別公式根拠と条件枝の確認前はAPP_READYにしない。
MAP-M110-I021-C-M110-02,M110,I021,1,category正式名称・代表品目から機械抽出,C-M110-02,資源物（1）,要品目別確認,紙類は小分類ごとにひもでしばる。PETとプラ容器包装は別々の透明袋。PETはキャップ・ラベルを外し洗って乾かす,NOT_STATED_IN_CITED_SOURCE,FALSE,CURRENT,,,S-M110-02,https://www.town.kumano.lg.jp/8/1/3/2/1/3572.html,資源物（1）,,,,2026-08-19,INITIAL_REVIEW_REQUIRED,CATEGORY_LEVEL,UNREVIEWED,,,Positive evidence（category正式名称・代表品目）から機械抽出。品目別公式根拠と条件枝の確認前はAPP_READYにしない。
MAP-M110-I023-C-M110-04,M110,I023,1,category正式名称・代表品目から機械抽出,C-M110-04,埋立ごみ,要品目別確認,危険物は安全に包む,NOT_STATED_IN_CITED_SOURCE,FALSE,CURRENT,,,S-M110-01,https://www.town.kumano.lg.jp/8/1/3/2/3569.html,埋立ごみ,,,,2026-08-19,INITIAL_REVIEW_REQUIRED,CATEGORY_LEVEL,UNREVIEWED,,,Positive evidence（category正式名称・代表品目）から機械抽出。品目別公式根拠と条件枝の確認前はAPP_READYにしない。
MAP-M110-I027-C-M110-05,M110,I027,1,category正式名称・代表品目から機械抽出,C-M110-05,有害ごみ,要品目別確認,小分類ごとに分け、蛍光管は破損を防ぐ,NOT_STATED_IN_CITED_SOURCE,FALSE,CURRENT,,,S-M110-01,https://www.town.kumano.lg.jp/8/1/3/2/3569.html,有害ごみ,,,,2026-08-19,INITIAL_REVIEW_REQUIRED,CATEGORY_LEVEL,UNREVIEWED,,,Positive evidence（category正式名称・代表品目）から機械抽出。品目別公式根拠と条件枝の確認前はAPP_READYにしない。
MAP-M110-I030-C-M110-05,M110,I030,1,category正式名称・代表品目から機械抽出,C-M110-05,有害ごみ,要品目別確認,小分類ごとに分け、蛍光管は破損を防ぐ,NOT_STATED_IN_CITED_SOURCE,FALSE,CURRENT,,,S-M110-01,https://www.town.kumano.lg.jp/8/1/3/2/3569.html,有害ごみ,,,,2026-08-19,INITIAL_REVIEW_REQUIRED,CATEGORY_LEVEL,UNREVIEWED,,,Positive evidence（category正式名称・代表品目）から機械抽出。品目別公式根拠と条件枝の確認前はAPP_READYにしない。
MAP-M111-I001-C-M111-13,M111,I001,1,category正式名称・代表品目から機械抽出,C-M111-13,ペットボトル,要品目別確認,ふたを外して洗う。ラベルは外さなくてもよい,NOT_STATED_IN_CITED_SOURCE,FALSE,CURRENT,,,S-M111-01,https://www.town.saka.lg.jp/2014/04/01/gomi_dashikata/,ペットボトル,,,,2026-08-19,INITIAL_REVIEW_REQUIRED,CATEGORY_LEVEL,UNREVIEWED,,,Positive evidence（category正式名称・代表品目）から機械抽出。品目別公式根拠と条件枝の確認前はAPP_READYにしない。
MAP-M111-I004-C-M111-07,M111,I004,1,category正式名称・代表品目から機械抽出,C-M111-07,缶類,要品目別確認,中を洗う。スプレー缶は中身を使い切り、穴を開ける,NOT_STATED_IN_CITED_SOURCE,FALSE,CURRENT,,,S-M111-01,https://www.town.saka.lg.jp/2014/04/01/gomi_dashikata/,缶類,,,,2026-08-19,INITIAL_REVIEW_REQUIRED,CATEGORY_LEVEL,UNREVIEWED,,,Positive evidence（category正式名称・代表品目）から機械抽出。品目別公式根拠と条件枝の確認前はAPP_READYにしない。
MAP-M111-I005-C-M111-07,M111,I005,1,category正式名称・代表品目から機械抽出,C-M111-07,缶類,要品目別確認,中を洗う。スプレー缶は中身を使い切り、穴を開ける,NOT_STATED_IN_CITED_SOURCE,FALSE,CURRENT,,,S-M111-01,https://www.town.saka.lg.jp/2014/04/01/gomi_dashikata/,缶類,,,,2026-08-19,INITIAL_REVIEW_REQUIRED,CATEGORY_LEVEL,UNREVIEWED,,,Positive evidence（category正式名称・代表品目）から機械抽出。品目別公式根拠と条件枝の確認前はAPP_READYにしない。
MAP-M111-I006-C-M111-08,M111,I006,1,category正式名称・代表品目から機械抽出,C-M111-08,びん類,要品目別確認,ふたを外し中を洗い、指定色等に分ける,NOT_STATED_IN_CITED_SOURCE,FALSE,CURRENT,,,S-M111-01,https://www.town.saka.lg.jp/2014/04/01/gomi_dashikata/,びん類,,,,2026-08-19,INITIAL_REVIEW_REQUIRED,CATEGORY_LEVEL,UNREVIEWED,,,Positive evidence（category正式名称・代表品目）から機械抽出。品目別公式根拠と条件枝の確認前はAPP_READYにしない。
MAP-M111-I007-C-M111-14,M111,I007,1,category正式名称・代表品目から機械抽出,C-M111-14,白色トレイ,要品目別確認,洗って乾かす。白色のみ,NOT_STATED_IN_CITED_SOURCE,FALSE,CURRENT,,,S-M111-01,https://www.town.saka.lg.jp/2014/04/01/gomi_dashikata/,白色トレイ,,,,2026-08-19,INITIAL_REVIEW_REQUIRED,CATEGORY_LEVEL,UNREVIEWED,,,Positive evidence（category正式名称・代表品目）から機械抽出。品目別公式根拠と条件枝の確認前はAPP_READYにしない。
MAP-M111-I014-C-M111-11,M111,I014,1,category正式名称・代表品目から機械抽出,C-M111-11,ダンボール,要品目別確認,たたんでひもでしばる,NOT_STATED_IN_CITED_SOURCE,FALSE,CURRENT,,,S-M111-01,https://www.town.saka.lg.jp/2014/04/01/gomi_dashikata/,ダンボール,,,,2026-08-19,INITIAL_REVIEW_REQUIRED,CATEGORY_LEVEL,UNREVIEWED,,,Positive evidence（category正式名称・代表品目）から機械抽出。品目別公式根拠と条件枝の確認前はAPP_READYにしない。
MAP-M111-I018-C-M111-01,M111,I018,1,category正式名称・代表品目から機械抽出,C-M111-01,もやせるごみ,要品目別確認,生ごみは水切り。透明・半透明袋で出す,NOT_STATED_IN_CITED_SOURCE,FALSE,CURRENT,,,S-M111-01,https://www.town.saka.lg.jp/2014/04/01/gomi_dashikata/,もやせるごみ,,,,2026-08-19,INITIAL_REVIEW_REQUIRED,CATEGORY_LEVEL,UNREVIEWED,,,Positive evidence（category正式名称・代表品目）から機械抽出。品目別公式根拠と条件枝の確認前はAPP_READYにしない。
MAP-M111-I021-C-M111-12,M111,I021,1,category正式名称・代表品目から機械抽出,C-M111-12,衣類,要品目別確認,透明・半透明袋で出す,NOT_STATED_IN_CITED_SOURCE,FALSE,CURRENT,,,S-M111-01,https://www.town.saka.lg.jp/2014/04/01/gomi_dashikata/,衣類,,,,2026-08-19,INITIAL_REVIEW_REQUIRED,CATEGORY_LEVEL,UNREVIEWED,,,Positive evidence（category正式名称・代表品目）から機械抽出。品目別公式根拠と条件枝の確認前はAPP_READYにしない。
MAP-M111-I023-C-M111-04,M111,I023,1,category正式名称・代表品目から機械抽出,C-M111-04,埋立ごみ,要品目別確認,割れ物等は安全に包む,NOT_STATED_IN_CITED_SOURCE,FALSE,CURRENT,,,S-M111-01,https://www.town.saka.lg.jp/2014/04/01/gomi_dashikata/,埋立ごみ,,,,2026-08-19,INITIAL_REVIEW_REQUIRED,CATEGORY_LEVEL,UNREVIEWED,,,Positive evidence（category正式名称・代表品目）から機械抽出。品目別公式根拠と条件枝の確認前はAPP_READYにしない。
MAP-M111-I027-C-M111-05,M111,I027,1,category正式名称・代表品目から機械抽出,C-M111-05,有害ごみ,要品目別確認,NOT_STATED_IN_CITED_SOURCE,NOT_STATED_IN_CITED_SOURCE,FALSE,CURRENT,,,S-M111-01,https://www.town.saka.lg.jp/2014/04/01/gomi_dashikata/,有害ごみ,,,,2026-08-19,INITIAL_REVIEW_REQUIRED,CATEGORY_LEVEL,UNREVIEWED,,,Positive evidence（category正式名称・代表品目）から機械抽出。品目別公式根拠と条件枝の確認前はAPP_READYにしない。
MAP-M111-I030-C-M111-05,M111,I030,1,category正式名称・代表品目から機械抽出,C-M111-05,有害ごみ,要品目別確認,NOT_STATED_IN_CITED_SOURCE,NOT_STATED_IN_CITED_SOURCE,FALSE,CURRENT,,,S-M111-01,https://www.town.saka.lg.jp/2014/04/01/gomi_dashikata/,有害ごみ,,,,2026-08-19,INITIAL_REVIEW_REQUIRED,CATEGORY_LEVEL,UNREVIEWED,,,Positive evidence（category正式名称・代表品目）から機械抽出。品目別公式根拠と条件枝の確認前はAPP_READYにしない。
MAP-M111-I032-C-M111-07,M111,I032,1,category正式名称・代表品目から機械抽出,C-M111-07,缶類,要品目別確認,中を洗う。スプレー缶は中身を使い切り、穴を開ける,NOT_STATED_IN_CITED_SOURCE,FALSE,CURRENT,,,S-M111-01,https://www.town.saka.lg.jp/2014/04/01/gomi_dashikata/,缶類,,,,2026-08-19,INITIAL_REVIEW_REQUIRED,CATEGORY_LEVEL,UNREVIEWED,,,Positive evidence（category正式名称・代表品目）から機械抽出。品目別公式根拠と条件枝の確認前はAPP_READYにしない。
MAP-M111-I036-C-M111-02,M111,I036,1,category正式名称・代表品目から機械抽出,C-M111-02,もえる粗大ごみ,要品目別確認,金属類を可能な範囲で外す,NOT_STATED_IN_CITED_SOURCE,FALSE,CURRENT,,,S-M111-01,https://www.town.saka.lg.jp/2014/04/01/gomi_dashikata/,もえる粗大ごみ,,,,2026-08-19,INITIAL_REVIEW_REQUIRED,CATEGORY_LEVEL,UNREVIEWED,,,Positive evidence（category正式名称・代表品目）から機械抽出。品目別公式根拠と条件枝の確認前はAPP_READYにしない。
MAP-M112-I001-C-M112-13,M112,I001,1,category正式名称・代表品目から機械抽出,C-M112-13,ペットボトル,要品目別確認,内容物・付着物を除き洗う。キャップ・ラベルはその他プラスチックへ,NOT_STATED_IN_CITED_SOURCE,FALSE,CURRENT,,,S-M112-02,https://www.akiota.jp/uploaded/attachment/9505.pdf,ペットボトル,,,,2026-08-19,INITIAL_REVIEW_REQUIRED,CATEGORY_LEVEL,UNREVIEWED,,,Positive evidence（category正式名称・代表品目）から機械抽出。品目別公式根拠と条件枝の確認前はAPP_READYにしない。
MAP-M112-I018-C-M112-01,M112,I018,1,category正式名称・代表品目から機械抽出,C-M112-01,燃えるごみ,要品目別確認,水切りする。木・竹製品は原則30cm以下。指定袋1袋10kg未満,NOT_STATED_IN_CITED_SOURCE,FALSE,CURRENT,,,S-M112-02,https://www.akiota.jp/uploaded/attachment/9505.pdf,燃えるごみ,,,,2026-08-19,INITIAL_REVIEW_REQUIRED,CATEGORY_LEVEL,UNREVIEWED,,,Positive evidence（category正式名称・代表品目）から機械抽出。品目別公式根拠と条件枝の確認前はAPP_READYにしない。
MAP-M112-I021-C-M112-06,M112,I021,1,category正式名称・代表品目から機械抽出,C-M112-06,衣類・布類,要品目別確認,カーテン等の金属は外して金属類へ,NOT_STATED_IN_CITED_SOURCE,FALSE,CURRENT,,,S-M112-02,https://www.akiota.jp/uploaded/attachment/9505.pdf,衣類・布類,,,,2026-08-19,INITIAL_REVIEW_REQUIRED,CATEGORY_LEVEL,UNREVIEWED,,,Positive evidence（category正式名称・代表品目）から機械抽出。品目別公式根拠と条件枝の確認前はAPP_READYにしない。
MAP-M112-I025-C-M112-10,M112,I025,1,category正式名称・代表品目から機械抽出,C-M112-10,陶器・ガラス類,要品目別確認,割れて危険なものは紙等で包み内容を表示,NOT_STATED_IN_CITED_SOURCE,FALSE,CURRENT,,,S-M112-02,https://www.akiota.jp/uploaded/attachment/9505.pdf,陶器・ガラス類,,,,2026-08-19,INITIAL_REVIEW_REQUIRED,CATEGORY_LEVEL,UNREVIEWED,,,Positive evidence（category正式名称・代表品目）から機械抽出。品目別公式根拠と条件枝の確認前はAPP_READYにしない。
MAP-M112-I026-C-M112-08,M112,I026,1,category正式名称・代表品目から機械抽出,C-M112-08,金属類,要品目別確認,区分ごとに別指定袋。刃物等は紙で包み内容を表示,NOT_STATED_IN_CITED_SOURCE,FALSE,CURRENT,,,S-M112-02,https://www.akiota.jp/uploaded/attachment/9505.pdf,金属類,,,,2026-08-19,INITIAL_REVIEW_REQUIRED,CATEGORY_LEVEL,UNREVIEWED,,,Positive evidence（category正式名称・代表品目）から機械抽出。品目別公式根拠と条件枝の確認前はAPP_READYにしない。
MAP-M112-I030-C-M112-09,M112,I030,1,category正式名称・代表品目から機械抽出,C-M112-09,小型電化製品及び有害物,要品目別確認,電池を取り外し絶縁。電池とライターは別々の見える小袋。電気製品のコードは切る,NOT_STATED_IN_CITED_SOURCE,FALSE,CURRENT,,,S-M112-02,https://www.akiota.jp/uploaded/attachment/9505.pdf,小型電化製品及び有害物,,,,2026-08-19,INITIAL_REVIEW_REQUIRED,CATEGORY_LEVEL,UNREVIEWED,,,Positive evidence（category正式名称・代表品目）から機械抽出。品目別公式根拠と条件枝の確認前はAPP_READYにしない。
MAP-M112-I032-C-M112-03,M112,I032,1,category正式名称・代表品目から機械抽出,C-M112-03,缶,要品目別確認,缶はつぶさない。スプレー缶は使い切り、穴あけ不要,NOT_STATED_IN_CITED_SOURCE,FALSE,CURRENT,,,S-M112-02,https://www.akiota.jp/uploaded/attachment/9505.pdf,缶,,,,2026-08-19,INITIAL_REVIEW_REQUIRED,CATEGORY_LEVEL,UNREVIEWED,,,Positive evidence（category正式名称・代表品目）から機械抽出。品目別公式根拠と条件枝の確認前はAPP_READYにしない。
MAP-M112-I033-C-M112-09,M112,I033,1,category正式名称・代表品目から機械抽出,C-M112-09,小型電化製品及び有害物,要品目別確認,電池を取り外し絶縁。電池とライターは別々の見える小袋。電気製品のコードは切る,NOT_STATED_IN_CITED_SOURCE,FALSE,CURRENT,,,S-M112-02,https://www.akiota.jp/uploaded/attachment/9505.pdf,小型電化製品及び有害物,,,,2026-08-19,INITIAL_REVIEW_REQUIRED,CATEGORY_LEVEL,UNREVIEWED,,,Positive evidence（category正式名称・代表品目）から機械抽出。品目別公式根拠と条件枝の確認前はAPP_READYにしない。
MAP-M113-I001-C-M113-06,M113,I001,1,category正式名称・代表品目から機械抽出,C-M113-06,ペットボトル,要品目別確認,NOT_STATED_IN_CITED_SOURCE,NOT_STATED_IN_CITED_SOURCE,FALSE,CURRENT,,,S-M113-02,https://www.town.kitahiroshima.lg.jp/uploaded/attachment/23637.pdf,ペットボトル,,,,2026-08-19,INITIAL_REVIEW_REQUIRED,CATEGORY_LEVEL,UNREVIEWED,,,Positive evidence（category正式名称・代表品目）から機械抽出。品目別公式根拠と条件枝の確認前はAPP_READYにしない。
MAP-M113-I006-C-M113-09,M113,I006,1,category正式名称・代表品目から機械抽出,C-M113-09,びん類,要品目別確認,NOT_STATED_IN_CITED_SOURCE,NOT_STATED_IN_CITED_SOURCE,FALSE,CURRENT,,,S-M113-02,https://www.town.kitahiroshima.lg.jp/uploaded/attachment/23637.pdf,びん類,,,,2026-08-19,INITIAL_REVIEW_REQUIRED,CATEGORY_LEVEL,UNREVIEWED,,,Positive evidence（category正式名称・代表品目）から機械抽出。品目別公式根拠と条件枝の確認前はAPP_READYにしない。
MAP-M113-I017-C-M113-04,M113,I017,1,category正式名称・代表品目から機械抽出,C-M113-04,紙パック,要品目別確認,NOT_STATED_IN_CITED_SOURCE,NOT_STATED_IN_CITED_SOURCE,FALSE,CURRENT,,,S-M113-02,https://www.town.kitahiroshima.lg.jp/uploaded/attachment/23637.pdf,紙パック,,,,2026-08-19,INITIAL_REVIEW_REQUIRED,CATEGORY_LEVEL,UNREVIEWED,,,Positive evidence（category正式名称・代表品目）から機械抽出。品目別公式根拠と条件枝の確認前はAPP_READYにしない。
MAP-M113-I018-C-M113-01,M113,I018,1,category正式名称・代表品目から機械抽出,C-M113-01,燃えるごみ,要品目別確認,NOT_STATED_IN_CITED_SOURCE,NOT_STATED_IN_CITED_SOURCE,FALSE,CURRENT,,,S-M113-02,https://www.town.kitahiroshima.lg.jp/uploaded/attachment/23637.pdf,燃えるごみ,,,,2026-08-19,INITIAL_REVIEW_REQUIRED,CATEGORY_LEVEL,UNREVIEWED,,,Positive evidence（category正式名称・代表品目）から機械抽出。品目別公式根拠と条件枝の確認前はAPP_READYにしない。
MAP-M113-I027-C-M113-12,M113,I027,1,category正式名称・代表品目から機械抽出,C-M113-12,有害ごみ,要品目別確認,NOT_STATED_IN_CITED_SOURCE,NOT_STATED_IN_CITED_SOURCE,FALSE,CURRENT,,,S-M113-02,https://www.town.kitahiroshima.lg.jp/uploaded/attachment/23637.pdf,有害ごみ,,,,2026-08-19,INITIAL_REVIEW_REQUIRED,CATEGORY_LEVEL,UNREVIEWED,,,Positive evidence（category正式名称・代表品目）から機械抽出。品目別公式根拠と条件枝の確認前はAPP_READYにしない。
MAP-M113-I030-C-M113-12,M113,I030,1,category正式名称・代表品目から機械抽出,C-M113-12,有害ごみ,要品目別確認,NOT_STATED_IN_CITED_SOURCE,NOT_STATED_IN_CITED_SOURCE,FALSE,CURRENT,,,S-M113-02,https://www.town.kitahiroshima.lg.jp/uploaded/attachment/23637.pdf,有害ごみ,,,,2026-08-19,INITIAL_REVIEW_REQUIRED,CATEGORY_LEVEL,UNREVIEWED,,,Positive evidence（category正式名称・代表品目）から機械抽出。品目別公式根拠と条件枝の確認前はAPP_READYにしない。
MAP-M113-I032-C-M113-08,M113,I032,1,category正式名称・代表品目から機械抽出,C-M113-08,かん類,要品目別確認,NOT_STATED_IN_CITED_SOURCE,NOT_STATED_IN_CITED_SOURCE,FALSE,CURRENT,,,S-M113-02,https://www.town.kitahiroshima.lg.jp/uploaded/attachment/23637.pdf,かん類,,,,2026-08-19,INITIAL_REVIEW_REQUIRED,CATEGORY_LEVEL,UNREVIEWED,,,Positive evidence（category正式名称・代表品目）から機械抽出。品目別公式根拠と条件枝の確認前はAPP_READYにしない。
MAP-M113-I034-C-M113-10,M113,I034,1,category正式名称・代表品目から機械抽出,C-M113-10,小型家電、電源コード、金物など,要品目別確認,NOT_STATED_IN_CITED_SOURCE,NOT_STATED_IN_CITED_SOURCE,FALSE,CURRENT,,,S-M113-02,https://www.town.kitahiroshima.lg.jp/uploaded/attachment/23637.pdf,小型家電、電源コード、金物など,,,,2026-08-19,INITIAL_REVIEW_REQUIRED,CATEGORY_LEVEL,UNREVIEWED,,,Positive evidence（category正式名称・代表品目）から機械抽出。品目別公式根拠と条件枝の確認前はAPP_READYにしない。
MAP-M114-I001-C-M114-07,M114,I001,1,category正式名称・代表品目から機械抽出,C-M114-07,ペットボトル,要品目別確認,キャップ・ラベルを外し、すすいでつぶす。汚れたものは可燃ごみ,NOT_STATED_IN_CITED_SOURCE,FALSE,CURRENT,,,S-M114-01,https://www.town.osakikamijima.hiroshima.jp/soshiki/joge_suido/1_1/1/1133.html,ペットボトル,,,,2026-08-19,INITIAL_REVIEW_REQUIRED,CATEGORY_LEVEL,UNREVIEWED,,,Positive evidence（category正式名称・代表品目）から機械抽出。品目別公式根拠と条件枝の確認前はAPP_READYにしない。
MAP-M114-I018-C-M114-01,M114,I018,1,category正式名称・代表品目から機械抽出,C-M114-01,可燃ごみ,要品目別確認,町指定袋で出す。小型充電式電池は取り外して有害ごみへ,NOT_STATED_IN_CITED_SOURCE,FALSE,CURRENT,,,S-M114-01,https://www.town.osakikamijima.hiroshima.jp/soshiki/joge_suido/1_1/1/1133.html,可燃ごみ,,,,2026-08-19,INITIAL_REVIEW_REQUIRED,CATEGORY_LEVEL,UNREVIEWED,,,Positive evidence（category正式名称・代表品目）から機械抽出。品目別公式根拠と条件枝の確認前はAPP_READYにしない。
MAP-M114-I023-C-M114-03,M114,I023,1,category正式名称・代表品目から機械抽出,C-M114-03,ビン・陶磁器類,要品目別確認,びんはふたを外し中をすすぐ,NOT_STATED_IN_CITED_SOURCE,FALSE,CURRENT,,,S-M114-01,https://www.town.osakikamijima.hiroshima.jp/soshiki/joge_suido/1_1/1/1133.html,ビン・陶磁器類,,,,2026-08-19,INITIAL_REVIEW_REQUIRED,CATEGORY_LEVEL,UNREVIEWED,,,Positive evidence（category正式名称・代表品目）から機械抽出。品目別公式根拠と条件枝の確認前はAPP_READYにしない。
MAP-M114-I026-C-M114-04,M114,I026,1,category正式名称・代表品目から機械抽出,C-M114-04,缶類・刃物類,要品目別確認,缶はすすぎ、つぶさない。スプレー缶・カセットボンベは使い切り穴を開ける。刃物は包む,NOT_STATED_IN_CITED_SOURCE,FALSE,CURRENT,,,S-M114-01,https://www.town.osakikamijima.hiroshima.jp/soshiki/joge_suido/1_1/1/1133.html,缶類・刃物類,,,,2026-08-19,INITIAL_REVIEW_REQUIRED,CATEGORY_LEVEL,UNREVIEWED,,,Positive evidence（category正式名称・代表品目）から機械抽出。品目別公式根拠と条件枝の確認前はAPP_READYにしない。
MAP-M114-I027-C-M114-10,M114,I027,1,category正式名称・代表品目から機械抽出,C-M114-10,有害ごみ,要品目別確認,電池は専用容器へ。充電池を外せない小型家電は本体ごと有害ごみ,NOT_STATED_IN_CITED_SOURCE,FALSE,CURRENT,,,S-M114-01,https://www.town.osakikamijima.hiroshima.jp/soshiki/joge_suido/1_1/1/1133.html,有害ごみ,,,,2026-08-19,INITIAL_REVIEW_REQUIRED,CATEGORY_LEVEL,UNREVIEWED,,,Positive evidence（category正式名称・代表品目）から機械抽出。品目別公式根拠と条件枝の確認前はAPP_READYにしない。
MAP-M114-I030-C-M114-10,M114,I030,1,category正式名称・代表品目から機械抽出,C-M114-10,有害ごみ,要品目別確認,電池は専用容器へ。充電池を外せない小型家電は本体ごと有害ごみ,NOT_STATED_IN_CITED_SOURCE,FALSE,CURRENT,,,S-M114-01,https://www.town.osakikamijima.hiroshima.jp/soshiki/joge_suido/1_1/1/1133.html,有害ごみ,,,,2026-08-19,INITIAL_REVIEW_REQUIRED,CATEGORY_LEVEL,UNREVIEWED,,,Positive evidence（category正式名称・代表品目）から機械抽出。品目別公式根拠と条件枝の確認前はAPP_READYにしない。
MAP-M114-I032-C-M114-04,M114,I032,1,category正式名称・代表品目から機械抽出,C-M114-04,缶類・刃物類,要品目別確認,缶はすすぎ、つぶさない。スプレー缶・カセットボンベは使い切り穴を開ける。刃物は包む,NOT_STATED_IN_CITED_SOURCE,FALSE,CURRENT,,,S-M114-01,https://www.town.osakikamijima.hiroshima.jp/soshiki/joge_suido/1_1/1/1133.html,缶類・刃物類,,,,2026-08-19,INITIAL_REVIEW_REQUIRED,CATEGORY_LEVEL,UNREVIEWED,,,Positive evidence（category正式名称・代表品目）から機械抽出。品目別公式根拠と条件枝の確認前はAPP_READYにしない。
MAP-M114-I035-C-M114-10,M114,I035,1,category正式名称・代表品目から機械抽出,C-M114-10,有害ごみ,要品目別確認,電池は専用容器へ。充電池を外せない小型家電は本体ごと有害ごみ,NOT_STATED_IN_CITED_SOURCE,FALSE,CURRENT,,,S-M114-01,https://www.town.osakikamijima.hiroshima.jp/soshiki/joge_suido/1_1/1/1133.html,有害ごみ,,,,2026-08-19,INITIAL_REVIEW_REQUIRED,CATEGORY_LEVEL,UNREVIEWED,,,Positive evidence（category正式名称・代表品目）から機械抽出。品目別公式根拠と条件枝の確認前はAPP_READYにしない。
MAP-M115-I001-C-M115-04,M115,I001,1,category正式名称・代表品目から機械抽出,C-M115-04,ペットボトル,要品目別確認,キャップ・ラベルを外して容器包装プラスチックへ。汚れたものは可燃ごみ,NOT_STATED_IN_CITED_SOURCE,FALSE,CURRENT,,,S-M115-01,https://www.town.sera.hiroshima.jp/soshiki/4/317.html,ペットボトル,,,,2026-08-19,INITIAL_REVIEW_REQUIRED,CATEGORY_LEVEL,UNREVIEWED,,,Positive evidence（category正式名称・代表品目）から機械抽出。品目別公式根拠と条件枝の確認前はAPP_READYにしない。
MAP-M115-I006-C-M115-03,M115,I006,1,category正式名称・代表品目から機械抽出,C-M115-03,びん・缶,要品目別確認,ふたを外し、中を洗う。汚れた・割れたびん等は不燃物,NOT_STATED_IN_CITED_SOURCE,FALSE,CURRENT,,,S-M115-01,https://www.town.sera.hiroshima.jp/soshiki/4/317.html,びん・缶,,,,2026-08-19,INITIAL_REVIEW_REQUIRED,CATEGORY_LEVEL,UNREVIEWED,,,Positive evidence（category正式名称・代表品目）から機械抽出。品目別公式根拠と条件枝の確認前はAPP_READYにしない。
MAP-M115-I018-C-M115-01,M115,I018,1,category正式名称・代表品目から機械抽出,C-M115-01,可燃ごみ,要品目別確認,指定袋で出す。容器包装プラで汚れが落ちないものはこちら,NOT_STATED_IN_CITED_SOURCE,FALSE,CURRENT,,,S-M115-01,https://www.town.sera.hiroshima.jp/soshiki/4/317.html,可燃ごみ,,,,2026-08-19,INITIAL_REVIEW_REQUIRED,CATEGORY_LEVEL,UNREVIEWED,,,Positive evidence（category正式名称・代表品目）から機械抽出。品目別公式根拠と条件枝の確認前はAPP_READYにしない。
MAP-M115-I023-C-M115-06,M115,I023,1,category正式名称・代表品目から機械抽出,C-M115-06,不燃物,要品目別確認,針・刃物・割れガラス等は安全に包む,NOT_STATED_IN_CITED_SOURCE,FALSE,CURRENT,,,S-M115-01,https://www.town.sera.hiroshima.jp/soshiki/4/317.html,不燃物,,,,2026-08-19,INITIAL_REVIEW_REQUIRED,CATEGORY_LEVEL,UNREVIEWED,,,Positive evidence（category正式名称・代表品目）から機械抽出。品目別公式根拠と条件枝の確認前はAPP_READYにしない。
MAP-M115-I027-C-M115-09,M115,I027,1,category正式名称・代表品目から機械抽出,C-M115-09,電池類,要品目別確認,電極をテープで絶縁する,NOT_STATED_IN_CITED_SOURCE,FALSE,CURRENT,,,S-M115-01,https://www.town.sera.hiroshima.jp/soshiki/4/317.html,電池類,,,,2026-08-19,INITIAL_REVIEW_REQUIRED,CATEGORY_LEVEL,UNREVIEWED,,,Positive evidence（category正式名称・代表品目）から機械抽出。品目別公式根拠と条件枝の確認前はAPP_READYにしない。
MAP-M115-I028-C-M115-09,M115,I028,1,category正式名称・代表品目から機械抽出,C-M115-09,電池類,要品目別確認,電極をテープで絶縁する,NOT_STATED_IN_CITED_SOURCE,FALSE,CURRENT,,,S-M115-01,https://www.town.sera.hiroshima.jp/soshiki/4/317.html,電池類,,,,2026-08-19,INITIAL_REVIEW_REQUIRED,CATEGORY_LEVEL,UNREVIEWED,,,Positive evidence（category正式名称・代表品目）から機械抽出。品目別公式根拠と条件枝の確認前はAPP_READYにしない。
MAP-M115-I029-C-M115-08,M115,I029,1,category正式名称・代表品目から機械抽出,C-M115-08,充電式小型家電,要品目別確認,充電器・ケーブルは不燃物。取り外した充電式電池は電池類へ,NOT_STATED_IN_CITED_SOURCE,FALSE,CURRENT,,,S-M115-01,https://www.town.sera.hiroshima.jp/soshiki/4/317.html,充電式小型家電,,,,2026-08-19,INITIAL_REVIEW_REQUIRED,CATEGORY_LEVEL,UNREVIEWED,,,Positive evidence（category正式名称・代表品目）から機械抽出。品目別公式根拠と条件枝の確認前はAPP_READYにしない。
MAP-M115-I030-C-M115-10,M115,I030,1,category正式名称・代表品目から機械抽出,C-M115-10,蛍光灯類,要品目別確認,箱または新聞紙等で包み破損を防ぐ,NOT_STATED_IN_CITED_SOURCE,FALSE,CURRENT,,,S-M115-01,https://www.town.sera.hiroshima.jp/soshiki/4/317.html,蛍光灯類,,,,2026-08-19,INITIAL_REVIEW_REQUIRED,CATEGORY_LEVEL,UNREVIEWED,,,Positive evidence（category正式名称・代表品目）から機械抽出。品目別公式根拠と条件枝の確認前はAPP_READYにしない。
MAP-M115-I031-C-M115-10,M115,I031,1,category正式名称・代表品目から機械抽出,C-M115-10,蛍光灯類,要品目別確認,箱または新聞紙等で包み破損を防ぐ,NOT_STATED_IN_CITED_SOURCE,FALSE,CURRENT,,,S-M115-01,https://www.town.sera.hiroshima.jp/soshiki/4/317.html,蛍光灯類,,,,2026-08-19,INITIAL_REVIEW_REQUIRED,CATEGORY_LEVEL,UNREVIEWED,,,Positive evidence（category正式名称・代表品目）から機械抽出。品目別公式根拠と条件枝の確認前はAPP_READYにしない。
MAP-M115-I032-C-M115-07,M115,I032,1,category正式名称・代表品目から機械抽出,C-M115-07,発火性危険ごみ,要品目別確認,中身を使い切る。使い切った場合は穴を開ける必要はない,NOT_STATED_IN_CITED_SOURCE,FALSE,CURRENT,,,S-M115-01,https://www.town.sera.hiroshima.jp/soshiki/4/317.html,発火性危険ごみ,,,,2026-08-19,INITIAL_REVIEW_REQUIRED,CATEGORY_LEVEL,UNREVIEWED,,,Positive evidence（category正式名称・代表品目）から機械抽出。品目別公式根拠と条件枝の確認前はAPP_READYにしない。
MAP-M115-I033-C-M115-07,M115,I033,1,category正式名称・代表品目から機械抽出,C-M115-07,発火性危険ごみ,要品目別確認,中身を使い切る。使い切った場合は穴を開ける必要はない,NOT_STATED_IN_CITED_SOURCE,FALSE,CURRENT,,,S-M115-01,https://www.town.sera.hiroshima.jp/soshiki/4/317.html,発火性危険ごみ,,,,2026-08-19,INITIAL_REVIEW_REQUIRED,CATEGORY_LEVEL,UNREVIEWED,,,Positive evidence（category正式名称・代表品目）から機械抽出。品目別公式根拠と条件枝の確認前はAPP_READYにしない。
MAP-M115-I034-C-M115-08,M115,I034,1,category正式名称・代表品目から機械抽出,C-M115-08,充電式小型家電,要品目別確認,充電器・ケーブルは不燃物。取り外した充電式電池は電池類へ,NOT_STATED_IN_CITED_SOURCE,FALSE,CURRENT,,,S-M115-01,https://www.town.sera.hiroshima.jp/soshiki/4/317.html,充電式小型家電,,,,2026-08-19,INITIAL_REVIEW_REQUIRED,CATEGORY_LEVEL,UNREVIEWED,,,Positive evidence（category正式名称・代表品目）から機械抽出。品目別公式根拠と条件枝の確認前はAPP_READYにしない。
