municipality_id,internal_item_id,coverage_status,mapping_branch_count,branch_completeness_confirmed,evidence_scope,item_evidence_source_id,item_evidence_url,item_evidence_locator,reviewed_date,reviewed_by,notes
M001,I001,MAPPED_INITIAL,1,FALSE,CATEGORY_LEVEL,,,,,,機械抽出。品目別調査と条件枝レビューは未完了。
M001,I002,NOT_RESEARCHED,0,FALSE,NONE,,,,,,未調査。不存在を意味しない。
M001,I003,NOT_RESEARCHED,0,FALSE,NONE,,,,,,未調査。不存在を意味しない。
M001,I004,MAPPED_INITIAL,1,FALSE,CATEGORY_LEVEL,,,,,,機械抽出。品目別調査と条件枝レビューは未完了。
M001,I005,MAPPED_INITIAL,1,FALSE,CATEGORY_LEVEL,,,,,,機械抽出。品目別調査と条件枝レビューは未完了。
M001,I006,MAPPED_INITIAL,1,FALSE,CATEGORY_LEVEL,,,,,,機械抽出。品目別調査と条件枝レビューは未完了。
M001,I007,NOT_RESEARCHED,0,FALSE,NONE,,,,,,未調査。不存在を意味しない。
M001,I008,NOT_RESEARCHED,0,FALSE,NONE,,,,,,未調査。不存在を意味しない。
M001,I009,NOT_RESEARCHED,0,FALSE,NONE,,,,,,未調査。不存在を意味しない。
M001,I010,NOT_RESEARCHED,0,FALSE,NONE,,,,,,未調査。不存在を意味しない。
M001,I011,NOT_RESEARCHED,0,FALSE,NONE,,,,,,未調査。不存在を意味しない。
M001,I012,MAPPED_INITIAL,1,FALSE,CATEGORY_LEVEL,,,,,,機械抽出。品目別調査と条件枝レビューは未完了。
M001,I013,MAPPED_INITIAL,1,FALSE,CATEGORY_LEVEL,,,,,,機械抽出。品目別調査と条件枝レビューは未完了。
M001,I014,MAPPED_INITIAL,1,FALSE,CATEGORY_LEVEL,,,,,,機械抽出。品目別調査と条件枝レビューは未完了。
M001,I015,MAPPED_INITIAL,1,FALSE,CATEGORY_LEVEL,,,,,,機械抽出。品目別調査と条件枝レビューは未完了。
M001,I016,NOT_RESEARCHED,0,FALSE,NONE,,,,,,未調査。不存在を意味しない。
M001,I017,MAPPED_INITIAL,1,FALSE,CATEGORY_LEVEL,,,,,,機械抽出。品目別調査と条件枝レビューは未完了。
M001,I018,NOT_RESEARCHED,0,FALSE,NONE,,,,,,未調査。不存在を意味しない。
M001,I019,NOT_RESEARCHED,0,FALSE,NONE,,,,,,未調査。不存在を意味しない。
M001,I020,NOT_RESEARCHED,0,FALSE,NONE,,,,,,未調査。不存在を意味しない。
M001,I021,MAPPED_INITIAL,1,FALSE,CATEGORY_LEVEL,,,,,,機械抽出。品目別調査と条件枝レビューは未完了。
M001,I022,NOT_RESEARCHED,0,FALSE,NONE,,,,,,未調査。不存在を意味しない。
M001,I023,MAPPED_INITIAL,1,FALSE,CATEGORY_LEVEL,,,,,,機械抽出。品目別調査と条件枝レビューは未完了。
M001,I024,NOT_RESEARCHED,0,FALSE,NONE,,,,,,未調査。不存在を意味しない。
M001,I025,NOT_RESEARCHED,0,FALSE,NONE,,,,,,未調査。不存在を意味しない。
M001,I026,NOT_RESEARCHED,0,FALSE,NONE,,,,,,未調査。不存在を意味しない。
M001,I027,MAPPED_INITIAL,1,FALSE,CATEGORY_LEVEL,,,,,,機械抽出。品目別調査と条件枝レビューは未完了。
M001,I028,NOT_RESEARCHED,0,FALSE,NONE,,,,,,未調査。不存在を意味しない。
M001,I029,NOT_RESEARCHED,0,FALSE,NONE,,,,,,未調査。不存在を意味しない。
M001,I030,MAPPED_INITIAL,1,FALSE,CATEGORY_LEVEL,,,,,,機械抽出。品目別調査と条件枝レビューは未完了。
M001,I031,NOT_RESEARCHED,0,FALSE,NONE,,,,,,未調査。不存在を意味しない。
M001,I032,MAPPED_INITIAL,1,FALSE,CATEGORY_LEVEL,,,,,,機械抽出。品目別調査と条件枝レビューは未完了。
M001,I033,NOT_RESEARCHED,0,FALSE,NONE,,,,,,未調査。不存在を意味しない。
M001,I034,MAPPED_INITIAL,1,FALSE,CATEGORY_LEVEL,,,,,,機械抽出。品目別調査と条件枝レビューは未完了。
M001,I035,NOT_RESEARCHED,0,FALSE,NONE,,,,,,未調査。不存在を意味しない。
M001,I036,NOT_RESEARCHED,0,FALSE,NONE,,,,,,未調査。不存在を意味しない。
M001,I037,NOT_RESEARCHED,0,FALSE,NONE,,,,,,未調査。不存在を意味しない。
M001,I038,NOT_RESEARCHED,0,FALSE,NONE,,,,,,未調査。不存在を意味しない。
M001,I039,NOT_RESEARCHED,0,FALSE,NONE,,,,,,未調査。不存在を意味しない。
M001,I040,NOT_RESEARCHED,0,FALSE,NONE,,,,,,未調査。不存在を意味しない。
M002,I001,MAPPED_INITIAL,1,FALSE,CATEGORY_LEVEL,,,,,,機械抽出。品目別調査と条件枝レビューは未完了。
M002,I002,MAPPED_INITIAL,1,FALSE,CATEGORY_LEVEL,,,,,,機械抽出。品目別調査と条件枝レビューは未完了。
M002,I003,MAPPED_INITIAL,1,FALSE,CATEGORY_LEVEL,,,,,,機械抽出。品目別調査と条件枝レビューは未完了。
M002,I004,MAPPED_INITIAL,1,FALSE,CATEGORY_LEVEL,,,,,,機械抽出。品目別調査と条件枝レビューは未完了。
M002,I005,MAPPED_INITIAL,1,FALSE,CATEGORY_LEVEL,,,,,,機械抽出。品目別調査と条件枝レビューは未完了。
M002,I006,NOT_RESEARCHED,0,FALSE,NONE,,,,,,未調査。不存在を意味しない。
M002,I007,MAPPED_INITIAL,1,FALSE,CATEGORY_LEVEL,,,,,,機械抽出。品目別調査と条件枝レビューは未完了。
M002,I008,MAPPED_INITIAL,1,FALSE,CATEGORY_LEVEL,,,,,,機械抽出。品目別調査と条件枝レビューは未完了。
M002,I009,NOT_RESEARCHED,0,FALSE,NONE,,,,,,未調査。不存在を意味しない。
M002,I010,NOT_RESEARCHED,0,FALSE,NONE,,,,,,未調査。不存在を意味しない。
M002,I011,NOT_RESEARCHED,0,FALSE,NONE,,,,,,未調査。不存在を意味しない。
M002,I012,NOT_RESEARCHED,0,FALSE,NONE,,,,,,未調査。不存在を意味しない。
M002,I013,MAPPED_INITIAL,1,FALSE,CATEGORY_LEVEL,,,,,,機械抽出。品目別調査と条件枝レビューは未完了。
M002,I014,MAPPED_INITIAL,1,FALSE,CATEGORY_LEVEL,,,,,,機械抽出。品目別調査と条件枝レビューは未完了。
M002,I015,MAPPED_INITIAL,1,FALSE,CATEGORY_LEVEL,,,,,,機械抽出。品目別調査と条件枝レビューは未完了。
M002,I016,MAPPED_INITIAL,1,FALSE,CATEGORY_LEVEL,,,,,,機械抽出。品目別調査と条件枝レビューは未完了。
M002,I017,MAPPED_INITIAL,1,FALSE,CATEGORY_LEVEL,,,,,,機械抽出。品目別調査と条件枝レビューは未完了。
M002,I018,MAPPED_INITIAL,1,FALSE,CATEGORY_LEVEL,,,,,,機械抽出。品目別調査と条件枝レビューは未完了。
M002,I019,NOT_RESEARCHED,0,FALSE,NONE,,,,,,未調査。不存在を意味しない。
M002,I020,NOT_RESEARCHED,0,FALSE,NONE,,,,,,未調査。不存在を意味しない。
M002,I021,NOT_RESEARCHED,0,FALSE,NONE,,,,,,未調査。不存在を意味しない。
M002,I022,NOT_RESEARCHED,0,FALSE,NONE,,,,,,未調査。不存在を意味しない。
M002,I023,NOT_RESEARCHED,0,FALSE,NONE,,,,,,未調査。不存在を意味しない。
M002,I024,NOT_RESEARCHED,0,FALSE,NONE,,,,,,未調査。不存在を意味しない。
M002,I025,NOT_RESEARCHED,0,FALSE,NONE,,,,,,未調査。不存在を意味しない。
M002,I026,NOT_RESEARCHED,0,FALSE,NONE,,,,,,未調査。不存在を意味しない。
M002,I027,MAPPED_INITIAL,1,FALSE,CATEGORY_LEVEL,,,,,,機械抽出。品目別調査と条件枝レビューは未完了。
M002,I028,NOT_RESEARCHED,0,FALSE,NONE,,,,,,未調査。不存在を意味しない。
M002,I029,MAPPED_INITIAL,1,FALSE,CATEGORY_LEVEL,,,,,,機械抽出。品目別調査と条件枝レビューは未完了。
M002,I030,MAPPED_INITIAL,1,FALSE,CATEGORY_LEVEL,,,,,,機械抽出。品目別調査と条件枝レビューは未完了。
M002,I031,NOT_RESEARCHED,0,FALSE,NONE,,,,,,未調査。不存在を意味しない。
M002,I032,NOT_RESEARCHED,0,FALSE,NONE,,,,,,未調査。不存在を意味しない。
M002,I033,NOT_RESEARCHED,0,FALSE,NONE,,,,,,未調査。不存在を意味しない。
M002,I034,MAPPED_INITIAL,2,FALSE,CATEGORY_LEVEL,,,,,,機械抽出。品目別調査と条件枝レビューは未完了。
M002,I035,NOT_RESEARCHED,0,FALSE,NONE,,,,,,未調査。不存在を意味しない。
M002,I036,NOT_RESEARCHED,0,FALSE,NONE,,,,,,未調査。不存在を意味しない。
M002,I037,MAPPED_INITIAL,1,FALSE,CATEGORY_LEVEL,,,,,,機械抽出。品目別調査と条件枝レビューは未完了。
M002,I038,MAPPED_INITIAL,1,FALSE,CATEGORY_LEVEL,,,,,,機械抽出。品目別調査と条件枝レビューは未完了。
M002,I039,NOT_RESEARCHED,0,FALSE,NONE,,,,,,未調査。不存在を意味しない。
M002,I040,NOT_RESEARCHED,0,FALSE,NONE,,,,,,未調査。不存在を意味しない。
M003,I001,MAPPED_INITIAL,1,FALSE,CATEGORY_LEVEL,,,,,,機械抽出。品目別調査と条件枝レビューは未完了。
M003,I002,MAPPED_INITIAL,1,FALSE,CATEGORY_LEVEL,,,,,,機械抽出。品目別調査と条件枝レビューは未完了。
M003,I003,MAPPED_INITIAL,1,FALSE,CATEGORY_LEVEL,,,,,,機械抽出。品目別調査と条件枝レビューは未完了。
M003,I004,NOT_RESEARCHED,0,FALSE,NONE,,,,,,未調査。不存在を意味しない。
M003,I005,NOT_RESEARCHED,0,FALSE,NONE,,,,,,未調査。不存在を意味しない。
M003,I006,MAPPED_INITIAL,1,FALSE,CATEGORY_LEVEL,,,,,,機械抽出。品目別調査と条件枝レビューは未完了。
M003,I007,NOT_RESEARCHED,0,FALSE,NONE,,,,,,未調査。不存在を意味しない。
M003,I008,NOT_RESEARCHED,0,FALSE,NONE,,,,,,未調査。不存在を意味しない。
M003,I009,NOT_RESEARCHED,0,FALSE,NONE,,,,,,未調査。不存在を意味しない。
M003,I010,NOT_RESEARCHED,0,FALSE,NONE,,,,,,未調査。不存在を意味しない。
M003,I011,NOT_RESEARCHED,0,FALSE,NONE,,,,,,未調査。不存在を意味しない。
M003,I012,NOT_RESEARCHED,0,FALSE,NONE,,,,,,未調査。不存在を意味しない。
M003,I013,MAPPED_INITIAL,1,FALSE,CATEGORY_LEVEL,,,,,,機械抽出。品目別調査と条件枝レビューは未完了。
M003,I014,MAPPED_INITIAL,1,FALSE,CATEGORY_LEVEL,,,,,,機械抽出。品目別調査と条件枝レビューは未完了。
M003,I015,MAPPED_INITIAL,1,FALSE,CATEGORY_LEVEL,,,,,,機械抽出。品目別調査と条件枝レビューは未完了。
M003,I016,MAPPED_INITIAL,1,FALSE,CATEGORY_LEVEL,,,,,,機械抽出。品目別調査と条件枝レビューは未完了。
M003,I017,MAPPED_INITIAL,1,FALSE,CATEGORY_LEVEL,,,,,,機械抽出。品目別調査と条件枝レビューは未完了。
M003,I018,MAPPED_INITIAL,1,FALSE,CATEGORY_LEVEL,,,,,,機械抽出。品目別調査と条件枝レビューは未完了。
M003,I019,MAPPED_INITIAL,1,FALSE,CATEGORY_LEVEL,,,,,,機械抽出。品目別調査と条件枝レビューは未完了。
M003,I020,NOT_RESEARCHED,0,FALSE,NONE,,,,,,未調査。不存在を意味しない。
M003,I021,NOT_RESEARCHED,0,FALSE,NONE,,,,,,未調査。不存在を意味しない。
M003,I022,NOT_RESEARCHED,0,FALSE,NONE,,,,,,未調査。不存在を意味しない。
M003,I023,MAPPED_INITIAL,1,FALSE,CATEGORY_LEVEL,,,,,,機械抽出。品目別調査と条件枝レビューは未完了。
M003,I024,NOT_RESEARCHED,0,FALSE,NONE,,,,,,未調査。不存在を意味しない。
M003,I025,NOT_RESEARCHED,0,FALSE,NONE,,,,,,未調査。不存在を意味しない。
M003,I026,NOT_RESEARCHED,0,FALSE,NONE,,,,,,未調査。不存在を意味しない。
M003,I027,MAPPED_INITIAL,1,FALSE,CATEGORY_LEVEL,,,,,,機械抽出。品目別調査と条件枝レビューは未完了。
M003,I028,NOT_RESEARCHED,0,FALSE,NONE,,,,,,未調査。不存在を意味しない。
M003,I029,NOT_RESEARCHED,0,FALSE,NONE,,,,,,未調査。不存在を意味しない。
M003,I030,MAPPED_INITIAL,1,FALSE,CATEGORY_LEVEL,,,,,,機械抽出。品目別調査と条件枝レビューは未完了。
M003,I031,NOT_RESEARCHED,0,FALSE,NONE,,,,,,未調査。不存在を意味しない。
M003,I032,NOT_RESEARCHED,0,FALSE,NONE,,,,,,未調査。不存在を意味しない。
M003,I033,NOT_RESEARCHED,0,FALSE,NONE,,,,,,未調査。不存在を意味しない。
M003,I034,MAPPED_INITIAL,1,FALSE,CATEGORY_LEVEL,,,,,,機械抽出。品目別調査と条件枝レビューは未完了。
M003,I035,NOT_RESEARCHED,0,FALSE,NONE,,,,,,未調査。不存在を意味しない。
M003,I036,MAPPED_INITIAL,1,FALSE,CATEGORY_LEVEL,,,,,,機械抽出。品目別調査と条件枝レビューは未完了。
M003,I037,MAPPED_INITIAL,1,FALSE,CATEGORY_LEVEL,,,,,,機械抽出。品目別調査と条件枝レビューは未完了。
M003,I038,NOT_RESEARCHED,0,FALSE,NONE,,,,,,未調査。不存在を意味しない。
M003,I039,NOT_RESEARCHED,0,FALSE,NONE,,,,,,未調査。不存在を意味しない。
M003,I040,NOT_RESEARCHED,0,FALSE,NONE,,,,,,未調査。不存在を意味しない。
M004,I001,NOT_RESEARCHED,0,FALSE,NONE,,,,,,未調査。不存在を意味しない。
M004,I002,NOT_RESEARCHED,0,FALSE,NONE,,,,,,未調査。不存在を意味しない。
M004,I003,NOT_RESEARCHED,0,FALSE,NONE,,,,,,未調査。不存在を意味しない。
M004,I004,NOT_RESEARCHED,0,FALSE,NONE,,,,,,未調査。不存在を意味しない。
M004,I005,NOT_RESEARCHED,0,FALSE,NONE,,,,,,未調査。不存在を意味しない。
M004,I006,NOT_RESEARCHED,0,FALSE,NONE,,,,,,未調査。不存在を意味しない。
M004,I007,NOT_RESEARCHED,0,FALSE,NONE,,,,,,未調査。不存在を意味しない。
M004,I008,NOT_RESEARCHED,0,FALSE,NONE,,,,,,未調査。不存在を意味しない。
M004,I009,NOT_RESEARCHED,0,FALSE,NONE,,,,,,未調査。不存在を意味しない。
M004,I010,NOT_RESEARCHED,0,FALSE,NONE,,,,,,未調査。不存在を意味しない。
M004,I011,NOT_RESEARCHED,0,FALSE,NONE,,,,,,未調査。不存在を意味しない。
M004,I012,NOT_RESEARCHED,0,FALSE,NONE,,,,,,未調査。不存在を意味しない。
M004,I013,MAPPED_INITIAL,1,FALSE,CATEGORY_LEVEL,,,,,,機械抽出。品目別調査と条件枝レビューは未完了。
M004,I014,MAPPED_INITIAL,1,FALSE,CATEGORY_LEVEL,,,,,,機械抽出。品目別調査と条件枝レビューは未完了。
M004,I015,MAPPED_INITIAL,1,FALSE,CATEGORY_LEVEL,,,,,,機械抽出。品目別調査と条件枝レビューは未完了。
M004,I016,NOT_RESEARCHED,0,FALSE,NONE,,,,,,未調査。不存在を意味しない。
M004,I017,MAPPED_INITIAL,1,FALSE,CATEGORY_LEVEL,,,,,,機械抽出。品目別調査と条件枝レビューは未完了。
M004,I018,MAPPED_INITIAL,1,FALSE,CATEGORY_LEVEL,,,,,,機械抽出。品目別調査と条件枝レビューは未完了。
M004,I019,NOT_RESEARCHED,0,FALSE,NONE,,,,,,未調査。不存在を意味しない。
M004,I020,NOT_RESEARCHED,0,FALSE,NONE,,,,,,未調査。不存在を意味しない。
M004,I021,MAPPED_INITIAL,1,FALSE,CATEGORY_LEVEL,,,,,,機械抽出。品目別調査と条件枝レビューは未完了。
M004,I022,NOT_RESEARCHED,0,FALSE,NONE,,,,,,未調査。不存在を意味しない。
M004,I023,MAPPED_INITIAL,1,FALSE,CATEGORY_LEVEL,,,,,,機械抽出。品目別調査と条件枝レビューは未完了。
M004,I024,NOT_RESEARCHED,0,FALSE,NONE,,,,,,未調査。不存在を意味しない。
M004,I025,NOT_RESEARCHED,0,FALSE,NONE,,,,,,未調査。不存在を意味しない。
M004,I026,NOT_RESEARCHED,0,FALSE,NONE,,,,,,未調査。不存在を意味しない。
M004,I027,MAPPED_INITIAL,1,FALSE,CATEGORY_LEVEL,,,,,,機械抽出。品目別調査と条件枝レビューは未完了。
M004,I028,NOT_RESEARCHED,0,FALSE,NONE,,,,,,未調査。不存在を意味しない。
M004,I029,NOT_RESEARCHED,0,FALSE,NONE,,,,,,未調査。不存在を意味しない。
M004,I030,MAPPED_INITIAL,1,FALSE,CATEGORY_LEVEL,,,,,,機械抽出。品目別調査と条件枝レビューは未完了。
M004,I031,MAPPED_INITIAL,1,FALSE,CATEGORY_LEVEL,,,,,,機械抽出。品目別調査と条件枝レビューは未完了。
M004,I032,MAPPED_INITIAL,1,FALSE,CATEGORY_LEVEL,,,,,,機械抽出。品目別調査と条件枝レビューは未完了。
M004,I033,MAPPED_INITIAL,1,FALSE,CATEGORY_LEVEL,,,,,,機械抽出。品目別調査と条件枝レビューは未完了。
M004,I034,MAPPED_INITIAL,1,FALSE,CATEGORY_LEVEL,,,,,,機械抽出。品目別調査と条件枝レビューは未完了。
M004,I035,NOT_RESEARCHED,0,FALSE,NONE,,,,,,未調査。不存在を意味しない。
M004,I036,NOT_RESEARCHED,0,FALSE,NONE,,,,,,未調査。不存在を意味しない。
M004,I037,MAPPED_INITIAL,1,FALSE,CATEGORY_LEVEL,,,,,,機械抽出。品目別調査と条件枝レビューは未完了。
M004,I038,NOT_RESEARCHED,0,FALSE,NONE,,,,,,未調査。不存在を意味しない。
M004,I039,NOT_RESEARCHED,0,FALSE,NONE,,,,,,未調査。不存在を意味しない。
M004,I040,NOT_RESEARCHED,0,FALSE,NONE,,,,,,未調査。不存在を意味しない。
M005,I001,MAPPED_INITIAL,1,FALSE,CATEGORY_LEVEL,,,,,,機械抽出。品目別調査と条件枝レビューは未完了。
M005,I002,NOT_RESEARCHED,0,FALSE,NONE,,,,,,未調査。不存在を意味しない。
M005,I003,NOT_RESEARCHED,0,FALSE,NONE,,,,,,未調査。不存在を意味しない。
M005,I004,NOT_RESEARCHED,0,FALSE,NONE,,,,,,未調査。不存在を意味しない。
M005,I005,NOT_RESEARCHED,0,FALSE,NONE,,,,,,未調査。不存在を意味しない。
M005,I006,MAPPED_INITIAL,4,FALSE,CATEGORY_LEVEL,,,,,,機械抽出。品目別調査と条件枝レビューは未完了。
M005,I007,NOT_RESEARCHED,0,FALSE,NONE,,,,,,未調査。不存在を意味しない。
M005,I008,NOT_RESEARCHED,0,FALSE,NONE,,,,,,未調査。不存在を意味しない。
M005,I009,NOT_RESEARCHED,0,FALSE,NONE,,,,,,未調査。不存在を意味しない。
M005,I010,NOT_RESEARCHED,0,FALSE,NONE,,,,,,未調査。不存在を意味しない。
M005,I011,NOT_RESEARCHED,0,FALSE,NONE,,,,,,未調査。不存在を意味しない。
M005,I012,NOT_RESEARCHED,0,FALSE,NONE,,,,,,未調査。不存在を意味しない。
M005,I013,MAPPED_INITIAL,1,FALSE,CATEGORY_LEVEL,,,,,,機械抽出。品目別調査と条件枝レビューは未完了。
M005,I014,MAPPED_INITIAL,1,FALSE,CATEGORY_LEVEL,,,,,,機械抽出。品目別調査と条件枝レビューは未完了。
M005,I015,MAPPED_INITIAL,1,FALSE,CATEGORY_LEVEL,,,,,,機械抽出。品目別調査と条件枝レビューは未完了。
M005,I016,MAPPED_INITIAL,1,FALSE,CATEGORY_LEVEL,,,,,,機械抽出。品目別調査と条件枝レビューは未完了。
M005,I017,MAPPED_INITIAL,1,FALSE,CATEGORY_LEVEL,,,,,,機械抽出。品目別調査と条件枝レビューは未完了。
M005,I018,MAPPED_INITIAL,1,FALSE,CATEGORY_LEVEL,,,,,,機械抽出。品目別調査と条件枝レビューは未完了。
M005,I019,NOT_RESEARCHED,0,FALSE,NONE,,,,,,未調査。不存在を意味しない。
M005,I020,NOT_RESEARCHED,0,FALSE,NONE,,,,,,未調査。不存在を意味しない。
M005,I021,MAPPED_INITIAL,1,FALSE,CATEGORY_LEVEL,,,,,,機械抽出。品目別調査と条件枝レビューは未完了。
M005,I022,NOT_RESEARCHED,0,FALSE,NONE,,,,,,未調査。不存在を意味しない。
M005,I023,MAPPED_INITIAL,1,FALSE,CATEGORY_LEVEL,,,,,,機械抽出。品目別調査と条件枝レビューは未完了。
M005,I024,NOT_RESEARCHED,0,FALSE,NONE,,,,,,未調査。不存在を意味しない。
M005,I025,NOT_RESEARCHED,0,FALSE,NONE,,,,,,未調査。不存在を意味しない。
M005,I026,NOT_RESEARCHED,0,FALSE,NONE,,,,,,未調査。不存在を意味しない。
M005,I027,MAPPED_INITIAL,1,FALSE,CATEGORY_LEVEL,,,,,,機械抽出。品目別調査と条件枝レビューは未完了。
M005,I028,NOT_RESEARCHED,0,FALSE,NONE,,,,,,未調査。不存在を意味しない。
M005,I029,NOT_RESEARCHED,0,FALSE,NONE,,,,,,未調査。不存在を意味しない。
M005,I030,MAPPED_INITIAL,1,FALSE,CATEGORY_LEVEL,,,,,,機械抽出。品目別調査と条件枝レビューは未完了。
M005,I031,NOT_RESEARCHED,0,FALSE,NONE,,,,,,未調査。不存在を意味しない。
M005,I032,MAPPED_INITIAL,1,FALSE,CATEGORY_LEVEL,,,,,,機械抽出。品目別調査と条件枝レビューは未完了。
M005,I033,NOT_RESEARCHED,0,FALSE,NONE,,,,,,未調査。不存在を意味しない。
M005,I034,MAPPED_INITIAL,1,FALSE,CATEGORY_LEVEL,,,,,,機械抽出。品目別調査と条件枝レビューは未完了。
M005,I035,NOT_RESEARCHED,0,FALSE,NONE,,,,,,未調査。不存在を意味しない。
M005,I036,NOT_RESEARCHED,0,FALSE,NONE,,,,,,未調査。不存在を意味しない。
M005,I037,MAPPED_INITIAL,1,FALSE,CATEGORY_LEVEL,,,,,,機械抽出。品目別調査と条件枝レビューは未完了。
M005,I038,MAPPED_INITIAL,1,FALSE,CATEGORY_LEVEL,,,,,,機械抽出。品目別調査と条件枝レビューは未完了。
M005,I039,NOT_RESEARCHED,0,FALSE,NONE,,,,,,未調査。不存在を意味しない。
M005,I040,NOT_RESEARCHED,0,FALSE,NONE,,,,,,未調査。不存在を意味しない。
M006,I001,MAPPED_INITIAL,1,FALSE,CATEGORY_LEVEL,,,,,,機械抽出。品目別調査と条件枝レビューは未完了。
M006,I002,NOT_RESEARCHED,0,FALSE,NONE,,,,,,未調査。不存在を意味しない。
M006,I003,NOT_RESEARCHED,0,FALSE,NONE,,,,,,未調査。不存在を意味しない。
M006,I004,MAPPED_INITIAL,1,FALSE,CATEGORY_LEVEL,,,,,,機械抽出。品目別調査と条件枝レビューは未完了。
M006,I005,MAPPED_INITIAL,1,FALSE,CATEGORY_LEVEL,,,,,,機械抽出。品目別調査と条件枝レビューは未完了。
M006,I006,MAPPED_INITIAL,3,FALSE,CATEGORY_LEVEL,,,,,,機械抽出。品目別調査と条件枝レビューは未完了。
M006,I007,NOT_RESEARCHED,0,FALSE,NONE,,,,,,未調査。不存在を意味しない。
M006,I008,NOT_RESEARCHED,0,FALSE,NONE,,,,,,未調査。不存在を意味しない。
M006,I009,NOT_RESEARCHED,0,FALSE,NONE,,,,,,未調査。不存在を意味しない。
M006,I010,NOT_RESEARCHED,0,FALSE,NONE,,,,,,未調査。不存在を意味しない。
M006,I011,MAPPED_INITIAL,1,FALSE,CATEGORY_LEVEL,,,,,,機械抽出。品目別調査と条件枝レビューは未完了。
M006,I012,NOT_RESEARCHED,0,FALSE,NONE,,,,,,未調査。不存在を意味しない。
M006,I013,MAPPED_INITIAL,1,FALSE,CATEGORY_LEVEL,,,,,,機械抽出。品目別調査と条件枝レビューは未完了。
M006,I014,MAPPED_INITIAL,1,FALSE,CATEGORY_LEVEL,,,,,,機械抽出。品目別調査と条件枝レビューは未完了。
M006,I015,NOT_RESEARCHED,0,FALSE,NONE,,,,,,未調査。不存在を意味しない。
M006,I016,MAPPED_INITIAL,1,FALSE,CATEGORY_LEVEL,,,,,,機械抽出。品目別調査と条件枝レビューは未完了。
M006,I017,NOT_RESEARCHED,0,FALSE,NONE,,,,,,未調査。不存在を意味しない。
M006,I018,MAPPED_INITIAL,1,FALSE,CATEGORY_LEVEL,,,,,,機械抽出。品目別調査と条件枝レビューは未完了。
M006,I019,NOT_RESEARCHED,0,FALSE,NONE,,,,,,未調査。不存在を意味しない。
M006,I020,NOT_RESEARCHED,0,FALSE,NONE,,,,,,未調査。不存在を意味しない。
M006,I021,MAPPED_INITIAL,1,FALSE,CATEGORY_LEVEL,,,,,,機械抽出。品目別調査と条件枝レビューは未完了。
M006,I022,NOT_RESEARCHED,0,FALSE,NONE,,,,,,未調査。不存在を意味しない。
M006,I023,MAPPED_INITIAL,1,FALSE,CATEGORY_LEVEL,,,,,,機械抽出。品目別調査と条件枝レビューは未完了。
M006,I024,NOT_RESEARCHED,0,FALSE,NONE,,,,,,未調査。不存在を意味しない。
M006,I025,NOT_RESEARCHED,0,FALSE,NONE,,,,,,未調査。不存在を意味しない。
M006,I026,NOT_RESEARCHED,0,FALSE,NONE,,,,,,未調査。不存在を意味しない。
M006,I027,MAPPED_INITIAL,1,FALSE,CATEGORY_LEVEL,,,,,,機械抽出。品目別調査と条件枝レビューは未完了。
M006,I028,NOT_RESEARCHED,0,FALSE,NONE,,,,,,未調査。不存在を意味しない。
M006,I029,NOT_RESEARCHED,0,FALSE,NONE,,,,,,未調査。不存在を意味しない。
M006,I030,MAPPED_INITIAL,1,FALSE,CATEGORY_LEVEL,,,,,,機械抽出。品目別調査と条件枝レビューは未完了。
M006,I031,NOT_RESEARCHED,0,FALSE,NONE,,,,,,未調査。不存在を意味しない。
M006,I032,NOT_RESEARCHED,0,FALSE,NONE,,,,,,未調査。不存在を意味しない。
M006,I033,NOT_RESEARCHED,0,FALSE,NONE,,,,,,未調査。不存在を意味しない。
M006,I034,MAPPED_INITIAL,2,FALSE,CATEGORY_LEVEL,,,,,,機械抽出。品目別調査と条件枝レビューは未完了。
M006,I035,NOT_RESEARCHED,0,FALSE,NONE,,,,,,未調査。不存在を意味しない。
M006,I036,NOT_RESEARCHED,0,FALSE,NONE,,,,,,未調査。不存在を意味しない。
M006,I037,MAPPED_INITIAL,1,FALSE,CATEGORY_LEVEL,,,,,,機械抽出。品目別調査と条件枝レビューは未完了。
M006,I038,MAPPED_INITIAL,1,FALSE,CATEGORY_LEVEL,,,,,,機械抽出。品目別調査と条件枝レビューは未完了。
M006,I039,NOT_RESEARCHED,0,FALSE,NONE,,,,,,未調査。不存在を意味しない。
M006,I040,NOT_RESEARCHED,0,FALSE,NONE,,,,,,未調査。不存在を意味しない。
M007,I001,NOT_RESEARCHED,0,FALSE,NONE,,,,,,未調査。不存在を意味しない。
M007,I002,NOT_RESEARCHED,0,FALSE,NONE,,,,,,未調査。不存在を意味しない。
M007,I003,NOT_RESEARCHED,0,FALSE,NONE,,,,,,未調査。不存在を意味しない。
M007,I004,NOT_RESEARCHED,0,FALSE,NONE,,,,,,未調査。不存在を意味しない。
M007,I005,NOT_RESEARCHED,0,FALSE,NONE,,,,,,未調査。不存在を意味しない。
M007,I006,NOT_RESEARCHED,0,FALSE,NONE,,,,,,未調査。不存在を意味しない。
M007,I007,NOT_RESEARCHED,0,FALSE,NONE,,,,,,未調査。不存在を意味しない。
M007,I008,NOT_RESEARCHED,0,FALSE,NONE,,,,,,未調査。不存在を意味しない。
M007,I009,NOT_RESEARCHED,0,FALSE,NONE,,,,,,未調査。不存在を意味しない。
M007,I010,MAPPED_INITIAL,1,FALSE,CATEGORY_LEVEL,,,,,,機械抽出。品目別調査と条件枝レビューは未完了。
M007,I011,MAPPED_INITIAL,1,FALSE,CATEGORY_LEVEL,,,,,,機械抽出。品目別調査と条件枝レビューは未完了。
M007,I012,NOT_RESEARCHED,0,FALSE,NONE,,,,,,未調査。不存在を意味しない。
M007,I013,NOT_RESEARCHED,0,FALSE,NONE,,,,,,未調査。不存在を意味しない。
M007,I014,NOT_RESEARCHED,0,FALSE,NONE,,,,,,未調査。不存在を意味しない。
M007,I015,NOT_RESEARCHED,0,FALSE,NONE,,,,,,未調査。不存在を意味しない。
M007,I016,NOT_RESEARCHED,0,FALSE,NONE,,,,,,未調査。不存在を意味しない。
M007,I017,NOT_RESEARCHED,0,FALSE,NONE,,,,,,未調査。不存在を意味しない。
M007,I018,MAPPED_INITIAL,1,FALSE,CATEGORY_LEVEL,,,,,,機械抽出。品目別調査と条件枝レビューは未完了。
M007,I019,NOT_RESEARCHED,0,FALSE,NONE,,,,,,未調査。不存在を意味しない。
M007,I020,NOT_RESEARCHED,0,FALSE,NONE,,,,,,未調査。不存在を意味しない。
M007,I021,NOT_RESEARCHED,0,FALSE,NONE,,,,,,未調査。不存在を意味しない。
M007,I022,NOT_RESEARCHED,0,FALSE,NONE,,,,,,未調査。不存在を意味しない。
M007,I023,MAPPED_INITIAL,1,FALSE,CATEGORY_LEVEL,,,,,,機械抽出。品目別調査と条件枝レビューは未完了。
M007,I024,NOT_RESEARCHED,0,FALSE,NONE,,,,,,未調査。不存在を意味しない。
M007,I025,NOT_RESEARCHED,0,FALSE,NONE,,,,,,未調査。不存在を意味しない。
M007,I026,NOT_RESEARCHED,0,FALSE,NONE,,,,,,未調査。不存在を意味しない。
M007,I027,MAPPED_INITIAL,1,FALSE,CATEGORY_LEVEL,,,,,,機械抽出。品目別調査と条件枝レビューは未完了。
M007,I028,NOT_RESEARCHED,0,FALSE,NONE,,,,,,未調査。不存在を意味しない。
M007,I029,NOT_RESEARCHED,0,FALSE,NONE,,,,,,未調査。不存在を意味しない。
M007,I030,MAPPED_INITIAL,1,FALSE,CATEGORY_LEVEL,,,,,,機械抽出。品目別調査と条件枝レビューは未完了。
M007,I031,NOT_RESEARCHED,0,FALSE,NONE,,,,,,未調査。不存在を意味しない。
M007,I032,MAPPED_INITIAL,1,FALSE,CATEGORY_LEVEL,,,,,,機械抽出。品目別調査と条件枝レビューは未完了。
M007,I033,NOT_RESEARCHED,0,FALSE,NONE,,,,,,未調査。不存在を意味しない。
M007,I034,MAPPED_INITIAL,2,FALSE,CATEGORY_LEVEL,,,,,,機械抽出。品目別調査と条件枝レビューは未完了。
M007,I035,NOT_RESEARCHED,0,FALSE,NONE,,,,,,未調査。不存在を意味しない。
M007,I036,MAPPED_INITIAL,1,FALSE,CATEGORY_LEVEL,,,,,,機械抽出。品目別調査と条件枝レビューは未完了。
M007,I037,MAPPED_INITIAL,1,FALSE,CATEGORY_LEVEL,,,,,,機械抽出。品目別調査と条件枝レビューは未完了。
M007,I038,MAPPED_INITIAL,1,FALSE,CATEGORY_LEVEL,,,,,,機械抽出。品目別調査と条件枝レビューは未完了。
M007,I039,MAPPED_INITIAL,1,FALSE,CATEGORY_LEVEL,,,,,,機械抽出。品目別調査と条件枝レビューは未完了。
M007,I040,NOT_RESEARCHED,0,FALSE,NONE,,,,,,未調査。不存在を意味しない。
M008,I001,NOT_RESEARCHED,0,FALSE,NONE,,,,,,未調査。不存在を意味しない。
M008,I002,NOT_RESEARCHED,0,FALSE,NONE,,,,,,未調査。不存在を意味しない。
M008,I003,NOT_RESEARCHED,0,FALSE,NONE,,,,,,未調査。不存在を意味しない。
M008,I004,NOT_RESEARCHED,0,FALSE,NONE,,,,,,未調査。不存在を意味しない。
M008,I005,MAPPED_INITIAL,1,FALSE,CATEGORY_LEVEL,,,,,,機械抽出。品目別調査と条件枝レビューは未完了。
M008,I006,MAPPED_INITIAL,1,FALSE,CATEGORY_LEVEL,,,,,,機械抽出。品目別調査と条件枝レビューは未完了。
M008,I007,NOT_RESEARCHED,0,FALSE,NONE,,,,,,未調査。不存在を意味しない。
M008,I008,NOT_RESEARCHED,0,FALSE,NONE,,,,,,未調査。不存在を意味しない。
M008,I009,NOT_RESEARCHED,0,FALSE,NONE,,,,,,未調査。不存在を意味しない。
M008,I010,NOT_RESEARCHED,0,FALSE,NONE,,,,,,未調査。不存在を意味しない。
M008,I011,NOT_RESEARCHED,0,FALSE,NONE,,,,,,未調査。不存在を意味しない。
M008,I012,NOT_RESEARCHED,0,FALSE,NONE,,,,,,未調査。不存在を意味しない。
M008,I013,NOT_RESEARCHED,0,FALSE,NONE,,,,,,未調査。不存在を意味しない。
M008,I014,NOT_RESEARCHED,0,FALSE,NONE,,,,,,未調査。不存在を意味しない。
M008,I015,NOT_RESEARCHED,0,FALSE,NONE,,,,,,未調査。不存在を意味しない。
M008,I016,NOT_RESEARCHED,0,FALSE,NONE,,,,,,未調査。不存在を意味しない。
M008,I017,NOT_RESEARCHED,0,FALSE,NONE,,,,,,未調査。不存在を意味しない。
M008,I018,MAPPED_INITIAL,1,FALSE,CATEGORY_LEVEL,,,,,,機械抽出。品目別調査と条件枝レビューは未完了。
M008,I019,NOT_RESEARCHED,0,FALSE,NONE,,,,,,未調査。不存在を意味しない。
M008,I020,NOT_RESEARCHED,0,FALSE,NONE,,,,,,未調査。不存在を意味しない。
M008,I021,MAPPED_INITIAL,1,FALSE,CATEGORY_LEVEL,,,,,,機械抽出。品目別調査と条件枝レビューは未完了。
M008,I022,NOT_RESEARCHED,0,FALSE,NONE,,,,,,未調査。不存在を意味しない。
M008,I023,MAPPED_INITIAL,1,FALSE,CATEGORY_LEVEL,,,,,,機械抽出。品目別調査と条件枝レビューは未完了。
M008,I024,NOT_RESEARCHED,0,FALSE,NONE,,,,,,未調査。不存在を意味しない。
M008,I025,NOT_RESEARCHED,0,FALSE,NONE,,,,,,未調査。不存在を意味しない。
M008,I026,NOT_RESEARCHED,0,FALSE,NONE,,,,,,未調査。不存在を意味しない。
M008,I027,MAPPED_INITIAL,1,FALSE,CATEGORY_LEVEL,,,,,,機械抽出。品目別調査と条件枝レビューは未完了。
M008,I028,NOT_RESEARCHED,0,FALSE,NONE,,,,,,未調査。不存在を意味しない。
M008,I029,NOT_RESEARCHED,0,FALSE,NONE,,,,,,未調査。不存在を意味しない。
M008,I030,MAPPED_INITIAL,1,FALSE,CATEGORY_LEVEL,,,,,,機械抽出。品目別調査と条件枝レビューは未完了。
M008,I031,NOT_RESEARCHED,0,FALSE,NONE,,,,,,未調査。不存在を意味しない。
M008,I032,NOT_RESEARCHED,0,FALSE,NONE,,,,,,未調査。不存在を意味しない。
M008,I033,NOT_RESEARCHED,0,FALSE,NONE,,,,,,未調査。不存在を意味しない。
M008,I034,MAPPED_INITIAL,1,FALSE,CATEGORY_LEVEL,,,,,,機械抽出。品目別調査と条件枝レビューは未完了。
M008,I035,NOT_RESEARCHED,0,FALSE,NONE,,,,,,未調査。不存在を意味しない。
M008,I036,NOT_RESEARCHED,0,FALSE,NONE,,,,,,未調査。不存在を意味しない。
M008,I037,MAPPED_INITIAL,1,FALSE,CATEGORY_LEVEL,,,,,,機械抽出。品目別調査と条件枝レビューは未完了。
M008,I038,MAPPED_INITIAL,1,FALSE,CATEGORY_LEVEL,,,,,,機械抽出。品目別調査と条件枝レビューは未完了。
M008,I039,NOT_RESEARCHED,0,FALSE,NONE,,,,,,未調査。不存在を意味しない。
M008,I040,NOT_RESEARCHED,0,FALSE,NONE,,,,,,未調査。不存在を意味しない。
M009,I001,MAPPED_INITIAL,1,FALSE,CATEGORY_LEVEL,,,,,,機械抽出。品目別調査と条件枝レビューは未完了。
M009,I002,NOT_RESEARCHED,0,FALSE,NONE,,,,,,未調査。不存在を意味しない。
M009,I003,NOT_RESEARCHED,0,FALSE,NONE,,,,,,未調査。不存在を意味しない。
M009,I004,NOT_RESEARCHED,0,FALSE,NONE,,,,,,未調査。不存在を意味しない。
M009,I005,MAPPED_INITIAL,1,FALSE,CATEGORY_LEVEL,,,,,,機械抽出。品目別調査と条件枝レビューは未完了。
M009,I006,MAPPED_INITIAL,1,FALSE,CATEGORY_LEVEL,,,,,,機械抽出。品目別調査と条件枝レビューは未完了。
M009,I007,NOT_RESEARCHED,0,FALSE,NONE,,,,,,未調査。不存在を意味しない。
M009,I008,NOT_RESEARCHED,0,FALSE,NONE,,,,,,未調査。不存在を意味しない。
M009,I009,NOT_RESEARCHED,0,FALSE,NONE,,,,,,未調査。不存在を意味しない。
M009,I010,NOT_RESEARCHED,0,FALSE,NONE,,,,,,未調査。不存在を意味しない。
M009,I011,NOT_RESEARCHED,0,FALSE,NONE,,,,,,未調査。不存在を意味しない。
M009,I012,NOT_RESEARCHED,0,FALSE,NONE,,,,,,未調査。不存在を意味しない。
M009,I013,NOT_RESEARCHED,0,FALSE,NONE,,,,,,未調査。不存在を意味しない。
M009,I014,NOT_RESEARCHED,0,FALSE,NONE,,,,,,未調査。不存在を意味しない。
M009,I015,NOT_RESEARCHED,0,FALSE,NONE,,,,,,未調査。不存在を意味しない。
M009,I016,NOT_RESEARCHED,0,FALSE,NONE,,,,,,未調査。不存在を意味しない。
M009,I017,NOT_RESEARCHED,0,FALSE,NONE,,,,,,未調査。不存在を意味しない。
M009,I018,MAPPED_INITIAL,1,FALSE,CATEGORY_LEVEL,,,,,,機械抽出。品目別調査と条件枝レビューは未完了。
M009,I019,NOT_RESEARCHED,0,FALSE,NONE,,,,,,未調査。不存在を意味しない。
M009,I020,NOT_RESEARCHED,0,FALSE,NONE,,,,,,未調査。不存在を意味しない。
M009,I021,MAPPED_INITIAL,1,FALSE,CATEGORY_LEVEL,,,,,,機械抽出。品目別調査と条件枝レビューは未完了。
M009,I022,NOT_RESEARCHED,0,FALSE,NONE,,,,,,未調査。不存在を意味しない。
M009,I023,MAPPED_INITIAL,1,FALSE,CATEGORY_LEVEL,,,,,,機械抽出。品目別調査と条件枝レビューは未完了。
M009,I024,NOT_RESEARCHED,0,FALSE,NONE,,,,,,未調査。不存在を意味しない。
M009,I025,NOT_RESEARCHED,0,FALSE,NONE,,,,,,未調査。不存在を意味しない。
M009,I026,NOT_RESEARCHED,0,FALSE,NONE,,,,,,未調査。不存在を意味しない。
M009,I027,MAPPED_INITIAL,1,FALSE,CATEGORY_LEVEL,,,,,,機械抽出。品目別調査と条件枝レビューは未完了。
M009,I028,NOT_RESEARCHED,0,FALSE,NONE,,,,,,未調査。不存在を意味しない。
M009,I029,NOT_RESEARCHED,0,FALSE,NONE,,,,,,未調査。不存在を意味しない。
M009,I030,MAPPED_INITIAL,1,FALSE,CATEGORY_LEVEL,,,,,,機械抽出。品目別調査と条件枝レビューは未完了。
M009,I031,NOT_RESEARCHED,0,FALSE,NONE,,,,,,未調査。不存在を意味しない。
M009,I032,MAPPED_INITIAL,1,FALSE,CATEGORY_LEVEL,,,,,,機械抽出。品目別調査と条件枝レビューは未完了。
M009,I033,NOT_RESEARCHED,0,FALSE,NONE,,,,,,未調査。不存在を意味しない。
M009,I034,MAPPED_INITIAL,1,FALSE,CATEGORY_LEVEL,,,,,,機械抽出。品目別調査と条件枝レビューは未完了。
M009,I035,NOT_RESEARCHED,0,FALSE,NONE,,,,,,未調査。不存在を意味しない。
M009,I036,NOT_RESEARCHED,0,FALSE,NONE,,,,,,未調査。不存在を意味しない。
M009,I037,MAPPED_INITIAL,2,FALSE,CATEGORY_LEVEL,,,,,,機械抽出。品目別調査と条件枝レビューは未完了。
M009,I038,NOT_RESEARCHED,0,FALSE,NONE,,,,,,未調査。不存在を意味しない。
M009,I039,NOT_RESEARCHED,0,FALSE,NONE,,,,,,未調査。不存在を意味しない。
M009,I040,NOT_RESEARCHED,0,FALSE,NONE,,,,,,未調査。不存在を意味しない。
M010,I001,MAPPED_INITIAL,1,FALSE,CATEGORY_LEVEL,,,,,,機械抽出。品目別調査と条件枝レビューは未完了。
M010,I002,NOT_RESEARCHED,0,FALSE,NONE,,,,,,未調査。不存在を意味しない。
M010,I003,NOT_RESEARCHED,0,FALSE,NONE,,,,,,未調査。不存在を意味しない。
M010,I004,NOT_RESEARCHED,0,FALSE,NONE,,,,,,未調査。不存在を意味しない。
M010,I005,NOT_RESEARCHED,0,FALSE,NONE,,,,,,未調査。不存在を意味しない。
M010,I006,MAPPED_INITIAL,1,FALSE,CATEGORY_LEVEL,,,,,,機械抽出。品目別調査と条件枝レビューは未完了。
M010,I007,MAPPED_INITIAL,1,FALSE,CATEGORY_LEVEL,,,,,,機械抽出。品目別調査と条件枝レビューは未完了。
M010,I008,NOT_RESEARCHED,0,FALSE,NONE,,,,,,未調査。不存在を意味しない。
M010,I009,NOT_RESEARCHED,0,FALSE,NONE,,,,,,未調査。不存在を意味しない。
M010,I010,NOT_RESEARCHED,0,FALSE,NONE,,,,,,未調査。不存在を意味しない。
M010,I011,NOT_RESEARCHED,0,FALSE,NONE,,,,,,未調査。不存在を意味しない。
M010,I012,NOT_RESEARCHED,0,FALSE,NONE,,,,,,未調査。不存在を意味しない。
M010,I013,MAPPED_INITIAL,1,FALSE,CATEGORY_LEVEL,,,,,,機械抽出。品目別調査と条件枝レビューは未完了。
M010,I014,MAPPED_INITIAL,1,FALSE,CATEGORY_LEVEL,,,,,,機械抽出。品目別調査と条件枝レビューは未完了。
M010,I015,MAPPED_INITIAL,1,FALSE,CATEGORY_LEVEL,,,,,,機械抽出。品目別調査と条件枝レビューは未完了。
M010,I016,NOT_RESEARCHED,0,FALSE,NONE,,,,,,未調査。不存在を意味しない。
M010,I017,MAPPED_INITIAL,1,FALSE,CATEGORY_LEVEL,,,,,,機械抽出。品目別調査と条件枝レビューは未完了。
M010,I018,MAPPED_INITIAL,1,FALSE,CATEGORY_LEVEL,,,,,,機械抽出。品目別調査と条件枝レビューは未完了。
M010,I019,NOT_RESEARCHED,0,FALSE,NONE,,,,,,未調査。不存在を意味しない。
M010,I020,NOT_RESEARCHED,0,FALSE,NONE,,,,,,未調査。不存在を意味しない。
M010,I021,MAPPED_INITIAL,1,FALSE,CATEGORY_LEVEL,,,,,,機械抽出。品目別調査と条件枝レビューは未完了。
M010,I022,NOT_RESEARCHED,0,FALSE,NONE,,,,,,未調査。不存在を意味しない。
M010,I023,MAPPED_INITIAL,1,FALSE,CATEGORY_LEVEL,,,,,,機械抽出。品目別調査と条件枝レビューは未完了。
M010,I024,NOT_RESEARCHED,0,FALSE,NONE,,,,,,未調査。不存在を意味しない。
M010,I025,NOT_RESEARCHED,0,FALSE,NONE,,,,,,未調査。不存在を意味しない。
M010,I026,MAPPED_INITIAL,1,FALSE,CATEGORY_LEVEL,,,,,,機械抽出。品目別調査と条件枝レビューは未完了。
M010,I027,MAPPED_INITIAL,1,FALSE,CATEGORY_LEVEL,,,,,,機械抽出。品目別調査と条件枝レビューは未完了。
M010,I028,MAPPED_INITIAL,1,FALSE,CATEGORY_LEVEL,,,,,,機械抽出。品目別調査と条件枝レビューは未完了。
M010,I029,MAPPED_INITIAL,1,FALSE,CATEGORY_LEVEL,,,,,,機械抽出。品目別調査と条件枝レビューは未完了。
M010,I030,MAPPED_INITIAL,1,FALSE,CATEGORY_LEVEL,,,,,,機械抽出。品目別調査と条件枝レビューは未完了。
M010,I031,MAPPED_INITIAL,1,FALSE,CATEGORY_LEVEL,,,,,,機械抽出。品目別調査と条件枝レビューは未完了。
M010,I032,MAPPED_INITIAL,1,FALSE,CATEGORY_LEVEL,,,,,,機械抽出。品目別調査と条件枝レビューは未完了。
M010,I033,MAPPED_INITIAL,1,FALSE,CATEGORY_LEVEL,,,,,,機械抽出。品目別調査と条件枝レビューは未完了。
M010,I034,NOT_RESEARCHED,0,FALSE,NONE,,,,,,未調査。不存在を意味しない。
M010,I035,NOT_RESEARCHED,0,FALSE,NONE,,,,,,未調査。不存在を意味しない。
M010,I036,NOT_RESEARCHED,0,FALSE,NONE,,,,,,未調査。不存在を意味しない。
M010,I037,MAPPED_INITIAL,1,FALSE,CATEGORY_LEVEL,,,,,,機械抽出。品目別調査と条件枝レビューは未完了。
M010,I038,MAPPED_INITIAL,1,FALSE,CATEGORY_LEVEL,,,,,,機械抽出。品目別調査と条件枝レビューは未完了。
M010,I039,NOT_RESEARCHED,0,FALSE,NONE,,,,,,未調査。不存在を意味しない。
M010,I040,NOT_RESEARCHED,0,FALSE,NONE,,,,,,未調査。不存在を意味しない。
M011,I001,MAPPED_INITIAL,1,FALSE,CATEGORY_LEVEL,,,,,,機械抽出。品目別調査と条件枝レビューは未完了。
M011,I002,NOT_RESEARCHED,0,FALSE,NONE,,,,,,未調査。不存在を意味しない。
M011,I003,NOT_RESEARCHED,0,FALSE,NONE,,,,,,未調査。不存在を意味しない。
M011,I004,MAPPED_INITIAL,1,FALSE,CATEGORY_LEVEL,,,,,,機械抽出。品目別調査と条件枝レビューは未完了。
M011,I005,MAPPED_INITIAL,1,FALSE,CATEGORY_LEVEL,,,,,,機械抽出。品目別調査と条件枝レビューは未完了。
M011,I006,MAPPED_INITIAL,3,FALSE,CATEGORY_LEVEL,,,,,,機械抽出。品目別調査と条件枝レビューは未完了。
M011,I007,MAPPED_INITIAL,1,FALSE,CATEGORY_LEVEL,,,,,,機械抽出。品目別調査と条件枝レビューは未完了。
M011,I008,NOT_RESEARCHED,0,FALSE,NONE,,,,,,未調査。不存在を意味しない。
M011,I009,NOT_RESEARCHED,0,FALSE,NONE,,,,,,未調査。不存在を意味しない。
M011,I010,NOT_RESEARCHED,0,FALSE,NONE,,,,,,未調査。不存在を意味しない。
M011,I011,NOT_RESEARCHED,0,FALSE,NONE,,,,,,未調査。不存在を意味しない。
M011,I012,NOT_RESEARCHED,0,FALSE,NONE,,,,,,未調査。不存在を意味しない。
M011,I013,MAPPED_INITIAL,1,FALSE,CATEGORY_LEVEL,,,,,,機械抽出。品目別調査と条件枝レビューは未完了。
M011,I014,MAPPED_INITIAL,1,FALSE,CATEGORY_LEVEL,,,,,,機械抽出。品目別調査と条件枝レビューは未完了。
M011,I015,MAPPED_INITIAL,1,FALSE,CATEGORY_LEVEL,,,,,,機械抽出。品目別調査と条件枝レビューは未完了。
M011,I016,NOT_RESEARCHED,0,FALSE,NONE,,,,,,未調査。不存在を意味しない。
M011,I017,MAPPED_INITIAL,1,FALSE,CATEGORY_LEVEL,,,,,,機械抽出。品目別調査と条件枝レビューは未完了。
M011,I018,MAPPED_INITIAL,1,FALSE,CATEGORY_LEVEL,,,,,,機械抽出。品目別調査と条件枝レビューは未完了。
M011,I019,NOT_RESEARCHED,0,FALSE,NONE,,,,,,未調査。不存在を意味しない。
M011,I020,NOT_RESEARCHED,0,FALSE,NONE,,,,,,未調査。不存在を意味しない。
M011,I021,NOT_RESEARCHED,0,FALSE,NONE,,,,,,未調査。不存在を意味しない。
M011,I022,MAPPED_INITIAL,1,FALSE,CATEGORY_LEVEL,,,,,,機械抽出。品目別調査と条件枝レビューは未完了。
M011,I023,NOT_RESEARCHED,0,FALSE,NONE,,,,,,未調査。不存在を意味しない。
M011,I024,MAPPED_INITIAL,1,FALSE,CATEGORY_LEVEL,,,,,,機械抽出。品目別調査と条件枝レビューは未完了。
M011,I025,NOT_RESEARCHED,0,FALSE,NONE,,,,,,未調査。不存在を意味しない。
M011,I026,NOT_RESEARCHED,0,FALSE,NONE,,,,,,未調査。不存在を意味しない。
M011,I027,MAPPED_INITIAL,1,FALSE,CATEGORY_LEVEL,,,,,,機械抽出。品目別調査と条件枝レビューは未完了。
M011,I028,NOT_RESEARCHED,0,FALSE,NONE,,,,,,未調査。不存在を意味しない。
M011,I029,NOT_RESEARCHED,0,FALSE,NONE,,,,,,未調査。不存在を意味しない。
M011,I030,MAPPED_INITIAL,1,FALSE,CATEGORY_LEVEL,,,,,,機械抽出。品目別調査と条件枝レビューは未完了。
M011,I031,MAPPED_INITIAL,1,FALSE,CATEGORY_LEVEL,,,,,,機械抽出。品目別調査と条件枝レビューは未完了。
M011,I032,MAPPED_INITIAL,1,FALSE,CATEGORY_LEVEL,,,,,,機械抽出。品目別調査と条件枝レビューは未完了。
M011,I033,MAPPED_INITIAL,1,FALSE,CATEGORY_LEVEL,,,,,,機械抽出。品目別調査と条件枝レビューは未完了。
M011,I034,MAPPED_INITIAL,1,FALSE,CATEGORY_LEVEL,,,,,,機械抽出。品目別調査と条件枝レビューは未完了。
M011,I035,NOT_RESEARCHED,0,FALSE,NONE,,,,,,未調査。不存在を意味しない。
M011,I036,MAPPED_INITIAL,1,FALSE,CATEGORY_LEVEL,,,,,,機械抽出。品目別調査と条件枝レビューは未完了。
M011,I037,MAPPED_INITIAL,1,FALSE,CATEGORY_LEVEL,,,,,,機械抽出。品目別調査と条件枝レビューは未完了。
M011,I038,MAPPED_INITIAL,1,FALSE,CATEGORY_LEVEL,,,,,,機械抽出。品目別調査と条件枝レビューは未完了。
M011,I039,NOT_RESEARCHED,0,FALSE,NONE,,,,,,未調査。不存在を意味しない。
M011,I040,MAPPED_INITIAL,2,FALSE,CATEGORY_LEVEL,,,,,,機械抽出。品目別調査と条件枝レビューは未完了。
M012,I001,MAPPED_INITIAL,1,FALSE,CATEGORY_LEVEL,,,,,,機械抽出。品目別調査と条件枝レビューは未完了。
M012,I002,NOT_RESEARCHED,0,FALSE,NONE,,,,,,未調査。不存在を意味しない。
M012,I003,NOT_RESEARCHED,0,FALSE,NONE,,,,,,未調査。不存在を意味しない。
M012,I004,MAPPED_INITIAL,1,FALSE,CATEGORY_LEVEL,,,,,,機械抽出。品目別調査と条件枝レビューは未完了。
M012,I005,MAPPED_INITIAL,1,FALSE,CATEGORY_LEVEL,,,,,,機械抽出。品目別調査と条件枝レビューは未完了。
M012,I006,MAPPED_INITIAL,1,FALSE,CATEGORY_LEVEL,,,,,,機械抽出。品目別調査と条件枝レビューは未完了。
M012,I007,NOT_RESEARCHED,0,FALSE,NONE,,,,,,未調査。不存在を意味しない。
M012,I008,NOT_RESEARCHED,0,FALSE,NONE,,,,,,未調査。不存在を意味しない。
M012,I009,NOT_RESEARCHED,0,FALSE,NONE,,,,,,未調査。不存在を意味しない。
M012,I010,NOT_RESEARCHED,0,FALSE,NONE,,,,,,未調査。不存在を意味しない。
M012,I011,NOT_RESEARCHED,0,FALSE,NONE,,,,,,未調査。不存在を意味しない。
M012,I012,MAPPED_INITIAL,1,FALSE,CATEGORY_LEVEL,,,,,,機械抽出。品目別調査と条件枝レビューは未完了。
M012,I013,MAPPED_INITIAL,1,FALSE,CATEGORY_LEVEL,,,,,,機械抽出。品目別調査と条件枝レビューは未完了。
M012,I014,MAPPED_INITIAL,1,FALSE,CATEGORY_LEVEL,,,,,,機械抽出。品目別調査と条件枝レビューは未完了。
M012,I015,MAPPED_INITIAL,1,FALSE,CATEGORY_LEVEL,,,,,,機械抽出。品目別調査と条件枝レビューは未完了。
M012,I016,NOT_RESEARCHED,0,FALSE,NONE,,,,,,未調査。不存在を意味しない。
M012,I017,MAPPED_INITIAL,1,FALSE,CATEGORY_LEVEL,,,,,,機械抽出。品目別調査と条件枝レビューは未完了。
M012,I018,MAPPED_INITIAL,1,FALSE,CATEGORY_LEVEL,,,,,,機械抽出。品目別調査と条件枝レビューは未完了。
M012,I019,NOT_RESEARCHED,0,FALSE,NONE,,,,,,未調査。不存在を意味しない。
M012,I020,NOT_RESEARCHED,0,FALSE,NONE,,,,,,未調査。不存在を意味しない。
M012,I021,MAPPED_INITIAL,1,FALSE,CATEGORY_LEVEL,,,,,,機械抽出。品目別調査と条件枝レビューは未完了。
M012,I022,NOT_RESEARCHED,0,FALSE,NONE,,,,,,未調査。不存在を意味しない。
M012,I023,MAPPED_INITIAL,1,FALSE,CATEGORY_LEVEL,,,,,,機械抽出。品目別調査と条件枝レビューは未完了。
M012,I024,NOT_RESEARCHED,0,FALSE,NONE,,,,,,未調査。不存在を意味しない。
M012,I025,NOT_RESEARCHED,0,FALSE,NONE,,,,,,未調査。不存在を意味しない。
M012,I026,NOT_RESEARCHED,0,FALSE,NONE,,,,,,未調査。不存在を意味しない。
M012,I027,MAPPED_INITIAL,1,FALSE,CATEGORY_LEVEL,,,,,,機械抽出。品目別調査と条件枝レビューは未完了。
M012,I028,MAPPED_INITIAL,1,FALSE,CATEGORY_LEVEL,,,,,,機械抽出。品目別調査と条件枝レビューは未完了。
M012,I029,MAPPED_INITIAL,1,FALSE,CATEGORY_LEVEL,,,,,,機械抽出。品目別調査と条件枝レビューは未完了。
M012,I030,MAPPED_INITIAL,1,FALSE,CATEGORY_LEVEL,,,,,,機械抽出。品目別調査と条件枝レビューは未完了。
M012,I031,NOT_RESEARCHED,0,FALSE,NONE,,,,,,未調査。不存在を意味しない。
M012,I032,MAPPED_INITIAL,1,FALSE,CATEGORY_LEVEL,,,,,,機械抽出。品目別調査と条件枝レビューは未完了。
M012,I033,MAPPED_INITIAL,1,FALSE,CATEGORY_LEVEL,,,,,,機械抽出。品目別調査と条件枝レビューは未完了。
M012,I034,MAPPED_INITIAL,1,FALSE,CATEGORY_LEVEL,,,,,,機械抽出。品目別調査と条件枝レビューは未完了。
M012,I035,NOT_RESEARCHED,0,FALSE,NONE,,,,,,未調査。不存在を意味しない。
M012,I036,NOT_RESEARCHED,0,FALSE,NONE,,,,,,未調査。不存在を意味しない。
M012,I037,MAPPED_INITIAL,1,FALSE,CATEGORY_LEVEL,,,,,,機械抽出。品目別調査と条件枝レビューは未完了。
M012,I038,MAPPED_INITIAL,1,FALSE,CATEGORY_LEVEL,,,,,,機械抽出。品目別調査と条件枝レビューは未完了。
M012,I039,NOT_RESEARCHED,0,FALSE,NONE,,,,,,未調査。不存在を意味しない。
M012,I040,NOT_RESEARCHED,0,FALSE,NONE,,,,,,未調査。不存在を意味しない。
M013,I001,MAPPED_INITIAL,1,FALSE,CATEGORY_LEVEL,,,,,,機械抽出。品目別調査と条件枝レビューは未完了。
M013,I002,NOT_RESEARCHED,0,FALSE,NONE,,,,,,未調査。不存在を意味しない。
M013,I003,NOT_RESEARCHED,0,FALSE,NONE,,,,,,未調査。不存在を意味しない。
M013,I004,NOT_RESEARCHED,0,FALSE,NONE,,,,,,未調査。不存在を意味しない。
M013,I005,NOT_RESEARCHED,0,FALSE,NONE,,,,,,未調査。不存在を意味しない。
M013,I006,MAPPED_INITIAL,1,FALSE,CATEGORY_LEVEL,,,,,,機械抽出。品目別調査と条件枝レビューは未完了。
M013,I007,NOT_RESEARCHED,0,FALSE,NONE,,,,,,未調査。不存在を意味しない。
M013,I008,NOT_RESEARCHED,0,FALSE,NONE,,,,,,未調査。不存在を意味しない。
M013,I009,NOT_RESEARCHED,0,FALSE,NONE,,,,,,未調査。不存在を意味しない。
M013,I010,NOT_RESEARCHED,0,FALSE,NONE,,,,,,未調査。不存在を意味しない。
M013,I011,NOT_RESEARCHED,0,FALSE,NONE,,,,,,未調査。不存在を意味しない。
M013,I012,NOT_RESEARCHED,0,FALSE,NONE,,,,,,未調査。不存在を意味しない。
M013,I013,NOT_RESEARCHED,0,FALSE,NONE,,,,,,未調査。不存在を意味しない。
M013,I014,NOT_RESEARCHED,0,FALSE,NONE,,,,,,未調査。不存在を意味しない。
M013,I015,NOT_RESEARCHED,0,FALSE,NONE,,,,,,未調査。不存在を意味しない。
M013,I016,NOT_RESEARCHED,0,FALSE,NONE,,,,,,未調査。不存在を意味しない。
M013,I017,NOT_RESEARCHED,0,FALSE,NONE,,,,,,未調査。不存在を意味しない。
M013,I018,MAPPED_INITIAL,1,FALSE,CATEGORY_LEVEL,,,,,,機械抽出。品目別調査と条件枝レビューは未完了。
M013,I019,NOT_RESEARCHED,0,FALSE,NONE,,,,,,未調査。不存在を意味しない。
M013,I020,MAPPED_INITIAL,1,FALSE,CATEGORY_LEVEL,,,,,,機械抽出。品目別調査と条件枝レビューは未完了。
M013,I021,MAPPED_INITIAL,2,FALSE,CATEGORY_LEVEL,,,,,,機械抽出。品目別調査と条件枝レビューは未完了。
M013,I022,MAPPED_INITIAL,1,FALSE,CATEGORY_LEVEL,,,,,,機械抽出。品目別調査と条件枝レビューは未完了。
M013,I023,MAPPED_INITIAL,1,FALSE,CATEGORY_LEVEL,,,,,,機械抽出。品目別調査と条件枝レビューは未完了。
M013,I024,NOT_RESEARCHED,0,FALSE,NONE,,,,,,未調査。不存在を意味しない。
M013,I025,NOT_RESEARCHED,0,FALSE,NONE,,,,,,未調査。不存在を意味しない。
M013,I026,NOT_RESEARCHED,0,FALSE,NONE,,,,,,未調査。不存在を意味しない。
M013,I027,NOT_RESEARCHED,0,FALSE,NONE,,,,,,未調査。不存在を意味しない。
M013,I028,NOT_RESEARCHED,0,FALSE,NONE,,,,,,未調査。不存在を意味しない。
M013,I029,NOT_RESEARCHED,0,FALSE,NONE,,,,,,未調査。不存在を意味しない。
M013,I030,NOT_RESEARCHED,0,FALSE,NONE,,,,,,未調査。不存在を意味しない。
M013,I031,NOT_RESEARCHED,0,FALSE,NONE,,,,,,未調査。不存在を意味しない。
M013,I032,NOT_RESEARCHED,0,FALSE,NONE,,,,,,未調査。不存在を意味しない。
M013,I033,NOT_RESEARCHED,0,FALSE,NONE,,,,,,未調査。不存在を意味しない。
M013,I034,MAPPED_INITIAL,2,FALSE,CATEGORY_LEVEL,,,,,,機械抽出。品目別調査と条件枝レビューは未完了。
M013,I035,NOT_RESEARCHED,0,FALSE,NONE,,,,,,未調査。不存在を意味しない。
M013,I036,MAPPED_INITIAL,1,FALSE,CATEGORY_LEVEL,,,,,,機械抽出。品目別調査と条件枝レビューは未完了。
M013,I037,MAPPED_INITIAL,1,FALSE,CATEGORY_LEVEL,,,,,,機械抽出。品目別調査と条件枝レビューは未完了。
M013,I038,MAPPED_INITIAL,1,FALSE,CATEGORY_LEVEL,,,,,,機械抽出。品目別調査と条件枝レビューは未完了。
M013,I039,NOT_RESEARCHED,0,FALSE,NONE,,,,,,未調査。不存在を意味しない。
M013,I040,NOT_RESEARCHED,0,FALSE,NONE,,,,,,未調査。不存在を意味しない。
M014,I001,MAPPED_INITIAL,1,FALSE,CATEGORY_LEVEL,,,,,,機械抽出。品目別調査と条件枝レビューは未完了。
M014,I002,NOT_RESEARCHED,0,FALSE,NONE,,,,,,未調査。不存在を意味しない。
M014,I003,NOT_RESEARCHED,0,FALSE,NONE,,,,,,未調査。不存在を意味しない。
M014,I004,NOT_RESEARCHED,0,FALSE,NONE,,,,,,未調査。不存在を意味しない。
M014,I005,NOT_RESEARCHED,0,FALSE,NONE,,,,,,未調査。不存在を意味しない。
M014,I006,MAPPED_INITIAL,1,FALSE,CATEGORY_LEVEL,,,,,,機械抽出。品目別調査と条件枝レビューは未完了。
M014,I007,NOT_RESEARCHED,0,FALSE,NONE,,,,,,未調査。不存在を意味しない。
M014,I008,NOT_RESEARCHED,0,FALSE,NONE,,,,,,未調査。不存在を意味しない。
M014,I009,NOT_RESEARCHED,0,FALSE,NONE,,,,,,未調査。不存在を意味しない。
M014,I010,NOT_RESEARCHED,0,FALSE,NONE,,,,,,未調査。不存在を意味しない。
M014,I011,NOT_RESEARCHED,0,FALSE,NONE,,,,,,未調査。不存在を意味しない。
M014,I012,NOT_RESEARCHED,0,FALSE,NONE,,,,,,未調査。不存在を意味しない。
M014,I013,NOT_RESEARCHED,0,FALSE,NONE,,,,,,未調査。不存在を意味しない。
M014,I014,NOT_RESEARCHED,0,FALSE,NONE,,,,,,未調査。不存在を意味しない。
M014,I015,NOT_RESEARCHED,0,FALSE,NONE,,,,,,未調査。不存在を意味しない。
M014,I016,NOT_RESEARCHED,0,FALSE,NONE,,,,,,未調査。不存在を意味しない。
M014,I017,NOT_RESEARCHED,0,FALSE,NONE,,,,,,未調査。不存在を意味しない。
M014,I018,MAPPED_INITIAL,1,FALSE,CATEGORY_LEVEL,,,,,,機械抽出。品目別調査と条件枝レビューは未完了。
M014,I019,NOT_RESEARCHED,0,FALSE,NONE,,,,,,未調査。不存在を意味しない。
M014,I020,NOT_RESEARCHED,0,FALSE,NONE,,,,,,未調査。不存在を意味しない。
M014,I021,MAPPED_INITIAL,1,FALSE,CATEGORY_LEVEL,,,,,,機械抽出。品目別調査と条件枝レビューは未完了。
M014,I022,NOT_RESEARCHED,0,FALSE,NONE,,,,,,未調査。不存在を意味しない。
M014,I023,MAPPED_INITIAL,1,FALSE,CATEGORY_LEVEL,,,,,,機械抽出。品目別調査と条件枝レビューは未完了。
M014,I024,NOT_RESEARCHED,0,FALSE,NONE,,,,,,未調査。不存在を意味しない。
M014,I025,NOT_RESEARCHED,0,FALSE,NONE,,,,,,未調査。不存在を意味しない。
M014,I026,NOT_RESEARCHED,0,FALSE,NONE,,,,,,未調査。不存在を意味しない。
M014,I027,MAPPED_INITIAL,1,FALSE,CATEGORY_LEVEL,,,,,,機械抽出。品目別調査と条件枝レビューは未完了。
M014,I028,NOT_RESEARCHED,0,FALSE,NONE,,,,,,未調査。不存在を意味しない。
M014,I029,NOT_RESEARCHED,0,FALSE,NONE,,,,,,未調査。不存在を意味しない。
M014,I030,NOT_RESEARCHED,0,FALSE,NONE,,,,,,未調査。不存在を意味しない。
M014,I031,NOT_RESEARCHED,0,FALSE,NONE,,,,,,未調査。不存在を意味しない。
M014,I032,NOT_RESEARCHED,0,FALSE,NONE,,,,,,未調査。不存在を意味しない。
M014,I033,NOT_RESEARCHED,0,FALSE,NONE,,,,,,未調査。不存在を意味しない。
M014,I034,MAPPED_INITIAL,1,FALSE,CATEGORY_LEVEL,,,,,,機械抽出。品目別調査と条件枝レビューは未完了。
M014,I035,NOT_RESEARCHED,0,FALSE,NONE,,,,,,未調査。不存在を意味しない。
M014,I036,NOT_RESEARCHED,0,FALSE,NONE,,,,,,未調査。不存在を意味しない。
M014,I037,MAPPED_INITIAL,1,FALSE,CATEGORY_LEVEL,,,,,,機械抽出。品目別調査と条件枝レビューは未完了。
M014,I038,MAPPED_INITIAL,1,FALSE,CATEGORY_LEVEL,,,,,,機械抽出。品目別調査と条件枝レビューは未完了。
M014,I039,MAPPED_INITIAL,1,FALSE,CATEGORY_LEVEL,,,,,,機械抽出。品目別調査と条件枝レビューは未完了。
M014,I040,NOT_RESEARCHED,0,FALSE,NONE,,,,,,未調査。不存在を意味しない。
M015,I001,MAPPED_INITIAL,1,FALSE,CATEGORY_LEVEL,,,,,,機械抽出。品目別調査と条件枝レビューは未完了。
M015,I002,NOT_RESEARCHED,0,FALSE,NONE,,,,,,未調査。不存在を意味しない。
M015,I003,NOT_RESEARCHED,0,FALSE,NONE,,,,,,未調査。不存在を意味しない。
M015,I004,NOT_RESEARCHED,0,FALSE,NONE,,,,,,未調査。不存在を意味しない。
M015,I005,NOT_RESEARCHED,0,FALSE,NONE,,,,,,未調査。不存在を意味しない。
M015,I006,MAPPED_INITIAL,1,FALSE,CATEGORY_LEVEL,,,,,,機械抽出。品目別調査と条件枝レビューは未完了。
M015,I007,NOT_RESEARCHED,0,FALSE,NONE,,,,,,未調査。不存在を意味しない。
M015,I008,NOT_RESEARCHED,0,FALSE,NONE,,,,,,未調査。不存在を意味しない。
M015,I009,NOT_RESEARCHED,0,FALSE,NONE,,,,,,未調査。不存在を意味しない。
M015,I010,NOT_RESEARCHED,0,FALSE,NONE,,,,,,未調査。不存在を意味しない。
M015,I011,NOT_RESEARCHED,0,FALSE,NONE,,,,,,未調査。不存在を意味しない。
M015,I012,NOT_RESEARCHED,0,FALSE,NONE,,,,,,未調査。不存在を意味しない。
M015,I013,MAPPED_INITIAL,1,FALSE,CATEGORY_LEVEL,,,,,,機械抽出。品目別調査と条件枝レビューは未完了。
M015,I014,MAPPED_INITIAL,1,FALSE,CATEGORY_LEVEL,,,,,,機械抽出。品目別調査と条件枝レビューは未完了。
M015,I015,MAPPED_INITIAL,1,FALSE,CATEGORY_LEVEL,,,,,,機械抽出。品目別調査と条件枝レビューは未完了。
M015,I016,NOT_RESEARCHED,0,FALSE,NONE,,,,,,未調査。不存在を意味しない。
M015,I017,MAPPED_INITIAL,1,FALSE,CATEGORY_LEVEL,,,,,,機械抽出。品目別調査と条件枝レビューは未完了。
M015,I018,MAPPED_INITIAL,1,FALSE,CATEGORY_LEVEL,,,,,,機械抽出。品目別調査と条件枝レビューは未完了。
M015,I019,NOT_RESEARCHED,0,FALSE,NONE,,,,,,未調査。不存在を意味しない。
M015,I020,NOT_RESEARCHED,0,FALSE,NONE,,,,,,未調査。不存在を意味しない。
M015,I021,NOT_RESEARCHED,0,FALSE,NONE,,,,,,未調査。不存在を意味しない。
M015,I022,NOT_RESEARCHED,0,FALSE,NONE,,,,,,未調査。不存在を意味しない。
M015,I023,MAPPED_INITIAL,1,FALSE,CATEGORY_LEVEL,,,,,,機械抽出。品目別調査と条件枝レビューは未完了。
M015,I024,NOT_RESEARCHED,0,FALSE,NONE,,,,,,未調査。不存在を意味しない。
M015,I025,NOT_RESEARCHED,0,FALSE,NONE,,,,,,未調査。不存在を意味しない。
M015,I026,NOT_RESEARCHED,0,FALSE,NONE,,,,,,未調査。不存在を意味しない。
M015,I027,MAPPED_INITIAL,1,FALSE,CATEGORY_LEVEL,,,,,,機械抽出。品目別調査と条件枝レビューは未完了。
M015,I028,NOT_RESEARCHED,0,FALSE,NONE,,,,,,未調査。不存在を意味しない。
M015,I029,NOT_RESEARCHED,0,FALSE,NONE,,,,,,未調査。不存在を意味しない。
M015,I030,MAPPED_INITIAL,1,FALSE,CATEGORY_LEVEL,,,,,,機械抽出。品目別調査と条件枝レビューは未完了。
M015,I031,NOT_RESEARCHED,0,FALSE,NONE,,,,,,未調査。不存在を意味しない。
M015,I032,MAPPED_INITIAL,1,FALSE,CATEGORY_LEVEL,,,,,,機械抽出。品目別調査と条件枝レビューは未完了。
M015,I033,NOT_RESEARCHED,0,FALSE,NONE,,,,,,未調査。不存在を意味しない。
M015,I034,MAPPED_INITIAL,2,FALSE,CATEGORY_LEVEL,,,,,,機械抽出。品目別調査と条件枝レビューは未完了。
M015,I035,NOT_RESEARCHED,0,FALSE,NONE,,,,,,未調査。不存在を意味しない。
M015,I036,NOT_RESEARCHED,0,FALSE,NONE,,,,,,未調査。不存在を意味しない。
M015,I037,MAPPED_INITIAL,1,FALSE,CATEGORY_LEVEL,,,,,,機械抽出。品目別調査と条件枝レビューは未完了。
M015,I038,MAPPED_INITIAL,1,FALSE,CATEGORY_LEVEL,,,,,,機械抽出。品目別調査と条件枝レビューは未完了。
M015,I039,MAPPED_INITIAL,1,FALSE,CATEGORY_LEVEL,,,,,,機械抽出。品目別調査と条件枝レビューは未完了。
M015,I040,NOT_RESEARCHED,0,FALSE,NONE,,,,,,未調査。不存在を意味しない。
M016,I001,MAPPED_INITIAL,1,FALSE,CATEGORY_LEVEL,,,,,,機械抽出。品目別調査と条件枝レビューは未完了。
M016,I002,NOT_RESEARCHED,0,FALSE,NONE,,,,,,未調査。不存在を意味しない。
M016,I003,NOT_RESEARCHED,0,FALSE,NONE,,,,,,未調査。不存在を意味しない。
M016,I004,NOT_RESEARCHED,0,FALSE,NONE,,,,,,未調査。不存在を意味しない。
M016,I005,NOT_RESEARCHED,0,FALSE,NONE,,,,,,未調査。不存在を意味しない。
M016,I006,MAPPED_INITIAL,1,FALSE,CATEGORY_LEVEL,,,,,,機械抽出。品目別調査と条件枝レビューは未完了。
M016,I007,NOT_RESEARCHED,0,FALSE,NONE,,,,,,未調査。不存在を意味しない。
M016,I008,NOT_RESEARCHED,0,FALSE,NONE,,,,,,未調査。不存在を意味しない。
M016,I009,NOT_RESEARCHED,0,FALSE,NONE,,,,,,未調査。不存在を意味しない。
M016,I010,NOT_RESEARCHED,0,FALSE,NONE,,,,,,未調査。不存在を意味しない。
M016,I011,NOT_RESEARCHED,0,FALSE,NONE,,,,,,未調査。不存在を意味しない。
M016,I012,NOT_RESEARCHED,0,FALSE,NONE,,,,,,未調査。不存在を意味しない。
M016,I013,MAPPED_INITIAL,1,FALSE,CATEGORY_LEVEL,,,,,,機械抽出。品目別調査と条件枝レビューは未完了。
M016,I014,MAPPED_INITIAL,1,FALSE,CATEGORY_LEVEL,,,,,,機械抽出。品目別調査と条件枝レビューは未完了。
M016,I015,MAPPED_INITIAL,1,FALSE,CATEGORY_LEVEL,,,,,,機械抽出。品目別調査と条件枝レビューは未完了。
M016,I016,NOT_RESEARCHED,0,FALSE,NONE,,,,,,未調査。不存在を意味しない。
M016,I017,MAPPED_INITIAL,1,FALSE,CATEGORY_LEVEL,,,,,,機械抽出。品目別調査と条件枝レビューは未完了。
M016,I018,MAPPED_INITIAL,1,FALSE,CATEGORY_LEVEL,,,,,,機械抽出。品目別調査と条件枝レビューは未完了。
M016,I019,NOT_RESEARCHED,0,FALSE,NONE,,,,,,未調査。不存在を意味しない。
M016,I020,NOT_RESEARCHED,0,FALSE,NONE,,,,,,未調査。不存在を意味しない。
M016,I021,MAPPED_INITIAL,1,FALSE,CATEGORY_LEVEL,,,,,,機械抽出。品目別調査と条件枝レビューは未完了。
M016,I022,NOT_RESEARCHED,0,FALSE,NONE,,,,,,未調査。不存在を意味しない。
M016,I023,MAPPED_INITIAL,1,FALSE,CATEGORY_LEVEL,,,,,,機械抽出。品目別調査と条件枝レビューは未完了。
M016,I024,NOT_RESEARCHED,0,FALSE,NONE,,,,,,未調査。不存在を意味しない。
M016,I025,NOT_RESEARCHED,0,FALSE,NONE,,,,,,未調査。不存在を意味しない。
M016,I026,NOT_RESEARCHED,0,FALSE,NONE,,,,,,未調査。不存在を意味しない。
M016,I027,MAPPED_INITIAL,1,FALSE,CATEGORY_LEVEL,,,,,,機械抽出。品目別調査と条件枝レビューは未完了。
M016,I028,NOT_RESEARCHED,0,FALSE,NONE,,,,,,未調査。不存在を意味しない。
M016,I029,NOT_RESEARCHED,0,FALSE,NONE,,,,,,未調査。不存在を意味しない。
M016,I030,MAPPED_INITIAL,1,FALSE,CATEGORY_LEVEL,,,,,,機械抽出。品目別調査と条件枝レビューは未完了。
M016,I031,NOT_RESEARCHED,0,FALSE,NONE,,,,,,未調査。不存在を意味しない。
M016,I032,NOT_RESEARCHED,0,FALSE,NONE,,,,,,未調査。不存在を意味しない。
M016,I033,NOT_RESEARCHED,0,FALSE,NONE,,,,,,未調査。不存在を意味しない。
M016,I034,MAPPED_INITIAL,1,FALSE,CATEGORY_LEVEL,,,,,,機械抽出。品目別調査と条件枝レビューは未完了。
M016,I035,NOT_RESEARCHED,0,FALSE,NONE,,,,,,未調査。不存在を意味しない。
M016,I036,NOT_RESEARCHED,0,FALSE,NONE,,,,,,未調査。不存在を意味しない。
M016,I037,MAPPED_INITIAL,1,FALSE,CATEGORY_LEVEL,,,,,,機械抽出。品目別調査と条件枝レビューは未完了。
M016,I038,MAPPED_INITIAL,1,FALSE,CATEGORY_LEVEL,,,,,,機械抽出。品目別調査と条件枝レビューは未完了。
M016,I039,NOT_RESEARCHED,0,FALSE,NONE,,,,,,未調査。不存在を意味しない。
M016,I040,MAPPED_INITIAL,1,FALSE,CATEGORY_LEVEL,,,,,,機械抽出。品目別調査と条件枝レビューは未完了。
M017,I001,MAPPED_INITIAL,1,FALSE,CATEGORY_LEVEL,,,,,,機械抽出。品目別調査と条件枝レビューは未完了。
M017,I002,NOT_RESEARCHED,0,FALSE,NONE,,,,,,未調査。不存在を意味しない。
M017,I003,NOT_RESEARCHED,0,FALSE,NONE,,,,,,未調査。不存在を意味しない。
M017,I004,MAPPED_INITIAL,1,FALSE,CATEGORY_LEVEL,,,,,,機械抽出。品目別調査と条件枝レビューは未完了。
M017,I005,MAPPED_INITIAL,1,FALSE,CATEGORY_LEVEL,,,,,,機械抽出。品目別調査と条件枝レビューは未完了。
M017,I006,MAPPED_INITIAL,1,FALSE,CATEGORY_LEVEL,,,,,,機械抽出。品目別調査と条件枝レビューは未完了。
M017,I007,NOT_RESEARCHED,0,FALSE,NONE,,,,,,未調査。不存在を意味しない。
M017,I008,NOT_RESEARCHED,0,FALSE,NONE,,,,,,未調査。不存在を意味しない。
M017,I009,NOT_RESEARCHED,0,FALSE,NONE,,,,,,未調査。不存在を意味しない。
M017,I010,NOT_RESEARCHED,0,FALSE,NONE,,,,,,未調査。不存在を意味しない。
M017,I011,NOT_RESEARCHED,0,FALSE,NONE,,,,,,未調査。不存在を意味しない。
M017,I012,NOT_RESEARCHED,0,FALSE,NONE,,,,,,未調査。不存在を意味しない。
M017,I013,MAPPED_INITIAL,1,FALSE,CATEGORY_LEVEL,,,,,,機械抽出。品目別調査と条件枝レビューは未完了。
M017,I014,MAPPED_INITIAL,1,FALSE,CATEGORY_LEVEL,,,,,,機械抽出。品目別調査と条件枝レビューは未完了。
M017,I015,MAPPED_INITIAL,1,FALSE,CATEGORY_LEVEL,,,,,,機械抽出。品目別調査と条件枝レビューは未完了。
M017,I016,NOT_RESEARCHED,0,FALSE,NONE,,,,,,未調査。不存在を意味しない。
M017,I017,MAPPED_INITIAL,1,FALSE,CATEGORY_LEVEL,,,,,,機械抽出。品目別調査と条件枝レビューは未完了。
M017,I018,MAPPED_INITIAL,1,FALSE,CATEGORY_LEVEL,,,,,,機械抽出。品目別調査と条件枝レビューは未完了。
M017,I019,NOT_RESEARCHED,0,FALSE,NONE,,,,,,未調査。不存在を意味しない。
M017,I020,NOT_RESEARCHED,0,FALSE,NONE,,,,,,未調査。不存在を意味しない。
M017,I021,NOT_RESEARCHED,0,FALSE,NONE,,,,,,未調査。不存在を意味しない。
M017,I022,NOT_RESEARCHED,0,FALSE,NONE,,,,,,未調査。不存在を意味しない。
M017,I023,MAPPED_INITIAL,1,FALSE,CATEGORY_LEVEL,,,,,,機械抽出。品目別調査と条件枝レビューは未完了。
M017,I024,NOT_RESEARCHED,0,FALSE,NONE,,,,,,未調査。不存在を意味しない。
M017,I025,NOT_RESEARCHED,0,FALSE,NONE,,,,,,未調査。不存在を意味しない。
M017,I026,NOT_RESEARCHED,0,FALSE,NONE,,,,,,未調査。不存在を意味しない。
M017,I027,MAPPED_INITIAL,1,FALSE,CATEGORY_LEVEL,,,,,,機械抽出。品目別調査と条件枝レビューは未完了。
M017,I028,NOT_RESEARCHED,0,FALSE,NONE,,,,,,未調査。不存在を意味しない。
M017,I029,NOT_RESEARCHED,0,FALSE,NONE,,,,,,未調査。不存在を意味しない。
M017,I030,MAPPED_INITIAL,1,FALSE,CATEGORY_LEVEL,,,,,,機械抽出。品目別調査と条件枝レビューは未完了。
M017,I031,NOT_RESEARCHED,0,FALSE,NONE,,,,,,未調査。不存在を意味しない。
M017,I032,MAPPED_INITIAL,1,FALSE,CATEGORY_LEVEL,,,,,,機械抽出。品目別調査と条件枝レビューは未完了。
M017,I033,MAPPED_INITIAL,1,FALSE,CATEGORY_LEVEL,,,,,,機械抽出。品目別調査と条件枝レビューは未完了。
M017,I034,MAPPED_INITIAL,1,FALSE,CATEGORY_LEVEL,,,,,,機械抽出。品目別調査と条件枝レビューは未完了。
M017,I035,NOT_RESEARCHED,0,FALSE,NONE,,,,,,未調査。不存在を意味しない。
M017,I036,NOT_RESEARCHED,0,FALSE,NONE,,,,,,未調査。不存在を意味しない。
M017,I037,MAPPED_INITIAL,1,FALSE,CATEGORY_LEVEL,,,,,,機械抽出。品目別調査と条件枝レビューは未完了。
M017,I038,MAPPED_INITIAL,1,FALSE,CATEGORY_LEVEL,,,,,,機械抽出。品目別調査と条件枝レビューは未完了。
M017,I039,NOT_RESEARCHED,0,FALSE,NONE,,,,,,未調査。不存在を意味しない。
M017,I040,MAPPED_INITIAL,1,FALSE,CATEGORY_LEVEL,,,,,,機械抽出。品目別調査と条件枝レビューは未完了。
M018,I001,MAPPED_INITIAL,1,FALSE,CATEGORY_LEVEL,,,,,,機械抽出。品目別調査と条件枝レビューは未完了。
M018,I002,NOT_RESEARCHED,0,FALSE,NONE,,,,,,未調査。不存在を意味しない。
M018,I003,NOT_RESEARCHED,0,FALSE,NONE,,,,,,未調査。不存在を意味しない。
M018,I004,MAPPED_INITIAL,1,FALSE,CATEGORY_LEVEL,,,,,,機械抽出。品目別調査と条件枝レビューは未完了。
M018,I005,MAPPED_INITIAL,1,FALSE,CATEGORY_LEVEL,,,,,,機械抽出。品目別調査と条件枝レビューは未完了。
M018,I006,MAPPED_INITIAL,1,FALSE,CATEGORY_LEVEL,,,,,,機械抽出。品目別調査と条件枝レビューは未完了。
M018,I007,NOT_RESEARCHED,0,FALSE,NONE,,,,,,未調査。不存在を意味しない。
M018,I008,NOT_RESEARCHED,0,FALSE,NONE,,,,,,未調査。不存在を意味しない。
M018,I009,NOT_RESEARCHED,0,FALSE,NONE,,,,,,未調査。不存在を意味しない。
M018,I010,NOT_RESEARCHED,0,FALSE,NONE,,,,,,未調査。不存在を意味しない。
M018,I011,NOT_RESEARCHED,0,FALSE,NONE,,,,,,未調査。不存在を意味しない。
M018,I012,NOT_RESEARCHED,0,FALSE,NONE,,,,,,未調査。不存在を意味しない。
M018,I013,NOT_RESEARCHED,0,FALSE,NONE,,,,,,未調査。不存在を意味しない。
M018,I014,NOT_RESEARCHED,0,FALSE,NONE,,,,,,未調査。不存在を意味しない。
M018,I015,NOT_RESEARCHED,0,FALSE,NONE,,,,,,未調査。不存在を意味しない。
M018,I016,NOT_RESEARCHED,0,FALSE,NONE,,,,,,未調査。不存在を意味しない。
M018,I017,NOT_RESEARCHED,0,FALSE,NONE,,,,,,未調査。不存在を意味しない。
M018,I018,MAPPED_INITIAL,1,FALSE,CATEGORY_LEVEL,,,,,,機械抽出。品目別調査と条件枝レビューは未完了。
M018,I019,NOT_RESEARCHED,0,FALSE,NONE,,,,,,未調査。不存在を意味しない。
M018,I020,NOT_RESEARCHED,0,FALSE,NONE,,,,,,未調査。不存在を意味しない。
M018,I021,MAPPED_INITIAL,1,FALSE,CATEGORY_LEVEL,,,,,,機械抽出。品目別調査と条件枝レビューは未完了。
M018,I022,NOT_RESEARCHED,0,FALSE,NONE,,,,,,未調査。不存在を意味しない。
M018,I023,MAPPED_INITIAL,1,FALSE,CATEGORY_LEVEL,,,,,,機械抽出。品目別調査と条件枝レビューは未完了。
M018,I024,MAPPED_INITIAL,1,FALSE,CATEGORY_LEVEL,,,,,,機械抽出。品目別調査と条件枝レビューは未完了。
M018,I025,NOT_RESEARCHED,0,FALSE,NONE,,,,,,未調査。不存在を意味しない。
M018,I026,NOT_RESEARCHED,0,FALSE,NONE,,,,,,未調査。不存在を意味しない。
M018,I027,MAPPED_INITIAL,1,FALSE,CATEGORY_LEVEL,,,,,,機械抽出。品目別調査と条件枝レビューは未完了。
M018,I028,NOT_RESEARCHED,0,FALSE,NONE,,,,,,未調査。不存在を意味しない。
M018,I029,NOT_RESEARCHED,0,FALSE,NONE,,,,,,未調査。不存在を意味しない。
M018,I030,MAPPED_INITIAL,1,FALSE,CATEGORY_LEVEL,,,,,,機械抽出。品目別調査と条件枝レビューは未完了。
M018,I031,NOT_RESEARCHED,0,FALSE,NONE,,,,,,未調査。不存在を意味しない。
M018,I032,NOT_RESEARCHED,0,FALSE,NONE,,,,,,未調査。不存在を意味しない。
M018,I033,NOT_RESEARCHED,0,FALSE,NONE,,,,,,未調査。不存在を意味しない。
M018,I034,MAPPED_INITIAL,1,FALSE,CATEGORY_LEVEL,,,,,,機械抽出。品目別調査と条件枝レビューは未完了。
M018,I035,NOT_RESEARCHED,0,FALSE,NONE,,,,,,未調査。不存在を意味しない。
M018,I036,NOT_RESEARCHED,0,FALSE,NONE,,,,,,未調査。不存在を意味しない。
M018,I037,MAPPED_INITIAL,1,FALSE,CATEGORY_LEVEL,,,,,,機械抽出。品目別調査と条件枝レビューは未完了。
M018,I038,MAPPED_INITIAL,1,FALSE,CATEGORY_LEVEL,,,,,,機械抽出。品目別調査と条件枝レビューは未完了。
M018,I039,MAPPED_INITIAL,1,FALSE,CATEGORY_LEVEL,,,,,,機械抽出。品目別調査と条件枝レビューは未完了。
M018,I040,MAPPED_INITIAL,1,FALSE,CATEGORY_LEVEL,,,,,,機械抽出。品目別調査と条件枝レビューは未完了。
M019,I001,MAPPED_INITIAL,1,FALSE,CATEGORY_LEVEL,,,,,,機械抽出。品目別調査と条件枝レビューは未完了。
M019,I002,NOT_RESEARCHED,0,FALSE,NONE,,,,,,未調査。不存在を意味しない。
M019,I003,NOT_RESEARCHED,0,FALSE,NONE,,,,,,未調査。不存在を意味しない。
M019,I004,MAPPED_INITIAL,1,FALSE,CATEGORY_LEVEL,,,,,,機械抽出。品目別調査と条件枝レビューは未完了。
M019,I005,NOT_RESEARCHED,0,FALSE,NONE,,,,,,未調査。不存在を意味しない。
M019,I006,MAPPED_INITIAL,1,FALSE,CATEGORY_LEVEL,,,,,,機械抽出。品目別調査と条件枝レビューは未完了。
M019,I007,MAPPED_INITIAL,1,FALSE,CATEGORY_LEVEL,,,,,,機械抽出。品目別調査と条件枝レビューは未完了。
M019,I008,NOT_RESEARCHED,0,FALSE,NONE,,,,,,未調査。不存在を意味しない。
M019,I009,NOT_RESEARCHED,0,FALSE,NONE,,,,,,未調査。不存在を意味しない。
M019,I010,NOT_RESEARCHED,0,FALSE,NONE,,,,,,未調査。不存在を意味しない。
M019,I011,NOT_RESEARCHED,0,FALSE,NONE,,,,,,未調査。不存在を意味しない。
M019,I012,MAPPED_INITIAL,1,FALSE,CATEGORY_LEVEL,,,,,,機械抽出。品目別調査と条件枝レビューは未完了。
M019,I013,MAPPED_INITIAL,1,FALSE,CATEGORY_LEVEL,,,,,,機械抽出。品目別調査と条件枝レビューは未完了。
M019,I014,MAPPED_INITIAL,1,FALSE,CATEGORY_LEVEL,,,,,,機械抽出。品目別調査と条件枝レビューは未完了。
M019,I015,MAPPED_INITIAL,1,FALSE,CATEGORY_LEVEL,,,,,,機械抽出。品目別調査と条件枝レビューは未完了。
M019,I016,NOT_RESEARCHED,0,FALSE,NONE,,,,,,未調査。不存在を意味しない。
M019,I017,MAPPED_INITIAL,1,FALSE,CATEGORY_LEVEL,,,,,,機械抽出。品目別調査と条件枝レビューは未完了。
M019,I018,MAPPED_INITIAL,1,FALSE,CATEGORY_LEVEL,,,,,,機械抽出。品目別調査と条件枝レビューは未完了。
M019,I019,NOT_RESEARCHED,0,FALSE,NONE,,,,,,未調査。不存在を意味しない。
M019,I020,NOT_RESEARCHED,0,FALSE,NONE,,,,,,未調査。不存在を意味しない。
M019,I021,MAPPED_INITIAL,1,FALSE,CATEGORY_LEVEL,,,,,,機械抽出。品目別調査と条件枝レビューは未完了。
M019,I022,NOT_RESEARCHED,0,FALSE,NONE,,,,,,未調査。不存在を意味しない。
M019,I023,MAPPED_INITIAL,1,FALSE,CATEGORY_LEVEL,,,,,,機械抽出。品目別調査と条件枝レビューは未完了。
M019,I024,NOT_RESEARCHED,0,FALSE,NONE,,,,,,未調査。不存在を意味しない。
M019,I025,NOT_RESEARCHED,0,FALSE,NONE,,,,,,未調査。不存在を意味しない。
M019,I026,NOT_RESEARCHED,0,FALSE,NONE,,,,,,未調査。不存在を意味しない。
M019,I027,MAPPED_INITIAL,1,FALSE,CATEGORY_LEVEL,,,,,,機械抽出。品目別調査と条件枝レビューは未完了。
M019,I028,NOT_RESEARCHED,0,FALSE,NONE,,,,,,未調査。不存在を意味しない。
M019,I029,NOT_RESEARCHED,0,FALSE,NONE,,,,,,未調査。不存在を意味しない。
M019,I030,MAPPED_INITIAL,1,FALSE,CATEGORY_LEVEL,,,,,,機械抽出。品目別調査と条件枝レビューは未完了。
M019,I031,NOT_RESEARCHED,0,FALSE,NONE,,,,,,未調査。不存在を意味しない。
M019,I032,NOT_RESEARCHED,0,FALSE,NONE,,,,,,未調査。不存在を意味しない。
M019,I033,NOT_RESEARCHED,0,FALSE,NONE,,,,,,未調査。不存在を意味しない。
M019,I034,MAPPED_INITIAL,1,FALSE,CATEGORY_LEVEL,,,,,,機械抽出。品目別調査と条件枝レビューは未完了。
M019,I035,NOT_RESEARCHED,0,FALSE,NONE,,,,,,未調査。不存在を意味しない。
M019,I036,NOT_RESEARCHED,0,FALSE,NONE,,,,,,未調査。不存在を意味しない。
M019,I037,MAPPED_INITIAL,1,FALSE,CATEGORY_LEVEL,,,,,,機械抽出。品目別調査と条件枝レビューは未完了。
M019,I038,NOT_RESEARCHED,0,FALSE,NONE,,,,,,未調査。不存在を意味しない。
M019,I039,MAPPED_INITIAL,1,FALSE,CATEGORY_LEVEL,,,,,,機械抽出。品目別調査と条件枝レビューは未完了。
M019,I040,NOT_RESEARCHED,0,FALSE,NONE,,,,,,未調査。不存在を意味しない。
M020,I001,MAPPED_INITIAL,1,FALSE,CATEGORY_LEVEL,,,,,,機械抽出。品目別調査と条件枝レビューは未完了。
M020,I002,NOT_RESEARCHED,0,FALSE,NONE,,,,,,未調査。不存在を意味しない。
M020,I003,NOT_RESEARCHED,0,FALSE,NONE,,,,,,未調査。不存在を意味しない。
M020,I004,NOT_RESEARCHED,0,FALSE,NONE,,,,,,未調査。不存在を意味しない。
M020,I005,NOT_RESEARCHED,0,FALSE,NONE,,,,,,未調査。不存在を意味しない。
M020,I006,MAPPED_INITIAL,1,FALSE,CATEGORY_LEVEL,,,,,,機械抽出。品目別調査と条件枝レビューは未完了。
M020,I007,NOT_RESEARCHED,0,FALSE,NONE,,,,,,未調査。不存在を意味しない。
M020,I008,NOT_RESEARCHED,0,FALSE,NONE,,,,,,未調査。不存在を意味しない。
M020,I009,NOT_RESEARCHED,0,FALSE,NONE,,,,,,未調査。不存在を意味しない。
M020,I010,NOT_RESEARCHED,0,FALSE,NONE,,,,,,未調査。不存在を意味しない。
M020,I011,NOT_RESEARCHED,0,FALSE,NONE,,,,,,未調査。不存在を意味しない。
M020,I012,NOT_RESEARCHED,0,FALSE,NONE,,,,,,未調査。不存在を意味しない。
M020,I013,MAPPED_INITIAL,1,FALSE,CATEGORY_LEVEL,,,,,,機械抽出。品目別調査と条件枝レビューは未完了。
M020,I014,MAPPED_INITIAL,1,FALSE,CATEGORY_LEVEL,,,,,,機械抽出。品目別調査と条件枝レビューは未完了。
M020,I015,MAPPED_INITIAL,1,FALSE,CATEGORY_LEVEL,,,,,,機械抽出。品目別調査と条件枝レビューは未完了。
M020,I016,NOT_RESEARCHED,0,FALSE,NONE,,,,,,未調査。不存在を意味しない。
M020,I017,MAPPED_INITIAL,1,FALSE,CATEGORY_LEVEL,,,,,,機械抽出。品目別調査と条件枝レビューは未完了。
M020,I018,MAPPED_INITIAL,1,FALSE,CATEGORY_LEVEL,,,,,,機械抽出。品目別調査と条件枝レビューは未完了。
M020,I019,NOT_RESEARCHED,0,FALSE,NONE,,,,,,未調査。不存在を意味しない。
M020,I020,NOT_RESEARCHED,0,FALSE,NONE,,,,,,未調査。不存在を意味しない。
M020,I021,NOT_RESEARCHED,0,FALSE,NONE,,,,,,未調査。不存在を意味しない。
M020,I022,NOT_RESEARCHED,0,FALSE,NONE,,,,,,未調査。不存在を意味しない。
M020,I023,MAPPED_INITIAL,1,FALSE,CATEGORY_LEVEL,,,,,,機械抽出。品目別調査と条件枝レビューは未完了。
M020,I024,NOT_RESEARCHED,0,FALSE,NONE,,,,,,未調査。不存在を意味しない。
M020,I025,NOT_RESEARCHED,0,FALSE,NONE,,,,,,未調査。不存在を意味しない。
M020,I026,NOT_RESEARCHED,0,FALSE,NONE,,,,,,未調査。不存在を意味しない。
M020,I027,MAPPED_INITIAL,1,FALSE,CATEGORY_LEVEL,,,,,,機械抽出。品目別調査と条件枝レビューは未完了。
M020,I028,NOT_RESEARCHED,0,FALSE,NONE,,,,,,未調査。不存在を意味しない。
M020,I029,NOT_RESEARCHED,0,FALSE,NONE,,,,,,未調査。不存在を意味しない。
M020,I030,MAPPED_INITIAL,1,FALSE,CATEGORY_LEVEL,,,,,,機械抽出。品目別調査と条件枝レビューは未完了。
M020,I031,NOT_RESEARCHED,0,FALSE,NONE,,,,,,未調査。不存在を意味しない。
M020,I032,MAPPED_INITIAL,1,FALSE,CATEGORY_LEVEL,,,,,,機械抽出。品目別調査と条件枝レビューは未完了。
M020,I033,MAPPED_INITIAL,1,FALSE,CATEGORY_LEVEL,,,,,,機械抽出。品目別調査と条件枝レビューは未完了。
M020,I034,MAPPED_INITIAL,1,FALSE,CATEGORY_LEVEL,,,,,,機械抽出。品目別調査と条件枝レビューは未完了。
M020,I035,NOT_RESEARCHED,0,FALSE,NONE,,,,,,未調査。不存在を意味しない。
M020,I036,NOT_RESEARCHED,0,FALSE,NONE,,,,,,未調査。不存在を意味しない。
M020,I037,MAPPED_INITIAL,1,FALSE,CATEGORY_LEVEL,,,,,,機械抽出。品目別調査と条件枝レビューは未完了。
M020,I038,MAPPED_INITIAL,1,FALSE,CATEGORY_LEVEL,,,,,,機械抽出。品目別調査と条件枝レビューは未完了。
M020,I039,NOT_RESEARCHED,0,FALSE,NONE,,,,,,未調査。不存在を意味しない。
M020,I040,NOT_RESEARCHED,0,FALSE,NONE,,,,,,未調査。不存在を意味しない。
M021,I001,MAPPED_INITIAL,1,FALSE,CATEGORY_LEVEL,,,,,,機械抽出。品目別調査と条件枝レビューは未完了。
M021,I002,NOT_RESEARCHED,0,FALSE,NONE,,,,,,未調査。不存在を意味しない。
M021,I003,NOT_RESEARCHED,0,FALSE,NONE,,,,,,未調査。不存在を意味しない。
M021,I004,NOT_RESEARCHED,0,FALSE,NONE,,,,,,未調査。不存在を意味しない。
M021,I005,NOT_RESEARCHED,0,FALSE,NONE,,,,,,未調査。不存在を意味しない。
M021,I006,MAPPED_INITIAL,1,FALSE,CATEGORY_LEVEL,,,,,,機械抽出。品目別調査と条件枝レビューは未完了。
M021,I007,NOT_RESEARCHED,0,FALSE,NONE,,,,,,未調査。不存在を意味しない。
M021,I008,NOT_RESEARCHED,0,FALSE,NONE,,,,,,未調査。不存在を意味しない。
M021,I009,NOT_RESEARCHED,0,FALSE,NONE,,,,,,未調査。不存在を意味しない。
M021,I010,NOT_RESEARCHED,0,FALSE,NONE,,,,,,未調査。不存在を意味しない。
M021,I011,NOT_RESEARCHED,0,FALSE,NONE,,,,,,未調査。不存在を意味しない。
M021,I012,NOT_RESEARCHED,0,FALSE,NONE,,,,,,未調査。不存在を意味しない。
M021,I013,MAPPED_INITIAL,1,FALSE,CATEGORY_LEVEL,,,,,,機械抽出。品目別調査と条件枝レビューは未完了。
M021,I014,MAPPED_INITIAL,1,FALSE,CATEGORY_LEVEL,,,,,,機械抽出。品目別調査と条件枝レビューは未完了。
M021,I015,MAPPED_INITIAL,1,FALSE,CATEGORY_LEVEL,,,,,,機械抽出。品目別調査と条件枝レビューは未完了。
M021,I016,MAPPED_INITIAL,1,FALSE,CATEGORY_LEVEL,,,,,,機械抽出。品目別調査と条件枝レビューは未完了。
M021,I017,MAPPED_INITIAL,1,FALSE,CATEGORY_LEVEL,,,,,,機械抽出。品目別調査と条件枝レビューは未完了。
M021,I018,MAPPED_INITIAL,1,FALSE,CATEGORY_LEVEL,,,,,,機械抽出。品目別調査と条件枝レビューは未完了。
M021,I019,NOT_RESEARCHED,0,FALSE,NONE,,,,,,未調査。不存在を意味しない。
M021,I020,NOT_RESEARCHED,0,FALSE,NONE,,,,,,未調査。不存在を意味しない。
M021,I021,MAPPED_INITIAL,1,FALSE,CATEGORY_LEVEL,,,,,,機械抽出。品目別調査と条件枝レビューは未完了。
M021,I022,NOT_RESEARCHED,0,FALSE,NONE,,,,,,未調査。不存在を意味しない。
M021,I023,MAPPED_INITIAL,1,FALSE,CATEGORY_LEVEL,,,,,,機械抽出。品目別調査と条件枝レビューは未完了。
M021,I024,NOT_RESEARCHED,0,FALSE,NONE,,,,,,未調査。不存在を意味しない。
M021,I025,NOT_RESEARCHED,0,FALSE,NONE,,,,,,未調査。不存在を意味しない。
M021,I026,NOT_RESEARCHED,0,FALSE,NONE,,,,,,未調査。不存在を意味しない。
M021,I027,NOT_RESEARCHED,0,FALSE,NONE,,,,,,未調査。不存在を意味しない。
M021,I028,NOT_RESEARCHED,0,FALSE,NONE,,,,,,未調査。不存在を意味しない。
M021,I029,NOT_RESEARCHED,0,FALSE,NONE,,,,,,未調査。不存在を意味しない。
M021,I030,MAPPED_INITIAL,1,FALSE,CATEGORY_LEVEL,,,,,,機械抽出。品目別調査と条件枝レビューは未完了。
M021,I031,NOT_RESEARCHED,0,FALSE,NONE,,,,,,未調査。不存在を意味しない。
M021,I032,MAPPED_INITIAL,1,FALSE,CATEGORY_LEVEL,,,,,,機械抽出。品目別調査と条件枝レビューは未完了。
M021,I033,MAPPED_INITIAL,1,FALSE,CATEGORY_LEVEL,,,,,,機械抽出。品目別調査と条件枝レビューは未完了。
M021,I034,MAPPED_INITIAL,1,FALSE,CATEGORY_LEVEL,,,,,,機械抽出。品目別調査と条件枝レビューは未完了。
M021,I035,NOT_RESEARCHED,0,FALSE,NONE,,,,,,未調査。不存在を意味しない。
M021,I036,NOT_RESEARCHED,0,FALSE,NONE,,,,,,未調査。不存在を意味しない。
M021,I037,MAPPED_INITIAL,1,FALSE,CATEGORY_LEVEL,,,,,,機械抽出。品目別調査と条件枝レビューは未完了。
M021,I038,MAPPED_INITIAL,1,FALSE,CATEGORY_LEVEL,,,,,,機械抽出。品目別調査と条件枝レビューは未完了。
M021,I039,NOT_RESEARCHED,0,FALSE,NONE,,,,,,未調査。不存在を意味しない。
M021,I040,NOT_RESEARCHED,0,FALSE,NONE,,,,,,未調査。不存在を意味しない。
M022,I001,MAPPED_INITIAL,1,FALSE,CATEGORY_LEVEL,,,,,,機械抽出。品目別調査と条件枝レビューは未完了。
M022,I002,NOT_RESEARCHED,0,FALSE,NONE,,,,,,未調査。不存在を意味しない。
M022,I003,NOT_RESEARCHED,0,FALSE,NONE,,,,,,未調査。不存在を意味しない。
M022,I004,NOT_RESEARCHED,0,FALSE,NONE,,,,,,未調査。不存在を意味しない。
M022,I005,NOT_RESEARCHED,0,FALSE,NONE,,,,,,未調査。不存在を意味しない。
M022,I006,MAPPED_INITIAL,1,FALSE,CATEGORY_LEVEL,,,,,,機械抽出。品目別調査と条件枝レビューは未完了。
M022,I007,NOT_RESEARCHED,0,FALSE,NONE,,,,,,未調査。不存在を意味しない。
M022,I008,NOT_RESEARCHED,0,FALSE,NONE,,,,,,未調査。不存在を意味しない。
M022,I009,NOT_RESEARCHED,0,FALSE,NONE,,,,,,未調査。不存在を意味しない。
M022,I010,NOT_RESEARCHED,0,FALSE,NONE,,,,,,未調査。不存在を意味しない。
M022,I011,NOT_RESEARCHED,0,FALSE,NONE,,,,,,未調査。不存在を意味しない。
M022,I012,NOT_RESEARCHED,0,FALSE,NONE,,,,,,未調査。不存在を意味しない。
M022,I013,NOT_RESEARCHED,0,FALSE,NONE,,,,,,未調査。不存在を意味しない。
M022,I014,NOT_RESEARCHED,0,FALSE,NONE,,,,,,未調査。不存在を意味しない。
M022,I015,NOT_RESEARCHED,0,FALSE,NONE,,,,,,未調査。不存在を意味しない。
M022,I016,NOT_RESEARCHED,0,FALSE,NONE,,,,,,未調査。不存在を意味しない。
M022,I017,NOT_RESEARCHED,0,FALSE,NONE,,,,,,未調査。不存在を意味しない。
M022,I018,MAPPED_INITIAL,1,FALSE,CATEGORY_LEVEL,,,,,,機械抽出。品目別調査と条件枝レビューは未完了。
M022,I019,NOT_RESEARCHED,0,FALSE,NONE,,,,,,未調査。不存在を意味しない。
M022,I020,NOT_RESEARCHED,0,FALSE,NONE,,,,,,未調査。不存在を意味しない。
M022,I021,NOT_RESEARCHED,0,FALSE,NONE,,,,,,未調査。不存在を意味しない。
M022,I022,NOT_RESEARCHED,0,FALSE,NONE,,,,,,未調査。不存在を意味しない。
M022,I023,MAPPED_INITIAL,1,FALSE,CATEGORY_LEVEL,,,,,,機械抽出。品目別調査と条件枝レビューは未完了。
M022,I024,NOT_RESEARCHED,0,FALSE,NONE,,,,,,未調査。不存在を意味しない。
M022,I025,NOT_RESEARCHED,0,FALSE,NONE,,,,,,未調査。不存在を意味しない。
M022,I026,NOT_RESEARCHED,0,FALSE,NONE,,,,,,未調査。不存在を意味しない。
M022,I027,MAPPED_INITIAL,1,FALSE,CATEGORY_LEVEL,,,,,,機械抽出。品目別調査と条件枝レビューは未完了。
M022,I028,NOT_RESEARCHED,0,FALSE,NONE,,,,,,未調査。不存在を意味しない。
M022,I029,NOT_RESEARCHED,0,FALSE,NONE,,,,,,未調査。不存在を意味しない。
M022,I030,MAPPED_INITIAL,1,FALSE,CATEGORY_LEVEL,,,,,,機械抽出。品目別調査と条件枝レビューは未完了。
M022,I031,NOT_RESEARCHED,0,FALSE,NONE,,,,,,未調査。不存在を意味しない。
M022,I032,MAPPED_INITIAL,1,FALSE,CATEGORY_LEVEL,,,,,,機械抽出。品目別調査と条件枝レビューは未完了。
M022,I033,MAPPED_INITIAL,1,FALSE,CATEGORY_LEVEL,,,,,,機械抽出。品目別調査と条件枝レビューは未完了。
M022,I034,NOT_RESEARCHED,0,FALSE,NONE,,,,,,未調査。不存在を意味しない。
M022,I035,NOT_RESEARCHED,0,FALSE,NONE,,,,,,未調査。不存在を意味しない。
M022,I036,NOT_RESEARCHED,0,FALSE,NONE,,,,,,未調査。不存在を意味しない。
M022,I037,MAPPED_INITIAL,1,FALSE,CATEGORY_LEVEL,,,,,,機械抽出。品目別調査と条件枝レビューは未完了。
M022,I038,MAPPED_INITIAL,1,FALSE,CATEGORY_LEVEL,,,,,,機械抽出。品目別調査と条件枝レビューは未完了。
M022,I039,MAPPED_INITIAL,1,FALSE,CATEGORY_LEVEL,,,,,,機械抽出。品目別調査と条件枝レビューは未完了。
M022,I040,NOT_RESEARCHED,0,FALSE,NONE,,,,,,未調査。不存在を意味しない。
M023,I001,NOT_RESEARCHED,0,FALSE,NONE,,,,,,未調査。不存在を意味しない。
M023,I002,NOT_RESEARCHED,0,FALSE,NONE,,,,,,未調査。不存在を意味しない。
M023,I003,NOT_RESEARCHED,0,FALSE,NONE,,,,,,未調査。不存在を意味しない。
M023,I004,NOT_RESEARCHED,0,FALSE,NONE,,,,,,未調査。不存在を意味しない。
M023,I005,NOT_RESEARCHED,0,FALSE,NONE,,,,,,未調査。不存在を意味しない。
M023,I006,NOT_RESEARCHED,0,FALSE,NONE,,,,,,未調査。不存在を意味しない。
M023,I007,NOT_RESEARCHED,0,FALSE,NONE,,,,,,未調査。不存在を意味しない。
M023,I008,NOT_RESEARCHED,0,FALSE,NONE,,,,,,未調査。不存在を意味しない。
M023,I009,NOT_RESEARCHED,0,FALSE,NONE,,,,,,未調査。不存在を意味しない。
M023,I010,NOT_RESEARCHED,0,FALSE,NONE,,,,,,未調査。不存在を意味しない。
M023,I011,NOT_RESEARCHED,0,FALSE,NONE,,,,,,未調査。不存在を意味しない。
M023,I012,NOT_RESEARCHED,0,FALSE,NONE,,,,,,未調査。不存在を意味しない。
M023,I013,NOT_RESEARCHED,0,FALSE,NONE,,,,,,未調査。不存在を意味しない。
M023,I014,NOT_RESEARCHED,0,FALSE,NONE,,,,,,未調査。不存在を意味しない。
M023,I015,NOT_RESEARCHED,0,FALSE,NONE,,,,,,未調査。不存在を意味しない。
M023,I016,NOT_RESEARCHED,0,FALSE,NONE,,,,,,未調査。不存在を意味しない。
M023,I017,NOT_RESEARCHED,0,FALSE,NONE,,,,,,未調査。不存在を意味しない。
M023,I018,MAPPED_INITIAL,1,FALSE,CATEGORY_LEVEL,,,,,,機械抽出。品目別調査と条件枝レビューは未完了。
M023,I019,NOT_RESEARCHED,0,FALSE,NONE,,,,,,未調査。不存在を意味しない。
M023,I020,NOT_RESEARCHED,0,FALSE,NONE,,,,,,未調査。不存在を意味しない。
M023,I021,MAPPED_INITIAL,1,FALSE,CATEGORY_LEVEL,,,,,,機械抽出。品目別調査と条件枝レビューは未完了。
M023,I022,NOT_RESEARCHED,0,FALSE,NONE,,,,,,未調査。不存在を意味しない。
M023,I023,NOT_RESEARCHED,0,FALSE,NONE,,,,,,未調査。不存在を意味しない。
M023,I024,NOT_RESEARCHED,0,FALSE,NONE,,,,,,未調査。不存在を意味しない。
M023,I025,NOT_RESEARCHED,0,FALSE,NONE,,,,,,未調査。不存在を意味しない。
M023,I026,NOT_RESEARCHED,0,FALSE,NONE,,,,,,未調査。不存在を意味しない。
M023,I027,NOT_RESEARCHED,0,FALSE,NONE,,,,,,未調査。不存在を意味しない。
M023,I028,NOT_RESEARCHED,0,FALSE,NONE,,,,,,未調査。不存在を意味しない。
M023,I029,MAPPED_INITIAL,1,FALSE,CATEGORY_LEVEL,,,,,,機械抽出。品目別調査と条件枝レビューは未完了。
M023,I030,NOT_RESEARCHED,0,FALSE,NONE,,,,,,未調査。不存在を意味しない。
M023,I031,NOT_RESEARCHED,0,FALSE,NONE,,,,,,未調査。不存在を意味しない。
M023,I032,NOT_RESEARCHED,0,FALSE,NONE,,,,,,未調査。不存在を意味しない。
M023,I033,NOT_RESEARCHED,0,FALSE,NONE,,,,,,未調査。不存在を意味しない。
M023,I034,MAPPED_INITIAL,1,FALSE,CATEGORY_LEVEL,,,,,,機械抽出。品目別調査と条件枝レビューは未完了。
M023,I035,NOT_RESEARCHED,0,FALSE,NONE,,,,,,未調査。不存在を意味しない。
M023,I036,NOT_RESEARCHED,0,FALSE,NONE,,,,,,未調査。不存在を意味しない。
M023,I037,MAPPED_INITIAL,1,FALSE,CATEGORY_LEVEL,,,,,,機械抽出。品目別調査と条件枝レビューは未完了。
M023,I038,NOT_RESEARCHED,0,FALSE,NONE,,,,,,未調査。不存在を意味しない。
M023,I039,NOT_RESEARCHED,0,FALSE,NONE,,,,,,未調査。不存在を意味しない。
M023,I040,NOT_RESEARCHED,0,FALSE,NONE,,,,,,未調査。不存在を意味しない。
M024,I001,MAPPED_INITIAL,1,FALSE,CATEGORY_LEVEL,,,,,,機械抽出。品目別調査と条件枝レビューは未完了。
M024,I002,MAPPED_INITIAL,1,FALSE,CATEGORY_LEVEL,,,,,,機械抽出。品目別調査と条件枝レビューは未完了。
M024,I003,MAPPED_INITIAL,1,FALSE,CATEGORY_LEVEL,,,,,,機械抽出。品目別調査と条件枝レビューは未完了。
M024,I004,NOT_RESEARCHED,0,FALSE,NONE,,,,,,未調査。不存在を意味しない。
M024,I005,NOT_RESEARCHED,0,FALSE,NONE,,,,,,未調査。不存在を意味しない。
M024,I006,MAPPED_INITIAL,1,FALSE,CATEGORY_LEVEL,,,,,,機械抽出。品目別調査と条件枝レビューは未完了。
M024,I007,NOT_RESEARCHED,0,FALSE,NONE,,,,,,未調査。不存在を意味しない。
M024,I008,NOT_RESEARCHED,0,FALSE,NONE,,,,,,未調査。不存在を意味しない。
M024,I009,NOT_RESEARCHED,0,FALSE,NONE,,,,,,未調査。不存在を意味しない。
M024,I010,NOT_RESEARCHED,0,FALSE,NONE,,,,,,未調査。不存在を意味しない。
M024,I011,NOT_RESEARCHED,0,FALSE,NONE,,,,,,未調査。不存在を意味しない。
M024,I012,NOT_RESEARCHED,0,FALSE,NONE,,,,,,未調査。不存在を意味しない。
M024,I013,NOT_RESEARCHED,0,FALSE,NONE,,,,,,未調査。不存在を意味しない。
M024,I014,NOT_RESEARCHED,0,FALSE,NONE,,,,,,未調査。不存在を意味しない。
M024,I015,NOT_RESEARCHED,0,FALSE,NONE,,,,,,未調査。不存在を意味しない。
M024,I016,NOT_RESEARCHED,0,FALSE,NONE,,,,,,未調査。不存在を意味しない。
M024,I017,NOT_RESEARCHED,0,FALSE,NONE,,,,,,未調査。不存在を意味しない。
M024,I018,MAPPED_INITIAL,1,FALSE,CATEGORY_LEVEL,,,,,,機械抽出。品目別調査と条件枝レビューは未完了。
M024,I019,NOT_RESEARCHED,0,FALSE,NONE,,,,,,未調査。不存在を意味しない。
M024,I020,NOT_RESEARCHED,0,FALSE,NONE,,,,,,未調査。不存在を意味しない。
M024,I021,MAPPED_INITIAL,1,FALSE,CATEGORY_LEVEL,,,,,,機械抽出。品目別調査と条件枝レビューは未完了。
M024,I022,NOT_RESEARCHED,0,FALSE,NONE,,,,,,未調査。不存在を意味しない。
M024,I023,MAPPED_INITIAL,1,FALSE,CATEGORY_LEVEL,,,,,,機械抽出。品目別調査と条件枝レビューは未完了。
M024,I024,NOT_RESEARCHED,0,FALSE,NONE,,,,,,未調査。不存在を意味しない。
M024,I025,NOT_RESEARCHED,0,FALSE,NONE,,,,,,未調査。不存在を意味しない。
M024,I026,NOT_RESEARCHED,0,FALSE,NONE,,,,,,未調査。不存在を意味しない。
M024,I027,NOT_RESEARCHED,0,FALSE,NONE,,,,,,未調査。不存在を意味しない。
M024,I028,MAPPED_INITIAL,1,FALSE,CATEGORY_LEVEL,,,,,,機械抽出。品目別調査と条件枝レビューは未完了。
M024,I029,MAPPED_INITIAL,1,FALSE,CATEGORY_LEVEL,,,,,,機械抽出。品目別調査と条件枝レビューは未完了。
M024,I030,MAPPED_INITIAL,1,FALSE,CATEGORY_LEVEL,,,,,,機械抽出。品目別調査と条件枝レビューは未完了。
M024,I031,NOT_RESEARCHED,0,FALSE,NONE,,,,,,未調査。不存在を意味しない。
M024,I032,MAPPED_INITIAL,1,FALSE,CATEGORY_LEVEL,,,,,,機械抽出。品目別調査と条件枝レビューは未完了。
M024,I033,NOT_RESEARCHED,0,FALSE,NONE,,,,,,未調査。不存在を意味しない。
M024,I034,MAPPED_INITIAL,1,FALSE,CATEGORY_LEVEL,,,,,,機械抽出。品目別調査と条件枝レビューは未完了。
M024,I035,NOT_RESEARCHED,0,FALSE,NONE,,,,,,未調査。不存在を意味しない。
M024,I036,NOT_RESEARCHED,0,FALSE,NONE,,,,,,未調査。不存在を意味しない。
M024,I037,MAPPED_INITIAL,1,FALSE,CATEGORY_LEVEL,,,,,,機械抽出。品目別調査と条件枝レビューは未完了。
M024,I038,MAPPED_INITIAL,1,FALSE,CATEGORY_LEVEL,,,,,,機械抽出。品目別調査と条件枝レビューは未完了。
M024,I039,NOT_RESEARCHED,0,FALSE,NONE,,,,,,未調査。不存在を意味しない。
M024,I040,NOT_RESEARCHED,0,FALSE,NONE,,,,,,未調査。不存在を意味しない。
M025,I001,MAPPED_INITIAL,1,FALSE,CATEGORY_LEVEL,,,,,,機械抽出。品目別調査と条件枝レビューは未完了。
M025,I002,NOT_RESEARCHED,0,FALSE,NONE,,,,,,未調査。不存在を意味しない。
M025,I003,NOT_RESEARCHED,0,FALSE,NONE,,,,,,未調査。不存在を意味しない。
M025,I004,NOT_RESEARCHED,0,FALSE,NONE,,,,,,未調査。不存在を意味しない。
M025,I005,NOT_RESEARCHED,0,FALSE,NONE,,,,,,未調査。不存在を意味しない。
M025,I006,MAPPED_INITIAL,1,FALSE,CATEGORY_LEVEL,,,,,,機械抽出。品目別調査と条件枝レビューは未完了。
M025,I007,NOT_RESEARCHED,0,FALSE,NONE,,,,,,未調査。不存在を意味しない。
M025,I008,NOT_RESEARCHED,0,FALSE,NONE,,,,,,未調査。不存在を意味しない。
M025,I009,NOT_RESEARCHED,0,FALSE,NONE,,,,,,未調査。不存在を意味しない。
M025,I010,NOT_RESEARCHED,0,FALSE,NONE,,,,,,未調査。不存在を意味しない。
M025,I011,NOT_RESEARCHED,0,FALSE,NONE,,,,,,未調査。不存在を意味しない。
M025,I012,NOT_RESEARCHED,0,FALSE,NONE,,,,,,未調査。不存在を意味しない。
M025,I013,NOT_RESEARCHED,0,FALSE,NONE,,,,,,未調査。不存在を意味しない。
M025,I014,NOT_RESEARCHED,0,FALSE,NONE,,,,,,未調査。不存在を意味しない。
M025,I015,NOT_RESEARCHED,0,FALSE,NONE,,,,,,未調査。不存在を意味しない。
M025,I016,NOT_RESEARCHED,0,FALSE,NONE,,,,,,未調査。不存在を意味しない。
M025,I017,NOT_RESEARCHED,0,FALSE,NONE,,,,,,未調査。不存在を意味しない。
M025,I018,MAPPED_INITIAL,1,FALSE,CATEGORY_LEVEL,,,,,,機械抽出。品目別調査と条件枝レビューは未完了。
M025,I019,NOT_RESEARCHED,0,FALSE,NONE,,,,,,未調査。不存在を意味しない。
M025,I020,NOT_RESEARCHED,0,FALSE,NONE,,,,,,未調査。不存在を意味しない。
M025,I021,NOT_RESEARCHED,0,FALSE,NONE,,,,,,未調査。不存在を意味しない。
M025,I022,NOT_RESEARCHED,0,FALSE,NONE,,,,,,未調査。不存在を意味しない。
M025,I023,MAPPED_INITIAL,1,FALSE,CATEGORY_LEVEL,,,,,,機械抽出。品目別調査と条件枝レビューは未完了。
M025,I024,NOT_RESEARCHED,0,FALSE,NONE,,,,,,未調査。不存在を意味しない。
M025,I025,NOT_RESEARCHED,0,FALSE,NONE,,,,,,未調査。不存在を意味しない。
M025,I026,NOT_RESEARCHED,0,FALSE,NONE,,,,,,未調査。不存在を意味しない。
M025,I027,MAPPED_INITIAL,1,FALSE,CATEGORY_LEVEL,,,,,,機械抽出。品目別調査と条件枝レビューは未完了。
M025,I028,NOT_RESEARCHED,0,FALSE,NONE,,,,,,未調査。不存在を意味しない。
M025,I029,NOT_RESEARCHED,0,FALSE,NONE,,,,,,未調査。不存在を意味しない。
M025,I030,MAPPED_INITIAL,1,FALSE,CATEGORY_LEVEL,,,,,,機械抽出。品目別調査と条件枝レビューは未完了。
M025,I031,NOT_RESEARCHED,0,FALSE,NONE,,,,,,未調査。不存在を意味しない。
M025,I032,MAPPED_INITIAL,1,FALSE,CATEGORY_LEVEL,,,,,,機械抽出。品目別調査と条件枝レビューは未完了。
M025,I033,NOT_RESEARCHED,0,FALSE,NONE,,,,,,未調査。不存在を意味しない。
M025,I034,NOT_RESEARCHED,0,FALSE,NONE,,,,,,未調査。不存在を意味しない。
M025,I035,NOT_RESEARCHED,0,FALSE,NONE,,,,,,未調査。不存在を意味しない。
M025,I036,NOT_RESEARCHED,0,FALSE,NONE,,,,,,未調査。不存在を意味しない。
M025,I037,NOT_RESEARCHED,0,FALSE,NONE,,,,,,未調査。不存在を意味しない。
M025,I038,MAPPED_INITIAL,1,FALSE,CATEGORY_LEVEL,,,,,,機械抽出。品目別調査と条件枝レビューは未完了。
M025,I039,NOT_RESEARCHED,0,FALSE,NONE,,,,,,未調査。不存在を意味しない。
M025,I040,NOT_RESEARCHED,0,FALSE,NONE,,,,,,未調査。不存在を意味しない。
M026,I001,MAPPED_INITIAL,1,FALSE,CATEGORY_LEVEL,,,,,,機械抽出。品目別調査と条件枝レビューは未完了。
M026,I002,NOT_RESEARCHED,0,FALSE,NONE,,,,,,未調査。不存在を意味しない。
M026,I003,NOT_RESEARCHED,0,FALSE,NONE,,,,,,未調査。不存在を意味しない。
M026,I004,NOT_RESEARCHED,0,FALSE,NONE,,,,,,未調査。不存在を意味しない。
M026,I005,NOT_RESEARCHED,0,FALSE,NONE,,,,,,未調査。不存在を意味しない。
M026,I006,MAPPED_INITIAL,1,FALSE,CATEGORY_LEVEL,,,,,,機械抽出。品目別調査と条件枝レビューは未完了。
M026,I007,NOT_RESEARCHED,0,FALSE,NONE,,,,,,未調査。不存在を意味しない。
M026,I008,NOT_RESEARCHED,0,FALSE,NONE,,,,,,未調査。不存在を意味しない。
M026,I009,NOT_RESEARCHED,0,FALSE,NONE,,,,,,未調査。不存在を意味しない。
M026,I010,NOT_RESEARCHED,0,FALSE,NONE,,,,,,未調査。不存在を意味しない。
M026,I011,NOT_RESEARCHED,0,FALSE,NONE,,,,,,未調査。不存在を意味しない。
M026,I012,NOT_RESEARCHED,0,FALSE,NONE,,,,,,未調査。不存在を意味しない。
M026,I013,MAPPED_INITIAL,1,FALSE,CATEGORY_LEVEL,,,,,,機械抽出。品目別調査と条件枝レビューは未完了。
M026,I014,MAPPED_INITIAL,1,FALSE,CATEGORY_LEVEL,,,,,,機械抽出。品目別調査と条件枝レビューは未完了。
M026,I015,MAPPED_INITIAL,1,FALSE,CATEGORY_LEVEL,,,,,,機械抽出。品目別調査と条件枝レビューは未完了。
M026,I016,NOT_RESEARCHED,0,FALSE,NONE,,,,,,未調査。不存在を意味しない。
M026,I017,MAPPED_INITIAL,1,FALSE,CATEGORY_LEVEL,,,,,,機械抽出。品目別調査と条件枝レビューは未完了。
M026,I018,MAPPED_INITIAL,1,FALSE,CATEGORY_LEVEL,,,,,,機械抽出。品目別調査と条件枝レビューは未完了。
M026,I019,NOT_RESEARCHED,0,FALSE,NONE,,,,,,未調査。不存在を意味しない。
M026,I020,NOT_RESEARCHED,0,FALSE,NONE,,,,,,未調査。不存在を意味しない。
M026,I021,NOT_RESEARCHED,0,FALSE,NONE,,,,,,未調査。不存在を意味しない。
M026,I022,NOT_RESEARCHED,0,FALSE,NONE,,,,,,未調査。不存在を意味しない。
M026,I023,MAPPED_INITIAL,2,FALSE,CATEGORY_LEVEL,,,,,,機械抽出。品目別調査と条件枝レビューは未完了。
M026,I024,MAPPED_INITIAL,1,FALSE,CATEGORY_LEVEL,,,,,,機械抽出。品目別調査と条件枝レビューは未完了。
M026,I025,NOT_RESEARCHED,0,FALSE,NONE,,,,,,未調査。不存在を意味しない。
M026,I026,NOT_RESEARCHED,0,FALSE,NONE,,,,,,未調査。不存在を意味しない。
M026,I027,MAPPED_INITIAL,1,FALSE,CATEGORY_LEVEL,,,,,,機械抽出。品目別調査と条件枝レビューは未完了。
M026,I028,NOT_RESEARCHED,0,FALSE,NONE,,,,,,未調査。不存在を意味しない。
M026,I029,NOT_RESEARCHED,0,FALSE,NONE,,,,,,未調査。不存在を意味しない。
M026,I030,MAPPED_INITIAL,1,FALSE,CATEGORY_LEVEL,,,,,,機械抽出。品目別調査と条件枝レビューは未完了。
M026,I031,MAPPED_INITIAL,1,FALSE,CATEGORY_LEVEL,,,,,,機械抽出。品目別調査と条件枝レビューは未完了。
M026,I032,NOT_RESEARCHED,0,FALSE,NONE,,,,,,未調査。不存在を意味しない。
M026,I033,NOT_RESEARCHED,0,FALSE,NONE,,,,,,未調査。不存在を意味しない。
M026,I034,MAPPED_INITIAL,2,FALSE,CATEGORY_LEVEL,,,,,,機械抽出。品目別調査と条件枝レビューは未完了。
M026,I035,NOT_RESEARCHED,0,FALSE,NONE,,,,,,未調査。不存在を意味しない。
M026,I036,NOT_RESEARCHED,0,FALSE,NONE,,,,,,未調査。不存在を意味しない。
M026,I037,MAPPED_INITIAL,1,FALSE,CATEGORY_LEVEL,,,,,,機械抽出。品目別調査と条件枝レビューは未完了。
M026,I038,NOT_RESEARCHED,0,FALSE,NONE,,,,,,未調査。不存在を意味しない。
M026,I039,NOT_RESEARCHED,0,FALSE,NONE,,,,,,未調査。不存在を意味しない。
M026,I040,NOT_RESEARCHED,0,FALSE,NONE,,,,,,未調査。不存在を意味しない。
M027,I001,MAPPED_INITIAL,1,FALSE,CATEGORY_LEVEL,,,,,,機械抽出。品目別調査と条件枝レビューは未完了。
M027,I002,NOT_RESEARCHED,0,FALSE,NONE,,,,,,未調査。不存在を意味しない。
M027,I003,NOT_RESEARCHED,0,FALSE,NONE,,,,,,未調査。不存在を意味しない。
M027,I004,NOT_RESEARCHED,0,FALSE,NONE,,,,,,未調査。不存在を意味しない。
M027,I005,NOT_RESEARCHED,0,FALSE,NONE,,,,,,未調査。不存在を意味しない。
M027,I006,NOT_RESEARCHED,0,FALSE,NONE,,,,,,未調査。不存在を意味しない。
M027,I007,NOT_RESEARCHED,0,FALSE,NONE,,,,,,未調査。不存在を意味しない。
M027,I008,NOT_RESEARCHED,0,FALSE,NONE,,,,,,未調査。不存在を意味しない。
M027,I009,NOT_RESEARCHED,0,FALSE,NONE,,,,,,未調査。不存在を意味しない。
M027,I010,NOT_RESEARCHED,0,FALSE,NONE,,,,,,未調査。不存在を意味しない。
M027,I011,NOT_RESEARCHED,0,FALSE,NONE,,,,,,未調査。不存在を意味しない。
M027,I012,NOT_RESEARCHED,0,FALSE,NONE,,,,,,未調査。不存在を意味しない。
M027,I013,NOT_RESEARCHED,0,FALSE,NONE,,,,,,未調査。不存在を意味しない。
M027,I014,NOT_RESEARCHED,0,FALSE,NONE,,,,,,未調査。不存在を意味しない。
M027,I015,NOT_RESEARCHED,0,FALSE,NONE,,,,,,未調査。不存在を意味しない。
M027,I016,NOT_RESEARCHED,0,FALSE,NONE,,,,,,未調査。不存在を意味しない。
M027,I017,NOT_RESEARCHED,0,FALSE,NONE,,,,,,未調査。不存在を意味しない。
M027,I018,MAPPED_INITIAL,1,FALSE,CATEGORY_LEVEL,,,,,,機械抽出。品目別調査と条件枝レビューは未完了。
M027,I019,NOT_RESEARCHED,0,FALSE,NONE,,,,,,未調査。不存在を意味しない。
M027,I020,NOT_RESEARCHED,0,FALSE,NONE,,,,,,未調査。不存在を意味しない。
M027,I021,NOT_RESEARCHED,0,FALSE,NONE,,,,,,未調査。不存在を意味しない。
M027,I022,NOT_RESEARCHED,0,FALSE,NONE,,,,,,未調査。不存在を意味しない。
M027,I023,MAPPED_INITIAL,1,FALSE,CATEGORY_LEVEL,,,,,,機械抽出。品目別調査と条件枝レビューは未完了。
M027,I024,NOT_RESEARCHED,0,FALSE,NONE,,,,,,未調査。不存在を意味しない。
M027,I025,NOT_RESEARCHED,0,FALSE,NONE,,,,,,未調査。不存在を意味しない。
M027,I026,NOT_RESEARCHED,0,FALSE,NONE,,,,,,未調査。不存在を意味しない。
M027,I027,MAPPED_INITIAL,1,FALSE,CATEGORY_LEVEL,,,,,,機械抽出。品目別調査と条件枝レビューは未完了。
M027,I028,NOT_RESEARCHED,0,FALSE,NONE,,,,,,未調査。不存在を意味しない。
M027,I029,NOT_RESEARCHED,0,FALSE,NONE,,,,,,未調査。不存在を意味しない。
M027,I030,MAPPED_INITIAL,1,FALSE,CATEGORY_LEVEL,,,,,,機械抽出。品目別調査と条件枝レビューは未完了。
M027,I031,NOT_RESEARCHED,0,FALSE,NONE,,,,,,未調査。不存在を意味しない。
M027,I032,NOT_RESEARCHED,0,FALSE,NONE,,,,,,未調査。不存在を意味しない。
M027,I033,NOT_RESEARCHED,0,FALSE,NONE,,,,,,未調査。不存在を意味しない。
M027,I034,NOT_RESEARCHED,0,FALSE,NONE,,,,,,未調査。不存在を意味しない。
M027,I035,NOT_RESEARCHED,0,FALSE,NONE,,,,,,未調査。不存在を意味しない。
M027,I036,NOT_RESEARCHED,0,FALSE,NONE,,,,,,未調査。不存在を意味しない。
M027,I037,MAPPED_INITIAL,1,FALSE,CATEGORY_LEVEL,,,,,,機械抽出。品目別調査と条件枝レビューは未完了。
M027,I038,NOT_RESEARCHED,0,FALSE,NONE,,,,,,未調査。不存在を意味しない。
M027,I039,NOT_RESEARCHED,0,FALSE,NONE,,,,,,未調査。不存在を意味しない。
M027,I040,NOT_RESEARCHED,0,FALSE,NONE,,,,,,未調査。不存在を意味しない。
M028,I001,NOT_RESEARCHED,0,FALSE,NONE,,,,,,未調査。不存在を意味しない。
M028,I002,NOT_RESEARCHED,0,FALSE,NONE,,,,,,未調査。不存在を意味しない。
M028,I003,NOT_RESEARCHED,0,FALSE,NONE,,,,,,未調査。不存在を意味しない。
M028,I004,NOT_RESEARCHED,0,FALSE,NONE,,,,,,未調査。不存在を意味しない。
M028,I005,NOT_RESEARCHED,0,FALSE,NONE,,,,,,未調査。不存在を意味しない。
M028,I006,NOT_RESEARCHED,0,FALSE,NONE,,,,,,未調査。不存在を意味しない。
M028,I007,NOT_RESEARCHED,0,FALSE,NONE,,,,,,未調査。不存在を意味しない。
M028,I008,NOT_RESEARCHED,0,FALSE,NONE,,,,,,未調査。不存在を意味しない。
M028,I009,NOT_RESEARCHED,0,FALSE,NONE,,,,,,未調査。不存在を意味しない。
M028,I010,NOT_RESEARCHED,0,FALSE,NONE,,,,,,未調査。不存在を意味しない。
M028,I011,NOT_RESEARCHED,0,FALSE,NONE,,,,,,未調査。不存在を意味しない。
M028,I012,NOT_RESEARCHED,0,FALSE,NONE,,,,,,未調査。不存在を意味しない。
M028,I013,NOT_RESEARCHED,0,FALSE,NONE,,,,,,未調査。不存在を意味しない。
M028,I014,NOT_RESEARCHED,0,FALSE,NONE,,,,,,未調査。不存在を意味しない。
M028,I015,NOT_RESEARCHED,0,FALSE,NONE,,,,,,未調査。不存在を意味しない。
M028,I016,NOT_RESEARCHED,0,FALSE,NONE,,,,,,未調査。不存在を意味しない。
M028,I017,NOT_RESEARCHED,0,FALSE,NONE,,,,,,未調査。不存在を意味しない。
M028,I018,NOT_RESEARCHED,0,FALSE,NONE,,,,,,未調査。不存在を意味しない。
M028,I019,NOT_RESEARCHED,0,FALSE,NONE,,,,,,未調査。不存在を意味しない。
M028,I020,NOT_RESEARCHED,0,FALSE,NONE,,,,,,未調査。不存在を意味しない。
M028,I021,NOT_RESEARCHED,0,FALSE,NONE,,,,,,未調査。不存在を意味しない。
M028,I022,NOT_RESEARCHED,0,FALSE,NONE,,,,,,未調査。不存在を意味しない。
M028,I023,NOT_RESEARCHED,0,FALSE,NONE,,,,,,未調査。不存在を意味しない。
M028,I024,NOT_RESEARCHED,0,FALSE,NONE,,,,,,未調査。不存在を意味しない。
M028,I025,NOT_RESEARCHED,0,FALSE,NONE,,,,,,未調査。不存在を意味しない。
M028,I026,NOT_RESEARCHED,0,FALSE,NONE,,,,,,未調査。不存在を意味しない。
M028,I027,NOT_RESEARCHED,0,FALSE,NONE,,,,,,未調査。不存在を意味しない。
M028,I028,NOT_RESEARCHED,0,FALSE,NONE,,,,,,未調査。不存在を意味しない。
M028,I029,NOT_RESEARCHED,0,FALSE,NONE,,,,,,未調査。不存在を意味しない。
M028,I030,NOT_RESEARCHED,0,FALSE,NONE,,,,,,未調査。不存在を意味しない。
M028,I031,NOT_RESEARCHED,0,FALSE,NONE,,,,,,未調査。不存在を意味しない。
M028,I032,NOT_RESEARCHED,0,FALSE,NONE,,,,,,未調査。不存在を意味しない。
M028,I033,NOT_RESEARCHED,0,FALSE,NONE,,,,,,未調査。不存在を意味しない。
M028,I034,NOT_RESEARCHED,0,FALSE,NONE,,,,,,未調査。不存在を意味しない。
M028,I035,NOT_RESEARCHED,0,FALSE,NONE,,,,,,未調査。不存在を意味しない。
M028,I036,NOT_RESEARCHED,0,FALSE,NONE,,,,,,未調査。不存在を意味しない。
M028,I037,NOT_RESEARCHED,0,FALSE,NONE,,,,,,未調査。不存在を意味しない。
M028,I038,NOT_RESEARCHED,0,FALSE,NONE,,,,,,未調査。不存在を意味しない。
M028,I039,NOT_RESEARCHED,0,FALSE,NONE,,,,,,未調査。不存在を意味しない。
M028,I040,NOT_RESEARCHED,0,FALSE,NONE,,,,,,未調査。不存在を意味しない。
M029,I001,MAPPED_INITIAL,1,FALSE,CATEGORY_LEVEL,,,,,,機械抽出。品目別調査と条件枝レビューは未完了。
M029,I002,NOT_RESEARCHED,0,FALSE,NONE,,,,,,未調査。不存在を意味しない。
M029,I003,NOT_RESEARCHED,0,FALSE,NONE,,,,,,未調査。不存在を意味しない。
M029,I004,NOT_RESEARCHED,0,FALSE,NONE,,,,,,未調査。不存在を意味しない。
M029,I005,NOT_RESEARCHED,0,FALSE,NONE,,,,,,未調査。不存在を意味しない。
M029,I006,NOT_RESEARCHED,0,FALSE,NONE,,,,,,未調査。不存在を意味しない。
M029,I007,NOT_RESEARCHED,0,FALSE,NONE,,,,,,未調査。不存在を意味しない。
M029,I008,NOT_RESEARCHED,0,FALSE,NONE,,,,,,未調査。不存在を意味しない。
M029,I009,NOT_RESEARCHED,0,FALSE,NONE,,,,,,未調査。不存在を意味しない。
M029,I010,NOT_RESEARCHED,0,FALSE,NONE,,,,,,未調査。不存在を意味しない。
M029,I011,NOT_RESEARCHED,0,FALSE,NONE,,,,,,未調査。不存在を意味しない。
M029,I012,NOT_RESEARCHED,0,FALSE,NONE,,,,,,未調査。不存在を意味しない。
M029,I013,NOT_RESEARCHED,0,FALSE,NONE,,,,,,未調査。不存在を意味しない。
M029,I014,NOT_RESEARCHED,0,FALSE,NONE,,,,,,未調査。不存在を意味しない。
M029,I015,NOT_RESEARCHED,0,FALSE,NONE,,,,,,未調査。不存在を意味しない。
M029,I016,NOT_RESEARCHED,0,FALSE,NONE,,,,,,未調査。不存在を意味しない。
M029,I017,NOT_RESEARCHED,0,FALSE,NONE,,,,,,未調査。不存在を意味しない。
M029,I018,MAPPED_INITIAL,1,FALSE,CATEGORY_LEVEL,,,,,,機械抽出。品目別調査と条件枝レビューは未完了。
M029,I019,NOT_RESEARCHED,0,FALSE,NONE,,,,,,未調査。不存在を意味しない。
M029,I020,NOT_RESEARCHED,0,FALSE,NONE,,,,,,未調査。不存在を意味しない。
M029,I021,NOT_RESEARCHED,0,FALSE,NONE,,,,,,未調査。不存在を意味しない。
M029,I022,NOT_RESEARCHED,0,FALSE,NONE,,,,,,未調査。不存在を意味しない。
M029,I023,MAPPED_INITIAL,1,FALSE,CATEGORY_LEVEL,,,,,,機械抽出。品目別調査と条件枝レビューは未完了。
M029,I024,NOT_RESEARCHED,0,FALSE,NONE,,,,,,未調査。不存在を意味しない。
M029,I025,NOT_RESEARCHED,0,FALSE,NONE,,,,,,未調査。不存在を意味しない。
M029,I026,NOT_RESEARCHED,0,FALSE,NONE,,,,,,未調査。不存在を意味しない。
M029,I027,MAPPED_INITIAL,1,FALSE,CATEGORY_LEVEL,,,,,,機械抽出。品目別調査と条件枝レビューは未完了。
M029,I028,MAPPED_INITIAL,1,FALSE,CATEGORY_LEVEL,,,,,,機械抽出。品目別調査と条件枝レビューは未完了。
M029,I029,NOT_RESEARCHED,0,FALSE,NONE,,,,,,未調査。不存在を意味しない。
M029,I030,MAPPED_INITIAL,1,FALSE,CATEGORY_LEVEL,,,,,,機械抽出。品目別調査と条件枝レビューは未完了。
M029,I031,NOT_RESEARCHED,0,FALSE,NONE,,,,,,未調査。不存在を意味しない。
M029,I032,NOT_RESEARCHED,0,FALSE,NONE,,,,,,未調査。不存在を意味しない。
M029,I033,NOT_RESEARCHED,0,FALSE,NONE,,,,,,未調査。不存在を意味しない。
M029,I034,NOT_RESEARCHED,0,FALSE,NONE,,,,,,未調査。不存在を意味しない。
M029,I035,NOT_RESEARCHED,0,FALSE,NONE,,,,,,未調査。不存在を意味しない。
M029,I036,NOT_RESEARCHED,0,FALSE,NONE,,,,,,未調査。不存在を意味しない。
M029,I037,MAPPED_INITIAL,1,FALSE,CATEGORY_LEVEL,,,,,,機械抽出。品目別調査と条件枝レビューは未完了。
M029,I038,NOT_RESEARCHED,0,FALSE,NONE,,,,,,未調査。不存在を意味しない。
M029,I039,NOT_RESEARCHED,0,FALSE,NONE,,,,,,未調査。不存在を意味しない。
M029,I040,NOT_RESEARCHED,0,FALSE,NONE,,,,,,未調査。不存在を意味しない。
M030,I001,MAPPED_INITIAL,1,FALSE,CATEGORY_LEVEL,,,,,,機械抽出。品目別調査と条件枝レビューは未完了。
M030,I002,NOT_RESEARCHED,0,FALSE,NONE,,,,,,未調査。不存在を意味しない。
M030,I003,NOT_RESEARCHED,0,FALSE,NONE,,,,,,未調査。不存在を意味しない。
M030,I004,NOT_RESEARCHED,0,FALSE,NONE,,,,,,未調査。不存在を意味しない。
M030,I005,NOT_RESEARCHED,0,FALSE,NONE,,,,,,未調査。不存在を意味しない。
M030,I006,MAPPED_INITIAL,1,FALSE,CATEGORY_LEVEL,,,,,,機械抽出。品目別調査と条件枝レビューは未完了。
M030,I007,MAPPED_INITIAL,1,FALSE,CATEGORY_LEVEL,,,,,,機械抽出。品目別調査と条件枝レビューは未完了。
M030,I008,NOT_RESEARCHED,0,FALSE,NONE,,,,,,未調査。不存在を意味しない。
M030,I009,NOT_RESEARCHED,0,FALSE,NONE,,,,,,未調査。不存在を意味しない。
M030,I010,NOT_RESEARCHED,0,FALSE,NONE,,,,,,未調査。不存在を意味しない。
M030,I011,NOT_RESEARCHED,0,FALSE,NONE,,,,,,未調査。不存在を意味しない。
M030,I012,MAPPED_INITIAL,1,FALSE,CATEGORY_LEVEL,,,,,,機械抽出。品目別調査と条件枝レビューは未完了。
M030,I013,NOT_RESEARCHED,0,FALSE,NONE,,,,,,未調査。不存在を意味しない。
M030,I014,NOT_RESEARCHED,0,FALSE,NONE,,,,,,未調査。不存在を意味しない。
M030,I015,NOT_RESEARCHED,0,FALSE,NONE,,,,,,未調査。不存在を意味しない。
M030,I016,NOT_RESEARCHED,0,FALSE,NONE,,,,,,未調査。不存在を意味しない。
M030,I017,NOT_RESEARCHED,0,FALSE,NONE,,,,,,未調査。不存在を意味しない。
M030,I018,MAPPED_INITIAL,1,FALSE,CATEGORY_LEVEL,,,,,,機械抽出。品目別調査と条件枝レビューは未完了。
M030,I019,NOT_RESEARCHED,0,FALSE,NONE,,,,,,未調査。不存在を意味しない。
M030,I020,NOT_RESEARCHED,0,FALSE,NONE,,,,,,未調査。不存在を意味しない。
M030,I021,MAPPED_INITIAL,1,FALSE,CATEGORY_LEVEL,,,,,,機械抽出。品目別調査と条件枝レビューは未完了。
M030,I022,NOT_RESEARCHED,0,FALSE,NONE,,,,,,未調査。不存在を意味しない。
M030,I023,MAPPED_INITIAL,1,FALSE,CATEGORY_LEVEL,,,,,,機械抽出。品目別調査と条件枝レビューは未完了。
M030,I024,NOT_RESEARCHED,0,FALSE,NONE,,,,,,未調査。不存在を意味しない。
M030,I025,NOT_RESEARCHED,0,FALSE,NONE,,,,,,未調査。不存在を意味しない。
M030,I026,NOT_RESEARCHED,0,FALSE,NONE,,,,,,未調査。不存在を意味しない。
M030,I027,MAPPED_INITIAL,1,FALSE,CATEGORY_LEVEL,,,,,,機械抽出。品目別調査と条件枝レビューは未完了。
M030,I028,MAPPED_INITIAL,1,FALSE,CATEGORY_LEVEL,,,,,,機械抽出。品目別調査と条件枝レビューは未完了。
M030,I029,MAPPED_INITIAL,1,FALSE,CATEGORY_LEVEL,,,,,,機械抽出。品目別調査と条件枝レビューは未完了。
M030,I030,MAPPED_INITIAL,1,FALSE,CATEGORY_LEVEL,,,,,,機械抽出。品目別調査と条件枝レビューは未完了。
M030,I031,MAPPED_INITIAL,1,FALSE,CATEGORY_LEVEL,,,,,,機械抽出。品目別調査と条件枝レビューは未完了。
M030,I032,NOT_RESEARCHED,0,FALSE,NONE,,,,,,未調査。不存在を意味しない。
M030,I033,NOT_RESEARCHED,0,FALSE,NONE,,,,,,未調査。不存在を意味しない。
M030,I034,MAPPED_INITIAL,2,FALSE,CATEGORY_LEVEL,,,,,,機械抽出。品目別調査と条件枝レビューは未完了。
M030,I035,NOT_RESEARCHED,0,FALSE,NONE,,,,,,未調査。不存在を意味しない。
M030,I036,NOT_RESEARCHED,0,FALSE,NONE,,,,,,未調査。不存在を意味しない。
M030,I037,MAPPED_INITIAL,1,FALSE,CATEGORY_LEVEL,,,,,,機械抽出。品目別調査と条件枝レビューは未完了。
M030,I038,MAPPED_INITIAL,1,FALSE,CATEGORY_LEVEL,,,,,,機械抽出。品目別調査と条件枝レビューは未完了。
M030,I039,NOT_RESEARCHED,0,FALSE,NONE,,,,,,未調査。不存在を意味しない。
M030,I040,NOT_RESEARCHED,0,FALSE,NONE,,,,,,未調査。不存在を意味しない。
M031,I001,MAPPED_INITIAL,1,FALSE,CATEGORY_LEVEL,,,,,,機械抽出。品目別調査と条件枝レビューは未完了。
M031,I002,NOT_RESEARCHED,0,FALSE,NONE,,,,,,未調査。不存在を意味しない。
M031,I003,NOT_RESEARCHED,0,FALSE,NONE,,,,,,未調査。不存在を意味しない。
M031,I004,NOT_RESEARCHED,0,FALSE,NONE,,,,,,未調査。不存在を意味しない。
M031,I005,NOT_RESEARCHED,0,FALSE,NONE,,,,,,未調査。不存在を意味しない。
M031,I006,MAPPED_INITIAL,1,FALSE,CATEGORY_LEVEL,,,,,,機械抽出。品目別調査と条件枝レビューは未完了。
M031,I007,MAPPED_INITIAL,1,FALSE,CATEGORY_LEVEL,,,,,,機械抽出。品目別調査と条件枝レビューは未完了。
M031,I008,NOT_RESEARCHED,0,FALSE,NONE,,,,,,未調査。不存在を意味しない。
M031,I009,NOT_RESEARCHED,0,FALSE,NONE,,,,,,未調査。不存在を意味しない。
M031,I010,NOT_RESEARCHED,0,FALSE,NONE,,,,,,未調査。不存在を意味しない。
M031,I011,NOT_RESEARCHED,0,FALSE,NONE,,,,,,未調査。不存在を意味しない。
M031,I012,MAPPED_INITIAL,1,FALSE,CATEGORY_LEVEL,,,,,,機械抽出。品目別調査と条件枝レビューは未完了。
M031,I013,MAPPED_INITIAL,1,FALSE,CATEGORY_LEVEL,,,,,,機械抽出。品目別調査と条件枝レビューは未完了。
M031,I014,MAPPED_INITIAL,1,FALSE,CATEGORY_LEVEL,,,,,,機械抽出。品目別調査と条件枝レビューは未完了。
M031,I015,MAPPED_INITIAL,1,FALSE,CATEGORY_LEVEL,,,,,,機械抽出。品目別調査と条件枝レビューは未完了。
M031,I016,MAPPED_INITIAL,1,FALSE,CATEGORY_LEVEL,,,,,,機械抽出。品目別調査と条件枝レビューは未完了。
M031,I017,NOT_RESEARCHED,0,FALSE,NONE,,,,,,未調査。不存在を意味しない。
M031,I018,MAPPED_INITIAL,1,FALSE,CATEGORY_LEVEL,,,,,,機械抽出。品目別調査と条件枝レビューは未完了。
M031,I019,NOT_RESEARCHED,0,FALSE,NONE,,,,,,未調査。不存在を意味しない。
M031,I020,NOT_RESEARCHED,0,FALSE,NONE,,,,,,未調査。不存在を意味しない。
M031,I021,MAPPED_INITIAL,1,FALSE,CATEGORY_LEVEL,,,,,,機械抽出。品目別調査と条件枝レビューは未完了。
M031,I022,NOT_RESEARCHED,0,FALSE,NONE,,,,,,未調査。不存在を意味しない。
M031,I023,MAPPED_INITIAL,1,FALSE,CATEGORY_LEVEL,,,,,,機械抽出。品目別調査と条件枝レビューは未完了。
M031,I024,NOT_RESEARCHED,0,FALSE,NONE,,,,,,未調査。不存在を意味しない。
M031,I025,NOT_RESEARCHED,0,FALSE,NONE,,,,,,未調査。不存在を意味しない。
M031,I026,NOT_RESEARCHED,0,FALSE,NONE,,,,,,未調査。不存在を意味しない。
M031,I027,MAPPED_INITIAL,1,FALSE,CATEGORY_LEVEL,,,,,,機械抽出。品目別調査と条件枝レビューは未完了。
M031,I028,NOT_RESEARCHED,0,FALSE,NONE,,,,,,未調査。不存在を意味しない。
M031,I029,NOT_RESEARCHED,0,FALSE,NONE,,,,,,未調査。不存在を意味しない。
M031,I030,NOT_RESEARCHED,0,FALSE,NONE,,,,,,未調査。不存在を意味しない。
M031,I031,NOT_RESEARCHED,0,FALSE,NONE,,,,,,未調査。不存在を意味しない。
M031,I032,MAPPED_INITIAL,1,FALSE,CATEGORY_LEVEL,,,,,,機械抽出。品目別調査と条件枝レビューは未完了。
M031,I033,NOT_RESEARCHED,0,FALSE,NONE,,,,,,未調査。不存在を意味しない。
M031,I034,MAPPED_INITIAL,1,FALSE,CATEGORY_LEVEL,,,,,,機械抽出。品目別調査と条件枝レビューは未完了。
M031,I035,NOT_RESEARCHED,0,FALSE,NONE,,,,,,未調査。不存在を意味しない。
M031,I036,NOT_RESEARCHED,0,FALSE,NONE,,,,,,未調査。不存在を意味しない。
M031,I037,MAPPED_INITIAL,1,FALSE,CATEGORY_LEVEL,,,,,,機械抽出。品目別調査と条件枝レビューは未完了。
M031,I038,NOT_RESEARCHED,0,FALSE,NONE,,,,,,未調査。不存在を意味しない。
M031,I039,MAPPED_INITIAL,1,FALSE,CATEGORY_LEVEL,,,,,,機械抽出。品目別調査と条件枝レビューは未完了。
M031,I040,NOT_RESEARCHED,0,FALSE,NONE,,,,,,未調査。不存在を意味しない。
M032,I001,NOT_RESEARCHED,0,FALSE,NONE,,,,,,未調査。不存在を意味しない。
M032,I002,NOT_RESEARCHED,0,FALSE,NONE,,,,,,未調査。不存在を意味しない。
M032,I003,NOT_RESEARCHED,0,FALSE,NONE,,,,,,未調査。不存在を意味しない。
M032,I004,NOT_RESEARCHED,0,FALSE,NONE,,,,,,未調査。不存在を意味しない。
M032,I005,NOT_RESEARCHED,0,FALSE,NONE,,,,,,未調査。不存在を意味しない。
M032,I006,NOT_RESEARCHED,0,FALSE,NONE,,,,,,未調査。不存在を意味しない。
M032,I007,NOT_RESEARCHED,0,FALSE,NONE,,,,,,未調査。不存在を意味しない。
M032,I008,NOT_RESEARCHED,0,FALSE,NONE,,,,,,未調査。不存在を意味しない。
M032,I009,NOT_RESEARCHED,0,FALSE,NONE,,,,,,未調査。不存在を意味しない。
M032,I010,NOT_RESEARCHED,0,FALSE,NONE,,,,,,未調査。不存在を意味しない。
M032,I011,NOT_RESEARCHED,0,FALSE,NONE,,,,,,未調査。不存在を意味しない。
M032,I012,NOT_RESEARCHED,0,FALSE,NONE,,,,,,未調査。不存在を意味しない。
M032,I013,NOT_RESEARCHED,0,FALSE,NONE,,,,,,未調査。不存在を意味しない。
M032,I014,NOT_RESEARCHED,0,FALSE,NONE,,,,,,未調査。不存在を意味しない。
M032,I015,NOT_RESEARCHED,0,FALSE,NONE,,,,,,未調査。不存在を意味しない。
M032,I016,NOT_RESEARCHED,0,FALSE,NONE,,,,,,未調査。不存在を意味しない。
M032,I017,NOT_RESEARCHED,0,FALSE,NONE,,,,,,未調査。不存在を意味しない。
M032,I018,MAPPED_INITIAL,1,FALSE,CATEGORY_LEVEL,,,,,,機械抽出。品目別調査と条件枝レビューは未完了。
M032,I019,NOT_RESEARCHED,0,FALSE,NONE,,,,,,未調査。不存在を意味しない。
M032,I020,NOT_RESEARCHED,0,FALSE,NONE,,,,,,未調査。不存在を意味しない。
M032,I021,NOT_RESEARCHED,0,FALSE,NONE,,,,,,未調査。不存在を意味しない。
M032,I022,NOT_RESEARCHED,0,FALSE,NONE,,,,,,未調査。不存在を意味しない。
M032,I023,MAPPED_INITIAL,1,FALSE,CATEGORY_LEVEL,,,,,,機械抽出。品目別調査と条件枝レビューは未完了。
M032,I024,NOT_RESEARCHED,0,FALSE,NONE,,,,,,未調査。不存在を意味しない。
M032,I025,NOT_RESEARCHED,0,FALSE,NONE,,,,,,未調査。不存在を意味しない。
M032,I026,NOT_RESEARCHED,0,FALSE,NONE,,,,,,未調査。不存在を意味しない。
M032,I027,MAPPED_INITIAL,1,FALSE,CATEGORY_LEVEL,,,,,,機械抽出。品目別調査と条件枝レビューは未完了。
M032,I028,NOT_RESEARCHED,0,FALSE,NONE,,,,,,未調査。不存在を意味しない。
M032,I029,NOT_RESEARCHED,0,FALSE,NONE,,,,,,未調査。不存在を意味しない。
M032,I030,MAPPED_INITIAL,1,FALSE,CATEGORY_LEVEL,,,,,,機械抽出。品目別調査と条件枝レビューは未完了。
M032,I031,NOT_RESEARCHED,0,FALSE,NONE,,,,,,未調査。不存在を意味しない。
M032,I032,NOT_RESEARCHED,0,FALSE,NONE,,,,,,未調査。不存在を意味しない。
M032,I033,NOT_RESEARCHED,0,FALSE,NONE,,,,,,未調査。不存在を意味しない。
M032,I034,NOT_RESEARCHED,0,FALSE,NONE,,,,,,未調査。不存在を意味しない。
M032,I035,NOT_RESEARCHED,0,FALSE,NONE,,,,,,未調査。不存在を意味しない。
M032,I036,NOT_RESEARCHED,0,FALSE,NONE,,,,,,未調査。不存在を意味しない。
M032,I037,NOT_RESEARCHED,0,FALSE,NONE,,,,,,未調査。不存在を意味しない。
M032,I038,NOT_RESEARCHED,0,FALSE,NONE,,,,,,未調査。不存在を意味しない。
M032,I039,MAPPED_INITIAL,1,FALSE,CATEGORY_LEVEL,,,,,,機械抽出。品目別調査と条件枝レビューは未完了。
M032,I040,NOT_RESEARCHED,0,FALSE,NONE,,,,,,未調査。不存在を意味しない。
M033,I001,MAPPED_INITIAL,1,FALSE,CATEGORY_LEVEL,,,,,,機械抽出。品目別調査と条件枝レビューは未完了。
M033,I002,NOT_RESEARCHED,0,FALSE,NONE,,,,,,未調査。不存在を意味しない。
M033,I003,NOT_RESEARCHED,0,FALSE,NONE,,,,,,未調査。不存在を意味しない。
M033,I004,NOT_RESEARCHED,0,FALSE,NONE,,,,,,未調査。不存在を意味しない。
M033,I005,NOT_RESEARCHED,0,FALSE,NONE,,,,,,未調査。不存在を意味しない。
M033,I006,NOT_RESEARCHED,0,FALSE,NONE,,,,,,未調査。不存在を意味しない。
M033,I007,NOT_RESEARCHED,0,FALSE,NONE,,,,,,未調査。不存在を意味しない。
M033,I008,NOT_RESEARCHED,0,FALSE,NONE,,,,,,未調査。不存在を意味しない。
M033,I009,NOT_RESEARCHED,0,FALSE,NONE,,,,,,未調査。不存在を意味しない。
M033,I010,NOT_RESEARCHED,0,FALSE,NONE,,,,,,未調査。不存在を意味しない。
M033,I011,NOT_RESEARCHED,0,FALSE,NONE,,,,,,未調査。不存在を意味しない。
M033,I012,NOT_RESEARCHED,0,FALSE,NONE,,,,,,未調査。不存在を意味しない。
M033,I013,NOT_RESEARCHED,0,FALSE,NONE,,,,,,未調査。不存在を意味しない。
M033,I014,NOT_RESEARCHED,0,FALSE,NONE,,,,,,未調査。不存在を意味しない。
M033,I015,NOT_RESEARCHED,0,FALSE,NONE,,,,,,未調査。不存在を意味しない。
M033,I016,NOT_RESEARCHED,0,FALSE,NONE,,,,,,未調査。不存在を意味しない。
M033,I017,NOT_RESEARCHED,0,FALSE,NONE,,,,,,未調査。不存在を意味しない。
M033,I018,MAPPED_INITIAL,1,FALSE,CATEGORY_LEVEL,,,,,,機械抽出。品目別調査と条件枝レビューは未完了。
M033,I019,NOT_RESEARCHED,0,FALSE,NONE,,,,,,未調査。不存在を意味しない。
M033,I020,NOT_RESEARCHED,0,FALSE,NONE,,,,,,未調査。不存在を意味しない。
M033,I021,MAPPED_INITIAL,1,FALSE,CATEGORY_LEVEL,,,,,,機械抽出。品目別調査と条件枝レビューは未完了。
M033,I022,NOT_RESEARCHED,0,FALSE,NONE,,,,,,未調査。不存在を意味しない。
M033,I023,MAPPED_INITIAL,1,FALSE,CATEGORY_LEVEL,,,,,,機械抽出。品目別調査と条件枝レビューは未完了。
M033,I024,NOT_RESEARCHED,0,FALSE,NONE,,,,,,未調査。不存在を意味しない。
M033,I025,NOT_RESEARCHED,0,FALSE,NONE,,,,,,未調査。不存在を意味しない。
M033,I026,NOT_RESEARCHED,0,FALSE,NONE,,,,,,未調査。不存在を意味しない。
M033,I027,MAPPED_INITIAL,1,FALSE,CATEGORY_LEVEL,,,,,,機械抽出。品目別調査と条件枝レビューは未完了。
M033,I028,NOT_RESEARCHED,0,FALSE,NONE,,,,,,未調査。不存在を意味しない。
M033,I029,NOT_RESEARCHED,0,FALSE,NONE,,,,,,未調査。不存在を意味しない。
M033,I030,MAPPED_INITIAL,1,FALSE,CATEGORY_LEVEL,,,,,,機械抽出。品目別調査と条件枝レビューは未完了。
M033,I031,NOT_RESEARCHED,0,FALSE,NONE,,,,,,未調査。不存在を意味しない。
M033,I032,NOT_RESEARCHED,0,FALSE,NONE,,,,,,未調査。不存在を意味しない。
M033,I033,NOT_RESEARCHED,0,FALSE,NONE,,,,,,未調査。不存在を意味しない。
M033,I034,MAPPED_INITIAL,1,FALSE,CATEGORY_LEVEL,,,,,,機械抽出。品目別調査と条件枝レビューは未完了。
M033,I035,NOT_RESEARCHED,0,FALSE,NONE,,,,,,未調査。不存在を意味しない。
M033,I036,NOT_RESEARCHED,0,FALSE,NONE,,,,,,未調査。不存在を意味しない。
M033,I037,MAPPED_INITIAL,1,FALSE,CATEGORY_LEVEL,,,,,,機械抽出。品目別調査と条件枝レビューは未完了。
M033,I038,MAPPED_INITIAL,1,FALSE,CATEGORY_LEVEL,,,,,,機械抽出。品目別調査と条件枝レビューは未完了。
M033,I039,NOT_RESEARCHED,0,FALSE,NONE,,,,,,未調査。不存在を意味しない。
M033,I040,NOT_RESEARCHED,0,FALSE,NONE,,,,,,未調査。不存在を意味しない。
M034,I001,MAPPED_INITIAL,1,FALSE,CATEGORY_LEVEL,,,,,,機械抽出。品目別調査と条件枝レビューは未完了。
M034,I002,NOT_RESEARCHED,0,FALSE,NONE,,,,,,未調査。不存在を意味しない。
M034,I003,NOT_RESEARCHED,0,FALSE,NONE,,,,,,未調査。不存在を意味しない。
M034,I004,NOT_RESEARCHED,0,FALSE,NONE,,,,,,未調査。不存在を意味しない。
M034,I005,NOT_RESEARCHED,0,FALSE,NONE,,,,,,未調査。不存在を意味しない。
M034,I006,NOT_RESEARCHED,0,FALSE,NONE,,,,,,未調査。不存在を意味しない。
M034,I007,NOT_RESEARCHED,0,FALSE,NONE,,,,,,未調査。不存在を意味しない。
M034,I008,NOT_RESEARCHED,0,FALSE,NONE,,,,,,未調査。不存在を意味しない。
M034,I009,NOT_RESEARCHED,0,FALSE,NONE,,,,,,未調査。不存在を意味しない。
M034,I010,NOT_RESEARCHED,0,FALSE,NONE,,,,,,未調査。不存在を意味しない。
M034,I011,NOT_RESEARCHED,0,FALSE,NONE,,,,,,未調査。不存在を意味しない。
M034,I012,NOT_RESEARCHED,0,FALSE,NONE,,,,,,未調査。不存在を意味しない。
M034,I013,NOT_RESEARCHED,0,FALSE,NONE,,,,,,未調査。不存在を意味しない。
M034,I014,NOT_RESEARCHED,0,FALSE,NONE,,,,,,未調査。不存在を意味しない。
M034,I015,NOT_RESEARCHED,0,FALSE,NONE,,,,,,未調査。不存在を意味しない。
M034,I016,NOT_RESEARCHED,0,FALSE,NONE,,,,,,未調査。不存在を意味しない。
M034,I017,NOT_RESEARCHED,0,FALSE,NONE,,,,,,未調査。不存在を意味しない。
M034,I018,MAPPED_INITIAL,1,FALSE,CATEGORY_LEVEL,,,,,,機械抽出。品目別調査と条件枝レビューは未完了。
M034,I019,NOT_RESEARCHED,0,FALSE,NONE,,,,,,未調査。不存在を意味しない。
M034,I020,NOT_RESEARCHED,0,FALSE,NONE,,,,,,未調査。不存在を意味しない。
M034,I021,NOT_RESEARCHED,0,FALSE,NONE,,,,,,未調査。不存在を意味しない。
M034,I022,NOT_RESEARCHED,0,FALSE,NONE,,,,,,未調査。不存在を意味しない。
M034,I023,NOT_RESEARCHED,0,FALSE,NONE,,,,,,未調査。不存在を意味しない。
M034,I024,NOT_RESEARCHED,0,FALSE,NONE,,,,,,未調査。不存在を意味しない。
M034,I025,NOT_RESEARCHED,0,FALSE,NONE,,,,,,未調査。不存在を意味しない。
M034,I026,MAPPED_INITIAL,1,FALSE,CATEGORY_LEVEL,,,,,,機械抽出。品目別調査と条件枝レビューは未完了。
M034,I027,MAPPED_INITIAL,1,FALSE,CATEGORY_LEVEL,,,,,,機械抽出。品目別調査と条件枝レビューは未完了。
M034,I028,MAPPED_INITIAL,1,FALSE,CATEGORY_LEVEL,,,,,,機械抽出。品目別調査と条件枝レビューは未完了。
M034,I029,NOT_RESEARCHED,0,FALSE,NONE,,,,,,未調査。不存在を意味しない。
M034,I030,MAPPED_INITIAL,1,FALSE,CATEGORY_LEVEL,,,,,,機械抽出。品目別調査と条件枝レビューは未完了。
M034,I031,MAPPED_INITIAL,1,FALSE,CATEGORY_LEVEL,,,,,,機械抽出。品目別調査と条件枝レビューは未完了。
M034,I032,MAPPED_INITIAL,1,FALSE,CATEGORY_LEVEL,,,,,,機械抽出。品目別調査と条件枝レビューは未完了。
M034,I033,MAPPED_INITIAL,1,FALSE,CATEGORY_LEVEL,,,,,,機械抽出。品目別調査と条件枝レビューは未完了。
M034,I034,NOT_RESEARCHED,0,FALSE,NONE,,,,,,未調査。不存在を意味しない。
M034,I035,NOT_RESEARCHED,0,FALSE,NONE,,,,,,未調査。不存在を意味しない。
M034,I036,NOT_RESEARCHED,0,FALSE,NONE,,,,,,未調査。不存在を意味しない。
M034,I037,MAPPED_INITIAL,1,FALSE,CATEGORY_LEVEL,,,,,,機械抽出。品目別調査と条件枝レビューは未完了。
M034,I038,NOT_RESEARCHED,0,FALSE,NONE,,,,,,未調査。不存在を意味しない。
M034,I039,NOT_RESEARCHED,0,FALSE,NONE,,,,,,未調査。不存在を意味しない。
M034,I040,NOT_RESEARCHED,0,FALSE,NONE,,,,,,未調査。不存在を意味しない。
M035,I001,MAPPED_INITIAL,1,FALSE,CATEGORY_LEVEL,,,,,,機械抽出。品目別調査と条件枝レビューは未完了。
M035,I002,NOT_RESEARCHED,0,FALSE,NONE,,,,,,未調査。不存在を意味しない。
M035,I003,NOT_RESEARCHED,0,FALSE,NONE,,,,,,未調査。不存在を意味しない。
M035,I004,NOT_RESEARCHED,0,FALSE,NONE,,,,,,未調査。不存在を意味しない。
M035,I005,NOT_RESEARCHED,0,FALSE,NONE,,,,,,未調査。不存在を意味しない。
M035,I006,NOT_RESEARCHED,0,FALSE,NONE,,,,,,未調査。不存在を意味しない。
M035,I007,NOT_RESEARCHED,0,FALSE,NONE,,,,,,未調査。不存在を意味しない。
M035,I008,NOT_RESEARCHED,0,FALSE,NONE,,,,,,未調査。不存在を意味しない。
M035,I009,NOT_RESEARCHED,0,FALSE,NONE,,,,,,未調査。不存在を意味しない。
M035,I010,NOT_RESEARCHED,0,FALSE,NONE,,,,,,未調査。不存在を意味しない。
M035,I011,NOT_RESEARCHED,0,FALSE,NONE,,,,,,未調査。不存在を意味しない。
M035,I012,NOT_RESEARCHED,0,FALSE,NONE,,,,,,未調査。不存在を意味しない。
M035,I013,NOT_RESEARCHED,0,FALSE,NONE,,,,,,未調査。不存在を意味しない。
M035,I014,NOT_RESEARCHED,0,FALSE,NONE,,,,,,未調査。不存在を意味しない。
M035,I015,NOT_RESEARCHED,0,FALSE,NONE,,,,,,未調査。不存在を意味しない。
M035,I016,NOT_RESEARCHED,0,FALSE,NONE,,,,,,未調査。不存在を意味しない。
M035,I017,NOT_RESEARCHED,0,FALSE,NONE,,,,,,未調査。不存在を意味しない。
M035,I018,MAPPED_INITIAL,1,FALSE,CATEGORY_LEVEL,,,,,,機械抽出。品目別調査と条件枝レビューは未完了。
M035,I019,NOT_RESEARCHED,0,FALSE,NONE,,,,,,未調査。不存在を意味しない。
M035,I020,NOT_RESEARCHED,0,FALSE,NONE,,,,,,未調査。不存在を意味しない。
M035,I021,NOT_RESEARCHED,0,FALSE,NONE,,,,,,未調査。不存在を意味しない。
M035,I022,NOT_RESEARCHED,0,FALSE,NONE,,,,,,未調査。不存在を意味しない。
M035,I023,NOT_RESEARCHED,0,FALSE,NONE,,,,,,未調査。不存在を意味しない。
M035,I024,NOT_RESEARCHED,0,FALSE,NONE,,,,,,未調査。不存在を意味しない。
M035,I025,NOT_RESEARCHED,0,FALSE,NONE,,,,,,未調査。不存在を意味しない。
M035,I026,MAPPED_INITIAL,1,FALSE,CATEGORY_LEVEL,,,,,,機械抽出。品目別調査と条件枝レビューは未完了。
M035,I027,MAPPED_INITIAL,1,FALSE,CATEGORY_LEVEL,,,,,,機械抽出。品目別調査と条件枝レビューは未完了。
M035,I028,MAPPED_INITIAL,1,FALSE,CATEGORY_LEVEL,,,,,,機械抽出。品目別調査と条件枝レビューは未完了。
M035,I029,NOT_RESEARCHED,0,FALSE,NONE,,,,,,未調査。不存在を意味しない。
M035,I030,MAPPED_INITIAL,1,FALSE,CATEGORY_LEVEL,,,,,,機械抽出。品目別調査と条件枝レビューは未完了。
M035,I031,NOT_RESEARCHED,0,FALSE,NONE,,,,,,未調査。不存在を意味しない。
M035,I032,MAPPED_INITIAL,1,FALSE,CATEGORY_LEVEL,,,,,,機械抽出。品目別調査と条件枝レビューは未完了。
M035,I033,MAPPED_INITIAL,1,FALSE,CATEGORY_LEVEL,,,,,,機械抽出。品目別調査と条件枝レビューは未完了。
M035,I034,NOT_RESEARCHED,0,FALSE,NONE,,,,,,未調査。不存在を意味しない。
M035,I035,NOT_RESEARCHED,0,FALSE,NONE,,,,,,未調査。不存在を意味しない。
M035,I036,NOT_RESEARCHED,0,FALSE,NONE,,,,,,未調査。不存在を意味しない。
M035,I037,NOT_RESEARCHED,0,FALSE,NONE,,,,,,未調査。不存在を意味しない。
M035,I038,NOT_RESEARCHED,0,FALSE,NONE,,,,,,未調査。不存在を意味しない。
M035,I039,NOT_RESEARCHED,0,FALSE,NONE,,,,,,未調査。不存在を意味しない。
M035,I040,NOT_RESEARCHED,0,FALSE,NONE,,,,,,未調査。不存在を意味しない。
M036,I001,MAPPED_INITIAL,1,FALSE,CATEGORY_LEVEL,,,,,,機械抽出。品目別調査と条件枝レビューは未完了。
M036,I002,NOT_RESEARCHED,0,FALSE,NONE,,,,,,未調査。不存在を意味しない。
M036,I003,NOT_RESEARCHED,0,FALSE,NONE,,,,,,未調査。不存在を意味しない。
M036,I004,NOT_RESEARCHED,0,FALSE,NONE,,,,,,未調査。不存在を意味しない。
M036,I005,NOT_RESEARCHED,0,FALSE,NONE,,,,,,未調査。不存在を意味しない。
M036,I006,NOT_RESEARCHED,0,FALSE,NONE,,,,,,未調査。不存在を意味しない。
M036,I007,NOT_RESEARCHED,0,FALSE,NONE,,,,,,未調査。不存在を意味しない。
M036,I008,MAPPED_INITIAL,1,FALSE,CATEGORY_LEVEL,,,,,,機械抽出。品目別調査と条件枝レビューは未完了。
M036,I009,NOT_RESEARCHED,0,FALSE,NONE,,,,,,未調査。不存在を意味しない。
M036,I010,NOT_RESEARCHED,0,FALSE,NONE,,,,,,未調査。不存在を意味しない。
M036,I011,NOT_RESEARCHED,0,FALSE,NONE,,,,,,未調査。不存在を意味しない。
M036,I012,NOT_RESEARCHED,0,FALSE,NONE,,,,,,未調査。不存在を意味しない。
M036,I013,NOT_RESEARCHED,0,FALSE,NONE,,,,,,未調査。不存在を意味しない。
M036,I014,NOT_RESEARCHED,0,FALSE,NONE,,,,,,未調査。不存在を意味しない。
M036,I015,NOT_RESEARCHED,0,FALSE,NONE,,,,,,未調査。不存在を意味しない。
M036,I016,NOT_RESEARCHED,0,FALSE,NONE,,,,,,未調査。不存在を意味しない。
M036,I017,NOT_RESEARCHED,0,FALSE,NONE,,,,,,未調査。不存在を意味しない。
M036,I018,MAPPED_INITIAL,1,FALSE,CATEGORY_LEVEL,,,,,,機械抽出。品目別調査と条件枝レビューは未完了。
M036,I019,NOT_RESEARCHED,0,FALSE,NONE,,,,,,未調査。不存在を意味しない。
M036,I020,NOT_RESEARCHED,0,FALSE,NONE,,,,,,未調査。不存在を意味しない。
M036,I021,NOT_RESEARCHED,0,FALSE,NONE,,,,,,未調査。不存在を意味しない。
M036,I022,NOT_RESEARCHED,0,FALSE,NONE,,,,,,未調査。不存在を意味しない。
M036,I023,NOT_RESEARCHED,0,FALSE,NONE,,,,,,未調査。不存在を意味しない。
M036,I024,NOT_RESEARCHED,0,FALSE,NONE,,,,,,未調査。不存在を意味しない。
M036,I025,NOT_RESEARCHED,0,FALSE,NONE,,,,,,未調査。不存在を意味しない。
M036,I026,MAPPED_INITIAL,1,FALSE,CATEGORY_LEVEL,,,,,,機械抽出。品目別調査と条件枝レビューは未完了。
M036,I027,MAPPED_INITIAL,1,FALSE,CATEGORY_LEVEL,,,,,,機械抽出。品目別調査と条件枝レビューは未完了。
M036,I028,NOT_RESEARCHED,0,FALSE,NONE,,,,,,未調査。不存在を意味しない。
M036,I029,NOT_RESEARCHED,0,FALSE,NONE,,,,,,未調査。不存在を意味しない。
M036,I030,NOT_RESEARCHED,0,FALSE,NONE,,,,,,未調査。不存在を意味しない。
M036,I031,NOT_RESEARCHED,0,FALSE,NONE,,,,,,未調査。不存在を意味しない。
M036,I032,MAPPED_INITIAL,1,FALSE,CATEGORY_LEVEL,,,,,,機械抽出。品目別調査と条件枝レビューは未完了。
M036,I033,MAPPED_INITIAL,1,FALSE,CATEGORY_LEVEL,,,,,,機械抽出。品目別調査と条件枝レビューは未完了。
M036,I034,NOT_RESEARCHED,0,FALSE,NONE,,,,,,未調査。不存在を意味しない。
M036,I035,NOT_RESEARCHED,0,FALSE,NONE,,,,,,未調査。不存在を意味しない。
M036,I036,NOT_RESEARCHED,0,FALSE,NONE,,,,,,未調査。不存在を意味しない。
M036,I037,MAPPED_INITIAL,1,FALSE,CATEGORY_LEVEL,,,,,,機械抽出。品目別調査と条件枝レビューは未完了。
M036,I038,NOT_RESEARCHED,0,FALSE,NONE,,,,,,未調査。不存在を意味しない。
M036,I039,NOT_RESEARCHED,0,FALSE,NONE,,,,,,未調査。不存在を意味しない。
M036,I040,NOT_RESEARCHED,0,FALSE,NONE,,,,,,未調査。不存在を意味しない。
M037,I001,MAPPED_INITIAL,1,FALSE,CATEGORY_LEVEL,,,,,,機械抽出。品目別調査と条件枝レビューは未完了。
M037,I002,NOT_RESEARCHED,0,FALSE,NONE,,,,,,未調査。不存在を意味しない。
M037,I003,NOT_RESEARCHED,0,FALSE,NONE,,,,,,未調査。不存在を意味しない。
M037,I004,MAPPED_INITIAL,1,FALSE,CATEGORY_LEVEL,,,,,,機械抽出。品目別調査と条件枝レビューは未完了。
M037,I005,MAPPED_INITIAL,1,FALSE,CATEGORY_LEVEL,,,,,,機械抽出。品目別調査と条件枝レビューは未完了。
M037,I006,MAPPED_INITIAL,1,FALSE,CATEGORY_LEVEL,,,,,,機械抽出。品目別調査と条件枝レビューは未完了。
M037,I007,NOT_RESEARCHED,0,FALSE,NONE,,,,,,未調査。不存在を意味しない。
M037,I008,NOT_RESEARCHED,0,FALSE,NONE,,,,,,未調査。不存在を意味しない。
M037,I009,NOT_RESEARCHED,0,FALSE,NONE,,,,,,未調査。不存在を意味しない。
M037,I010,NOT_RESEARCHED,0,FALSE,NONE,,,,,,未調査。不存在を意味しない。
M037,I011,NOT_RESEARCHED,0,FALSE,NONE,,,,,,未調査。不存在を意味しない。
M037,I012,NOT_RESEARCHED,0,FALSE,NONE,,,,,,未調査。不存在を意味しない。
M037,I013,NOT_RESEARCHED,0,FALSE,NONE,,,,,,未調査。不存在を意味しない。
M037,I014,NOT_RESEARCHED,0,FALSE,NONE,,,,,,未調査。不存在を意味しない。
M037,I015,NOT_RESEARCHED,0,FALSE,NONE,,,,,,未調査。不存在を意味しない。
M037,I016,NOT_RESEARCHED,0,FALSE,NONE,,,,,,未調査。不存在を意味しない。
M037,I017,NOT_RESEARCHED,0,FALSE,NONE,,,,,,未調査。不存在を意味しない。
M037,I018,MAPPED_INITIAL,1,FALSE,CATEGORY_LEVEL,,,,,,機械抽出。品目別調査と条件枝レビューは未完了。
M037,I019,NOT_RESEARCHED,0,FALSE,NONE,,,,,,未調査。不存在を意味しない。
M037,I020,NOT_RESEARCHED,0,FALSE,NONE,,,,,,未調査。不存在を意味しない。
M037,I021,MAPPED_INITIAL,1,FALSE,CATEGORY_LEVEL,,,,,,機械抽出。品目別調査と条件枝レビューは未完了。
M037,I022,NOT_RESEARCHED,0,FALSE,NONE,,,,,,未調査。不存在を意味しない。
M037,I023,MAPPED_INITIAL,1,FALSE,CATEGORY_LEVEL,,,,,,機械抽出。品目別調査と条件枝レビューは未完了。
M037,I024,NOT_RESEARCHED,0,FALSE,NONE,,,,,,未調査。不存在を意味しない。
M037,I025,NOT_RESEARCHED,0,FALSE,NONE,,,,,,未調査。不存在を意味しない。
M037,I026,NOT_RESEARCHED,0,FALSE,NONE,,,,,,未調査。不存在を意味しない。
M037,I027,MAPPED_INITIAL,1,FALSE,CATEGORY_LEVEL,,,,,,機械抽出。品目別調査と条件枝レビューは未完了。
M037,I028,NOT_RESEARCHED,0,FALSE,NONE,,,,,,未調査。不存在を意味しない。
M037,I029,NOT_RESEARCHED,0,FALSE,NONE,,,,,,未調査。不存在を意味しない。
M037,I030,MAPPED_INITIAL,1,FALSE,CATEGORY_LEVEL,,,,,,機械抽出。品目別調査と条件枝レビューは未完了。
M037,I031,NOT_RESEARCHED,0,FALSE,NONE,,,,,,未調査。不存在を意味しない。
M037,I032,MAPPED_INITIAL,1,FALSE,CATEGORY_LEVEL,,,,,,機械抽出。品目別調査と条件枝レビューは未完了。
M037,I033,NOT_RESEARCHED,0,FALSE,NONE,,,,,,未調査。不存在を意味しない。
M037,I034,MAPPED_INITIAL,1,FALSE,CATEGORY_LEVEL,,,,,,機械抽出。品目別調査と条件枝レビューは未完了。
M037,I035,MAPPED_INITIAL,1,FALSE,CATEGORY_LEVEL,,,,,,機械抽出。品目別調査と条件枝レビューは未完了。
M037,I036,NOT_RESEARCHED,0,FALSE,NONE,,,,,,未調査。不存在を意味しない。
M037,I037,NOT_RESEARCHED,0,FALSE,NONE,,,,,,未調査。不存在を意味しない。
M037,I038,NOT_RESEARCHED,0,FALSE,NONE,,,,,,未調査。不存在を意味しない。
M037,I039,NOT_RESEARCHED,0,FALSE,NONE,,,,,,未調査。不存在を意味しない。
M037,I040,NOT_RESEARCHED,0,FALSE,NONE,,,,,,未調査。不存在を意味しない。
M038,I001,MAPPED_INITIAL,1,FALSE,CATEGORY_LEVEL,,,,,,機械抽出。品目別調査と条件枝レビューは未完了。
M038,I002,NOT_RESEARCHED,0,FALSE,NONE,,,,,,未調査。不存在を意味しない。
M038,I003,NOT_RESEARCHED,0,FALSE,NONE,,,,,,未調査。不存在を意味しない。
M038,I004,NOT_RESEARCHED,0,FALSE,NONE,,,,,,未調査。不存在を意味しない。
M038,I005,NOT_RESEARCHED,0,FALSE,NONE,,,,,,未調査。不存在を意味しない。
M038,I006,MAPPED_INITIAL,1,FALSE,CATEGORY_LEVEL,,,,,,機械抽出。品目別調査と条件枝レビューは未完了。
M038,I007,NOT_RESEARCHED,0,FALSE,NONE,,,,,,未調査。不存在を意味しない。
M038,I008,NOT_RESEARCHED,0,FALSE,NONE,,,,,,未調査。不存在を意味しない。
M038,I009,NOT_RESEARCHED,0,FALSE,NONE,,,,,,未調査。不存在を意味しない。
M038,I010,NOT_RESEARCHED,0,FALSE,NONE,,,,,,未調査。不存在を意味しない。
M038,I011,NOT_RESEARCHED,0,FALSE,NONE,,,,,,未調査。不存在を意味しない。
M038,I012,MAPPED_INITIAL,1,FALSE,CATEGORY_LEVEL,,,,,,機械抽出。品目別調査と条件枝レビューは未完了。
M038,I013,NOT_RESEARCHED,0,FALSE,NONE,,,,,,未調査。不存在を意味しない。
M038,I014,NOT_RESEARCHED,0,FALSE,NONE,,,,,,未調査。不存在を意味しない。
M038,I015,NOT_RESEARCHED,0,FALSE,NONE,,,,,,未調査。不存在を意味しない。
M038,I016,NOT_RESEARCHED,0,FALSE,NONE,,,,,,未調査。不存在を意味しない。
M038,I017,NOT_RESEARCHED,0,FALSE,NONE,,,,,,未調査。不存在を意味しない。
M038,I018,MAPPED_INITIAL,1,FALSE,CATEGORY_LEVEL,,,,,,機械抽出。品目別調査と条件枝レビューは未完了。
M038,I019,NOT_RESEARCHED,0,FALSE,NONE,,,,,,未調査。不存在を意味しない。
M038,I020,NOT_RESEARCHED,0,FALSE,NONE,,,,,,未調査。不存在を意味しない。
M038,I021,MAPPED_INITIAL,1,FALSE,CATEGORY_LEVEL,,,,,,機械抽出。品目別調査と条件枝レビューは未完了。
M038,I022,NOT_RESEARCHED,0,FALSE,NONE,,,,,,未調査。不存在を意味しない。
M038,I023,MAPPED_INITIAL,1,FALSE,CATEGORY_LEVEL,,,,,,機械抽出。品目別調査と条件枝レビューは未完了。
M038,I024,NOT_RESEARCHED,0,FALSE,NONE,,,,,,未調査。不存在を意味しない。
M038,I025,NOT_RESEARCHED,0,FALSE,NONE,,,,,,未調査。不存在を意味しない。
M038,I026,NOT_RESEARCHED,0,FALSE,NONE,,,,,,未調査。不存在を意味しない。
M038,I027,MAPPED_INITIAL,1,FALSE,CATEGORY_LEVEL,,,,,,機械抽出。品目別調査と条件枝レビューは未完了。
M038,I028,NOT_RESEARCHED,0,FALSE,NONE,,,,,,未調査。不存在を意味しない。
M038,I029,NOT_RESEARCHED,0,FALSE,NONE,,,,,,未調査。不存在を意味しない。
M038,I030,MAPPED_INITIAL,1,FALSE,CATEGORY_LEVEL,,,,,,機械抽出。品目別調査と条件枝レビューは未完了。
M038,I031,NOT_RESEARCHED,0,FALSE,NONE,,,,,,未調査。不存在を意味しない。
M038,I032,MAPPED_INITIAL,1,FALSE,CATEGORY_LEVEL,,,,,,機械抽出。品目別調査と条件枝レビューは未完了。
M038,I033,NOT_RESEARCHED,0,FALSE,NONE,,,,,,未調査。不存在を意味しない。
M038,I034,MAPPED_INITIAL,1,FALSE,CATEGORY_LEVEL,,,,,,機械抽出。品目別調査と条件枝レビューは未完了。
M038,I035,NOT_RESEARCHED,0,FALSE,NONE,,,,,,未調査。不存在を意味しない。
M038,I036,NOT_RESEARCHED,0,FALSE,NONE,,,,,,未調査。不存在を意味しない。
M038,I037,MAPPED_INITIAL,1,FALSE,CATEGORY_LEVEL,,,,,,機械抽出。品目別調査と条件枝レビューは未完了。
M038,I038,NOT_RESEARCHED,0,FALSE,NONE,,,,,,未調査。不存在を意味しない。
M038,I039,NOT_RESEARCHED,0,FALSE,NONE,,,,,,未調査。不存在を意味しない。
M038,I040,NOT_RESEARCHED,0,FALSE,NONE,,,,,,未調査。不存在を意味しない。
M039,I001,MAPPED_INITIAL,1,FALSE,CATEGORY_LEVEL,,,,,,機械抽出。品目別調査と条件枝レビューは未完了。
M039,I002,NOT_RESEARCHED,0,FALSE,NONE,,,,,,未調査。不存在を意味しない。
M039,I003,NOT_RESEARCHED,0,FALSE,NONE,,,,,,未調査。不存在を意味しない。
M039,I004,NOT_RESEARCHED,0,FALSE,NONE,,,,,,未調査。不存在を意味しない。
M039,I005,NOT_RESEARCHED,0,FALSE,NONE,,,,,,未調査。不存在を意味しない。
M039,I006,MAPPED_INITIAL,1,FALSE,CATEGORY_LEVEL,,,,,,機械抽出。品目別調査と条件枝レビューは未完了。
M039,I007,NOT_RESEARCHED,0,FALSE,NONE,,,,,,未調査。不存在を意味しない。
M039,I008,NOT_RESEARCHED,0,FALSE,NONE,,,,,,未調査。不存在を意味しない。
M039,I009,NOT_RESEARCHED,0,FALSE,NONE,,,,,,未調査。不存在を意味しない。
M039,I010,NOT_RESEARCHED,0,FALSE,NONE,,,,,,未調査。不存在を意味しない。
M039,I011,NOT_RESEARCHED,0,FALSE,NONE,,,,,,未調査。不存在を意味しない。
M039,I012,MAPPED_INITIAL,1,FALSE,CATEGORY_LEVEL,,,,,,機械抽出。品目別調査と条件枝レビューは未完了。
M039,I013,NOT_RESEARCHED,0,FALSE,NONE,,,,,,未調査。不存在を意味しない。
M039,I014,NOT_RESEARCHED,0,FALSE,NONE,,,,,,未調査。不存在を意味しない。
M039,I015,NOT_RESEARCHED,0,FALSE,NONE,,,,,,未調査。不存在を意味しない。
M039,I016,NOT_RESEARCHED,0,FALSE,NONE,,,,,,未調査。不存在を意味しない。
M039,I017,MAPPED_INITIAL,1,FALSE,CATEGORY_LEVEL,,,,,,機械抽出。品目別調査と条件枝レビューは未完了。
M039,I018,MAPPED_INITIAL,1,FALSE,CATEGORY_LEVEL,,,,,,機械抽出。品目別調査と条件枝レビューは未完了。
M039,I019,NOT_RESEARCHED,0,FALSE,NONE,,,,,,未調査。不存在を意味しない。
M039,I020,NOT_RESEARCHED,0,FALSE,NONE,,,,,,未調査。不存在を意味しない。
M039,I021,MAPPED_INITIAL,1,FALSE,CATEGORY_LEVEL,,,,,,機械抽出。品目別調査と条件枝レビューは未完了。
M039,I022,NOT_RESEARCHED,0,FALSE,NONE,,,,,,未調査。不存在を意味しない。
M039,I023,MAPPED_INITIAL,1,FALSE,CATEGORY_LEVEL,,,,,,機械抽出。品目別調査と条件枝レビューは未完了。
M039,I024,NOT_RESEARCHED,0,FALSE,NONE,,,,,,未調査。不存在を意味しない。
M039,I025,NOT_RESEARCHED,0,FALSE,NONE,,,,,,未調査。不存在を意味しない。
M039,I026,NOT_RESEARCHED,0,FALSE,NONE,,,,,,未調査。不存在を意味しない。
M039,I027,NOT_RESEARCHED,0,FALSE,NONE,,,,,,未調査。不存在を意味しない。
M039,I028,NOT_RESEARCHED,0,FALSE,NONE,,,,,,未調査。不存在を意味しない。
M039,I029,NOT_RESEARCHED,0,FALSE,NONE,,,,,,未調査。不存在を意味しない。
M039,I030,MAPPED_INITIAL,1,FALSE,CATEGORY_LEVEL,,,,,,機械抽出。品目別調査と条件枝レビューは未完了。
M039,I031,NOT_RESEARCHED,0,FALSE,NONE,,,,,,未調査。不存在を意味しない。
M039,I032,MAPPED_INITIAL,1,FALSE,CATEGORY_LEVEL,,,,,,機械抽出。品目別調査と条件枝レビューは未完了。
M039,I033,NOT_RESEARCHED,0,FALSE,NONE,,,,,,未調査。不存在を意味しない。
M039,I034,MAPPED_INITIAL,1,FALSE,CATEGORY_LEVEL,,,,,,機械抽出。品目別調査と条件枝レビューは未完了。
M039,I035,NOT_RESEARCHED,0,FALSE,NONE,,,,,,未調査。不存在を意味しない。
M039,I036,NOT_RESEARCHED,0,FALSE,NONE,,,,,,未調査。不存在を意味しない。
M039,I037,MAPPED_INITIAL,1,FALSE,CATEGORY_LEVEL,,,,,,機械抽出。品目別調査と条件枝レビューは未完了。
M039,I038,NOT_RESEARCHED,0,FALSE,NONE,,,,,,未調査。不存在を意味しない。
M039,I039,NOT_RESEARCHED,0,FALSE,NONE,,,,,,未調査。不存在を意味しない。
M039,I040,NOT_RESEARCHED,0,FALSE,NONE,,,,,,未調査。不存在を意味しない。
M040,I001,MAPPED_INITIAL,1,FALSE,CATEGORY_LEVEL,,,,,,機械抽出。品目別調査と条件枝レビューは未完了。
M040,I002,NOT_RESEARCHED,0,FALSE,NONE,,,,,,未調査。不存在を意味しない。
M040,I003,NOT_RESEARCHED,0,FALSE,NONE,,,,,,未調査。不存在を意味しない。
M040,I004,NOT_RESEARCHED,0,FALSE,NONE,,,,,,未調査。不存在を意味しない。
M040,I005,NOT_RESEARCHED,0,FALSE,NONE,,,,,,未調査。不存在を意味しない。
M040,I006,MAPPED_INITIAL,1,FALSE,CATEGORY_LEVEL,,,,,,機械抽出。品目別調査と条件枝レビューは未完了。
M040,I007,NOT_RESEARCHED,0,FALSE,NONE,,,,,,未調査。不存在を意味しない。
M040,I008,NOT_RESEARCHED,0,FALSE,NONE,,,,,,未調査。不存在を意味しない。
M040,I009,NOT_RESEARCHED,0,FALSE,NONE,,,,,,未調査。不存在を意味しない。
M040,I010,NOT_RESEARCHED,0,FALSE,NONE,,,,,,未調査。不存在を意味しない。
M040,I011,NOT_RESEARCHED,0,FALSE,NONE,,,,,,未調査。不存在を意味しない。
M040,I012,MAPPED_INITIAL,1,FALSE,CATEGORY_LEVEL,,,,,,機械抽出。品目別調査と条件枝レビューは未完了。
M040,I013,NOT_RESEARCHED,0,FALSE,NONE,,,,,,未調査。不存在を意味しない。
M040,I014,NOT_RESEARCHED,0,FALSE,NONE,,,,,,未調査。不存在を意味しない。
M040,I015,NOT_RESEARCHED,0,FALSE,NONE,,,,,,未調査。不存在を意味しない。
M040,I016,NOT_RESEARCHED,0,FALSE,NONE,,,,,,未調査。不存在を意味しない。
M040,I017,NOT_RESEARCHED,0,FALSE,NONE,,,,,,未調査。不存在を意味しない。
M040,I018,MAPPED_INITIAL,1,FALSE,CATEGORY_LEVEL,,,,,,機械抽出。品目別調査と条件枝レビューは未完了。
M040,I019,NOT_RESEARCHED,0,FALSE,NONE,,,,,,未調査。不存在を意味しない。
M040,I020,NOT_RESEARCHED,0,FALSE,NONE,,,,,,未調査。不存在を意味しない。
M040,I021,MAPPED_INITIAL,1,FALSE,CATEGORY_LEVEL,,,,,,機械抽出。品目別調査と条件枝レビューは未完了。
M040,I022,NOT_RESEARCHED,0,FALSE,NONE,,,,,,未調査。不存在を意味しない。
M040,I023,MAPPED_INITIAL,1,FALSE,CATEGORY_LEVEL,,,,,,機械抽出。品目別調査と条件枝レビューは未完了。
M040,I024,NOT_RESEARCHED,0,FALSE,NONE,,,,,,未調査。不存在を意味しない。
M040,I025,NOT_RESEARCHED,0,FALSE,NONE,,,,,,未調査。不存在を意味しない。
M040,I026,NOT_RESEARCHED,0,FALSE,NONE,,,,,,未調査。不存在を意味しない。
M040,I027,MAPPED_INITIAL,1,FALSE,CATEGORY_LEVEL,,,,,,機械抽出。品目別調査と条件枝レビューは未完了。
M040,I028,NOT_RESEARCHED,0,FALSE,NONE,,,,,,未調査。不存在を意味しない。
M040,I029,NOT_RESEARCHED,0,FALSE,NONE,,,,,,未調査。不存在を意味しない。
M040,I030,MAPPED_INITIAL,1,FALSE,CATEGORY_LEVEL,,,,,,機械抽出。品目別調査と条件枝レビューは未完了。
M040,I031,NOT_RESEARCHED,0,FALSE,NONE,,,,,,未調査。不存在を意味しない。
M040,I032,MAPPED_INITIAL,1,FALSE,CATEGORY_LEVEL,,,,,,機械抽出。品目別調査と条件枝レビューは未完了。
M040,I033,NOT_RESEARCHED,0,FALSE,NONE,,,,,,未調査。不存在を意味しない。
M040,I034,MAPPED_INITIAL,1,FALSE,CATEGORY_LEVEL,,,,,,機械抽出。品目別調査と条件枝レビューは未完了。
M040,I035,NOT_RESEARCHED,0,FALSE,NONE,,,,,,未調査。不存在を意味しない。
M040,I036,NOT_RESEARCHED,0,FALSE,NONE,,,,,,未調査。不存在を意味しない。
M040,I037,NOT_RESEARCHED,0,FALSE,NONE,,,,,,未調査。不存在を意味しない。
M040,I038,NOT_RESEARCHED,0,FALSE,NONE,,,,,,未調査。不存在を意味しない。
M040,I039,NOT_RESEARCHED,0,FALSE,NONE,,,,,,未調査。不存在を意味しない。
M040,I040,NOT_RESEARCHED,0,FALSE,NONE,,,,,,未調査。不存在を意味しない。
M041,I001,NOT_RESEARCHED,0,FALSE,NONE,,,,,,未調査。不存在を意味しない。
M041,I002,NOT_RESEARCHED,0,FALSE,NONE,,,,,,未調査。不存在を意味しない。
M041,I003,NOT_RESEARCHED,0,FALSE,NONE,,,,,,未調査。不存在を意味しない。
M041,I004,NOT_RESEARCHED,0,FALSE,NONE,,,,,,未調査。不存在を意味しない。
M041,I005,NOT_RESEARCHED,0,FALSE,NONE,,,,,,未調査。不存在を意味しない。
M041,I006,NOT_RESEARCHED,0,FALSE,NONE,,,,,,未調査。不存在を意味しない。
M041,I007,NOT_RESEARCHED,0,FALSE,NONE,,,,,,未調査。不存在を意味しない。
M041,I008,NOT_RESEARCHED,0,FALSE,NONE,,,,,,未調査。不存在を意味しない。
M041,I009,NOT_RESEARCHED,0,FALSE,NONE,,,,,,未調査。不存在を意味しない。
M041,I010,NOT_RESEARCHED,0,FALSE,NONE,,,,,,未調査。不存在を意味しない。
M041,I011,NOT_RESEARCHED,0,FALSE,NONE,,,,,,未調査。不存在を意味しない。
M041,I012,MAPPED_INITIAL,1,FALSE,CATEGORY_LEVEL,,,,,,機械抽出。品目別調査と条件枝レビューは未完了。
M041,I013,NOT_RESEARCHED,0,FALSE,NONE,,,,,,未調査。不存在を意味しない。
M041,I014,NOT_RESEARCHED,0,FALSE,NONE,,,,,,未調査。不存在を意味しない。
M041,I015,NOT_RESEARCHED,0,FALSE,NONE,,,,,,未調査。不存在を意味しない。
M041,I016,NOT_RESEARCHED,0,FALSE,NONE,,,,,,未調査。不存在を意味しない。
M041,I017,NOT_RESEARCHED,0,FALSE,NONE,,,,,,未調査。不存在を意味しない。
M041,I018,MAPPED_INITIAL,1,FALSE,CATEGORY_LEVEL,,,,,,機械抽出。品目別調査と条件枝レビューは未完了。
M041,I019,NOT_RESEARCHED,0,FALSE,NONE,,,,,,未調査。不存在を意味しない。
M041,I020,NOT_RESEARCHED,0,FALSE,NONE,,,,,,未調査。不存在を意味しない。
M041,I021,MAPPED_INITIAL,1,FALSE,CATEGORY_LEVEL,,,,,,機械抽出。品目別調査と条件枝レビューは未完了。
M041,I022,NOT_RESEARCHED,0,FALSE,NONE,,,,,,未調査。不存在を意味しない。
M041,I023,MAPPED_INITIAL,1,FALSE,CATEGORY_LEVEL,,,,,,機械抽出。品目別調査と条件枝レビューは未完了。
M041,I024,NOT_RESEARCHED,0,FALSE,NONE,,,,,,未調査。不存在を意味しない。
M041,I025,NOT_RESEARCHED,0,FALSE,NONE,,,,,,未調査。不存在を意味しない。
M041,I026,NOT_RESEARCHED,0,FALSE,NONE,,,,,,未調査。不存在を意味しない。
M041,I027,MAPPED_INITIAL,1,FALSE,CATEGORY_LEVEL,,,,,,機械抽出。品目別調査と条件枝レビューは未完了。
M041,I028,NOT_RESEARCHED,0,FALSE,NONE,,,,,,未調査。不存在を意味しない。
M041,I029,NOT_RESEARCHED,0,FALSE,NONE,,,,,,未調査。不存在を意味しない。
M041,I030,MAPPED_INITIAL,1,FALSE,CATEGORY_LEVEL,,,,,,機械抽出。品目別調査と条件枝レビューは未完了。
M041,I031,NOT_RESEARCHED,0,FALSE,NONE,,,,,,未調査。不存在を意味しない。
M041,I032,NOT_RESEARCHED,0,FALSE,NONE,,,,,,未調査。不存在を意味しない。
M041,I033,NOT_RESEARCHED,0,FALSE,NONE,,,,,,未調査。不存在を意味しない。
M041,I034,MAPPED_INITIAL,1,FALSE,CATEGORY_LEVEL,,,,,,機械抽出。品目別調査と条件枝レビューは未完了。
M041,I035,NOT_RESEARCHED,0,FALSE,NONE,,,,,,未調査。不存在を意味しない。
M041,I036,NOT_RESEARCHED,0,FALSE,NONE,,,,,,未調査。不存在を意味しない。
M041,I037,MAPPED_INITIAL,1,FALSE,CATEGORY_LEVEL,,,,,,機械抽出。品目別調査と条件枝レビューは未完了。
M041,I038,NOT_RESEARCHED,0,FALSE,NONE,,,,,,未調査。不存在を意味しない。
M041,I039,NOT_RESEARCHED,0,FALSE,NONE,,,,,,未調査。不存在を意味しない。
M041,I040,NOT_RESEARCHED,0,FALSE,NONE,,,,,,未調査。不存在を意味しない。
M042,I001,MAPPED_INITIAL,1,FALSE,CATEGORY_LEVEL,,,,,,機械抽出。品目別調査と条件枝レビューは未完了。
M042,I002,NOT_RESEARCHED,0,FALSE,NONE,,,,,,未調査。不存在を意味しない。
M042,I003,NOT_RESEARCHED,0,FALSE,NONE,,,,,,未調査。不存在を意味しない。
M042,I004,NOT_RESEARCHED,0,FALSE,NONE,,,,,,未調査。不存在を意味しない。
M042,I005,NOT_RESEARCHED,0,FALSE,NONE,,,,,,未調査。不存在を意味しない。
M042,I006,MAPPED_INITIAL,1,FALSE,CATEGORY_LEVEL,,,,,,機械抽出。品目別調査と条件枝レビューは未完了。
M042,I007,NOT_RESEARCHED,0,FALSE,NONE,,,,,,未調査。不存在を意味しない。
M042,I008,NOT_RESEARCHED,0,FALSE,NONE,,,,,,未調査。不存在を意味しない。
M042,I009,NOT_RESEARCHED,0,FALSE,NONE,,,,,,未調査。不存在を意味しない。
M042,I010,NOT_RESEARCHED,0,FALSE,NONE,,,,,,未調査。不存在を意味しない。
M042,I011,NOT_RESEARCHED,0,FALSE,NONE,,,,,,未調査。不存在を意味しない。
M042,I012,MAPPED_INITIAL,1,FALSE,CATEGORY_LEVEL,,,,,,機械抽出。品目別調査と条件枝レビューは未完了。
M042,I013,NOT_RESEARCHED,0,FALSE,NONE,,,,,,未調査。不存在を意味しない。
M042,I014,NOT_RESEARCHED,0,FALSE,NONE,,,,,,未調査。不存在を意味しない。
M042,I015,NOT_RESEARCHED,0,FALSE,NONE,,,,,,未調査。不存在を意味しない。
M042,I016,NOT_RESEARCHED,0,FALSE,NONE,,,,,,未調査。不存在を意味しない。
M042,I017,NOT_RESEARCHED,0,FALSE,NONE,,,,,,未調査。不存在を意味しない。
M042,I018,MAPPED_INITIAL,1,FALSE,CATEGORY_LEVEL,,,,,,機械抽出。品目別調査と条件枝レビューは未完了。
M042,I019,NOT_RESEARCHED,0,FALSE,NONE,,,,,,未調査。不存在を意味しない。
M042,I020,NOT_RESEARCHED,0,FALSE,NONE,,,,,,未調査。不存在を意味しない。
M042,I021,NOT_RESEARCHED,0,FALSE,NONE,,,,,,未調査。不存在を意味しない。
M042,I022,NOT_RESEARCHED,0,FALSE,NONE,,,,,,未調査。不存在を意味しない。
M042,I023,MAPPED_INITIAL,1,FALSE,CATEGORY_LEVEL,,,,,,機械抽出。品目別調査と条件枝レビューは未完了。
M042,I024,NOT_RESEARCHED,0,FALSE,NONE,,,,,,未調査。不存在を意味しない。
M042,I025,NOT_RESEARCHED,0,FALSE,NONE,,,,,,未調査。不存在を意味しない。
M042,I026,NOT_RESEARCHED,0,FALSE,NONE,,,,,,未調査。不存在を意味しない。
M042,I027,MAPPED_INITIAL,1,FALSE,CATEGORY_LEVEL,,,,,,機械抽出。品目別調査と条件枝レビューは未完了。
M042,I028,NOT_RESEARCHED,0,FALSE,NONE,,,,,,未調査。不存在を意味しない。
M042,I029,MAPPED_INITIAL,1,FALSE,CATEGORY_LEVEL,,,,,,機械抽出。品目別調査と条件枝レビューは未完了。
M042,I030,MAPPED_INITIAL,1,FALSE,CATEGORY_LEVEL,,,,,,機械抽出。品目別調査と条件枝レビューは未完了。
M042,I031,MAPPED_INITIAL,1,FALSE,CATEGORY_LEVEL,,,,,,機械抽出。品目別調査と条件枝レビューは未完了。
M042,I032,NOT_RESEARCHED,0,FALSE,NONE,,,,,,未調査。不存在を意味しない。
M042,I033,NOT_RESEARCHED,0,FALSE,NONE,,,,,,未調査。不存在を意味しない。
M042,I034,MAPPED_INITIAL,1,FALSE,CATEGORY_LEVEL,,,,,,機械抽出。品目別調査と条件枝レビューは未完了。
M042,I035,NOT_RESEARCHED,0,FALSE,NONE,,,,,,未調査。不存在を意味しない。
M042,I036,MAPPED_INITIAL,1,FALSE,CATEGORY_LEVEL,,,,,,機械抽出。品目別調査と条件枝レビューは未完了。
M042,I037,MAPPED_INITIAL,1,FALSE,CATEGORY_LEVEL,,,,,,機械抽出。品目別調査と条件枝レビューは未完了。
M042,I038,NOT_RESEARCHED,0,FALSE,NONE,,,,,,未調査。不存在を意味しない。
M042,I039,NOT_RESEARCHED,0,FALSE,NONE,,,,,,未調査。不存在を意味しない。
M042,I040,NOT_RESEARCHED,0,FALSE,NONE,,,,,,未調査。不存在を意味しない。
M043,I001,MAPPED_INITIAL,1,FALSE,CATEGORY_LEVEL,,,,,,機械抽出。品目別調査と条件枝レビューは未完了。
M043,I002,NOT_RESEARCHED,0,FALSE,NONE,,,,,,未調査。不存在を意味しない。
M043,I003,NOT_RESEARCHED,0,FALSE,NONE,,,,,,未調査。不存在を意味しない。
M043,I004,NOT_RESEARCHED,0,FALSE,NONE,,,,,,未調査。不存在を意味しない。
M043,I005,NOT_RESEARCHED,0,FALSE,NONE,,,,,,未調査。不存在を意味しない。
M043,I006,NOT_RESEARCHED,0,FALSE,NONE,,,,,,未調査。不存在を意味しない。
M043,I007,NOT_RESEARCHED,0,FALSE,NONE,,,,,,未調査。不存在を意味しない。
M043,I008,NOT_RESEARCHED,0,FALSE,NONE,,,,,,未調査。不存在を意味しない。
M043,I009,NOT_RESEARCHED,0,FALSE,NONE,,,,,,未調査。不存在を意味しない。
M043,I010,NOT_RESEARCHED,0,FALSE,NONE,,,,,,未調査。不存在を意味しない。
M043,I011,NOT_RESEARCHED,0,FALSE,NONE,,,,,,未調査。不存在を意味しない。
M043,I012,MAPPED_INITIAL,1,FALSE,CATEGORY_LEVEL,,,,,,機械抽出。品目別調査と条件枝レビューは未完了。
M043,I013,NOT_RESEARCHED,0,FALSE,NONE,,,,,,未調査。不存在を意味しない。
M043,I014,NOT_RESEARCHED,0,FALSE,NONE,,,,,,未調査。不存在を意味しない。
M043,I015,NOT_RESEARCHED,0,FALSE,NONE,,,,,,未調査。不存在を意味しない。
M043,I016,MAPPED_INITIAL,1,FALSE,CATEGORY_LEVEL,,,,,,機械抽出。品目別調査と条件枝レビューは未完了。
M043,I017,NOT_RESEARCHED,0,FALSE,NONE,,,,,,未調査。不存在を意味しない。
M043,I018,MAPPED_INITIAL,1,FALSE,CATEGORY_LEVEL,,,,,,機械抽出。品目別調査と条件枝レビューは未完了。
M043,I019,NOT_RESEARCHED,0,FALSE,NONE,,,,,,未調査。不存在を意味しない。
M043,I020,NOT_RESEARCHED,0,FALSE,NONE,,,,,,未調査。不存在を意味しない。
M043,I021,MAPPED_INITIAL,1,FALSE,CATEGORY_LEVEL,,,,,,機械抽出。品目別調査と条件枝レビューは未完了。
M043,I022,NOT_RESEARCHED,0,FALSE,NONE,,,,,,未調査。不存在を意味しない。
M043,I023,MAPPED_INITIAL,1,FALSE,CATEGORY_LEVEL,,,,,,機械抽出。品目別調査と条件枝レビューは未完了。
M043,I024,NOT_RESEARCHED,0,FALSE,NONE,,,,,,未調査。不存在を意味しない。
M043,I025,NOT_RESEARCHED,0,FALSE,NONE,,,,,,未調査。不存在を意味しない。
M043,I026,NOT_RESEARCHED,0,FALSE,NONE,,,,,,未調査。不存在を意味しない。
M043,I027,NOT_RESEARCHED,0,FALSE,NONE,,,,,,未調査。不存在を意味しない。
M043,I028,NOT_RESEARCHED,0,FALSE,NONE,,,,,,未調査。不存在を意味しない。
M043,I029,NOT_RESEARCHED,0,FALSE,NONE,,,,,,未調査。不存在を意味しない。
M043,I030,MAPPED_INITIAL,1,FALSE,CATEGORY_LEVEL,,,,,,機械抽出。品目別調査と条件枝レビューは未完了。
M043,I031,NOT_RESEARCHED,0,FALSE,NONE,,,,,,未調査。不存在を意味しない。
M043,I032,NOT_RESEARCHED,0,FALSE,NONE,,,,,,未調査。不存在を意味しない。
M043,I033,NOT_RESEARCHED,0,FALSE,NONE,,,,,,未調査。不存在を意味しない。
M043,I034,MAPPED_INITIAL,2,FALSE,CATEGORY_LEVEL,,,,,,機械抽出。品目別調査と条件枝レビューは未完了。
M043,I035,NOT_RESEARCHED,0,FALSE,NONE,,,,,,未調査。不存在を意味しない。
M043,I036,MAPPED_INITIAL,1,FALSE,CATEGORY_LEVEL,,,,,,機械抽出。品目別調査と条件枝レビューは未完了。
M043,I037,MAPPED_INITIAL,1,FALSE,CATEGORY_LEVEL,,,,,,機械抽出。品目別調査と条件枝レビューは未完了。
M043,I038,NOT_RESEARCHED,0,FALSE,NONE,,,,,,未調査。不存在を意味しない。
M043,I039,NOT_RESEARCHED,0,FALSE,NONE,,,,,,未調査。不存在を意味しない。
M043,I040,NOT_RESEARCHED,0,FALSE,NONE,,,,,,未調査。不存在を意味しない。
M094,I001,MAPPED_INITIAL,1,FALSE,CATEGORY_LEVEL,,,,,,機械抽出。品目別調査と条件枝レビューは未完了。
M094,I002,MAPPED_INITIAL,1,FALSE,CATEGORY_LEVEL,,,,,,機械抽出。品目別調査と条件枝レビューは未完了。
M094,I003,MAPPED_INITIAL,1,FALSE,CATEGORY_LEVEL,,,,,,機械抽出。品目別調査と条件枝レビューは未完了。
M094,I004,NOT_RESEARCHED,0,FALSE,NONE,,,,,,未調査。不存在を意味しない。
M094,I005,NOT_RESEARCHED,0,FALSE,NONE,,,,,,未調査。不存在を意味しない。
M094,I006,NOT_RESEARCHED,0,FALSE,NONE,,,,,,未調査。不存在を意味しない。
M094,I007,NOT_RESEARCHED,0,FALSE,NONE,,,,,,未調査。不存在を意味しない。
M094,I008,NOT_RESEARCHED,0,FALSE,NONE,,,,,,未調査。不存在を意味しない。
M094,I009,NOT_RESEARCHED,0,FALSE,NONE,,,,,,未調査。不存在を意味しない。
M094,I010,NOT_RESEARCHED,0,FALSE,NONE,,,,,,未調査。不存在を意味しない。
M094,I011,NOT_RESEARCHED,0,FALSE,NONE,,,,,,未調査。不存在を意味しない。
M094,I012,MAPPED_INITIAL,1,FALSE,CATEGORY_LEVEL,,,,,,機械抽出。品目別調査と条件枝レビューは未完了。
M094,I013,NOT_RESEARCHED,0,FALSE,NONE,,,,,,未調査。不存在を意味しない。
M094,I014,NOT_RESEARCHED,0,FALSE,NONE,,,,,,未調査。不存在を意味しない。
M094,I015,NOT_RESEARCHED,0,FALSE,NONE,,,,,,未調査。不存在を意味しない。
M094,I016,NOT_RESEARCHED,0,FALSE,NONE,,,,,,未調査。不存在を意味しない。
M094,I017,NOT_RESEARCHED,0,FALSE,NONE,,,,,,未調査。不存在を意味しない。
M094,I018,MAPPED_INITIAL,1,FALSE,CATEGORY_LEVEL,,,,,,機械抽出。品目別調査と条件枝レビューは未完了。
M094,I019,NOT_RESEARCHED,0,FALSE,NONE,,,,,,未調査。不存在を意味しない。
M094,I020,MAPPED_INITIAL,1,FALSE,CATEGORY_LEVEL,,,,,,機械抽出。品目別調査と条件枝レビューは未完了。
M094,I021,MAPPED_INITIAL,1,FALSE,CATEGORY_LEVEL,,,,,,機械抽出。品目別調査と条件枝レビューは未完了。
M094,I022,MAPPED_INITIAL,1,FALSE,CATEGORY_LEVEL,,,,,,機械抽出。品目別調査と条件枝レビューは未完了。
M094,I023,MAPPED_INITIAL,1,FALSE,CATEGORY_LEVEL,,,,,,機械抽出。品目別調査と条件枝レビューは未完了。
M094,I024,NOT_RESEARCHED,0,FALSE,NONE,,,,,,未調査。不存在を意味しない。
M094,I025,NOT_RESEARCHED,0,FALSE,NONE,,,,,,未調査。不存在を意味しない。
M094,I026,NOT_RESEARCHED,0,FALSE,NONE,,,,,,未調査。不存在を意味しない。
M094,I027,MAPPED_INITIAL,1,FALSE,CATEGORY_LEVEL,,,,,,機械抽出。品目別調査と条件枝レビューは未完了。
M094,I028,MAPPED_INITIAL,1,FALSE,CATEGORY_LEVEL,,,,,,機械抽出。品目別調査と条件枝レビューは未完了。
M094,I029,MAPPED_INITIAL,1,FALSE,CATEGORY_LEVEL,,,,,,機械抽出。品目別調査と条件枝レビューは未完了。
M094,I030,MAPPED_INITIAL,1,FALSE,CATEGORY_LEVEL,,,,,,機械抽出。品目別調査と条件枝レビューは未完了。
M094,I031,NOT_RESEARCHED,0,FALSE,NONE,,,,,,未調査。不存在を意味しない。
M094,I032,NOT_RESEARCHED,0,FALSE,NONE,,,,,,未調査。不存在を意味しない。
M094,I033,NOT_RESEARCHED,0,FALSE,NONE,,,,,,未調査。不存在を意味しない。
M094,I034,MAPPED_INITIAL,1,FALSE,CATEGORY_LEVEL,,,,,,機械抽出。品目別調査と条件枝レビューは未完了。
M094,I035,NOT_RESEARCHED,0,FALSE,NONE,,,,,,未調査。不存在を意味しない。
M094,I036,NOT_RESEARCHED,0,FALSE,NONE,,,,,,未調査。不存在を意味しない。
M094,I037,NOT_RESEARCHED,0,FALSE,NONE,,,,,,未調査。不存在を意味しない。
M094,I038,MAPPED_INITIAL,1,FALSE,CATEGORY_LEVEL,,,,,,機械抽出。品目別調査と条件枝レビューは未完了。
M094,I039,NOT_RESEARCHED,0,FALSE,NONE,,,,,,未調査。不存在を意味しない。
M094,I040,NOT_RESEARCHED,0,FALSE,NONE,,,,,,未調査。不存在を意味しない。
M102,I001,MAPPED_INITIAL,1,FALSE,CATEGORY_LEVEL,,,,,,機械抽出。品目別調査と条件枝レビューは未完了。
M102,I002,NOT_RESEARCHED,0,FALSE,NONE,,,,,,未調査。不存在を意味しない。
M102,I003,NOT_RESEARCHED,0,FALSE,NONE,,,,,,未調査。不存在を意味しない。
M102,I004,NOT_RESEARCHED,0,FALSE,NONE,,,,,,未調査。不存在を意味しない。
M102,I005,NOT_RESEARCHED,0,FALSE,NONE,,,,,,未調査。不存在を意味しない。
M102,I006,NOT_RESEARCHED,0,FALSE,NONE,,,,,,未調査。不存在を意味しない。
M102,I007,NOT_RESEARCHED,0,FALSE,NONE,,,,,,未調査。不存在を意味しない。
M102,I008,NOT_RESEARCHED,0,FALSE,NONE,,,,,,未調査。不存在を意味しない。
M102,I009,NOT_RESEARCHED,0,FALSE,NONE,,,,,,未調査。不存在を意味しない。
M102,I010,NOT_RESEARCHED,0,FALSE,NONE,,,,,,未調査。不存在を意味しない。
M102,I011,MAPPED_INITIAL,1,FALSE,CATEGORY_LEVEL,,,,,,機械抽出。品目別調査と条件枝レビューは未完了。
M102,I012,NOT_RESEARCHED,0,FALSE,NONE,,,,,,未調査。不存在を意味しない。
M102,I013,MAPPED_INITIAL,1,FALSE,CATEGORY_LEVEL,,,,,,機械抽出。品目別調査と条件枝レビューは未完了。
M102,I014,MAPPED_INITIAL,1,FALSE,CATEGORY_LEVEL,,,,,,機械抽出。品目別調査と条件枝レビューは未完了。
M102,I015,NOT_RESEARCHED,0,FALSE,NONE,,,,,,未調査。不存在を意味しない。
M102,I016,MAPPED_INITIAL,1,FALSE,CATEGORY_LEVEL,,,,,,機械抽出。品目別調査と条件枝レビューは未完了。
M102,I017,MAPPED_INITIAL,1,FALSE,CATEGORY_LEVEL,,,,,,機械抽出。品目別調査と条件枝レビューは未完了。
M102,I018,MAPPED_INITIAL,1,FALSE,CATEGORY_LEVEL,,,,,,機械抽出。品目別調査と条件枝レビューは未完了。
M102,I019,NOT_RESEARCHED,0,FALSE,NONE,,,,,,未調査。不存在を意味しない。
M102,I020,MAPPED_INITIAL,1,FALSE,CATEGORY_LEVEL,,,,,,機械抽出。品目別調査と条件枝レビューは未完了。
M102,I021,MAPPED_INITIAL,1,FALSE,CATEGORY_LEVEL,,,,,,機械抽出。品目別調査と条件枝レビューは未完了。
M102,I022,MAPPED_INITIAL,1,FALSE,CATEGORY_LEVEL,,,,,,機械抽出。品目別調査と条件枝レビューは未完了。
M102,I023,MAPPED_INITIAL,1,FALSE,CATEGORY_LEVEL,,,,,,機械抽出。品目別調査と条件枝レビューは未完了。
M102,I024,NOT_RESEARCHED,0,FALSE,NONE,,,,,,未調査。不存在を意味しない。
M102,I025,NOT_RESEARCHED,0,FALSE,NONE,,,,,,未調査。不存在を意味しない。
M102,I026,NOT_RESEARCHED,0,FALSE,NONE,,,,,,未調査。不存在を意味しない。
M102,I027,MAPPED_INITIAL,1,FALSE,CATEGORY_LEVEL,,,,,,機械抽出。品目別調査と条件枝レビューは未完了。
M102,I028,NOT_RESEARCHED,0,FALSE,NONE,,,,,,未調査。不存在を意味しない。
M102,I029,NOT_RESEARCHED,0,FALSE,NONE,,,,,,未調査。不存在を意味しない。
M102,I030,MAPPED_INITIAL,1,FALSE,CATEGORY_LEVEL,,,,,,機械抽出。品目別調査と条件枝レビューは未完了。
M102,I031,NOT_RESEARCHED,0,FALSE,NONE,,,,,,未調査。不存在を意味しない。
M102,I032,MAPPED_INITIAL,1,FALSE,CATEGORY_LEVEL,,,,,,機械抽出。品目別調査と条件枝レビューは未完了。
M102,I033,MAPPED_INITIAL,1,FALSE,CATEGORY_LEVEL,,,,,,機械抽出。品目別調査と条件枝レビューは未完了。
M102,I034,MAPPED_INITIAL,1,FALSE,CATEGORY_LEVEL,,,,,,機械抽出。品目別調査と条件枝レビューは未完了。
M102,I035,NOT_RESEARCHED,0,FALSE,NONE,,,,,,未調査。不存在を意味しない。
M102,I036,NOT_RESEARCHED,0,FALSE,NONE,,,,,,未調査。不存在を意味しない。
M102,I037,NOT_RESEARCHED,0,FALSE,NONE,,,,,,未調査。不存在を意味しない。
M102,I038,NOT_RESEARCHED,0,FALSE,NONE,,,,,,未調査。不存在を意味しない。
M102,I039,NOT_RESEARCHED,0,FALSE,NONE,,,,,,未調査。不存在を意味しない。
M102,I040,MAPPED_INITIAL,1,FALSE,CATEGORY_LEVEL,,,,,,機械抽出。品目別調査と条件枝レビューは未完了。
