municipality_id,internal_item_id,decision_basis,category_ids,category_names,basis_source_ids,basis_locators,condition_review_required,decision_status,notes
M001,I001,DIRECT_ITEM,C-M001-06,ペットボトル,S-M001-03,text-match:ペットボトル + ペットボトル,FALSE,CATEGORY_SUPPORTED,全既存branchで公式資料中の品目表記とcategoryの直接候補あり。 collector_status=ALL_EXISTING_BRANCHES_HAVE_DIRECT_CANDIDATE
M001,I002,UNRESOLVED,,,,,TRUE,UNRESOLVED,直接記載・公式rule由来mapping・一意な一般則categoryのいずれでも決定できない。 collector_status=AMBIGUOUS_CATEGORY_CANDIDATES
M001,I003,UNRESOLVED,,,,,TRUE,UNRESOLVED,直接記載・公式rule由来mapping・一意な一般則categoryのいずれでも決定できない。 collector_status=NO_ITEM_MATCH_IN_FETCHED_OFFICIAL_SOURCES
M001,I004,DIRECT_ITEM,C-M001-07,缶類,S-M001-03,text-match:アルミ缶 + 缶類,TRUE,CATEGORY_SUPPORTED_CONDITION_REVIEW_REQUIRED,全既存branchで公式資料中の品目表記とcategoryの直接候補あり。 collector_status=ALL_EXISTING_BRANCHES_HAVE_DIRECT_CANDIDATE
M001,I005,DIRECT_ITEM,C-M001-07,缶類,S-M001-03,text-match:スチール缶 + 缶類,TRUE,CATEGORY_SUPPORTED_CONDITION_REVIEW_REQUIRED,全既存branchで公式資料中の品目表記とcategoryの直接候補あり。 collector_status=ALL_EXISTING_BRANCHES_HAVE_DIRECT_CANDIDATE
M001,I006,OFFICIAL_RULE_DERIVED,C-M001-08,びん類（無色・茶色・その他の色）・リターナブルびん,S-M001-03,P4 びん類,TRUE,CATEGORY_SUPPORTED_CONDITION_REVIEW_REQUIRED,品目の直接記載は必須とせず、既存mappingを支えるCURRENT公式category ruleから判定。 collector_status=NO_ITEM_MATCH_IN_FETCHED_OFFICIAL_SOURCES
M001,I007,UNRESOLVED,,,,,TRUE,UNRESOLVED,直接記載・公式rule由来mapping・一意な一般則categoryのいずれでも決定できない。 collector_status=AMBIGUOUS_CATEGORY_CANDIDATES
M001,I008,UNRESOLVED,,,,,TRUE,UNRESOLVED,直接記載・公式rule由来mapping・一意な一般則categoryのいずれでも決定できない。 collector_status=NO_ITEM_MATCH_IN_FETCHED_OFFICIAL_SOURCES
M001,I009,UNRESOLVED,,,,,TRUE,UNRESOLVED,直接記載・公式rule由来mapping・一意な一般則categoryのいずれでも決定できない。 collector_status=NO_ITEM_MATCH_IN_FETCHED_OFFICIAL_SOURCES
M001,I010,UNRESOLVED,,,,,TRUE,UNRESOLVED,直接記載・公式rule由来mapping・一意な一般則categoryのいずれでも決定できない。 collector_status=NO_ITEM_MATCH_IN_FETCHED_OFFICIAL_SOURCES
M001,I011,UNRESOLVED,,,,,TRUE,UNRESOLVED,直接記載・公式rule由来mapping・一意な一般則categoryのいずれでも決定できない。 collector_status=AMBIGUOUS_CATEGORY_CANDIDATES
M001,I012,DIRECT_ITEM,C-M001-01,燃やせるごみ,S-M001-03,text-match:発泡スチロール + 燃やせるごみ,TRUE,CATEGORY_SUPPORTED_CONDITION_REVIEW_REQUIRED,全既存branchで公式資料中の品目表記とcategoryの直接候補あり。 collector_status=ALL_EXISTING_BRANCHES_HAVE_DIRECT_CANDIDATE
M001,I013,DIRECT_ITEM,C-M001-12,新聞紙,S-M001-03,text-match:新聞 + 新聞紙,FALSE,CATEGORY_SUPPORTED,全既存branchで公式資料中の品目表記とcategoryの直接候補あり。 collector_status=ALL_EXISTING_BRANCHES_HAVE_DIRECT_CANDIDATE
M001,I014,DIRECT_ITEM,C-M001-11,ダンボール,S-M001-03,text-match:ダンボール + ダンボール,FALSE,CATEGORY_SUPPORTED,全既存branchで公式資料中の品目表記とcategoryの直接候補あり。 collector_status=ALL_EXISTING_BRANCHES_HAVE_DIRECT_CANDIDATE
M001,I015,DIRECT_ITEM,C-M001-13,雑誌,S-M001-03,text-match:雑誌 + 雑誌,FALSE,CATEGORY_SUPPORTED,全既存branchで公式資料中の品目表記とcategoryの直接候補あり。 collector_status=ALL_EXISTING_BRANCHES_HAVE_DIRECT_CANDIDATE
M001,I016,UNRESOLVED,,,,,FALSE,UNRESOLVED,直接記載・公式rule由来mapping・一意な一般則categoryのいずれでも決定できない。 collector_status=NO_ITEM_MATCH_IN_FETCHED_OFFICIAL_SOURCES
M001,I017,DIRECT_ITEM,C-M001-10,飲料用紙パック,S-M001-03,text-match:紙パック + 飲料用紙パック,TRUE,CATEGORY_SUPPORTED_CONDITION_REVIEW_REQUIRED,全既存branchで公式資料中の品目表記とcategoryの直接候補あり。 collector_status=ALL_EXISTING_BRANCHES_HAVE_DIRECT_CANDIDATE
M001,I018,UNRESOLVED,,,,,FALSE,UNRESOLVED,直接記載・公式rule由来mapping・一意な一般則categoryのいずれでも決定できない。 collector_status=NO_ITEM_MATCH_IN_FETCHED_OFFICIAL_SOURCES
M001,I019,UNRESOLVED,,,,,FALSE,UNRESOLVED,直接記載・公式rule由来mapping・一意な一般則categoryのいずれでも決定できない。 collector_status=NO_ITEM_MATCH_IN_FETCHED_OFFICIAL_SOURCES
M001,I020,UNRESOLVED,,,,,FALSE,UNRESOLVED,直接記載・公式rule由来mapping・一意な一般則categoryのいずれでも決定できない。 collector_status=NO_ITEM_MATCH_IN_FETCHED_OFFICIAL_SOURCES
M001,I021,OFFICIAL_RULE_DERIVED,C-M001-01,燃やせるごみ,S-M001-02,燃やせるごみ,TRUE,CATEGORY_SUPPORTED_CONDITION_REVIEW_REQUIRED,品目の直接記載は必須とせず、既存mappingを支えるCURRENT公式category ruleから判定。 collector_status=NO_ITEM_MATCH_IN_FETCHED_OFFICIAL_SOURCES
M001,I022,UNRESOLVED,,,,,TRUE,UNRESOLVED,直接記載・公式rule由来mapping・一意な一般則categoryのいずれでも決定できない。 collector_status=NO_ITEM_MATCH_IN_FETCHED_OFFICIAL_SOURCES
M001,I023,OFFICIAL_RULE_DERIVED,C-M001-02,燃やせないごみ,S-M001-02,燃やせないごみ,TRUE,CATEGORY_SUPPORTED_CONDITION_REVIEW_REQUIRED,品目の直接記載は必須とせず、既存mappingを支えるCURRENT公式category ruleから判定。 collector_status=NO_ITEM_MATCH_IN_FETCHED_OFFICIAL_SOURCES
M001,I024,UNRESOLVED,,,,,FALSE,UNRESOLVED,直接記載・公式rule由来mapping・一意な一般則categoryのいずれでも決定できない。 collector_status=AMBIGUOUS_CATEGORY_CANDIDATES
M001,I025,UNRESOLVED,,,,,TRUE,UNRESOLVED,直接記載・公式rule由来mapping・一意な一般則categoryのいずれでも決定できない。 collector_status=NO_ITEM_MATCH_IN_FETCHED_OFFICIAL_SOURCES
M001,I026,UNRESOLVED,,,,,TRUE,UNRESOLVED,直接記載・公式rule由来mapping・一意な一般則categoryのいずれでも決定できない。 collector_status=NO_ITEM_MATCH_IN_FETCHED_OFFICIAL_SOURCES
M001,I027,OFFICIAL_RULE_DERIVED,C-M001-03,乾電池・蛍光灯など,S-M001-02,乾電池・蛍光灯など,TRUE,CATEGORY_SUPPORTED_CONDITION_REVIEW_REQUIRED,品目の直接記載は必須とせず、既存mappingを支えるCURRENT公式category ruleから判定。 collector_status=AMBIGUOUS_CATEGORY_CANDIDATES
M001,I028,UNRESOLVED,,,,,TRUE,UNRESOLVED,直接記載・公式rule由来mapping・一意な一般則categoryのいずれでも決定できない。 collector_status=AMBIGUOUS_CATEGORY_CANDIDATES
M001,I029,UNRESOLVED,,,,,TRUE,UNRESOLVED,直接記載・公式rule由来mapping・一意な一般則categoryのいずれでも決定できない。 collector_status=NO_ITEM_MATCH_IN_FETCHED_OFFICIAL_SOURCES
M001,I030,OFFICIAL_RULE_DERIVED,C-M001-03,乾電池・蛍光灯など,S-M001-02,乾電池・蛍光灯など,TRUE,CATEGORY_SUPPORTED_CONDITION_REVIEW_REQUIRED,品目の直接記載は必須とせず、既存mappingを支えるCURRENT公式category ruleから判定。 collector_status=AMBIGUOUS_CATEGORY_CANDIDATES
M001,I031,UNRESOLVED,,,,,TRUE,UNRESOLVED,直接記載・公式rule由来mapping・一意な一般則categoryのいずれでも決定できない。 collector_status=NO_ITEM_MATCH_IN_FETCHED_OFFICIAL_SOURCES
M001,I032,OFFICIAL_RULE_DERIVED,C-M001-02,燃やせないごみ,S-M001-02,燃やせないごみ,TRUE,CATEGORY_SUPPORTED_CONDITION_REVIEW_REQUIRED,品目の直接記載は必須とせず、既存mappingを支えるCURRENT公式category ruleから判定。 collector_status=NO_ITEM_MATCH_IN_FETCHED_OFFICIAL_SOURCES
M001,I033,UNRESOLVED,,,,,TRUE,UNRESOLVED,直接記載・公式rule由来mapping・一意な一般則categoryのいずれでも決定できない。 collector_status=NO_ITEM_MATCH_IN_FETCHED_OFFICIAL_SOURCES
M001,I034,DIRECT_ITEM,C-M001-14,使用済小型家電,S-M001-01,text-match:小型家電 + 使用済小型家電,TRUE,CATEGORY_SUPPORTED_CONDITION_REVIEW_REQUIRED,全既存branchで公式資料中の品目表記とcategoryの直接候補あり。 collector_status=ALL_EXISTING_BRANCHES_HAVE_DIRECT_CANDIDATE
M001,I035,UNRESOLVED,,,,,TRUE,UNRESOLVED,直接記載・公式rule由来mapping・一意な一般則categoryのいずれでも決定できない。 collector_status=NO_ITEM_MATCH_IN_FETCHED_OFFICIAL_SOURCES
M001,I036,UNRESOLVED,,,,,TRUE,UNRESOLVED,直接記載・公式rule由来mapping・一意な一般則categoryのいずれでも決定できない。 collector_status=NO_ITEM_MATCH_IN_FETCHED_OFFICIAL_SOURCES
M001,I037,UNRESOLVED,,,,,TRUE,UNRESOLVED,直接記載・公式rule由来mapping・一意な一般則categoryのいずれでも決定できない。 collector_status=NO_ITEM_MATCH_IN_FETCHED_OFFICIAL_SOURCES
M001,I038,UNRESOLVED,,,,,TRUE,UNRESOLVED,直接記載・公式rule由来mapping・一意な一般則categoryのいずれでも決定できない。 collector_status=NO_ITEM_MATCH_IN_FETCHED_OFFICIAL_SOURCES
M001,I039,UNRESOLVED,,,,,TRUE,UNRESOLVED,直接記載・公式rule由来mapping・一意な一般則categoryのいずれでも決定できない。 collector_status=NO_ITEM_MATCH_IN_FETCHED_OFFICIAL_SOURCES
M001,I040,UNRESOLVED,,,,,TRUE,UNRESOLVED,直接記載・公式rule由来mapping・一意な一般則categoryのいずれでも決定できない。 collector_status=NO_ITEM_MATCH_IN_FETCHED_OFFICIAL_SOURCES
M002,I001,OFFICIAL_RULE_DERIVED,C-M002-13,ペットボトル,S-M002-01,ペットボトル,FALSE,CATEGORY_SUPPORTED,品目の直接記載は必須とせず、既存mappingを支えるCURRENT公式category ruleから判定。 collector_status=NO_ITEM_MATCH_IN_FETCHED_OFFICIAL_SOURCES
M002,I002,OFFICIAL_RULE_DERIVED,C-M002-15,その他プラスチック,S-M002-01,その他プラスチック,TRUE,CATEGORY_SUPPORTED_CONDITION_REVIEW_REQUIRED,品目の直接記載は必須とせず、既存mappingを支えるCURRENT公式category ruleから判定。 collector_status=NO_ITEM_MATCH_IN_FETCHED_OFFICIAL_SOURCES
M002,I003,OFFICIAL_RULE_DERIVED,C-M002-15,その他プラスチック,S-M002-01,その他プラスチック,TRUE,CATEGORY_SUPPORTED_CONDITION_REVIEW_REQUIRED,品目の直接記載は必須とせず、既存mappingを支えるCURRENT公式category ruleから判定。 collector_status=NO_ITEM_MATCH_IN_FETCHED_OFFICIAL_SOURCES
M002,I004,OFFICIAL_RULE_DERIVED,C-M002-08,アルミ缶,S-M002-01,アルミ缶,FALSE,CATEGORY_SUPPORTED,品目の直接記載は必須とせず、既存mappingを支えるCURRENT公式category ruleから判定。 collector_status=NO_ITEM_MATCH_IN_FETCHED_OFFICIAL_SOURCES
M002,I005,OFFICIAL_RULE_DERIVED,C-M002-09,スチール缶,S-M002-01,スチール缶,FALSE,CATEGORY_SUPPORTED,品目の直接記載は必須とせず、既存mappingを支えるCURRENT公式category ruleから判定。 collector_status=NO_ITEM_MATCH_IN_FETCHED_OFFICIAL_SOURCES
M002,I006,UNRESOLVED,,,,,TRUE,UNRESOLVED,直接記載・公式rule由来mapping・一意な一般則categoryのいずれでも決定できない。 collector_status=NO_ITEM_MATCH_IN_FETCHED_OFFICIAL_SOURCES
M002,I007,OFFICIAL_RULE_DERIVED,C-M002-14,白色トレイ,S-M002-01,白色トレイ,TRUE,CATEGORY_SUPPORTED_CONDITION_REVIEW_REQUIRED,品目の直接記載は必須とせず、既存mappingを支えるCURRENT公式category ruleから判定。 collector_status=NO_ITEM_MATCH_IN_FETCHED_OFFICIAL_SOURCES
M002,I008,OFFICIAL_RULE_DERIVED,C-M002-15,その他プラスチック,S-M002-01,その他プラスチック,TRUE,CATEGORY_SUPPORTED_CONDITION_REVIEW_REQUIRED,品目の直接記載は必須とせず、既存mappingを支えるCURRENT公式category ruleから判定。 collector_status=NO_ITEM_MATCH_IN_FETCHED_OFFICIAL_SOURCES
M002,I009,UNRESOLVED,,,,,TRUE,UNRESOLVED,直接記載・公式rule由来mapping・一意な一般則categoryのいずれでも決定できない。 collector_status=NO_ITEM_MATCH_IN_FETCHED_OFFICIAL_SOURCES
M002,I010,UNRESOLVED,,,,,TRUE,UNRESOLVED,直接記載・公式rule由来mapping・一意な一般則categoryのいずれでも決定できない。 collector_status=NO_ITEM_MATCH_IN_FETCHED_OFFICIAL_SOURCES
M002,I011,UNRESOLVED,,,,,TRUE,UNRESOLVED,直接記載・公式rule由来mapping・一意な一般則categoryのいずれでも決定できない。 collector_status=NO_ITEM_MATCH_IN_FETCHED_OFFICIAL_SOURCES
M002,I012,UNRESOLVED,,,,,TRUE,UNRESOLVED,直接記載・公式rule由来mapping・一意な一般則categoryのいずれでも決定できない。 collector_status=NO_ITEM_MATCH_IN_FETCHED_OFFICIAL_SOURCES
M002,I013,OFFICIAL_RULE_DERIVED,C-M002-03,新聞紙,S-M002-01,新聞紙,FALSE,CATEGORY_SUPPORTED,品目の直接記載は必須とせず、既存mappingを支えるCURRENT公式category ruleから判定。 collector_status=NO_ITEM_MATCH_IN_FETCHED_OFFICIAL_SOURCES
M002,I014,OFFICIAL_RULE_DERIVED,C-M002-05,ダンボール類,S-M002-01,ダンボール類,FALSE,CATEGORY_SUPPORTED,品目の直接記載は必須とせず、既存mappingを支えるCURRENT公式category ruleから判定。 collector_status=NO_ITEM_MATCH_IN_FETCHED_OFFICIAL_SOURCES
M002,I015,OFFICIAL_RULE_DERIVED,C-M002-04,雑誌類,S-M002-01,雑誌類,FALSE,CATEGORY_SUPPORTED,品目の直接記載は必須とせず、既存mappingを支えるCURRENT公式category ruleから判定。 collector_status=NO_ITEM_MATCH_IN_FETCHED_OFFICIAL_SOURCES
M002,I016,OFFICIAL_RULE_DERIVED,C-M002-07,その他紙,S-M002-01,その他紙,FALSE,CATEGORY_SUPPORTED,品目の直接記載は必須とせず、既存mappingを支えるCURRENT公式category ruleから判定。 collector_status=NO_ITEM_MATCH_IN_FETCHED_OFFICIAL_SOURCES
M002,I017,OFFICIAL_RULE_DERIVED,C-M002-06,紙パック,S-M002-01,紙パック,TRUE,CATEGORY_SUPPORTED_CONDITION_REVIEW_REQUIRED,品目の直接記載は必須とせず、既存mappingを支えるCURRENT公式category ruleから判定。 collector_status=NO_ITEM_MATCH_IN_FETCHED_OFFICIAL_SOURCES
M002,I018,OFFICIAL_RULE_DERIVED,C-M002-01,燃えるごみ,S-M002-01,燃えるごみ,TRUE,CATEGORY_SUPPORTED_CONDITION_REVIEW_REQUIRED,品目の直接記載は必須とせず、既存mappingを支えるCURRENT公式category ruleから判定。 collector_status=NO_ITEM_MATCH_IN_FETCHED_OFFICIAL_SOURCES
M002,I019,GENERAL_RULE_DERIVED,C-M002-01,燃えるごみ,S-M002-01,燃えるごみ,TRUE,CATEGORY_SUPPORTED_CONDITION_REVIEW_REQUIRED,個別記載・既存mappingなし。一般的な材質/用途ルールと一意のCURRENT公式categoryが一致。 collector_status=NO_ITEM_MATCH_IN_FETCHED_OFFICIAL_SOURCES
M002,I020,GENERAL_RULE_DERIVED,C-M002-01,燃えるごみ,S-M002-01,燃えるごみ,TRUE,CATEGORY_SUPPORTED_CONDITION_REVIEW_REQUIRED,個別記載・既存mappingなし。一般的な材質/用途ルールと一意のCURRENT公式categoryが一致。 collector_status=NO_ITEM_MATCH_IN_FETCHED_OFFICIAL_SOURCES
M002,I021,UNRESOLVED,,,,,FALSE,UNRESOLVED,直接記載・公式rule由来mapping・一意な一般則categoryのいずれでも決定できない。 collector_status=NO_ITEM_MATCH_IN_FETCHED_OFFICIAL_SOURCES
M002,I022,UNRESOLVED,,,,,TRUE,UNRESOLVED,直接記載・公式rule由来mapping・一意な一般則categoryのいずれでも決定できない。 collector_status=NO_ITEM_MATCH_IN_FETCHED_OFFICIAL_SOURCES
M002,I023,GENERAL_RULE_DERIVED,C-M002-02,燃えないごみ,S-M002-01,燃えないごみ,TRUE,CATEGORY_SUPPORTED_CONDITION_REVIEW_REQUIRED,個別記載・既存mappingなし。一般的な材質/用途ルールと一意のCURRENT公式categoryが一致。 collector_status=NO_ITEM_MATCH_IN_FETCHED_OFFICIAL_SOURCES
M002,I024,GENERAL_RULE_DERIVED,C-M002-02,燃えないごみ,S-M002-01,燃えないごみ,TRUE,CATEGORY_SUPPORTED_CONDITION_REVIEW_REQUIRED,個別記載・既存mappingなし。一般的な材質/用途ルールと一意のCURRENT公式categoryが一致。 collector_status=NO_ITEM_MATCH_IN_FETCHED_OFFICIAL_SOURCES
M002,I025,UNRESOLVED,,,,,TRUE,UNRESOLVED,直接記載・公式rule由来mapping・一意な一般則categoryのいずれでも決定できない。 collector_status=NO_ITEM_MATCH_IN_FETCHED_OFFICIAL_SOURCES
M002,I026,UNRESOLVED,,,,,TRUE,UNRESOLVED,直接記載・公式rule由来mapping・一意な一般則categoryのいずれでも決定できない。 collector_status=NO_ITEM_MATCH_IN_FETCHED_OFFICIAL_SOURCES
M002,I027,OFFICIAL_RULE_DERIVED,C-M002-17,電池類・蛍光管,S-M002-03,電池類・蛍光管,TRUE,CATEGORY_SUPPORTED_CONDITION_REVIEW_REQUIRED,品目の直接記載は必須とせず、既存mappingを支えるCURRENT公式category ruleから判定。 collector_status=NO_ITEM_MATCH_IN_FETCHED_OFFICIAL_SOURCES
M002,I028,UNRESOLVED,,,,,TRUE,UNRESOLVED,直接記載・公式rule由来mapping・一意な一般則categoryのいずれでも決定できない。 collector_status=NO_ITEM_MATCH_IN_FETCHED_OFFICIAL_SOURCES
M002,I029,OFFICIAL_RULE_DERIVED,C-M002-18,小型充電式電池,S-M002-04,小型充電式電池,TRUE,CATEGORY_SUPPORTED_CONDITION_REVIEW_REQUIRED,品目の直接記載は必須とせず、既存mappingを支えるCURRENT公式category ruleから判定。 collector_status=NO_ITEM_MATCH_IN_FETCHED_OFFICIAL_SOURCES
M002,I030,OFFICIAL_RULE_DERIVED,C-M002-17,電池類・蛍光管,S-M002-03,電池類・蛍光管,TRUE,CATEGORY_SUPPORTED_CONDITION_REVIEW_REQUIRED,品目の直接記載は必須とせず、既存mappingを支えるCURRENT公式category ruleから判定。 collector_status=NO_ITEM_MATCH_IN_FETCHED_OFFICIAL_SOURCES
M002,I031,UNRESOLVED,,,,,TRUE,UNRESOLVED,直接記載・公式rule由来mapping・一意な一般則categoryのいずれでも決定できない。 collector_status=NO_ITEM_MATCH_IN_FETCHED_OFFICIAL_SOURCES
M002,I032,UNRESOLVED,,,,,TRUE,UNRESOLVED,直接記載・公式rule由来mapping・一意な一般則categoryのいずれでも決定できない。 collector_status=NO_ITEM_MATCH_IN_FETCHED_OFFICIAL_SOURCES
M002,I033,UNRESOLVED,,,,,TRUE,UNRESOLVED,直接記載・公式rule由来mapping・一意な一般則categoryのいずれでも決定できない。 collector_status=NO_ITEM_MATCH_IN_FETCHED_OFFICIAL_SOURCES
M002,I034,OFFICIAL_RULE_DERIVED,C-M002-02|C-M002-19,燃えないごみ|使用済小型家電,S-M002-01,燃えないごみ|使用済小型家電,TRUE,CATEGORY_SUPPORTED_CONDITION_REVIEW_REQUIRED,品目の直接記載は必須とせず、既存mappingを支えるCURRENT公式category ruleから判定。 collector_status=NO_ITEM_MATCH_IN_FETCHED_OFFICIAL_SOURCES
M002,I035,UNRESOLVED,,,,,TRUE,UNRESOLVED,直接記載・公式rule由来mapping・一意な一般則categoryのいずれでも決定できない。 collector_status=NO_ITEM_MATCH_IN_FETCHED_OFFICIAL_SOURCES
M002,I036,UNRESOLVED,,,,,TRUE,UNRESOLVED,直接記載・公式rule由来mapping・一意な一般則categoryのいずれでも決定できない。 collector_status=NO_ITEM_MATCH_IN_FETCHED_OFFICIAL_SOURCES
M002,I037,UNRESOLVED,,,,,TRUE,UNRESOLVED,既存mappingの全branchをCURRENT公式category ruleで裏付けられないため未解決。 collector_status=NO_ITEM_MATCH_IN_FETCHED_OFFICIAL_SOURCES
M002,I038,UNRESOLVED,,,,,TRUE,UNRESOLVED,既存mappingの全branchをCURRENT公式category ruleで裏付けられないため未解決。 collector_status=NO_ITEM_MATCH_IN_FETCHED_OFFICIAL_SOURCES
M002,I039,UNRESOLVED,,,,,TRUE,UNRESOLVED,直接記載・公式rule由来mapping・一意な一般則categoryのいずれでも決定できない。 collector_status=NO_ITEM_MATCH_IN_FETCHED_OFFICIAL_SOURCES
M002,I040,UNRESOLVED,,,,,TRUE,UNRESOLVED,直接記載・公式rule由来mapping・一意な一般則categoryのいずれでも決定できない。 collector_status=NO_ITEM_MATCH_IN_FETCHED_OFFICIAL_SOURCES
M003,I001,OFFICIAL_RULE_DERIVED,C-M003-06,PET,S-M003-02,PET,FALSE,CATEGORY_SUPPORTED,品目の直接記載は必須とせず、既存mappingを支えるCURRENT公式category ruleから判定。 collector_status=AMBIGUOUS_CATEGORY_CANDIDATES
M003,I002,OFFICIAL_RULE_DERIVED,C-M003-07,プラスチック容器包装,S-M003-02,プラスチック容器包装,TRUE,CATEGORY_SUPPORTED_CONDITION_REVIEW_REQUIRED,品目の直接記載は必須とせず、既存mappingを支えるCURRENT公式category ruleから判定。 collector_status=AMBIGUOUS_CATEGORY_CANDIDATES
M003,I003,OFFICIAL_RULE_DERIVED,C-M003-07,プラスチック容器包装,S-M003-02,プラスチック容器包装,TRUE,CATEGORY_SUPPORTED_CONDITION_REVIEW_REQUIRED,品目の直接記載は必須とせず、既存mappingを支えるCURRENT公式category ruleから判定。 collector_status=NO_ITEM_MATCH_IN_FETCHED_OFFICIAL_SOURCES
M003,I004,UNRESOLVED,,,,,FALSE,UNRESOLVED,直接記載・公式rule由来mapping・一意な一般則categoryのいずれでも決定できない。 collector_status=ONE_INFERRED_CATEGORY_CANDIDATE
M003,I005,UNRESOLVED,,,,,FALSE,UNRESOLVED,直接記載・公式rule由来mapping・一意な一般則categoryのいずれでも決定できない。 collector_status=AMBIGUOUS_CATEGORY_CANDIDATES
M003,I006,DIRECT_ITEM,C-M003-09,びん,S-M003-02,text-match:空きびん + びん,TRUE,CATEGORY_SUPPORTED_CONDITION_REVIEW_REQUIRED,全既存branchで公式資料中の品目表記とcategoryの直接候補あり。 collector_status=ALL_EXISTING_BRANCHES_HAVE_DIRECT_CANDIDATE
M003,I007,UNRESOLVED,,,,,TRUE,UNRESOLVED,直接記載・公式rule由来mapping・一意な一般則categoryのいずれでも決定できない。 collector_status=NO_ITEM_MATCH_IN_FETCHED_OFFICIAL_SOURCES
M003,I008,UNRESOLVED,,,,,TRUE,UNRESOLVED,直接記載・公式rule由来mapping・一意な一般則categoryのいずれでも決定できない。 collector_status=NO_ITEM_MATCH_IN_FETCHED_OFFICIAL_SOURCES
M003,I009,GENERAL_RULE_DERIVED,C-M003-07,プラスチック容器包装,S-M003-02,プラスチック容器包装,TRUE,CATEGORY_SUPPORTED_CONDITION_REVIEW_REQUIRED,個別記載・既存mappingなし。一般的な材質/用途ルールと一意のCURRENT公式categoryが一致。 collector_status=AMBIGUOUS_CATEGORY_CANDIDATES
M003,I010,GENERAL_RULE_DERIVED,C-M003-07,プラスチック容器包装,S-M003-02,プラスチック容器包装,TRUE,CATEGORY_SUPPORTED_CONDITION_REVIEW_REQUIRED,個別記載・既存mappingなし。一般的な材質/用途ルールと一意のCURRENT公式categoryが一致。 collector_status=AMBIGUOUS_CATEGORY_CANDIDATES
M003,I011,GENERAL_RULE_DERIVED,C-M003-07,プラスチック容器包装,S-M003-02,プラスチック容器包装,TRUE,CATEGORY_SUPPORTED_CONDITION_REVIEW_REQUIRED,個別記載・既存mappingなし。一般的な材質/用途ルールと一意のCURRENT公式categoryが一致。 collector_status=ONE_INFERRED_CATEGORY_CANDIDATE
M003,I012,GENERAL_RULE_DERIVED,C-M003-07,プラスチック容器包装,S-M003-02,プラスチック容器包装,TRUE,CATEGORY_SUPPORTED_CONDITION_REVIEW_REQUIRED,個別記載・既存mappingなし。一般的な材質/用途ルールと一意のCURRENT公式categoryが一致。 collector_status=ONE_INFERRED_CATEGORY_CANDIDATE
M003,I013,DIRECT_ITEM,C-M003-03,新聞紙,S-M003-02,text-match:新聞 + 新聞紙,FALSE,CATEGORY_SUPPORTED,全既存branchで公式資料中の品目表記とcategoryの直接候補あり。 collector_status=ALL_EXISTING_BRANCHES_HAVE_DIRECT_CANDIDATE
M003,I014,DIRECT_ITEM,C-M003-05,ダンボール,S-M003-02,text-match:ダンボール + ダンボール,FALSE,CATEGORY_SUPPORTED,全既存branchで公式資料中の品目表記とcategoryの直接候補あり。 collector_status=ALL_EXISTING_BRANCHES_HAVE_DIRECT_CANDIDATE
M003,I015,OFFICIAL_RULE_DERIVED,C-M003-04,雑誌・雑紙,S-M003-02,雑誌・雑紙,FALSE,CATEGORY_SUPPORTED,品目の直接記載は必須とせず、既存mappingを支えるCURRENT公式category ruleから判定。 collector_status=AMBIGUOUS_CATEGORY_CANDIDATES
M003,I016,OFFICIAL_RULE_DERIVED,C-M003-04,雑誌・雑紙,S-M003-02,雑誌・雑紙,FALSE,CATEGORY_SUPPORTED,品目の直接記載は必須とせず、既存mappingを支えるCURRENT公式category ruleから判定。 collector_status=AMBIGUOUS_CATEGORY_CANDIDATES
M003,I017,DIRECT_ITEM,C-M003-14,紙パック,S-M003-02,text-match:牛乳パック + 紙パック,TRUE,CATEGORY_SUPPORTED_CONDITION_REVIEW_REQUIRED,全既存branchで公式資料中の品目表記とcategoryの直接候補あり。 collector_status=ALL_EXISTING_BRANCHES_HAVE_DIRECT_CANDIDATE
M003,I018,DIRECT_ITEM,C-M003-01,燃えるごみ,S-M003-02,text-match:生ごみ + 燃えるごみ,TRUE,CATEGORY_SUPPORTED_CONDITION_REVIEW_REQUIRED,全既存branchで公式資料中の品目表記とcategoryの直接候補あり。 collector_status=ALL_EXISTING_BRANCHES_HAVE_DIRECT_CANDIDATE
M003,I019,OFFICIAL_RULE_DERIVED,C-M003-04,雑誌・雑紙,S-M003-02,雑誌・雑紙,FALSE,CATEGORY_SUPPORTED,品目の直接記載は必須とせず、既存mappingを支えるCURRENT公式category ruleから判定。 collector_status=AMBIGUOUS_CATEGORY_CANDIDATES
M003,I020,UNRESOLVED,,,,,FALSE,UNRESOLVED,一般則候補categoryが複数(2)のため自動決定しない。 collector_status=AMBIGUOUS_CATEGORY_CANDIDATES
M003,I021,UNRESOLVED,,,,,FALSE,UNRESOLVED,直接記載・公式rule由来mapping・一意な一般則categoryのいずれでも決定できない。 collector_status=AMBIGUOUS_CATEGORY_CANDIDATES
M003,I022,UNRESOLVED,,,,,TRUE,UNRESOLVED,直接記載・公式rule由来mapping・一意な一般則categoryのいずれでも決定できない。 collector_status=AMBIGUOUS_CATEGORY_CANDIDATES
M003,I023,DIRECT_ITEM,C-M003-02,燃えないごみ,S-M003-02,text-match:茶碗 + 燃えないごみ,TRUE,CATEGORY_SUPPORTED_CONDITION_REVIEW_REQUIRED,全既存branchで公式資料中の品目表記とcategoryの直接候補あり。 collector_status=ALL_EXISTING_BRANCHES_HAVE_DIRECT_CANDIDATE
M003,I024,UNRESOLVED,,,,,FALSE,UNRESOLVED,一般則候補categoryが複数(2)のため自動決定しない。 collector_status=AMBIGUOUS_CATEGORY_CANDIDATES
M003,I025,UNRESOLVED,,,,,TRUE,UNRESOLVED,直接記載・公式rule由来mapping・一意な一般則categoryのいずれでも決定できない。 collector_status=NO_ITEM_MATCH_IN_FETCHED_OFFICIAL_SOURCES
M003,I026,UNRESOLVED,,,,,TRUE,UNRESOLVED,直接記載・公式rule由来mapping・一意な一般則categoryのいずれでも決定できない。 collector_status=ONE_INFERRED_CATEGORY_CANDIDATE
M003,I027,OFFICIAL_RULE_DERIVED,C-M003-12,有害ごみ,S-M003-02,有害ごみ,TRUE,CATEGORY_SUPPORTED_CONDITION_REVIEW_REQUIRED,品目の直接記載は必須とせず、既存mappingを支えるCURRENT公式category ruleから判定。 collector_status=AMBIGUOUS_CATEGORY_CANDIDATES
M003,I028,UNRESOLVED,,,,,TRUE,UNRESOLVED,直接記載・公式rule由来mapping・一意な一般則categoryのいずれでも決定できない。 collector_status=ITEM_MATCH_WITHOUT_CATEGORY
M003,I029,UNRESOLVED,,,,,TRUE,UNRESOLVED,直接記載・公式rule由来mapping・一意な一般則categoryのいずれでも決定できない。 collector_status=NO_ITEM_MATCH_IN_FETCHED_OFFICIAL_SOURCES
M003,I030,OFFICIAL_RULE_DERIVED,C-M003-12,有害ごみ,S-M003-02,有害ごみ,TRUE,CATEGORY_SUPPORTED_CONDITION_REVIEW_REQUIRED,品目の直接記載は必須とせず、既存mappingを支えるCURRENT公式category ruleから判定。 collector_status=AMBIGUOUS_CATEGORY_CANDIDATES
M003,I031,UNRESOLVED,,,,,TRUE,UNRESOLVED,直接記載・公式rule由来mapping・一意な一般則categoryのいずれでも決定できない。 collector_status=AMBIGUOUS_CATEGORY_CANDIDATES
M003,I032,UNRESOLVED,,,,,TRUE,UNRESOLVED,直接記載・公式rule由来mapping・一意な一般則categoryのいずれでも決定できない。 collector_status=AMBIGUOUS_CATEGORY_CANDIDATES
M003,I033,UNRESOLVED,,,,,TRUE,UNRESOLVED,直接記載・公式rule由来mapping・一意な一般則categoryのいずれでも決定できない。 collector_status=AMBIGUOUS_CATEGORY_CANDIDATES
M003,I034,DIRECT_ITEM,C-M003-02,燃えないごみ,S-M003-02,text-match:小型家電 + 燃えないごみ,TRUE,CATEGORY_SUPPORTED_CONDITION_REVIEW_REQUIRED,全既存branchで公式資料中の品目表記とcategoryの直接候補あり。 collector_status=ALL_EXISTING_BRANCHES_HAVE_DIRECT_CANDIDATE
M003,I035,UNRESOLVED,,,,,TRUE,UNRESOLVED,直接記載・公式rule由来mapping・一意な一般則categoryのいずれでも決定できない。 collector_status=NO_ITEM_MATCH_IN_FETCHED_OFFICIAL_SOURCES
M003,I036,OFFICIAL_RULE_DERIVED,C-M003-10,燃えるごみの粗大ごみ,S-M003-02,燃えるごみの粗大ごみ,TRUE,CATEGORY_SUPPORTED_CONDITION_REVIEW_REQUIRED,品目の直接記載は必須とせず、既存mappingを支えるCURRENT公式category ruleから判定。 collector_status=AMBIGUOUS_CATEGORY_CANDIDATES
M003,I037,UNRESOLVED,,,,,TRUE,UNRESOLVED,既存mappingの全branchをCURRENT公式category ruleで裏付けられないため未解決。 collector_status=NO_ITEM_MATCH_IN_FETCHED_OFFICIAL_SOURCES
M003,I038,UNRESOLVED,,,,,TRUE,UNRESOLVED,直接記載・公式rule由来mapping・一意な一般則categoryのいずれでも決定できない。 collector_status=AMBIGUOUS_CATEGORY_CANDIDATES
M003,I039,UNRESOLVED,,,,,TRUE,UNRESOLVED,直接記載・公式rule由来mapping・一意な一般則categoryのいずれでも決定できない。 collector_status=AMBIGUOUS_CATEGORY_CANDIDATES
M003,I040,UNRESOLVED,,,,,TRUE,UNRESOLVED,直接記載・公式rule由来mapping・一意な一般則categoryのいずれでも決定できない。 collector_status=NO_ITEM_MATCH_IN_FETCHED_OFFICIAL_SOURCES
M004,I001,UNRESOLVED,,,,,FALSE,UNRESOLVED,直接記載・公式rule由来mapping・一意な一般則categoryのいずれでも決定できない。 collector_status=NO_ITEM_MATCH_IN_FETCHED_OFFICIAL_SOURCES
M004,I002,UNRESOLVED,,,,,TRUE,UNRESOLVED,直接記載・公式rule由来mapping・一意な一般則categoryのいずれでも決定できない。 collector_status=AMBIGUOUS_CATEGORY_CANDIDATES
M004,I003,UNRESOLVED,,,,,TRUE,UNRESOLVED,直接記載・公式rule由来mapping・一意な一般則categoryのいずれでも決定できない。 collector_status=NO_ITEM_MATCH_IN_FETCHED_OFFICIAL_SOURCES
M004,I004,UNRESOLVED,,,,,FALSE,UNRESOLVED,直接記載・公式rule由来mapping・一意な一般則categoryのいずれでも決定できない。 collector_status=NO_ITEM_MATCH_IN_FETCHED_OFFICIAL_SOURCES
M004,I005,UNRESOLVED,,,,,FALSE,UNRESOLVED,直接記載・公式rule由来mapping・一意な一般則categoryのいずれでも決定できない。 collector_status=NO_ITEM_MATCH_IN_FETCHED_OFFICIAL_SOURCES
M004,I006,UNRESOLVED,,,,,TRUE,UNRESOLVED,直接記載・公式rule由来mapping・一意な一般則categoryのいずれでも決定できない。 collector_status=NO_ITEM_MATCH_IN_FETCHED_OFFICIAL_SOURCES
M004,I007,UNRESOLVED,,,,,TRUE,UNRESOLVED,直接記載・公式rule由来mapping・一意な一般則categoryのいずれでも決定できない。 collector_status=NO_ITEM_MATCH_IN_FETCHED_OFFICIAL_SOURCES
M004,I008,UNRESOLVED,,,,,TRUE,UNRESOLVED,直接記載・公式rule由来mapping・一意な一般則categoryのいずれでも決定できない。 collector_status=NO_ITEM_MATCH_IN_FETCHED_OFFICIAL_SOURCES
M004,I009,UNRESOLVED,,,,,TRUE,UNRESOLVED,直接記載・公式rule由来mapping・一意な一般則categoryのいずれでも決定できない。 collector_status=NO_ITEM_MATCH_IN_FETCHED_OFFICIAL_SOURCES
M004,I010,UNRESOLVED,,,,,TRUE,UNRESOLVED,直接記載・公式rule由来mapping・一意な一般則categoryのいずれでも決定できない。 collector_status=NO_ITEM_MATCH_IN_FETCHED_OFFICIAL_SOURCES
M004,I011,UNRESOLVED,,,,,TRUE,UNRESOLVED,直接記載・公式rule由来mapping・一意な一般則categoryのいずれでも決定できない。 collector_status=NO_ITEM_MATCH_IN_FETCHED_OFFICIAL_SOURCES
M004,I012,UNRESOLVED,,,,,TRUE,UNRESOLVED,直接記載・公式rule由来mapping・一意な一般則categoryのいずれでも決定できない。 collector_status=NO_ITEM_MATCH_IN_FETCHED_OFFICIAL_SOURCES
M004,I013,DIRECT_ITEM,C-M004-03,古紙（新聞・雑誌）,S-M004-02,text-match:新聞 + 古紙（新聞・雑誌）,FALSE,CATEGORY_SUPPORTED,全既存branchで公式資料中の品目表記とcategoryの直接候補あり。 collector_status=ALL_EXISTING_BRANCHES_HAVE_DIRECT_CANDIDATE
M004,I014,DIRECT_ITEM,C-M004-07,段ボール,S-M004-02,text-match:段ボール + 段ボール,FALSE,CATEGORY_SUPPORTED,全既存branchで公式資料中の品目表記とcategoryの直接候補あり。 collector_status=ALL_EXISTING_BRANCHES_HAVE_DIRECT_CANDIDATE
M004,I015,DIRECT_ITEM,C-M004-03,古紙（新聞・雑誌）,S-M004-02,text-match:雑誌 + 古紙（新聞・雑誌）,FALSE,CATEGORY_SUPPORTED,全既存branchで公式資料中の品目表記とcategoryの直接候補あり。 collector_status=ALL_EXISTING_BRANCHES_HAVE_DIRECT_CANDIDATE
M004,I016,UNRESOLVED,,,,,FALSE,UNRESOLVED,直接記載・公式rule由来mapping・一意な一般則categoryのいずれでも決定できない。 collector_status=NO_ITEM_MATCH_IN_FETCHED_OFFICIAL_SOURCES
M004,I017,DIRECT_ITEM,C-M004-04,紙パック,S-M004-02,text-match:紙パック + 紙パック,TRUE,CATEGORY_SUPPORTED_CONDITION_REVIEW_REQUIRED,全既存branchで公式資料中の品目表記とcategoryの直接候補あり。 collector_status=ALL_EXISTING_BRANCHES_HAVE_DIRECT_CANDIDATE
M004,I018,DIRECT_ITEM,C-M004-01,燃やせるごみ,S-M004-01,text-match:生ごみ + 燃やせるごみ,TRUE,CATEGORY_SUPPORTED_CONDITION_REVIEW_REQUIRED,全既存branchで公式資料中の品目表記とcategoryの直接候補あり。 collector_status=ALL_EXISTING_BRANCHES_HAVE_DIRECT_CANDIDATE
M004,I019,UNRESOLVED,,,,,FALSE,UNRESOLVED,直接記載・公式rule由来mapping・一意な一般則categoryのいずれでも決定できない。 collector_status=AMBIGUOUS_CATEGORY_CANDIDATES
M004,I020,UNRESOLVED,,,,,FALSE,UNRESOLVED,直接記載・公式rule由来mapping・一意な一般則categoryのいずれでも決定できない。 collector_status=NO_ITEM_MATCH_IN_FETCHED_OFFICIAL_SOURCES
M004,I021,DIRECT_ITEM,C-M004-08,古着,S-M004-02,text-match:古着 + 古着,TRUE,CATEGORY_SUPPORTED_CONDITION_REVIEW_REQUIRED,全既存branchで公式資料中の品目表記とcategoryの直接候補あり。 collector_status=ALL_EXISTING_BRANCHES_HAVE_DIRECT_CANDIDATE
M004,I022,UNRESOLVED,,,,,TRUE,UNRESOLVED,直接記載・公式rule由来mapping・一意な一般則categoryのいずれでも決定できない。 collector_status=NO_ITEM_MATCH_IN_FETCHED_OFFICIAL_SOURCES
M004,I023,OFFICIAL_RULE_DERIVED,C-M004-09,大形・不燃ごみ,S-M004-03,大形・不燃ごみ,TRUE,CATEGORY_SUPPORTED_CONDITION_REVIEW_REQUIRED,品目の直接記載は必須とせず、既存mappingを支えるCURRENT公式category ruleから判定。 collector_status=NO_ITEM_MATCH_IN_FETCHED_OFFICIAL_SOURCES
M004,I024,GENERAL_RULE_DERIVED,C-M004-09,大形・不燃ごみ,S-M004-03,大形・不燃ごみ,TRUE,CATEGORY_SUPPORTED_CONDITION_REVIEW_REQUIRED,個別記載・既存mappingなし。一般的な材質/用途ルールと一意のCURRENT公式categoryが一致。 collector_status=AMBIGUOUS_CATEGORY_CANDIDATES
M004,I025,UNRESOLVED,,,,,TRUE,UNRESOLVED,直接記載・公式rule由来mapping・一意な一般則categoryのいずれでも決定できない。 collector_status=NO_ITEM_MATCH_IN_FETCHED_OFFICIAL_SOURCES
M004,I026,UNRESOLVED,,,,,TRUE,UNRESOLVED,直接記載・公式rule由来mapping・一意な一般則categoryのいずれでも決定できない。 collector_status=NO_ITEM_MATCH_IN_FETCHED_OFFICIAL_SOURCES
M004,I027,DIRECT_ITEM,C-M004-10,有害・危険ごみ及び乾電池,S-M004-01,text-match:乾電池 + 有害・危険ごみ及び乾電池,TRUE,CATEGORY_SUPPORTED_CONDITION_REVIEW_REQUIRED,全既存branchで公式資料中の品目表記とcategoryの直接候補あり。 collector_status=ALL_EXISTING_BRANCHES_HAVE_DIRECT_CANDIDATE
M004,I028,UNRESOLVED,,,,,TRUE,UNRESOLVED,直接記載・公式rule由来mapping・一意な一般則categoryのいずれでも決定できない。 collector_status=NO_ITEM_MATCH_IN_FETCHED_OFFICIAL_SOURCES
M004,I029,UNRESOLVED,,,,,TRUE,UNRESOLVED,直接記載・公式rule由来mapping・一意な一般則categoryのいずれでも決定できない。 collector_status=NO_ITEM_MATCH_IN_FETCHED_OFFICIAL_SOURCES
M004,I030,DIRECT_ITEM,C-M004-10,有害・危険ごみ及び乾電池,S-M004-04,text-match:蛍光管 + 有害・危険ごみ及び乾電池,TRUE,CATEGORY_SUPPORTED_CONDITION_REVIEW_REQUIRED,全既存branchで公式資料中の品目表記とcategoryの直接候補あり。 collector_status=ALL_EXISTING_BRANCHES_HAVE_DIRECT_CANDIDATE
M004,I031,DIRECT_ITEM,C-M004-10,有害・危険ごみ及び乾電池,S-M004-04,text-match:電球 + 有害・危険ごみ及び乾電池,TRUE,CATEGORY_SUPPORTED_CONDITION_REVIEW_REQUIRED,全既存branchで公式資料中の品目表記とcategoryの直接候補あり。 collector_status=ALL_EXISTING_BRANCHES_HAVE_DIRECT_CANDIDATE
M004,I032,DIRECT_ITEM,C-M004-05,空カン,S-M004-02,text-match:スプレー缶 + 空カン,TRUE,CATEGORY_SUPPORTED_CONDITION_REVIEW_REQUIRED,全既存branchで公式資料中の品目表記とcategoryの直接候補あり。 collector_status=ALL_EXISTING_BRANCHES_HAVE_DIRECT_CANDIDATE
M004,I033,DIRECT_ITEM,C-M004-10,有害・危険ごみ及び乾電池,S-M004-04,text-match:ライター + 有害・危険ごみ及び乾電池,TRUE,CATEGORY_SUPPORTED_CONDITION_REVIEW_REQUIRED,全既存branchで公式資料中の品目表記とcategoryの直接候補あり。 collector_status=ALL_EXISTING_BRANCHES_HAVE_DIRECT_CANDIDATE
M004,I034,OFFICIAL_RULE_DERIVED,C-M004-12,その他のごみ,S-M004-01,その他のごみ,TRUE,CATEGORY_SUPPORTED_CONDITION_REVIEW_REQUIRED,品目の直接記載は必須とせず、既存mappingを支えるCURRENT公式category ruleから判定。 collector_status=ITEM_MATCH_WITHOUT_CATEGORY
M004,I035,UNRESOLVED,,,,,TRUE,UNRESOLVED,直接記載・公式rule由来mapping・一意な一般則categoryのいずれでも決定できない。 collector_status=NO_ITEM_MATCH_IN_FETCHED_OFFICIAL_SOURCES
M004,I036,UNRESOLVED,,,,,TRUE,UNRESOLVED,直接記載・公式rule由来mapping・一意な一般則categoryのいずれでも決定できない。 collector_status=NO_ITEM_MATCH_IN_FETCHED_OFFICIAL_SOURCES
M004,I037,UNRESOLVED,,,,,TRUE,UNRESOLVED,既存mappingの全branchをCURRENT公式category ruleで裏付けられないため未解決。 collector_status=NO_ITEM_MATCH_IN_FETCHED_OFFICIAL_SOURCES
M004,I038,UNRESOLVED,,,,,TRUE,UNRESOLVED,直接記載・公式rule由来mapping・一意な一般則categoryのいずれでも決定できない。 collector_status=NO_ITEM_MATCH_IN_FETCHED_OFFICIAL_SOURCES
M004,I039,UNRESOLVED,,,,,TRUE,UNRESOLVED,直接記載・公式rule由来mapping・一意な一般則categoryのいずれでも決定できない。 collector_status=NO_ITEM_MATCH_IN_FETCHED_OFFICIAL_SOURCES
M004,I040,UNRESOLVED,,,,,TRUE,UNRESOLVED,直接記載・公式rule由来mapping・一意な一般則categoryのいずれでも決定できない。 collector_status=NO_ITEM_MATCH_IN_FETCHED_OFFICIAL_SOURCES
M005,I001,DIRECT_ITEM,C-M005-11,ペットボトル,S-M005-04,text-match:ペットボトル + ペットボトル,FALSE,CATEGORY_SUPPORTED,全既存branchで公式資料中の品目表記とcategoryの直接候補あり。 collector_status=ALL_EXISTING_BRANCHES_HAVE_DIRECT_CANDIDATE
M005,I002,UNRESOLVED,,,,,TRUE,UNRESOLVED,直接記載・公式rule由来mapping・一意な一般則categoryのいずれでも決定できない。 collector_status=NO_ITEM_MATCH_IN_FETCHED_OFFICIAL_SOURCES
M005,I003,UNRESOLVED,,,,,TRUE,UNRESOLVED,直接記載・公式rule由来mapping・一意な一般則categoryのいずれでも決定できない。 collector_status=NO_ITEM_MATCH_IN_FETCHED_OFFICIAL_SOURCES
M005,I004,UNRESOLVED,,,,,FALSE,UNRESOLVED,直接記載・公式rule由来mapping・一意な一般則categoryのいずれでも決定できない。 collector_status=AMBIGUOUS_CATEGORY_CANDIDATES
M005,I005,UNRESOLVED,,,,,FALSE,UNRESOLVED,直接記載・公式rule由来mapping・一意な一般則categoryのいずれでも決定できない。 collector_status=AMBIGUOUS_CATEGORY_CANDIDATES
M005,I006,OFFICIAL_RULE_DERIVED,C-M005-19|C-M005-20|C-M005-21|C-M005-22,一升びん・ビールびん・リターナブルびん|無色透明びん|茶色びん|その他色びん,S-M005-04,第2編18ページ 表2-1／あきびん／一升びん・ビールびん・リターナブルびん|第2編18ページ 表2-1／あきびん／無色透明びん|第2編18ページ 表2-1／あきびん／茶色びん|第2編18ページ 表2-1／あきびん／その他色びん,TRUE,CATEGORY_SUPPORTED_CONDITION_REVIEW_REQUIRED,品目の直接記載は必須とせず、既存mappingを支えるCURRENT公式category ruleから判定。 collector_status=AMBIGUOUS_CATEGORY_CANDIDATES
M005,I007,UNRESOLVED,,,,,TRUE,UNRESOLVED,直接記載・公式rule由来mapping・一意な一般則categoryのいずれでも決定できない。 collector_status=NO_ITEM_MATCH_IN_FETCHED_OFFICIAL_SOURCES
M005,I008,UNRESOLVED,,,,,TRUE,UNRESOLVED,直接記載・公式rule由来mapping・一意な一般則categoryのいずれでも決定できない。 collector_status=NO_ITEM_MATCH_IN_FETCHED_OFFICIAL_SOURCES
M005,I009,UNRESOLVED,,,,,TRUE,UNRESOLVED,直接記載・公式rule由来mapping・一意な一般則categoryのいずれでも決定できない。 collector_status=NO_ITEM_MATCH_IN_FETCHED_OFFICIAL_SOURCES
M005,I010,UNRESOLVED,,,,,TRUE,UNRESOLVED,直接記載・公式rule由来mapping・一意な一般則categoryのいずれでも決定できない。 collector_status=NO_ITEM_MATCH_IN_FETCHED_OFFICIAL_SOURCES
M005,I011,UNRESOLVED,,,,,TRUE,UNRESOLVED,直接記載・公式rule由来mapping・一意な一般則categoryのいずれでも決定できない。 collector_status=ITEM_MATCH_WITHOUT_CATEGORY
M005,I012,UNRESOLVED,,,,,TRUE,UNRESOLVED,直接記載・公式rule由来mapping・一意な一般則categoryのいずれでも決定できない。 collector_status=NO_ITEM_MATCH_IN_FETCHED_OFFICIAL_SOURCES
M005,I013,DIRECT_ITEM,C-M005-07,新聞紙,S-M005-04,text-match:新聞 + 新聞紙,FALSE,CATEGORY_SUPPORTED,全既存branchで公式資料中の品目表記とcategoryの直接候補あり。 collector_status=ALL_EXISTING_BRANCHES_HAVE_DIRECT_CANDIDATE
M005,I014,OFFICIAL_RULE_DERIVED,C-M005-05,ダンボール,S-M005-02,ダンボール,FALSE,CATEGORY_SUPPORTED,品目の直接記載は必須とせず、既存mappingを支えるCURRENT公式category ruleから判定。 collector_status=AMBIGUOUS_CATEGORY_CANDIDATES
M005,I015,DIRECT_ITEM,C-M005-06,雑誌・古本,S-M005-04,text-match:雑誌 + 雑誌・古本,FALSE,CATEGORY_SUPPORTED,全既存branchで公式資料中の品目表記とcategoryの直接候補あり。 collector_status=ALL_EXISTING_BRANCHES_HAVE_DIRECT_CANDIDATE
M005,I016,DIRECT_ITEM,C-M005-08,雑紙,S-M005-04,text-match:雑紙 + 雑紙,FALSE,CATEGORY_SUPPORTED,全既存branchで公式資料中の品目表記とcategoryの直接候補あり。 collector_status=ALL_EXISTING_BRANCHES_HAVE_DIRECT_CANDIDATE
M005,I017,DIRECT_ITEM,C-M005-17,紙パック,S-M005-04,text-match:紙パック + 紙パック,TRUE,CATEGORY_SUPPORTED_CONDITION_REVIEW_REQUIRED,全既存branchで公式資料中の品目表記とcategoryの直接候補あり。 collector_status=ALL_EXISTING_BRANCHES_HAVE_DIRECT_CANDIDATE
M005,I018,DIRECT_ITEM,C-M005-01,燃やせるごみ,S-M005-04,text-match:生ごみ + 燃やせるごみ,TRUE,CATEGORY_SUPPORTED_CONDITION_REVIEW_REQUIRED,全既存branchで公式資料中の品目表記とcategoryの直接候補あり。 collector_status=ALL_EXISTING_BRANCHES_HAVE_DIRECT_CANDIDATE
M005,I019,UNRESOLVED,,,,,FALSE,UNRESOLVED,直接記載・公式rule由来mapping・一意な一般則categoryのいずれでも決定できない。 collector_status=NO_ITEM_MATCH_IN_FETCHED_OFFICIAL_SOURCES
M005,I020,UNRESOLVED,,,,,FALSE,UNRESOLVED,直接記載・公式rule由来mapping・一意な一般則categoryのいずれでも決定できない。 collector_status=NO_ITEM_MATCH_IN_FETCHED_OFFICIAL_SOURCES
M005,I021,DIRECT_ITEM,C-M005-16,古着・布類,S-M005-04,text-match:古着 + 古着・布類,TRUE,CATEGORY_SUPPORTED_CONDITION_REVIEW_REQUIRED,全既存branchで公式資料中の品目表記とcategoryの直接候補あり。 collector_status=ALL_EXISTING_BRANCHES_HAVE_DIRECT_CANDIDATE
M005,I022,UNRESOLVED,,,,,TRUE,UNRESOLVED,直接記載・公式rule由来mapping・一意な一般則categoryのいずれでも決定できない。 collector_status=NO_ITEM_MATCH_IN_FETCHED_OFFICIAL_SOURCES
M005,I023,OFFICIAL_RULE_DERIVED,C-M005-02,燃やせないごみ,S-M005-02,燃やせないごみ,TRUE,CATEGORY_SUPPORTED_CONDITION_REVIEW_REQUIRED,品目の直接記載は必須とせず、既存mappingを支えるCURRENT公式category ruleから判定。 collector_status=ITEM_MATCH_WITHOUT_CATEGORY
M005,I024,UNRESOLVED,,,,,FALSE,UNRESOLVED,直接記載・公式rule由来mapping・一意な一般則categoryのいずれでも決定できない。 collector_status=AMBIGUOUS_CATEGORY_CANDIDATES
M005,I025,UNRESOLVED,,,,,TRUE,UNRESOLVED,直接記載・公式rule由来mapping・一意な一般則categoryのいずれでも決定できない。 collector_status=NO_ITEM_MATCH_IN_FETCHED_OFFICIAL_SOURCES
M005,I026,UNRESOLVED,,,,,TRUE,UNRESOLVED,直接記載・公式rule由来mapping・一意な一般則categoryのいずれでも決定できない。 collector_status=NO_ITEM_MATCH_IN_FETCHED_OFFICIAL_SOURCES
M005,I027,OFFICIAL_RULE_DERIVED,C-M005-04,有害ごみ,S-M005-02,有害ごみ,TRUE,CATEGORY_SUPPORTED_CONDITION_REVIEW_REQUIRED,品目の直接記載は必須とせず、既存mappingを支えるCURRENT公式category ruleから判定。 collector_status=AMBIGUOUS_CATEGORY_CANDIDATES
M005,I028,UNRESOLVED,,,,,TRUE,UNRESOLVED,直接記載・公式rule由来mapping・一意な一般則categoryのいずれでも決定できない。 collector_status=NO_ITEM_MATCH_IN_FETCHED_OFFICIAL_SOURCES
M005,I029,UNRESOLVED,,,,,TRUE,UNRESOLVED,直接記載・公式rule由来mapping・一意な一般則categoryのいずれでも決定できない。 collector_status=ITEM_MATCH_WITHOUT_CATEGORY
M005,I030,OFFICIAL_RULE_DERIVED,C-M005-04,有害ごみ,S-M005-02,有害ごみ,TRUE,CATEGORY_SUPPORTED_CONDITION_REVIEW_REQUIRED,品目の直接記載は必須とせず、既存mappingを支えるCURRENT公式category ruleから判定。 collector_status=AMBIGUOUS_CATEGORY_CANDIDATES
M005,I031,UNRESOLVED,,,,,TRUE,UNRESOLVED,直接記載・公式rule由来mapping・一意な一般則categoryのいずれでも決定できない。 collector_status=AMBIGUOUS_CATEGORY_CANDIDATES
M005,I032,DIRECT_ITEM,C-M005-15,スプレー缶・ガスカートリッジ,S-M005-04,text-match:スプレー缶 + スプレー缶・ガスカートリッジ,TRUE,CATEGORY_SUPPORTED_CONDITION_REVIEW_REQUIRED,全既存branchで公式資料中の品目表記とcategoryの直接候補あり。 collector_status=ALL_EXISTING_BRANCHES_HAVE_DIRECT_CANDIDATE
M005,I033,UNRESOLVED,,,,,TRUE,UNRESOLVED,直接記載・公式rule由来mapping・一意な一般則categoryのいずれでも決定できない。 collector_status=AMBIGUOUS_CATEGORY_CANDIDATES
M005,I034,DIRECT_ITEM,C-M005-18,使用済小型家電,S-M005-04,text-match:小型家電 + 使用済小型家電,TRUE,CATEGORY_SUPPORTED_CONDITION_REVIEW_REQUIRED,全既存branchで公式資料中の品目表記とcategoryの直接候補あり。 collector_status=ALL_EXISTING_BRANCHES_HAVE_DIRECT_CANDIDATE
M005,I035,UNRESOLVED,,,,,TRUE,UNRESOLVED,直接記載・公式rule由来mapping・一意な一般則categoryのいずれでも決定できない。 collector_status=NO_ITEM_MATCH_IN_FETCHED_OFFICIAL_SOURCES
M005,I036,UNRESOLVED,,,,,TRUE,UNRESOLVED,直接記載・公式rule由来mapping・一意な一般則categoryのいずれでも決定できない。 collector_status=ONE_INFERRED_CATEGORY_CANDIDATE
M005,I037,UNRESOLVED,,,,,TRUE,UNRESOLVED,既存mappingの全branchをCURRENT公式category ruleで裏付けられないため未解決。 collector_status=NO_ITEM_MATCH_IN_FETCHED_OFFICIAL_SOURCES
M005,I038,UNRESOLVED,,,,,TRUE,UNRESOLVED,既存mappingの全branchをCURRENT公式category ruleで裏付けられないため未解決。 collector_status=NO_ITEM_MATCH_IN_FETCHED_OFFICIAL_SOURCES
M005,I039,UNRESOLVED,,,,,TRUE,UNRESOLVED,直接記載・公式rule由来mapping・一意な一般則categoryのいずれでも決定できない。 collector_status=AMBIGUOUS_CATEGORY_CANDIDATES
M005,I040,UNRESOLVED,,,,,TRUE,UNRESOLVED,直接記載・公式rule由来mapping・一意な一般則categoryのいずれでも決定できない。 collector_status=AMBIGUOUS_CATEGORY_CANDIDATES
M006,I001,DIRECT_ITEM,C-M006-05,ペットボトル,S-M006-02,text-match:ペットボトル + ペットボトル,FALSE,CATEGORY_SUPPORTED,全既存branchで公式資料中の品目表記とcategoryの直接候補あり。 collector_status=ALL_EXISTING_BRANCHES_HAVE_DIRECT_CANDIDATE
M006,I002,UNRESOLVED,,,,,TRUE,UNRESOLVED,直接記載・公式rule由来mapping・一意な一般則categoryのいずれでも決定できない。 collector_status=AMBIGUOUS_CATEGORY_CANDIDATES
M006,I003,UNRESOLVED,,,,,TRUE,UNRESOLVED,直接記載・公式rule由来mapping・一意な一般則categoryのいずれでも決定できない。 collector_status=AMBIGUOUS_CATEGORY_CANDIDATES
M006,I004,OFFICIAL_RULE_DERIVED,C-M006-09,缶類,S-M006-02,缶類,FALSE,CATEGORY_SUPPORTED,品目の直接記載は必須とせず、既存mappingを支えるCURRENT公式category ruleから判定。 collector_status=NO_ITEM_MATCH_IN_FETCHED_OFFICIAL_SOURCES
M006,I005,OFFICIAL_RULE_DERIVED,C-M006-09,缶類,S-M006-02,缶類,FALSE,CATEGORY_SUPPORTED,品目の直接記載は必須とせず、既存mappingを支えるCURRENT公式category ruleから判定。 collector_status=NO_ITEM_MATCH_IN_FETCHED_OFFICIAL_SOURCES
M006,I006,OFFICIAL_RULE_DERIVED,C-M006-06|C-M006-07|C-M006-08,無色透明びん|茶色びん|その他のびん,S-M006-02,無色透明びん|茶色びん|その他のびん,TRUE,CATEGORY_SUPPORTED_CONDITION_REVIEW_REQUIRED,品目の直接記載は必須とせず、既存mappingを支えるCURRENT公式category ruleから判定。 collector_status=NO_ITEM_MATCH_IN_FETCHED_OFFICIAL_SOURCES
M006,I007,UNRESOLVED,,,,,TRUE,UNRESOLVED,直接記載・公式rule由来mapping・一意な一般則categoryのいずれでも決定できない。 collector_status=NO_ITEM_MATCH_IN_FETCHED_OFFICIAL_SOURCES
M006,I008,UNRESOLVED,,,,,TRUE,UNRESOLVED,直接記載・公式rule由来mapping・一意な一般則categoryのいずれでも決定できない。 collector_status=NO_ITEM_MATCH_IN_FETCHED_OFFICIAL_SOURCES
M006,I009,GENERAL_RULE_DERIVED,C-M006-03,容器包装プラスチック,S-M006-02,容器包装プラスチック,TRUE,CATEGORY_SUPPORTED_CONDITION_REVIEW_REQUIRED,個別記載・既存mappingなし。一般的な材質/用途ルールと一意のCURRENT公式categoryが一致。 collector_status=NO_ITEM_MATCH_IN_FETCHED_OFFICIAL_SOURCES
M006,I010,GENERAL_RULE_DERIVED,C-M006-03,容器包装プラスチック,S-M006-02,容器包装プラスチック,TRUE,CATEGORY_SUPPORTED_CONDITION_REVIEW_REQUIRED,個別記載・既存mappingなし。一般的な材質/用途ルールと一意のCURRENT公式categoryが一致。 collector_status=NO_ITEM_MATCH_IN_FETCHED_OFFICIAL_SOURCES
M006,I011,OFFICIAL_RULE_DERIVED,C-M006-03,容器包装プラスチック,S-M006-02,容器包装プラスチック,TRUE,CATEGORY_SUPPORTED_CONDITION_REVIEW_REQUIRED,品目の直接記載は必須とせず、既存mappingを支えるCURRENT公式category ruleから判定。 collector_status=NO_ITEM_MATCH_IN_FETCHED_OFFICIAL_SOURCES
M006,I012,GENERAL_RULE_DERIVED,C-M006-03,容器包装プラスチック,S-M006-02,容器包装プラスチック,TRUE,CATEGORY_SUPPORTED_CONDITION_REVIEW_REQUIRED,個別記載・既存mappingなし。一般的な材質/用途ルールと一意のCURRENT公式categoryが一致。 collector_status=NO_ITEM_MATCH_IN_FETCHED_OFFICIAL_SOURCES
M006,I013,DIRECT_ITEM,C-M006-10,新聞,S-M006-02,text-match:新聞 + 新聞,FALSE,CATEGORY_SUPPORTED,全既存branchで公式資料中の品目表記とcategoryの直接候補あり。 collector_status=ALL_EXISTING_BRANCHES_HAVE_DIRECT_CANDIDATE
M006,I014,DIRECT_ITEM,C-M006-11,ダンボール,S-M006-02,text-match:ダンボール + ダンボール,FALSE,CATEGORY_SUPPORTED,全既存branchで公式資料中の品目表記とcategoryの直接候補あり。 collector_status=ALL_EXISTING_BRANCHES_HAVE_DIRECT_CANDIDATE
M006,I015,UNRESOLVED,,,,,FALSE,UNRESOLVED,直接記載・公式rule由来mapping・一意な一般則categoryのいずれでも決定できない。 collector_status=AMBIGUOUS_CATEGORY_CANDIDATES
M006,I016,DIRECT_ITEM,C-M006-12,雑紙類,S-M006-02,text-match:雑紙 + 雑紙類,FALSE,CATEGORY_SUPPORTED,全既存branchで公式資料中の品目表記とcategoryの直接候補あり。 collector_status=ALL_EXISTING_BRANCHES_HAVE_DIRECT_CANDIDATE
M006,I017,UNRESOLVED,,,,,TRUE,UNRESOLVED,直接記載・公式rule由来mapping・一意な一般則categoryのいずれでも決定できない。 collector_status=AMBIGUOUS_CATEGORY_CANDIDATES
M006,I018,OFFICIAL_RULE_DERIVED,C-M006-01,もやせるごみ,S-M006-02,もやせるごみ,TRUE,CATEGORY_SUPPORTED_CONDITION_REVIEW_REQUIRED,品目の直接記載は必須とせず、既存mappingを支えるCURRENT公式category ruleから判定。 collector_status=ITEM_MATCH_WITHOUT_CATEGORY
M006,I019,UNRESOLVED,,,,,FALSE,UNRESOLVED,直接記載・公式rule由来mapping・一意な一般則categoryのいずれでも決定できない。 collector_status=ITEM_MATCH_WITHOUT_CATEGORY
M006,I020,UNRESOLVED,,,,,FALSE,UNRESOLVED,直接記載・公式rule由来mapping・一意な一般則categoryのいずれでも決定できない。 collector_status=NO_ITEM_MATCH_IN_FETCHED_OFFICIAL_SOURCES
M006,I021,OFFICIAL_RULE_DERIVED,C-M006-17,布類,S-M006-02,2ページ 5 一般廃棄物の収集・運搬及び排出方法／紙類・布類,FALSE,CATEGORY_SUPPORTED,品目の直接記載は必須とせず、既存mappingを支えるCURRENT公式category ruleから判定。 collector_status=AMBIGUOUS_CATEGORY_CANDIDATES
M006,I022,UNRESOLVED,,,,,TRUE,UNRESOLVED,直接記載・公式rule由来mapping・一意な一般則categoryのいずれでも決定できない。 collector_status=NO_ITEM_MATCH_IN_FETCHED_OFFICIAL_SOURCES
M006,I023,OFFICIAL_RULE_DERIVED,C-M006-02,もやせないごみ,S-M006-02,もやせないごみ,TRUE,CATEGORY_SUPPORTED_CONDITION_REVIEW_REQUIRED,品目の直接記載は必須とせず、既存mappingを支えるCURRENT公式category ruleから判定。 collector_status=NO_ITEM_MATCH_IN_FETCHED_OFFICIAL_SOURCES
M006,I024,UNRESOLVED,,,,,FALSE,UNRESOLVED,直接記載・公式rule由来mapping・一意な一般則categoryのいずれでも決定できない。 collector_status=NO_ITEM_MATCH_IN_FETCHED_OFFICIAL_SOURCES
M006,I025,UNRESOLVED,,,,,TRUE,UNRESOLVED,直接記載・公式rule由来mapping・一意な一般則categoryのいずれでも決定できない。 collector_status=NO_ITEM_MATCH_IN_FETCHED_OFFICIAL_SOURCES
M006,I026,UNRESOLVED,,,,,TRUE,UNRESOLVED,直接記載・公式rule由来mapping・一意な一般則categoryのいずれでも決定できない。 collector_status=NO_ITEM_MATCH_IN_FETCHED_OFFICIAL_SOURCES
M006,I027,DIRECT_ITEM,C-M006-13,使用済乾電池等,S-M006-02,text-match:乾電池 + 使用済乾電池等,TRUE,CATEGORY_SUPPORTED_CONDITION_REVIEW_REQUIRED,全既存branchで公式資料中の品目表記とcategoryの直接候補あり。 collector_status=ALL_EXISTING_BRANCHES_HAVE_DIRECT_CANDIDATE
M006,I028,UNRESOLVED,,,,,TRUE,UNRESOLVED,直接記載・公式rule由来mapping・一意な一般則categoryのいずれでも決定できない。 collector_status=AMBIGUOUS_CATEGORY_CANDIDATES
M006,I029,UNRESOLVED,,,,,TRUE,UNRESOLVED,直接記載・公式rule由来mapping・一意な一般則categoryのいずれでも決定できない。 collector_status=NO_ITEM_MATCH_IN_FETCHED_OFFICIAL_SOURCES
M006,I030,OFFICIAL_RULE_DERIVED,C-M006-13,使用済乾電池等,S-M006-02,使用済乾電池等,TRUE,CATEGORY_SUPPORTED_CONDITION_REVIEW_REQUIRED,品目の直接記載は必須とせず、既存mappingを支えるCURRENT公式category ruleから判定。 collector_status=NO_ITEM_MATCH_IN_FETCHED_OFFICIAL_SOURCES
M006,I031,UNRESOLVED,,,,,TRUE,UNRESOLVED,直接記載・公式rule由来mapping・一意な一般則categoryのいずれでも決定できない。 collector_status=NO_ITEM_MATCH_IN_FETCHED_OFFICIAL_SOURCES
M006,I032,UNRESOLVED,,,,,TRUE,UNRESOLVED,直接記載・公式rule由来mapping・一意な一般則categoryのいずれでも決定できない。 collector_status=NO_ITEM_MATCH_IN_FETCHED_OFFICIAL_SOURCES
M006,I033,UNRESOLVED,,,,,TRUE,UNRESOLVED,直接記載・公式rule由来mapping・一意な一般則categoryのいずれでも決定できない。 collector_status=NO_ITEM_MATCH_IN_FETCHED_OFFICIAL_SOURCES
M006,I034,DIRECT_ITEM,C-M006-02|C-M006-15,もやせないごみ|使用済小型電子機器等,S-M006-02,text-match:小型家電 + もやせないごみ|text-match:小型家電 + 使用済小型電子機器等,TRUE,CATEGORY_SUPPORTED_CONDITION_REVIEW_REQUIRED,全既存branchで公式資料中の品目表記とcategoryの直接候補あり。 collector_status=ALL_EXISTING_BRANCHES_HAVE_DIRECT_CANDIDATE
M006,I035,UNRESOLVED,,,,,TRUE,UNRESOLVED,直接記載・公式rule由来mapping・一意な一般則categoryのいずれでも決定できない。 collector_status=NO_ITEM_MATCH_IN_FETCHED_OFFICIAL_SOURCES
M006,I036,UNRESOLVED,,,,,TRUE,UNRESOLVED,直接記載・公式rule由来mapping・一意な一般則categoryのいずれでも決定できない。 collector_status=NO_ITEM_MATCH_IN_FETCHED_OFFICIAL_SOURCES
M006,I037,UNRESOLVED,,,,,TRUE,UNRESOLVED,既存mappingの全branchをCURRENT公式category ruleで裏付けられないため未解決。 collector_status=AMBIGUOUS_CATEGORY_CANDIDATES
M006,I038,UNRESOLVED,,,,,TRUE,UNRESOLVED,既存mappingの全branchをCURRENT公式category ruleで裏付けられないため未解決。 collector_status=AMBIGUOUS_CATEGORY_CANDIDATES
M006,I039,UNRESOLVED,,,,,TRUE,UNRESOLVED,直接記載・公式rule由来mapping・一意な一般則categoryのいずれでも決定できない。 collector_status=NO_ITEM_MATCH_IN_FETCHED_OFFICIAL_SOURCES
M006,I040,UNRESOLVED,,,,,TRUE,UNRESOLVED,直接記載・公式rule由来mapping・一意な一般則categoryのいずれでも決定できない。 collector_status=NO_ITEM_MATCH_IN_FETCHED_OFFICIAL_SOURCES
M007,I001,UNRESOLVED,,,,,FALSE,UNRESOLVED,直接記載・公式rule由来mapping・一意な一般則categoryのいずれでも決定できない。 collector_status=NO_ITEM_MATCH_IN_FETCHED_OFFICIAL_SOURCES
M007,I002,UNRESOLVED,,,,,TRUE,UNRESOLVED,直接記載・公式rule由来mapping・一意な一般則categoryのいずれでも決定できない。 collector_status=NO_ITEM_MATCH_IN_FETCHED_OFFICIAL_SOURCES
M007,I003,UNRESOLVED,,,,,TRUE,UNRESOLVED,直接記載・公式rule由来mapping・一意な一般則categoryのいずれでも決定できない。 collector_status=NO_ITEM_MATCH_IN_FETCHED_OFFICIAL_SOURCES
M007,I004,UNRESOLVED,,,,,FALSE,UNRESOLVED,直接記載・公式rule由来mapping・一意な一般則categoryのいずれでも決定できない。 collector_status=NO_ITEM_MATCH_IN_FETCHED_OFFICIAL_SOURCES
M007,I005,UNRESOLVED,,,,,FALSE,UNRESOLVED,直接記載・公式rule由来mapping・一意な一般則categoryのいずれでも決定できない。 collector_status=NO_ITEM_MATCH_IN_FETCHED_OFFICIAL_SOURCES
M007,I006,UNRESOLVED,,,,,TRUE,UNRESOLVED,直接記載・公式rule由来mapping・一意な一般則categoryのいずれでも決定できない。 collector_status=NO_ITEM_MATCH_IN_FETCHED_OFFICIAL_SOURCES
M007,I007,UNRESOLVED,,,,,TRUE,UNRESOLVED,直接記載・公式rule由来mapping・一意な一般則categoryのいずれでも決定できない。 collector_status=NO_ITEM_MATCH_IN_FETCHED_OFFICIAL_SOURCES
M007,I008,UNRESOLVED,,,,,TRUE,UNRESOLVED,直接記載・公式rule由来mapping・一意な一般則categoryのいずれでも決定できない。 collector_status=NO_ITEM_MATCH_IN_FETCHED_OFFICIAL_SOURCES
M007,I009,UNRESOLVED,,,,,TRUE,UNRESOLVED,直接記載・公式rule由来mapping・一意な一般則categoryのいずれでも決定できない。 collector_status=NO_ITEM_MATCH_IN_FETCHED_OFFICIAL_SOURCES
M007,I010,OFFICIAL_RULE_DERIVED,C-M007-06,プラスチック,S-M007-02,プラスチック,TRUE,CATEGORY_SUPPORTED_CONDITION_REVIEW_REQUIRED,品目の直接記載は必須とせず、既存mappingを支えるCURRENT公式category ruleから判定。 collector_status=NO_ITEM_MATCH_IN_FETCHED_OFFICIAL_SOURCES
M007,I011,OFFICIAL_RULE_DERIVED,C-M007-06,プラスチック,S-M007-02,プラスチック,TRUE,CATEGORY_SUPPORTED_CONDITION_REVIEW_REQUIRED,品目の直接記載は必須とせず、既存mappingを支えるCURRENT公式category ruleから判定。 collector_status=NO_ITEM_MATCH_IN_FETCHED_OFFICIAL_SOURCES
M007,I012,UNRESOLVED,,,,,TRUE,UNRESOLVED,直接記載・公式rule由来mapping・一意な一般則categoryのいずれでも決定できない。 collector_status=NO_ITEM_MATCH_IN_FETCHED_OFFICIAL_SOURCES
M007,I013,UNRESOLVED,,,,,FALSE,UNRESOLVED,直接記載・公式rule由来mapping・一意な一般則categoryのいずれでも決定できない。 collector_status=NO_ITEM_MATCH_IN_FETCHED_OFFICIAL_SOURCES
M007,I014,UNRESOLVED,,,,,FALSE,UNRESOLVED,直接記載・公式rule由来mapping・一意な一般則categoryのいずれでも決定できない。 collector_status=NO_ITEM_MATCH_IN_FETCHED_OFFICIAL_SOURCES
M007,I015,UNRESOLVED,,,,,FALSE,UNRESOLVED,直接記載・公式rule由来mapping・一意な一般則categoryのいずれでも決定できない。 collector_status=NO_ITEM_MATCH_IN_FETCHED_OFFICIAL_SOURCES
M007,I016,UNRESOLVED,,,,,FALSE,UNRESOLVED,直接記載・公式rule由来mapping・一意な一般則categoryのいずれでも決定できない。 collector_status=NO_ITEM_MATCH_IN_FETCHED_OFFICIAL_SOURCES
M007,I017,UNRESOLVED,,,,,TRUE,UNRESOLVED,直接記載・公式rule由来mapping・一意な一般則categoryのいずれでも決定できない。 collector_status=NO_ITEM_MATCH_IN_FETCHED_OFFICIAL_SOURCES
M007,I018,OFFICIAL_RULE_DERIVED,C-M007-01,燃やせるごみ,S-M007-01,燃やせるごみ,TRUE,CATEGORY_SUPPORTED_CONDITION_REVIEW_REQUIRED,品目の直接記載は必須とせず、既存mappingを支えるCURRENT公式category ruleから判定。 collector_status=NO_ITEM_MATCH_IN_FETCHED_OFFICIAL_SOURCES
M007,I019,UNRESOLVED,,,,,FALSE,UNRESOLVED,直接記載・公式rule由来mapping・一意な一般則categoryのいずれでも決定できない。 collector_status=NO_ITEM_MATCH_IN_FETCHED_OFFICIAL_SOURCES
M007,I020,UNRESOLVED,,,,,FALSE,UNRESOLVED,直接記載・公式rule由来mapping・一意な一般則categoryのいずれでも決定できない。 collector_status=NO_ITEM_MATCH_IN_FETCHED_OFFICIAL_SOURCES
M007,I021,UNRESOLVED,,,,,FALSE,UNRESOLVED,直接記載・公式rule由来mapping・一意な一般則categoryのいずれでも決定できない。 collector_status=NO_ITEM_MATCH_IN_FETCHED_OFFICIAL_SOURCES
M007,I022,UNRESOLVED,,,,,TRUE,UNRESOLVED,直接記載・公式rule由来mapping・一意な一般則categoryのいずれでも決定できない。 collector_status=NO_ITEM_MATCH_IN_FETCHED_OFFICIAL_SOURCES
M007,I023,OFFICIAL_RULE_DERIVED,C-M007-02,燃やせないごみ・燃やせない粗大ごみ,S-M007-01,燃やせないごみ・燃やせない粗大ごみ,TRUE,CATEGORY_SUPPORTED_CONDITION_REVIEW_REQUIRED,品目の直接記載は必須とせず、既存mappingを支えるCURRENT公式category ruleから判定。 collector_status=NO_ITEM_MATCH_IN_FETCHED_OFFICIAL_SOURCES
M007,I024,UNRESOLVED,,,,,FALSE,UNRESOLVED,直接記載・公式rule由来mapping・一意な一般則categoryのいずれでも決定できない。 collector_status=NO_ITEM_MATCH_IN_FETCHED_OFFICIAL_SOURCES
M007,I025,UNRESOLVED,,,,,TRUE,UNRESOLVED,直接記載・公式rule由来mapping・一意な一般則categoryのいずれでも決定できない。 collector_status=NO_ITEM_MATCH_IN_FETCHED_OFFICIAL_SOURCES
M007,I026,UNRESOLVED,,,,,TRUE,UNRESOLVED,直接記載・公式rule由来mapping・一意な一般則categoryのいずれでも決定できない。 collector_status=NO_ITEM_MATCH_IN_FETCHED_OFFICIAL_SOURCES
M007,I027,OFFICIAL_RULE_DERIVED,C-M007-04,小型家電・乾電池,S-M007-03,小型家電・乾電池,TRUE,CATEGORY_SUPPORTED_CONDITION_REVIEW_REQUIRED,品目の直接記載は必須とせず、既存mappingを支えるCURRENT公式category ruleから判定。 collector_status=NO_ITEM_MATCH_IN_FETCHED_OFFICIAL_SOURCES
M007,I028,UNRESOLVED,,,,,TRUE,UNRESOLVED,直接記載・公式rule由来mapping・一意な一般則categoryのいずれでも決定できない。 collector_status=NO_ITEM_MATCH_IN_FETCHED_OFFICIAL_SOURCES
M007,I029,UNRESOLVED,,,,,TRUE,UNRESOLVED,直接記載・公式rule由来mapping・一意な一般則categoryのいずれでも決定できない。 collector_status=NO_ITEM_MATCH_IN_FETCHED_OFFICIAL_SOURCES
M007,I030,OFFICIAL_RULE_DERIVED,C-M007-03,有害ごみ,S-M007-02,有害ごみ,TRUE,CATEGORY_SUPPORTED_CONDITION_REVIEW_REQUIRED,品目の直接記載は必須とせず、既存mappingを支えるCURRENT公式category ruleから判定。 collector_status=NO_ITEM_MATCH_IN_FETCHED_OFFICIAL_SOURCES
M007,I031,UNRESOLVED,,,,,TRUE,UNRESOLVED,直接記載・公式rule由来mapping・一意な一般則categoryのいずれでも決定できない。 collector_status=NO_ITEM_MATCH_IN_FETCHED_OFFICIAL_SOURCES
M007,I032,OFFICIAL_RULE_DERIVED,C-M007-03,有害ごみ,S-M007-02,有害ごみ,TRUE,CATEGORY_SUPPORTED_CONDITION_REVIEW_REQUIRED,品目の直接記載は必須とせず、既存mappingを支えるCURRENT公式category ruleから判定。 collector_status=NO_ITEM_MATCH_IN_FETCHED_OFFICIAL_SOURCES
M007,I033,UNRESOLVED,,,,,TRUE,UNRESOLVED,直接記載・公式rule由来mapping・一意な一般則categoryのいずれでも決定できない。 collector_status=NO_ITEM_MATCH_IN_FETCHED_OFFICIAL_SOURCES
M007,I034,OFFICIAL_RULE_DERIVED,C-M007-02|C-M007-04,燃やせないごみ・燃やせない粗大ごみ|小型家電・乾電池,S-M007-01|S-M007-03,燃やせないごみ・燃やせない粗大ごみ|小型家電・乾電池,TRUE,CATEGORY_SUPPORTED_CONDITION_REVIEW_REQUIRED,品目の直接記載は必須とせず、既存mappingを支えるCURRENT公式category ruleから判定。 collector_status=NO_ITEM_MATCH_IN_FETCHED_OFFICIAL_SOURCES
M007,I035,UNRESOLVED,,,,,TRUE,UNRESOLVED,直接記載・公式rule由来mapping・一意な一般則categoryのいずれでも決定できない。 collector_status=NO_ITEM_MATCH_IN_FETCHED_OFFICIAL_SOURCES
M007,I036,OFFICIAL_RULE_DERIVED,C-M007-07,燃やせる粗大ごみ,S-M007-01,燃やせる粗大ごみ,TRUE,CATEGORY_SUPPORTED_CONDITION_REVIEW_REQUIRED,品目の直接記載は必須とせず、既存mappingを支えるCURRENT公式category ruleから判定。 collector_status=NO_ITEM_MATCH_IN_FETCHED_OFFICIAL_SOURCES
M007,I037,UNRESOLVED,,,,,TRUE,UNRESOLVED,既存mappingの全branchをCURRENT公式category ruleで裏付けられないため未解決。 collector_status=NO_ITEM_MATCH_IN_FETCHED_OFFICIAL_SOURCES
M007,I038,OFFICIAL_RULE_DERIVED,C-M007-04,小型家電・乾電池,S-M007-03,小型家電・乾電池,TRUE,CATEGORY_SUPPORTED_CONDITION_REVIEW_REQUIRED,品目の直接記載は必須とせず、既存mappingを支えるCURRENT公式category ruleから判定。 collector_status=NO_ITEM_MATCH_IN_FETCHED_OFFICIAL_SOURCES
M007,I039,OFFICIAL_RULE_DERIVED,C-M007-08,使用済み食用油,S-M007-01,使用済み食用油,TRUE,CATEGORY_SUPPORTED_CONDITION_REVIEW_REQUIRED,品目の直接記載は必須とせず、既存mappingを支えるCURRENT公式category ruleから判定。 collector_status=NO_ITEM_MATCH_IN_FETCHED_OFFICIAL_SOURCES
M007,I040,UNRESOLVED,,,,,TRUE,UNRESOLVED,直接記載・公式rule由来mapping・一意な一般則categoryのいずれでも決定できない。 collector_status=NO_ITEM_MATCH_IN_FETCHED_OFFICIAL_SOURCES
M008,I001,UNRESOLVED,,,,,FALSE,UNRESOLVED,直接記載・公式rule由来mapping・一意な一般則categoryのいずれでも決定できない。 collector_status=AMBIGUOUS_CATEGORY_CANDIDATES
M008,I002,UNRESOLVED,,,,,TRUE,UNRESOLVED,直接記載・公式rule由来mapping・一意な一般則categoryのいずれでも決定できない。 collector_status=AMBIGUOUS_CATEGORY_CANDIDATES
M008,I003,UNRESOLVED,,,,,TRUE,UNRESOLVED,直接記載・公式rule由来mapping・一意な一般則categoryのいずれでも決定できない。 collector_status=NO_ITEM_MATCH_IN_FETCHED_OFFICIAL_SOURCES
M008,I004,UNRESOLVED,,,,,FALSE,UNRESOLVED,直接記載・公式rule由来mapping・一意な一般則categoryのいずれでも決定できない。 collector_status=AMBIGUOUS_CATEGORY_CANDIDATES
M008,I005,DIRECT_ITEM,C-M008-04,資源回収（空き缶）,S-M008-02,text-match:スチール缶 + 資源回収（空き缶）,FALSE,CATEGORY_SUPPORTED,全既存branchで公式資料中の品目表記とcategoryの直接候補あり。 collector_status=ALL_EXISTING_BRANCHES_HAVE_DIRECT_CANDIDATE
M008,I006,DIRECT_ITEM,C-M008-05,資源回収（ガラスびん）,S-M008-02,text-match:ガラスびん + 資源回収（ガラスびん）,TRUE,CATEGORY_SUPPORTED_CONDITION_REVIEW_REQUIRED,全既存branchで公式資料中の品目表記とcategoryの直接候補あり。 collector_status=ALL_EXISTING_BRANCHES_HAVE_DIRECT_CANDIDATE
M008,I007,UNRESOLVED,,,,,TRUE,UNRESOLVED,直接記載・公式rule由来mapping・一意な一般則categoryのいずれでも決定できない。 collector_status=NO_ITEM_MATCH_IN_FETCHED_OFFICIAL_SOURCES
M008,I008,UNRESOLVED,,,,,TRUE,UNRESOLVED,直接記載・公式rule由来mapping・一意な一般則categoryのいずれでも決定できない。 collector_status=NO_ITEM_MATCH_IN_FETCHED_OFFICIAL_SOURCES
M008,I009,GENERAL_RULE_DERIVED,C-M008-03,プラスチック製容器包装類,S-M008-02,プラスチック製容器包装類,TRUE,CATEGORY_SUPPORTED_CONDITION_REVIEW_REQUIRED,個別記載・既存mappingなし。一般的な材質/用途ルールと一意のCURRENT公式categoryが一致。 collector_status=NO_ITEM_MATCH_IN_FETCHED_OFFICIAL_SOURCES
M008,I010,GENERAL_RULE_DERIVED,C-M008-03,プラスチック製容器包装類,S-M008-02,プラスチック製容器包装類,TRUE,CATEGORY_SUPPORTED_CONDITION_REVIEW_REQUIRED,個別記載・既存mappingなし。一般的な材質/用途ルールと一意のCURRENT公式categoryが一致。 collector_status=AMBIGUOUS_CATEGORY_CANDIDATES
M008,I011,GENERAL_RULE_DERIVED,C-M008-03,プラスチック製容器包装類,S-M008-02,プラスチック製容器包装類,TRUE,CATEGORY_SUPPORTED_CONDITION_REVIEW_REQUIRED,個別記載・既存mappingなし。一般的な材質/用途ルールと一意のCURRENT公式categoryが一致。 collector_status=AMBIGUOUS_CATEGORY_CANDIDATES
M008,I012,GENERAL_RULE_DERIVED,C-M008-03,プラスチック製容器包装類,S-M008-02,プラスチック製容器包装類,TRUE,CATEGORY_SUPPORTED_CONDITION_REVIEW_REQUIRED,個別記載・既存mappingなし。一般的な材質/用途ルールと一意のCURRENT公式categoryが一致。 collector_status=AMBIGUOUS_CATEGORY_CANDIDATES
M008,I013,UNRESOLVED,,,,,FALSE,UNRESOLVED,直接記載・公式rule由来mapping・一意な一般則categoryのいずれでも決定できない。 collector_status=AMBIGUOUS_CATEGORY_CANDIDATES
M008,I014,UNRESOLVED,,,,,FALSE,UNRESOLVED,直接記載・公式rule由来mapping・一意な一般則categoryのいずれでも決定できない。 collector_status=AMBIGUOUS_CATEGORY_CANDIDATES
M008,I015,UNRESOLVED,,,,,FALSE,UNRESOLVED,直接記載・公式rule由来mapping・一意な一般則categoryのいずれでも決定できない。 collector_status=AMBIGUOUS_CATEGORY_CANDIDATES
M008,I016,UNRESOLVED,,,,,FALSE,UNRESOLVED,直接記載・公式rule由来mapping・一意な一般則categoryのいずれでも決定できない。 collector_status=AMBIGUOUS_CATEGORY_CANDIDATES
M008,I017,UNRESOLVED,,,,,TRUE,UNRESOLVED,直接記載・公式rule由来mapping・一意な一般則categoryのいずれでも決定できない。 collector_status=AMBIGUOUS_CATEGORY_CANDIDATES
M008,I018,DIRECT_ITEM,C-M008-01,可燃ごみ,S-M008-02,text-match:生ごみ + 可燃ごみ,TRUE,CATEGORY_SUPPORTED_CONDITION_REVIEW_REQUIRED,全既存branchで公式資料中の品目表記とcategoryの直接候補あり。 collector_status=ALL_EXISTING_BRANCHES_HAVE_DIRECT_CANDIDATE
M008,I019,GENERAL_RULE_DERIVED,C-M008-01,可燃ごみ,S-M008-02,可燃ごみ,TRUE,CATEGORY_SUPPORTED_CONDITION_REVIEW_REQUIRED,個別記載・既存mappingなし。一般的な材質/用途ルールと一意のCURRENT公式categoryが一致。 collector_status=AMBIGUOUS_CATEGORY_CANDIDATES
M008,I020,GENERAL_RULE_DERIVED,C-M008-01,可燃ごみ,S-M008-02,可燃ごみ,TRUE,CATEGORY_SUPPORTED_CONDITION_REVIEW_REQUIRED,個別記載・既存mappingなし。一般的な材質/用途ルールと一意のCURRENT公式categoryが一致。 collector_status=AMBIGUOUS_CATEGORY_CANDIDATES
M008,I021,DIRECT_ITEM,C-M008-07,資源回収（布類）,S-M008-02,text-match:古着 + 資源回収（布類）,FALSE,CATEGORY_SUPPORTED,全既存branchで公式資料中の品目表記とcategoryの直接候補あり。 collector_status=ALL_EXISTING_BRANCHES_HAVE_DIRECT_CANDIDATE
M008,I022,UNRESOLVED,,,,,TRUE,UNRESOLVED,直接記載・公式rule由来mapping・一意な一般則categoryのいずれでも決定できない。 collector_status=AMBIGUOUS_CATEGORY_CANDIDATES
M008,I023,DIRECT_ITEM,C-M008-02,不燃ごみ,S-M008-02,text-match:茶碗 + 不燃ごみ,TRUE,CATEGORY_SUPPORTED_CONDITION_REVIEW_REQUIRED,全既存branchで公式資料中の品目表記とcategoryの直接候補あり。 collector_status=ALL_EXISTING_BRANCHES_HAVE_DIRECT_CANDIDATE
M008,I024,GENERAL_RULE_DERIVED,C-M008-02,不燃ごみ,S-M008-02,不燃ごみ,TRUE,CATEGORY_SUPPORTED_CONDITION_REVIEW_REQUIRED,個別記載・既存mappingなし。一般的な材質/用途ルールと一意のCURRENT公式categoryが一致。 collector_status=AMBIGUOUS_CATEGORY_CANDIDATES
M008,I025,UNRESOLVED,,,,,TRUE,UNRESOLVED,直接記載・公式rule由来mapping・一意な一般則categoryのいずれでも決定できない。 collector_status=AMBIGUOUS_CATEGORY_CANDIDATES
M008,I026,UNRESOLVED,,,,,TRUE,UNRESOLVED,直接記載・公式rule由来mapping・一意な一般則categoryのいずれでも決定できない。 collector_status=AMBIGUOUS_CATEGORY_CANDIDATES
M008,I027,DIRECT_ITEM,C-M008-08,有害ごみ,S-M008-02,text-match:乾電池 + 有害ごみ,TRUE,CATEGORY_SUPPORTED_CONDITION_REVIEW_REQUIRED,全既存branchで公式資料中の品目表記とcategoryの直接候補あり。 collector_status=ALL_EXISTING_BRANCHES_HAVE_DIRECT_CANDIDATE
M008,I028,UNRESOLVED,,,,,TRUE,UNRESOLVED,直接記載・公式rule由来mapping・一意な一般則categoryのいずれでも決定できない。 collector_status=AMBIGUOUS_CATEGORY_CANDIDATES
M008,I029,UNRESOLVED,,,,,TRUE,UNRESOLVED,直接記載・公式rule由来mapping・一意な一般則categoryのいずれでも決定できない。 collector_status=AMBIGUOUS_CATEGORY_CANDIDATES
M008,I030,DIRECT_ITEM,C-M008-08,有害ごみ,S-M008-02,text-match:蛍光灯 + 有害ごみ,TRUE,CATEGORY_SUPPORTED_CONDITION_REVIEW_REQUIRED,全既存branchで公式資料中の品目表記とcategoryの直接候補あり。 collector_status=ALL_EXISTING_BRANCHES_HAVE_DIRECT_CANDIDATE
M008,I031,UNRESOLVED,,,,,TRUE,UNRESOLVED,直接記載・公式rule由来mapping・一意な一般則categoryのいずれでも決定できない。 collector_status=AMBIGUOUS_CATEGORY_CANDIDATES
M008,I032,UNRESOLVED,,,,,TRUE,UNRESOLVED,直接記載・公式rule由来mapping・一意な一般則categoryのいずれでも決定できない。 collector_status=AMBIGUOUS_CATEGORY_CANDIDATES
M008,I033,UNRESOLVED,,,,,TRUE,UNRESOLVED,直接記載・公式rule由来mapping・一意な一般則categoryのいずれでも決定できない。 collector_status=AMBIGUOUS_CATEGORY_CANDIDATES
M008,I034,DIRECT_ITEM,C-M008-02,不燃ごみ,S-M008-02,text-match:小型家電 + 不燃ごみ,TRUE,CATEGORY_SUPPORTED_CONDITION_REVIEW_REQUIRED,全既存branchで公式資料中の品目表記とcategoryの直接候補あり。 collector_status=ALL_EXISTING_BRANCHES_HAVE_DIRECT_CANDIDATE
M008,I035,UNRESOLVED,,,,,TRUE,UNRESOLVED,直接記載・公式rule由来mapping・一意な一般則categoryのいずれでも決定できない。 collector_status=NO_ITEM_MATCH_IN_FETCHED_OFFICIAL_SOURCES
M008,I036,UNRESOLVED,,,,,TRUE,UNRESOLVED,直接記載・公式rule由来mapping・一意な一般則categoryのいずれでも決定できない。 collector_status=AMBIGUOUS_CATEGORY_CANDIDATES
M008,I037,UNRESOLVED,,,,,TRUE,UNRESOLVED,既存mappingの全branchをCURRENT公式category ruleで裏付けられないため未解決。 collector_status=NO_ITEM_MATCH_IN_FETCHED_OFFICIAL_SOURCES
M008,I038,UNRESOLVED,,,,,TRUE,UNRESOLVED,既存mappingの全branchをCURRENT公式category ruleで裏付けられないため未解決。 collector_status=AMBIGUOUS_CATEGORY_CANDIDATES
M008,I039,UNRESOLVED,,,,,TRUE,UNRESOLVED,直接記載・公式rule由来mapping・一意な一般則categoryのいずれでも決定できない。 collector_status=AMBIGUOUS_CATEGORY_CANDIDATES
M008,I040,UNRESOLVED,,,,,TRUE,UNRESOLVED,直接記載・公式rule由来mapping・一意な一般則categoryのいずれでも決定できない。 collector_status=AMBIGUOUS_CATEGORY_CANDIDATES
M009,I001,DIRECT_ITEM,C-M009-05,ペットボトル,S-M009-02,text-match:ペットボトル + ペットボトル,TRUE,CATEGORY_SUPPORTED_CONDITION_REVIEW_REQUIRED,全既存branchで公式資料中の品目表記とcategoryの直接候補あり。 collector_status=ALL_EXISTING_BRANCHES_HAVE_DIRECT_CANDIDATE
M009,I002,UNRESOLVED,,,,,TRUE,UNRESOLVED,直接記載・公式rule由来mapping・一意な一般則categoryのいずれでも決定できない。 collector_status=AMBIGUOUS_CATEGORY_CANDIDATES
M009,I003,UNRESOLVED,,,,,TRUE,UNRESOLVED,直接記載・公式rule由来mapping・一意な一般則categoryのいずれでも決定できない。 collector_status=AMBIGUOUS_CATEGORY_CANDIDATES
M009,I004,UNRESOLVED,,,,,FALSE,UNRESOLVED,直接記載・公式rule由来mapping・一意な一般則categoryのいずれでも決定できない。 collector_status=NO_ITEM_MATCH_IN_FETCHED_OFFICIAL_SOURCES
M009,I005,OFFICIAL_RULE_DERIVED,C-M009-04,缶類,S-M009-02,缶類,TRUE,CATEGORY_SUPPORTED_CONDITION_REVIEW_REQUIRED,品目の直接記載は必須とせず、既存mappingを支えるCURRENT公式category ruleから判定。 collector_status=NO_ITEM_MATCH_IN_FETCHED_OFFICIAL_SOURCES
M009,I006,OFFICIAL_RULE_DERIVED,C-M009-03,びん類,S-M009-02,びん類,TRUE,CATEGORY_SUPPORTED_CONDITION_REVIEW_REQUIRED,品目の直接記載は必須とせず、既存mappingを支えるCURRENT公式category ruleから判定。 collector_status=AMBIGUOUS_CATEGORY_CANDIDATES
M009,I007,UNRESOLVED,,,,,TRUE,UNRESOLVED,直接記載・公式rule由来mapping・一意な一般則categoryのいずれでも決定できない。 collector_status=NO_ITEM_MATCH_IN_FETCHED_OFFICIAL_SOURCES
M009,I008,UNRESOLVED,,,,,TRUE,UNRESOLVED,直接記載・公式rule由来mapping・一意な一般則categoryのいずれでも決定できない。 collector_status=NO_ITEM_MATCH_IN_FETCHED_OFFICIAL_SOURCES
M009,I009,UNRESOLVED,,,,,TRUE,UNRESOLVED,直接記載・公式rule由来mapping・一意な一般則categoryのいずれでも決定できない。 collector_status=NO_ITEM_MATCH_IN_FETCHED_OFFICIAL_SOURCES
M009,I010,UNRESOLVED,,,,,TRUE,UNRESOLVED,直接記載・公式rule由来mapping・一意な一般則categoryのいずれでも決定できない。 collector_status=AMBIGUOUS_CATEGORY_CANDIDATES
M009,I011,UNRESOLVED,,,,,TRUE,UNRESOLVED,直接記載・公式rule由来mapping・一意な一般則categoryのいずれでも決定できない。 collector_status=AMBIGUOUS_CATEGORY_CANDIDATES
M009,I012,UNRESOLVED,,,,,TRUE,UNRESOLVED,直接記載・公式rule由来mapping・一意な一般則categoryのいずれでも決定できない。 collector_status=AMBIGUOUS_CATEGORY_CANDIDATES
M009,I013,UNRESOLVED,,,,,FALSE,UNRESOLVED,直接記載・公式rule由来mapping・一意な一般則categoryのいずれでも決定できない。 collector_status=AMBIGUOUS_CATEGORY_CANDIDATES
M009,I014,UNRESOLVED,,,,,FALSE,UNRESOLVED,直接記載・公式rule由来mapping・一意な一般則categoryのいずれでも決定できない。 collector_status=AMBIGUOUS_CATEGORY_CANDIDATES
M009,I015,UNRESOLVED,,,,,FALSE,UNRESOLVED,直接記載・公式rule由来mapping・一意な一般則categoryのいずれでも決定できない。 collector_status=AMBIGUOUS_CATEGORY_CANDIDATES
M009,I016,UNRESOLVED,,,,,FALSE,UNRESOLVED,直接記載・公式rule由来mapping・一意な一般則categoryのいずれでも決定できない。 collector_status=AMBIGUOUS_CATEGORY_CANDIDATES
M009,I017,UNRESOLVED,,,,,TRUE,UNRESOLVED,直接記載・公式rule由来mapping・一意な一般則categoryのいずれでも決定できない。 collector_status=AMBIGUOUS_CATEGORY_CANDIDATES
M009,I018,DIRECT_ITEM,C-M009-01,もやせるごみ,S-M009-02,text-match:生ごみ + もやせるごみ,TRUE,CATEGORY_SUPPORTED_CONDITION_REVIEW_REQUIRED,全既存branchで公式資料中の品目表記とcategoryの直接候補あり。 collector_status=ALL_EXISTING_BRANCHES_HAVE_DIRECT_CANDIDATE
M009,I019,UNRESOLVED,,,,,FALSE,UNRESOLVED,直接記載・公式rule由来mapping・一意な一般則categoryのいずれでも決定できない。 collector_status=NO_ITEM_MATCH_IN_FETCHED_OFFICIAL_SOURCES
M009,I020,UNRESOLVED,,,,,FALSE,UNRESOLVED,直接記載・公式rule由来mapping・一意な一般則categoryのいずれでも決定できない。 collector_status=AMBIGUOUS_CATEGORY_CANDIDATES
M009,I021,DIRECT_ITEM,C-M009-01,もやせるごみ,S-M009-02,text-match:衣類 + もやせるごみ,TRUE,CATEGORY_SUPPORTED_CONDITION_REVIEW_REQUIRED,全既存branchで公式資料中の品目表記とcategoryの直接候補あり。 collector_status=ALL_EXISTING_BRANCHES_HAVE_DIRECT_CANDIDATE
M009,I022,UNRESOLVED,,,,,TRUE,UNRESOLVED,直接記載・公式rule由来mapping・一意な一般則categoryのいずれでも決定できない。 collector_status=AMBIGUOUS_CATEGORY_CANDIDATES
M009,I023,DIRECT_ITEM,C-M009-02,もやせないごみ,S-M009-02,text-match:陶磁器 + もやせないごみ,TRUE,CATEGORY_SUPPORTED_CONDITION_REVIEW_REQUIRED,全既存branchで公式資料中の品目表記とcategoryの直接候補あり。 collector_status=ALL_EXISTING_BRANCHES_HAVE_DIRECT_CANDIDATE
M009,I024,UNRESOLVED,,,,,FALSE,UNRESOLVED,直接記載・公式rule由来mapping・一意な一般則categoryのいずれでも決定できない。 collector_status=AMBIGUOUS_CATEGORY_CANDIDATES
M009,I025,UNRESOLVED,,,,,TRUE,UNRESOLVED,直接記載・公式rule由来mapping・一意な一般則categoryのいずれでも決定できない。 collector_status=AMBIGUOUS_CATEGORY_CANDIDATES
M009,I026,UNRESOLVED,,,,,TRUE,UNRESOLVED,直接記載・公式rule由来mapping・一意な一般則categoryのいずれでも決定できない。 collector_status=AMBIGUOUS_CATEGORY_CANDIDATES
M009,I027,OFFICIAL_RULE_DERIVED,C-M009-06,廃乾電池,S-M009-02,廃乾電池,TRUE,CATEGORY_SUPPORTED_CONDITION_REVIEW_REQUIRED,品目の直接記載は必須とせず、既存mappingを支えるCURRENT公式category ruleから判定。 collector_status=AMBIGUOUS_CATEGORY_CANDIDATES
M009,I028,UNRESOLVED,,,,,TRUE,UNRESOLVED,直接記載・公式rule由来mapping・一意な一般則categoryのいずれでも決定できない。 collector_status=AMBIGUOUS_CATEGORY_CANDIDATES
M009,I029,UNRESOLVED,,,,,TRUE,UNRESOLVED,直接記載・公式rule由来mapping・一意な一般則categoryのいずれでも決定できない。 collector_status=AMBIGUOUS_CATEGORY_CANDIDATES
M009,I030,DIRECT_ITEM,C-M009-07,水銀含有ごみ,S-M009-02,text-match:蛍光灯 + 水銀含有ごみ,TRUE,CATEGORY_SUPPORTED_CONDITION_REVIEW_REQUIRED,全既存branchで公式資料中の品目表記とcategoryの直接候補あり。 collector_status=ALL_EXISTING_BRANCHES_HAVE_DIRECT_CANDIDATE
M009,I031,UNRESOLVED,,,,,TRUE,UNRESOLVED,直接記載・公式rule由来mapping・一意な一般則categoryのいずれでも決定できない。 collector_status=AMBIGUOUS_CATEGORY_CANDIDATES
M009,I032,DIRECT_ITEM,C-M009-02,もやせないごみ,S-M009-02,text-match:スプレー缶 + もやせないごみ,TRUE,CATEGORY_SUPPORTED_CONDITION_REVIEW_REQUIRED,全既存branchで公式資料中の品目表記とcategoryの直接候補あり。 collector_status=ALL_EXISTING_BRANCHES_HAVE_DIRECT_CANDIDATE
M009,I033,UNRESOLVED,,,,,TRUE,UNRESOLVED,直接記載・公式rule由来mapping・一意な一般則categoryのいずれでも決定できない。 collector_status=AMBIGUOUS_CATEGORY_CANDIDATES
M009,I034,DIRECT_ITEM,C-M009-02,もやせないごみ,S-M009-02,text-match:小型家電 + もやせないごみ,TRUE,CATEGORY_SUPPORTED_CONDITION_REVIEW_REQUIRED,全既存branchで公式資料中の品目表記とcategoryの直接候補あり。 collector_status=ALL_EXISTING_BRANCHES_HAVE_DIRECT_CANDIDATE
M009,I035,UNRESOLVED,,,,,TRUE,UNRESOLVED,直接記載・公式rule由来mapping・一意な一般則categoryのいずれでも決定できない。 collector_status=NO_ITEM_MATCH_IN_FETCHED_OFFICIAL_SOURCES
M009,I036,UNRESOLVED,,,,,TRUE,UNRESOLVED,直接記載・公式rule由来mapping・一意な一般則categoryのいずれでも決定できない。 collector_status=AMBIGUOUS_CATEGORY_CANDIDATES
M009,I037,UNRESOLVED,,,,,TRUE,UNRESOLVED,既存mappingの全branchをCURRENT公式category ruleで裏付けられないため未解決。 collector_status=NO_ITEM_MATCH_IN_FETCHED_OFFICIAL_SOURCES
M009,I038,UNRESOLVED,,,,,TRUE,UNRESOLVED,直接記載・公式rule由来mapping・一意な一般則categoryのいずれでも決定できない。 collector_status=AMBIGUOUS_CATEGORY_CANDIDATES
M009,I039,UNRESOLVED,,,,,TRUE,UNRESOLVED,直接記載・公式rule由来mapping・一意な一般則categoryのいずれでも決定できない。 collector_status=AMBIGUOUS_CATEGORY_CANDIDATES
M009,I040,UNRESOLVED,,,,,TRUE,UNRESOLVED,直接記載・公式rule由来mapping・一意な一般則categoryのいずれでも決定できない。 collector_status=AMBIGUOUS_CATEGORY_CANDIDATES
M010,I001,OFFICIAL_RULE_DERIVED,C-M010-07,ペットボトル,S-M010-01,ペットボトル,FALSE,CATEGORY_SUPPORTED,品目の直接記載は必須とせず、既存mappingを支えるCURRENT公式category ruleから判定。 collector_status=NO_ITEM_MATCH_IN_FETCHED_OFFICIAL_SOURCES
M010,I002,UNRESOLVED,,,,,TRUE,UNRESOLVED,直接記載・公式rule由来mapping・一意な一般則categoryのいずれでも決定できない。 collector_status=NO_ITEM_MATCH_IN_FETCHED_OFFICIAL_SOURCES
M010,I003,UNRESOLVED,,,,,TRUE,UNRESOLVED,直接記載・公式rule由来mapping・一意な一般則categoryのいずれでも決定できない。 collector_status=NO_ITEM_MATCH_IN_FETCHED_OFFICIAL_SOURCES
M010,I004,UNRESOLVED,,,,,FALSE,UNRESOLVED,直接記載・公式rule由来mapping・一意な一般則categoryのいずれでも決定できない。 collector_status=NO_ITEM_MATCH_IN_FETCHED_OFFICIAL_SOURCES
M010,I005,UNRESOLVED,,,,,FALSE,UNRESOLVED,直接記載・公式rule由来mapping・一意な一般則categoryのいずれでも決定できない。 collector_status=NO_ITEM_MATCH_IN_FETCHED_OFFICIAL_SOURCES
M010,I006,OFFICIAL_RULE_DERIVED,C-M010-06,びん缶類,S-M010-01,びん缶類,TRUE,CATEGORY_SUPPORTED_CONDITION_REVIEW_REQUIRED,品目の直接記載は必須とせず、既存mappingを支えるCURRENT公式category ruleから判定。 collector_status=NO_ITEM_MATCH_IN_FETCHED_OFFICIAL_SOURCES
M010,I007,OFFICIAL_RULE_DERIVED,C-M010-08,白色トレイ,S-M010-01,白色トレイ,TRUE,CATEGORY_SUPPORTED_CONDITION_REVIEW_REQUIRED,品目の直接記載は必須とせず、既存mappingを支えるCURRENT公式category ruleから判定。 collector_status=NO_ITEM_MATCH_IN_FETCHED_OFFICIAL_SOURCES
M010,I008,UNRESOLVED,,,,,TRUE,UNRESOLVED,直接記載・公式rule由来mapping・一意な一般則categoryのいずれでも決定できない。 collector_status=NO_ITEM_MATCH_IN_FETCHED_OFFICIAL_SOURCES
M010,I009,GENERAL_RULE_DERIVED,C-M010-09,プラスチック製容器包装,S-M010-01,プラスチック製容器包装,TRUE,CATEGORY_SUPPORTED_CONDITION_REVIEW_REQUIRED,個別記載・既存mappingなし。一般的な材質/用途ルールと一意のCURRENT公式categoryが一致。 collector_status=NO_ITEM_MATCH_IN_FETCHED_OFFICIAL_SOURCES
M010,I010,GENERAL_RULE_DERIVED,C-M010-09,プラスチック製容器包装,S-M010-01,プラスチック製容器包装,TRUE,CATEGORY_SUPPORTED_CONDITION_REVIEW_REQUIRED,個別記載・既存mappingなし。一般的な材質/用途ルールと一意のCURRENT公式categoryが一致。 collector_status=NO_ITEM_MATCH_IN_FETCHED_OFFICIAL_SOURCES
M010,I011,GENERAL_RULE_DERIVED,C-M010-09,プラスチック製容器包装,S-M010-01,プラスチック製容器包装,TRUE,CATEGORY_SUPPORTED_CONDITION_REVIEW_REQUIRED,個別記載・既存mappingなし。一般的な材質/用途ルールと一意のCURRENT公式categoryが一致。 collector_status=NO_ITEM_MATCH_IN_FETCHED_OFFICIAL_SOURCES
M010,I012,GENERAL_RULE_DERIVED,C-M010-09,プラスチック製容器包装,S-M010-01,プラスチック製容器包装,TRUE,CATEGORY_SUPPORTED_CONDITION_REVIEW_REQUIRED,個別記載・既存mappingなし。一般的な材質/用途ルールと一意のCURRENT公式categoryが一致。 collector_status=NO_ITEM_MATCH_IN_FETCHED_OFFICIAL_SOURCES
M010,I013,OFFICIAL_RULE_DERIVED,C-M010-01,新聞,S-M010-01,新聞,FALSE,CATEGORY_SUPPORTED,品目の直接記載は必須とせず、既存mappingを支えるCURRENT公式category ruleから判定。 collector_status=NO_ITEM_MATCH_IN_FETCHED_OFFICIAL_SOURCES
M010,I014,OFFICIAL_RULE_DERIVED,C-M010-02,ダンボール,S-M010-01,ダンボール,FALSE,CATEGORY_SUPPORTED,品目の直接記載は必須とせず、既存mappingを支えるCURRENT公式category ruleから判定。 collector_status=NO_ITEM_MATCH_IN_FETCHED_OFFICIAL_SOURCES
M010,I015,OFFICIAL_RULE_DERIVED,C-M010-03,雑誌・その他の紙,S-M010-01,雑誌・その他の紙,FALSE,CATEGORY_SUPPORTED,品目の直接記載は必須とせず、既存mappingを支えるCURRENT公式category ruleから判定。 collector_status=NO_ITEM_MATCH_IN_FETCHED_OFFICIAL_SOURCES
M010,I016,UNRESOLVED,,,,,FALSE,UNRESOLVED,直接記載・公式rule由来mapping・一意な一般則categoryのいずれでも決定できない。 collector_status=NO_ITEM_MATCH_IN_FETCHED_OFFICIAL_SOURCES
M010,I017,OFFICIAL_RULE_DERIVED,C-M010-04,紙パック,S-M010-01,紙パック,TRUE,CATEGORY_SUPPORTED_CONDITION_REVIEW_REQUIRED,品目の直接記載は必須とせず、既存mappingを支えるCURRENT公式category ruleから判定。 collector_status=NO_ITEM_MATCH_IN_FETCHED_OFFICIAL_SOURCES
M010,I018,OFFICIAL_RULE_DERIVED,C-M010-10,焼却ごみ,S-M010-01,焼却ごみ,FALSE,CATEGORY_SUPPORTED,品目の直接記載は必須とせず、既存mappingを支えるCURRENT公式category ruleから判定。 collector_status=NO_ITEM_MATCH_IN_FETCHED_OFFICIAL_SOURCES
M010,I019,UNRESOLVED,,,,,FALSE,UNRESOLVED,直接記載・公式rule由来mapping・一意な一般則categoryのいずれでも決定できない。 collector_status=NO_ITEM_MATCH_IN_FETCHED_OFFICIAL_SOURCES
M010,I020,UNRESOLVED,,,,,FALSE,UNRESOLVED,直接記載・公式rule由来mapping・一意な一般則categoryのいずれでも決定できない。 collector_status=NO_ITEM_MATCH_IN_FETCHED_OFFICIAL_SOURCES
M010,I021,OFFICIAL_RULE_DERIVED,C-M010-05,布類,S-M010-01,布類,TRUE,CATEGORY_SUPPORTED_CONDITION_REVIEW_REQUIRED,品目の直接記載は必須とせず、既存mappingを支えるCURRENT公式category ruleから判定。 collector_status=NO_ITEM_MATCH_IN_FETCHED_OFFICIAL_SOURCES
M010,I022,UNRESOLVED,,,,,TRUE,UNRESOLVED,直接記載・公式rule由来mapping・一意な一般則categoryのいずれでも決定できない。 collector_status=NO_ITEM_MATCH_IN_FETCHED_OFFICIAL_SOURCES
M010,I023,OFFICIAL_RULE_DERIVED,C-M010-11,不燃ごみ,S-M010-01,不燃ごみ,TRUE,CATEGORY_SUPPORTED_CONDITION_REVIEW_REQUIRED,品目の直接記載は必須とせず、既存mappingを支えるCURRENT公式category ruleから判定。 collector_status=NO_ITEM_MATCH_IN_FETCHED_OFFICIAL_SOURCES
M010,I024,GENERAL_RULE_DERIVED,C-M010-11,不燃ごみ,S-M010-01,不燃ごみ,TRUE,CATEGORY_SUPPORTED_CONDITION_REVIEW_REQUIRED,個別記載・既存mappingなし。一般的な材質/用途ルールと一意のCURRENT公式categoryが一致。 collector_status=NO_ITEM_MATCH_IN_FETCHED_OFFICIAL_SOURCES
M010,I025,UNRESOLVED,,,,,TRUE,UNRESOLVED,直接記載・公式rule由来mapping・一意な一般則categoryのいずれでも決定できない。 collector_status=NO_ITEM_MATCH_IN_FETCHED_OFFICIAL_SOURCES
M010,I026,OFFICIAL_RULE_DERIVED,C-M010-13,危険ごみ（その他危険ごみ）,S-M010-01,危険ごみ（その他危険ごみ）,TRUE,CATEGORY_SUPPORTED_CONDITION_REVIEW_REQUIRED,品目の直接記載は必須とせず、既存mappingを支えるCURRENT公式category ruleから判定。 collector_status=NO_ITEM_MATCH_IN_FETCHED_OFFICIAL_SOURCES
M010,I027,OFFICIAL_RULE_DERIVED,C-M010-12,危険ごみ（電池類）,S-M010-01,危険ごみ（電池類）,TRUE,CATEGORY_SUPPORTED_CONDITION_REVIEW_REQUIRED,品目の直接記載は必須とせず、既存mappingを支えるCURRENT公式category ruleから判定。 collector_status=NO_ITEM_MATCH_IN_FETCHED_OFFICIAL_SOURCES
M010,I028,OFFICIAL_RULE_DERIVED,C-M010-12,危険ごみ（電池類）,S-M010-01,危険ごみ（電池類）,TRUE,CATEGORY_SUPPORTED_CONDITION_REVIEW_REQUIRED,品目の直接記載は必須とせず、既存mappingを支えるCURRENT公式category ruleから判定。 collector_status=NO_ITEM_MATCH_IN_FETCHED_OFFICIAL_SOURCES
M010,I029,OFFICIAL_RULE_DERIVED,C-M010-12,危険ごみ（電池類）,S-M010-01,危険ごみ（電池類）,TRUE,CATEGORY_SUPPORTED_CONDITION_REVIEW_REQUIRED,品目の直接記載は必須とせず、既存mappingを支えるCURRENT公式category ruleから判定。 collector_status=NO_ITEM_MATCH_IN_FETCHED_OFFICIAL_SOURCES
M010,I030,OFFICIAL_RULE_DERIVED,C-M010-13,危険ごみ（その他危険ごみ）,S-M010-01,危険ごみ（その他危険ごみ）,TRUE,CATEGORY_SUPPORTED_CONDITION_REVIEW_REQUIRED,品目の直接記載は必須とせず、既存mappingを支えるCURRENT公式category ruleから判定。 collector_status=NO_ITEM_MATCH_IN_FETCHED_OFFICIAL_SOURCES
M010,I031,OFFICIAL_RULE_DERIVED,C-M010-13,危険ごみ（その他危険ごみ）,S-M010-01,危険ごみ（その他危険ごみ）,TRUE,CATEGORY_SUPPORTED_CONDITION_REVIEW_REQUIRED,品目の直接記載は必須とせず、既存mappingを支えるCURRENT公式category ruleから判定。 collector_status=NO_ITEM_MATCH_IN_FETCHED_OFFICIAL_SOURCES
M010,I032,OFFICIAL_RULE_DERIVED,C-M010-13,危険ごみ（その他危険ごみ）,S-M010-01,危険ごみ（その他危険ごみ）,TRUE,CATEGORY_SUPPORTED_CONDITION_REVIEW_REQUIRED,品目の直接記載は必須とせず、既存mappingを支えるCURRENT公式category ruleから判定。 collector_status=NO_ITEM_MATCH_IN_FETCHED_OFFICIAL_SOURCES
M010,I033,OFFICIAL_RULE_DERIVED,C-M010-13,危険ごみ（その他危険ごみ）,S-M010-01,危険ごみ（その他危険ごみ）,TRUE,CATEGORY_SUPPORTED_CONDITION_REVIEW_REQUIRED,品目の直接記載は必須とせず、既存mappingを支えるCURRENT公式category ruleから判定。 collector_status=NO_ITEM_MATCH_IN_FETCHED_OFFICIAL_SOURCES
M010,I034,UNRESOLVED,,,,,TRUE,UNRESOLVED,直接記載・公式rule由来mapping・一意な一般則categoryのいずれでも決定できない。 collector_status=NO_ITEM_MATCH_IN_FETCHED_OFFICIAL_SOURCES
M010,I035,UNRESOLVED,,,,,TRUE,UNRESOLVED,直接記載・公式rule由来mapping・一意な一般則categoryのいずれでも決定できない。 collector_status=NO_ITEM_MATCH_IN_FETCHED_OFFICIAL_SOURCES
M010,I036,UNRESOLVED,,,,,TRUE,UNRESOLVED,直接記載・公式rule由来mapping・一意な一般則categoryのいずれでも決定できない。 collector_status=NO_ITEM_MATCH_IN_FETCHED_OFFICIAL_SOURCES
M010,I037,UNRESOLVED,,,,,TRUE,UNRESOLVED,既存mappingの全branchをCURRENT公式category ruleで裏付けられないため未解決。 collector_status=NO_ITEM_MATCH_IN_FETCHED_OFFICIAL_SOURCES
M010,I038,UNRESOLVED,,,,,TRUE,UNRESOLVED,既存mappingの全branchをCURRENT公式category ruleで裏付けられないため未解決。 collector_status=NO_ITEM_MATCH_IN_FETCHED_OFFICIAL_SOURCES
M010,I039,UNRESOLVED,,,,,TRUE,UNRESOLVED,直接記載・公式rule由来mapping・一意な一般則categoryのいずれでも決定できない。 collector_status=NO_ITEM_MATCH_IN_FETCHED_OFFICIAL_SOURCES
M010,I040,UNRESOLVED,,,,,TRUE,UNRESOLVED,直接記載・公式rule由来mapping・一意な一般則categoryのいずれでも決定できない。 collector_status=NO_ITEM_MATCH_IN_FETCHED_OFFICIAL_SOURCES
M011,I001,OFFICIAL_RULE_DERIVED,C-M011-04,ペットボトル,S-M011-02,ペットボトル,FALSE,CATEGORY_SUPPORTED,品目の直接記載は必須とせず、既存mappingを支えるCURRENT公式category ruleから判定。 collector_status=NO_ITEM_MATCH_IN_FETCHED_OFFICIAL_SOURCES
M011,I002,UNRESOLVED,,,,,TRUE,UNRESOLVED,直接記載・公式rule由来mapping・一意な一般則categoryのいずれでも決定できない。 collector_status=NO_ITEM_MATCH_IN_FETCHED_OFFICIAL_SOURCES
M011,I003,UNRESOLVED,,,,,TRUE,UNRESOLVED,直接記載・公式rule由来mapping・一意な一般則categoryのいずれでも決定できない。 collector_status=NO_ITEM_MATCH_IN_FETCHED_OFFICIAL_SOURCES
M011,I004,OFFICIAL_RULE_DERIVED,C-M011-08,アルミ缶・スチール缶,S-M011-02,アルミ缶・スチール缶,FALSE,CATEGORY_SUPPORTED,品目の直接記載は必須とせず、既存mappingを支えるCURRENT公式category ruleから判定。 collector_status=NO_ITEM_MATCH_IN_FETCHED_OFFICIAL_SOURCES
M011,I005,OFFICIAL_RULE_DERIVED,C-M011-08,アルミ缶・スチール缶,S-M011-02,アルミ缶・スチール缶,FALSE,CATEGORY_SUPPORTED,品目の直接記載は必須とせず、既存mappingを支えるCURRENT公式category ruleから判定。 collector_status=NO_ITEM_MATCH_IN_FETCHED_OFFICIAL_SOURCES
M011,I006,OFFICIAL_RULE_DERIVED,C-M011-05|C-M011-06|C-M011-07,無色透明びん|茶色びん|その他の色のびん,S-M011-02,無色透明びん|茶色びん|その他の色のびん,TRUE,CATEGORY_SUPPORTED_CONDITION_REVIEW_REQUIRED,品目の直接記載は必須とせず、既存mappingを支えるCURRENT公式category ruleから判定。 collector_status=NO_ITEM_MATCH_IN_FETCHED_OFFICIAL_SOURCES
M011,I007,OFFICIAL_RULE_DERIVED,C-M011-09,白色トレイ,S-M011-02,白色トレイ,TRUE,CATEGORY_SUPPORTED_CONDITION_REVIEW_REQUIRED,品目の直接記載は必須とせず、既存mappingを支えるCURRENT公式category ruleから判定。 collector_status=NO_ITEM_MATCH_IN_FETCHED_OFFICIAL_SOURCES
M011,I008,UNRESOLVED,,,,,TRUE,UNRESOLVED,直接記載・公式rule由来mapping・一意な一般則categoryのいずれでも決定できない。 collector_status=NO_ITEM_MATCH_IN_FETCHED_OFFICIAL_SOURCES
M011,I009,GENERAL_RULE_DERIVED,C-M011-03,プラスチック資源（容器包装及びプラスチック製品）,S-M011-02,プラスチック資源（容器包装及びプラスチック製品）,TRUE,CATEGORY_SUPPORTED_CONDITION_REVIEW_REQUIRED,個別記載・既存mappingなし。一般的な材質/用途ルールと一意のCURRENT公式categoryが一致。 collector_status=NO_ITEM_MATCH_IN_FETCHED_OFFICIAL_SOURCES
M011,I010,GENERAL_RULE_DERIVED,C-M011-03,プラスチック資源（容器包装及びプラスチック製品）,S-M011-02,プラスチック資源（容器包装及びプラスチック製品）,TRUE,CATEGORY_SUPPORTED_CONDITION_REVIEW_REQUIRED,個別記載・既存mappingなし。一般的な材質/用途ルールと一意のCURRENT公式categoryが一致。 collector_status=NO_ITEM_MATCH_IN_FETCHED_OFFICIAL_SOURCES
M011,I011,GENERAL_RULE_DERIVED,C-M011-03,プラスチック資源（容器包装及びプラスチック製品）,S-M011-02,プラスチック資源（容器包装及びプラスチック製品）,TRUE,CATEGORY_SUPPORTED_CONDITION_REVIEW_REQUIRED,個別記載・既存mappingなし。一般的な材質/用途ルールと一意のCURRENT公式categoryが一致。 collector_status=NO_ITEM_MATCH_IN_FETCHED_OFFICIAL_SOURCES
M011,I012,GENERAL_RULE_DERIVED,C-M011-03,プラスチック資源（容器包装及びプラスチック製品）,S-M011-02,プラスチック資源（容器包装及びプラスチック製品）,TRUE,CATEGORY_SUPPORTED_CONDITION_REVIEW_REQUIRED,個別記載・既存mappingなし。一般的な材質/用途ルールと一意のCURRENT公式categoryが一致。 collector_status=NO_ITEM_MATCH_IN_FETCHED_OFFICIAL_SOURCES
M011,I013,OFFICIAL_RULE_DERIVED,C-M011-11,古新聞・古雑誌・段ボール・古布・その他の紙,S-M011-02,古新聞・古雑誌・段ボール・古布・その他の紙,FALSE,CATEGORY_SUPPORTED,品目の直接記載は必須とせず、既存mappingを支えるCURRENT公式category ruleから判定。 collector_status=NO_ITEM_MATCH_IN_FETCHED_OFFICIAL_SOURCES
M011,I014,OFFICIAL_RULE_DERIVED,C-M011-11,古新聞・古雑誌・段ボール・古布・その他の紙,S-M011-02,古新聞・古雑誌・段ボール・古布・その他の紙,FALSE,CATEGORY_SUPPORTED,品目の直接記載は必須とせず、既存mappingを支えるCURRENT公式category ruleから判定。 collector_status=NO_ITEM_MATCH_IN_FETCHED_OFFICIAL_SOURCES
M011,I015,OFFICIAL_RULE_DERIVED,C-M011-11,古新聞・古雑誌・段ボール・古布・その他の紙,S-M011-02,古新聞・古雑誌・段ボール・古布・その他の紙,FALSE,CATEGORY_SUPPORTED,品目の直接記載は必須とせず、既存mappingを支えるCURRENT公式category ruleから判定。 collector_status=NO_ITEM_MATCH_IN_FETCHED_OFFICIAL_SOURCES
M011,I016,UNRESOLVED,,,,,FALSE,UNRESOLVED,直接記載・公式rule由来mapping・一意な一般則categoryのいずれでも決定できない。 collector_status=NO_ITEM_MATCH_IN_FETCHED_OFFICIAL_SOURCES
M011,I017,OFFICIAL_RULE_DERIVED,C-M011-10,紙パック,S-M011-02,紙パック,TRUE,CATEGORY_SUPPORTED_CONDITION_REVIEW_REQUIRED,品目の直接記載は必須とせず、既存mappingを支えるCURRENT公式category ruleから判定。 collector_status=NO_ITEM_MATCH_IN_FETCHED_OFFICIAL_SOURCES
M011,I018,OFFICIAL_RULE_DERIVED,C-M011-01,燃えるごみ,S-M011-02,燃えるごみ,TRUE,CATEGORY_SUPPORTED_CONDITION_REVIEW_REQUIRED,品目の直接記載は必須とせず、既存mappingを支えるCURRENT公式category ruleから判定。 collector_status=NO_ITEM_MATCH_IN_FETCHED_OFFICIAL_SOURCES
M011,I019,GENERAL_RULE_DERIVED,C-M011-01,燃えるごみ,S-M011-02,燃えるごみ,TRUE,CATEGORY_SUPPORTED_CONDITION_REVIEW_REQUIRED,個別記載・既存mappingなし。一般的な材質/用途ルールと一意のCURRENT公式categoryが一致。 collector_status=NO_ITEM_MATCH_IN_FETCHED_OFFICIAL_SOURCES
M011,I020,GENERAL_RULE_DERIVED,C-M011-01,燃えるごみ,S-M011-02,燃えるごみ,TRUE,CATEGORY_SUPPORTED_CONDITION_REVIEW_REQUIRED,個別記載・既存mappingなし。一般的な材質/用途ルールと一意のCURRENT公式categoryが一致。 collector_status=NO_ITEM_MATCH_IN_FETCHED_OFFICIAL_SOURCES
M011,I021,UNRESOLVED,,,,,FALSE,UNRESOLVED,直接記載・公式rule由来mapping・一意な一般則categoryのいずれでも決定できない。 collector_status=NO_ITEM_MATCH_IN_FETCHED_OFFICIAL_SOURCES
M011,I022,OFFICIAL_RULE_DERIVED,C-M011-02,燃えないごみ,S-M011-02,燃えないごみ,TRUE,CATEGORY_SUPPORTED_CONDITION_REVIEW_REQUIRED,品目の直接記載は必須とせず、既存mappingを支えるCURRENT公式category ruleから判定。 collector_status=NO_ITEM_MATCH_IN_FETCHED_OFFICIAL_SOURCES
M011,I023,GENERAL_RULE_DERIVED,C-M011-02,燃えないごみ,S-M011-02,燃えないごみ,TRUE,CATEGORY_SUPPORTED_CONDITION_REVIEW_REQUIRED,個別記載・既存mappingなし。一般的な材質/用途ルールと一意のCURRENT公式categoryが一致。 collector_status=NO_ITEM_MATCH_IN_FETCHED_OFFICIAL_SOURCES
M011,I024,OFFICIAL_RULE_DERIVED,C-M011-02,燃えないごみ,S-M011-02,燃えないごみ,TRUE,CATEGORY_SUPPORTED_CONDITION_REVIEW_REQUIRED,品目の直接記載は必須とせず、既存mappingを支えるCURRENT公式category ruleから判定。 collector_status=NO_ITEM_MATCH_IN_FETCHED_OFFICIAL_SOURCES
M011,I025,UNRESOLVED,,,,,TRUE,UNRESOLVED,直接記載・公式rule由来mapping・一意な一般則categoryのいずれでも決定できない。 collector_status=NO_ITEM_MATCH_IN_FETCHED_OFFICIAL_SOURCES
M011,I026,UNRESOLVED,,,,,TRUE,UNRESOLVED,直接記載・公式rule由来mapping・一意な一般則categoryのいずれでも決定できない。 collector_status=NO_ITEM_MATCH_IN_FETCHED_OFFICIAL_SOURCES
M011,I027,OFFICIAL_RULE_DERIVED,C-M011-12,危険な物,S-M011-02,危険な物,TRUE,CATEGORY_SUPPORTED_CONDITION_REVIEW_REQUIRED,品目の直接記載は必須とせず、既存mappingを支えるCURRENT公式category ruleから判定。 collector_status=NO_ITEM_MATCH_IN_FETCHED_OFFICIAL_SOURCES
M011,I028,UNRESOLVED,,,,,TRUE,UNRESOLVED,直接記載・公式rule由来mapping・一意な一般則categoryのいずれでも決定できない。 collector_status=NO_ITEM_MATCH_IN_FETCHED_OFFICIAL_SOURCES
M011,I029,UNRESOLVED,,,,,TRUE,UNRESOLVED,直接記載・公式rule由来mapping・一意な一般則categoryのいずれでも決定できない。 collector_status=NO_ITEM_MATCH_IN_FETCHED_OFFICIAL_SOURCES
M011,I030,OFFICIAL_RULE_DERIVED,C-M011-12,危険な物,S-M011-02,危険な物,TRUE,CATEGORY_SUPPORTED_CONDITION_REVIEW_REQUIRED,品目の直接記載は必須とせず、既存mappingを支えるCURRENT公式category ruleから判定。 collector_status=NO_ITEM_MATCH_IN_FETCHED_OFFICIAL_SOURCES
M011,I031,OFFICIAL_RULE_DERIVED,C-M011-12,危険な物,S-M011-02,危険な物,TRUE,CATEGORY_SUPPORTED_CONDITION_REVIEW_REQUIRED,品目の直接記載は必須とせず、既存mappingを支えるCURRENT公式category ruleから判定。 collector_status=NO_ITEM_MATCH_IN_FETCHED_OFFICIAL_SOURCES
M011,I032,OFFICIAL_RULE_DERIVED,C-M011-12,危険な物,S-M011-02,危険な物,TRUE,CATEGORY_SUPPORTED_CONDITION_REVIEW_REQUIRED,品目の直接記載は必須とせず、既存mappingを支えるCURRENT公式category ruleから判定。 collector_status=NO_ITEM_MATCH_IN_FETCHED_OFFICIAL_SOURCES
M011,I033,OFFICIAL_RULE_DERIVED,C-M011-12,危険な物,S-M011-02,危険な物,TRUE,CATEGORY_SUPPORTED_CONDITION_REVIEW_REQUIRED,品目の直接記載は必須とせず、既存mappingを支えるCURRENT公式category ruleから判定。 collector_status=NO_ITEM_MATCH_IN_FETCHED_OFFICIAL_SOURCES
M011,I034,OFFICIAL_RULE_DERIVED,C-M011-02,燃えないごみ,S-M011-02,燃えないごみ,TRUE,CATEGORY_SUPPORTED_CONDITION_REVIEW_REQUIRED,品目の直接記載は必須とせず、既存mappingを支えるCURRENT公式category ruleから判定。 collector_status=NO_ITEM_MATCH_IN_FETCHED_OFFICIAL_SOURCES
M011,I035,UNRESOLVED,,,,,TRUE,UNRESOLVED,直接記載・公式rule由来mapping・一意な一般則categoryのいずれでも決定できない。 collector_status=NO_ITEM_MATCH_IN_FETCHED_OFFICIAL_SOURCES
M011,I036,OFFICIAL_RULE_DERIVED,C-M011-01,燃えるごみ,S-M011-02,燃えるごみ,TRUE,CATEGORY_SUPPORTED_CONDITION_REVIEW_REQUIRED,品目の直接記載は必須とせず、既存mappingを支えるCURRENT公式category ruleから判定。 collector_status=NO_ITEM_MATCH_IN_FETCHED_OFFICIAL_SOURCES
M011,I037,UNRESOLVED,,,,,TRUE,UNRESOLVED,既存mappingの全branchをCURRENT公式category ruleで裏付けられないため未解決。 collector_status=NO_ITEM_MATCH_IN_FETCHED_OFFICIAL_SOURCES
M011,I038,UNRESOLVED,,,,,TRUE,UNRESOLVED,既存mappingの全branchをCURRENT公式category ruleで裏付けられないため未解決。 collector_status=NO_ITEM_MATCH_IN_FETCHED_OFFICIAL_SOURCES
M011,I039,UNRESOLVED,,,,,TRUE,UNRESOLVED,直接記載・公式rule由来mapping・一意な一般則categoryのいずれでも決定できない。 collector_status=NO_ITEM_MATCH_IN_FETCHED_OFFICIAL_SOURCES
M011,I040,OFFICIAL_RULE_DERIVED,C-M011-01|C-M011-14,燃えるごみ|剪定枝,S-M011-02,燃えるごみ|剪定枝,TRUE,CATEGORY_SUPPORTED_CONDITION_REVIEW_REQUIRED,品目の直接記載は必須とせず、既存mappingを支えるCURRENT公式category ruleから判定。 collector_status=NO_ITEM_MATCH_IN_FETCHED_OFFICIAL_SOURCES
M012,I001,DIRECT_ITEM,C-M012-09,ペットボトル,S-M012-02,text-match:ペットボトル + ペットボトル,FALSE,CATEGORY_SUPPORTED,全既存branchで公式資料中の品目表記とcategoryの直接候補あり。 collector_status=ALL_EXISTING_BRANCHES_HAVE_DIRECT_CANDIDATE
M012,I002,UNRESOLVED,,,,,TRUE,UNRESOLVED,直接記載・公式rule由来mapping・一意な一般則categoryのいずれでも決定できない。 collector_status=ONE_INFERRED_CATEGORY_CANDIDATE
M012,I003,UNRESOLVED,,,,,TRUE,UNRESOLVED,直接記載・公式rule由来mapping・一意な一般則categoryのいずれでも決定できない。 collector_status=NO_ITEM_MATCH_IN_FETCHED_OFFICIAL_SOURCES
M012,I004,OFFICIAL_RULE_DERIVED,C-M012-07,かん,S-M012-02,p27 かん・びん・ペットボトル,FALSE,CATEGORY_SUPPORTED,品目の直接記載は必須とせず、既存mappingを支えるCURRENT公式category ruleから判定。 collector_status=NO_ITEM_MATCH_IN_FETCHED_OFFICIAL_SOURCES
M012,I005,OFFICIAL_RULE_DERIVED,C-M012-07,かん,S-M012-02,p27 かん・びん・ペットボトル,FALSE,CATEGORY_SUPPORTED,品目の直接記載は必須とせず、既存mappingを支えるCURRENT公式category ruleから判定。 collector_status=NO_ITEM_MATCH_IN_FETCHED_OFFICIAL_SOURCES
M012,I006,OFFICIAL_RULE_DERIVED,C-M012-08,びん,S-M012-02,p27 かん・びん・ペットボトル,TRUE,CATEGORY_SUPPORTED_CONDITION_REVIEW_REQUIRED,品目の直接記載は必須とせず、既存mappingを支えるCURRENT公式category ruleから判定。 collector_status=NO_ITEM_MATCH_IN_FETCHED_OFFICIAL_SOURCES
M012,I007,UNRESOLVED,,,,,TRUE,UNRESOLVED,直接記載・公式rule由来mapping・一意な一般則categoryのいずれでも決定できない。 collector_status=NO_ITEM_MATCH_IN_FETCHED_OFFICIAL_SOURCES
M012,I008,UNRESOLVED,,,,,TRUE,UNRESOLVED,直接記載・公式rule由来mapping・一意な一般則categoryのいずれでも決定できない。 collector_status=NO_ITEM_MATCH_IN_FETCHED_OFFICIAL_SOURCES
M012,I009,UNRESOLVED,,,,,TRUE,UNRESOLVED,直接記載・公式rule由来mapping・一意な一般則categoryのいずれでも決定できない。 collector_status=NO_ITEM_MATCH_IN_FETCHED_OFFICIAL_SOURCES
M012,I010,UNRESOLVED,,,,,TRUE,UNRESOLVED,直接記載・公式rule由来mapping・一意な一般則categoryのいずれでも決定できない。 collector_status=NO_ITEM_MATCH_IN_FETCHED_OFFICIAL_SOURCES
M012,I011,UNRESOLVED,,,,,TRUE,UNRESOLVED,直接記載・公式rule由来mapping・一意な一般則categoryのいずれでも決定できない。 collector_status=NO_ITEM_MATCH_IN_FETCHED_OFFICIAL_SOURCES
M012,I012,OFFICIAL_RULE_DERIVED,C-M012-06,その他プラスチック,S-M012-02,p26 その他プラスチック,TRUE,CATEGORY_SUPPORTED_CONDITION_REVIEW_REQUIRED,品目の直接記載は必須とせず、既存mappingを支えるCURRENT公式category ruleから判定。 collector_status=NO_ITEM_MATCH_IN_FETCHED_OFFICIAL_SOURCES
M012,I013,OFFICIAL_RULE_DERIVED,C-M012-10,新聞,S-M012-02,p28 紙類,TRUE,CATEGORY_SUPPORTED_CONDITION_REVIEW_REQUIRED,品目の直接記載は必須とせず、既存mappingを支えるCURRENT公式category ruleから判定。 collector_status=NO_ITEM_MATCH_IN_FETCHED_OFFICIAL_SOURCES
M012,I014,OFFICIAL_RULE_DERIVED,C-M012-13,段ボール,S-M012-02,p28 紙類,TRUE,CATEGORY_SUPPORTED_CONDITION_REVIEW_REQUIRED,品目の直接記載は必須とせず、既存mappingを支えるCURRENT公式category ruleから判定。 collector_status=NO_ITEM_MATCH_IN_FETCHED_OFFICIAL_SOURCES
M012,I015,OFFICIAL_RULE_DERIVED,C-M012-11,雑誌,S-M012-02,p28 紙類,TRUE,CATEGORY_SUPPORTED_CONDITION_REVIEW_REQUIRED,品目の直接記載は必須とせず、既存mappingを支えるCURRENT公式category ruleから判定。 collector_status=NO_ITEM_MATCH_IN_FETCHED_OFFICIAL_SOURCES
M012,I016,UNRESOLVED,,,,,FALSE,UNRESOLVED,直接記載・公式rule由来mapping・一意な一般則categoryのいずれでも決定できない。 collector_status=NO_ITEM_MATCH_IN_FETCHED_OFFICIAL_SOURCES
M012,I017,OFFICIAL_RULE_DERIVED,C-M012-14,紙パック,S-M012-02,p28 紙類,TRUE,CATEGORY_SUPPORTED_CONDITION_REVIEW_REQUIRED,品目の直接記載は必須とせず、既存mappingを支えるCURRENT公式category ruleから判定。 collector_status=NO_ITEM_MATCH_IN_FETCHED_OFFICIAL_SOURCES
M012,I018,OFFICIAL_RULE_DERIVED,C-M012-01,燃やせるごみ,S-M012-02,p23 燃やせるごみ,TRUE,CATEGORY_SUPPORTED_CONDITION_REVIEW_REQUIRED,品目の直接記載は必須とせず、既存mappingを支えるCURRENT公式category ruleから判定。 collector_status=NO_ITEM_MATCH_IN_FETCHED_OFFICIAL_SOURCES
M012,I019,UNRESOLVED,,,,,FALSE,UNRESOLVED,直接記載・公式rule由来mapping・一意な一般則categoryのいずれでも決定できない。 collector_status=NO_ITEM_MATCH_IN_FETCHED_OFFICIAL_SOURCES
M012,I020,UNRESOLVED,,,,,FALSE,UNRESOLVED,直接記載・公式rule由来mapping・一意な一般則categoryのいずれでも決定できない。 collector_status=NO_ITEM_MATCH_IN_FETCHED_OFFICIAL_SOURCES
M012,I021,OFFICIAL_RULE_DERIVED,C-M012-15,布類,S-M012-02,p28 布類,TRUE,CATEGORY_SUPPORTED_CONDITION_REVIEW_REQUIRED,品目の直接記載は必須とせず、既存mappingを支えるCURRENT公式category ruleから判定。 collector_status=NO_ITEM_MATCH_IN_FETCHED_OFFICIAL_SOURCES
M012,I022,UNRESOLVED,,,,,TRUE,UNRESOLVED,直接記載・公式rule由来mapping・一意な一般則categoryのいずれでも決定できない。 collector_status=NO_ITEM_MATCH_IN_FETCHED_OFFICIAL_SOURCES
M012,I023,OFFICIAL_RULE_DERIVED,C-M012-02,燃やせないごみ,S-M012-02,p24 燃やせないごみ,TRUE,CATEGORY_SUPPORTED_CONDITION_REVIEW_REQUIRED,品目の直接記載は必須とせず、既存mappingを支えるCURRENT公式category ruleから判定。 collector_status=NO_ITEM_MATCH_IN_FETCHED_OFFICIAL_SOURCES
M012,I024,UNRESOLVED,,,,,FALSE,UNRESOLVED,直接記載・公式rule由来mapping・一意な一般則categoryのいずれでも決定できない。 collector_status=NO_ITEM_MATCH_IN_FETCHED_OFFICIAL_SOURCES
M012,I025,UNRESOLVED,,,,,TRUE,UNRESOLVED,直接記載・公式rule由来mapping・一意な一般則categoryのいずれでも決定できない。 collector_status=NO_ITEM_MATCH_IN_FETCHED_OFFICIAL_SOURCES
M012,I026,UNRESOLVED,,,,,TRUE,UNRESOLVED,直接記載・公式rule由来mapping・一意な一般則categoryのいずれでも決定できない。 collector_status=NO_ITEM_MATCH_IN_FETCHED_OFFICIAL_SOURCES
M012,I027,OFFICIAL_RULE_DERIVED,C-M012-03,有害ごみ,S-M012-02,p24 有害ごみ,TRUE,CATEGORY_SUPPORTED_CONDITION_REVIEW_REQUIRED,品目の直接記載は必須とせず、既存mappingを支えるCURRENT公式category ruleから判定。 collector_status=NO_ITEM_MATCH_IN_FETCHED_OFFICIAL_SOURCES
M012,I028,OFFICIAL_RULE_DERIVED,C-M012-03,有害ごみ,S-M012-02,p24 有害ごみ,TRUE,CATEGORY_SUPPORTED_CONDITION_REVIEW_REQUIRED,品目の直接記載は必須とせず、既存mappingを支えるCURRENT公式category ruleから判定。 collector_status=NO_ITEM_MATCH_IN_FETCHED_OFFICIAL_SOURCES
M012,I029,OFFICIAL_RULE_DERIVED,C-M012-03,有害ごみ,S-M012-02,p24 有害ごみ,TRUE,CATEGORY_SUPPORTED_CONDITION_REVIEW_REQUIRED,品目の直接記載は必須とせず、既存mappingを支えるCURRENT公式category ruleから判定。 collector_status=NO_ITEM_MATCH_IN_FETCHED_OFFICIAL_SOURCES
M012,I030,OFFICIAL_RULE_DERIVED,C-M012-03,有害ごみ,S-M012-02,p24 有害ごみ,TRUE,CATEGORY_SUPPORTED_CONDITION_REVIEW_REQUIRED,品目の直接記載は必須とせず、既存mappingを支えるCURRENT公式category ruleから判定。 collector_status=NO_ITEM_MATCH_IN_FETCHED_OFFICIAL_SOURCES
M012,I031,UNRESOLVED,,,,,TRUE,UNRESOLVED,直接記載・公式rule由来mapping・一意な一般則categoryのいずれでも決定できない。 collector_status=NO_ITEM_MATCH_IN_FETCHED_OFFICIAL_SOURCES
M012,I032,OFFICIAL_RULE_DERIVED,C-M012-04,危険ごみ,S-M012-02,p25 危険ごみ,TRUE,CATEGORY_SUPPORTED_CONDITION_REVIEW_REQUIRED,品目の直接記載は必須とせず、既存mappingを支えるCURRENT公式category ruleから判定。 collector_status=NO_ITEM_MATCH_IN_FETCHED_OFFICIAL_SOURCES
M012,I033,OFFICIAL_RULE_DERIVED,C-M012-04,危険ごみ,S-M012-02,p25 危険ごみ,TRUE,CATEGORY_SUPPORTED_CONDITION_REVIEW_REQUIRED,品目の直接記載は必須とせず、既存mappingを支えるCURRENT公式category ruleから判定。 collector_status=NO_ITEM_MATCH_IN_FETCHED_OFFICIAL_SOURCES
M012,I034,OFFICIAL_RULE_DERIVED,C-M012-16,使用済小型家電,S-M012-02,p35 使用済小型家電,TRUE,CATEGORY_SUPPORTED_CONDITION_REVIEW_REQUIRED,品目の直接記載は必須とせず、既存mappingを支えるCURRENT公式category ruleから判定。 collector_status=ITEM_MATCH_WITHOUT_CATEGORY
M012,I035,UNRESOLVED,,,,,TRUE,UNRESOLVED,直接記載・公式rule由来mapping・一意な一般則categoryのいずれでも決定できない。 collector_status=NO_ITEM_MATCH_IN_FETCHED_OFFICIAL_SOURCES
M012,I036,UNRESOLVED,,,,,TRUE,UNRESOLVED,直接記載・公式rule由来mapping・一意な一般則categoryのいずれでも決定できない。 collector_status=NO_ITEM_MATCH_IN_FETCHED_OFFICIAL_SOURCES
M012,I037,UNRESOLVED,,,,,TRUE,UNRESOLVED,既存mappingの全branchをCURRENT公式category ruleで裏付けられないため未解決。 collector_status=NO_ITEM_MATCH_IN_FETCHED_OFFICIAL_SOURCES
M012,I038,UNRESOLVED,,,,,TRUE,UNRESOLVED,既存mappingの全branchをCURRENT公式category ruleで裏付けられないため未解決。 collector_status=NO_ITEM_MATCH_IN_FETCHED_OFFICIAL_SOURCES
M012,I039,UNRESOLVED,,,,,TRUE,UNRESOLVED,直接記載・公式rule由来mapping・一意な一般則categoryのいずれでも決定できない。 collector_status=NO_ITEM_MATCH_IN_FETCHED_OFFICIAL_SOURCES
M012,I040,UNRESOLVED,,,,,TRUE,UNRESOLVED,直接記載・公式rule由来mapping・一意な一般則categoryのいずれでも決定できない。 collector_status=NO_ITEM_MATCH_IN_FETCHED_OFFICIAL_SOURCES
M013,I001,OFFICIAL_RULE_DERIVED,C-M013-05,ペットボトル,S-M013-03,ペットボトルの出し方,FALSE,CATEGORY_SUPPORTED,品目の直接記載は必須とせず、既存mappingを支えるCURRENT公式category ruleから判定。 collector_status=NO_ITEM_MATCH_IN_FETCHED_OFFICIAL_SOURCES
M013,I002,UNRESOLVED,,,,,TRUE,UNRESOLVED,直接記載・公式rule由来mapping・一意な一般則categoryのいずれでも決定できない。 collector_status=NO_ITEM_MATCH_IN_FETCHED_OFFICIAL_SOURCES
M013,I003,UNRESOLVED,,,,,TRUE,UNRESOLVED,直接記載・公式rule由来mapping・一意な一般則categoryのいずれでも決定できない。 collector_status=NO_ITEM_MATCH_IN_FETCHED_OFFICIAL_SOURCES
M013,I004,UNRESOLVED,,,,,FALSE,UNRESOLVED,直接記載・公式rule由来mapping・一意な一般則categoryのいずれでも決定できない。 collector_status=NO_ITEM_MATCH_IN_FETCHED_OFFICIAL_SOURCES
M013,I005,UNRESOLVED,,,,,FALSE,UNRESOLVED,直接記載・公式rule由来mapping・一意な一般則categoryのいずれでも決定できない。 collector_status=NO_ITEM_MATCH_IN_FETCHED_OFFICIAL_SOURCES
M013,I006,OFFICIAL_RULE_DERIVED,C-M013-03,びん,S-M013-03,びん・かんの出し方,TRUE,CATEGORY_SUPPORTED_CONDITION_REVIEW_REQUIRED,品目の直接記載は必須とせず、既存mappingを支えるCURRENT公式category ruleから判定。 collector_status=NO_ITEM_MATCH_IN_FETCHED_OFFICIAL_SOURCES
M013,I007,UNRESOLVED,,,,,TRUE,UNRESOLVED,直接記載・公式rule由来mapping・一意な一般則categoryのいずれでも決定できない。 collector_status=NO_ITEM_MATCH_IN_FETCHED_OFFICIAL_SOURCES
M013,I008,UNRESOLVED,,,,,TRUE,UNRESOLVED,直接記載・公式rule由来mapping・一意な一般則categoryのいずれでも決定できない。 collector_status=NO_ITEM_MATCH_IN_FETCHED_OFFICIAL_SOURCES
M013,I009,UNRESOLVED,,,,,TRUE,UNRESOLVED,直接記載・公式rule由来mapping・一意な一般則categoryのいずれでも決定できない。 collector_status=NO_ITEM_MATCH_IN_FETCHED_OFFICIAL_SOURCES
M013,I010,UNRESOLVED,,,,,TRUE,UNRESOLVED,直接記載・公式rule由来mapping・一意な一般則categoryのいずれでも決定できない。 collector_status=NO_ITEM_MATCH_IN_FETCHED_OFFICIAL_SOURCES
M013,I011,UNRESOLVED,,,,,TRUE,UNRESOLVED,直接記載・公式rule由来mapping・一意な一般則categoryのいずれでも決定できない。 collector_status=NO_ITEM_MATCH_IN_FETCHED_OFFICIAL_SOURCES
M013,I012,UNRESOLVED,,,,,TRUE,UNRESOLVED,直接記載・公式rule由来mapping・一意な一般則categoryのいずれでも決定できない。 collector_status=NO_ITEM_MATCH_IN_FETCHED_OFFICIAL_SOURCES
M013,I013,UNRESOLVED,,,,,FALSE,UNRESOLVED,直接記載・公式rule由来mapping・一意な一般則categoryのいずれでも決定できない。 collector_status=NO_ITEM_MATCH_IN_FETCHED_OFFICIAL_SOURCES
M013,I014,UNRESOLVED,,,,,FALSE,UNRESOLVED,直接記載・公式rule由来mapping・一意な一般則categoryのいずれでも決定できない。 collector_status=NO_ITEM_MATCH_IN_FETCHED_OFFICIAL_SOURCES
M013,I015,UNRESOLVED,,,,,FALSE,UNRESOLVED,直接記載・公式rule由来mapping・一意な一般則categoryのいずれでも決定できない。 collector_status=NO_ITEM_MATCH_IN_FETCHED_OFFICIAL_SOURCES
M013,I016,UNRESOLVED,,,,,FALSE,UNRESOLVED,直接記載・公式rule由来mapping・一意な一般則categoryのいずれでも決定できない。 collector_status=NO_ITEM_MATCH_IN_FETCHED_OFFICIAL_SOURCES
M013,I017,UNRESOLVED,,,,,TRUE,UNRESOLVED,直接記載・公式rule由来mapping・一意な一般則categoryのいずれでも決定できない。 collector_status=NO_ITEM_MATCH_IN_FETCHED_OFFICIAL_SOURCES
M013,I018,OFFICIAL_RULE_DERIVED,C-M013-06,可燃ごみ,S-M013-04,可燃ごみ,TRUE,CATEGORY_SUPPORTED_CONDITION_REVIEW_REQUIRED,品目の直接記載は必須とせず、既存mappingを支えるCURRENT公式category ruleから判定。 collector_status=NO_ITEM_MATCH_IN_FETCHED_OFFICIAL_SOURCES
M013,I019,GENERAL_RULE_DERIVED,C-M013-06,可燃ごみ,S-M013-04,可燃ごみ,TRUE,CATEGORY_SUPPORTED_CONDITION_REVIEW_REQUIRED,個別記載・既存mappingなし。一般的な材質/用途ルールと一意のCURRENT公式categoryが一致。 collector_status=NO_ITEM_MATCH_IN_FETCHED_OFFICIAL_SOURCES
M013,I020,OFFICIAL_RULE_DERIVED,C-M013-06,可燃ごみ,S-M013-04,可燃ごみ,TRUE,CATEGORY_SUPPORTED_CONDITION_REVIEW_REQUIRED,品目の直接記載は必須とせず、既存mappingを支えるCURRENT公式category ruleから判定。 collector_status=NO_ITEM_MATCH_IN_FETCHED_OFFICIAL_SOURCES
M013,I021,OFFICIAL_RULE_DERIVED,C-M013-06|C-M013-09,可燃ごみ|古着・小型家電等,S-M013-04|S-M013-01,可燃ごみ|P22-24 拠点回収,TRUE,CATEGORY_SUPPORTED_CONDITION_REVIEW_REQUIRED,品目の直接記載は必須とせず、既存mappingを支えるCURRENT公式category ruleから判定。 collector_status=NO_ITEM_MATCH_IN_FETCHED_OFFICIAL_SOURCES
M013,I022,OFFICIAL_RULE_DERIVED,C-M013-07,不燃ごみ,S-M013-05,不燃ごみ,TRUE,CATEGORY_SUPPORTED_CONDITION_REVIEW_REQUIRED,品目の直接記載は必須とせず、既存mappingを支えるCURRENT公式category ruleから判定。 collector_status=NO_ITEM_MATCH_IN_FETCHED_OFFICIAL_SOURCES
M013,I023,OFFICIAL_RULE_DERIVED,C-M013-07,不燃ごみ,S-M013-05,不燃ごみ,TRUE,CATEGORY_SUPPORTED_CONDITION_REVIEW_REQUIRED,品目の直接記載は必須とせず、既存mappingを支えるCURRENT公式category ruleから判定。 collector_status=NO_ITEM_MATCH_IN_FETCHED_OFFICIAL_SOURCES
M013,I024,GENERAL_RULE_DERIVED,C-M013-07,不燃ごみ,S-M013-05,不燃ごみ,TRUE,CATEGORY_SUPPORTED_CONDITION_REVIEW_REQUIRED,個別記載・既存mappingなし。一般的な材質/用途ルールと一意のCURRENT公式categoryが一致。 collector_status=NO_ITEM_MATCH_IN_FETCHED_OFFICIAL_SOURCES
M013,I025,UNRESOLVED,,,,,TRUE,UNRESOLVED,直接記載・公式rule由来mapping・一意な一般則categoryのいずれでも決定できない。 collector_status=NO_ITEM_MATCH_IN_FETCHED_OFFICIAL_SOURCES
M013,I026,UNRESOLVED,,,,,TRUE,UNRESOLVED,直接記載・公式rule由来mapping・一意な一般則categoryのいずれでも決定できない。 collector_status=NO_ITEM_MATCH_IN_FETCHED_OFFICIAL_SOURCES
M013,I027,UNRESOLVED,,,,,TRUE,UNRESOLVED,直接記載・公式rule由来mapping・一意な一般則categoryのいずれでも決定できない。 collector_status=NO_ITEM_MATCH_IN_FETCHED_OFFICIAL_SOURCES
M013,I028,UNRESOLVED,,,,,TRUE,UNRESOLVED,直接記載・公式rule由来mapping・一意な一般則categoryのいずれでも決定できない。 collector_status=NO_ITEM_MATCH_IN_FETCHED_OFFICIAL_SOURCES
M013,I029,UNRESOLVED,,,,,TRUE,UNRESOLVED,直接記載・公式rule由来mapping・一意な一般則categoryのいずれでも決定できない。 collector_status=NO_ITEM_MATCH_IN_FETCHED_OFFICIAL_SOURCES
M013,I030,UNRESOLVED,,,,,TRUE,UNRESOLVED,直接記載・公式rule由来mapping・一意な一般則categoryのいずれでも決定できない。 collector_status=NO_ITEM_MATCH_IN_FETCHED_OFFICIAL_SOURCES
M013,I031,UNRESOLVED,,,,,TRUE,UNRESOLVED,直接記載・公式rule由来mapping・一意な一般則categoryのいずれでも決定できない。 collector_status=NO_ITEM_MATCH_IN_FETCHED_OFFICIAL_SOURCES
M013,I032,UNRESOLVED,,,,,TRUE,UNRESOLVED,直接記載・公式rule由来mapping・一意な一般則categoryのいずれでも決定できない。 collector_status=NO_ITEM_MATCH_IN_FETCHED_OFFICIAL_SOURCES
M013,I033,UNRESOLVED,,,,,TRUE,UNRESOLVED,直接記載・公式rule由来mapping・一意な一般則categoryのいずれでも決定できない。 collector_status=NO_ITEM_MATCH_IN_FETCHED_OFFICIAL_SOURCES
M013,I034,OFFICIAL_RULE_DERIVED,C-M013-07|C-M013-09,不燃ごみ|古着・小型家電等,S-M013-05|S-M013-01,不燃ごみ|P22-24 拠点回収,TRUE,CATEGORY_SUPPORTED_CONDITION_REVIEW_REQUIRED,品目の直接記載は必須とせず、既存mappingを支えるCURRENT公式category ruleから判定。 collector_status=NO_ITEM_MATCH_IN_FETCHED_OFFICIAL_SOURCES
M013,I035,UNRESOLVED,,,,,TRUE,UNRESOLVED,直接記載・公式rule由来mapping・一意な一般則categoryのいずれでも決定できない。 collector_status=NO_ITEM_MATCH_IN_FETCHED_OFFICIAL_SOURCES
M013,I036,OFFICIAL_RULE_DERIVED,C-M013-08,粗大ごみ,S-M013-06,粗大ごみの収集,TRUE,CATEGORY_SUPPORTED_CONDITION_REVIEW_REQUIRED,品目の直接記載は必須とせず、既存mappingを支えるCURRENT公式category ruleから判定。 collector_status=NO_ITEM_MATCH_IN_FETCHED_OFFICIAL_SOURCES
M013,I037,UNRESOLVED,,,,,TRUE,UNRESOLVED,既存mappingの全branchをCURRENT公式category ruleで裏付けられないため未解決。 collector_status=NO_ITEM_MATCH_IN_FETCHED_OFFICIAL_SOURCES
M013,I038,UNRESOLVED,,,,,TRUE,UNRESOLVED,既存mappingの全branchをCURRENT公式category ruleで裏付けられないため未解決。 collector_status=NO_ITEM_MATCH_IN_FETCHED_OFFICIAL_SOURCES
M013,I039,UNRESOLVED,,,,,TRUE,UNRESOLVED,直接記載・公式rule由来mapping・一意な一般則categoryのいずれでも決定できない。 collector_status=NO_ITEM_MATCH_IN_FETCHED_OFFICIAL_SOURCES
M013,I040,UNRESOLVED,,,,,TRUE,UNRESOLVED,直接記載・公式rule由来mapping・一意な一般則categoryのいずれでも決定できない。 collector_status=NO_ITEM_MATCH_IN_FETCHED_OFFICIAL_SOURCES
M014,I001,OFFICIAL_RULE_DERIVED,C-M014-05,ペットボトル,S-M014-02,p3 資源物とごみの分別フロー,FALSE,CATEGORY_SUPPORTED,品目の直接記載は必須とせず、既存mappingを支えるCURRENT公式category ruleから判定。 collector_status=NO_ITEM_MATCH_IN_FETCHED_OFFICIAL_SOURCES
M014,I002,UNRESOLVED,,,,,TRUE,UNRESOLVED,直接記載・公式rule由来mapping・一意な一般則categoryのいずれでも決定できない。 collector_status=NO_ITEM_MATCH_IN_FETCHED_OFFICIAL_SOURCES
M014,I003,UNRESOLVED,,,,,TRUE,UNRESOLVED,直接記載・公式rule由来mapping・一意な一般則categoryのいずれでも決定できない。 collector_status=NO_ITEM_MATCH_IN_FETCHED_OFFICIAL_SOURCES
M014,I004,UNRESOLVED,,,,,FALSE,UNRESOLVED,直接記載・公式rule由来mapping・一意な一般則categoryのいずれでも決定できない。 collector_status=NO_ITEM_MATCH_IN_FETCHED_OFFICIAL_SOURCES
M014,I005,UNRESOLVED,,,,,FALSE,UNRESOLVED,直接記載・公式rule由来mapping・一意な一般則categoryのいずれでも決定できない。 collector_status=NO_ITEM_MATCH_IN_FETCHED_OFFICIAL_SOURCES
M014,I006,OFFICIAL_RULE_DERIVED,C-M014-04,びん,S-M014-02,p3 資源物とごみの分別フロー,TRUE,CATEGORY_SUPPORTED_CONDITION_REVIEW_REQUIRED,品目の直接記載は必須とせず、既存mappingを支えるCURRENT公式category ruleから判定。 collector_status=NO_ITEM_MATCH_IN_FETCHED_OFFICIAL_SOURCES
M014,I007,UNRESOLVED,,,,,TRUE,UNRESOLVED,直接記載・公式rule由来mapping・一意な一般則categoryのいずれでも決定できない。 collector_status=NO_ITEM_MATCH_IN_FETCHED_OFFICIAL_SOURCES
M014,I008,UNRESOLVED,,,,,TRUE,UNRESOLVED,直接記載・公式rule由来mapping・一意な一般則categoryのいずれでも決定できない。 collector_status=NO_ITEM_MATCH_IN_FETCHED_OFFICIAL_SOURCES
M014,I009,UNRESOLVED,,,,,TRUE,UNRESOLVED,直接記載・公式rule由来mapping・一意な一般則categoryのいずれでも決定できない。 collector_status=NO_ITEM_MATCH_IN_FETCHED_OFFICIAL_SOURCES
M014,I010,UNRESOLVED,,,,,TRUE,UNRESOLVED,直接記載・公式rule由来mapping・一意な一般則categoryのいずれでも決定できない。 collector_status=NO_ITEM_MATCH_IN_FETCHED_OFFICIAL_SOURCES
M014,I011,UNRESOLVED,,,,,TRUE,UNRESOLVED,直接記載・公式rule由来mapping・一意な一般則categoryのいずれでも決定できない。 collector_status=NO_ITEM_MATCH_IN_FETCHED_OFFICIAL_SOURCES
M014,I012,UNRESOLVED,,,,,TRUE,UNRESOLVED,直接記載・公式rule由来mapping・一意な一般則categoryのいずれでも決定できない。 collector_status=NO_ITEM_MATCH_IN_FETCHED_OFFICIAL_SOURCES
M014,I013,UNRESOLVED,,,,,FALSE,UNRESOLVED,直接記載・公式rule由来mapping・一意な一般則categoryのいずれでも決定できない。 collector_status=NO_ITEM_MATCH_IN_FETCHED_OFFICIAL_SOURCES
M014,I014,UNRESOLVED,,,,,FALSE,UNRESOLVED,直接記載・公式rule由来mapping・一意な一般則categoryのいずれでも決定できない。 collector_status=NO_ITEM_MATCH_IN_FETCHED_OFFICIAL_SOURCES
M014,I015,UNRESOLVED,,,,,FALSE,UNRESOLVED,直接記載・公式rule由来mapping・一意な一般則categoryのいずれでも決定できない。 collector_status=NO_ITEM_MATCH_IN_FETCHED_OFFICIAL_SOURCES
M014,I016,UNRESOLVED,,,,,FALSE,UNRESOLVED,直接記載・公式rule由来mapping・一意な一般則categoryのいずれでも決定できない。 collector_status=NO_ITEM_MATCH_IN_FETCHED_OFFICIAL_SOURCES
M014,I017,UNRESOLVED,,,,,TRUE,UNRESOLVED,直接記載・公式rule由来mapping・一意な一般則categoryのいずれでも決定できない。 collector_status=NO_ITEM_MATCH_IN_FETCHED_OFFICIAL_SOURCES
M014,I018,OFFICIAL_RULE_DERIVED,C-M014-08,燃やすごみ,S-M014-02,p3・燃やすごみ,FALSE,CATEGORY_SUPPORTED,品目の直接記載は必須とせず、既存mappingを支えるCURRENT公式category ruleから判定。 collector_status=NO_ITEM_MATCH_IN_FETCHED_OFFICIAL_SOURCES
M014,I019,GENERAL_RULE_DERIVED,C-M014-08,燃やすごみ,S-M014-02,p3・燃やすごみ,FALSE,CATEGORY_SUPPORTED,個別記載・既存mappingなし。一般的な材質/用途ルールと一意のCURRENT公式categoryが一致。 collector_status=NO_ITEM_MATCH_IN_FETCHED_OFFICIAL_SOURCES
M014,I020,GENERAL_RULE_DERIVED,C-M014-08,燃やすごみ,S-M014-02,p3・燃やすごみ,FALSE,CATEGORY_SUPPORTED,個別記載・既存mappingなし。一般的な材質/用途ルールと一意のCURRENT公式categoryが一致。 collector_status=NO_ITEM_MATCH_IN_FETCHED_OFFICIAL_SOURCES
M014,I021,OFFICIAL_RULE_DERIVED,C-M014-07,イベント回収,S-M014-02,p3 イベント回収,FALSE,CATEGORY_SUPPORTED,品目の直接記載は必須とせず、既存mappingを支えるCURRENT公式category ruleから判定。 collector_status=NO_ITEM_MATCH_IN_FETCHED_OFFICIAL_SOURCES
M014,I022,UNRESOLVED,,,,,TRUE,UNRESOLVED,直接記載・公式rule由来mapping・一意な一般則categoryのいずれでも決定できない。 collector_status=NO_ITEM_MATCH_IN_FETCHED_OFFICIAL_SOURCES
M014,I023,OFFICIAL_RULE_DERIVED,C-M014-09,燃やさないごみ,S-M014-02,p3・燃やさないごみ,TRUE,CATEGORY_SUPPORTED_CONDITION_REVIEW_REQUIRED,品目の直接記載は必須とせず、既存mappingを支えるCURRENT公式category ruleから判定。 collector_status=NO_ITEM_MATCH_IN_FETCHED_OFFICIAL_SOURCES
M014,I024,GENERAL_RULE_DERIVED,C-M014-09,燃やさないごみ,S-M014-02,p3・燃やさないごみ,TRUE,CATEGORY_SUPPORTED_CONDITION_REVIEW_REQUIRED,個別記載・既存mappingなし。一般的な材質/用途ルールと一意のCURRENT公式categoryが一致。 collector_status=NO_ITEM_MATCH_IN_FETCHED_OFFICIAL_SOURCES
M014,I025,UNRESOLVED,,,,,TRUE,UNRESOLVED,直接記載・公式rule由来mapping・一意な一般則categoryのいずれでも決定できない。 collector_status=NO_ITEM_MATCH_IN_FETCHED_OFFICIAL_SOURCES
M014,I026,UNRESOLVED,,,,,TRUE,UNRESOLVED,直接記載・公式rule由来mapping・一意な一般則categoryのいずれでも決定できない。 collector_status=NO_ITEM_MATCH_IN_FETCHED_OFFICIAL_SOURCES
M014,I027,OFFICIAL_RULE_DERIVED,C-M014-06,拠点回収,S-M014-02,p3 拠点回収,TRUE,CATEGORY_SUPPORTED_CONDITION_REVIEW_REQUIRED,品目の直接記載は必須とせず、既存mappingを支えるCURRENT公式category ruleから判定。 collector_status=NO_ITEM_MATCH_IN_FETCHED_OFFICIAL_SOURCES
M014,I028,UNRESOLVED,,,,,TRUE,UNRESOLVED,直接記載・公式rule由来mapping・一意な一般則categoryのいずれでも決定できない。 collector_status=NO_ITEM_MATCH_IN_FETCHED_OFFICIAL_SOURCES
M014,I029,UNRESOLVED,,,,,TRUE,UNRESOLVED,直接記載・公式rule由来mapping・一意な一般則categoryのいずれでも決定できない。 collector_status=NO_ITEM_MATCH_IN_FETCHED_OFFICIAL_SOURCES
M014,I030,UNRESOLVED,,,,,TRUE,UNRESOLVED,直接記載・公式rule由来mapping・一意な一般則categoryのいずれでも決定できない。 collector_status=NO_ITEM_MATCH_IN_FETCHED_OFFICIAL_SOURCES
M014,I031,UNRESOLVED,,,,,TRUE,UNRESOLVED,直接記載・公式rule由来mapping・一意な一般則categoryのいずれでも決定できない。 collector_status=NO_ITEM_MATCH_IN_FETCHED_OFFICIAL_SOURCES
M014,I032,UNRESOLVED,,,,,TRUE,UNRESOLVED,直接記載・公式rule由来mapping・一意な一般則categoryのいずれでも決定できない。 collector_status=NO_ITEM_MATCH_IN_FETCHED_OFFICIAL_SOURCES
M014,I033,UNRESOLVED,,,,,TRUE,UNRESOLVED,直接記載・公式rule由来mapping・一意な一般則categoryのいずれでも決定できない。 collector_status=NO_ITEM_MATCH_IN_FETCHED_OFFICIAL_SOURCES
M014,I034,OFFICIAL_RULE_DERIVED,C-M014-06,拠点回収,S-M014-02,p3 拠点回収,TRUE,CATEGORY_SUPPORTED_CONDITION_REVIEW_REQUIRED,品目の直接記載は必須とせず、既存mappingを支えるCURRENT公式category ruleから判定。 collector_status=NO_ITEM_MATCH_IN_FETCHED_OFFICIAL_SOURCES
M014,I035,UNRESOLVED,,,,,TRUE,UNRESOLVED,直接記載・公式rule由来mapping・一意な一般則categoryのいずれでも決定できない。 collector_status=NO_ITEM_MATCH_IN_FETCHED_OFFICIAL_SOURCES
M014,I036,UNRESOLVED,,,,,TRUE,UNRESOLVED,直接記載・公式rule由来mapping・一意な一般則categoryのいずれでも決定できない。 collector_status=NO_ITEM_MATCH_IN_FETCHED_OFFICIAL_SOURCES
M014,I037,UNRESOLVED,,,,,TRUE,UNRESOLVED,既存mappingの全branchをCURRENT公式category ruleで裏付けられないため未解決。 collector_status=NO_ITEM_MATCH_IN_FETCHED_OFFICIAL_SOURCES
M014,I038,UNRESOLVED,,,,,TRUE,UNRESOLVED,既存mappingの全branchをCURRENT公式category ruleで裏付けられないため未解決。 collector_status=NO_ITEM_MATCH_IN_FETCHED_OFFICIAL_SOURCES
M014,I039,OFFICIAL_RULE_DERIVED,C-M014-07,イベント回収,S-M014-02,p3 イベント回収,TRUE,CATEGORY_SUPPORTED_CONDITION_REVIEW_REQUIRED,品目の直接記載は必須とせず、既存mappingを支えるCURRENT公式category ruleから判定。 collector_status=NO_ITEM_MATCH_IN_FETCHED_OFFICIAL_SOURCES
M014,I040,UNRESOLVED,,,,,TRUE,UNRESOLVED,直接記載・公式rule由来mapping・一意な一般則categoryのいずれでも決定できない。 collector_status=NO_ITEM_MATCH_IN_FETCHED_OFFICIAL_SOURCES
M015,I001,OFFICIAL_RULE_DERIVED,C-M015-09,ペットボトル,S-M015-02,p10-11 資源・ペットボトル,FALSE,CATEGORY_SUPPORTED,品目の直接記載は必須とせず、既存mappingを支えるCURRENT公式category ruleから判定。 collector_status=NO_ITEM_MATCH_IN_FETCHED_OFFICIAL_SOURCES
M015,I002,UNRESOLVED,,,,,TRUE,UNRESOLVED,直接記載・公式rule由来mapping・一意な一般則categoryのいずれでも決定できない。 collector_status=NO_ITEM_MATCH_IN_FETCHED_OFFICIAL_SOURCES
M015,I003,UNRESOLVED,,,,,TRUE,UNRESOLVED,直接記載・公式rule由来mapping・一意な一般則categoryのいずれでも決定できない。 collector_status=NO_ITEM_MATCH_IN_FETCHED_OFFICIAL_SOURCES
M015,I004,UNRESOLVED,,,,,FALSE,UNRESOLVED,直接記載・公式rule由来mapping・一意な一般則categoryのいずれでも決定できない。 collector_status=NO_ITEM_MATCH_IN_FETCHED_OFFICIAL_SOURCES
M015,I005,UNRESOLVED,,,,,FALSE,UNRESOLVED,直接記載・公式rule由来mapping・一意な一般則categoryのいずれでも決定できない。 collector_status=NO_ITEM_MATCH_IN_FETCHED_OFFICIAL_SOURCES
M015,I006,OFFICIAL_RULE_DERIVED,C-M015-10,びん,S-M015-02,p10-11 資源・びん,TRUE,CATEGORY_SUPPORTED_CONDITION_REVIEW_REQUIRED,品目の直接記載は必須とせず、既存mappingを支えるCURRENT公式category ruleから判定。 collector_status=NO_ITEM_MATCH_IN_FETCHED_OFFICIAL_SOURCES
M015,I007,UNRESOLVED,,,,,TRUE,UNRESOLVED,直接記載・公式rule由来mapping・一意な一般則categoryのいずれでも決定できない。 collector_status=NO_ITEM_MATCH_IN_FETCHED_OFFICIAL_SOURCES
M015,I008,UNRESOLVED,,,,,TRUE,UNRESOLVED,直接記載・公式rule由来mapping・一意な一般則categoryのいずれでも決定できない。 collector_status=NO_ITEM_MATCH_IN_FETCHED_OFFICIAL_SOURCES
M015,I009,GENERAL_RULE_DERIVED,C-M015-03,プラスチック製容器包装,S-M015-02,p8-9 プラスチック製容器包装,TRUE,CATEGORY_SUPPORTED_CONDITION_REVIEW_REQUIRED,個別記載・既存mappingなし。一般的な材質/用途ルールと一意のCURRENT公式categoryが一致。 collector_status=NO_ITEM_MATCH_IN_FETCHED_OFFICIAL_SOURCES
M015,I010,GENERAL_RULE_DERIVED,C-M015-03,プラスチック製容器包装,S-M015-02,p8-9 プラスチック製容器包装,TRUE,CATEGORY_SUPPORTED_CONDITION_REVIEW_REQUIRED,個別記載・既存mappingなし。一般的な材質/用途ルールと一意のCURRENT公式categoryが一致。 collector_status=NO_ITEM_MATCH_IN_FETCHED_OFFICIAL_SOURCES
M015,I011,GENERAL_RULE_DERIVED,C-M015-03,プラスチック製容器包装,S-M015-02,p8-9 プラスチック製容器包装,TRUE,CATEGORY_SUPPORTED_CONDITION_REVIEW_REQUIRED,個別記載・既存mappingなし。一般的な材質/用途ルールと一意のCURRENT公式categoryが一致。 collector_status=NO_ITEM_MATCH_IN_FETCHED_OFFICIAL_SOURCES
M015,I012,GENERAL_RULE_DERIVED,C-M015-03,プラスチック製容器包装,S-M015-02,p8-9 プラスチック製容器包装,TRUE,CATEGORY_SUPPORTED_CONDITION_REVIEW_REQUIRED,個別記載・既存mappingなし。一般的な材質/用途ルールと一意のCURRENT公式categoryが一致。 collector_status=NO_ITEM_MATCH_IN_FETCHED_OFFICIAL_SOURCES
M015,I013,OFFICIAL_RULE_DERIVED,C-M015-05,新聞,S-M015-02,p10-11 資源・新聞,FALSE,CATEGORY_SUPPORTED,品目の直接記載は必須とせず、既存mappingを支えるCURRENT公式category ruleから判定。 collector_status=NO_ITEM_MATCH_IN_FETCHED_OFFICIAL_SOURCES
M015,I014,OFFICIAL_RULE_DERIVED,C-M015-07,段ボール,S-M015-02,p10-11 資源・段ボール,FALSE,CATEGORY_SUPPORTED,品目の直接記載は必須とせず、既存mappingを支えるCURRENT公式category ruleから判定。 collector_status=NO_ITEM_MATCH_IN_FETCHED_OFFICIAL_SOURCES
M015,I015,OFFICIAL_RULE_DERIVED,C-M015-06,雑誌・雑がみ,S-M015-02,p10-11 資源・雑誌・雑がみ,FALSE,CATEGORY_SUPPORTED,品目の直接記載は必須とせず、既存mappingを支えるCURRENT公式category ruleから判定。 collector_status=NO_ITEM_MATCH_IN_FETCHED_OFFICIAL_SOURCES
M015,I016,UNRESOLVED,,,,,FALSE,UNRESOLVED,直接記載・公式rule由来mapping・一意な一般則categoryのいずれでも決定できない。 collector_status=NO_ITEM_MATCH_IN_FETCHED_OFFICIAL_SOURCES
M015,I017,OFFICIAL_RULE_DERIVED,C-M015-08,紙パック,S-M015-02,p10-11 資源・紙パック,TRUE,CATEGORY_SUPPORTED_CONDITION_REVIEW_REQUIRED,品目の直接記載は必須とせず、既存mappingを支えるCURRENT公式category ruleから判定。 collector_status=NO_ITEM_MATCH_IN_FETCHED_OFFICIAL_SOURCES
M015,I018,OFFICIAL_RULE_DERIVED,C-M015-01,燃やすごみ,S-M015-02,p6 燃やすごみ,FALSE,CATEGORY_SUPPORTED,品目の直接記載は必須とせず、既存mappingを支えるCURRENT公式category ruleから判定。 collector_status=NO_ITEM_MATCH_IN_FETCHED_OFFICIAL_SOURCES
M015,I019,GENERAL_RULE_DERIVED,C-M015-01,燃やすごみ,S-M015-02,p6 燃やすごみ,FALSE,CATEGORY_SUPPORTED,個別記載・既存mappingなし。一般的な材質/用途ルールと一意のCURRENT公式categoryが一致。 collector_status=NO_ITEM_MATCH_IN_FETCHED_OFFICIAL_SOURCES
M015,I020,GENERAL_RULE_DERIVED,C-M015-01,燃やすごみ,S-M015-02,p6 燃やすごみ,FALSE,CATEGORY_SUPPORTED,個別記載・既存mappingなし。一般的な材質/用途ルールと一意のCURRENT公式categoryが一致。 collector_status=NO_ITEM_MATCH_IN_FETCHED_OFFICIAL_SOURCES
M015,I021,UNRESOLVED,,,,,FALSE,UNRESOLVED,直接記載・公式rule由来mapping・一意な一般則categoryのいずれでも決定できない。 collector_status=NO_ITEM_MATCH_IN_FETCHED_OFFICIAL_SOURCES
M015,I022,UNRESOLVED,,,,,TRUE,UNRESOLVED,直接記載・公式rule由来mapping・一意な一般則categoryのいずれでも決定できない。 collector_status=NO_ITEM_MATCH_IN_FETCHED_OFFICIAL_SOURCES
M015,I023,OFFICIAL_RULE_DERIVED,C-M015-02,燃やさないごみ,S-M015-02,p7 燃やさないごみ,FALSE,CATEGORY_SUPPORTED,品目の直接記載は必須とせず、既存mappingを支えるCURRENT公式category ruleから判定。 collector_status=NO_ITEM_MATCH_IN_FETCHED_OFFICIAL_SOURCES
M015,I024,GENERAL_RULE_DERIVED,C-M015-02,燃やさないごみ,S-M015-02,p7 燃やさないごみ,FALSE,CATEGORY_SUPPORTED,個別記載・既存mappingなし。一般的な材質/用途ルールと一意のCURRENT公式categoryが一致。 collector_status=NO_ITEM_MATCH_IN_FETCHED_OFFICIAL_SOURCES
M015,I025,UNRESOLVED,,,,,TRUE,UNRESOLVED,直接記載・公式rule由来mapping・一意な一般則categoryのいずれでも決定できない。 collector_status=NO_ITEM_MATCH_IN_FETCHED_OFFICIAL_SOURCES
M015,I026,UNRESOLVED,,,,,TRUE,UNRESOLVED,直接記載・公式rule由来mapping・一意な一般則categoryのいずれでも決定できない。 collector_status=NO_ITEM_MATCH_IN_FETCHED_OFFICIAL_SOURCES
M015,I027,OFFICIAL_RULE_DERIVED,C-M015-14,拠点回収,S-M015-02,p12-13 拠点回収,TRUE,CATEGORY_SUPPORTED_CONDITION_REVIEW_REQUIRED,品目の直接記載は必須とせず、既存mappingを支えるCURRENT公式category ruleから判定。 collector_status=NO_ITEM_MATCH_IN_FETCHED_OFFICIAL_SOURCES
M015,I028,UNRESOLVED,,,,,TRUE,UNRESOLVED,直接記載・公式rule由来mapping・一意な一般則categoryのいずれでも決定できない。 collector_status=NO_ITEM_MATCH_IN_FETCHED_OFFICIAL_SOURCES
M015,I029,UNRESOLVED,,,,,TRUE,UNRESOLVED,直接記載・公式rule由来mapping・一意な一般則categoryのいずれでも決定できない。 collector_status=NO_ITEM_MATCH_IN_FETCHED_OFFICIAL_SOURCES
M015,I030,OFFICIAL_RULE_DERIVED,C-M015-14,拠点回収,S-M015-02,p12-13 拠点回収,TRUE,CATEGORY_SUPPORTED_CONDITION_REVIEW_REQUIRED,品目の直接記載は必須とせず、既存mappingを支えるCURRENT公式category ruleから判定。 collector_status=NO_ITEM_MATCH_IN_FETCHED_OFFICIAL_SOURCES
M015,I031,UNRESOLVED,,,,,TRUE,UNRESOLVED,直接記載・公式rule由来mapping・一意な一般則categoryのいずれでも決定できない。 collector_status=NO_ITEM_MATCH_IN_FETCHED_OFFICIAL_SOURCES
M015,I032,OFFICIAL_RULE_DERIVED,C-M015-13,スプレー缶・カセットボンベ,S-M015-02,p10-11 資源・スプレー缶・カセットボンベ,TRUE,CATEGORY_SUPPORTED_CONDITION_REVIEW_REQUIRED,品目の直接記載は必須とせず、既存mappingを支えるCURRENT公式category ruleから判定。 collector_status=NO_ITEM_MATCH_IN_FETCHED_OFFICIAL_SOURCES
M015,I033,UNRESOLVED,,,,,TRUE,UNRESOLVED,直接記載・公式rule由来mapping・一意な一般則categoryのいずれでも決定できない。 collector_status=NO_ITEM_MATCH_IN_FETCHED_OFFICIAL_SOURCES
M015,I034,OFFICIAL_RULE_DERIVED,C-M015-02|C-M015-14,燃やさないごみ|拠点回収,S-M015-02,p7 燃やさないごみ|p12-13 拠点回収,TRUE,CATEGORY_SUPPORTED_CONDITION_REVIEW_REQUIRED,品目の直接記載は必須とせず、既存mappingを支えるCURRENT公式category ruleから判定。 collector_status=NO_ITEM_MATCH_IN_FETCHED_OFFICIAL_SOURCES
M015,I035,UNRESOLVED,,,,,TRUE,UNRESOLVED,直接記載・公式rule由来mapping・一意な一般則categoryのいずれでも決定できない。 collector_status=NO_ITEM_MATCH_IN_FETCHED_OFFICIAL_SOURCES
M015,I036,UNRESOLVED,,,,,TRUE,UNRESOLVED,直接記載・公式rule由来mapping・一意な一般則categoryのいずれでも決定できない。 collector_status=NO_ITEM_MATCH_IN_FETCHED_OFFICIAL_SOURCES
M015,I037,UNRESOLVED,,,,,TRUE,UNRESOLVED,既存mappingの全branchをCURRENT公式category ruleで裏付けられないため未解決。 collector_status=NO_ITEM_MATCH_IN_FETCHED_OFFICIAL_SOURCES
M015,I038,UNRESOLVED,,,,,TRUE,UNRESOLVED,既存mappingの全branchをCURRENT公式category ruleで裏付けられないため未解決。 collector_status=NO_ITEM_MATCH_IN_FETCHED_OFFICIAL_SOURCES
M015,I039,OFFICIAL_RULE_DERIVED,C-M015-14,拠点回収,S-M015-02,p12-13 拠点回収,TRUE,CATEGORY_SUPPORTED_CONDITION_REVIEW_REQUIRED,品目の直接記載は必須とせず、既存mappingを支えるCURRENT公式category ruleから判定。 collector_status=NO_ITEM_MATCH_IN_FETCHED_OFFICIAL_SOURCES
M015,I040,UNRESOLVED,,,,,TRUE,UNRESOLVED,直接記載・公式rule由来mapping・一意な一般則categoryのいずれでも決定できない。 collector_status=NO_ITEM_MATCH_IN_FETCHED_OFFICIAL_SOURCES
M016,I001,DIRECT_ITEM,C-M016-03,ペットボトル,S-M016-02,text-match:ペットボトル + ペットボトル,FALSE,CATEGORY_SUPPORTED,全既存branchで公式資料中の品目表記とcategoryの直接候補あり。 collector_status=ALL_EXISTING_BRANCHES_HAVE_DIRECT_CANDIDATE
M016,I002,UNRESOLVED,,,,,TRUE,UNRESOLVED,直接記載・公式rule由来mapping・一意な一般則categoryのいずれでも決定できない。 collector_status=NO_ITEM_MATCH_IN_FETCHED_OFFICIAL_SOURCES
M016,I003,UNRESOLVED,,,,,TRUE,UNRESOLVED,直接記載・公式rule由来mapping・一意な一般則categoryのいずれでも決定できない。 collector_status=AMBIGUOUS_CATEGORY_CANDIDATES
M016,I004,UNRESOLVED,,,,,FALSE,UNRESOLVED,直接記載・公式rule由来mapping・一意な一般則categoryのいずれでも決定できない。 collector_status=NO_ITEM_MATCH_IN_FETCHED_OFFICIAL_SOURCES
M016,I005,UNRESOLVED,,,,,FALSE,UNRESOLVED,直接記載・公式rule由来mapping・一意な一般則categoryのいずれでも決定できない。 collector_status=NO_ITEM_MATCH_IN_FETCHED_OFFICIAL_SOURCES
M016,I006,OFFICIAL_RULE_DERIVED,C-M016-02,びん・缶、金物類,S-M016-02,P1-P4 びん・缶、金物類,TRUE,CATEGORY_SUPPORTED_CONDITION_REVIEW_REQUIRED,品目の直接記載は必須とせず、既存mappingを支えるCURRENT公式category ruleから判定。 collector_status=ITEM_MATCH_WITHOUT_CATEGORY
M016,I007,UNRESOLVED,,,,,TRUE,UNRESOLVED,直接記載・公式rule由来mapping・一意な一般則categoryのいずれでも決定できない。 collector_status=NO_ITEM_MATCH_IN_FETCHED_OFFICIAL_SOURCES
M016,I008,UNRESOLVED,,,,,TRUE,UNRESOLVED,直接記載・公式rule由来mapping・一意な一般則categoryのいずれでも決定できない。 collector_status=NO_ITEM_MATCH_IN_FETCHED_OFFICIAL_SOURCES
M016,I009,GENERAL_RULE_DERIVED,C-M016-04,プラスチック製容器包装,S-M016-03,P5-P8 プラスチック製容器包装,TRUE,CATEGORY_SUPPORTED_CONDITION_REVIEW_REQUIRED,個別記載・既存mappingなし。一般的な材質/用途ルールと一意のCURRENT公式categoryが一致。 collector_status=NO_ITEM_MATCH_IN_FETCHED_OFFICIAL_SOURCES
M016,I010,GENERAL_RULE_DERIVED,C-M016-04,プラスチック製容器包装,S-M016-03,P5-P8 プラスチック製容器包装,TRUE,CATEGORY_SUPPORTED_CONDITION_REVIEW_REQUIRED,個別記載・既存mappingなし。一般的な材質/用途ルールと一意のCURRENT公式categoryが一致。 collector_status=NO_ITEM_MATCH_IN_FETCHED_OFFICIAL_SOURCES
M016,I011,GENERAL_RULE_DERIVED,C-M016-04,プラスチック製容器包装,S-M016-03,P5-P8 プラスチック製容器包装,TRUE,CATEGORY_SUPPORTED_CONDITION_REVIEW_REQUIRED,個別記載・既存mappingなし。一般的な材質/用途ルールと一意のCURRENT公式categoryが一致。 collector_status=AMBIGUOUS_CATEGORY_CANDIDATES
M016,I012,GENERAL_RULE_DERIVED,C-M016-04,プラスチック製容器包装,S-M016-03,P5-P8 プラスチック製容器包装,TRUE,CATEGORY_SUPPORTED_CONDITION_REVIEW_REQUIRED,個別記載・既存mappingなし。一般的な材質/用途ルールと一意のCURRENT公式categoryが一致。 collector_status=AMBIGUOUS_CATEGORY_CANDIDATES
M016,I013,DIRECT_ITEM,C-M016-10,新聞紙,S-M016-02,text-match:新聞 + 新聞紙,FALSE,CATEGORY_SUPPORTED,全既存branchで公式資料中の品目表記とcategoryの直接候補あり。 collector_status=ALL_EXISTING_BRANCHES_HAVE_DIRECT_CANDIDATE
M016,I014,DIRECT_ITEM,C-M016-12,段ボール,S-M016-02,text-match:段ボール + 段ボール,FALSE,CATEGORY_SUPPORTED,全既存branchで公式資料中の品目表記とcategoryの直接候補あり。 collector_status=ALL_EXISTING_BRANCHES_HAVE_DIRECT_CANDIDATE
M016,I015,DIRECT_ITEM,C-M016-11,雑誌,S-M016-02,text-match:雑誌 + 雑誌,FALSE,CATEGORY_SUPPORTED,全既存branchで公式資料中の品目表記とcategoryの直接候補あり。 collector_status=ALL_EXISTING_BRANCHES_HAVE_DIRECT_CANDIDATE
M016,I016,UNRESOLVED,,,,,FALSE,UNRESOLVED,直接記載・公式rule由来mapping・一意な一般則categoryのいずれでも決定できない。 collector_status=NO_ITEM_MATCH_IN_FETCHED_OFFICIAL_SOURCES
M016,I017,DIRECT_ITEM,C-M016-13,紙パック,S-M016-02,text-match:紙パック + 紙パック,TRUE,CATEGORY_SUPPORTED_CONDITION_REVIEW_REQUIRED,全既存branchで公式資料中の品目表記とcategoryの直接候補あり。 collector_status=ALL_EXISTING_BRANCHES_HAVE_DIRECT_CANDIDATE
M016,I018,OFFICIAL_RULE_DERIVED,C-M016-01,燃せるごみ,S-M016-02,P1-P4 燃せるごみ,FALSE,CATEGORY_SUPPORTED,品目の直接記載は必須とせず、既存mappingを支えるCURRENT公式category ruleから判定。 collector_status=NO_ITEM_MATCH_IN_FETCHED_OFFICIAL_SOURCES
M016,I019,UNRESOLVED,,,,,FALSE,UNRESOLVED,直接記載・公式rule由来mapping・一意な一般則categoryのいずれでも決定できない。 collector_status=NO_ITEM_MATCH_IN_FETCHED_OFFICIAL_SOURCES
M016,I020,UNRESOLVED,,,,,FALSE,UNRESOLVED,直接記載・公式rule由来mapping・一意な一般則categoryのいずれでも決定できない。 collector_status=NO_ITEM_MATCH_IN_FETCHED_OFFICIAL_SOURCES
M016,I021,DIRECT_ITEM,C-M016-06,古着・古布,S-M016-06,text-match:古着 + 古着・古布,FALSE,CATEGORY_SUPPORTED,全既存branchで公式資料中の品目表記とcategoryの直接候補あり。 collector_status=ALL_EXISTING_BRANCHES_HAVE_DIRECT_CANDIDATE
M016,I022,UNRESOLVED,,,,,TRUE,UNRESOLVED,直接記載・公式rule由来mapping・一意な一般則categoryのいずれでも決定できない。 collector_status=NO_ITEM_MATCH_IN_FETCHED_OFFICIAL_SOURCES
M016,I023,OFFICIAL_RULE_DERIVED,C-M016-05,不燃ごみ,S-M016-03,P5-P8 不燃ごみ,FALSE,CATEGORY_SUPPORTED,品目の直接記載は必須とせず、既存mappingを支えるCURRENT公式category ruleから判定。 collector_status=NO_ITEM_MATCH_IN_FETCHED_OFFICIAL_SOURCES
M016,I024,GENERAL_RULE_DERIVED,C-M016-05,不燃ごみ,S-M016-03,P5-P8 不燃ごみ,FALSE,CATEGORY_SUPPORTED,個別記載・既存mappingなし。一般的な材質/用途ルールと一意のCURRENT公式categoryが一致。 collector_status=NO_ITEM_MATCH_IN_FETCHED_OFFICIAL_SOURCES
M016,I025,UNRESOLVED,,,,,TRUE,UNRESOLVED,直接記載・公式rule由来mapping・一意な一般則categoryのいずれでも決定できない。 collector_status=NO_ITEM_MATCH_IN_FETCHED_OFFICIAL_SOURCES
M016,I026,UNRESOLVED,,,,,TRUE,UNRESOLVED,直接記載・公式rule由来mapping・一意な一般則categoryのいずれでも決定できない。 collector_status=NO_ITEM_MATCH_IN_FETCHED_OFFICIAL_SOURCES
M016,I027,DIRECT_ITEM,C-M016-17,乾電池,S-M016-02,text-match:乾電池 + 乾電池,TRUE,CATEGORY_SUPPORTED_CONDITION_REVIEW_REQUIRED,全既存branchで公式資料中の品目表記とcategoryの直接候補あり。 collector_status=ALL_EXISTING_BRANCHES_HAVE_DIRECT_CANDIDATE
M016,I028,UNRESOLVED,,,,,TRUE,UNRESOLVED,直接記載・公式rule由来mapping・一意な一般則categoryのいずれでも決定できない。 collector_status=NO_ITEM_MATCH_IN_FETCHED_OFFICIAL_SOURCES
M016,I029,UNRESOLVED,,,,,TRUE,UNRESOLVED,直接記載・公式rule由来mapping・一意な一般則categoryのいずれでも決定できない。 collector_status=NO_ITEM_MATCH_IN_FETCHED_OFFICIAL_SOURCES
M016,I030,DIRECT_ITEM,C-M016-07,蛍光管類,S-M016-02,text-match:蛍光管 + 蛍光管類,TRUE,CATEGORY_SUPPORTED_CONDITION_REVIEW_REQUIRED,全既存branchで公式資料中の品目表記とcategoryの直接候補あり。 collector_status=ALL_EXISTING_BRANCHES_HAVE_DIRECT_CANDIDATE
M016,I031,UNRESOLVED,,,,,TRUE,UNRESOLVED,直接記載・公式rule由来mapping・一意な一般則categoryのいずれでも決定できない。 collector_status=NO_ITEM_MATCH_IN_FETCHED_OFFICIAL_SOURCES
M016,I032,UNRESOLVED,,,,,TRUE,UNRESOLVED,直接記載・公式rule由来mapping・一意な一般則categoryのいずれでも決定できない。 collector_status=NO_ITEM_MATCH_IN_FETCHED_OFFICIAL_SOURCES
M016,I033,UNRESOLVED,,,,,TRUE,UNRESOLVED,直接記載・公式rule由来mapping・一意な一般則categoryのいずれでも決定できない。 collector_status=NO_ITEM_MATCH_IN_FETCHED_OFFICIAL_SOURCES
M016,I034,OFFICIAL_RULE_DERIVED,C-M016-16,使用済小型家電,S-M016-06,P16-P18 使用済小型家電,TRUE,CATEGORY_SUPPORTED_CONDITION_REVIEW_REQUIRED,品目の直接記載は必須とせず、既存mappingを支えるCURRENT公式category ruleから判定。 collector_status=AMBIGUOUS_CATEGORY_CANDIDATES
M016,I035,UNRESOLVED,,,,,TRUE,UNRESOLVED,直接記載・公式rule由来mapping・一意な一般則categoryのいずれでも決定できない。 collector_status=NO_ITEM_MATCH_IN_FETCHED_OFFICIAL_SOURCES
M016,I036,UNRESOLVED,,,,,TRUE,UNRESOLVED,直接記載・公式rule由来mapping・一意な一般則categoryのいずれでも決定できない。 collector_status=ONE_INFERRED_CATEGORY_CANDIDATE
M016,I037,UNRESOLVED,,,,,TRUE,UNRESOLVED,既存mappingの全branchをCURRENT公式category ruleで裏付けられないため未解決。 collector_status=NO_ITEM_MATCH_IN_FETCHED_OFFICIAL_SOURCES
M016,I038,UNRESOLVED,,,,,TRUE,UNRESOLVED,既存mappingの全branchをCURRENT公式category ruleで裏付けられないため未解決。 collector_status=AMBIGUOUS_CATEGORY_CANDIDATES
M016,I039,UNRESOLVED,,,,,TRUE,UNRESOLVED,直接記載・公式rule由来mapping・一意な一般則categoryのいずれでも決定できない。 collector_status=AMBIGUOUS_CATEGORY_CANDIDATES
M016,I040,DIRECT_ITEM,C-M016-09,枝木・草葉類,S-M016-06,text-match:枝木 + 枝木・草葉類,TRUE,CATEGORY_SUPPORTED_CONDITION_REVIEW_REQUIRED,全既存branchで公式資料中の品目表記とcategoryの直接候補あり。 collector_status=ALL_EXISTING_BRANCHES_HAVE_DIRECT_CANDIDATE
M017,I001,OFFICIAL_RULE_DERIVED,C-M017-05,ペットボトル,S-M017-02,資源・ペットボトル,FALSE,CATEGORY_SUPPORTED,品目の直接記載は必須とせず、既存mappingを支えるCURRENT公式category ruleから判定。 collector_status=NO_ITEM_MATCH_IN_FETCHED_OFFICIAL_SOURCES
M017,I002,UNRESOLVED,,,,,TRUE,UNRESOLVED,直接記載・公式rule由来mapping・一意な一般則categoryのいずれでも決定できない。 collector_status=NO_ITEM_MATCH_IN_FETCHED_OFFICIAL_SOURCES
M017,I003,UNRESOLVED,,,,,TRUE,UNRESOLVED,直接記載・公式rule由来mapping・一意な一般則categoryのいずれでも決定できない。 collector_status=NO_ITEM_MATCH_IN_FETCHED_OFFICIAL_SOURCES
M017,I004,OFFICIAL_RULE_DERIVED,C-M017-07,飲食用缶,S-M017-02,資源・飲食用缶,FALSE,CATEGORY_SUPPORTED,品目の直接記載は必須とせず、既存mappingを支えるCURRENT公式category ruleから判定。 collector_status=NO_ITEM_MATCH_IN_FETCHED_OFFICIAL_SOURCES
M017,I005,OFFICIAL_RULE_DERIVED,C-M017-07,飲食用缶,S-M017-02,資源・飲食用缶,FALSE,CATEGORY_SUPPORTED,品目の直接記載は必須とせず、既存mappingを支えるCURRENT公式category ruleから判定。 collector_status=NO_ITEM_MATCH_IN_FETCHED_OFFICIAL_SOURCES
M017,I006,OFFICIAL_RULE_DERIVED,C-M017-06,飲食用・化粧品びん,S-M017-02,資源・飲食用・化粧品びん,TRUE,CATEGORY_SUPPORTED_CONDITION_REVIEW_REQUIRED,品目の直接記載は必須とせず、既存mappingを支えるCURRENT公式category ruleから判定。 collector_status=NO_ITEM_MATCH_IN_FETCHED_OFFICIAL_SOURCES
M017,I007,UNRESOLVED,,,,,TRUE,UNRESOLVED,直接記載・公式rule由来mapping・一意な一般則categoryのいずれでも決定できない。 collector_status=NO_ITEM_MATCH_IN_FETCHED_OFFICIAL_SOURCES
M017,I008,UNRESOLVED,,,,,TRUE,UNRESOLVED,直接記載・公式rule由来mapping・一意な一般則categoryのいずれでも決定できない。 collector_status=NO_ITEM_MATCH_IN_FETCHED_OFFICIAL_SOURCES
M017,I009,GENERAL_RULE_DERIVED,C-M017-04,プラマーク容器包装,S-M017-02,資源・プラマーク容器包装,TRUE,CATEGORY_SUPPORTED_CONDITION_REVIEW_REQUIRED,個別記載・既存mappingなし。一般的な材質/用途ルールと一意のCURRENT公式categoryが一致。 collector_status=NO_ITEM_MATCH_IN_FETCHED_OFFICIAL_SOURCES
M017,I010,GENERAL_RULE_DERIVED,C-M017-04,プラマーク容器包装,S-M017-02,資源・プラマーク容器包装,TRUE,CATEGORY_SUPPORTED_CONDITION_REVIEW_REQUIRED,個別記載・既存mappingなし。一般的な材質/用途ルールと一意のCURRENT公式categoryが一致。 collector_status=NO_ITEM_MATCH_IN_FETCHED_OFFICIAL_SOURCES
M017,I011,GENERAL_RULE_DERIVED,C-M017-04,プラマーク容器包装,S-M017-02,資源・プラマーク容器包装,TRUE,CATEGORY_SUPPORTED_CONDITION_REVIEW_REQUIRED,個別記載・既存mappingなし。一般的な材質/用途ルールと一意のCURRENT公式categoryが一致。 collector_status=NO_ITEM_MATCH_IN_FETCHED_OFFICIAL_SOURCES
M017,I012,GENERAL_RULE_DERIVED,C-M017-04,プラマーク容器包装,S-M017-02,資源・プラマーク容器包装,TRUE,CATEGORY_SUPPORTED_CONDITION_REVIEW_REQUIRED,個別記載・既存mappingなし。一般的な材質/用途ルールと一意のCURRENT公式categoryが一致。 collector_status=NO_ITEM_MATCH_IN_FETCHED_OFFICIAL_SOURCES
M017,I013,OFFICIAL_RULE_DERIVED,C-M017-11,新聞,S-M017-02,古紙類・新聞,FALSE,CATEGORY_SUPPORTED,品目の直接記載は必須とせず、既存mappingを支えるCURRENT公式category ruleから判定。 collector_status=NO_ITEM_MATCH_IN_FETCHED_OFFICIAL_SOURCES
M017,I014,OFFICIAL_RULE_DERIVED,C-M017-13,段ボール,S-M017-02,古紙類・段ボール,FALSE,CATEGORY_SUPPORTED,品目の直接記載は必須とせず、既存mappingを支えるCURRENT公式category ruleから判定。 collector_status=NO_ITEM_MATCH_IN_FETCHED_OFFICIAL_SOURCES
M017,I015,OFFICIAL_RULE_DERIVED,C-M017-12,雑誌・雑がみ,S-M017-02,古紙類・雑誌・雑がみ,FALSE,CATEGORY_SUPPORTED,品目の直接記載は必須とせず、既存mappingを支えるCURRENT公式category ruleから判定。 collector_status=NO_ITEM_MATCH_IN_FETCHED_OFFICIAL_SOURCES
M017,I016,UNRESOLVED,,,,,FALSE,UNRESOLVED,直接記載・公式rule由来mapping・一意な一般則categoryのいずれでも決定できない。 collector_status=NO_ITEM_MATCH_IN_FETCHED_OFFICIAL_SOURCES
M017,I017,OFFICIAL_RULE_DERIVED,C-M017-14,紙パック,S-M017-02,古紙類・紙パック,TRUE,CATEGORY_SUPPORTED_CONDITION_REVIEW_REQUIRED,品目の直接記載は必須とせず、既存mappingを支えるCURRENT公式category ruleから判定。 collector_status=NO_ITEM_MATCH_IN_FETCHED_OFFICIAL_SOURCES
M017,I018,OFFICIAL_RULE_DERIVED,C-M017-01,燃やすごみ,S-M017-02,燃やすごみ 見出し,TRUE,CATEGORY_SUPPORTED_CONDITION_REVIEW_REQUIRED,品目の直接記載は必須とせず、既存mappingを支えるCURRENT公式category ruleから判定。 collector_status=NO_ITEM_MATCH_IN_FETCHED_OFFICIAL_SOURCES
M017,I019,GENERAL_RULE_DERIVED,C-M017-01,燃やすごみ,S-M017-02,燃やすごみ 見出し,TRUE,CATEGORY_SUPPORTED_CONDITION_REVIEW_REQUIRED,個別記載・既存mappingなし。一般的な材質/用途ルールと一意のCURRENT公式categoryが一致。 collector_status=NO_ITEM_MATCH_IN_FETCHED_OFFICIAL_SOURCES
M017,I020,GENERAL_RULE_DERIVED,C-M017-01,燃やすごみ,S-M017-02,燃やすごみ 見出し,TRUE,CATEGORY_SUPPORTED_CONDITION_REVIEW_REQUIRED,個別記載・既存mappingなし。一般的な材質/用途ルールと一意のCURRENT公式categoryが一致。 collector_status=NO_ITEM_MATCH_IN_FETCHED_OFFICIAL_SOURCES
M017,I021,UNRESOLVED,,,,,FALSE,UNRESOLVED,直接記載・公式rule由来mapping・一意な一般則categoryのいずれでも決定できない。 collector_status=NO_ITEM_MATCH_IN_FETCHED_OFFICIAL_SOURCES
M017,I022,UNRESOLVED,,,,,TRUE,UNRESOLVED,直接記載・公式rule由来mapping・一意な一般則categoryのいずれでも決定できない。 collector_status=NO_ITEM_MATCH_IN_FETCHED_OFFICIAL_SOURCES
M017,I023,OFFICIAL_RULE_DERIVED,C-M017-02,燃やさないごみ,S-M017-02,燃やさないごみ 見出し,TRUE,CATEGORY_SUPPORTED_CONDITION_REVIEW_REQUIRED,品目の直接記載は必須とせず、既存mappingを支えるCURRENT公式category ruleから判定。 collector_status=NO_ITEM_MATCH_IN_FETCHED_OFFICIAL_SOURCES
M017,I024,GENERAL_RULE_DERIVED,C-M017-02,燃やさないごみ,S-M017-02,燃やさないごみ 見出し,TRUE,CATEGORY_SUPPORTED_CONDITION_REVIEW_REQUIRED,個別記載・既存mappingなし。一般的な材質/用途ルールと一意のCURRENT公式categoryが一致。 collector_status=NO_ITEM_MATCH_IN_FETCHED_OFFICIAL_SOURCES
M017,I025,UNRESOLVED,,,,,TRUE,UNRESOLVED,直接記載・公式rule由来mapping・一意な一般則categoryのいずれでも決定できない。 collector_status=NO_ITEM_MATCH_IN_FETCHED_OFFICIAL_SOURCES
M017,I026,UNRESOLVED,,,,,TRUE,UNRESOLVED,直接記載・公式rule由来mapping・一意な一般則categoryのいずれでも決定できない。 collector_status=NO_ITEM_MATCH_IN_FETCHED_OFFICIAL_SOURCES
M017,I027,OFFICIAL_RULE_DERIVED,C-M017-09,特定5品目,S-M017-02,資源・特定5品目,TRUE,CATEGORY_SUPPORTED_CONDITION_REVIEW_REQUIRED,品目の直接記載は必須とせず、既存mappingを支えるCURRENT公式category ruleから判定。 collector_status=NO_ITEM_MATCH_IN_FETCHED_OFFICIAL_SOURCES
M017,I028,UNRESOLVED,,,,,TRUE,UNRESOLVED,直接記載・公式rule由来mapping・一意な一般則categoryのいずれでも決定できない。 collector_status=NO_ITEM_MATCH_IN_FETCHED_OFFICIAL_SOURCES
M017,I029,UNRESOLVED,,,,,TRUE,UNRESOLVED,直接記載・公式rule由来mapping・一意な一般則categoryのいずれでも決定できない。 collector_status=NO_ITEM_MATCH_IN_FETCHED_OFFICIAL_SOURCES
M017,I030,OFFICIAL_RULE_DERIVED,C-M017-09,特定5品目,S-M017-02,資源・特定5品目,TRUE,CATEGORY_SUPPORTED_CONDITION_REVIEW_REQUIRED,品目の直接記載は必須とせず、既存mappingを支えるCURRENT公式category ruleから判定。 collector_status=NO_ITEM_MATCH_IN_FETCHED_OFFICIAL_SOURCES
M017,I031,UNRESOLVED,,,,,TRUE,UNRESOLVED,直接記載・公式rule由来mapping・一意な一般則categoryのいずれでも決定できない。 collector_status=NO_ITEM_MATCH_IN_FETCHED_OFFICIAL_SOURCES
M017,I032,OFFICIAL_RULE_DERIVED,C-M017-09,特定5品目,S-M017-02,資源・特定5品目,TRUE,CATEGORY_SUPPORTED_CONDITION_REVIEW_REQUIRED,品目の直接記載は必須とせず、既存mappingを支えるCURRENT公式category ruleから判定。 collector_status=NO_ITEM_MATCH_IN_FETCHED_OFFICIAL_SOURCES
M017,I033,OFFICIAL_RULE_DERIVED,C-M017-09,特定5品目,S-M017-02,資源・特定5品目,TRUE,CATEGORY_SUPPORTED_CONDITION_REVIEW_REQUIRED,品目の直接記載は必須とせず、既存mappingを支えるCURRENT公式category ruleから判定。 collector_status=NO_ITEM_MATCH_IN_FETCHED_OFFICIAL_SOURCES
M017,I034,OFFICIAL_RULE_DERIVED,C-M017-02,燃やさないごみ,S-M017-02,燃やさないごみ 見出し,TRUE,CATEGORY_SUPPORTED_CONDITION_REVIEW_REQUIRED,品目の直接記載は必須とせず、既存mappingを支えるCURRENT公式category ruleから判定。 collector_status=NO_ITEM_MATCH_IN_FETCHED_OFFICIAL_SOURCES
M017,I035,UNRESOLVED,,,,,TRUE,UNRESOLVED,直接記載・公式rule由来mapping・一意な一般則categoryのいずれでも決定できない。 collector_status=NO_ITEM_MATCH_IN_FETCHED_OFFICIAL_SOURCES
M017,I036,UNRESOLVED,,,,,TRUE,UNRESOLVED,直接記載・公式rule由来mapping・一意な一般則categoryのいずれでも決定できない。 collector_status=NO_ITEM_MATCH_IN_FETCHED_OFFICIAL_SOURCES
M017,I037,UNRESOLVED,,,,,TRUE,UNRESOLVED,既存mappingの全branchをCURRENT公式category ruleで裏付けられないため未解決。 collector_status=NO_ITEM_MATCH_IN_FETCHED_OFFICIAL_SOURCES
M017,I038,UNRESOLVED,,,,,TRUE,UNRESOLVED,既存mappingの全branchをCURRENT公式category ruleで裏付けられないため未解決。 collector_status=NO_ITEM_MATCH_IN_FETCHED_OFFICIAL_SOURCES
M017,I039,UNRESOLVED,,,,,TRUE,UNRESOLVED,直接記載・公式rule由来mapping・一意な一般則categoryのいずれでも決定できない。 collector_status=NO_ITEM_MATCH_IN_FETCHED_OFFICIAL_SOURCES
M017,I040,OFFICIAL_RULE_DERIVED,C-M017-08,枝葉・草,S-M017-02,資源・枝葉・草,TRUE,CATEGORY_SUPPORTED_CONDITION_REVIEW_REQUIRED,品目の直接記載は必須とせず、既存mappingを支えるCURRENT公式category ruleから判定。 collector_status=NO_ITEM_MATCH_IN_FETCHED_OFFICIAL_SOURCES
M018,I001,DIRECT_ITEM,C-M018-04,ペットボトル,S-M018-01,text-match:ペットボトル + ペットボトル,FALSE,CATEGORY_SUPPORTED,全既存branchで公式資料中の品目表記とcategoryの直接候補あり。 collector_status=ALL_EXISTING_BRANCHES_HAVE_DIRECT_CANDIDATE
M018,I002,UNRESOLVED,,,,,TRUE,UNRESOLVED,直接記載・公式rule由来mapping・一意な一般則categoryのいずれでも決定できない。 collector_status=NO_ITEM_MATCH_IN_FETCHED_OFFICIAL_SOURCES
M018,I003,UNRESOLVED,,,,,TRUE,UNRESOLVED,直接記載・公式rule由来mapping・一意な一般則categoryのいずれでも決定できない。 collector_status=NO_ITEM_MATCH_IN_FETCHED_OFFICIAL_SOURCES
M018,I004,OFFICIAL_RULE_DERIVED,C-M018-05,空き缶,S-M018-01,空き缶の分け方・出し方,FALSE,CATEGORY_SUPPORTED,品目の直接記載は必須とせず、既存mappingを支えるCURRENT公式category ruleから判定。 collector_status=NO_ITEM_MATCH_IN_FETCHED_OFFICIAL_SOURCES
M018,I005,OFFICIAL_RULE_DERIVED,C-M018-05,空き缶,S-M018-01,空き缶の分け方・出し方,FALSE,CATEGORY_SUPPORTED,品目の直接記載は必須とせず、既存mappingを支えるCURRENT公式category ruleから判定。 collector_status=NO_ITEM_MATCH_IN_FETCHED_OFFICIAL_SOURCES
M018,I006,OFFICIAL_RULE_DERIVED,C-M018-02,あきびん,S-M018-01,あきびんの分け方・出し方,TRUE,CATEGORY_SUPPORTED_CONDITION_REVIEW_REQUIRED,品目の直接記載は必須とせず、既存mappingを支えるCURRENT公式category ruleから判定。 collector_status=NO_ITEM_MATCH_IN_FETCHED_OFFICIAL_SOURCES
M018,I007,UNRESOLVED,,,,,TRUE,UNRESOLVED,直接記載・公式rule由来mapping・一意な一般則categoryのいずれでも決定できない。 collector_status=NO_ITEM_MATCH_IN_FETCHED_OFFICIAL_SOURCES
M018,I008,UNRESOLVED,,,,,TRUE,UNRESOLVED,直接記載・公式rule由来mapping・一意な一般則categoryのいずれでも決定できない。 collector_status=NO_ITEM_MATCH_IN_FETCHED_OFFICIAL_SOURCES
M018,I009,GENERAL_RULE_DERIVED,C-M018-06,プラスチック製容器包装,S-M018-01,プラスチック製容器包装の分け方・出し方,TRUE,CATEGORY_SUPPORTED_CONDITION_REVIEW_REQUIRED,個別記載・既存mappingなし。一般的な材質/用途ルールと一意のCURRENT公式categoryが一致。 collector_status=NO_ITEM_MATCH_IN_FETCHED_OFFICIAL_SOURCES
M018,I010,GENERAL_RULE_DERIVED,C-M018-06,プラスチック製容器包装,S-M018-01,プラスチック製容器包装の分け方・出し方,TRUE,CATEGORY_SUPPORTED_CONDITION_REVIEW_REQUIRED,個別記載・既存mappingなし。一般的な材質/用途ルールと一意のCURRENT公式categoryが一致。 collector_status=NO_ITEM_MATCH_IN_FETCHED_OFFICIAL_SOURCES
M018,I011,GENERAL_RULE_DERIVED,C-M018-06,プラスチック製容器包装,S-M018-01,プラスチック製容器包装の分け方・出し方,TRUE,CATEGORY_SUPPORTED_CONDITION_REVIEW_REQUIRED,個別記載・既存mappingなし。一般的な材質/用途ルールと一意のCURRENT公式categoryが一致。 collector_status=NO_ITEM_MATCH_IN_FETCHED_OFFICIAL_SOURCES
M018,I012,GENERAL_RULE_DERIVED,C-M018-06,プラスチック製容器包装,S-M018-01,プラスチック製容器包装の分け方・出し方,TRUE,CATEGORY_SUPPORTED_CONDITION_REVIEW_REQUIRED,個別記載・既存mappingなし。一般的な材質/用途ルールと一意のCURRENT公式categoryが一致。 collector_status=NO_ITEM_MATCH_IN_FETCHED_OFFICIAL_SOURCES
M018,I013,UNRESOLVED,,,,,FALSE,UNRESOLVED,直接記載・公式rule由来mapping・一意な一般則categoryのいずれでも決定できない。 collector_status=NO_ITEM_MATCH_IN_FETCHED_OFFICIAL_SOURCES
M018,I014,UNRESOLVED,,,,,FALSE,UNRESOLVED,直接記載・公式rule由来mapping・一意な一般則categoryのいずれでも決定できない。 collector_status=NO_ITEM_MATCH_IN_FETCHED_OFFICIAL_SOURCES
M018,I015,UNRESOLVED,,,,,FALSE,UNRESOLVED,直接記載・公式rule由来mapping・一意な一般則categoryのいずれでも決定できない。 collector_status=NO_ITEM_MATCH_IN_FETCHED_OFFICIAL_SOURCES
M018,I016,UNRESOLVED,,,,,FALSE,UNRESOLVED,直接記載・公式rule由来mapping・一意な一般則categoryのいずれでも決定できない。 collector_status=NO_ITEM_MATCH_IN_FETCHED_OFFICIAL_SOURCES
M018,I017,UNRESOLVED,,,,,TRUE,UNRESOLVED,直接記載・公式rule由来mapping・一意な一般則categoryのいずれでも決定できない。 collector_status=NO_ITEM_MATCH_IN_FETCHED_OFFICIAL_SOURCES
M018,I018,OFFICIAL_RULE_DERIVED,C-M018-01,可燃ごみ,S-M018-01,可燃ごみの分け方・出し方,FALSE,CATEGORY_SUPPORTED,品目の直接記載は必須とせず、既存mappingを支えるCURRENT公式category ruleから判定。 collector_status=NO_ITEM_MATCH_IN_FETCHED_OFFICIAL_SOURCES
M018,I019,GENERAL_RULE_DERIVED,C-M018-01,可燃ごみ,S-M018-01,可燃ごみの分け方・出し方,FALSE,CATEGORY_SUPPORTED,個別記載・既存mappingなし。一般的な材質/用途ルールと一意のCURRENT公式categoryが一致。 collector_status=AMBIGUOUS_CATEGORY_CANDIDATES
M018,I020,GENERAL_RULE_DERIVED,C-M018-01,可燃ごみ,S-M018-01,可燃ごみの分け方・出し方,FALSE,CATEGORY_SUPPORTED,個別記載・既存mappingなし。一般的な材質/用途ルールと一意のCURRENT公式categoryが一致。 collector_status=NO_ITEM_MATCH_IN_FETCHED_OFFICIAL_SOURCES
M018,I021,OFFICIAL_RULE_DERIVED,C-M018-08,美来の森・巣南集積場無料回収,S-M018-01,美来の森・巣南集積場無料回収,FALSE,CATEGORY_SUPPORTED,品目の直接記載は必須とせず、既存mappingを支えるCURRENT公式category ruleから判定。 collector_status=NO_ITEM_MATCH_IN_FETCHED_OFFICIAL_SOURCES
M018,I022,UNRESOLVED,,,,,TRUE,UNRESOLVED,直接記載・公式rule由来mapping・一意な一般則categoryのいずれでも決定できない。 collector_status=NO_ITEM_MATCH_IN_FETCHED_OFFICIAL_SOURCES
M018,I023,DIRECT_ITEM,C-M018-03,陶磁器類・ガラス類,S-M018-01,text-match:陶磁器 + 陶磁器類・ガラス類,FALSE,CATEGORY_SUPPORTED,全既存branchで公式資料中の品目表記とcategoryの直接候補あり。 collector_status=ALL_EXISTING_BRANCHES_HAVE_DIRECT_CANDIDATE
M018,I024,OFFICIAL_RULE_DERIVED,C-M018-03,陶磁器類・ガラス類,S-M018-01,陶磁器類・ガラス類の分け方・出し方,FALSE,CATEGORY_SUPPORTED,品目の直接記載は必須とせず、既存mappingを支えるCURRENT公式category ruleから判定。 collector_status=NO_ITEM_MATCH_IN_FETCHED_OFFICIAL_SOURCES
M018,I025,UNRESOLVED,,,,,TRUE,UNRESOLVED,直接記載・公式rule由来mapping・一意な一般則categoryのいずれでも決定できない。 collector_status=NO_ITEM_MATCH_IN_FETCHED_OFFICIAL_SOURCES
M018,I026,UNRESOLVED,,,,,TRUE,UNRESOLVED,直接記載・公式rule由来mapping・一意な一般則categoryのいずれでも決定できない。 collector_status=NO_ITEM_MATCH_IN_FETCHED_OFFICIAL_SOURCES
M018,I027,OFFICIAL_RULE_DERIVED,C-M018-07,庁舎回収・拠点回収,S-M018-01,庁舎回収・拠点回収,TRUE,CATEGORY_SUPPORTED_CONDITION_REVIEW_REQUIRED,品目の直接記載は必須とせず、既存mappingを支えるCURRENT公式category ruleから判定。 collector_status=NO_ITEM_MATCH_IN_FETCHED_OFFICIAL_SOURCES
M018,I028,UNRESOLVED,,,,,TRUE,UNRESOLVED,直接記載・公式rule由来mapping・一意な一般則categoryのいずれでも決定できない。 collector_status=NO_ITEM_MATCH_IN_FETCHED_OFFICIAL_SOURCES
M018,I029,UNRESOLVED,,,,,TRUE,UNRESOLVED,直接記載・公式rule由来mapping・一意な一般則categoryのいずれでも決定できない。 collector_status=NO_ITEM_MATCH_IN_FETCHED_OFFICIAL_SOURCES
M018,I030,OFFICIAL_RULE_DERIVED,C-M018-07,庁舎回収・拠点回収,S-M018-01,庁舎回収・拠点回収,TRUE,CATEGORY_SUPPORTED_CONDITION_REVIEW_REQUIRED,品目の直接記載は必須とせず、既存mappingを支えるCURRENT公式category ruleから判定。 collector_status=NO_ITEM_MATCH_IN_FETCHED_OFFICIAL_SOURCES
M018,I031,UNRESOLVED,,,,,TRUE,UNRESOLVED,直接記載・公式rule由来mapping・一意な一般則categoryのいずれでも決定できない。 collector_status=NO_ITEM_MATCH_IN_FETCHED_OFFICIAL_SOURCES
M018,I032,UNRESOLVED,,,,,TRUE,UNRESOLVED,直接記載・公式rule由来mapping・一意な一般則categoryのいずれでも決定できない。 collector_status=NO_ITEM_MATCH_IN_FETCHED_OFFICIAL_SOURCES
M018,I033,UNRESOLVED,,,,,TRUE,UNRESOLVED,直接記載・公式rule由来mapping・一意な一般則categoryのいずれでも決定できない。 collector_status=NO_ITEM_MATCH_IN_FETCHED_OFFICIAL_SOURCES
M018,I034,DIRECT_ITEM,C-M018-07,庁舎回収・拠点回収,S-M018-01,text-match:小型家電 + 庁舎回収・拠点回収,TRUE,CATEGORY_SUPPORTED_CONDITION_REVIEW_REQUIRED,全既存branchで公式資料中の品目表記とcategoryの直接候補あり。 collector_status=ALL_EXISTING_BRANCHES_HAVE_DIRECT_CANDIDATE
M018,I035,UNRESOLVED,,,,,TRUE,UNRESOLVED,直接記載・公式rule由来mapping・一意な一般則categoryのいずれでも決定できない。 collector_status=NO_ITEM_MATCH_IN_FETCHED_OFFICIAL_SOURCES
M018,I036,UNRESOLVED,,,,,TRUE,UNRESOLVED,直接記載・公式rule由来mapping・一意な一般則categoryのいずれでも決定できない。 collector_status=NO_ITEM_MATCH_IN_FETCHED_OFFICIAL_SOURCES
M018,I037,UNRESOLVED,,,,,TRUE,UNRESOLVED,既存mappingの全branchをCURRENT公式category ruleで裏付けられないため未解決。 collector_status=AMBIGUOUS_CATEGORY_CANDIDATES
M018,I038,UNRESOLVED,,,,,TRUE,UNRESOLVED,既存mappingの全branchをCURRENT公式category ruleで裏付けられないため未解決。 collector_status=AMBIGUOUS_CATEGORY_CANDIDATES
M018,I039,DIRECT_ITEM,C-M018-11,廃食用油,S-M018-01,text-match:廃食用油 + 廃食用油,TRUE,CATEGORY_SUPPORTED_CONDITION_REVIEW_REQUIRED,全既存branchで公式資料中の品目表記とcategoryの直接候補あり。 collector_status=ALL_EXISTING_BRANCHES_HAVE_DIRECT_CANDIDATE
M018,I040,OFFICIAL_RULE_DERIVED,C-M018-10,剪定木,S-M018-01,戸別収集・剪定木,TRUE,CATEGORY_SUPPORTED_CONDITION_REVIEW_REQUIRED,品目の直接記載は必須とせず、既存mappingを支えるCURRENT公式category ruleから判定。 collector_status=NO_ITEM_MATCH_IN_FETCHED_OFFICIAL_SOURCES
M019,I001,DIRECT_ITEM,C-M019-06,ペットボトル,S-M019-02,text-match:ペットボトル + ペットボトル,FALSE,CATEGORY_SUPPORTED,全既存branchで公式資料中の品目表記とcategoryの直接候補あり。 collector_status=ALL_EXISTING_BRANCHES_HAVE_DIRECT_CANDIDATE
M019,I002,UNRESOLVED,,,,,TRUE,UNRESOLVED,直接記載・公式rule由来mapping・一意な一般則categoryのいずれでも決定できない。 collector_status=NO_ITEM_MATCH_IN_FETCHED_OFFICIAL_SOURCES
M019,I003,UNRESOLVED,,,,,TRUE,UNRESOLVED,直接記載・公式rule由来mapping・一意な一般則categoryのいずれでも決定できない。 collector_status=NO_ITEM_MATCH_IN_FETCHED_OFFICIAL_SOURCES
M019,I004,DIRECT_ITEM,C-M019-14,アルミ缶,S-M019-02,text-match:アルミ缶 + アルミ缶,FALSE,CATEGORY_SUPPORTED,全既存branchで公式資料中の品目表記とcategoryの直接候補あり。 collector_status=ALL_EXISTING_BRANCHES_HAVE_DIRECT_CANDIDATE
M019,I005,UNRESOLVED,,,,,FALSE,UNRESOLVED,直接記載・公式rule由来mapping・一意な一般則categoryのいずれでも決定できない。 collector_status=AMBIGUOUS_CATEGORY_CANDIDATES
M019,I006,DIRECT_ITEM,C-M019-04,びん,S-M019-02,text-match:ガラスびん + びん,TRUE,CATEGORY_SUPPORTED_CONDITION_REVIEW_REQUIRED,全既存branchで公式資料中の品目表記とcategoryの直接候補あり。 collector_status=ALL_EXISTING_BRANCHES_HAVE_DIRECT_CANDIDATE
M019,I007,OFFICIAL_RULE_DERIVED,C-M019-07,白色トレイ,S-M019-02,計画 資源化区分・白色トレイ,TRUE,CATEGORY_SUPPORTED_CONDITION_REVIEW_REQUIRED,品目の直接記載は必須とせず、既存mappingを支えるCURRENT公式category ruleから判定。 collector_status=NO_ITEM_MATCH_IN_FETCHED_OFFICIAL_SOURCES
M019,I008,UNRESOLVED,,,,,TRUE,UNRESOLVED,直接記載・公式rule由来mapping・一意な一般則categoryのいずれでも決定できない。 collector_status=NO_ITEM_MATCH_IN_FETCHED_OFFICIAL_SOURCES
M019,I009,UNRESOLVED,,,,,TRUE,UNRESOLVED,直接記載・公式rule由来mapping・一意な一般則categoryのいずれでも決定できない。 collector_status=NO_ITEM_MATCH_IN_FETCHED_OFFICIAL_SOURCES
M019,I010,UNRESOLVED,,,,,TRUE,UNRESOLVED,直接記載・公式rule由来mapping・一意な一般則categoryのいずれでも決定できない。 collector_status=NO_ITEM_MATCH_IN_FETCHED_OFFICIAL_SOURCES
M019,I011,UNRESOLVED,,,,,TRUE,UNRESOLVED,直接記載・公式rule由来mapping・一意な一般則categoryのいずれでも決定できない。 collector_status=NO_ITEM_MATCH_IN_FETCHED_OFFICIAL_SOURCES
M019,I012,DIRECT_ITEM,C-M019-09,発泡スチロール,S-M019-02,text-match:発泡スチロール + 発泡スチロール,TRUE,CATEGORY_SUPPORTED_CONDITION_REVIEW_REQUIRED,全既存branchで公式資料中の品目表記とcategoryの直接候補あり。 collector_status=ALL_EXISTING_BRANCHES_HAVE_DIRECT_CANDIDATE
M019,I013,OFFICIAL_RULE_DERIVED,C-M019-10,新聞・折込チラシ,S-M019-02,計画 資源化区分・新聞・折込チラシ,FALSE,CATEGORY_SUPPORTED,品目の直接記載は必須とせず、既存mappingを支えるCURRENT公式category ruleから判定。 collector_status=AMBIGUOUS_CATEGORY_CANDIDATES
M019,I014,DIRECT_ITEM,C-M019-12,段ボール,S-M019-02,text-match:段ボール + 段ボール,FALSE,CATEGORY_SUPPORTED,全既存branchで公式資料中の品目表記とcategoryの直接候補あり。 collector_status=ALL_EXISTING_BRANCHES_HAVE_DIRECT_CANDIDATE
M019,I015,OFFICIAL_RULE_DERIVED,C-M019-11,雑誌・雑がみ,S-M019-02,計画 資源化区分・雑誌・雑がみ,FALSE,CATEGORY_SUPPORTED,品目の直接記載は必須とせず、既存mappingを支えるCURRENT公式category ruleから判定。 collector_status=AMBIGUOUS_CATEGORY_CANDIDATES
M019,I016,UNRESOLVED,,,,,FALSE,UNRESOLVED,直接記載・公式rule由来mapping・一意な一般則categoryのいずれでも決定できない。 collector_status=AMBIGUOUS_CATEGORY_CANDIDATES
M019,I017,OFFICIAL_RULE_DERIVED,C-M019-13,紙パック,S-M019-02,計画 資源化区分・紙パック,TRUE,CATEGORY_SUPPORTED_CONDITION_REVIEW_REQUIRED,品目の直接記載は必須とせず、既存mappingを支えるCURRENT公式category ruleから判定。 collector_status=AMBIGUOUS_CATEGORY_CANDIDATES
M019,I018,OFFICIAL_RULE_DERIVED,C-M019-01,燃えるごみ,S-M019-02,計画 分別収集区分・燃えるごみ,FALSE,CATEGORY_SUPPORTED,品目の直接記載は必須とせず、既存mappingを支えるCURRENT公式category ruleから判定。 collector_status=AMBIGUOUS_CATEGORY_CANDIDATES
M019,I019,GENERAL_RULE_DERIVED,C-M019-01,燃えるごみ,S-M019-02,計画 分別収集区分・燃えるごみ,FALSE,CATEGORY_SUPPORTED,個別記載・既存mappingなし。一般的な材質/用途ルールと一意のCURRENT公式categoryが一致。 collector_status=NO_ITEM_MATCH_IN_FETCHED_OFFICIAL_SOURCES
M019,I020,GENERAL_RULE_DERIVED,C-M019-01,燃えるごみ,S-M019-02,計画 分別収集区分・燃えるごみ,FALSE,CATEGORY_SUPPORTED,個別記載・既存mappingなし。一般的な材質/用途ルールと一意のCURRENT公式categoryが一致。 collector_status=NO_ITEM_MATCH_IN_FETCHED_OFFICIAL_SOURCES
M019,I021,DIRECT_ITEM,C-M019-15,古着,S-M019-02,text-match:古着 + 古着,FALSE,CATEGORY_SUPPORTED,全既存branchで公式資料中の品目表記とcategoryの直接候補あり。 collector_status=ALL_EXISTING_BRANCHES_HAVE_DIRECT_CANDIDATE
M019,I022,UNRESOLVED,,,,,TRUE,UNRESOLVED,直接記載・公式rule由来mapping・一意な一般則categoryのいずれでも決定できない。 collector_status=NO_ITEM_MATCH_IN_FETCHED_OFFICIAL_SOURCES
M019,I023,OFFICIAL_RULE_DERIVED,C-M019-02,不燃ごみ,S-M019-02,計画 分別収集区分・不燃ごみ,FALSE,CATEGORY_SUPPORTED,品目の直接記載は必須とせず、既存mappingを支えるCURRENT公式category ruleから判定。 collector_status=NO_ITEM_MATCH_IN_FETCHED_OFFICIAL_SOURCES
M019,I024,GENERAL_RULE_DERIVED,C-M019-02,不燃ごみ,S-M019-02,計画 分別収集区分・不燃ごみ,FALSE,CATEGORY_SUPPORTED,個別記載・既存mappingなし。一般的な材質/用途ルールと一意のCURRENT公式categoryが一致。 collector_status=NO_ITEM_MATCH_IN_FETCHED_OFFICIAL_SOURCES
M019,I025,UNRESOLVED,,,,,TRUE,UNRESOLVED,直接記載・公式rule由来mapping・一意な一般則categoryのいずれでも決定できない。 collector_status=NO_ITEM_MATCH_IN_FETCHED_OFFICIAL_SOURCES
M019,I026,UNRESOLVED,,,,,TRUE,UNRESOLVED,直接記載・公式rule由来mapping・一意な一般則categoryのいずれでも決定できない。 collector_status=NO_ITEM_MATCH_IN_FETCHED_OFFICIAL_SOURCES
M019,I027,DIRECT_ITEM,C-M019-17,有害ごみ,S-M019-02,text-match:乾電池 + 有害ごみ,TRUE,CATEGORY_SUPPORTED_CONDITION_REVIEW_REQUIRED,全既存branchで公式資料中の品目表記とcategoryの直接候補あり。 collector_status=ALL_EXISTING_BRANCHES_HAVE_DIRECT_CANDIDATE
M019,I028,UNRESOLVED,,,,,TRUE,UNRESOLVED,直接記載・公式rule由来mapping・一意な一般則categoryのいずれでも決定できない。 collector_status=NO_ITEM_MATCH_IN_FETCHED_OFFICIAL_SOURCES
M019,I029,UNRESOLVED,,,,,TRUE,UNRESOLVED,直接記載・公式rule由来mapping・一意な一般則categoryのいずれでも決定できない。 collector_status=NO_ITEM_MATCH_IN_FETCHED_OFFICIAL_SOURCES
M019,I030,DIRECT_ITEM,C-M019-17,有害ごみ,S-M019-02,text-match:蛍光灯 + 有害ごみ,TRUE,CATEGORY_SUPPORTED_CONDITION_REVIEW_REQUIRED,全既存branchで公式資料中の品目表記とcategoryの直接候補あり。 collector_status=ALL_EXISTING_BRANCHES_HAVE_DIRECT_CANDIDATE
M019,I031,UNRESOLVED,,,,,TRUE,UNRESOLVED,直接記載・公式rule由来mapping・一意な一般則categoryのいずれでも決定できない。 collector_status=NO_ITEM_MATCH_IN_FETCHED_OFFICIAL_SOURCES
M019,I032,UNRESOLVED,,,,,TRUE,UNRESOLVED,直接記載・公式rule由来mapping・一意な一般則categoryのいずれでも決定できない。 collector_status=NO_ITEM_MATCH_IN_FETCHED_OFFICIAL_SOURCES
M019,I033,UNRESOLVED,,,,,TRUE,UNRESOLVED,直接記載・公式rule由来mapping・一意な一般則categoryのいずれでも決定できない。 collector_status=NO_ITEM_MATCH_IN_FETCHED_OFFICIAL_SOURCES
M019,I034,DIRECT_ITEM,C-M019-16,使用済小型家電,S-M019-02,text-match:小型家電 + 使用済小型家電,TRUE,CATEGORY_SUPPORTED_CONDITION_REVIEW_REQUIRED,全既存branchで公式資料中の品目表記とcategoryの直接候補あり。 collector_status=ALL_EXISTING_BRANCHES_HAVE_DIRECT_CANDIDATE
M019,I035,UNRESOLVED,,,,,TRUE,UNRESOLVED,直接記載・公式rule由来mapping・一意な一般則categoryのいずれでも決定できない。 collector_status=NO_ITEM_MATCH_IN_FETCHED_OFFICIAL_SOURCES
M019,I036,UNRESOLVED,,,,,TRUE,UNRESOLVED,直接記載・公式rule由来mapping・一意な一般則categoryのいずれでも決定できない。 collector_status=NO_ITEM_MATCH_IN_FETCHED_OFFICIAL_SOURCES
M019,I037,UNRESOLVED,,,,,TRUE,UNRESOLVED,既存mappingの全branchをCURRENT公式category ruleで裏付けられないため未解決。 collector_status=AMBIGUOUS_CATEGORY_CANDIDATES
M019,I038,UNRESOLVED,,,,,TRUE,UNRESOLVED,直接記載・公式rule由来mapping・一意な一般則categoryのいずれでも決定できない。 collector_status=AMBIGUOUS_CATEGORY_CANDIDATES
M019,I039,DIRECT_ITEM,C-M019-18,廃食用油,S-M019-02,text-match:廃食用油 + 廃食用油,TRUE,CATEGORY_SUPPORTED_CONDITION_REVIEW_REQUIRED,全既存branchで公式資料中の品目表記とcategoryの直接候補あり。 collector_status=ALL_EXISTING_BRANCHES_HAVE_DIRECT_CANDIDATE
M019,I040,UNRESOLVED,,,,,TRUE,UNRESOLVED,直接記載・公式rule由来mapping・一意な一般則categoryのいずれでも決定できない。 collector_status=AMBIGUOUS_CATEGORY_CANDIDATES
M020,I001,OFFICIAL_RULE_DERIVED,C-M020-10,ペットボトル,S-M020-01,資源物・ペットボトル,FALSE,CATEGORY_SUPPORTED,品目の直接記載は必須とせず、既存mappingを支えるCURRENT公式category ruleから判定。 collector_status=NO_ITEM_MATCH_IN_FETCHED_OFFICIAL_SOURCES
M020,I002,UNRESOLVED,,,,,TRUE,UNRESOLVED,直接記載・公式rule由来mapping・一意な一般則categoryのいずれでも決定できない。 collector_status=NO_ITEM_MATCH_IN_FETCHED_OFFICIAL_SOURCES
M020,I003,UNRESOLVED,,,,,TRUE,UNRESOLVED,直接記載・公式rule由来mapping・一意な一般則categoryのいずれでも決定できない。 collector_status=NO_ITEM_MATCH_IN_FETCHED_OFFICIAL_SOURCES
M020,I004,UNRESOLVED,,,,,FALSE,UNRESOLVED,直接記載・公式rule由来mapping・一意な一般則categoryのいずれでも決定できない。 collector_status=NO_ITEM_MATCH_IN_FETCHED_OFFICIAL_SOURCES
M020,I005,UNRESOLVED,,,,,FALSE,UNRESOLVED,直接記載・公式rule由来mapping・一意な一般則categoryのいずれでも決定できない。 collector_status=NO_ITEM_MATCH_IN_FETCHED_OFFICIAL_SOURCES
M020,I006,OFFICIAL_RULE_DERIVED,C-M020-08,びん,S-M020-01,資源物・びん,TRUE,CATEGORY_SUPPORTED_CONDITION_REVIEW_REQUIRED,品目の直接記載は必須とせず、既存mappingを支えるCURRENT公式category ruleから判定。 collector_status=NO_ITEM_MATCH_IN_FETCHED_OFFICIAL_SOURCES
M020,I007,UNRESOLVED,,,,,TRUE,UNRESOLVED,直接記載・公式rule由来mapping・一意な一般則categoryのいずれでも決定できない。 collector_status=NO_ITEM_MATCH_IN_FETCHED_OFFICIAL_SOURCES
M020,I008,UNRESOLVED,,,,,TRUE,UNRESOLVED,直接記載・公式rule由来mapping・一意な一般則categoryのいずれでも決定できない。 collector_status=NO_ITEM_MATCH_IN_FETCHED_OFFICIAL_SOURCES
M020,I009,UNRESOLVED,,,,,TRUE,UNRESOLVED,直接記載・公式rule由来mapping・一意な一般則categoryのいずれでも決定できない。 collector_status=NO_ITEM_MATCH_IN_FETCHED_OFFICIAL_SOURCES
M020,I010,UNRESOLVED,,,,,TRUE,UNRESOLVED,直接記載・公式rule由来mapping・一意な一般則categoryのいずれでも決定できない。 collector_status=NO_ITEM_MATCH_IN_FETCHED_OFFICIAL_SOURCES
M020,I011,UNRESOLVED,,,,,TRUE,UNRESOLVED,直接記載・公式rule由来mapping・一意な一般則categoryのいずれでも決定できない。 collector_status=NO_ITEM_MATCH_IN_FETCHED_OFFICIAL_SOURCES
M020,I012,UNRESOLVED,,,,,TRUE,UNRESOLVED,直接記載・公式rule由来mapping・一意な一般則categoryのいずれでも決定できない。 collector_status=NO_ITEM_MATCH_IN_FETCHED_OFFICIAL_SOURCES
M020,I013,OFFICIAL_RULE_DERIVED,C-M020-12,新聞,S-M020-01,古紙・新聞,FALSE,CATEGORY_SUPPORTED,品目の直接記載は必須とせず、既存mappingを支えるCURRENT公式category ruleから判定。 collector_status=NO_ITEM_MATCH_IN_FETCHED_OFFICIAL_SOURCES
M020,I014,OFFICIAL_RULE_DERIVED,C-M020-14,段ボール,S-M020-01,古紙・段ボール,FALSE,CATEGORY_SUPPORTED,品目の直接記載は必須とせず、既存mappingを支えるCURRENT公式category ruleから判定。 collector_status=NO_ITEM_MATCH_IN_FETCHED_OFFICIAL_SOURCES
M020,I015,OFFICIAL_RULE_DERIVED,C-M020-13,雑誌・雑がみ,S-M020-01,古紙・雑誌・雑がみ,FALSE,CATEGORY_SUPPORTED,品目の直接記載は必須とせず、既存mappingを支えるCURRENT公式category ruleから判定。 collector_status=NO_ITEM_MATCH_IN_FETCHED_OFFICIAL_SOURCES
M020,I016,UNRESOLVED,,,,,FALSE,UNRESOLVED,直接記載・公式rule由来mapping・一意な一般則categoryのいずれでも決定できない。 collector_status=NO_ITEM_MATCH_IN_FETCHED_OFFICIAL_SOURCES
M020,I017,OFFICIAL_RULE_DERIVED,C-M020-15,紙パック,S-M020-01,古紙・紙パック,TRUE,CATEGORY_SUPPORTED_CONDITION_REVIEW_REQUIRED,品目の直接記載は必須とせず、既存mappingを支えるCURRENT公式category ruleから判定。 collector_status=NO_ITEM_MATCH_IN_FETCHED_OFFICIAL_SOURCES
M020,I018,OFFICIAL_RULE_DERIVED,C-M020-01,可燃ごみ,S-M020-01,可燃ごみ,FALSE,CATEGORY_SUPPORTED,品目の直接記載は必須とせず、既存mappingを支えるCURRENT公式category ruleから判定。 collector_status=NO_ITEM_MATCH_IN_FETCHED_OFFICIAL_SOURCES
M020,I019,GENERAL_RULE_DERIVED,C-M020-01,可燃ごみ,S-M020-01,可燃ごみ,FALSE,CATEGORY_SUPPORTED,個別記載・既存mappingなし。一般的な材質/用途ルールと一意のCURRENT公式categoryが一致。 collector_status=NO_ITEM_MATCH_IN_FETCHED_OFFICIAL_SOURCES
M020,I020,GENERAL_RULE_DERIVED,C-M020-01,可燃ごみ,S-M020-01,可燃ごみ,FALSE,CATEGORY_SUPPORTED,個別記載・既存mappingなし。一般的な材質/用途ルールと一意のCURRENT公式categoryが一致。 collector_status=NO_ITEM_MATCH_IN_FETCHED_OFFICIAL_SOURCES
M020,I021,UNRESOLVED,,,,,FALSE,UNRESOLVED,直接記載・公式rule由来mapping・一意な一般則categoryのいずれでも決定できない。 collector_status=NO_ITEM_MATCH_IN_FETCHED_OFFICIAL_SOURCES
M020,I022,UNRESOLVED,,,,,TRUE,UNRESOLVED,直接記載・公式rule由来mapping・一意な一般則categoryのいずれでも決定できない。 collector_status=NO_ITEM_MATCH_IN_FETCHED_OFFICIAL_SOURCES
M020,I023,OFFICIAL_RULE_DERIVED,C-M020-02,不燃・粗大ごみ（非金属）,S-M020-01,不燃・粗大ごみ,FALSE,CATEGORY_SUPPORTED,品目の直接記載は必須とせず、既存mappingを支えるCURRENT公式category ruleから判定。 collector_status=NO_ITEM_MATCH_IN_FETCHED_OFFICIAL_SOURCES
M020,I024,GENERAL_RULE_DERIVED,C-M020-02,不燃・粗大ごみ（非金属）,S-M020-01,不燃・粗大ごみ,FALSE,CATEGORY_SUPPORTED,個別記載・既存mappingなし。一般的な材質/用途ルールと一意のCURRENT公式categoryが一致。 collector_status=NO_ITEM_MATCH_IN_FETCHED_OFFICIAL_SOURCES
M020,I025,UNRESOLVED,,,,,TRUE,UNRESOLVED,直接記載・公式rule由来mapping・一意な一般則categoryのいずれでも決定できない。 collector_status=NO_ITEM_MATCH_IN_FETCHED_OFFICIAL_SOURCES
M020,I026,UNRESOLVED,,,,,TRUE,UNRESOLVED,直接記載・公式rule由来mapping・一意な一般則categoryのいずれでも決定できない。 collector_status=NO_ITEM_MATCH_IN_FETCHED_OFFICIAL_SOURCES
M020,I027,OFFICIAL_RULE_DERIVED,C-M020-04,乾電池,S-M020-01,危険・有害ごみ・乾電池,TRUE,CATEGORY_SUPPORTED_CONDITION_REVIEW_REQUIRED,品目の直接記載は必須とせず、既存mappingを支えるCURRENT公式category ruleから判定。 collector_status=NO_ITEM_MATCH_IN_FETCHED_OFFICIAL_SOURCES
M020,I028,UNRESOLVED,,,,,TRUE,UNRESOLVED,直接記載・公式rule由来mapping・一意な一般則categoryのいずれでも決定できない。 collector_status=NO_ITEM_MATCH_IN_FETCHED_OFFICIAL_SOURCES
M020,I029,UNRESOLVED,,,,,TRUE,UNRESOLVED,直接記載・公式rule由来mapping・一意な一般則categoryのいずれでも決定できない。 collector_status=NO_ITEM_MATCH_IN_FETCHED_OFFICIAL_SOURCES
M020,I030,OFFICIAL_RULE_DERIVED,C-M020-06,水銀使用製品,S-M020-01,危険・有害ごみ・水銀使用製品,TRUE,CATEGORY_SUPPORTED_CONDITION_REVIEW_REQUIRED,品目の直接記載は必須とせず、既存mappingを支えるCURRENT公式category ruleから判定。 collector_status=NO_ITEM_MATCH_IN_FETCHED_OFFICIAL_SOURCES
M020,I031,UNRESOLVED,,,,,TRUE,UNRESOLVED,直接記載・公式rule由来mapping・一意な一般則categoryのいずれでも決定できない。 collector_status=NO_ITEM_MATCH_IN_FETCHED_OFFICIAL_SOURCES
M020,I032,OFFICIAL_RULE_DERIVED,C-M020-07,スプレー缶,S-M020-01,危険・有害ごみ・スプレー缶,TRUE,CATEGORY_SUPPORTED_CONDITION_REVIEW_REQUIRED,品目の直接記載は必須とせず、既存mappingを支えるCURRENT公式category ruleから判定。 collector_status=NO_ITEM_MATCH_IN_FETCHED_OFFICIAL_SOURCES
M020,I033,OFFICIAL_RULE_DERIVED,C-M020-05,ライター,S-M020-01,危険・有害ごみ・ライター,TRUE,CATEGORY_SUPPORTED_CONDITION_REVIEW_REQUIRED,品目の直接記載は必須とせず、既存mappingを支えるCURRENT公式category ruleから判定。 collector_status=NO_ITEM_MATCH_IN_FETCHED_OFFICIAL_SOURCES
M020,I034,OFFICIAL_RULE_DERIVED,C-M020-16,使用済小型家電,S-M020-01,使用済小型家電,TRUE,CATEGORY_SUPPORTED_CONDITION_REVIEW_REQUIRED,品目の直接記載は必須とせず、既存mappingを支えるCURRENT公式category ruleから判定。 collector_status=NO_ITEM_MATCH_IN_FETCHED_OFFICIAL_SOURCES
M020,I035,UNRESOLVED,,,,,TRUE,UNRESOLVED,直接記載・公式rule由来mapping・一意な一般則categoryのいずれでも決定できない。 collector_status=NO_ITEM_MATCH_IN_FETCHED_OFFICIAL_SOURCES
M020,I036,UNRESOLVED,,,,,TRUE,UNRESOLVED,直接記載・公式rule由来mapping・一意な一般則categoryのいずれでも決定できない。 collector_status=NO_ITEM_MATCH_IN_FETCHED_OFFICIAL_SOURCES
M020,I037,UNRESOLVED,,,,,TRUE,UNRESOLVED,既存mappingの全branchをCURRENT公式category ruleで裏付けられないため未解決。 collector_status=NO_ITEM_MATCH_IN_FETCHED_OFFICIAL_SOURCES
M020,I038,UNRESOLVED,,,,,TRUE,UNRESOLVED,既存mappingの全branchをCURRENT公式category ruleで裏付けられないため未解決。 collector_status=NO_ITEM_MATCH_IN_FETCHED_OFFICIAL_SOURCES
M020,I039,UNRESOLVED,,,,,TRUE,UNRESOLVED,直接記載・公式rule由来mapping・一意な一般則categoryのいずれでも決定できない。 collector_status=NO_ITEM_MATCH_IN_FETCHED_OFFICIAL_SOURCES
M020,I040,UNRESOLVED,,,,,TRUE,UNRESOLVED,直接記載・公式rule由来mapping・一意な一般則categoryのいずれでも決定できない。 collector_status=NO_ITEM_MATCH_IN_FETCHED_OFFICIAL_SOURCES
M021,I001,DIRECT_ITEM,C-M021-08,ペットボトル（ペット）,S-M021-02,text-match:ペットボトル + ペットボトル（ペット）,TRUE,CATEGORY_SUPPORTED_CONDITION_REVIEW_REQUIRED,全既存branchで公式資料中の品目表記とcategoryの直接候補あり。 collector_status=ALL_EXISTING_BRANCHES_HAVE_DIRECT_CANDIDATE
M021,I002,UNRESOLVED,,,,,TRUE,UNRESOLVED,直接記載・公式rule由来mapping・一意な一般則categoryのいずれでも決定できない。 collector_status=AMBIGUOUS_CATEGORY_CANDIDATES
M021,I003,UNRESOLVED,,,,,TRUE,UNRESOLVED,直接記載・公式rule由来mapping・一意な一般則categoryのいずれでも決定できない。 collector_status=AMBIGUOUS_CATEGORY_CANDIDATES
M021,I004,UNRESOLVED,,,,,FALSE,UNRESOLVED,直接記載・公式rule由来mapping・一意な一般則categoryのいずれでも決定できない。 collector_status=AMBIGUOUS_CATEGORY_CANDIDATES
M021,I005,UNRESOLVED,,,,,FALSE,UNRESOLVED,直接記載・公式rule由来mapping・一意な一般則categoryのいずれでも決定できない。 collector_status=AMBIGUOUS_CATEGORY_CANDIDATES
M021,I006,DIRECT_ITEM,C-M021-09,びん,S-M021-02,text-match:空きびん + びん,TRUE,CATEGORY_SUPPORTED_CONDITION_REVIEW_REQUIRED,全既存branchで公式資料中の品目表記とcategoryの直接候補あり。 collector_status=ALL_EXISTING_BRANCHES_HAVE_DIRECT_CANDIDATE
M021,I007,UNRESOLVED,,,,,TRUE,UNRESOLVED,直接記載・公式rule由来mapping・一意な一般則categoryのいずれでも決定できない。 collector_status=NO_ITEM_MATCH_IN_FETCHED_OFFICIAL_SOURCES
M021,I008,UNRESOLVED,,,,,TRUE,UNRESOLVED,直接記載・公式rule由来mapping・一意な一般則categoryのいずれでも決定できない。 collector_status=NO_ITEM_MATCH_IN_FETCHED_OFFICIAL_SOURCES
M021,I009,GENERAL_RULE_DERIVED,C-M021-10,容器包装プラスチック（容プラ）,S-M021-02,p4 ごみの分別区分一覧・容器包装プラスチック（容プラ）,TRUE,CATEGORY_SUPPORTED_CONDITION_REVIEW_REQUIRED,個別記載・既存mappingなし。一般的な材質/用途ルールと一意のCURRENT公式categoryが一致。 collector_status=AMBIGUOUS_CATEGORY_CANDIDATES
M021,I010,GENERAL_RULE_DERIVED,C-M021-10,容器包装プラスチック（容プラ）,S-M021-02,p4 ごみの分別区分一覧・容器包装プラスチック（容プラ）,TRUE,CATEGORY_SUPPORTED_CONDITION_REVIEW_REQUIRED,個別記載・既存mappingなし。一般的な材質/用途ルールと一意のCURRENT公式categoryが一致。 collector_status=AMBIGUOUS_CATEGORY_CANDIDATES
M021,I011,GENERAL_RULE_DERIVED,C-M021-10,容器包装プラスチック（容プラ）,S-M021-02,p4 ごみの分別区分一覧・容器包装プラスチック（容プラ）,TRUE,CATEGORY_SUPPORTED_CONDITION_REVIEW_REQUIRED,個別記載・既存mappingなし。一般的な材質/用途ルールと一意のCURRENT公式categoryが一致。 collector_status=AMBIGUOUS_CATEGORY_CANDIDATES
M021,I012,GENERAL_RULE_DERIVED,C-M021-10,容器包装プラスチック（容プラ）,S-M021-02,p4 ごみの分別区分一覧・容器包装プラスチック（容プラ）,TRUE,CATEGORY_SUPPORTED_CONDITION_REVIEW_REQUIRED,個別記載・既存mappingなし。一般的な材質/用途ルールと一意のCURRENT公式categoryが一致。 collector_status=AMBIGUOUS_CATEGORY_CANDIDATES
M021,I013,DIRECT_ITEM,C-M021-03,新聞,S-M021-02,text-match:新聞 + 新聞,FALSE,CATEGORY_SUPPORTED,全既存branchで公式資料中の品目表記とcategoryの直接候補あり。 collector_status=ALL_EXISTING_BRANCHES_HAVE_DIRECT_CANDIDATE
M021,I014,DIRECT_ITEM,C-M021-05,ダンボール,S-M021-02,text-match:ダンボール + ダンボール,FALSE,CATEGORY_SUPPORTED,全既存branchで公式資料中の品目表記とcategoryの直接候補あり。 collector_status=ALL_EXISTING_BRANCHES_HAVE_DIRECT_CANDIDATE
M021,I015,DIRECT_ITEM,C-M021-04,雑誌・雑紙,S-M021-02,text-match:雑誌 + 雑誌・雑紙,FALSE,CATEGORY_SUPPORTED,全既存branchで公式資料中の品目表記とcategoryの直接候補あり。 collector_status=ALL_EXISTING_BRANCHES_HAVE_DIRECT_CANDIDATE
M021,I016,DIRECT_ITEM,C-M021-04,雑誌・雑紙,S-M021-02,text-match:紙箱 + 雑誌・雑紙,FALSE,CATEGORY_SUPPORTED,全既存branchで公式資料中の品目表記とcategoryの直接候補あり。 collector_status=ALL_EXISTING_BRANCHES_HAVE_DIRECT_CANDIDATE
M021,I017,DIRECT_ITEM,C-M021-06,飲料用紙パック,S-M021-02,text-match:牛乳パック + 飲料用紙パック,TRUE,CATEGORY_SUPPORTED_CONDITION_REVIEW_REQUIRED,全既存branchで公式資料中の品目表記とcategoryの直接候補あり。 collector_status=ALL_EXISTING_BRANCHES_HAVE_DIRECT_CANDIDATE
M021,I018,DIRECT_ITEM,C-M021-12,燃やせるごみ（可燃）,S-M021-02,text-match:生ごみ + 燃やせるごみ（可燃）,FALSE,CATEGORY_SUPPORTED,全既存branchで公式資料中の品目表記とcategoryの直接候補あり。 collector_status=ALL_EXISTING_BRANCHES_HAVE_DIRECT_CANDIDATE
M021,I019,GENERAL_RULE_DERIVED,C-M021-12,燃やせるごみ（可燃）,S-M021-02,p4 ごみの分別区分一覧・燃やせるごみ（可燃）,FALSE,CATEGORY_SUPPORTED,個別記載・既存mappingなし。一般的な材質/用途ルールと一意のCURRENT公式categoryが一致。 collector_status=AMBIGUOUS_CATEGORY_CANDIDATES
M021,I020,GENERAL_RULE_DERIVED,C-M021-12,燃やせるごみ（可燃）,S-M021-02,p4 ごみの分別区分一覧・燃やせるごみ（可燃）,FALSE,CATEGORY_SUPPORTED,個別記載・既存mappingなし。一般的な材質/用途ルールと一意のCURRENT公式categoryが一致。 collector_status=AMBIGUOUS_CATEGORY_CANDIDATES
M021,I021,DIRECT_ITEM,C-M021-07,衣類・布類,S-M021-02,text-match:衣類 + 衣類・布類,TRUE,CATEGORY_SUPPORTED_CONDITION_REVIEW_REQUIRED,全既存branchで公式資料中の品目表記とcategoryの直接候補あり。 collector_status=ALL_EXISTING_BRANCHES_HAVE_DIRECT_CANDIDATE
M021,I022,UNRESOLVED,,,,,TRUE,UNRESOLVED,直接記載・公式rule由来mapping・一意な一般則categoryのいずれでも決定できない。 collector_status=AMBIGUOUS_CATEGORY_CANDIDATES
M021,I023,OFFICIAL_RULE_DERIVED,C-M021-01,金属・燃やせないごみ（不燃）,S-M021-02,p4 ごみの分別区分一覧・金属・燃やせないごみ（不燃）,TRUE,CATEGORY_SUPPORTED_CONDITION_REVIEW_REQUIRED,品目の直接記載は必須とせず、既存mappingを支えるCURRENT公式category ruleから判定。 collector_status=AMBIGUOUS_CATEGORY_CANDIDATES
M021,I024,GENERAL_RULE_DERIVED,C-M021-01,金属・燃やせないごみ（不燃）,S-M021-02,p4 ごみの分別区分一覧・金属・燃やせないごみ（不燃）,TRUE,CATEGORY_SUPPORTED_CONDITION_REVIEW_REQUIRED,個別記載・既存mappingなし。一般的な材質/用途ルールと一意のCURRENT公式categoryが一致。 collector_status=AMBIGUOUS_CATEGORY_CANDIDATES
M021,I025,UNRESOLVED,,,,,TRUE,UNRESOLVED,直接記載・公式rule由来mapping・一意な一般則categoryのいずれでも決定できない。 collector_status=NO_ITEM_MATCH_IN_FETCHED_OFFICIAL_SOURCES
M021,I026,UNRESOLVED,,,,,TRUE,UNRESOLVED,直接記載・公式rule由来mapping・一意な一般則categoryのいずれでも決定できない。 collector_status=AMBIGUOUS_CATEGORY_CANDIDATES
M021,I027,UNRESOLVED,,,,,TRUE,UNRESOLVED,直接記載・公式rule由来mapping・一意な一般則categoryのいずれでも決定できない。 collector_status=AMBIGUOUS_CATEGORY_CANDIDATES
M021,I028,UNRESOLVED,,,,,TRUE,UNRESOLVED,直接記載・公式rule由来mapping・一意な一般則categoryのいずれでも決定できない。 collector_status=AMBIGUOUS_CATEGORY_CANDIDATES
M021,I029,UNRESOLVED,,,,,TRUE,UNRESOLVED,直接記載・公式rule由来mapping・一意な一般則categoryのいずれでも決定できない。 collector_status=AMBIGUOUS_CATEGORY_CANDIDATES
M021,I030,DIRECT_ITEM,C-M021-02,危険ごみ,S-M021-02,text-match:蛍光管 + 危険ごみ,TRUE,CATEGORY_SUPPORTED_CONDITION_REVIEW_REQUIRED,全既存branchで公式資料中の品目表記とcategoryの直接候補あり。 collector_status=ALL_EXISTING_BRANCHES_HAVE_DIRECT_CANDIDATE
M021,I031,UNRESOLVED,,,,,TRUE,UNRESOLVED,直接記載・公式rule由来mapping・一意な一般則categoryのいずれでも決定できない。 collector_status=AMBIGUOUS_CATEGORY_CANDIDATES
M021,I032,DIRECT_ITEM,C-M021-02,危険ごみ,S-M021-02,text-match:スプレー缶 + 危険ごみ,TRUE,CATEGORY_SUPPORTED_CONDITION_REVIEW_REQUIRED,全既存branchで公式資料中の品目表記とcategoryの直接候補あり。 collector_status=ALL_EXISTING_BRANCHES_HAVE_DIRECT_CANDIDATE
M021,I033,DIRECT_ITEM,C-M021-02,危険ごみ,S-M021-02,text-match:ライター + 危険ごみ,TRUE,CATEGORY_SUPPORTED_CONDITION_REVIEW_REQUIRED,全既存branchで公式資料中の品目表記とcategoryの直接候補あり。 collector_status=ALL_EXISTING_BRANCHES_HAVE_DIRECT_CANDIDATE
M021,I034,OFFICIAL_RULE_DERIVED,C-M021-01,金属・燃やせないごみ（不燃）,S-M021-02,p4 ごみの分別区分一覧・金属・燃やせないごみ（不燃）,TRUE,CATEGORY_SUPPORTED_CONDITION_REVIEW_REQUIRED,品目の直接記載は必須とせず、既存mappingを支えるCURRENT公式category ruleから判定。 collector_status=NO_ITEM_MATCH_IN_FETCHED_OFFICIAL_SOURCES
M021,I035,UNRESOLVED,,,,,TRUE,UNRESOLVED,直接記載・公式rule由来mapping・一意な一般則categoryのいずれでも決定できない。 collector_status=NO_ITEM_MATCH_IN_FETCHED_OFFICIAL_SOURCES
M021,I036,UNRESOLVED,,,,,TRUE,UNRESOLVED,直接記載・公式rule由来mapping・一意な一般則categoryのいずれでも決定できない。 collector_status=AMBIGUOUS_CATEGORY_CANDIDATES
M021,I037,UNRESOLVED,,,,,TRUE,UNRESOLVED,既存mappingの全branchをCURRENT公式category ruleで裏付けられないため未解決。 collector_status=AMBIGUOUS_CATEGORY_CANDIDATES
M021,I038,UNRESOLVED,,,,,TRUE,UNRESOLVED,既存mappingの全branchをCURRENT公式category ruleで裏付けられないため未解決。 collector_status=AMBIGUOUS_CATEGORY_CANDIDATES
M021,I039,UNRESOLVED,,,,,TRUE,UNRESOLVED,直接記載・公式rule由来mapping・一意な一般則categoryのいずれでも決定できない。 collector_status=AMBIGUOUS_CATEGORY_CANDIDATES
M021,I040,UNRESOLVED,,,,,TRUE,UNRESOLVED,直接記載・公式rule由来mapping・一意な一般則categoryのいずれでも決定できない。 collector_status=AMBIGUOUS_CATEGORY_CANDIDATES
M022,I001,DIRECT_ITEM,C-M022-02,ペットボトル,S-M022-02,text-match:ペットボトル + ペットボトル,FALSE,CATEGORY_SUPPORTED,全既存branchで公式資料中の品目表記とcategoryの直接候補あり。 collector_status=ALL_EXISTING_BRANCHES_HAVE_DIRECT_CANDIDATE
M022,I002,UNRESOLVED,,,,,TRUE,UNRESOLVED,直接記載・公式rule由来mapping・一意な一般則categoryのいずれでも決定できない。 collector_status=NO_ITEM_MATCH_IN_FETCHED_OFFICIAL_SOURCES
M022,I003,UNRESOLVED,,,,,TRUE,UNRESOLVED,直接記載・公式rule由来mapping・一意な一般則categoryのいずれでも決定できない。 collector_status=NO_ITEM_MATCH_IN_FETCHED_OFFICIAL_SOURCES
M022,I004,UNRESOLVED,,,,,FALSE,UNRESOLVED,直接記載・公式rule由来mapping・一意な一般則categoryのいずれでも決定できない。 collector_status=NO_ITEM_MATCH_IN_FETCHED_OFFICIAL_SOURCES
M022,I005,UNRESOLVED,,,,,FALSE,UNRESOLVED,直接記載・公式rule由来mapping・一意な一般則categoryのいずれでも決定できない。 collector_status=NO_ITEM_MATCH_IN_FETCHED_OFFICIAL_SOURCES
M022,I006,DIRECT_ITEM,C-M022-05,空きびん,S-M022-02,text-match:空きびん + 空きびん,TRUE,CATEGORY_SUPPORTED_CONDITION_REVIEW_REQUIRED,全既存branchで公式資料中の品目表記とcategoryの直接候補あり。 collector_status=ALL_EXISTING_BRANCHES_HAVE_DIRECT_CANDIDATE
M022,I007,UNRESOLVED,,,,,TRUE,UNRESOLVED,直接記載・公式rule由来mapping・一意な一般則categoryのいずれでも決定できない。 collector_status=NO_ITEM_MATCH_IN_FETCHED_OFFICIAL_SOURCES
M022,I008,UNRESOLVED,,,,,TRUE,UNRESOLVED,直接記載・公式rule由来mapping・一意な一般則categoryのいずれでも決定できない。 collector_status=NO_ITEM_MATCH_IN_FETCHED_OFFICIAL_SOURCES
M022,I009,GENERAL_RULE_DERIVED,C-M022-03,プラスチック製容器包装,S-M022-02,p4 プラスチック製容器包装,TRUE,CATEGORY_SUPPORTED_CONDITION_REVIEW_REQUIRED,個別記載・既存mappingなし。一般的な材質/用途ルールと一意のCURRENT公式categoryが一致。 collector_status=NO_ITEM_MATCH_IN_FETCHED_OFFICIAL_SOURCES
M022,I010,GENERAL_RULE_DERIVED,C-M022-03,プラスチック製容器包装,S-M022-02,p4 プラスチック製容器包装,TRUE,CATEGORY_SUPPORTED_CONDITION_REVIEW_REQUIRED,個別記載・既存mappingなし。一般的な材質/用途ルールと一意のCURRENT公式categoryが一致。 collector_status=NO_ITEM_MATCH_IN_FETCHED_OFFICIAL_SOURCES
M022,I011,GENERAL_RULE_DERIVED,C-M022-03,プラスチック製容器包装,S-M022-02,p4 プラスチック製容器包装,TRUE,CATEGORY_SUPPORTED_CONDITION_REVIEW_REQUIRED,個別記載・既存mappingなし。一般的な材質/用途ルールと一意のCURRENT公式categoryが一致。 collector_status=NO_ITEM_MATCH_IN_FETCHED_OFFICIAL_SOURCES
M022,I012,GENERAL_RULE_DERIVED,C-M022-03,プラスチック製容器包装,S-M022-02,p4 プラスチック製容器包装,TRUE,CATEGORY_SUPPORTED_CONDITION_REVIEW_REQUIRED,個別記載・既存mappingなし。一般的な材質/用途ルールと一意のCURRENT公式categoryが一致。 collector_status=NO_ITEM_MATCH_IN_FETCHED_OFFICIAL_SOURCES
M022,I013,UNRESOLVED,,,,,FALSE,UNRESOLVED,直接記載・公式rule由来mapping・一意な一般則categoryのいずれでも決定できない。 collector_status=NO_ITEM_MATCH_IN_FETCHED_OFFICIAL_SOURCES
M022,I014,UNRESOLVED,,,,,FALSE,UNRESOLVED,直接記載・公式rule由来mapping・一意な一般則categoryのいずれでも決定できない。 collector_status=ITEM_MATCH_WITHOUT_CATEGORY
M022,I015,UNRESOLVED,,,,,FALSE,UNRESOLVED,直接記載・公式rule由来mapping・一意な一般則categoryのいずれでも決定できない。 collector_status=NO_ITEM_MATCH_IN_FETCHED_OFFICIAL_SOURCES
M022,I016,UNRESOLVED,,,,,FALSE,UNRESOLVED,直接記載・公式rule由来mapping・一意な一般則categoryのいずれでも決定できない。 collector_status=NO_ITEM_MATCH_IN_FETCHED_OFFICIAL_SOURCES
M022,I017,UNRESOLVED,,,,,TRUE,UNRESOLVED,直接記載・公式rule由来mapping・一意な一般則categoryのいずれでも決定できない。 collector_status=NO_ITEM_MATCH_IN_FETCHED_OFFICIAL_SOURCES
M022,I018,OFFICIAL_RULE_DERIVED,C-M022-01,可燃ごみ,S-M022-02,p4 可燃ごみ,FALSE,CATEGORY_SUPPORTED,品目の直接記載は必須とせず、既存mappingを支えるCURRENT公式category ruleから判定。 collector_status=NO_ITEM_MATCH_IN_FETCHED_OFFICIAL_SOURCES
M022,I019,GENERAL_RULE_DERIVED,C-M022-01,可燃ごみ,S-M022-02,p4 可燃ごみ,FALSE,CATEGORY_SUPPORTED,個別記載・既存mappingなし。一般的な材質/用途ルールと一意のCURRENT公式categoryが一致。 collector_status=NO_ITEM_MATCH_IN_FETCHED_OFFICIAL_SOURCES
M022,I020,GENERAL_RULE_DERIVED,C-M022-01,可燃ごみ,S-M022-02,p4 可燃ごみ,FALSE,CATEGORY_SUPPORTED,個別記載・既存mappingなし。一般的な材質/用途ルールと一意のCURRENT公式categoryが一致。 collector_status=NO_ITEM_MATCH_IN_FETCHED_OFFICIAL_SOURCES
M022,I021,UNRESOLVED,,,,,FALSE,UNRESOLVED,直接記載・公式rule由来mapping・一意な一般則categoryのいずれでも決定できない。 collector_status=NO_ITEM_MATCH_IN_FETCHED_OFFICIAL_SOURCES
M022,I022,UNRESOLVED,,,,,TRUE,UNRESOLVED,直接記載・公式rule由来mapping・一意な一般則categoryのいずれでも決定できない。 collector_status=AMBIGUOUS_CATEGORY_CANDIDATES
M022,I023,OFFICIAL_RULE_DERIVED,C-M022-12,粗大ごみ・不燃ごみ,S-M022-02,p6-9 粗大ごみ・不燃ごみ,FALSE,CATEGORY_SUPPORTED,品目の直接記載は必須とせず、既存mappingを支えるCURRENT公式category ruleから判定。 collector_status=NO_ITEM_MATCH_IN_FETCHED_OFFICIAL_SOURCES
M022,I024,GENERAL_RULE_DERIVED,C-M022-12,粗大ごみ・不燃ごみ,S-M022-02,p6-9 粗大ごみ・不燃ごみ,FALSE,CATEGORY_SUPPORTED,個別記載・既存mappingなし。一般的な材質/用途ルールと一意のCURRENT公式categoryが一致。 collector_status=NO_ITEM_MATCH_IN_FETCHED_OFFICIAL_SOURCES
M022,I025,UNRESOLVED,,,,,TRUE,UNRESOLVED,直接記載・公式rule由来mapping・一意な一般則categoryのいずれでも決定できない。 collector_status=NO_ITEM_MATCH_IN_FETCHED_OFFICIAL_SOURCES
M022,I026,UNRESOLVED,,,,,TRUE,UNRESOLVED,直接記載・公式rule由来mapping・一意な一般則categoryのいずれでも決定できない。 collector_status=NO_ITEM_MATCH_IN_FETCHED_OFFICIAL_SOURCES
M022,I027,OFFICIAL_RULE_DERIVED,C-M022-08,乾電池・蛍光管,S-M022-02,p5 有害資源ごみ,TRUE,CATEGORY_SUPPORTED_CONDITION_REVIEW_REQUIRED,品目の直接記載は必須とせず、既存mappingを支えるCURRENT公式category ruleから判定。 collector_status=NO_ITEM_MATCH_IN_FETCHED_OFFICIAL_SOURCES
M022,I028,UNRESOLVED,,,,,TRUE,UNRESOLVED,直接記載・公式rule由来mapping・一意な一般則categoryのいずれでも決定できない。 collector_status=NO_ITEM_MATCH_IN_FETCHED_OFFICIAL_SOURCES
M022,I029,UNRESOLVED,,,,,TRUE,UNRESOLVED,直接記載・公式rule由来mapping・一意な一般則categoryのいずれでも決定できない。 collector_status=NO_ITEM_MATCH_IN_FETCHED_OFFICIAL_SOURCES
M022,I030,OFFICIAL_RULE_DERIVED,C-M022-08,乾電池・蛍光管,S-M022-02,p5 有害資源ごみ,TRUE,CATEGORY_SUPPORTED_CONDITION_REVIEW_REQUIRED,品目の直接記載は必須とせず、既存mappingを支えるCURRENT公式category ruleから判定。 collector_status=NO_ITEM_MATCH_IN_FETCHED_OFFICIAL_SOURCES
M022,I031,UNRESOLVED,,,,,TRUE,UNRESOLVED,直接記載・公式rule由来mapping・一意な一般則categoryのいずれでも決定できない。 collector_status=NO_ITEM_MATCH_IN_FETCHED_OFFICIAL_SOURCES
M022,I032,OFFICIAL_RULE_DERIVED,C-M022-06,スプレー缶・カセットボンベ,S-M022-02,p4 空き缶・空きびん,TRUE,CATEGORY_SUPPORTED_CONDITION_REVIEW_REQUIRED,品目の直接記載は必須とせず、既存mappingを支えるCURRENT公式category ruleから判定。 collector_status=NO_ITEM_MATCH_IN_FETCHED_OFFICIAL_SOURCES
M022,I033,OFFICIAL_RULE_DERIVED,C-M022-11,使い捨てライター,S-M022-02,p5 有害資源ごみ,TRUE,CATEGORY_SUPPORTED_CONDITION_REVIEW_REQUIRED,品目の直接記載は必須とせず、既存mappingを支えるCURRENT公式category ruleから判定。 collector_status=NO_ITEM_MATCH_IN_FETCHED_OFFICIAL_SOURCES
M022,I034,UNRESOLVED,,,,,TRUE,UNRESOLVED,直接記載・公式rule由来mapping・一意な一般則categoryのいずれでも決定できない。 collector_status=NO_ITEM_MATCH_IN_FETCHED_OFFICIAL_SOURCES
M022,I035,UNRESOLVED,,,,,TRUE,UNRESOLVED,直接記載・公式rule由来mapping・一意な一般則categoryのいずれでも決定できない。 collector_status=NO_ITEM_MATCH_IN_FETCHED_OFFICIAL_SOURCES
M022,I036,UNRESOLVED,,,,,TRUE,UNRESOLVED,直接記載・公式rule由来mapping・一意な一般則categoryのいずれでも決定できない。 collector_status=NO_ITEM_MATCH_IN_FETCHED_OFFICIAL_SOURCES
M022,I037,UNRESOLVED,,,,,TRUE,UNRESOLVED,既存mappingの全branchをCURRENT公式category ruleで裏付けられないため未解決。 collector_status=NO_ITEM_MATCH_IN_FETCHED_OFFICIAL_SOURCES
M022,I038,UNRESOLVED,,,,,TRUE,UNRESOLVED,既存mappingの全branchをCURRENT公式category ruleで裏付けられないため未解決。 collector_status=NO_ITEM_MATCH_IN_FETCHED_OFFICIAL_SOURCES
M022,I039,OFFICIAL_RULE_DERIVED,C-M022-07,廃食用油,S-M022-02,p5 廃油回収,TRUE,CATEGORY_SUPPORTED_CONDITION_REVIEW_REQUIRED,品目の直接記載は必須とせず、既存mappingを支えるCURRENT公式category ruleから判定。 collector_status=NO_ITEM_MATCH_IN_FETCHED_OFFICIAL_SOURCES
M022,I040,UNRESOLVED,,,,,TRUE,UNRESOLVED,直接記載・公式rule由来mapping・一意な一般則categoryのいずれでも決定できない。 collector_status=NO_ITEM_MATCH_IN_FETCHED_OFFICIAL_SOURCES
M023,I001,UNRESOLVED,,,,,FALSE,UNRESOLVED,直接記載・公式rule由来mapping・一意な一般則categoryのいずれでも決定できない。 collector_status=NO_ITEM_MATCH_IN_FETCHED_OFFICIAL_SOURCES
M023,I002,UNRESOLVED,,,,,TRUE,UNRESOLVED,直接記載・公式rule由来mapping・一意な一般則categoryのいずれでも決定できない。 collector_status=NO_ITEM_MATCH_IN_FETCHED_OFFICIAL_SOURCES
M023,I003,UNRESOLVED,,,,,TRUE,UNRESOLVED,直接記載・公式rule由来mapping・一意な一般則categoryのいずれでも決定できない。 collector_status=NO_ITEM_MATCH_IN_FETCHED_OFFICIAL_SOURCES
M023,I004,UNRESOLVED,,,,,FALSE,UNRESOLVED,直接記載・公式rule由来mapping・一意な一般則categoryのいずれでも決定できない。 collector_status=NO_ITEM_MATCH_IN_FETCHED_OFFICIAL_SOURCES
M023,I005,UNRESOLVED,,,,,FALSE,UNRESOLVED,直接記載・公式rule由来mapping・一意な一般則categoryのいずれでも決定できない。 collector_status=NO_ITEM_MATCH_IN_FETCHED_OFFICIAL_SOURCES
M023,I006,UNRESOLVED,,,,,TRUE,UNRESOLVED,直接記載・公式rule由来mapping・一意な一般則categoryのいずれでも決定できない。 collector_status=NO_ITEM_MATCH_IN_FETCHED_OFFICIAL_SOURCES
M023,I007,UNRESOLVED,,,,,TRUE,UNRESOLVED,直接記載・公式rule由来mapping・一意な一般則categoryのいずれでも決定できない。 collector_status=NO_ITEM_MATCH_IN_FETCHED_OFFICIAL_SOURCES
M023,I008,UNRESOLVED,,,,,TRUE,UNRESOLVED,直接記載・公式rule由来mapping・一意な一般則categoryのいずれでも決定できない。 collector_status=NO_ITEM_MATCH_IN_FETCHED_OFFICIAL_SOURCES
M023,I009,UNRESOLVED,,,,,TRUE,UNRESOLVED,直接記載・公式rule由来mapping・一意な一般則categoryのいずれでも決定できない。 collector_status=NO_ITEM_MATCH_IN_FETCHED_OFFICIAL_SOURCES
M023,I010,UNRESOLVED,,,,,TRUE,UNRESOLVED,直接記載・公式rule由来mapping・一意な一般則categoryのいずれでも決定できない。 collector_status=NO_ITEM_MATCH_IN_FETCHED_OFFICIAL_SOURCES
M023,I011,UNRESOLVED,,,,,TRUE,UNRESOLVED,直接記載・公式rule由来mapping・一意な一般則categoryのいずれでも決定できない。 collector_status=NO_ITEM_MATCH_IN_FETCHED_OFFICIAL_SOURCES
M023,I012,UNRESOLVED,,,,,TRUE,UNRESOLVED,直接記載・公式rule由来mapping・一意な一般則categoryのいずれでも決定できない。 collector_status=NO_ITEM_MATCH_IN_FETCHED_OFFICIAL_SOURCES
M023,I013,UNRESOLVED,,,,,FALSE,UNRESOLVED,直接記載・公式rule由来mapping・一意な一般則categoryのいずれでも決定できない。 collector_status=NO_ITEM_MATCH_IN_FETCHED_OFFICIAL_SOURCES
M023,I014,UNRESOLVED,,,,,FALSE,UNRESOLVED,直接記載・公式rule由来mapping・一意な一般則categoryのいずれでも決定できない。 collector_status=NO_ITEM_MATCH_IN_FETCHED_OFFICIAL_SOURCES
M023,I015,UNRESOLVED,,,,,FALSE,UNRESOLVED,直接記載・公式rule由来mapping・一意な一般則categoryのいずれでも決定できない。 collector_status=NO_ITEM_MATCH_IN_FETCHED_OFFICIAL_SOURCES
M023,I016,UNRESOLVED,,,,,FALSE,UNRESOLVED,直接記載・公式rule由来mapping・一意な一般則categoryのいずれでも決定できない。 collector_status=NO_ITEM_MATCH_IN_FETCHED_OFFICIAL_SOURCES
M023,I017,UNRESOLVED,,,,,TRUE,UNRESOLVED,直接記載・公式rule由来mapping・一意な一般則categoryのいずれでも決定できない。 collector_status=NO_ITEM_MATCH_IN_FETCHED_OFFICIAL_SOURCES
M023,I018,OFFICIAL_RULE_DERIVED,C-M023-01,普通ごみ,S-M023-03,普通ごみ収集／対象となるごみ,TRUE,CATEGORY_SUPPORTED_CONDITION_REVIEW_REQUIRED,品目の直接記載は必須とせず、既存mappingを支えるCURRENT公式category ruleから判定。 collector_status=NO_ITEM_MATCH_IN_FETCHED_OFFICIAL_SOURCES
M023,I019,GENERAL_RULE_DERIVED,C-M023-01,普通ごみ,S-M023-03,普通ごみ収集／対象となるごみ,TRUE,CATEGORY_SUPPORTED_CONDITION_REVIEW_REQUIRED,個別記載・既存mappingなし。一般的な材質/用途ルールと一意のCURRENT公式categoryが一致。 collector_status=NO_ITEM_MATCH_IN_FETCHED_OFFICIAL_SOURCES
M023,I020,GENERAL_RULE_DERIVED,C-M023-01,普通ごみ,S-M023-03,普通ごみ収集／対象となるごみ,TRUE,CATEGORY_SUPPORTED_CONDITION_REVIEW_REQUIRED,個別記載・既存mappingなし。一般的な材質/用途ルールと一意のCURRENT公式categoryが一致。 collector_status=NO_ITEM_MATCH_IN_FETCHED_OFFICIAL_SOURCES
M023,I021,OFFICIAL_RULE_DERIVED,C-M023-04,古紙・衣類,S-M023-01,定曜日に収集するごみ／古紙・衣類,FALSE,CATEGORY_SUPPORTED,品目の直接記載は必須とせず、既存mappingを支えるCURRENT公式category ruleから判定。 collector_status=NO_ITEM_MATCH_IN_FETCHED_OFFICIAL_SOURCES
M023,I022,UNRESOLVED,,,,,TRUE,UNRESOLVED,直接記載・公式rule由来mapping・一意な一般則categoryのいずれでも決定できない。 collector_status=NO_ITEM_MATCH_IN_FETCHED_OFFICIAL_SOURCES
M023,I023,UNRESOLVED,,,,,FALSE,UNRESOLVED,直接記載・公式rule由来mapping・一意な一般則categoryのいずれでも決定できない。 collector_status=NO_ITEM_MATCH_IN_FETCHED_OFFICIAL_SOURCES
M023,I024,UNRESOLVED,,,,,FALSE,UNRESOLVED,直接記載・公式rule由来mapping・一意な一般則categoryのいずれでも決定できない。 collector_status=NO_ITEM_MATCH_IN_FETCHED_OFFICIAL_SOURCES
M023,I025,UNRESOLVED,,,,,TRUE,UNRESOLVED,直接記載・公式rule由来mapping・一意な一般則categoryのいずれでも決定できない。 collector_status=NO_ITEM_MATCH_IN_FETCHED_OFFICIAL_SOURCES
M023,I026,UNRESOLVED,,,,,TRUE,UNRESOLVED,直接記載・公式rule由来mapping・一意な一般則categoryのいずれでも決定できない。 collector_status=NO_ITEM_MATCH_IN_FETCHED_OFFICIAL_SOURCES
M023,I027,UNRESOLVED,,,,,TRUE,UNRESOLVED,直接記載・公式rule由来mapping・一意な一般則categoryのいずれでも決定できない。 collector_status=NO_ITEM_MATCH_IN_FETCHED_OFFICIAL_SOURCES
M023,I028,UNRESOLVED,,,,,TRUE,UNRESOLVED,直接記載・公式rule由来mapping・一意な一般則categoryのいずれでも決定できない。 collector_status=NO_ITEM_MATCH_IN_FETCHED_OFFICIAL_SOURCES
M023,I029,OFFICIAL_RULE_DERIVED,C-M023-06,リチウムイオン電池等,S-M023-03,普通ごみ収集／リチウムイオン電池等の回収,TRUE,CATEGORY_SUPPORTED_CONDITION_REVIEW_REQUIRED,品目の直接記載は必須とせず、既存mappingを支えるCURRENT公式category ruleから判定。 collector_status=NO_ITEM_MATCH_IN_FETCHED_OFFICIAL_SOURCES
M023,I030,UNRESOLVED,,,,,TRUE,UNRESOLVED,直接記載・公式rule由来mapping・一意な一般則categoryのいずれでも決定できない。 collector_status=NO_ITEM_MATCH_IN_FETCHED_OFFICIAL_SOURCES
M023,I031,UNRESOLVED,,,,,TRUE,UNRESOLVED,直接記載・公式rule由来mapping・一意な一般則categoryのいずれでも決定できない。 collector_status=NO_ITEM_MATCH_IN_FETCHED_OFFICIAL_SOURCES
M023,I032,UNRESOLVED,,,,,TRUE,UNRESOLVED,直接記載・公式rule由来mapping・一意な一般則categoryのいずれでも決定できない。 collector_status=NO_ITEM_MATCH_IN_FETCHED_OFFICIAL_SOURCES
M023,I033,UNRESOLVED,,,,,TRUE,UNRESOLVED,直接記載・公式rule由来mapping・一意な一般則categoryのいずれでも決定できない。 collector_status=NO_ITEM_MATCH_IN_FETCHED_OFFICIAL_SOURCES
M023,I034,OFFICIAL_RULE_DERIVED,C-M023-07,小型家電回収,S-M023-01,小型家電リサイクル回収への公式導線,TRUE,CATEGORY_SUPPORTED_CONDITION_REVIEW_REQUIRED,品目の直接記載は必須とせず、既存mappingを支えるCURRENT公式category ruleから判定。 collector_status=NO_ITEM_MATCH_IN_FETCHED_OFFICIAL_SOURCES
M023,I035,UNRESOLVED,,,,,TRUE,UNRESOLVED,直接記載・公式rule由来mapping・一意な一般則categoryのいずれでも決定できない。 collector_status=NO_ITEM_MATCH_IN_FETCHED_OFFICIAL_SOURCES
M023,I036,UNRESOLVED,,,,,TRUE,UNRESOLVED,直接記載・公式rule由来mapping・一意な一般則categoryのいずれでも決定できない。 collector_status=NO_ITEM_MATCH_IN_FETCHED_OFFICIAL_SOURCES
M023,I037,UNRESOLVED,,,,,TRUE,UNRESOLVED,既存mappingの全branchをCURRENT公式category ruleで裏付けられないため未解決。 collector_status=NO_ITEM_MATCH_IN_FETCHED_OFFICIAL_SOURCES
M023,I038,UNRESOLVED,,,,,TRUE,UNRESOLVED,直接記載・公式rule由来mapping・一意な一般則categoryのいずれでも決定できない。 collector_status=NO_ITEM_MATCH_IN_FETCHED_OFFICIAL_SOURCES
M023,I039,UNRESOLVED,,,,,TRUE,UNRESOLVED,直接記載・公式rule由来mapping・一意な一般則categoryのいずれでも決定できない。 collector_status=NO_ITEM_MATCH_IN_FETCHED_OFFICIAL_SOURCES
M023,I040,UNRESOLVED,,,,,TRUE,UNRESOLVED,直接記載・公式rule由来mapping・一意な一般則categoryのいずれでも決定できない。 collector_status=NO_ITEM_MATCH_IN_FETCHED_OFFICIAL_SOURCES
M024,I001,OFFICIAL_RULE_DERIVED,C-M024-06,缶・びん・ペットボトル,S-M024-02,Q&A／缶・びん・ペットボトル,TRUE,CATEGORY_SUPPORTED_CONDITION_REVIEW_REQUIRED,品目の直接記載は必須とせず、既存mappingを支えるCURRENT公式category ruleから判定。 collector_status=NO_ITEM_MATCH_IN_FETCHED_OFFICIAL_SOURCES
M024,I002,OFFICIAL_RULE_DERIVED,C-M024-05,容器包装プラスチック,S-M024-02,Q&A／PETキャップ・ラベル、容器包装プラスチック,TRUE,CATEGORY_SUPPORTED_CONDITION_REVIEW_REQUIRED,品目の直接記載は必須とせず、既存mappingを支えるCURRENT公式category ruleから判定。 collector_status=NO_ITEM_MATCH_IN_FETCHED_OFFICIAL_SOURCES
M024,I003,OFFICIAL_RULE_DERIVED,C-M024-05,容器包装プラスチック,S-M024-02,Q&A／PETキャップ・ラベル、容器包装プラスチック,TRUE,CATEGORY_SUPPORTED_CONDITION_REVIEW_REQUIRED,品目の直接記載は必須とせず、既存mappingを支えるCURRENT公式category ruleから判定。 collector_status=NO_ITEM_MATCH_IN_FETCHED_OFFICIAL_SOURCES
M024,I004,UNRESOLVED,,,,,FALSE,UNRESOLVED,直接記載・公式rule由来mapping・一意な一般則categoryのいずれでも決定できない。 collector_status=NO_ITEM_MATCH_IN_FETCHED_OFFICIAL_SOURCES
M024,I005,UNRESOLVED,,,,,FALSE,UNRESOLVED,直接記載・公式rule由来mapping・一意な一般則categoryのいずれでも決定できない。 collector_status=NO_ITEM_MATCH_IN_FETCHED_OFFICIAL_SOURCES
M024,I006,OFFICIAL_RULE_DERIVED,C-M024-06,缶・びん・ペットボトル,S-M024-02,Q&A／缶・びん・ペットボトル,TRUE,CATEGORY_SUPPORTED_CONDITION_REVIEW_REQUIRED,品目の直接記載は必須とせず、既存mappingを支えるCURRENT公式category ruleから判定。 collector_status=NO_ITEM_MATCH_IN_FETCHED_OFFICIAL_SOURCES
M024,I007,UNRESOLVED,,,,,TRUE,UNRESOLVED,直接記載・公式rule由来mapping・一意な一般則categoryのいずれでも決定できない。 collector_status=NO_ITEM_MATCH_IN_FETCHED_OFFICIAL_SOURCES
M024,I008,UNRESOLVED,,,,,TRUE,UNRESOLVED,直接記載・公式rule由来mapping・一意な一般則categoryのいずれでも決定できない。 collector_status=NO_ITEM_MATCH_IN_FETCHED_OFFICIAL_SOURCES
M024,I009,GENERAL_RULE_DERIVED,C-M024-05,容器包装プラスチック,S-M024-02,Q&A／PETキャップ・ラベル、容器包装プラスチック,TRUE,CATEGORY_SUPPORTED_CONDITION_REVIEW_REQUIRED,個別記載・既存mappingなし。一般的な材質/用途ルールと一意のCURRENT公式categoryが一致。 collector_status=NO_ITEM_MATCH_IN_FETCHED_OFFICIAL_SOURCES
M024,I010,GENERAL_RULE_DERIVED,C-M024-05,容器包装プラスチック,S-M024-02,Q&A／PETキャップ・ラベル、容器包装プラスチック,TRUE,CATEGORY_SUPPORTED_CONDITION_REVIEW_REQUIRED,個別記載・既存mappingなし。一般的な材質/用途ルールと一意のCURRENT公式categoryが一致。 collector_status=NO_ITEM_MATCH_IN_FETCHED_OFFICIAL_SOURCES
M024,I011,GENERAL_RULE_DERIVED,C-M024-05,容器包装プラスチック,S-M024-02,Q&A／PETキャップ・ラベル、容器包装プラスチック,TRUE,CATEGORY_SUPPORTED_CONDITION_REVIEW_REQUIRED,個別記載・既存mappingなし。一般的な材質/用途ルールと一意のCURRENT公式categoryが一致。 collector_status=NO_ITEM_MATCH_IN_FETCHED_OFFICIAL_SOURCES
M024,I012,GENERAL_RULE_DERIVED,C-M024-05,容器包装プラスチック,S-M024-02,Q&A／PETキャップ・ラベル、容器包装プラスチック,TRUE,CATEGORY_SUPPORTED_CONDITION_REVIEW_REQUIRED,個別記載・既存mappingなし。一般的な材質/用途ルールと一意のCURRENT公式categoryが一致。 collector_status=NO_ITEM_MATCH_IN_FETCHED_OFFICIAL_SOURCES
M024,I013,UNRESOLVED,,,,,FALSE,UNRESOLVED,直接記載・公式rule由来mapping・一意な一般則categoryのいずれでも決定できない。 collector_status=NO_ITEM_MATCH_IN_FETCHED_OFFICIAL_SOURCES
M024,I014,UNRESOLVED,,,,,FALSE,UNRESOLVED,直接記載・公式rule由来mapping・一意な一般則categoryのいずれでも決定できない。 collector_status=NO_ITEM_MATCH_IN_FETCHED_OFFICIAL_SOURCES
M024,I015,UNRESOLVED,,,,,FALSE,UNRESOLVED,直接記載・公式rule由来mapping・一意な一般則categoryのいずれでも決定できない。 collector_status=NO_ITEM_MATCH_IN_FETCHED_OFFICIAL_SOURCES
M024,I016,UNRESOLVED,,,,,FALSE,UNRESOLVED,直接記載・公式rule由来mapping・一意な一般則categoryのいずれでも決定できない。 collector_status=NO_ITEM_MATCH_IN_FETCHED_OFFICIAL_SOURCES
M024,I017,UNRESOLVED,,,,,TRUE,UNRESOLVED,直接記載・公式rule由来mapping・一意な一般則categoryのいずれでも決定できない。 collector_status=NO_ITEM_MATCH_IN_FETCHED_OFFICIAL_SOURCES
M024,I018,OFFICIAL_RULE_DERIVED,C-M024-04,燃えるごみ,S-M024-01,ごみの出し方・分別／燃えるごみ,FALSE,CATEGORY_SUPPORTED,品目の直接記載は必須とせず、既存mappingを支えるCURRENT公式category ruleから判定。 collector_status=NO_ITEM_MATCH_IN_FETCHED_OFFICIAL_SOURCES
M024,I019,GENERAL_RULE_DERIVED,C-M024-04,燃えるごみ,S-M024-01,ごみの出し方・分別／燃えるごみ,FALSE,CATEGORY_SUPPORTED,個別記載・既存mappingなし。一般的な材質/用途ルールと一意のCURRENT公式categoryが一致。 collector_status=NO_ITEM_MATCH_IN_FETCHED_OFFICIAL_SOURCES
M024,I020,GENERAL_RULE_DERIVED,C-M024-04,燃えるごみ,S-M024-01,ごみの出し方・分別／燃えるごみ,FALSE,CATEGORY_SUPPORTED,個別記載・既存mappingなし。一般的な材質/用途ルールと一意のCURRENT公式categoryが一致。 collector_status=NO_ITEM_MATCH_IN_FETCHED_OFFICIAL_SOURCES
M024,I021,OFFICIAL_RULE_DERIVED,C-M024-07,資源集団回収,S-M024-01,地域での資源回収,FALSE,CATEGORY_SUPPORTED,品目の直接記載は必須とせず、既存mappingを支えるCURRENT公式category ruleから判定。 collector_status=NO_ITEM_MATCH_IN_FETCHED_OFFICIAL_SOURCES
M024,I022,UNRESOLVED,,,,,TRUE,UNRESOLVED,直接記載・公式rule由来mapping・一意な一般則categoryのいずれでも決定できない。 collector_status=NO_ITEM_MATCH_IN_FETCHED_OFFICIAL_SOURCES
M024,I023,OFFICIAL_RULE_DERIVED,C-M024-02,燃えないごみ,S-M024-01,ごみの出し方・分別／燃えないごみ,FALSE,CATEGORY_SUPPORTED,品目の直接記載は必須とせず、既存mappingを支えるCURRENT公式category ruleから判定。 collector_status=NO_ITEM_MATCH_IN_FETCHED_OFFICIAL_SOURCES
M024,I024,GENERAL_RULE_DERIVED,C-M024-02,燃えないごみ,S-M024-01,ごみの出し方・分別／燃えないごみ,FALSE,CATEGORY_SUPPORTED,個別記載・既存mappingなし。一般的な材質/用途ルールと一意のCURRENT公式categoryが一致。 collector_status=NO_ITEM_MATCH_IN_FETCHED_OFFICIAL_SOURCES
M024,I025,UNRESOLVED,,,,,TRUE,UNRESOLVED,直接記載・公式rule由来mapping・一意な一般則categoryのいずれでも決定できない。 collector_status=NO_ITEM_MATCH_IN_FETCHED_OFFICIAL_SOURCES
M024,I026,UNRESOLVED,,,,,TRUE,UNRESOLVED,直接記載・公式rule由来mapping・一意な一般則categoryのいずれでも決定できない。 collector_status=NO_ITEM_MATCH_IN_FETCHED_OFFICIAL_SOURCES
M024,I027,UNRESOLVED,,,,,TRUE,UNRESOLVED,直接記載・公式rule由来mapping・一意な一般則categoryのいずれでも決定できない。 collector_status=NO_ITEM_MATCH_IN_FETCHED_OFFICIAL_SOURCES
M024,I028,OFFICIAL_RULE_DERIVED,C-M024-08,電池類回収ボックス,S-M024-01,家庭ごみ関連トピックス／電池類回収ボックス,TRUE,CATEGORY_SUPPORTED_CONDITION_REVIEW_REQUIRED,品目の直接記載は必須とせず、既存mappingを支えるCURRENT公式category ruleから判定。 collector_status=NO_ITEM_MATCH_IN_FETCHED_OFFICIAL_SOURCES
M024,I029,OFFICIAL_RULE_DERIVED,C-M024-08,電池類回収ボックス,S-M024-01,家庭ごみ関連トピックス／電池類回収ボックス,TRUE,CATEGORY_SUPPORTED_CONDITION_REVIEW_REQUIRED,品目の直接記載は必須とせず、既存mappingを支えるCURRENT公式category ruleから判定。 collector_status=NO_ITEM_MATCH_IN_FETCHED_OFFICIAL_SOURCES
M024,I030,OFFICIAL_RULE_DERIVED,C-M024-10,蛍光管回収,S-M024-01,回収協力店などで回収／蛍光管,TRUE,CATEGORY_SUPPORTED_CONDITION_REVIEW_REQUIRED,品目の直接記載は必須とせず、既存mappingを支えるCURRENT公式category ruleから判定。 collector_status=NO_ITEM_MATCH_IN_FETCHED_OFFICIAL_SOURCES
M024,I031,UNRESOLVED,,,,,TRUE,UNRESOLVED,直接記載・公式rule由来mapping・一意な一般則categoryのいずれでも決定できない。 collector_status=NO_ITEM_MATCH_IN_FETCHED_OFFICIAL_SOURCES
M024,I032,OFFICIAL_RULE_DERIVED,C-M024-03,カセットボンベ・スプレー缶,S-M024-01,ごみの出し方・分別／カセットボンベ・スプレー缶,TRUE,CATEGORY_SUPPORTED_CONDITION_REVIEW_REQUIRED,品目の直接記載は必須とせず、既存mappingを支えるCURRENT公式category ruleから判定。 collector_status=NO_ITEM_MATCH_IN_FETCHED_OFFICIAL_SOURCES
M024,I033,UNRESOLVED,,,,,TRUE,UNRESOLVED,直接記載・公式rule由来mapping・一意な一般則categoryのいずれでも決定できない。 collector_status=NO_ITEM_MATCH_IN_FETCHED_OFFICIAL_SOURCES
M024,I034,OFFICIAL_RULE_DERIVED,C-M024-09,小型家電リサイクル回収,S-M024-01,回収協力店などで回収／小型家電,TRUE,CATEGORY_SUPPORTED_CONDITION_REVIEW_REQUIRED,品目の直接記載は必須とせず、既存mappingを支えるCURRENT公式category ruleから判定。 collector_status=NO_ITEM_MATCH_IN_FETCHED_OFFICIAL_SOURCES
M024,I035,UNRESOLVED,,,,,TRUE,UNRESOLVED,直接記載・公式rule由来mapping・一意な一般則categoryのいずれでも決定できない。 collector_status=NO_ITEM_MATCH_IN_FETCHED_OFFICIAL_SOURCES
M024,I036,UNRESOLVED,,,,,TRUE,UNRESOLVED,直接記載・公式rule由来mapping・一意な一般則categoryのいずれでも決定できない。 collector_status=NO_ITEM_MATCH_IN_FETCHED_OFFICIAL_SOURCES
M024,I037,UNRESOLVED,,,,,TRUE,UNRESOLVED,既存mappingの全branchをCURRENT公式category ruleで裏付けられないため未解決。 collector_status=NO_ITEM_MATCH_IN_FETCHED_OFFICIAL_SOURCES
M024,I038,UNRESOLVED,,,,,TRUE,UNRESOLVED,既存mappingの全branchをCURRENT公式category ruleで裏付けられないため未解決。 collector_status=NO_ITEM_MATCH_IN_FETCHED_OFFICIAL_SOURCES
M024,I039,UNRESOLVED,,,,,TRUE,UNRESOLVED,直接記載・公式rule由来mapping・一意な一般則categoryのいずれでも決定できない。 collector_status=NO_ITEM_MATCH_IN_FETCHED_OFFICIAL_SOURCES
M024,I040,UNRESOLVED,,,,,TRUE,UNRESOLVED,直接記載・公式rule由来mapping・一意な一般則categoryのいずれでも決定できない。 collector_status=NO_ITEM_MATCH_IN_FETCHED_OFFICIAL_SOURCES
M025,I001,OFFICIAL_RULE_DERIVED,C-M025-07,ペットボトル,S-M025-02,ペットボトルの分別方法,TRUE,CATEGORY_SUPPORTED_CONDITION_REVIEW_REQUIRED,品目の直接記載は必須とせず、既存mappingを支えるCURRENT公式category ruleから判定。 collector_status=NO_ITEM_MATCH_IN_FETCHED_OFFICIAL_SOURCES
M025,I002,UNRESOLVED,,,,,TRUE,UNRESOLVED,直接記載・公式rule由来mapping・一意な一般則categoryのいずれでも決定できない。 collector_status=NO_ITEM_MATCH_IN_FETCHED_OFFICIAL_SOURCES
M025,I003,UNRESOLVED,,,,,TRUE,UNRESOLVED,直接記載・公式rule由来mapping・一意な一般則categoryのいずれでも決定できない。 collector_status=NO_ITEM_MATCH_IN_FETCHED_OFFICIAL_SOURCES
M025,I004,UNRESOLVED,,,,,FALSE,UNRESOLVED,直接記載・公式rule由来mapping・一意な一般則categoryのいずれでも決定できない。 collector_status=NO_ITEM_MATCH_IN_FETCHED_OFFICIAL_SOURCES
M025,I005,UNRESOLVED,,,,,FALSE,UNRESOLVED,直接記載・公式rule由来mapping・一意な一般則categoryのいずれでも決定できない。 collector_status=NO_ITEM_MATCH_IN_FETCHED_OFFICIAL_SOURCES
M025,I006,OFFICIAL_RULE_DERIVED,C-M025-06,びん・かん,S-M025-02,よくある間違い／びん・缶・スプレー缶,TRUE,CATEGORY_SUPPORTED_CONDITION_REVIEW_REQUIRED,品目の直接記載は必須とせず、既存mappingを支えるCURRENT公式category ruleから判定。 collector_status=NO_ITEM_MATCH_IN_FETCHED_OFFICIAL_SOURCES
M025,I007,UNRESOLVED,,,,,TRUE,UNRESOLVED,直接記載・公式rule由来mapping・一意な一般則categoryのいずれでも決定できない。 collector_status=NO_ITEM_MATCH_IN_FETCHED_OFFICIAL_SOURCES
M025,I008,UNRESOLVED,,,,,TRUE,UNRESOLVED,直接記載・公式rule由来mapping・一意な一般則categoryのいずれでも決定できない。 collector_status=NO_ITEM_MATCH_IN_FETCHED_OFFICIAL_SOURCES
M025,I009,GENERAL_RULE_DERIVED,C-M025-08,プラスチック製容器包装,S-M025-01,市の分別区分9分別／プラスチック製容器包装,TRUE,CATEGORY_SUPPORTED_CONDITION_REVIEW_REQUIRED,個別記載・既存mappingなし。一般的な材質/用途ルールと一意のCURRENT公式categoryが一致。 collector_status=NO_ITEM_MATCH_IN_FETCHED_OFFICIAL_SOURCES
M025,I010,GENERAL_RULE_DERIVED,C-M025-08,プラスチック製容器包装,S-M025-01,市の分別区分9分別／プラスチック製容器包装,TRUE,CATEGORY_SUPPORTED_CONDITION_REVIEW_REQUIRED,個別記載・既存mappingなし。一般的な材質/用途ルールと一意のCURRENT公式categoryが一致。 collector_status=NO_ITEM_MATCH_IN_FETCHED_OFFICIAL_SOURCES
M025,I011,GENERAL_RULE_DERIVED,C-M025-08,プラスチック製容器包装,S-M025-01,市の分別区分9分別／プラスチック製容器包装,TRUE,CATEGORY_SUPPORTED_CONDITION_REVIEW_REQUIRED,個別記載・既存mappingなし。一般的な材質/用途ルールと一意のCURRENT公式categoryが一致。 collector_status=NO_ITEM_MATCH_IN_FETCHED_OFFICIAL_SOURCES
M025,I012,GENERAL_RULE_DERIVED,C-M025-08,プラスチック製容器包装,S-M025-01,市の分別区分9分別／プラスチック製容器包装,TRUE,CATEGORY_SUPPORTED_CONDITION_REVIEW_REQUIRED,個別記載・既存mappingなし。一般的な材質/用途ルールと一意のCURRENT公式categoryが一致。 collector_status=NO_ITEM_MATCH_IN_FETCHED_OFFICIAL_SOURCES
M025,I013,UNRESOLVED,,,,,FALSE,UNRESOLVED,直接記載・公式rule由来mapping・一意な一般則categoryのいずれでも決定できない。 collector_status=NO_ITEM_MATCH_IN_FETCHED_OFFICIAL_SOURCES
M025,I014,UNRESOLVED,,,,,FALSE,UNRESOLVED,直接記載・公式rule由来mapping・一意な一般則categoryのいずれでも決定できない。 collector_status=NO_ITEM_MATCH_IN_FETCHED_OFFICIAL_SOURCES
M025,I015,UNRESOLVED,,,,,FALSE,UNRESOLVED,直接記載・公式rule由来mapping・一意な一般則categoryのいずれでも決定できない。 collector_status=NO_ITEM_MATCH_IN_FETCHED_OFFICIAL_SOURCES
M025,I016,UNRESOLVED,,,,,FALSE,UNRESOLVED,直接記載・公式rule由来mapping・一意な一般則categoryのいずれでも決定できない。 collector_status=NO_ITEM_MATCH_IN_FETCHED_OFFICIAL_SOURCES
M025,I017,UNRESOLVED,,,,,TRUE,UNRESOLVED,直接記載・公式rule由来mapping・一意な一般則categoryのいずれでも決定できない。 collector_status=NO_ITEM_MATCH_IN_FETCHED_OFFICIAL_SOURCES
M025,I018,OFFICIAL_RULE_DERIVED,C-M025-01,燃やすごみ,S-M025-01,市の分別区分9分別／燃やすごみ,TRUE,CATEGORY_SUPPORTED_CONDITION_REVIEW_REQUIRED,品目の直接記載は必須とせず、既存mappingを支えるCURRENT公式category ruleから判定。 collector_status=NO_ITEM_MATCH_IN_FETCHED_OFFICIAL_SOURCES
M025,I019,GENERAL_RULE_DERIVED,C-M025-01,燃やすごみ,S-M025-01,市の分別区分9分別／燃やすごみ,TRUE,CATEGORY_SUPPORTED_CONDITION_REVIEW_REQUIRED,個別記載・既存mappingなし。一般的な材質/用途ルールと一意のCURRENT公式categoryが一致。 collector_status=NO_ITEM_MATCH_IN_FETCHED_OFFICIAL_SOURCES
M025,I020,GENERAL_RULE_DERIVED,C-M025-01,燃やすごみ,S-M025-01,市の分別区分9分別／燃やすごみ,TRUE,CATEGORY_SUPPORTED_CONDITION_REVIEW_REQUIRED,個別記載・既存mappingなし。一般的な材質/用途ルールと一意のCURRENT公式categoryが一致。 collector_status=NO_ITEM_MATCH_IN_FETCHED_OFFICIAL_SOURCES
M025,I021,UNRESOLVED,,,,,FALSE,UNRESOLVED,直接記載・公式rule由来mapping・一意な一般則categoryのいずれでも決定できない。 collector_status=NO_ITEM_MATCH_IN_FETCHED_OFFICIAL_SOURCES
M025,I022,UNRESOLVED,,,,,TRUE,UNRESOLVED,直接記載・公式rule由来mapping・一意な一般則categoryのいずれでも決定できない。 collector_status=NO_ITEM_MATCH_IN_FETCHED_OFFICIAL_SOURCES
M025,I023,OFFICIAL_RULE_DERIVED,C-M025-02,燃やさないごみ,S-M025-01,市の分別区分9分別／燃やさないごみ,TRUE,CATEGORY_SUPPORTED_CONDITION_REVIEW_REQUIRED,品目の直接記載は必須とせず、既存mappingを支えるCURRENT公式category ruleから判定。 collector_status=NO_ITEM_MATCH_IN_FETCHED_OFFICIAL_SOURCES
M025,I024,GENERAL_RULE_DERIVED,C-M025-02,燃やさないごみ,S-M025-01,市の分別区分9分別／燃やさないごみ,TRUE,CATEGORY_SUPPORTED_CONDITION_REVIEW_REQUIRED,個別記載・既存mappingなし。一般的な材質/用途ルールと一意のCURRENT公式categoryが一致。 collector_status=NO_ITEM_MATCH_IN_FETCHED_OFFICIAL_SOURCES
M025,I025,UNRESOLVED,,,,,TRUE,UNRESOLVED,直接記載・公式rule由来mapping・一意な一般則categoryのいずれでも決定できない。 collector_status=NO_ITEM_MATCH_IN_FETCHED_OFFICIAL_SOURCES
M025,I026,UNRESOLVED,,,,,TRUE,UNRESOLVED,直接記載・公式rule由来mapping・一意な一般則categoryのいずれでも決定できない。 collector_status=NO_ITEM_MATCH_IN_FETCHED_OFFICIAL_SOURCES
M025,I027,OFFICIAL_RULE_DERIVED,C-M025-04,乾電池類,S-M025-01,市の分別区分9分別／乾電池類,TRUE,CATEGORY_SUPPORTED_CONDITION_REVIEW_REQUIRED,品目の直接記載は必須とせず、既存mappingを支えるCURRENT公式category ruleから判定。 collector_status=NO_ITEM_MATCH_IN_FETCHED_OFFICIAL_SOURCES
M025,I028,UNRESOLVED,,,,,TRUE,UNRESOLVED,直接記載・公式rule由来mapping・一意な一般則categoryのいずれでも決定できない。 collector_status=NO_ITEM_MATCH_IN_FETCHED_OFFICIAL_SOURCES
M025,I029,UNRESOLVED,,,,,TRUE,UNRESOLVED,直接記載・公式rule由来mapping・一意な一般則categoryのいずれでも決定できない。 collector_status=NO_ITEM_MATCH_IN_FETCHED_OFFICIAL_SOURCES
M025,I030,OFFICIAL_RULE_DERIVED,C-M025-03,蛍光管,S-M025-01,市の分別区分9分別／蛍光管,TRUE,CATEGORY_SUPPORTED_CONDITION_REVIEW_REQUIRED,品目の直接記載は必須とせず、既存mappingを支えるCURRENT公式category ruleから判定。 collector_status=NO_ITEM_MATCH_IN_FETCHED_OFFICIAL_SOURCES
M025,I031,UNRESOLVED,,,,,TRUE,UNRESOLVED,直接記載・公式rule由来mapping・一意な一般則categoryのいずれでも決定できない。 collector_status=NO_ITEM_MATCH_IN_FETCHED_OFFICIAL_SOURCES
M025,I032,OFFICIAL_RULE_DERIVED,C-M025-06,びん・かん,S-M025-02,よくある間違い／びん・缶・スプレー缶,TRUE,CATEGORY_SUPPORTED_CONDITION_REVIEW_REQUIRED,品目の直接記載は必須とせず、既存mappingを支えるCURRENT公式category ruleから判定。 collector_status=NO_ITEM_MATCH_IN_FETCHED_OFFICIAL_SOURCES
M025,I033,UNRESOLVED,,,,,TRUE,UNRESOLVED,直接記載・公式rule由来mapping・一意な一般則categoryのいずれでも決定できない。 collector_status=NO_ITEM_MATCH_IN_FETCHED_OFFICIAL_SOURCES
M025,I034,UNRESOLVED,,,,,TRUE,UNRESOLVED,直接記載・公式rule由来mapping・一意な一般則categoryのいずれでも決定できない。 collector_status=NO_ITEM_MATCH_IN_FETCHED_OFFICIAL_SOURCES
M025,I035,UNRESOLVED,,,,,TRUE,UNRESOLVED,直接記載・公式rule由来mapping・一意な一般則categoryのいずれでも決定できない。 collector_status=NO_ITEM_MATCH_IN_FETCHED_OFFICIAL_SOURCES
M025,I036,UNRESOLVED,,,,,TRUE,UNRESOLVED,直接記載・公式rule由来mapping・一意な一般則categoryのいずれでも決定できない。 collector_status=NO_ITEM_MATCH_IN_FETCHED_OFFICIAL_SOURCES
M025,I037,UNRESOLVED,,,,,TRUE,UNRESOLVED,直接記載・公式rule由来mapping・一意な一般則categoryのいずれでも決定できない。 collector_status=NO_ITEM_MATCH_IN_FETCHED_OFFICIAL_SOURCES
M025,I038,UNRESOLVED,,,,,TRUE,UNRESOLVED,既存mappingの全branchをCURRENT公式category ruleで裏付けられないため未解決。 collector_status=NO_ITEM_MATCH_IN_FETCHED_OFFICIAL_SOURCES
M025,I039,UNRESOLVED,,,,,TRUE,UNRESOLVED,直接記載・公式rule由来mapping・一意な一般則categoryのいずれでも決定できない。 collector_status=NO_ITEM_MATCH_IN_FETCHED_OFFICIAL_SOURCES
M025,I040,UNRESOLVED,,,,,TRUE,UNRESOLVED,直接記載・公式rule由来mapping・一意な一般則categoryのいずれでも決定できない。 collector_status=NO_ITEM_MATCH_IN_FETCHED_OFFICIAL_SOURCES
M026,I001,OFFICIAL_RULE_DERIVED,C-M026-06,ペットボトル,S-M026-01,家庭ごみ／ペットボトル,FALSE,CATEGORY_SUPPORTED,品目の直接記載は必須とせず、既存mappingを支えるCURRENT公式category ruleから判定。 collector_status=NO_ITEM_MATCH_IN_FETCHED_OFFICIAL_SOURCES
M026,I002,UNRESOLVED,,,,,TRUE,UNRESOLVED,直接記載・公式rule由来mapping・一意な一般則categoryのいずれでも決定できない。 collector_status=NO_ITEM_MATCH_IN_FETCHED_OFFICIAL_SOURCES
M026,I003,UNRESOLVED,,,,,TRUE,UNRESOLVED,直接記載・公式rule由来mapping・一意な一般則categoryのいずれでも決定できない。 collector_status=NO_ITEM_MATCH_IN_FETCHED_OFFICIAL_SOURCES
M026,I004,UNRESOLVED,,,,,FALSE,UNRESOLVED,直接記載・公式rule由来mapping・一意な一般則categoryのいずれでも決定できない。 collector_status=NO_ITEM_MATCH_IN_FETCHED_OFFICIAL_SOURCES
M026,I005,UNRESOLVED,,,,,FALSE,UNRESOLVED,直接記載・公式rule由来mapping・一意な一般則categoryのいずれでも決定できない。 collector_status=NO_ITEM_MATCH_IN_FETCHED_OFFICIAL_SOURCES
M026,I006,OFFICIAL_RULE_DERIVED,C-M026-05,空ビン類,S-M026-01,家庭ごみ／空ビン類,TRUE,CATEGORY_SUPPORTED_CONDITION_REVIEW_REQUIRED,品目の直接記載は必須とせず、既存mappingを支えるCURRENT公式category ruleから判定。 collector_status=NO_ITEM_MATCH_IN_FETCHED_OFFICIAL_SOURCES
M026,I007,UNRESOLVED,,,,,TRUE,UNRESOLVED,直接記載・公式rule由来mapping・一意な一般則categoryのいずれでも決定できない。 collector_status=NO_ITEM_MATCH_IN_FETCHED_OFFICIAL_SOURCES
M026,I008,UNRESOLVED,,,,,TRUE,UNRESOLVED,直接記載・公式rule由来mapping・一意な一般則categoryのいずれでも決定できない。 collector_status=NO_ITEM_MATCH_IN_FETCHED_OFFICIAL_SOURCES
M026,I009,GENERAL_RULE_DERIVED,C-M026-02,プラスチック製容器包装,S-M026-01,家庭ごみ／プラスチック製容器包装,TRUE,CATEGORY_SUPPORTED_CONDITION_REVIEW_REQUIRED,個別記載・既存mappingなし。一般的な材質/用途ルールと一意のCURRENT公式categoryが一致。 collector_status=NO_ITEM_MATCH_IN_FETCHED_OFFICIAL_SOURCES
M026,I010,GENERAL_RULE_DERIVED,C-M026-02,プラスチック製容器包装,S-M026-01,家庭ごみ／プラスチック製容器包装,TRUE,CATEGORY_SUPPORTED_CONDITION_REVIEW_REQUIRED,個別記載・既存mappingなし。一般的な材質/用途ルールと一意のCURRENT公式categoryが一致。 collector_status=NO_ITEM_MATCH_IN_FETCHED_OFFICIAL_SOURCES
M026,I011,GENERAL_RULE_DERIVED,C-M026-02,プラスチック製容器包装,S-M026-01,家庭ごみ／プラスチック製容器包装,TRUE,CATEGORY_SUPPORTED_CONDITION_REVIEW_REQUIRED,個別記載・既存mappingなし。一般的な材質/用途ルールと一意のCURRENT公式categoryが一致。 collector_status=NO_ITEM_MATCH_IN_FETCHED_OFFICIAL_SOURCES
M026,I012,GENERAL_RULE_DERIVED,C-M026-02,プラスチック製容器包装,S-M026-01,家庭ごみ／プラスチック製容器包装,TRUE,CATEGORY_SUPPORTED_CONDITION_REVIEW_REQUIRED,個別記載・既存mappingなし。一般的な材質/用途ルールと一意のCURRENT公式categoryが一致。 collector_status=NO_ITEM_MATCH_IN_FETCHED_OFFICIAL_SOURCES
M026,I013,OFFICIAL_RULE_DERIVED,C-M026-08,古紙類（新聞紙・ダンボール・雑誌類）,S-M026-01,家庭ごみ／古紙類,FALSE,CATEGORY_SUPPORTED,品目の直接記載は必須とせず、既存mappingを支えるCURRENT公式category ruleから判定。 collector_status=NO_ITEM_MATCH_IN_FETCHED_OFFICIAL_SOURCES
M026,I014,OFFICIAL_RULE_DERIVED,C-M026-08,古紙類（新聞紙・ダンボール・雑誌類）,S-M026-01,家庭ごみ／古紙類,FALSE,CATEGORY_SUPPORTED,品目の直接記載は必須とせず、既存mappingを支えるCURRENT公式category ruleから判定。 collector_status=NO_ITEM_MATCH_IN_FETCHED_OFFICIAL_SOURCES
M026,I015,OFFICIAL_RULE_DERIVED,C-M026-08,古紙類（新聞紙・ダンボール・雑誌類）,S-M026-01,家庭ごみ／古紙類,FALSE,CATEGORY_SUPPORTED,品目の直接記載は必須とせず、既存mappingを支えるCURRENT公式category ruleから判定。 collector_status=NO_ITEM_MATCH_IN_FETCHED_OFFICIAL_SOURCES
M026,I016,UNRESOLVED,,,,,FALSE,UNRESOLVED,直接記載・公式rule由来mapping・一意な一般則categoryのいずれでも決定できない。 collector_status=NO_ITEM_MATCH_IN_FETCHED_OFFICIAL_SOURCES
M026,I017,OFFICIAL_RULE_DERIVED,C-M026-07,紙パック,S-M026-01,家庭ごみ／紙パック,TRUE,CATEGORY_SUPPORTED_CONDITION_REVIEW_REQUIRED,品目の直接記載は必須とせず、既存mappingを支えるCURRENT公式category ruleから判定。 collector_status=NO_ITEM_MATCH_IN_FETCHED_OFFICIAL_SOURCES
M026,I018,OFFICIAL_RULE_DERIVED,C-M026-01,可燃ごみ,S-M026-01,家庭ごみ／可燃ごみ,TRUE,CATEGORY_SUPPORTED_CONDITION_REVIEW_REQUIRED,品目の直接記載は必須とせず、既存mappingを支えるCURRENT公式category ruleから判定。 collector_status=NO_ITEM_MATCH_IN_FETCHED_OFFICIAL_SOURCES
M026,I019,GENERAL_RULE_DERIVED,C-M026-01,可燃ごみ,S-M026-01,家庭ごみ／可燃ごみ,TRUE,CATEGORY_SUPPORTED_CONDITION_REVIEW_REQUIRED,個別記載・既存mappingなし。一般的な材質/用途ルールと一意のCURRENT公式categoryが一致。 collector_status=NO_ITEM_MATCH_IN_FETCHED_OFFICIAL_SOURCES
M026,I020,GENERAL_RULE_DERIVED,C-M026-01,可燃ごみ,S-M026-01,家庭ごみ／可燃ごみ,TRUE,CATEGORY_SUPPORTED_CONDITION_REVIEW_REQUIRED,個別記載・既存mappingなし。一般的な材質/用途ルールと一意のCURRENT公式categoryが一致。 collector_status=NO_ITEM_MATCH_IN_FETCHED_OFFICIAL_SOURCES
M026,I021,UNRESOLVED,,,,,FALSE,UNRESOLVED,直接記載・公式rule由来mapping・一意な一般則categoryのいずれでも決定できない。 collector_status=NO_ITEM_MATCH_IN_FETCHED_OFFICIAL_SOURCES
M026,I022,UNRESOLVED,,,,,TRUE,UNRESOLVED,直接記載・公式rule由来mapping・一意な一般則categoryのいずれでも決定できない。 collector_status=NO_ITEM_MATCH_IN_FETCHED_OFFICIAL_SOURCES
M026,I023,OFFICIAL_RULE_DERIVED,C-M026-16|C-M026-19,陶磁器類・空ビン以外のガラス類（旧姫路市域）|不燃ごみ（夢前町域・香寺町域・安富町域）,S-M026-01,家庭ごみ／陶磁器類・空ビン以外のガラス類（旧姫路市域）|家庭ごみ／不燃ごみ（夢前町域・香寺町域・安富町域）,FALSE,CATEGORY_SUPPORTED,品目の直接記載は必須とせず、既存mappingを支えるCURRENT公式category ruleから判定。 collector_status=NO_ITEM_MATCH_IN_FETCHED_OFFICIAL_SOURCES
M026,I024,OFFICIAL_RULE_DERIVED,C-M026-16,陶磁器類・空ビン以外のガラス類（旧姫路市域）,S-M026-01,家庭ごみ／陶磁器類・空ビン以外のガラス類（旧姫路市域）,FALSE,CATEGORY_SUPPORTED,品目の直接記載は必須とせず、既存mappingを支えるCURRENT公式category ruleから判定。 collector_status=NO_ITEM_MATCH_IN_FETCHED_OFFICIAL_SOURCES
M026,I025,UNRESOLVED,,,,,TRUE,UNRESOLVED,直接記載・公式rule由来mapping・一意な一般則categoryのいずれでも決定できない。 collector_status=NO_ITEM_MATCH_IN_FETCHED_OFFICIAL_SOURCES
M026,I026,UNRESOLVED,,,,,TRUE,UNRESOLVED,直接記載・公式rule由来mapping・一意な一般則categoryのいずれでも決定できない。 collector_status=NO_ITEM_MATCH_IN_FETCHED_OFFICIAL_SOURCES
M026,I027,OFFICIAL_RULE_DERIVED,C-M026-09,乾電池等,S-M026-01,家庭ごみ／乾電池等,TRUE,CATEGORY_SUPPORTED_CONDITION_REVIEW_REQUIRED,品目の直接記載は必須とせず、既存mappingを支えるCURRENT公式category ruleから判定。 collector_status=NO_ITEM_MATCH_IN_FETCHED_OFFICIAL_SOURCES
M026,I028,UNRESOLVED,,,,,TRUE,UNRESOLVED,直接記載・公式rule由来mapping・一意な一般則categoryのいずれでも決定できない。 collector_status=NO_ITEM_MATCH_IN_FETCHED_OFFICIAL_SOURCES
M026,I029,UNRESOLVED,,,,,TRUE,UNRESOLVED,直接記載・公式rule由来mapping・一意な一般則categoryのいずれでも決定できない。 collector_status=NO_ITEM_MATCH_IN_FETCHED_OFFICIAL_SOURCES
M026,I030,OFFICIAL_RULE_DERIVED,C-M026-10,蛍光管,S-M026-01,家庭ごみ／蛍光管,TRUE,CATEGORY_SUPPORTED_CONDITION_REVIEW_REQUIRED,品目の直接記載は必須とせず、既存mappingを支えるCURRENT公式category ruleから判定。 collector_status=NO_ITEM_MATCH_IN_FETCHED_OFFICIAL_SOURCES
M026,I031,OFFICIAL_RULE_DERIVED,C-M026-10,蛍光管,S-M026-01,家庭ごみ／蛍光管,TRUE,CATEGORY_SUPPORTED_CONDITION_REVIEW_REQUIRED,品目の直接記載は必須とせず、既存mappingを支えるCURRENT公式category ruleから判定。 collector_status=NO_ITEM_MATCH_IN_FETCHED_OFFICIAL_SOURCES
M026,I032,UNRESOLVED,,,,,TRUE,UNRESOLVED,直接記載・公式rule由来mapping・一意な一般則categoryのいずれでも決定できない。 collector_status=NO_ITEM_MATCH_IN_FETCHED_OFFICIAL_SOURCES
M026,I033,UNRESOLVED,,,,,TRUE,UNRESOLVED,直接記載・公式rule由来mapping・一意な一般則categoryのいずれでも決定できない。 collector_status=NO_ITEM_MATCH_IN_FETCHED_OFFICIAL_SOURCES
M026,I034,OFFICIAL_RULE_DERIVED,C-M026-11|C-M026-13,使用済小型家電のリサイクル|金属複合製品類（旧姫路市域）,S-M026-01,家庭ごみ／使用済小型家電|家庭ごみ／金属複合製品類（旧姫路市域）,TRUE,CATEGORY_SUPPORTED_CONDITION_REVIEW_REQUIRED,品目の直接記載は必須とせず、既存mappingを支えるCURRENT公式category ruleから判定。 collector_status=NO_ITEM_MATCH_IN_FETCHED_OFFICIAL_SOURCES
M026,I035,UNRESOLVED,,,,,TRUE,UNRESOLVED,直接記載・公式rule由来mapping・一意な一般則categoryのいずれでも決定できない。 collector_status=NO_ITEM_MATCH_IN_FETCHED_OFFICIAL_SOURCES
M026,I036,UNRESOLVED,,,,,TRUE,UNRESOLVED,直接記載・公式rule由来mapping・一意な一般則categoryのいずれでも決定できない。 collector_status=NO_ITEM_MATCH_IN_FETCHED_OFFICIAL_SOURCES
M026,I037,UNRESOLVED,,,,,TRUE,UNRESOLVED,既存mappingの全branchをCURRENT公式category ruleで裏付けられないため未解決。 collector_status=NO_ITEM_MATCH_IN_FETCHED_OFFICIAL_SOURCES
M026,I038,UNRESOLVED,,,,,TRUE,UNRESOLVED,直接記載・公式rule由来mapping・一意な一般則categoryのいずれでも決定できない。 collector_status=NO_ITEM_MATCH_IN_FETCHED_OFFICIAL_SOURCES
M026,I039,UNRESOLVED,,,,,TRUE,UNRESOLVED,直接記載・公式rule由来mapping・一意な一般則categoryのいずれでも決定できない。 collector_status=NO_ITEM_MATCH_IN_FETCHED_OFFICIAL_SOURCES
M026,I040,UNRESOLVED,,,,,TRUE,UNRESOLVED,直接記載・公式rule由来mapping・一意な一般則categoryのいずれでも決定できない。 collector_status=NO_ITEM_MATCH_IN_FETCHED_OFFICIAL_SOURCES
M027,I001,OFFICIAL_RULE_DERIVED,C-M027-05,ペットボトル,S-M027-01,分け方と出し方／ペットボトル,TRUE,CATEGORY_SUPPORTED_CONDITION_REVIEW_REQUIRED,品目の直接記載は必須とせず、既存mappingを支えるCURRENT公式category ruleから判定。 collector_status=NO_ITEM_MATCH_IN_FETCHED_OFFICIAL_SOURCES
M027,I002,UNRESOLVED,,,,,TRUE,UNRESOLVED,直接記載・公式rule由来mapping・一意な一般則categoryのいずれでも決定できない。 collector_status=NO_ITEM_MATCH_IN_FETCHED_OFFICIAL_SOURCES
M027,I003,UNRESOLVED,,,,,TRUE,UNRESOLVED,直接記載・公式rule由来mapping・一意な一般則categoryのいずれでも決定できない。 collector_status=NO_ITEM_MATCH_IN_FETCHED_OFFICIAL_SOURCES
M027,I004,UNRESOLVED,,,,,FALSE,UNRESOLVED,直接記載・公式rule由来mapping・一意な一般則categoryのいずれでも決定できない。 collector_status=NO_ITEM_MATCH_IN_FETCHED_OFFICIAL_SOURCES
M027,I005,UNRESOLVED,,,,,FALSE,UNRESOLVED,直接記載・公式rule由来mapping・一意な一般則categoryのいずれでも決定できない。 collector_status=NO_ITEM_MATCH_IN_FETCHED_OFFICIAL_SOURCES
M027,I006,UNRESOLVED,,,,,TRUE,UNRESOLVED,直接記載・公式rule由来mapping・一意な一般則categoryのいずれでも決定できない。 collector_status=NO_ITEM_MATCH_IN_FETCHED_OFFICIAL_SOURCES
M027,I007,UNRESOLVED,,,,,TRUE,UNRESOLVED,直接記載・公式rule由来mapping・一意な一般則categoryのいずれでも決定できない。 collector_status=NO_ITEM_MATCH_IN_FETCHED_OFFICIAL_SOURCES
M027,I008,UNRESOLVED,,,,,TRUE,UNRESOLVED,直接記載・公式rule由来mapping・一意な一般則categoryのいずれでも決定できない。 collector_status=NO_ITEM_MATCH_IN_FETCHED_OFFICIAL_SOURCES
M027,I009,UNRESOLVED,,,,,TRUE,UNRESOLVED,直接記載・公式rule由来mapping・一意な一般則categoryのいずれでも決定できない。 collector_status=NO_ITEM_MATCH_IN_FETCHED_OFFICIAL_SOURCES
M027,I010,UNRESOLVED,,,,,TRUE,UNRESOLVED,直接記載・公式rule由来mapping・一意な一般則categoryのいずれでも決定できない。 collector_status=NO_ITEM_MATCH_IN_FETCHED_OFFICIAL_SOURCES
M027,I011,UNRESOLVED,,,,,TRUE,UNRESOLVED,直接記載・公式rule由来mapping・一意な一般則categoryのいずれでも決定できない。 collector_status=NO_ITEM_MATCH_IN_FETCHED_OFFICIAL_SOURCES
M027,I012,UNRESOLVED,,,,,TRUE,UNRESOLVED,直接記載・公式rule由来mapping・一意な一般則categoryのいずれでも決定できない。 collector_status=NO_ITEM_MATCH_IN_FETCHED_OFFICIAL_SOURCES
M027,I013,UNRESOLVED,,,,,FALSE,UNRESOLVED,直接記載・公式rule由来mapping・一意な一般則categoryのいずれでも決定できない。 collector_status=NO_ITEM_MATCH_IN_FETCHED_OFFICIAL_SOURCES
M027,I014,UNRESOLVED,,,,,FALSE,UNRESOLVED,直接記載・公式rule由来mapping・一意な一般則categoryのいずれでも決定できない。 collector_status=NO_ITEM_MATCH_IN_FETCHED_OFFICIAL_SOURCES
M027,I015,UNRESOLVED,,,,,FALSE,UNRESOLVED,直接記載・公式rule由来mapping・一意な一般則categoryのいずれでも決定できない。 collector_status=NO_ITEM_MATCH_IN_FETCHED_OFFICIAL_SOURCES
M027,I016,UNRESOLVED,,,,,FALSE,UNRESOLVED,直接記載・公式rule由来mapping・一意な一般則categoryのいずれでも決定できない。 collector_status=NO_ITEM_MATCH_IN_FETCHED_OFFICIAL_SOURCES
M027,I017,UNRESOLVED,,,,,TRUE,UNRESOLVED,直接記載・公式rule由来mapping・一意な一般則categoryのいずれでも決定できない。 collector_status=NO_ITEM_MATCH_IN_FETCHED_OFFICIAL_SOURCES
M027,I018,OFFICIAL_RULE_DERIVED,C-M027-01,燃えるごみ,S-M027-01,分け方と出し方／燃えるごみ,FALSE,CATEGORY_SUPPORTED,品目の直接記載は必須とせず、既存mappingを支えるCURRENT公式category ruleから判定。 collector_status=NO_ITEM_MATCH_IN_FETCHED_OFFICIAL_SOURCES
M027,I019,GENERAL_RULE_DERIVED,C-M027-01,燃えるごみ,S-M027-01,分け方と出し方／燃えるごみ,FALSE,CATEGORY_SUPPORTED,個別記載・既存mappingなし。一般的な材質/用途ルールと一意のCURRENT公式categoryが一致。 collector_status=NO_ITEM_MATCH_IN_FETCHED_OFFICIAL_SOURCES
M027,I020,GENERAL_RULE_DERIVED,C-M027-01,燃えるごみ,S-M027-01,分け方と出し方／燃えるごみ,FALSE,CATEGORY_SUPPORTED,個別記載・既存mappingなし。一般的な材質/用途ルールと一意のCURRENT公式categoryが一致。 collector_status=NO_ITEM_MATCH_IN_FETCHED_OFFICIAL_SOURCES
M027,I021,UNRESOLVED,,,,,FALSE,UNRESOLVED,直接記載・公式rule由来mapping・一意な一般則categoryのいずれでも決定できない。 collector_status=NO_ITEM_MATCH_IN_FETCHED_OFFICIAL_SOURCES
M027,I022,UNRESOLVED,,,,,TRUE,UNRESOLVED,直接記載・公式rule由来mapping・一意な一般則categoryのいずれでも決定できない。 collector_status=NO_ITEM_MATCH_IN_FETCHED_OFFICIAL_SOURCES
M027,I023,OFFICIAL_RULE_DERIVED,C-M027-02,燃えないごみ,S-M027-01,分け方と出し方／燃えないごみ,FALSE,CATEGORY_SUPPORTED,品目の直接記載は必須とせず、既存mappingを支えるCURRENT公式category ruleから判定。 collector_status=NO_ITEM_MATCH_IN_FETCHED_OFFICIAL_SOURCES
M027,I024,GENERAL_RULE_DERIVED,C-M027-02,燃えないごみ,S-M027-01,分け方と出し方／燃えないごみ,FALSE,CATEGORY_SUPPORTED,個別記載・既存mappingなし。一般的な材質/用途ルールと一意のCURRENT公式categoryが一致。 collector_status=NO_ITEM_MATCH_IN_FETCHED_OFFICIAL_SOURCES
M027,I025,UNRESOLVED,,,,,TRUE,UNRESOLVED,直接記載・公式rule由来mapping・一意な一般則categoryのいずれでも決定できない。 collector_status=NO_ITEM_MATCH_IN_FETCHED_OFFICIAL_SOURCES
M027,I026,UNRESOLVED,,,,,TRUE,UNRESOLVED,直接記載・公式rule由来mapping・一意な一般則categoryのいずれでも決定できない。 collector_status=NO_ITEM_MATCH_IN_FETCHED_OFFICIAL_SOURCES
M027,I027,OFFICIAL_RULE_DERIVED,C-M027-04,有害ごみ,S-M027-02,ごみの分け方と出し方のルール／有害ごみ・電池類,TRUE,CATEGORY_SUPPORTED_CONDITION_REVIEW_REQUIRED,品目の直接記載は必須とせず、既存mappingを支えるCURRENT公式category ruleから判定。 collector_status=NO_ITEM_MATCH_IN_FETCHED_OFFICIAL_SOURCES
M027,I028,UNRESOLVED,,,,,TRUE,UNRESOLVED,直接記載・公式rule由来mapping・一意な一般則categoryのいずれでも決定できない。 collector_status=NO_ITEM_MATCH_IN_FETCHED_OFFICIAL_SOURCES
M027,I029,UNRESOLVED,,,,,TRUE,UNRESOLVED,直接記載・公式rule由来mapping・一意な一般則categoryのいずれでも決定できない。 collector_status=NO_ITEM_MATCH_IN_FETCHED_OFFICIAL_SOURCES
M027,I030,OFFICIAL_RULE_DERIVED,C-M027-04,有害ごみ,S-M027-02,ごみの分け方と出し方のルール／有害ごみ・電池類,TRUE,CATEGORY_SUPPORTED_CONDITION_REVIEW_REQUIRED,品目の直接記載は必須とせず、既存mappingを支えるCURRENT公式category ruleから判定。 collector_status=NO_ITEM_MATCH_IN_FETCHED_OFFICIAL_SOURCES
M027,I031,UNRESOLVED,,,,,TRUE,UNRESOLVED,直接記載・公式rule由来mapping・一意な一般則categoryのいずれでも決定できない。 collector_status=NO_ITEM_MATCH_IN_FETCHED_OFFICIAL_SOURCES
M027,I032,UNRESOLVED,,,,,TRUE,UNRESOLVED,直接記載・公式rule由来mapping・一意な一般則categoryのいずれでも決定できない。 collector_status=NO_ITEM_MATCH_IN_FETCHED_OFFICIAL_SOURCES
M027,I033,UNRESOLVED,,,,,TRUE,UNRESOLVED,直接記載・公式rule由来mapping・一意な一般則categoryのいずれでも決定できない。 collector_status=NO_ITEM_MATCH_IN_FETCHED_OFFICIAL_SOURCES
M027,I034,UNRESOLVED,,,,,TRUE,UNRESOLVED,直接記載・公式rule由来mapping・一意な一般則categoryのいずれでも決定できない。 collector_status=NO_ITEM_MATCH_IN_FETCHED_OFFICIAL_SOURCES
M027,I035,UNRESOLVED,,,,,TRUE,UNRESOLVED,直接記載・公式rule由来mapping・一意な一般則categoryのいずれでも決定できない。 collector_status=NO_ITEM_MATCH_IN_FETCHED_OFFICIAL_SOURCES
M027,I036,UNRESOLVED,,,,,TRUE,UNRESOLVED,直接記載・公式rule由来mapping・一意な一般則categoryのいずれでも決定できない。 collector_status=NO_ITEM_MATCH_IN_FETCHED_OFFICIAL_SOURCES
M027,I037,UNRESOLVED,,,,,TRUE,UNRESOLVED,既存mappingの全branchをCURRENT公式category ruleで裏付けられないため未解決。 collector_status=NO_ITEM_MATCH_IN_FETCHED_OFFICIAL_SOURCES
M027,I038,UNRESOLVED,,,,,TRUE,UNRESOLVED,直接記載・公式rule由来mapping・一意な一般則categoryのいずれでも決定できない。 collector_status=NO_ITEM_MATCH_IN_FETCHED_OFFICIAL_SOURCES
M027,I039,UNRESOLVED,,,,,TRUE,UNRESOLVED,直接記載・公式rule由来mapping・一意な一般則categoryのいずれでも決定できない。 collector_status=NO_ITEM_MATCH_IN_FETCHED_OFFICIAL_SOURCES
M027,I040,UNRESOLVED,,,,,TRUE,UNRESOLVED,直接記載・公式rule由来mapping・一意な一般則categoryのいずれでも決定できない。 collector_status=NO_ITEM_MATCH_IN_FETCHED_OFFICIAL_SOURCES
M028,I001,UNRESOLVED,,,,,FALSE,UNRESOLVED,直接記載・公式rule由来mapping・一意な一般則categoryのいずれでも決定できない。 collector_status=NO_ITEM_MATCH_IN_FETCHED_OFFICIAL_SOURCES
M028,I002,UNRESOLVED,,,,,TRUE,UNRESOLVED,直接記載・公式rule由来mapping・一意な一般則categoryのいずれでも決定できない。 collector_status=NO_ITEM_MATCH_IN_FETCHED_OFFICIAL_SOURCES
M028,I003,UNRESOLVED,,,,,TRUE,UNRESOLVED,直接記載・公式rule由来mapping・一意な一般則categoryのいずれでも決定できない。 collector_status=NO_ITEM_MATCH_IN_FETCHED_OFFICIAL_SOURCES
M028,I004,UNRESOLVED,,,,,FALSE,UNRESOLVED,直接記載・公式rule由来mapping・一意な一般則categoryのいずれでも決定できない。 collector_status=NO_ITEM_MATCH_IN_FETCHED_OFFICIAL_SOURCES
M028,I005,UNRESOLVED,,,,,FALSE,UNRESOLVED,直接記載・公式rule由来mapping・一意な一般則categoryのいずれでも決定できない。 collector_status=NO_ITEM_MATCH_IN_FETCHED_OFFICIAL_SOURCES
M028,I006,UNRESOLVED,,,,,TRUE,UNRESOLVED,直接記載・公式rule由来mapping・一意な一般則categoryのいずれでも決定できない。 collector_status=NO_ITEM_MATCH_IN_FETCHED_OFFICIAL_SOURCES
M028,I007,UNRESOLVED,,,,,TRUE,UNRESOLVED,直接記載・公式rule由来mapping・一意な一般則categoryのいずれでも決定できない。 collector_status=NO_ITEM_MATCH_IN_FETCHED_OFFICIAL_SOURCES
M028,I008,UNRESOLVED,,,,,TRUE,UNRESOLVED,直接記載・公式rule由来mapping・一意な一般則categoryのいずれでも決定できない。 collector_status=NO_ITEM_MATCH_IN_FETCHED_OFFICIAL_SOURCES
M028,I009,UNRESOLVED,,,,,TRUE,UNRESOLVED,直接記載・公式rule由来mapping・一意な一般則categoryのいずれでも決定できない。 collector_status=NO_ITEM_MATCH_IN_FETCHED_OFFICIAL_SOURCES
M028,I010,UNRESOLVED,,,,,TRUE,UNRESOLVED,直接記載・公式rule由来mapping・一意な一般則categoryのいずれでも決定できない。 collector_status=NO_ITEM_MATCH_IN_FETCHED_OFFICIAL_SOURCES
M028,I011,UNRESOLVED,,,,,TRUE,UNRESOLVED,直接記載・公式rule由来mapping・一意な一般則categoryのいずれでも決定できない。 collector_status=NO_ITEM_MATCH_IN_FETCHED_OFFICIAL_SOURCES
M028,I012,UNRESOLVED,,,,,TRUE,UNRESOLVED,直接記載・公式rule由来mapping・一意な一般則categoryのいずれでも決定できない。 collector_status=NO_ITEM_MATCH_IN_FETCHED_OFFICIAL_SOURCES
M028,I013,UNRESOLVED,,,,,FALSE,UNRESOLVED,直接記載・公式rule由来mapping・一意な一般則categoryのいずれでも決定できない。 collector_status=NO_ITEM_MATCH_IN_FETCHED_OFFICIAL_SOURCES
M028,I014,UNRESOLVED,,,,,FALSE,UNRESOLVED,直接記載・公式rule由来mapping・一意な一般則categoryのいずれでも決定できない。 collector_status=NO_ITEM_MATCH_IN_FETCHED_OFFICIAL_SOURCES
M028,I015,UNRESOLVED,,,,,FALSE,UNRESOLVED,直接記載・公式rule由来mapping・一意な一般則categoryのいずれでも決定できない。 collector_status=NO_ITEM_MATCH_IN_FETCHED_OFFICIAL_SOURCES
M028,I016,UNRESOLVED,,,,,FALSE,UNRESOLVED,直接記載・公式rule由来mapping・一意な一般則categoryのいずれでも決定できない。 collector_status=NO_ITEM_MATCH_IN_FETCHED_OFFICIAL_SOURCES
M028,I017,UNRESOLVED,,,,,TRUE,UNRESOLVED,直接記載・公式rule由来mapping・一意な一般則categoryのいずれでも決定できない。 collector_status=NO_ITEM_MATCH_IN_FETCHED_OFFICIAL_SOURCES
M028,I018,UNRESOLVED,,,,,FALSE,UNRESOLVED,直接記載・公式rule由来mapping・一意な一般則categoryのいずれでも決定できない。 collector_status=NO_ITEM_MATCH_IN_FETCHED_OFFICIAL_SOURCES
M028,I019,GENERAL_RULE_DERIVED,C-M028-01,可燃ごみ,S-M028-01,住民向けごみ分別案内／可燃ごみ,FALSE,CATEGORY_SUPPORTED,個別記載・既存mappingなし。一般的な材質/用途ルールと一意のCURRENT公式categoryが一致。 collector_status=NO_ITEM_MATCH_IN_FETCHED_OFFICIAL_SOURCES
M028,I020,GENERAL_RULE_DERIVED,C-M028-01,可燃ごみ,S-M028-01,住民向けごみ分別案内／可燃ごみ,FALSE,CATEGORY_SUPPORTED,個別記載・既存mappingなし。一般的な材質/用途ルールと一意のCURRENT公式categoryが一致。 collector_status=NO_ITEM_MATCH_IN_FETCHED_OFFICIAL_SOURCES
M028,I021,UNRESOLVED,,,,,FALSE,UNRESOLVED,直接記載・公式rule由来mapping・一意な一般則categoryのいずれでも決定できない。 collector_status=NO_ITEM_MATCH_IN_FETCHED_OFFICIAL_SOURCES
M028,I022,UNRESOLVED,,,,,TRUE,UNRESOLVED,直接記載・公式rule由来mapping・一意な一般則categoryのいずれでも決定できない。 collector_status=NO_ITEM_MATCH_IN_FETCHED_OFFICIAL_SOURCES
M028,I023,GENERAL_RULE_DERIVED,C-M028-03,不燃ごみ,S-M028-01,住民向けごみ分別案内／不燃ごみ,FALSE,CATEGORY_SUPPORTED,個別記載・既存mappingなし。一般的な材質/用途ルールと一意のCURRENT公式categoryが一致。 collector_status=NO_ITEM_MATCH_IN_FETCHED_OFFICIAL_SOURCES
M028,I024,GENERAL_RULE_DERIVED,C-M028-03,不燃ごみ,S-M028-01,住民向けごみ分別案内／不燃ごみ,FALSE,CATEGORY_SUPPORTED,個別記載・既存mappingなし。一般的な材質/用途ルールと一意のCURRENT公式categoryが一致。 collector_status=NO_ITEM_MATCH_IN_FETCHED_OFFICIAL_SOURCES
M028,I025,UNRESOLVED,,,,,TRUE,UNRESOLVED,直接記載・公式rule由来mapping・一意な一般則categoryのいずれでも決定できない。 collector_status=NO_ITEM_MATCH_IN_FETCHED_OFFICIAL_SOURCES
M028,I026,UNRESOLVED,,,,,TRUE,UNRESOLVED,直接記載・公式rule由来mapping・一意な一般則categoryのいずれでも決定できない。 collector_status=NO_ITEM_MATCH_IN_FETCHED_OFFICIAL_SOURCES
M028,I027,UNRESOLVED,,,,,TRUE,UNRESOLVED,直接記載・公式rule由来mapping・一意な一般則categoryのいずれでも決定できない。 collector_status=NO_ITEM_MATCH_IN_FETCHED_OFFICIAL_SOURCES
M028,I028,UNRESOLVED,,,,,TRUE,UNRESOLVED,直接記載・公式rule由来mapping・一意な一般則categoryのいずれでも決定できない。 collector_status=NO_ITEM_MATCH_IN_FETCHED_OFFICIAL_SOURCES
M028,I029,UNRESOLVED,,,,,TRUE,UNRESOLVED,直接記載・公式rule由来mapping・一意な一般則categoryのいずれでも決定できない。 collector_status=NO_ITEM_MATCH_IN_FETCHED_OFFICIAL_SOURCES
M028,I030,UNRESOLVED,,,,,TRUE,UNRESOLVED,直接記載・公式rule由来mapping・一意な一般則categoryのいずれでも決定できない。 collector_status=NO_ITEM_MATCH_IN_FETCHED_OFFICIAL_SOURCES
M028,I031,UNRESOLVED,,,,,TRUE,UNRESOLVED,直接記載・公式rule由来mapping・一意な一般則categoryのいずれでも決定できない。 collector_status=NO_ITEM_MATCH_IN_FETCHED_OFFICIAL_SOURCES
M028,I032,UNRESOLVED,,,,,TRUE,UNRESOLVED,直接記載・公式rule由来mapping・一意な一般則categoryのいずれでも決定できない。 collector_status=NO_ITEM_MATCH_IN_FETCHED_OFFICIAL_SOURCES
M028,I033,UNRESOLVED,,,,,TRUE,UNRESOLVED,直接記載・公式rule由来mapping・一意な一般則categoryのいずれでも決定できない。 collector_status=NO_ITEM_MATCH_IN_FETCHED_OFFICIAL_SOURCES
M028,I034,UNRESOLVED,,,,,TRUE,UNRESOLVED,直接記載・公式rule由来mapping・一意な一般則categoryのいずれでも決定できない。 collector_status=NO_ITEM_MATCH_IN_FETCHED_OFFICIAL_SOURCES
M028,I035,UNRESOLVED,,,,,TRUE,UNRESOLVED,直接記載・公式rule由来mapping・一意な一般則categoryのいずれでも決定できない。 collector_status=NO_ITEM_MATCH_IN_FETCHED_OFFICIAL_SOURCES
M028,I036,UNRESOLVED,,,,,TRUE,UNRESOLVED,直接記載・公式rule由来mapping・一意な一般則categoryのいずれでも決定できない。 collector_status=NO_ITEM_MATCH_IN_FETCHED_OFFICIAL_SOURCES
M028,I037,UNRESOLVED,,,,,TRUE,UNRESOLVED,直接記載・公式rule由来mapping・一意な一般則categoryのいずれでも決定できない。 collector_status=NO_ITEM_MATCH_IN_FETCHED_OFFICIAL_SOURCES
M028,I038,UNRESOLVED,,,,,TRUE,UNRESOLVED,直接記載・公式rule由来mapping・一意な一般則categoryのいずれでも決定できない。 collector_status=NO_ITEM_MATCH_IN_FETCHED_OFFICIAL_SOURCES
M028,I039,UNRESOLVED,,,,,TRUE,UNRESOLVED,直接記載・公式rule由来mapping・一意な一般則categoryのいずれでも決定できない。 collector_status=NO_ITEM_MATCH_IN_FETCHED_OFFICIAL_SOURCES
M028,I040,UNRESOLVED,,,,,TRUE,UNRESOLVED,直接記載・公式rule由来mapping・一意な一般則categoryのいずれでも決定できない。 collector_status=NO_ITEM_MATCH_IN_FETCHED_OFFICIAL_SOURCES
M029,I001,OFFICIAL_RULE_DERIVED,C-M029-03,ペットボトル,S-M029-01,家庭ごみ／ペットボトル,FALSE,CATEGORY_SUPPORTED,品目の直接記載は必須とせず、既存mappingを支えるCURRENT公式category ruleから判定。 collector_status=NO_ITEM_MATCH_IN_FETCHED_OFFICIAL_SOURCES
M029,I002,UNRESOLVED,,,,,TRUE,UNRESOLVED,直接記載・公式rule由来mapping・一意な一般則categoryのいずれでも決定できない。 collector_status=NO_ITEM_MATCH_IN_FETCHED_OFFICIAL_SOURCES
M029,I003,UNRESOLVED,,,,,TRUE,UNRESOLVED,直接記載・公式rule由来mapping・一意な一般則categoryのいずれでも決定できない。 collector_status=NO_ITEM_MATCH_IN_FETCHED_OFFICIAL_SOURCES
M029,I004,UNRESOLVED,,,,,FALSE,UNRESOLVED,直接記載・公式rule由来mapping・一意な一般則categoryのいずれでも決定できない。 collector_status=NO_ITEM_MATCH_IN_FETCHED_OFFICIAL_SOURCES
M029,I005,UNRESOLVED,,,,,FALSE,UNRESOLVED,直接記載・公式rule由来mapping・一意な一般則categoryのいずれでも決定できない。 collector_status=NO_ITEM_MATCH_IN_FETCHED_OFFICIAL_SOURCES
M029,I006,UNRESOLVED,,,,,TRUE,UNRESOLVED,直接記載・公式rule由来mapping・一意な一般則categoryのいずれでも決定できない。 collector_status=NO_ITEM_MATCH_IN_FETCHED_OFFICIAL_SOURCES
M029,I007,UNRESOLVED,,,,,TRUE,UNRESOLVED,直接記載・公式rule由来mapping・一意な一般則categoryのいずれでも決定できない。 collector_status=NO_ITEM_MATCH_IN_FETCHED_OFFICIAL_SOURCES
M029,I008,UNRESOLVED,,,,,TRUE,UNRESOLVED,直接記載・公式rule由来mapping・一意な一般則categoryのいずれでも決定できない。 collector_status=NO_ITEM_MATCH_IN_FETCHED_OFFICIAL_SOURCES
M029,I009,UNRESOLVED,,,,,TRUE,UNRESOLVED,直接記載・公式rule由来mapping・一意な一般則categoryのいずれでも決定できない。 collector_status=NO_ITEM_MATCH_IN_FETCHED_OFFICIAL_SOURCES
M029,I010,UNRESOLVED,,,,,TRUE,UNRESOLVED,直接記載・公式rule由来mapping・一意な一般則categoryのいずれでも決定できない。 collector_status=NO_ITEM_MATCH_IN_FETCHED_OFFICIAL_SOURCES
M029,I011,UNRESOLVED,,,,,TRUE,UNRESOLVED,直接記載・公式rule由来mapping・一意な一般則categoryのいずれでも決定できない。 collector_status=NO_ITEM_MATCH_IN_FETCHED_OFFICIAL_SOURCES
M029,I012,UNRESOLVED,,,,,TRUE,UNRESOLVED,直接記載・公式rule由来mapping・一意な一般則categoryのいずれでも決定できない。 collector_status=NO_ITEM_MATCH_IN_FETCHED_OFFICIAL_SOURCES
M029,I013,UNRESOLVED,,,,,FALSE,UNRESOLVED,直接記載・公式rule由来mapping・一意な一般則categoryのいずれでも決定できない。 collector_status=NO_ITEM_MATCH_IN_FETCHED_OFFICIAL_SOURCES
M029,I014,UNRESOLVED,,,,,FALSE,UNRESOLVED,直接記載・公式rule由来mapping・一意な一般則categoryのいずれでも決定できない。 collector_status=NO_ITEM_MATCH_IN_FETCHED_OFFICIAL_SOURCES
M029,I015,UNRESOLVED,,,,,FALSE,UNRESOLVED,直接記載・公式rule由来mapping・一意な一般則categoryのいずれでも決定できない。 collector_status=NO_ITEM_MATCH_IN_FETCHED_OFFICIAL_SOURCES
M029,I016,UNRESOLVED,,,,,FALSE,UNRESOLVED,直接記載・公式rule由来mapping・一意な一般則categoryのいずれでも決定できない。 collector_status=NO_ITEM_MATCH_IN_FETCHED_OFFICIAL_SOURCES
M029,I017,UNRESOLVED,,,,,TRUE,UNRESOLVED,直接記載・公式rule由来mapping・一意な一般則categoryのいずれでも決定できない。 collector_status=NO_ITEM_MATCH_IN_FETCHED_OFFICIAL_SOURCES
M029,I018,OFFICIAL_RULE_DERIVED,C-M029-01,可燃ごみ,S-M029-01,家庭ごみ／可燃ごみ,FALSE,CATEGORY_SUPPORTED,品目の直接記載は必須とせず、既存mappingを支えるCURRENT公式category ruleから判定。 collector_status=NO_ITEM_MATCH_IN_FETCHED_OFFICIAL_SOURCES
M029,I019,GENERAL_RULE_DERIVED,C-M029-01,可燃ごみ,S-M029-01,家庭ごみ／可燃ごみ,FALSE,CATEGORY_SUPPORTED,個別記載・既存mappingなし。一般的な材質/用途ルールと一意のCURRENT公式categoryが一致。 collector_status=NO_ITEM_MATCH_IN_FETCHED_OFFICIAL_SOURCES
M029,I020,GENERAL_RULE_DERIVED,C-M029-01,可燃ごみ,S-M029-01,家庭ごみ／可燃ごみ,FALSE,CATEGORY_SUPPORTED,個別記載・既存mappingなし。一般的な材質/用途ルールと一意のCURRENT公式categoryが一致。 collector_status=NO_ITEM_MATCH_IN_FETCHED_OFFICIAL_SOURCES
M029,I021,UNRESOLVED,,,,,FALSE,UNRESOLVED,直接記載・公式rule由来mapping・一意な一般則categoryのいずれでも決定できない。 collector_status=NO_ITEM_MATCH_IN_FETCHED_OFFICIAL_SOURCES
M029,I022,UNRESOLVED,,,,,TRUE,UNRESOLVED,直接記載・公式rule由来mapping・一意な一般則categoryのいずれでも決定できない。 collector_status=NO_ITEM_MATCH_IN_FETCHED_OFFICIAL_SOURCES
M029,I023,OFFICIAL_RULE_DERIVED,C-M029-05,小型破砕ごみ,S-M029-01,家庭ごみ／小型破砕ごみ,FALSE,CATEGORY_SUPPORTED,品目の直接記載は必須とせず、既存mappingを支えるCURRENT公式category ruleから判定。 collector_status=NO_ITEM_MATCH_IN_FETCHED_OFFICIAL_SOURCES
M029,I024,UNRESOLVED,,,,,FALSE,UNRESOLVED,直接記載・公式rule由来mapping・一意な一般則categoryのいずれでも決定できない。 collector_status=NO_ITEM_MATCH_IN_FETCHED_OFFICIAL_SOURCES
M029,I025,UNRESOLVED,,,,,TRUE,UNRESOLVED,直接記載・公式rule由来mapping・一意な一般則categoryのいずれでも決定できない。 collector_status=NO_ITEM_MATCH_IN_FETCHED_OFFICIAL_SOURCES
M029,I026,UNRESOLVED,,,,,TRUE,UNRESOLVED,直接記載・公式rule由来mapping・一意な一般則categoryのいずれでも決定できない。 collector_status=NO_ITEM_MATCH_IN_FETCHED_OFFICIAL_SOURCES
M029,I027,OFFICIAL_RULE_DERIVED,C-M029-07,乾電池・蛍光管等,S-M029-02,令和8年度収集曜日一覧／乾電池等,TRUE,CATEGORY_SUPPORTED_CONDITION_REVIEW_REQUIRED,品目の直接記載は必須とせず、既存mappingを支えるCURRENT公式category ruleから判定。 collector_status=NO_ITEM_MATCH_IN_FETCHED_OFFICIAL_SOURCES
M029,I028,OFFICIAL_RULE_DERIVED,C-M029-07,乾電池・蛍光管等,S-M029-02,令和8年度収集曜日一覧／乾電池等,TRUE,CATEGORY_SUPPORTED_CONDITION_REVIEW_REQUIRED,品目の直接記載は必須とせず、既存mappingを支えるCURRENT公式category ruleから判定。 collector_status=NO_ITEM_MATCH_IN_FETCHED_OFFICIAL_SOURCES
M029,I029,UNRESOLVED,,,,,TRUE,UNRESOLVED,直接記載・公式rule由来mapping・一意な一般則categoryのいずれでも決定できない。 collector_status=NO_ITEM_MATCH_IN_FETCHED_OFFICIAL_SOURCES
M029,I030,OFFICIAL_RULE_DERIVED,C-M029-07,乾電池・蛍光管等,S-M029-02,令和8年度収集曜日一覧／乾電池等,TRUE,CATEGORY_SUPPORTED_CONDITION_REVIEW_REQUIRED,品目の直接記載は必須とせず、既存mappingを支えるCURRENT公式category ruleから判定。 collector_status=NO_ITEM_MATCH_IN_FETCHED_OFFICIAL_SOURCES
M029,I031,UNRESOLVED,,,,,TRUE,UNRESOLVED,直接記載・公式rule由来mapping・一意な一般則categoryのいずれでも決定できない。 collector_status=NO_ITEM_MATCH_IN_FETCHED_OFFICIAL_SOURCES
M029,I032,UNRESOLVED,,,,,TRUE,UNRESOLVED,直接記載・公式rule由来mapping・一意な一般則categoryのいずれでも決定できない。 collector_status=NO_ITEM_MATCH_IN_FETCHED_OFFICIAL_SOURCES
M029,I033,UNRESOLVED,,,,,TRUE,UNRESOLVED,直接記載・公式rule由来mapping・一意な一般則categoryのいずれでも決定できない。 collector_status=NO_ITEM_MATCH_IN_FETCHED_OFFICIAL_SOURCES
M029,I034,UNRESOLVED,,,,,TRUE,UNRESOLVED,直接記載・公式rule由来mapping・一意な一般則categoryのいずれでも決定できない。 collector_status=NO_ITEM_MATCH_IN_FETCHED_OFFICIAL_SOURCES
M029,I035,UNRESOLVED,,,,,TRUE,UNRESOLVED,直接記載・公式rule由来mapping・一意な一般則categoryのいずれでも決定できない。 collector_status=NO_ITEM_MATCH_IN_FETCHED_OFFICIAL_SOURCES
M029,I036,UNRESOLVED,,,,,TRUE,UNRESOLVED,直接記載・公式rule由来mapping・一意な一般則categoryのいずれでも決定できない。 collector_status=NO_ITEM_MATCH_IN_FETCHED_OFFICIAL_SOURCES
M029,I037,UNRESOLVED,,,,,TRUE,UNRESOLVED,既存mappingの全branchをCURRENT公式category ruleで裏付けられないため未解決。 collector_status=NO_ITEM_MATCH_IN_FETCHED_OFFICIAL_SOURCES
M029,I038,UNRESOLVED,,,,,TRUE,UNRESOLVED,直接記載・公式rule由来mapping・一意な一般則categoryのいずれでも決定できない。 collector_status=NO_ITEM_MATCH_IN_FETCHED_OFFICIAL_SOURCES
M029,I039,UNRESOLVED,,,,,TRUE,UNRESOLVED,直接記載・公式rule由来mapping・一意な一般則categoryのいずれでも決定できない。 collector_status=NO_ITEM_MATCH_IN_FETCHED_OFFICIAL_SOURCES
M029,I040,UNRESOLVED,,,,,TRUE,UNRESOLVED,直接記載・公式rule由来mapping・一意な一般則categoryのいずれでも決定できない。 collector_status=NO_ITEM_MATCH_IN_FETCHED_OFFICIAL_SOURCES
M030,I001,DIRECT_ITEM,C-M030-06,ペットボトル,S-M030-01,text-match:ペットボトル + ペットボトル,TRUE,CATEGORY_SUPPORTED_CONDITION_REVIEW_REQUIRED,全既存branchで公式資料中の品目表記とcategoryの直接候補あり。 collector_status=ALL_EXISTING_BRANCHES_HAVE_DIRECT_CANDIDATE
M030,I002,UNRESOLVED,,,,,TRUE,UNRESOLVED,直接記載・公式rule由来mapping・一意な一般則categoryのいずれでも決定できない。 collector_status=NO_ITEM_MATCH_IN_FETCHED_OFFICIAL_SOURCES
M030,I003,UNRESOLVED,,,,,TRUE,UNRESOLVED,直接記載・公式rule由来mapping・一意な一般則categoryのいずれでも決定できない。 collector_status=AMBIGUOUS_CATEGORY_CANDIDATES
M030,I004,UNRESOLVED,,,,,FALSE,UNRESOLVED,直接記載・公式rule由来mapping・一意な一般則categoryのいずれでも決定できない。 collector_status=NO_ITEM_MATCH_IN_FETCHED_OFFICIAL_SOURCES
M030,I005,UNRESOLVED,,,,,FALSE,UNRESOLVED,直接記載・公式rule由来mapping・一意な一般則categoryのいずれでも決定できない。 collector_status=NO_ITEM_MATCH_IN_FETCHED_OFFICIAL_SOURCES
M030,I006,OFFICIAL_RULE_DERIVED,C-M030-05,缶・ビン類,S-M030-01,缶・ビン類,TRUE,CATEGORY_SUPPORTED_CONDITION_REVIEW_REQUIRED,品目の直接記載は必須とせず、既存mappingを支えるCURRENT公式category ruleから判定。 collector_status=NO_ITEM_MATCH_IN_FETCHED_OFFICIAL_SOURCES
M030,I007,OFFICIAL_RULE_DERIVED,C-M030-04,白色発泡スチロール・トレー,S-M030-01,白色発泡スチロール・トレー,TRUE,CATEGORY_SUPPORTED_CONDITION_REVIEW_REQUIRED,品目の直接記載は必須とせず、既存mappingを支えるCURRENT公式category ruleから判定。 collector_status=NO_ITEM_MATCH_IN_FETCHED_OFFICIAL_SOURCES
M030,I008,UNRESOLVED,,,,,TRUE,UNRESOLVED,直接記載・公式rule由来mapping・一意な一般則categoryのいずれでも決定できない。 collector_status=NO_ITEM_MATCH_IN_FETCHED_OFFICIAL_SOURCES
M030,I009,UNRESOLVED,,,,,TRUE,UNRESOLVED,直接記載・公式rule由来mapping・一意な一般則categoryのいずれでも決定できない。 collector_status=NO_ITEM_MATCH_IN_FETCHED_OFFICIAL_SOURCES
M030,I010,UNRESOLVED,,,,,TRUE,UNRESOLVED,直接記載・公式rule由来mapping・一意な一般則categoryのいずれでも決定できない。 collector_status=NO_ITEM_MATCH_IN_FETCHED_OFFICIAL_SOURCES
M030,I011,UNRESOLVED,,,,,TRUE,UNRESOLVED,直接記載・公式rule由来mapping・一意な一般則categoryのいずれでも決定できない。 collector_status=AMBIGUOUS_CATEGORY_CANDIDATES
M030,I012,DIRECT_ITEM,C-M030-04,白色発泡スチロール・トレー,S-M030-01,text-match:発泡スチロール + 白色発泡スチロール・トレー,TRUE,CATEGORY_SUPPORTED_CONDITION_REVIEW_REQUIRED,全既存branchで公式資料中の品目表記とcategoryの直接候補あり。 collector_status=ALL_EXISTING_BRANCHES_HAVE_DIRECT_CANDIDATE
M030,I013,UNRESOLVED,,,,,FALSE,UNRESOLVED,直接記載・公式rule由来mapping・一意な一般則categoryのいずれでも決定できない。 collector_status=AMBIGUOUS_CATEGORY_CANDIDATES
M030,I014,UNRESOLVED,,,,,FALSE,UNRESOLVED,直接記載・公式rule由来mapping・一意な一般則categoryのいずれでも決定できない。 collector_status=AMBIGUOUS_CATEGORY_CANDIDATES
M030,I015,UNRESOLVED,,,,,FALSE,UNRESOLVED,直接記載・公式rule由来mapping・一意な一般則categoryのいずれでも決定できない。 collector_status=AMBIGUOUS_CATEGORY_CANDIDATES
M030,I016,UNRESOLVED,,,,,FALSE,UNRESOLVED,直接記載・公式rule由来mapping・一意な一般則categoryのいずれでも決定できない。 collector_status=AMBIGUOUS_CATEGORY_CANDIDATES
M030,I017,UNRESOLVED,,,,,TRUE,UNRESOLVED,直接記載・公式rule由来mapping・一意な一般則categoryのいずれでも決定できない。 collector_status=AMBIGUOUS_CATEGORY_CANDIDATES
M030,I018,DIRECT_ITEM,C-M030-01,可燃ごみ,S-M030-01,text-match:生ごみ + 可燃ごみ,TRUE,CATEGORY_SUPPORTED_CONDITION_REVIEW_REQUIRED,全既存branchで公式資料中の品目表記とcategoryの直接候補あり。 collector_status=ALL_EXISTING_BRANCHES_HAVE_DIRECT_CANDIDATE
M030,I019,GENERAL_RULE_DERIVED,C-M030-01,可燃ごみ,S-M030-01,可燃ごみ,TRUE,CATEGORY_SUPPORTED_CONDITION_REVIEW_REQUIRED,個別記載・既存mappingなし。一般的な材質/用途ルールと一意のCURRENT公式categoryが一致。 collector_status=NO_ITEM_MATCH_IN_FETCHED_OFFICIAL_SOURCES
M030,I020,GENERAL_RULE_DERIVED,C-M030-01,可燃ごみ,S-M030-01,可燃ごみ,TRUE,CATEGORY_SUPPORTED_CONDITION_REVIEW_REQUIRED,個別記載・既存mappingなし。一般的な材質/用途ルールと一意のCURRENT公式categoryが一致。 collector_status=AMBIGUOUS_CATEGORY_CANDIDATES
M030,I021,DIRECT_ITEM,C-M030-01,可燃ごみ,S-M030-01,text-match:衣類 + 可燃ごみ,TRUE,CATEGORY_SUPPORTED_CONDITION_REVIEW_REQUIRED,全既存branchで公式資料中の品目表記とcategoryの直接候補あり。 collector_status=ALL_EXISTING_BRANCHES_HAVE_DIRECT_CANDIDATE
M030,I022,UNRESOLVED,,,,,TRUE,UNRESOLVED,直接記載・公式rule由来mapping・一意な一般則categoryのいずれでも決定できない。 collector_status=AMBIGUOUS_CATEGORY_CANDIDATES
M030,I023,DIRECT_ITEM,C-M030-02,不燃ごみ,S-M030-01,text-match:茶碗 + 不燃ごみ,TRUE,CATEGORY_SUPPORTED_CONDITION_REVIEW_REQUIRED,全既存branchで公式資料中の品目表記とcategoryの直接候補あり。 collector_status=ALL_EXISTING_BRANCHES_HAVE_DIRECT_CANDIDATE
M030,I024,UNRESOLVED,,,,,FALSE,UNRESOLVED,一般則候補categoryが複数(2)のため自動決定しない。 collector_status=AMBIGUOUS_CATEGORY_CANDIDATES
M030,I025,UNRESOLVED,,,,,TRUE,UNRESOLVED,直接記載・公式rule由来mapping・一意な一般則categoryのいずれでも決定できない。 collector_status=AMBIGUOUS_CATEGORY_CANDIDATES
M030,I026,UNRESOLVED,,,,,TRUE,UNRESOLVED,直接記載・公式rule由来mapping・一意な一般則categoryのいずれでも決定できない。 collector_status=AMBIGUOUS_CATEGORY_CANDIDATES
M030,I027,DIRECT_ITEM,C-M030-08,乾電池・リチウムイオン充電池類,S-M030-01,text-match:乾電池 + 乾電池・リチウムイオン充電池類,TRUE,CATEGORY_SUPPORTED_CONDITION_REVIEW_REQUIRED,全既存branchで公式資料中の品目表記とcategoryの直接候補あり。 collector_status=ALL_EXISTING_BRANCHES_HAVE_DIRECT_CANDIDATE
M030,I028,DIRECT_ITEM,C-M030-08,乾電池・リチウムイオン充電池類,S-M030-01,text-match:ボタン電池 + 乾電池・リチウムイオン充電池類,TRUE,CATEGORY_SUPPORTED_CONDITION_REVIEW_REQUIRED,全既存branchで公式資料中の品目表記とcategoryの直接候補あり。 collector_status=ALL_EXISTING_BRANCHES_HAVE_DIRECT_CANDIDATE
M030,I029,DIRECT_ITEM,C-M030-10,小型家電リサイクル,S-M030-01,text-match:モバイルバッテリー + 小型家電リサイクル,TRUE,CATEGORY_SUPPORTED_CONDITION_REVIEW_REQUIRED,全既存branchで公式資料中の品目表記とcategoryの直接候補あり。 collector_status=ALL_EXISTING_BRANCHES_HAVE_DIRECT_CANDIDATE
M030,I030,DIRECT_ITEM,C-M030-09,蛍光管・水銀体温計・電球,S-M030-01,text-match:蛍光管 + 蛍光管・水銀体温計・電球,TRUE,CATEGORY_SUPPORTED_CONDITION_REVIEW_REQUIRED,全既存branchで公式資料中の品目表記とcategoryの直接候補あり。 collector_status=ALL_EXISTING_BRANCHES_HAVE_DIRECT_CANDIDATE
M030,I031,DIRECT_ITEM,C-M030-09,蛍光管・水銀体温計・電球,S-M030-01,text-match:電球 + 蛍光管・水銀体温計・電球,TRUE,CATEGORY_SUPPORTED_CONDITION_REVIEW_REQUIRED,全既存branchで公式資料中の品目表記とcategoryの直接候補あり。 collector_status=ALL_EXISTING_BRANCHES_HAVE_DIRECT_CANDIDATE
M030,I032,UNRESOLVED,,,,,TRUE,UNRESOLVED,直接記載・公式rule由来mapping・一意な一般則categoryのいずれでも決定できない。 collector_status=AMBIGUOUS_CATEGORY_CANDIDATES
M030,I033,UNRESOLVED,,,,,TRUE,UNRESOLVED,直接記載・公式rule由来mapping・一意な一般則categoryのいずれでも決定できない。 collector_status=AMBIGUOUS_CATEGORY_CANDIDATES
M030,I034,DIRECT_ITEM,C-M030-02|C-M030-10,不燃ごみ|小型家電リサイクル,S-M030-01,text-match:小型家電 + 不燃ごみ|text-match:小型家電 + 小型家電リサイクル,TRUE,CATEGORY_SUPPORTED_CONDITION_REVIEW_REQUIRED,全既存branchで公式資料中の品目表記とcategoryの直接候補あり。 collector_status=ALL_EXISTING_BRANCHES_HAVE_DIRECT_CANDIDATE
M030,I035,UNRESOLVED,,,,,TRUE,UNRESOLVED,直接記載・公式rule由来mapping・一意な一般則categoryのいずれでも決定できない。 collector_status=NO_ITEM_MATCH_IN_FETCHED_OFFICIAL_SOURCES
M030,I036,UNRESOLVED,,,,,TRUE,UNRESOLVED,直接記載・公式rule由来mapping・一意な一般則categoryのいずれでも決定できない。 collector_status=AMBIGUOUS_CATEGORY_CANDIDATES
M030,I037,UNRESOLVED,,,,,TRUE,UNRESOLVED,既存mappingの全branchをCURRENT公式category ruleで裏付けられないため未解決。 collector_status=AMBIGUOUS_CATEGORY_CANDIDATES
M030,I038,DIRECT_ITEM,C-M030-10,小型家電リサイクル,S-M030-01,text-match:パソコン + 小型家電リサイクル,TRUE,CATEGORY_SUPPORTED_CONDITION_REVIEW_REQUIRED,全既存branchで公式資料中の品目表記とcategoryの直接候補あり。 collector_status=ALL_EXISTING_BRANCHES_HAVE_DIRECT_CANDIDATE
M030,I039,UNRESOLVED,,,,,TRUE,UNRESOLVED,直接記載・公式rule由来mapping・一意な一般則categoryのいずれでも決定できない。 collector_status=AMBIGUOUS_CATEGORY_CANDIDATES
M030,I040,UNRESOLVED,,,,,TRUE,UNRESOLVED,直接記載・公式rule由来mapping・一意な一般則categoryのいずれでも決定できない。 collector_status=NO_ITEM_MATCH_IN_FETCHED_OFFICIAL_SOURCES
M031,I001,OFFICIAL_RULE_DERIVED,C-M031-15,ペットボトル,S-M031-01,保存版分別案内／再生資源／ペットボトル,FALSE,CATEGORY_SUPPORTED,品目の直接記載は必須とせず、既存mappingを支えるCURRENT公式category ruleから判定。 collector_status=NO_ITEM_MATCH_IN_FETCHED_OFFICIAL_SOURCES
M031,I002,UNRESOLVED,,,,,TRUE,UNRESOLVED,直接記載・公式rule由来mapping・一意な一般則categoryのいずれでも決定できない。 collector_status=NO_ITEM_MATCH_IN_FETCHED_OFFICIAL_SOURCES
M031,I003,UNRESOLVED,,,,,TRUE,UNRESOLVED,直接記載・公式rule由来mapping・一意な一般則categoryのいずれでも決定できない。 collector_status=NO_ITEM_MATCH_IN_FETCHED_OFFICIAL_SOURCES
M031,I004,UNRESOLVED,,,,,FALSE,UNRESOLVED,直接記載・公式rule由来mapping・一意な一般則categoryのいずれでも決定できない。 collector_status=NO_ITEM_MATCH_IN_FETCHED_OFFICIAL_SOURCES
M031,I005,UNRESOLVED,,,,,FALSE,UNRESOLVED,直接記載・公式rule由来mapping・一意な一般則categoryのいずれでも決定できない。 collector_status=NO_ITEM_MATCH_IN_FETCHED_OFFICIAL_SOURCES
M031,I006,OFFICIAL_RULE_DERIVED,C-M031-02,びん類,S-M031-01,保存版分別案内／びん類,TRUE,CATEGORY_SUPPORTED_CONDITION_REVIEW_REQUIRED,品目の直接記載は必須とせず、既存mappingを支えるCURRENT公式category ruleから判定。 collector_status=NO_ITEM_MATCH_IN_FETCHED_OFFICIAL_SOURCES
M031,I007,OFFICIAL_RULE_DERIVED,C-M031-14,白色トレー,S-M031-01,保存版分別案内／再生資源／白色トレー,TRUE,CATEGORY_SUPPORTED_CONDITION_REVIEW_REQUIRED,品目の直接記載は必須とせず、既存mappingを支えるCURRENT公式category ruleから判定。 collector_status=NO_ITEM_MATCH_IN_FETCHED_OFFICIAL_SOURCES
M031,I008,UNRESOLVED,,,,,TRUE,UNRESOLVED,直接記載・公式rule由来mapping・一意な一般則categoryのいずれでも決定できない。 collector_status=NO_ITEM_MATCH_IN_FETCHED_OFFICIAL_SOURCES
M031,I009,UNRESOLVED,,,,,TRUE,UNRESOLVED,直接記載・公式rule由来mapping・一意な一般則categoryのいずれでも決定できない。 collector_status=NO_ITEM_MATCH_IN_FETCHED_OFFICIAL_SOURCES
M031,I010,UNRESOLVED,,,,,TRUE,UNRESOLVED,直接記載・公式rule由来mapping・一意な一般則categoryのいずれでも決定できない。 collector_status=NO_ITEM_MATCH_IN_FETCHED_OFFICIAL_SOURCES
M031,I011,UNRESOLVED,,,,,TRUE,UNRESOLVED,直接記載・公式rule由来mapping・一意な一般則categoryのいずれでも決定できない。 collector_status=NO_ITEM_MATCH_IN_FETCHED_OFFICIAL_SOURCES
M031,I012,OFFICIAL_RULE_DERIVED,C-M031-13,発泡スチロール,S-M031-01,保存版分別案内／再生資源／発泡スチロール,TRUE,CATEGORY_SUPPORTED_CONDITION_REVIEW_REQUIRED,品目の直接記載は必須とせず、既存mappingを支えるCURRENT公式category ruleから判定。 collector_status=NO_ITEM_MATCH_IN_FETCHED_OFFICIAL_SOURCES
M031,I013,OFFICIAL_RULE_DERIVED,C-M031-08,新聞・チラシ広告,S-M031-01,保存版分別案内／再生資源／新聞・チラシ広告,FALSE,CATEGORY_SUPPORTED,品目の直接記載は必須とせず、既存mappingを支えるCURRENT公式category ruleから判定。 collector_status=NO_ITEM_MATCH_IN_FETCHED_OFFICIAL_SOURCES
M031,I014,OFFICIAL_RULE_DERIVED,C-M031-10,段ボール,S-M031-01,保存版分別案内／再生資源／段ボール,FALSE,CATEGORY_SUPPORTED,品目の直接記載は必須とせず、既存mappingを支えるCURRENT公式category ruleから判定。 collector_status=NO_ITEM_MATCH_IN_FETCHED_OFFICIAL_SOURCES
M031,I015,OFFICIAL_RULE_DERIVED,C-M031-09,雑誌・雑紙類,S-M031-01,保存版分別案内／再生資源／雑誌・雑紙類,FALSE,CATEGORY_SUPPORTED,品目の直接記載は必須とせず、既存mappingを支えるCURRENT公式category ruleから判定。 collector_status=NO_ITEM_MATCH_IN_FETCHED_OFFICIAL_SOURCES
M031,I016,OFFICIAL_RULE_DERIVED,C-M031-09,雑誌・雑紙類,S-M031-01,保存版分別案内／再生資源／雑誌・雑紙類,FALSE,CATEGORY_SUPPORTED,品目の直接記載は必須とせず、既存mappingを支えるCURRENT公式category ruleから判定。 collector_status=NO_ITEM_MATCH_IN_FETCHED_OFFICIAL_SOURCES
M031,I017,UNRESOLVED,,,,,TRUE,UNRESOLVED,直接記載・公式rule由来mapping・一意な一般則categoryのいずれでも決定できない。 collector_status=NO_ITEM_MATCH_IN_FETCHED_OFFICIAL_SOURCES
M031,I018,OFFICIAL_RULE_DERIVED,C-M031-01,可燃ごみ,S-M031-02,令和8年度日程表／可燃ごみ,FALSE,CATEGORY_SUPPORTED,品目の直接記載は必須とせず、既存mappingを支えるCURRENT公式category ruleから判定。 collector_status=NO_ITEM_MATCH_IN_FETCHED_OFFICIAL_SOURCES
M031,I019,UNRESOLVED,,,,,FALSE,UNRESOLVED,一般則候補categoryが複数(2)のため自動決定しない。 collector_status=NO_ITEM_MATCH_IN_FETCHED_OFFICIAL_SOURCES
M031,I020,UNRESOLVED,,,,,FALSE,UNRESOLVED,一般則候補categoryが複数(2)のため自動決定しない。 collector_status=NO_ITEM_MATCH_IN_FETCHED_OFFICIAL_SOURCES
M031,I021,OFFICIAL_RULE_DERIVED,C-M031-11,布類,S-M031-01,保存版分別案内／再生資源／布類,FALSE,CATEGORY_SUPPORTED,品目の直接記載は必須とせず、既存mappingを支えるCURRENT公式category ruleから判定。 collector_status=NO_ITEM_MATCH_IN_FETCHED_OFFICIAL_SOURCES
M031,I022,UNRESOLVED,,,,,TRUE,UNRESOLVED,直接記載・公式rule由来mapping・一意な一般則categoryのいずれでも決定できない。 collector_status=NO_ITEM_MATCH_IN_FETCHED_OFFICIAL_SOURCES
M031,I023,OFFICIAL_RULE_DERIVED,C-M031-05,不燃ごみ,S-M031-02,令和8年度日程表／不燃ごみ,FALSE,CATEGORY_SUPPORTED,品目の直接記載は必須とせず、既存mappingを支えるCURRENT公式category ruleから判定。 collector_status=NO_ITEM_MATCH_IN_FETCHED_OFFICIAL_SOURCES
M031,I024,UNRESOLVED,,,,,FALSE,UNRESOLVED,一般則候補categoryが複数(2)のため自動決定しない。 collector_status=NO_ITEM_MATCH_IN_FETCHED_OFFICIAL_SOURCES
M031,I025,UNRESOLVED,,,,,TRUE,UNRESOLVED,直接記載・公式rule由来mapping・一意な一般則categoryのいずれでも決定できない。 collector_status=NO_ITEM_MATCH_IN_FETCHED_OFFICIAL_SOURCES
M031,I026,UNRESOLVED,,,,,TRUE,UNRESOLVED,直接記載・公式rule由来mapping・一意な一般則categoryのいずれでも決定できない。 collector_status=NO_ITEM_MATCH_IN_FETCHED_OFFICIAL_SOURCES
M031,I027,OFFICIAL_RULE_DERIVED,C-M031-06,有害ごみ,S-M031-01,ごみの出し方／有害ごみ,TRUE,CATEGORY_SUPPORTED_CONDITION_REVIEW_REQUIRED,品目の直接記載は必須とせず、既存mappingを支えるCURRENT公式category ruleから判定。 collector_status=NO_ITEM_MATCH_IN_FETCHED_OFFICIAL_SOURCES
M031,I028,UNRESOLVED,,,,,TRUE,UNRESOLVED,直接記載・公式rule由来mapping・一意な一般則categoryのいずれでも決定できない。 collector_status=NO_ITEM_MATCH_IN_FETCHED_OFFICIAL_SOURCES
M031,I029,UNRESOLVED,,,,,TRUE,UNRESOLVED,直接記載・公式rule由来mapping・一意な一般則categoryのいずれでも決定できない。 collector_status=NO_ITEM_MATCH_IN_FETCHED_OFFICIAL_SOURCES
M031,I030,UNRESOLVED,,,,,TRUE,UNRESOLVED,直接記載・公式rule由来mapping・一意な一般則categoryのいずれでも決定できない。 collector_status=NO_ITEM_MATCH_IN_FETCHED_OFFICIAL_SOURCES
M031,I031,UNRESOLVED,,,,,TRUE,UNRESOLVED,直接記載・公式rule由来mapping・一意な一般則categoryのいずれでも決定できない。 collector_status=NO_ITEM_MATCH_IN_FETCHED_OFFICIAL_SOURCES
M031,I032,DIRECT_ITEM,C-M031-06,有害ごみ,S-M031-01,text-match:スプレー缶 + 有害ごみ,TRUE,CATEGORY_SUPPORTED_CONDITION_REVIEW_REQUIRED,全既存branchで公式資料中の品目表記とcategoryの直接候補あり。 collector_status=ALL_EXISTING_BRANCHES_HAVE_DIRECT_CANDIDATE
M031,I033,UNRESOLVED,,,,,TRUE,UNRESOLVED,直接記載・公式rule由来mapping・一意な一般則categoryのいずれでも決定できない。 collector_status=NO_ITEM_MATCH_IN_FETCHED_OFFICIAL_SOURCES
M031,I034,DIRECT_ITEM,C-M031-04,小型家電,S-M031-01,text-match:小型家電 + 小型家電,TRUE,CATEGORY_SUPPORTED_CONDITION_REVIEW_REQUIRED,全既存branchで公式資料中の品目表記とcategoryの直接候補あり。 collector_status=ALL_EXISTING_BRANCHES_HAVE_DIRECT_CANDIDATE
M031,I035,UNRESOLVED,,,,,TRUE,UNRESOLVED,直接記載・公式rule由来mapping・一意な一般則categoryのいずれでも決定できない。 collector_status=NO_ITEM_MATCH_IN_FETCHED_OFFICIAL_SOURCES
M031,I036,UNRESOLVED,,,,,TRUE,UNRESOLVED,直接記載・公式rule由来mapping・一意な一般則categoryのいずれでも決定できない。 collector_status=NO_ITEM_MATCH_IN_FETCHED_OFFICIAL_SOURCES
M031,I037,UNRESOLVED,,,,,TRUE,UNRESOLVED,既存mappingの全branchをCURRENT公式category ruleで裏付けられないため未解決。 collector_status=NO_ITEM_MATCH_IN_FETCHED_OFFICIAL_SOURCES
M031,I038,UNRESOLVED,,,,,TRUE,UNRESOLVED,直接記載・公式rule由来mapping・一意な一般則categoryのいずれでも決定できない。 collector_status=ITEM_MATCH_WITHOUT_CATEGORY
M031,I039,DIRECT_ITEM,C-M031-18,廃食用油,S-M031-01,text-match:廃食用油 + 廃食用油,TRUE,CATEGORY_SUPPORTED_CONDITION_REVIEW_REQUIRED,全既存branchで公式資料中の品目表記とcategoryの直接候補あり。 collector_status=ALL_EXISTING_BRANCHES_HAVE_DIRECT_CANDIDATE
M031,I040,UNRESOLVED,,,,,TRUE,UNRESOLVED,直接記載・公式rule由来mapping・一意な一般則categoryのいずれでも決定できない。 collector_status=NO_ITEM_MATCH_IN_FETCHED_OFFICIAL_SOURCES
M032,I001,UNRESOLVED,,,,,FALSE,UNRESOLVED,直接記載・公式rule由来mapping・一意な一般則categoryのいずれでも決定できない。 collector_status=NO_ITEM_MATCH_IN_FETCHED_OFFICIAL_SOURCES
M032,I002,UNRESOLVED,,,,,TRUE,UNRESOLVED,直接記載・公式rule由来mapping・一意な一般則categoryのいずれでも決定できない。 collector_status=NO_ITEM_MATCH_IN_FETCHED_OFFICIAL_SOURCES
M032,I003,UNRESOLVED,,,,,TRUE,UNRESOLVED,直接記載・公式rule由来mapping・一意な一般則categoryのいずれでも決定できない。 collector_status=NO_ITEM_MATCH_IN_FETCHED_OFFICIAL_SOURCES
M032,I004,UNRESOLVED,,,,,FALSE,UNRESOLVED,直接記載・公式rule由来mapping・一意な一般則categoryのいずれでも決定できない。 collector_status=NO_ITEM_MATCH_IN_FETCHED_OFFICIAL_SOURCES
M032,I005,UNRESOLVED,,,,,FALSE,UNRESOLVED,直接記載・公式rule由来mapping・一意な一般則categoryのいずれでも決定できない。 collector_status=NO_ITEM_MATCH_IN_FETCHED_OFFICIAL_SOURCES
M032,I006,UNRESOLVED,,,,,TRUE,UNRESOLVED,直接記載・公式rule由来mapping・一意な一般則categoryのいずれでも決定できない。 collector_status=NO_ITEM_MATCH_IN_FETCHED_OFFICIAL_SOURCES
M032,I007,UNRESOLVED,,,,,TRUE,UNRESOLVED,直接記載・公式rule由来mapping・一意な一般則categoryのいずれでも決定できない。 collector_status=NO_ITEM_MATCH_IN_FETCHED_OFFICIAL_SOURCES
M032,I008,UNRESOLVED,,,,,TRUE,UNRESOLVED,直接記載・公式rule由来mapping・一意な一般則categoryのいずれでも決定できない。 collector_status=NO_ITEM_MATCH_IN_FETCHED_OFFICIAL_SOURCES
M032,I009,UNRESOLVED,,,,,TRUE,UNRESOLVED,直接記載・公式rule由来mapping・一意な一般則categoryのいずれでも決定できない。 collector_status=NO_ITEM_MATCH_IN_FETCHED_OFFICIAL_SOURCES
M032,I010,UNRESOLVED,,,,,TRUE,UNRESOLVED,直接記載・公式rule由来mapping・一意な一般則categoryのいずれでも決定できない。 collector_status=NO_ITEM_MATCH_IN_FETCHED_OFFICIAL_SOURCES
M032,I011,UNRESOLVED,,,,,TRUE,UNRESOLVED,直接記載・公式rule由来mapping・一意な一般則categoryのいずれでも決定できない。 collector_status=NO_ITEM_MATCH_IN_FETCHED_OFFICIAL_SOURCES
M032,I012,UNRESOLVED,,,,,TRUE,UNRESOLVED,直接記載・公式rule由来mapping・一意な一般則categoryのいずれでも決定できない。 collector_status=NO_ITEM_MATCH_IN_FETCHED_OFFICIAL_SOURCES
M032,I013,UNRESOLVED,,,,,FALSE,UNRESOLVED,直接記載・公式rule由来mapping・一意な一般則categoryのいずれでも決定できない。 collector_status=NO_ITEM_MATCH_IN_FETCHED_OFFICIAL_SOURCES
M032,I014,UNRESOLVED,,,,,FALSE,UNRESOLVED,直接記載・公式rule由来mapping・一意な一般則categoryのいずれでも決定できない。 collector_status=NO_ITEM_MATCH_IN_FETCHED_OFFICIAL_SOURCES
M032,I015,UNRESOLVED,,,,,FALSE,UNRESOLVED,直接記載・公式rule由来mapping・一意な一般則categoryのいずれでも決定できない。 collector_status=NO_ITEM_MATCH_IN_FETCHED_OFFICIAL_SOURCES
M032,I016,UNRESOLVED,,,,,FALSE,UNRESOLVED,直接記載・公式rule由来mapping・一意な一般則categoryのいずれでも決定できない。 collector_status=NO_ITEM_MATCH_IN_FETCHED_OFFICIAL_SOURCES
M032,I017,UNRESOLVED,,,,,TRUE,UNRESOLVED,直接記載・公式rule由来mapping・一意な一般則categoryのいずれでも決定できない。 collector_status=NO_ITEM_MATCH_IN_FETCHED_OFFICIAL_SOURCES
M032,I018,OFFICIAL_RULE_DERIVED,C-M032-01,可燃ゴミ,S-M032-02,市公式モバイル版／可燃ゴミ,FALSE,CATEGORY_SUPPORTED,品目の直接記載は必須とせず、既存mappingを支えるCURRENT公式category ruleから判定。 collector_status=NO_ITEM_MATCH_IN_FETCHED_OFFICIAL_SOURCES
M032,I019,GENERAL_RULE_DERIVED,C-M032-01,可燃ゴミ,S-M032-02,市公式モバイル版／可燃ゴミ,FALSE,CATEGORY_SUPPORTED,個別記載・既存mappingなし。一般的な材質/用途ルールと一意のCURRENT公式categoryが一致。 collector_status=NO_ITEM_MATCH_IN_FETCHED_OFFICIAL_SOURCES
M032,I020,GENERAL_RULE_DERIVED,C-M032-01,可燃ゴミ,S-M032-02,市公式モバイル版／可燃ゴミ,FALSE,CATEGORY_SUPPORTED,個別記載・既存mappingなし。一般的な材質/用途ルールと一意のCURRENT公式categoryが一致。 collector_status=NO_ITEM_MATCH_IN_FETCHED_OFFICIAL_SOURCES
M032,I021,UNRESOLVED,,,,,FALSE,UNRESOLVED,直接記載・公式rule由来mapping・一意な一般則categoryのいずれでも決定できない。 collector_status=NO_ITEM_MATCH_IN_FETCHED_OFFICIAL_SOURCES
M032,I022,UNRESOLVED,,,,,TRUE,UNRESOLVED,直接記載・公式rule由来mapping・一意な一般則categoryのいずれでも決定できない。 collector_status=NO_ITEM_MATCH_IN_FETCHED_OFFICIAL_SOURCES
M032,I023,OFFICIAL_RULE_DERIVED,C-M032-06,不燃ゴミ,S-M032-02,市公式モバイル版／不燃ゴミ,FALSE,CATEGORY_SUPPORTED,品目の直接記載は必須とせず、既存mappingを支えるCURRENT公式category ruleから判定。 collector_status=NO_ITEM_MATCH_IN_FETCHED_OFFICIAL_SOURCES
M032,I024,GENERAL_RULE_DERIVED,C-M032-06,不燃ゴミ,S-M032-02,市公式モバイル版／不燃ゴミ,FALSE,CATEGORY_SUPPORTED,個別記載・既存mappingなし。一般的な材質/用途ルールと一意のCURRENT公式categoryが一致。 collector_status=NO_ITEM_MATCH_IN_FETCHED_OFFICIAL_SOURCES
M032,I025,UNRESOLVED,,,,,TRUE,UNRESOLVED,直接記載・公式rule由来mapping・一意な一般則categoryのいずれでも決定できない。 collector_status=NO_ITEM_MATCH_IN_FETCHED_OFFICIAL_SOURCES
M032,I026,UNRESOLVED,,,,,TRUE,UNRESOLVED,直接記載・公式rule由来mapping・一意な一般則categoryのいずれでも決定できない。 collector_status=NO_ITEM_MATCH_IN_FETCHED_OFFICIAL_SOURCES
M032,I027,OFFICIAL_RULE_DERIVED,C-M032-07,有害ゴミ,S-M032-02,市公式モバイル版／有害ゴミ,TRUE,CATEGORY_SUPPORTED_CONDITION_REVIEW_REQUIRED,品目の直接記載は必須とせず、既存mappingを支えるCURRENT公式category ruleから判定。 collector_status=NO_ITEM_MATCH_IN_FETCHED_OFFICIAL_SOURCES
M032,I028,UNRESOLVED,,,,,TRUE,UNRESOLVED,直接記載・公式rule由来mapping・一意な一般則categoryのいずれでも決定できない。 collector_status=ONE_INFERRED_CATEGORY_CANDIDATE
M032,I029,UNRESOLVED,,,,,TRUE,UNRESOLVED,直接記載・公式rule由来mapping・一意な一般則categoryのいずれでも決定できない。 collector_status=NO_ITEM_MATCH_IN_FETCHED_OFFICIAL_SOURCES
M032,I030,OFFICIAL_RULE_DERIVED,C-M032-07,有害ゴミ,S-M032-02,市公式モバイル版／有害ゴミ,TRUE,CATEGORY_SUPPORTED_CONDITION_REVIEW_REQUIRED,品目の直接記載は必須とせず、既存mappingを支えるCURRENT公式category ruleから判定。 collector_status=NO_ITEM_MATCH_IN_FETCHED_OFFICIAL_SOURCES
M032,I031,UNRESOLVED,,,,,TRUE,UNRESOLVED,直接記載・公式rule由来mapping・一意な一般則categoryのいずれでも決定できない。 collector_status=NO_ITEM_MATCH_IN_FETCHED_OFFICIAL_SOURCES
M032,I032,UNRESOLVED,,,,,TRUE,UNRESOLVED,直接記載・公式rule由来mapping・一意な一般則categoryのいずれでも決定できない。 collector_status=NO_ITEM_MATCH_IN_FETCHED_OFFICIAL_SOURCES
M032,I033,UNRESOLVED,,,,,TRUE,UNRESOLVED,直接記載・公式rule由来mapping・一意な一般則categoryのいずれでも決定できない。 collector_status=NO_ITEM_MATCH_IN_FETCHED_OFFICIAL_SOURCES
M032,I034,UNRESOLVED,,,,,TRUE,UNRESOLVED,直接記載・公式rule由来mapping・一意な一般則categoryのいずれでも決定できない。 collector_status=NO_ITEM_MATCH_IN_FETCHED_OFFICIAL_SOURCES
M032,I035,UNRESOLVED,,,,,TRUE,UNRESOLVED,直接記載・公式rule由来mapping・一意な一般則categoryのいずれでも決定できない。 collector_status=NO_ITEM_MATCH_IN_FETCHED_OFFICIAL_SOURCES
M032,I036,UNRESOLVED,,,,,TRUE,UNRESOLVED,直接記載・公式rule由来mapping・一意な一般則categoryのいずれでも決定できない。 collector_status=NO_ITEM_MATCH_IN_FETCHED_OFFICIAL_SOURCES
M032,I037,UNRESOLVED,,,,,TRUE,UNRESOLVED,直接記載・公式rule由来mapping・一意な一般則categoryのいずれでも決定できない。 collector_status=NO_ITEM_MATCH_IN_FETCHED_OFFICIAL_SOURCES
M032,I038,UNRESOLVED,,,,,TRUE,UNRESOLVED,直接記載・公式rule由来mapping・一意な一般則categoryのいずれでも決定できない。 collector_status=AMBIGUOUS_CATEGORY_CANDIDATES
M032,I039,OFFICIAL_RULE_DERIVED,C-M032-08,廃食油,S-M032-02,市公式モバイル版／廃食油,TRUE,CATEGORY_SUPPORTED_CONDITION_REVIEW_REQUIRED,品目の直接記載は必須とせず、既存mappingを支えるCURRENT公式category ruleから判定。 collector_status=NO_ITEM_MATCH_IN_FETCHED_OFFICIAL_SOURCES
M032,I040,UNRESOLVED,,,,,TRUE,UNRESOLVED,直接記載・公式rule由来mapping・一意な一般則categoryのいずれでも決定できない。 collector_status=NO_ITEM_MATCH_IN_FETCHED_OFFICIAL_SOURCES
M033,I001,DIRECT_ITEM,C-M033-07,ペットボトル,S-M033-02,text-match:ペットボトル + ペットボトル,FALSE,CATEGORY_SUPPORTED,全既存branchで公式資料中の品目表記とcategoryの直接候補あり。 collector_status=ALL_EXISTING_BRANCHES_HAVE_DIRECT_CANDIDATE
M033,I002,UNRESOLVED,,,,,TRUE,UNRESOLVED,直接記載・公式rule由来mapping・一意な一般則categoryのいずれでも決定できない。 collector_status=NO_ITEM_MATCH_IN_FETCHED_OFFICIAL_SOURCES
M033,I003,UNRESOLVED,,,,,TRUE,UNRESOLVED,直接記載・公式rule由来mapping・一意な一般則categoryのいずれでも決定できない。 collector_status=NO_ITEM_MATCH_IN_FETCHED_OFFICIAL_SOURCES
M033,I004,UNRESOLVED,,,,,FALSE,UNRESOLVED,直接記載・公式rule由来mapping・一意な一般則categoryのいずれでも決定できない。 collector_status=NO_ITEM_MATCH_IN_FETCHED_OFFICIAL_SOURCES
M033,I005,UNRESOLVED,,,,,FALSE,UNRESOLVED,直接記載・公式rule由来mapping・一意な一般則categoryのいずれでも決定できない。 collector_status=NO_ITEM_MATCH_IN_FETCHED_OFFICIAL_SOURCES
M033,I006,UNRESOLVED,,,,,TRUE,UNRESOLVED,直接記載・公式rule由来mapping・一意な一般則categoryのいずれでも決定できない。 collector_status=NO_ITEM_MATCH_IN_FETCHED_OFFICIAL_SOURCES
M033,I007,UNRESOLVED,,,,,TRUE,UNRESOLVED,直接記載・公式rule由来mapping・一意な一般則categoryのいずれでも決定できない。 collector_status=NO_ITEM_MATCH_IN_FETCHED_OFFICIAL_SOURCES
M033,I008,UNRESOLVED,,,,,TRUE,UNRESOLVED,直接記載・公式rule由来mapping・一意な一般則categoryのいずれでも決定できない。 collector_status=NO_ITEM_MATCH_IN_FETCHED_OFFICIAL_SOURCES
M033,I009,UNRESOLVED,,,,,TRUE,UNRESOLVED,直接記載・公式rule由来mapping・一意な一般則categoryのいずれでも決定できない。 collector_status=NO_ITEM_MATCH_IN_FETCHED_OFFICIAL_SOURCES
M033,I010,UNRESOLVED,,,,,TRUE,UNRESOLVED,直接記載・公式rule由来mapping・一意な一般則categoryのいずれでも決定できない。 collector_status=NO_ITEM_MATCH_IN_FETCHED_OFFICIAL_SOURCES
M033,I011,UNRESOLVED,,,,,TRUE,UNRESOLVED,直接記載・公式rule由来mapping・一意な一般則categoryのいずれでも決定できない。 collector_status=NO_ITEM_MATCH_IN_FETCHED_OFFICIAL_SOURCES
M033,I012,UNRESOLVED,,,,,TRUE,UNRESOLVED,直接記載・公式rule由来mapping・一意な一般則categoryのいずれでも決定できない。 collector_status=NO_ITEM_MATCH_IN_FETCHED_OFFICIAL_SOURCES
M033,I013,UNRESOLVED,,,,,FALSE,UNRESOLVED,直接記載・公式rule由来mapping・一意な一般則categoryのいずれでも決定できない。 collector_status=AMBIGUOUS_CATEGORY_CANDIDATES
M033,I014,UNRESOLVED,,,,,FALSE,UNRESOLVED,直接記載・公式rule由来mapping・一意な一般則categoryのいずれでも決定できない。 collector_status=AMBIGUOUS_CATEGORY_CANDIDATES
M033,I015,UNRESOLVED,,,,,FALSE,UNRESOLVED,直接記載・公式rule由来mapping・一意な一般則categoryのいずれでも決定できない。 collector_status=AMBIGUOUS_CATEGORY_CANDIDATES
M033,I016,UNRESOLVED,,,,,FALSE,UNRESOLVED,直接記載・公式rule由来mapping・一意な一般則categoryのいずれでも決定できない。 collector_status=ITEM_MATCH_WITHOUT_CATEGORY
M033,I017,UNRESOLVED,,,,,TRUE,UNRESOLVED,直接記載・公式rule由来mapping・一意な一般則categoryのいずれでも決定できない。 collector_status=NO_ITEM_MATCH_IN_FETCHED_OFFICIAL_SOURCES
M033,I018,OFFICIAL_RULE_DERIVED,C-M033-01,可燃ごみ,S-M033-01,家庭ごみガイド／可燃ごみ,TRUE,CATEGORY_SUPPORTED_CONDITION_REVIEW_REQUIRED,品目の直接記載は必須とせず、既存mappingを支えるCURRENT公式category ruleから判定。 collector_status=NO_ITEM_MATCH_IN_FETCHED_OFFICIAL_SOURCES
M033,I019,GENERAL_RULE_DERIVED,C-M033-01,可燃ごみ,S-M033-01,家庭ごみガイド／可燃ごみ,TRUE,CATEGORY_SUPPORTED_CONDITION_REVIEW_REQUIRED,個別記載・既存mappingなし。一般的な材質/用途ルールと一意のCURRENT公式categoryが一致。 collector_status=NO_ITEM_MATCH_IN_FETCHED_OFFICIAL_SOURCES
M033,I020,GENERAL_RULE_DERIVED,C-M033-01,可燃ごみ,S-M033-01,家庭ごみガイド／可燃ごみ,TRUE,CATEGORY_SUPPORTED_CONDITION_REVIEW_REQUIRED,個別記載・既存mappingなし。一般的な材質/用途ルールと一意のCURRENT公式categoryが一致。 collector_status=NO_ITEM_MATCH_IN_FETCHED_OFFICIAL_SOURCES
M033,I021,OFFICIAL_RULE_DERIVED,C-M033-11,衣類等,S-M033-01,家庭ごみ分別一覧／衣類等の受け入れ,FALSE,CATEGORY_SUPPORTED,品目の直接記載は必須とせず、既存mappingを支えるCURRENT公式category ruleから判定。 collector_status=ITEM_MATCH_WITHOUT_CATEGORY
M033,I022,UNRESOLVED,,,,,TRUE,UNRESOLVED,直接記載・公式rule由来mapping・一意な一般則categoryのいずれでも決定できない。 collector_status=NO_ITEM_MATCH_IN_FETCHED_OFFICIAL_SOURCES
M033,I023,OFFICIAL_RULE_DERIVED,C-M033-05,小型破砕ごみ,S-M033-02,ごみの出し方／小型破砕ごみ,FALSE,CATEGORY_SUPPORTED,品目の直接記載は必須とせず、既存mappingを支えるCURRENT公式category ruleから判定。 collector_status=NO_ITEM_MATCH_IN_FETCHED_OFFICIAL_SOURCES
M033,I024,UNRESOLVED,,,,,FALSE,UNRESOLVED,直接記載・公式rule由来mapping・一意な一般則categoryのいずれでも決定できない。 collector_status=NO_ITEM_MATCH_IN_FETCHED_OFFICIAL_SOURCES
M033,I025,UNRESOLVED,,,,,TRUE,UNRESOLVED,直接記載・公式rule由来mapping・一意な一般則categoryのいずれでも決定できない。 collector_status=NO_ITEM_MATCH_IN_FETCHED_OFFICIAL_SOURCES
M033,I026,UNRESOLVED,,,,,TRUE,UNRESOLVED,直接記載・公式rule由来mapping・一意な一般則categoryのいずれでも決定できない。 collector_status=AMBIGUOUS_CATEGORY_CANDIDATES
M033,I027,DIRECT_ITEM,C-M033-09,乾電池類,S-M033-02,text-match:乾電池 + 乾電池類,TRUE,CATEGORY_SUPPORTED_CONDITION_REVIEW_REQUIRED,全既存branchで公式資料中の品目表記とcategoryの直接候補あり。 collector_status=ALL_EXISTING_BRANCHES_HAVE_DIRECT_CANDIDATE
M033,I028,UNRESOLVED,,,,,TRUE,UNRESOLVED,直接記載・公式rule由来mapping・一意な一般則categoryのいずれでも決定できない。 collector_status=NO_ITEM_MATCH_IN_FETCHED_OFFICIAL_SOURCES
M033,I029,UNRESOLVED,,,,,TRUE,UNRESOLVED,直接記載・公式rule由来mapping・一意な一般則categoryのいずれでも決定できない。 collector_status=NO_ITEM_MATCH_IN_FETCHED_OFFICIAL_SOURCES
M033,I030,OFFICIAL_RULE_DERIVED,C-M033-08,有害ごみ,S-M033-01,家庭ごみガイド／有害ごみ,TRUE,CATEGORY_SUPPORTED_CONDITION_REVIEW_REQUIRED,品目の直接記載は必須とせず、既存mappingを支えるCURRENT公式category ruleから判定。 collector_status=NO_ITEM_MATCH_IN_FETCHED_OFFICIAL_SOURCES
M033,I031,UNRESOLVED,,,,,TRUE,UNRESOLVED,直接記載・公式rule由来mapping・一意な一般則categoryのいずれでも決定できない。 collector_status=AMBIGUOUS_CATEGORY_CANDIDATES
M033,I032,UNRESOLVED,,,,,TRUE,UNRESOLVED,直接記載・公式rule由来mapping・一意な一般則categoryのいずれでも決定できない。 collector_status=NO_ITEM_MATCH_IN_FETCHED_OFFICIAL_SOURCES
M033,I033,UNRESOLVED,,,,,TRUE,UNRESOLVED,直接記載・公式rule由来mapping・一意な一般則categoryのいずれでも決定できない。 collector_status=NO_ITEM_MATCH_IN_FETCHED_OFFICIAL_SOURCES
M033,I034,OFFICIAL_RULE_DERIVED,C-M033-10,使用済小型電子機器等,S-M033-01,家庭ごみ分別一覧／小型家電リサイクル,TRUE,CATEGORY_SUPPORTED_CONDITION_REVIEW_REQUIRED,品目の直接記載は必須とせず、既存mappingを支えるCURRENT公式category ruleから判定。 collector_status=ITEM_MATCH_WITHOUT_CATEGORY
M033,I035,UNRESOLVED,,,,,TRUE,UNRESOLVED,直接記載・公式rule由来mapping・一意な一般則categoryのいずれでも決定できない。 collector_status=NO_ITEM_MATCH_IN_FETCHED_OFFICIAL_SOURCES
M033,I036,UNRESOLVED,,,,,TRUE,UNRESOLVED,直接記載・公式rule由来mapping・一意な一般則categoryのいずれでも決定できない。 collector_status=ITEM_MATCH_WITHOUT_CATEGORY
M033,I037,UNRESOLVED,,,,,TRUE,UNRESOLVED,既存mappingの全branchをCURRENT公式category ruleで裏付けられないため未解決。 collector_status=NO_ITEM_MATCH_IN_FETCHED_OFFICIAL_SOURCES
M033,I038,UNRESOLVED,,,,,TRUE,UNRESOLVED,既存mappingの全branchをCURRENT公式category ruleで裏付けられないため未解決。 collector_status=ITEM_MATCH_WITHOUT_CATEGORY
M033,I039,UNRESOLVED,,,,,TRUE,UNRESOLVED,直接記載・公式rule由来mapping・一意な一般則categoryのいずれでも決定できない。 collector_status=NO_ITEM_MATCH_IN_FETCHED_OFFICIAL_SOURCES
M033,I040,UNRESOLVED,,,,,TRUE,UNRESOLVED,直接記載・公式rule由来mapping・一意な一般則categoryのいずれでも決定できない。 collector_status=NO_ITEM_MATCH_IN_FETCHED_OFFICIAL_SOURCES
M034,I001,OFFICIAL_RULE_DERIVED,C-M034-04,ペットボトル,S-M034-01,ごみの分別／ペットボトル,FALSE,CATEGORY_SUPPORTED,品目の直接記載は必須とせず、既存mappingを支えるCURRENT公式category ruleから判定。 collector_status=NO_ITEM_MATCH_IN_FETCHED_OFFICIAL_SOURCES
M034,I002,UNRESOLVED,,,,,TRUE,UNRESOLVED,直接記載・公式rule由来mapping・一意な一般則categoryのいずれでも決定できない。 collector_status=NO_ITEM_MATCH_IN_FETCHED_OFFICIAL_SOURCES
M034,I003,UNRESOLVED,,,,,TRUE,UNRESOLVED,直接記載・公式rule由来mapping・一意な一般則categoryのいずれでも決定できない。 collector_status=NO_ITEM_MATCH_IN_FETCHED_OFFICIAL_SOURCES
M034,I004,UNRESOLVED,,,,,FALSE,UNRESOLVED,直接記載・公式rule由来mapping・一意な一般則categoryのいずれでも決定できない。 collector_status=NO_ITEM_MATCH_IN_FETCHED_OFFICIAL_SOURCES
M034,I005,UNRESOLVED,,,,,FALSE,UNRESOLVED,直接記載・公式rule由来mapping・一意な一般則categoryのいずれでも決定できない。 collector_status=NO_ITEM_MATCH_IN_FETCHED_OFFICIAL_SOURCES
M034,I006,UNRESOLVED,,,,,TRUE,UNRESOLVED,直接記載・公式rule由来mapping・一意な一般則categoryのいずれでも決定できない。 collector_status=NO_ITEM_MATCH_IN_FETCHED_OFFICIAL_SOURCES
M034,I007,UNRESOLVED,,,,,TRUE,UNRESOLVED,直接記載・公式rule由来mapping・一意な一般則categoryのいずれでも決定できない。 collector_status=NO_ITEM_MATCH_IN_FETCHED_OFFICIAL_SOURCES
M034,I008,UNRESOLVED,,,,,TRUE,UNRESOLVED,直接記載・公式rule由来mapping・一意な一般則categoryのいずれでも決定できない。 collector_status=NO_ITEM_MATCH_IN_FETCHED_OFFICIAL_SOURCES
M034,I009,UNRESOLVED,,,,,TRUE,UNRESOLVED,直接記載・公式rule由来mapping・一意な一般則categoryのいずれでも決定できない。 collector_status=NO_ITEM_MATCH_IN_FETCHED_OFFICIAL_SOURCES
M034,I010,UNRESOLVED,,,,,TRUE,UNRESOLVED,直接記載・公式rule由来mapping・一意な一般則categoryのいずれでも決定できない。 collector_status=NO_ITEM_MATCH_IN_FETCHED_OFFICIAL_SOURCES
M034,I011,UNRESOLVED,,,,,TRUE,UNRESOLVED,直接記載・公式rule由来mapping・一意な一般則categoryのいずれでも決定できない。 collector_status=NO_ITEM_MATCH_IN_FETCHED_OFFICIAL_SOURCES
M034,I012,UNRESOLVED,,,,,TRUE,UNRESOLVED,直接記載・公式rule由来mapping・一意な一般則categoryのいずれでも決定できない。 collector_status=NO_ITEM_MATCH_IN_FETCHED_OFFICIAL_SOURCES
M034,I013,UNRESOLVED,,,,,FALSE,UNRESOLVED,直接記載・公式rule由来mapping・一意な一般則categoryのいずれでも決定できない。 collector_status=NO_ITEM_MATCH_IN_FETCHED_OFFICIAL_SOURCES
M034,I014,UNRESOLVED,,,,,FALSE,UNRESOLVED,直接記載・公式rule由来mapping・一意な一般則categoryのいずれでも決定できない。 collector_status=NO_ITEM_MATCH_IN_FETCHED_OFFICIAL_SOURCES
M034,I015,UNRESOLVED,,,,,FALSE,UNRESOLVED,直接記載・公式rule由来mapping・一意な一般則categoryのいずれでも決定できない。 collector_status=NO_ITEM_MATCH_IN_FETCHED_OFFICIAL_SOURCES
M034,I016,UNRESOLVED,,,,,FALSE,UNRESOLVED,直接記載・公式rule由来mapping・一意な一般則categoryのいずれでも決定できない。 collector_status=NO_ITEM_MATCH_IN_FETCHED_OFFICIAL_SOURCES
M034,I017,UNRESOLVED,,,,,TRUE,UNRESOLVED,直接記載・公式rule由来mapping・一意な一般則categoryのいずれでも決定できない。 collector_status=NO_ITEM_MATCH_IN_FETCHED_OFFICIAL_SOURCES
M034,I018,OFFICIAL_RULE_DERIVED,C-M034-01,可燃ゴミ,S-M034-01,ごみの分別／可燃ゴミ,TRUE,CATEGORY_SUPPORTED_CONDITION_REVIEW_REQUIRED,品目の直接記載は必須とせず、既存mappingを支えるCURRENT公式category ruleから判定。 collector_status=NO_ITEM_MATCH_IN_FETCHED_OFFICIAL_SOURCES
M034,I019,GENERAL_RULE_DERIVED,C-M034-01,可燃ゴミ,S-M034-01,ごみの分別／可燃ゴミ,TRUE,CATEGORY_SUPPORTED_CONDITION_REVIEW_REQUIRED,個別記載・既存mappingなし。一般的な材質/用途ルールと一意のCURRENT公式categoryが一致。 collector_status=NO_ITEM_MATCH_IN_FETCHED_OFFICIAL_SOURCES
M034,I020,GENERAL_RULE_DERIVED,C-M034-01,可燃ゴミ,S-M034-01,ごみの分別／可燃ゴミ,TRUE,CATEGORY_SUPPORTED_CONDITION_REVIEW_REQUIRED,個別記載・既存mappingなし。一般的な材質/用途ルールと一意のCURRENT公式categoryが一致。 collector_status=NO_ITEM_MATCH_IN_FETCHED_OFFICIAL_SOURCES
M034,I021,UNRESOLVED,,,,,FALSE,UNRESOLVED,直接記載・公式rule由来mapping・一意な一般則categoryのいずれでも決定できない。 collector_status=NO_ITEM_MATCH_IN_FETCHED_OFFICIAL_SOURCES
M034,I022,UNRESOLVED,,,,,TRUE,UNRESOLVED,直接記載・公式rule由来mapping・一意な一般則categoryのいずれでも決定できない。 collector_status=NO_ITEM_MATCH_IN_FETCHED_OFFICIAL_SOURCES
M034,I023,UNRESOLVED,,,,,FALSE,UNRESOLVED,直接記載・公式rule由来mapping・一意な一般則categoryのいずれでも決定できない。 collector_status=NO_ITEM_MATCH_IN_FETCHED_OFFICIAL_SOURCES
M034,I024,UNRESOLVED,,,,,FALSE,UNRESOLVED,直接記載・公式rule由来mapping・一意な一般則categoryのいずれでも決定できない。 collector_status=NO_ITEM_MATCH_IN_FETCHED_OFFICIAL_SOURCES
M034,I025,UNRESOLVED,,,,,TRUE,UNRESOLVED,直接記載・公式rule由来mapping・一意な一般則categoryのいずれでも決定できない。 collector_status=NO_ITEM_MATCH_IN_FETCHED_OFFICIAL_SOURCES
M034,I026,OFFICIAL_RULE_DERIVED,C-M034-05,小型破砕ごみ,S-M034-01,ごみの分別／小型破砕ごみ,TRUE,CATEGORY_SUPPORTED_CONDITION_REVIEW_REQUIRED,品目の直接記載は必須とせず、既存mappingを支えるCURRENT公式category ruleから判定。 collector_status=NO_ITEM_MATCH_IN_FETCHED_OFFICIAL_SOURCES
M034,I027,OFFICIAL_RULE_DERIVED,C-M034-07,乾電池類,S-M034-01,ごみの分別／乾電池類,TRUE,CATEGORY_SUPPORTED_CONDITION_REVIEW_REQUIRED,品目の直接記載は必須とせず、既存mappingを支えるCURRENT公式category ruleから判定。 collector_status=NO_ITEM_MATCH_IN_FETCHED_OFFICIAL_SOURCES
M034,I028,OFFICIAL_RULE_DERIVED,C-M034-07,乾電池類,S-M034-01,ごみの分別／乾電池類,TRUE,CATEGORY_SUPPORTED_CONDITION_REVIEW_REQUIRED,品目の直接記載は必須とせず、既存mappingを支えるCURRENT公式category ruleから判定。 collector_status=NO_ITEM_MATCH_IN_FETCHED_OFFICIAL_SOURCES
M034,I029,UNRESOLVED,,,,,TRUE,UNRESOLVED,直接記載・公式rule由来mapping・一意な一般則categoryのいずれでも決定できない。 collector_status=NO_ITEM_MATCH_IN_FETCHED_OFFICIAL_SOURCES
M034,I030,OFFICIAL_RULE_DERIVED,C-M034-07,乾電池類,S-M034-01,ごみの分別／乾電池類,TRUE,CATEGORY_SUPPORTED_CONDITION_REVIEW_REQUIRED,品目の直接記載は必須とせず、既存mappingを支えるCURRENT公式category ruleから判定。 collector_status=NO_ITEM_MATCH_IN_FETCHED_OFFICIAL_SOURCES
M034,I031,OFFICIAL_RULE_DERIVED,C-M034-05,小型破砕ごみ,S-M034-01,ごみの分別／小型破砕ごみ,TRUE,CATEGORY_SUPPORTED_CONDITION_REVIEW_REQUIRED,品目の直接記載は必須とせず、既存mappingを支えるCURRENT公式category ruleから判定。 collector_status=NO_ITEM_MATCH_IN_FETCHED_OFFICIAL_SOURCES
M034,I032,OFFICIAL_RULE_DERIVED,C-M034-08,有害ごみ,S-M034-01,ごみの分別／有害ごみ,TRUE,CATEGORY_SUPPORTED_CONDITION_REVIEW_REQUIRED,品目の直接記載は必須とせず、既存mappingを支えるCURRENT公式category ruleから判定。 collector_status=NO_ITEM_MATCH_IN_FETCHED_OFFICIAL_SOURCES
M034,I033,OFFICIAL_RULE_DERIVED,C-M034-08,有害ごみ,S-M034-01,ごみの分別／有害ごみ,TRUE,CATEGORY_SUPPORTED_CONDITION_REVIEW_REQUIRED,品目の直接記載は必須とせず、既存mappingを支えるCURRENT公式category ruleから判定。 collector_status=NO_ITEM_MATCH_IN_FETCHED_OFFICIAL_SOURCES
M034,I034,UNRESOLVED,,,,,TRUE,UNRESOLVED,直接記載・公式rule由来mapping・一意な一般則categoryのいずれでも決定できない。 collector_status=NO_ITEM_MATCH_IN_FETCHED_OFFICIAL_SOURCES
M034,I035,UNRESOLVED,,,,,TRUE,UNRESOLVED,直接記載・公式rule由来mapping・一意な一般則categoryのいずれでも決定できない。 collector_status=NO_ITEM_MATCH_IN_FETCHED_OFFICIAL_SOURCES
M034,I036,UNRESOLVED,,,,,TRUE,UNRESOLVED,直接記載・公式rule由来mapping・一意な一般則categoryのいずれでも決定できない。 collector_status=NO_ITEM_MATCH_IN_FETCHED_OFFICIAL_SOURCES
M034,I037,UNRESOLVED,,,,,TRUE,UNRESOLVED,既存mappingの全branchをCURRENT公式category ruleで裏付けられないため未解決。 collector_status=NO_ITEM_MATCH_IN_FETCHED_OFFICIAL_SOURCES
M034,I038,UNRESOLVED,,,,,TRUE,UNRESOLVED,直接記載・公式rule由来mapping・一意な一般則categoryのいずれでも決定できない。 collector_status=NO_ITEM_MATCH_IN_FETCHED_OFFICIAL_SOURCES
M034,I039,UNRESOLVED,,,,,TRUE,UNRESOLVED,直接記載・公式rule由来mapping・一意な一般則categoryのいずれでも決定できない。 collector_status=NO_ITEM_MATCH_IN_FETCHED_OFFICIAL_SOURCES
M034,I040,UNRESOLVED,,,,,TRUE,UNRESOLVED,直接記載・公式rule由来mapping・一意な一般則categoryのいずれでも決定できない。 collector_status=NO_ITEM_MATCH_IN_FETCHED_OFFICIAL_SOURCES
M035,I001,DIRECT_ITEM,C-M035-04,ペットボトル,S-M035-01,text-match:ペットボトル + ペットボトル,FALSE,CATEGORY_SUPPORTED,全既存branchで公式資料中の品目表記とcategoryの直接候補あり。 collector_status=ALL_EXISTING_BRANCHES_HAVE_DIRECT_CANDIDATE
M035,I002,UNRESOLVED,,,,,TRUE,UNRESOLVED,直接記載・公式rule由来mapping・一意な一般則categoryのいずれでも決定できない。 collector_status=AMBIGUOUS_CATEGORY_CANDIDATES
M035,I003,UNRESOLVED,,,,,TRUE,UNRESOLVED,直接記載・公式rule由来mapping・一意な一般則categoryのいずれでも決定できない。 collector_status=AMBIGUOUS_CATEGORY_CANDIDATES
M035,I004,UNRESOLVED,,,,,FALSE,UNRESOLVED,直接記載・公式rule由来mapping・一意な一般則categoryのいずれでも決定できない。 collector_status=NO_ITEM_MATCH_IN_FETCHED_OFFICIAL_SOURCES
M035,I005,UNRESOLVED,,,,,FALSE,UNRESOLVED,直接記載・公式rule由来mapping・一意な一般則categoryのいずれでも決定できない。 collector_status=NO_ITEM_MATCH_IN_FETCHED_OFFICIAL_SOURCES
M035,I006,UNRESOLVED,,,,,TRUE,UNRESOLVED,直接記載・公式rule由来mapping・一意な一般則categoryのいずれでも決定できない。 collector_status=NO_ITEM_MATCH_IN_FETCHED_OFFICIAL_SOURCES
M035,I007,UNRESOLVED,,,,,TRUE,UNRESOLVED,直接記載・公式rule由来mapping・一意な一般則categoryのいずれでも決定できない。 collector_status=NO_ITEM_MATCH_IN_FETCHED_OFFICIAL_SOURCES
M035,I008,UNRESOLVED,,,,,TRUE,UNRESOLVED,直接記載・公式rule由来mapping・一意な一般則categoryのいずれでも決定できない。 collector_status=NO_ITEM_MATCH_IN_FETCHED_OFFICIAL_SOURCES
M035,I009,UNRESOLVED,,,,,TRUE,UNRESOLVED,直接記載・公式rule由来mapping・一意な一般則categoryのいずれでも決定できない。 collector_status=NO_ITEM_MATCH_IN_FETCHED_OFFICIAL_SOURCES
M035,I010,UNRESOLVED,,,,,TRUE,UNRESOLVED,直接記載・公式rule由来mapping・一意な一般則categoryのいずれでも決定できない。 collector_status=NO_ITEM_MATCH_IN_FETCHED_OFFICIAL_SOURCES
M035,I011,UNRESOLVED,,,,,TRUE,UNRESOLVED,直接記載・公式rule由来mapping・一意な一般則categoryのいずれでも決定できない。 collector_status=NO_ITEM_MATCH_IN_FETCHED_OFFICIAL_SOURCES
M035,I012,UNRESOLVED,,,,,TRUE,UNRESOLVED,直接記載・公式rule由来mapping・一意な一般則categoryのいずれでも決定できない。 collector_status=NO_ITEM_MATCH_IN_FETCHED_OFFICIAL_SOURCES
M035,I013,UNRESOLVED,,,,,FALSE,UNRESOLVED,直接記載・公式rule由来mapping・一意な一般則categoryのいずれでも決定できない。 collector_status=AMBIGUOUS_CATEGORY_CANDIDATES
M035,I014,UNRESOLVED,,,,,FALSE,UNRESOLVED,直接記載・公式rule由来mapping・一意な一般則categoryのいずれでも決定できない。 collector_status=AMBIGUOUS_CATEGORY_CANDIDATES
M035,I015,UNRESOLVED,,,,,FALSE,UNRESOLVED,直接記載・公式rule由来mapping・一意な一般則categoryのいずれでも決定できない。 collector_status=AMBIGUOUS_CATEGORY_CANDIDATES
M035,I016,UNRESOLVED,,,,,FALSE,UNRESOLVED,直接記載・公式rule由来mapping・一意な一般則categoryのいずれでも決定できない。 collector_status=NO_ITEM_MATCH_IN_FETCHED_OFFICIAL_SOURCES
M035,I017,UNRESOLVED,,,,,TRUE,UNRESOLVED,直接記載・公式rule由来mapping・一意な一般則categoryのいずれでも決定できない。 collector_status=NO_ITEM_MATCH_IN_FETCHED_OFFICIAL_SOURCES
M035,I018,DIRECT_ITEM,C-M035-01,可燃ごみ,S-M035-02,text-match:生ごみ + 可燃ごみ,TRUE,CATEGORY_SUPPORTED_CONDITION_REVIEW_REQUIRED,全既存branchで公式資料中の品目表記とcategoryの直接候補あり。 collector_status=ALL_EXISTING_BRANCHES_HAVE_DIRECT_CANDIDATE
M035,I019,GENERAL_RULE_DERIVED,C-M035-01,可燃ごみ,S-M035-03,可燃ごみ,TRUE,CATEGORY_SUPPORTED_CONDITION_REVIEW_REQUIRED,個別記載・既存mappingなし。一般的な材質/用途ルールと一意のCURRENT公式categoryが一致。 collector_status=NO_ITEM_MATCH_IN_FETCHED_OFFICIAL_SOURCES
M035,I020,GENERAL_RULE_DERIVED,C-M035-01,可燃ごみ,S-M035-03,可燃ごみ,TRUE,CATEGORY_SUPPORTED_CONDITION_REVIEW_REQUIRED,個別記載・既存mappingなし。一般的な材質/用途ルールと一意のCURRENT公式categoryが一致。 collector_status=AMBIGUOUS_CATEGORY_CANDIDATES
M035,I021,UNRESOLVED,,,,,FALSE,UNRESOLVED,直接記載・公式rule由来mapping・一意な一般則categoryのいずれでも決定できない。 collector_status=NO_ITEM_MATCH_IN_FETCHED_OFFICIAL_SOURCES
M035,I022,UNRESOLVED,,,,,TRUE,UNRESOLVED,直接記載・公式rule由来mapping・一意な一般則categoryのいずれでも決定できない。 collector_status=NO_ITEM_MATCH_IN_FETCHED_OFFICIAL_SOURCES
M035,I023,UNRESOLVED,,,,,FALSE,UNRESOLVED,直接記載・公式rule由来mapping・一意な一般則categoryのいずれでも決定できない。 collector_status=NO_ITEM_MATCH_IN_FETCHED_OFFICIAL_SOURCES
M035,I024,UNRESOLVED,,,,,FALSE,UNRESOLVED,直接記載・公式rule由来mapping・一意な一般則categoryのいずれでも決定できない。 collector_status=NO_ITEM_MATCH_IN_FETCHED_OFFICIAL_SOURCES
M035,I025,UNRESOLVED,,,,,TRUE,UNRESOLVED,直接記載・公式rule由来mapping・一意な一般則categoryのいずれでも決定できない。 collector_status=NO_ITEM_MATCH_IN_FETCHED_OFFICIAL_SOURCES
M035,I026,DIRECT_ITEM,C-M035-05,小型破砕ごみ,S-M035-04,text-match:刃物 + 小型破砕ごみ,TRUE,CATEGORY_SUPPORTED_CONDITION_REVIEW_REQUIRED,全既存branchで公式資料中の品目表記とcategoryの直接候補あり。 collector_status=ALL_EXISTING_BRANCHES_HAVE_DIRECT_CANDIDATE
M035,I027,DIRECT_ITEM,C-M035-06,乾電池類,S-M035-01,text-match:乾電池 + 乾電池類,TRUE,CATEGORY_SUPPORTED_CONDITION_REVIEW_REQUIRED,全既存branchで公式資料中の品目表記とcategoryの直接候補あり。 collector_status=ALL_EXISTING_BRANCHES_HAVE_DIRECT_CANDIDATE
M035,I028,DIRECT_ITEM,C-M035-06,乾電池類,S-M035-04,text-match:ボタン電池 + 乾電池類,TRUE,CATEGORY_SUPPORTED_CONDITION_REVIEW_REQUIRED,全既存branchで公式資料中の品目表記とcategoryの直接候補あり。 collector_status=ALL_EXISTING_BRANCHES_HAVE_DIRECT_CANDIDATE
M035,I029,UNRESOLVED,,,,,TRUE,UNRESOLVED,直接記載・公式rule由来mapping・一意な一般則categoryのいずれでも決定できない。 collector_status=NO_ITEM_MATCH_IN_FETCHED_OFFICIAL_SOURCES
M035,I030,DIRECT_ITEM,C-M035-06,乾電池類,S-M035-04,text-match:蛍光管 + 乾電池類,TRUE,CATEGORY_SUPPORTED_CONDITION_REVIEW_REQUIRED,全既存branchで公式資料中の品目表記とcategoryの直接候補あり。 collector_status=ALL_EXISTING_BRANCHES_HAVE_DIRECT_CANDIDATE
M035,I031,UNRESOLVED,,,,,TRUE,UNRESOLVED,直接記載・公式rule由来mapping・一意な一般則categoryのいずれでも決定できない。 collector_status=AMBIGUOUS_CATEGORY_CANDIDATES
M035,I032,DIRECT_ITEM,C-M035-08,有害ごみ,S-M035-03,text-match:スプレー缶 + 有害ごみ,TRUE,CATEGORY_SUPPORTED_CONDITION_REVIEW_REQUIRED,全既存branchで公式資料中の品目表記とcategoryの直接候補あり。 collector_status=ALL_EXISTING_BRANCHES_HAVE_DIRECT_CANDIDATE
M035,I033,DIRECT_ITEM,C-M035-08,有害ごみ,S-M035-03,text-match:ライター + 有害ごみ,TRUE,CATEGORY_SUPPORTED_CONDITION_REVIEW_REQUIRED,全既存branchで公式資料中の品目表記とcategoryの直接候補あり。 collector_status=ALL_EXISTING_BRANCHES_HAVE_DIRECT_CANDIDATE
M035,I034,UNRESOLVED,,,,,TRUE,UNRESOLVED,直接記載・公式rule由来mapping・一意な一般則categoryのいずれでも決定できない。 collector_status=NO_ITEM_MATCH_IN_FETCHED_OFFICIAL_SOURCES
M035,I035,UNRESOLVED,,,,,TRUE,UNRESOLVED,直接記載・公式rule由来mapping・一意な一般則categoryのいずれでも決定できない。 collector_status=NO_ITEM_MATCH_IN_FETCHED_OFFICIAL_SOURCES
M035,I036,UNRESOLVED,,,,,TRUE,UNRESOLVED,直接記載・公式rule由来mapping・一意な一般則categoryのいずれでも決定できない。 collector_status=NO_ITEM_MATCH_IN_FETCHED_OFFICIAL_SOURCES
M035,I037,UNRESOLVED,,,,,TRUE,UNRESOLVED,直接記載・公式rule由来mapping・一意な一般則categoryのいずれでも決定できない。 collector_status=NO_ITEM_MATCH_IN_FETCHED_OFFICIAL_SOURCES
M035,I038,UNRESOLVED,,,,,TRUE,UNRESOLVED,直接記載・公式rule由来mapping・一意な一般則categoryのいずれでも決定できない。 collector_status=AMBIGUOUS_CATEGORY_CANDIDATES
M035,I039,UNRESOLVED,,,,,TRUE,UNRESOLVED,直接記載・公式rule由来mapping・一意な一般則categoryのいずれでも決定できない。 collector_status=AMBIGUOUS_CATEGORY_CANDIDATES
M035,I040,UNRESOLVED,,,,,TRUE,UNRESOLVED,直接記載・公式rule由来mapping・一意な一般則categoryのいずれでも決定できない。 collector_status=NO_ITEM_MATCH_IN_FETCHED_OFFICIAL_SOURCES
M036,I001,OFFICIAL_RULE_DERIVED,C-M036-04,ペットボトル,S-M036-03,変更点3／ペットボトル,FALSE,CATEGORY_SUPPORTED,品目の直接記載は必須とせず、既存mappingを支えるCURRENT公式category ruleから判定。 collector_status=NO_ITEM_MATCH_IN_FETCHED_OFFICIAL_SOURCES
M036,I002,UNRESOLVED,,,,,TRUE,UNRESOLVED,直接記載・公式rule由来mapping・一意な一般則categoryのいずれでも決定できない。 collector_status=NO_ITEM_MATCH_IN_FETCHED_OFFICIAL_SOURCES
M036,I003,UNRESOLVED,,,,,TRUE,UNRESOLVED,直接記載・公式rule由来mapping・一意な一般則categoryのいずれでも決定できない。 collector_status=NO_ITEM_MATCH_IN_FETCHED_OFFICIAL_SOURCES
M036,I004,UNRESOLVED,,,,,FALSE,UNRESOLVED,直接記載・公式rule由来mapping・一意な一般則categoryのいずれでも決定できない。 collector_status=NO_ITEM_MATCH_IN_FETCHED_OFFICIAL_SOURCES
M036,I005,UNRESOLVED,,,,,FALSE,UNRESOLVED,直接記載・公式rule由来mapping・一意な一般則categoryのいずれでも決定できない。 collector_status=NO_ITEM_MATCH_IN_FETCHED_OFFICIAL_SOURCES
M036,I006,UNRESOLVED,,,,,TRUE,UNRESOLVED,直接記載・公式rule由来mapping・一意な一般則categoryのいずれでも決定できない。 collector_status=NO_ITEM_MATCH_IN_FETCHED_OFFICIAL_SOURCES
M036,I007,UNRESOLVED,,,,,TRUE,UNRESOLVED,直接記載・公式rule由来mapping・一意な一般則categoryのいずれでも決定できない。 collector_status=NO_ITEM_MATCH_IN_FETCHED_OFFICIAL_SOURCES
M036,I008,OFFICIAL_RULE_DERIVED,C-M036-03,プラスチックごみ,S-M036-03,変更点2／白色トレイをプラスチックごみへ,TRUE,CATEGORY_SUPPORTED_CONDITION_REVIEW_REQUIRED,品目の直接記載は必須とせず、既存mappingを支えるCURRENT公式category ruleから判定。 collector_status=NO_ITEM_MATCH_IN_FETCHED_OFFICIAL_SOURCES
M036,I009,UNRESOLVED,,,,,TRUE,UNRESOLVED,直接記載・公式rule由来mapping・一意な一般則categoryのいずれでも決定できない。 collector_status=NO_ITEM_MATCH_IN_FETCHED_OFFICIAL_SOURCES
M036,I010,UNRESOLVED,,,,,TRUE,UNRESOLVED,直接記載・公式rule由来mapping・一意な一般則categoryのいずれでも決定できない。 collector_status=NO_ITEM_MATCH_IN_FETCHED_OFFICIAL_SOURCES
M036,I011,UNRESOLVED,,,,,TRUE,UNRESOLVED,直接記載・公式rule由来mapping・一意な一般則categoryのいずれでも決定できない。 collector_status=NO_ITEM_MATCH_IN_FETCHED_OFFICIAL_SOURCES
M036,I012,UNRESOLVED,,,,,TRUE,UNRESOLVED,直接記載・公式rule由来mapping・一意な一般則categoryのいずれでも決定できない。 collector_status=NO_ITEM_MATCH_IN_FETCHED_OFFICIAL_SOURCES
M036,I013,UNRESOLVED,,,,,FALSE,UNRESOLVED,直接記載・公式rule由来mapping・一意な一般則categoryのいずれでも決定できない。 collector_status=NO_ITEM_MATCH_IN_FETCHED_OFFICIAL_SOURCES
M036,I014,UNRESOLVED,,,,,FALSE,UNRESOLVED,直接記載・公式rule由来mapping・一意な一般則categoryのいずれでも決定できない。 collector_status=NO_ITEM_MATCH_IN_FETCHED_OFFICIAL_SOURCES
M036,I015,UNRESOLVED,,,,,FALSE,UNRESOLVED,直接記載・公式rule由来mapping・一意な一般則categoryのいずれでも決定できない。 collector_status=NO_ITEM_MATCH_IN_FETCHED_OFFICIAL_SOURCES
M036,I016,UNRESOLVED,,,,,FALSE,UNRESOLVED,直接記載・公式rule由来mapping・一意な一般則categoryのいずれでも決定できない。 collector_status=NO_ITEM_MATCH_IN_FETCHED_OFFICIAL_SOURCES
M036,I017,UNRESOLVED,,,,,TRUE,UNRESOLVED,直接記載・公式rule由来mapping・一意な一般則categoryのいずれでも決定できない。 collector_status=NO_ITEM_MATCH_IN_FETCHED_OFFICIAL_SOURCES
M036,I018,OFFICIAL_RULE_DERIVED,C-M036-01,可燃ごみ,S-M036-01,令和6年4月版手引き／可燃ごみ,TRUE,CATEGORY_SUPPORTED_CONDITION_REVIEW_REQUIRED,品目の直接記載は必須とせず、既存mappingを支えるCURRENT公式category ruleから判定。 collector_status=NO_ITEM_MATCH_IN_FETCHED_OFFICIAL_SOURCES
M036,I019,GENERAL_RULE_DERIVED,C-M036-01,可燃ごみ,S-M036-01,令和6年4月版手引き／可燃ごみ,TRUE,CATEGORY_SUPPORTED_CONDITION_REVIEW_REQUIRED,個別記載・既存mappingなし。一般的な材質/用途ルールと一意のCURRENT公式categoryが一致。 collector_status=NO_ITEM_MATCH_IN_FETCHED_OFFICIAL_SOURCES
M036,I020,GENERAL_RULE_DERIVED,C-M036-01,可燃ごみ,S-M036-01,令和6年4月版手引き／可燃ごみ,TRUE,CATEGORY_SUPPORTED_CONDITION_REVIEW_REQUIRED,個別記載・既存mappingなし。一般的な材質/用途ルールと一意のCURRENT公式categoryが一致。 collector_status=NO_ITEM_MATCH_IN_FETCHED_OFFICIAL_SOURCES
M036,I021,UNRESOLVED,,,,,FALSE,UNRESOLVED,直接記載・公式rule由来mapping・一意な一般則categoryのいずれでも決定できない。 collector_status=NO_ITEM_MATCH_IN_FETCHED_OFFICIAL_SOURCES
M036,I022,UNRESOLVED,,,,,TRUE,UNRESOLVED,直接記載・公式rule由来mapping・一意な一般則categoryのいずれでも決定できない。 collector_status=NO_ITEM_MATCH_IN_FETCHED_OFFICIAL_SOURCES
M036,I023,UNRESOLVED,,,,,FALSE,UNRESOLVED,直接記載・公式rule由来mapping・一意な一般則categoryのいずれでも決定できない。 collector_status=NO_ITEM_MATCH_IN_FETCHED_OFFICIAL_SOURCES
M036,I024,UNRESOLVED,,,,,FALSE,UNRESOLVED,直接記載・公式rule由来mapping・一意な一般則categoryのいずれでも決定できない。 collector_status=NO_ITEM_MATCH_IN_FETCHED_OFFICIAL_SOURCES
M036,I025,UNRESOLVED,,,,,TRUE,UNRESOLVED,直接記載・公式rule由来mapping・一意な一般則categoryのいずれでも決定できない。 collector_status=NO_ITEM_MATCH_IN_FETCHED_OFFICIAL_SOURCES
M036,I026,OFFICIAL_RULE_DERIVED,C-M036-05,小型破砕ごみ,S-M036-01,家庭ごみ手引き／小型破砕ごみ,TRUE,CATEGORY_SUPPORTED_CONDITION_REVIEW_REQUIRED,品目の直接記載は必須とせず、既存mappingを支えるCURRENT公式category ruleから判定。 collector_status=NO_ITEM_MATCH_IN_FETCHED_OFFICIAL_SOURCES
M036,I027,OFFICIAL_RULE_DERIVED,C-M036-07,乾電池類,S-M036-01,家庭ごみ手引き／乾電池類,TRUE,CATEGORY_SUPPORTED_CONDITION_REVIEW_REQUIRED,品目の直接記載は必須とせず、既存mappingを支えるCURRENT公式category ruleから判定。 collector_status=NO_ITEM_MATCH_IN_FETCHED_OFFICIAL_SOURCES
M036,I028,UNRESOLVED,,,,,TRUE,UNRESOLVED,直接記載・公式rule由来mapping・一意な一般則categoryのいずれでも決定できない。 collector_status=NO_ITEM_MATCH_IN_FETCHED_OFFICIAL_SOURCES
M036,I029,UNRESOLVED,,,,,TRUE,UNRESOLVED,直接記載・公式rule由来mapping・一意な一般則categoryのいずれでも決定できない。 collector_status=NO_ITEM_MATCH_IN_FETCHED_OFFICIAL_SOURCES
M036,I030,UNRESOLVED,,,,,TRUE,UNRESOLVED,直接記載・公式rule由来mapping・一意な一般則categoryのいずれでも決定できない。 collector_status=NO_ITEM_MATCH_IN_FETCHED_OFFICIAL_SOURCES
M036,I031,UNRESOLVED,,,,,TRUE,UNRESOLVED,直接記載・公式rule由来mapping・一意な一般則categoryのいずれでも決定できない。 collector_status=NO_ITEM_MATCH_IN_FETCHED_OFFICIAL_SOURCES
M036,I032,OFFICIAL_RULE_DERIVED,C-M036-08,有害ごみ,S-M036-03,変更点1／有害ごみ,TRUE,CATEGORY_SUPPORTED_CONDITION_REVIEW_REQUIRED,品目の直接記載は必須とせず、既存mappingを支えるCURRENT公式category ruleから判定。 collector_status=NO_ITEM_MATCH_IN_FETCHED_OFFICIAL_SOURCES
M036,I033,OFFICIAL_RULE_DERIVED,C-M036-08,有害ごみ,S-M036-03,変更点1／有害ごみ,TRUE,CATEGORY_SUPPORTED_CONDITION_REVIEW_REQUIRED,品目の直接記載は必須とせず、既存mappingを支えるCURRENT公式category ruleから判定。 collector_status=NO_ITEM_MATCH_IN_FETCHED_OFFICIAL_SOURCES
M036,I034,UNRESOLVED,,,,,TRUE,UNRESOLVED,直接記載・公式rule由来mapping・一意な一般則categoryのいずれでも決定できない。 collector_status=NO_ITEM_MATCH_IN_FETCHED_OFFICIAL_SOURCES
M036,I035,UNRESOLVED,,,,,TRUE,UNRESOLVED,直接記載・公式rule由来mapping・一意な一般則categoryのいずれでも決定できない。 collector_status=NO_ITEM_MATCH_IN_FETCHED_OFFICIAL_SOURCES
M036,I036,UNRESOLVED,,,,,TRUE,UNRESOLVED,直接記載・公式rule由来mapping・一意な一般則categoryのいずれでも決定できない。 collector_status=NO_ITEM_MATCH_IN_FETCHED_OFFICIAL_SOURCES
M036,I037,UNRESOLVED,,,,,TRUE,UNRESOLVED,既存mappingの全branchをCURRENT公式category ruleで裏付けられないため未解決。 collector_status=NO_ITEM_MATCH_IN_FETCHED_OFFICIAL_SOURCES
M036,I038,UNRESOLVED,,,,,TRUE,UNRESOLVED,直接記載・公式rule由来mapping・一意な一般則categoryのいずれでも決定できない。 collector_status=NO_ITEM_MATCH_IN_FETCHED_OFFICIAL_SOURCES
M036,I039,UNRESOLVED,,,,,TRUE,UNRESOLVED,直接記載・公式rule由来mapping・一意な一般則categoryのいずれでも決定できない。 collector_status=NO_ITEM_MATCH_IN_FETCHED_OFFICIAL_SOURCES
M036,I040,UNRESOLVED,,,,,TRUE,UNRESOLVED,直接記載・公式rule由来mapping・一意な一般則categoryのいずれでも決定できない。 collector_status=NO_ITEM_MATCH_IN_FETCHED_OFFICIAL_SOURCES
M037,I001,OFFICIAL_RULE_DERIVED,C-M037-07,ペットボトル,S-M037-02,令和8年度前期日程／ペットボトル,FALSE,CATEGORY_SUPPORTED,品目の直接記載は必須とせず、既存mappingを支えるCURRENT公式category ruleから判定。 collector_status=NO_ITEM_MATCH_IN_FETCHED_OFFICIAL_SOURCES
M037,I002,UNRESOLVED,,,,,TRUE,UNRESOLVED,直接記載・公式rule由来mapping・一意な一般則categoryのいずれでも決定できない。 collector_status=NO_ITEM_MATCH_IN_FETCHED_OFFICIAL_SOURCES
M037,I003,UNRESOLVED,,,,,TRUE,UNRESOLVED,直接記載・公式rule由来mapping・一意な一般則categoryのいずれでも決定できない。 collector_status=NO_ITEM_MATCH_IN_FETCHED_OFFICIAL_SOURCES
M037,I004,OFFICIAL_RULE_DERIVED,C-M037-09,アルミ缶,S-M037-02,令和8年度前期日程／アルミ缶,FALSE,CATEGORY_SUPPORTED,品目の直接記載は必須とせず、既存mappingを支えるCURRENT公式category ruleから判定。 collector_status=NO_ITEM_MATCH_IN_FETCHED_OFFICIAL_SOURCES
M037,I005,OFFICIAL_RULE_DERIVED,C-M037-10,スチール缶・スプレー缶,S-M037-02,令和8年度前期日程／スチール缶・スプレー缶,FALSE,CATEGORY_SUPPORTED,品目の直接記載は必須とせず、既存mappingを支えるCURRENT公式category ruleから判定。 collector_status=NO_ITEM_MATCH_IN_FETCHED_OFFICIAL_SOURCES
M037,I006,OFFICIAL_RULE_DERIVED,C-M037-08,びん類,S-M037-02,令和8年度前期日程／びん類,TRUE,CATEGORY_SUPPORTED_CONDITION_REVIEW_REQUIRED,品目の直接記載は必須とせず、既存mappingを支えるCURRENT公式category ruleから判定。 collector_status=NO_ITEM_MATCH_IN_FETCHED_OFFICIAL_SOURCES
M037,I007,UNRESOLVED,,,,,TRUE,UNRESOLVED,直接記載・公式rule由来mapping・一意な一般則categoryのいずれでも決定できない。 collector_status=NO_ITEM_MATCH_IN_FETCHED_OFFICIAL_SOURCES
M037,I008,UNRESOLVED,,,,,TRUE,UNRESOLVED,直接記載・公式rule由来mapping・一意な一般則categoryのいずれでも決定できない。 collector_status=NO_ITEM_MATCH_IN_FETCHED_OFFICIAL_SOURCES
M037,I009,UNRESOLVED,,,,,TRUE,UNRESOLVED,直接記載・公式rule由来mapping・一意な一般則categoryのいずれでも決定できない。 collector_status=NO_ITEM_MATCH_IN_FETCHED_OFFICIAL_SOURCES
M037,I010,UNRESOLVED,,,,,TRUE,UNRESOLVED,直接記載・公式rule由来mapping・一意な一般則categoryのいずれでも決定できない。 collector_status=NO_ITEM_MATCH_IN_FETCHED_OFFICIAL_SOURCES
M037,I011,UNRESOLVED,,,,,TRUE,UNRESOLVED,直接記載・公式rule由来mapping・一意な一般則categoryのいずれでも決定できない。 collector_status=NO_ITEM_MATCH_IN_FETCHED_OFFICIAL_SOURCES
M037,I012,UNRESOLVED,,,,,TRUE,UNRESOLVED,直接記載・公式rule由来mapping・一意な一般則categoryのいずれでも決定できない。 collector_status=NO_ITEM_MATCH_IN_FETCHED_OFFICIAL_SOURCES
M037,I013,UNRESOLVED,,,,,FALSE,UNRESOLVED,直接記載・公式rule由来mapping・一意な一般則categoryのいずれでも決定できない。 collector_status=NO_ITEM_MATCH_IN_FETCHED_OFFICIAL_SOURCES
M037,I014,UNRESOLVED,,,,,FALSE,UNRESOLVED,直接記載・公式rule由来mapping・一意な一般則categoryのいずれでも決定できない。 collector_status=NO_ITEM_MATCH_IN_FETCHED_OFFICIAL_SOURCES
M037,I015,UNRESOLVED,,,,,FALSE,UNRESOLVED,直接記載・公式rule由来mapping・一意な一般則categoryのいずれでも決定できない。 collector_status=NO_ITEM_MATCH_IN_FETCHED_OFFICIAL_SOURCES
M037,I016,UNRESOLVED,,,,,FALSE,UNRESOLVED,直接記載・公式rule由来mapping・一意な一般則categoryのいずれでも決定できない。 collector_status=NO_ITEM_MATCH_IN_FETCHED_OFFICIAL_SOURCES
M037,I017,UNRESOLVED,,,,,TRUE,UNRESOLVED,直接記載・公式rule由来mapping・一意な一般則categoryのいずれでも決定できない。 collector_status=NO_ITEM_MATCH_IN_FETCHED_OFFICIAL_SOURCES
M037,I018,OFFICIAL_RULE_DERIVED,C-M037-01,可燃ごみ,S-M037-02,令和8年度前期日程／可燃ごみ,TRUE,CATEGORY_SUPPORTED_CONDITION_REVIEW_REQUIRED,品目の直接記載は必須とせず、既存mappingを支えるCURRENT公式category ruleから判定。 collector_status=NO_ITEM_MATCH_IN_FETCHED_OFFICIAL_SOURCES
M037,I019,UNRESOLVED,,,,,FALSE,UNRESOLVED,一般則候補categoryが複数(2)のため自動決定しない。 collector_status=NO_ITEM_MATCH_IN_FETCHED_OFFICIAL_SOURCES
M037,I020,UNRESOLVED,,,,,FALSE,UNRESOLVED,一般則候補categoryが複数(2)のため自動決定しない。 collector_status=NO_ITEM_MATCH_IN_FETCHED_OFFICIAL_SOURCES
M037,I021,OFFICIAL_RULE_DERIVED,C-M037-11,資源ごみ,S-M037-02,令和8年度前期日程／資源ごみ,FALSE,CATEGORY_SUPPORTED,品目の直接記載は必須とせず、既存mappingを支えるCURRENT公式category ruleから判定。 collector_status=NO_ITEM_MATCH_IN_FETCHED_OFFICIAL_SOURCES
M037,I022,UNRESOLVED,,,,,TRUE,UNRESOLVED,直接記載・公式rule由来mapping・一意な一般則categoryのいずれでも決定できない。 collector_status=NO_ITEM_MATCH_IN_FETCHED_OFFICIAL_SOURCES
M037,I023,OFFICIAL_RULE_DERIVED,C-M037-02,不燃ごみ,S-M037-02,令和8年度前期日程／不燃ごみ,FALSE,CATEGORY_SUPPORTED,品目の直接記載は必須とせず、既存mappingを支えるCURRENT公式category ruleから判定。 collector_status=NO_ITEM_MATCH_IN_FETCHED_OFFICIAL_SOURCES
M037,I024,UNRESOLVED,,,,,FALSE,UNRESOLVED,一般則候補categoryが複数(2)のため自動決定しない。 collector_status=NO_ITEM_MATCH_IN_FETCHED_OFFICIAL_SOURCES
M037,I025,UNRESOLVED,,,,,TRUE,UNRESOLVED,直接記載・公式rule由来mapping・一意な一般則categoryのいずれでも決定できない。 collector_status=NO_ITEM_MATCH_IN_FETCHED_OFFICIAL_SOURCES
M037,I026,UNRESOLVED,,,,,TRUE,UNRESOLVED,直接記載・公式rule由来mapping・一意な一般則categoryのいずれでも決定できない。 collector_status=NO_ITEM_MATCH_IN_FETCHED_OFFICIAL_SOURCES
M037,I027,OFFICIAL_RULE_DERIVED,C-M037-04,有害ごみ,S-M037-02,令和8年度前期日程／有害ごみ,TRUE,CATEGORY_SUPPORTED_CONDITION_REVIEW_REQUIRED,品目の直接記載は必須とせず、既存mappingを支えるCURRENT公式category ruleから判定。 collector_status=NO_ITEM_MATCH_IN_FETCHED_OFFICIAL_SOURCES
M037,I028,UNRESOLVED,,,,,TRUE,UNRESOLVED,直接記載・公式rule由来mapping・一意な一般則categoryのいずれでも決定できない。 collector_status=NO_ITEM_MATCH_IN_FETCHED_OFFICIAL_SOURCES
M037,I029,UNRESOLVED,,,,,TRUE,UNRESOLVED,直接記載・公式rule由来mapping・一意な一般則categoryのいずれでも決定できない。 collector_status=NO_ITEM_MATCH_IN_FETCHED_OFFICIAL_SOURCES
M037,I030,OFFICIAL_RULE_DERIVED,C-M037-04,有害ごみ,S-M037-02,令和8年度前期日程／有害ごみ,TRUE,CATEGORY_SUPPORTED_CONDITION_REVIEW_REQUIRED,品目の直接記載は必須とせず、既存mappingを支えるCURRENT公式category ruleから判定。 collector_status=NO_ITEM_MATCH_IN_FETCHED_OFFICIAL_SOURCES
M037,I031,UNRESOLVED,,,,,TRUE,UNRESOLVED,直接記載・公式rule由来mapping・一意な一般則categoryのいずれでも決定できない。 collector_status=NO_ITEM_MATCH_IN_FETCHED_OFFICIAL_SOURCES
M037,I032,OFFICIAL_RULE_DERIVED,C-M037-10,スチール缶・スプレー缶,S-M037-02,令和8年度前期日程／スチール缶・スプレー缶,TRUE,CATEGORY_SUPPORTED_CONDITION_REVIEW_REQUIRED,品目の直接記載は必須とせず、既存mappingを支えるCURRENT公式category ruleから判定。 collector_status=NO_ITEM_MATCH_IN_FETCHED_OFFICIAL_SOURCES
M037,I033,UNRESOLVED,,,,,TRUE,UNRESOLVED,直接記載・公式rule由来mapping・一意な一般則categoryのいずれでも決定できない。 collector_status=NO_ITEM_MATCH_IN_FETCHED_OFFICIAL_SOURCES
M037,I034,OFFICIAL_RULE_DERIVED,C-M037-03,小型家電,S-M037-02,令和8年度前期日程／小型家電,TRUE,CATEGORY_SUPPORTED_CONDITION_REVIEW_REQUIRED,品目の直接記載は必須とせず、既存mappingを支えるCURRENT公式category ruleから判定。 collector_status=NO_ITEM_MATCH_IN_FETCHED_OFFICIAL_SOURCES
M037,I035,OFFICIAL_RULE_DERIVED,C-M037-04,有害ごみ,S-M037-02,令和8年度前期日程／有害ごみ,TRUE,CATEGORY_SUPPORTED_CONDITION_REVIEW_REQUIRED,品目の直接記載は必須とせず、既存mappingを支えるCURRENT公式category ruleから判定。 collector_status=NO_ITEM_MATCH_IN_FETCHED_OFFICIAL_SOURCES
M037,I036,UNRESOLVED,,,,,TRUE,UNRESOLVED,直接記載・公式rule由来mapping・一意な一般則categoryのいずれでも決定できない。 collector_status=NO_ITEM_MATCH_IN_FETCHED_OFFICIAL_SOURCES
M037,I037,UNRESOLVED,,,,,TRUE,UNRESOLVED,直接記載・公式rule由来mapping・一意な一般則categoryのいずれでも決定できない。 collector_status=NO_ITEM_MATCH_IN_FETCHED_OFFICIAL_SOURCES
M037,I038,UNRESOLVED,,,,,TRUE,UNRESOLVED,直接記載・公式rule由来mapping・一意な一般則categoryのいずれでも決定できない。 collector_status=NO_ITEM_MATCH_IN_FETCHED_OFFICIAL_SOURCES
M037,I039,UNRESOLVED,,,,,TRUE,UNRESOLVED,直接記載・公式rule由来mapping・一意な一般則categoryのいずれでも決定できない。 collector_status=NO_ITEM_MATCH_IN_FETCHED_OFFICIAL_SOURCES
M037,I040,UNRESOLVED,,,,,TRUE,UNRESOLVED,直接記載・公式rule由来mapping・一意な一般則categoryのいずれでも決定できない。 collector_status=NO_ITEM_MATCH_IN_FETCHED_OFFICIAL_SOURCES
M038,I001,OFFICIAL_RULE_DERIVED,C-M038-09,ペットボトル,S-M038-01,冊子P1-2／ペットボトル,FALSE,CATEGORY_SUPPORTED,品目の直接記載は必須とせず、既存mappingを支えるCURRENT公式category ruleから判定。 collector_status=NO_ITEM_MATCH_IN_FETCHED_OFFICIAL_SOURCES
M038,I002,UNRESOLVED,,,,,TRUE,UNRESOLVED,直接記載・公式rule由来mapping・一意な一般則categoryのいずれでも決定できない。 collector_status=NO_ITEM_MATCH_IN_FETCHED_OFFICIAL_SOURCES
M038,I003,UNRESOLVED,,,,,TRUE,UNRESOLVED,直接記載・公式rule由来mapping・一意な一般則categoryのいずれでも決定できない。 collector_status=NO_ITEM_MATCH_IN_FETCHED_OFFICIAL_SOURCES
M038,I004,UNRESOLVED,,,,,FALSE,UNRESOLVED,直接記載・公式rule由来mapping・一意な一般則categoryのいずれでも決定できない。 collector_status=NO_ITEM_MATCH_IN_FETCHED_OFFICIAL_SOURCES
M038,I005,UNRESOLVED,,,,,FALSE,UNRESOLVED,直接記載・公式rule由来mapping・一意な一般則categoryのいずれでも決定できない。 collector_status=NO_ITEM_MATCH_IN_FETCHED_OFFICIAL_SOURCES
M038,I006,OFFICIAL_RULE_DERIVED,C-M038-04,びん類,S-M038-01,冊子P1-2／びん類,TRUE,CATEGORY_SUPPORTED_CONDITION_REVIEW_REQUIRED,品目の直接記載は必須とせず、既存mappingを支えるCURRENT公式category ruleから判定。 collector_status=NO_ITEM_MATCH_IN_FETCHED_OFFICIAL_SOURCES
M038,I007,UNRESOLVED,,,,,TRUE,UNRESOLVED,直接記載・公式rule由来mapping・一意な一般則categoryのいずれでも決定できない。 collector_status=NO_ITEM_MATCH_IN_FETCHED_OFFICIAL_SOURCES
M038,I008,UNRESOLVED,,,,,TRUE,UNRESOLVED,直接記載・公式rule由来mapping・一意な一般則categoryのいずれでも決定できない。 collector_status=NO_ITEM_MATCH_IN_FETCHED_OFFICIAL_SOURCES
M038,I009,UNRESOLVED,,,,,TRUE,UNRESOLVED,直接記載・公式rule由来mapping・一意な一般則categoryのいずれでも決定できない。 collector_status=NO_ITEM_MATCH_IN_FETCHED_OFFICIAL_SOURCES
M038,I010,UNRESOLVED,,,,,TRUE,UNRESOLVED,直接記載・公式rule由来mapping・一意な一般則categoryのいずれでも決定できない。 collector_status=NO_ITEM_MATCH_IN_FETCHED_OFFICIAL_SOURCES
M038,I011,UNRESOLVED,,,,,TRUE,UNRESOLVED,直接記載・公式rule由来mapping・一意な一般則categoryのいずれでも決定できない。 collector_status=NO_ITEM_MATCH_IN_FETCHED_OFFICIAL_SOURCES
M038,I012,OFFICIAL_RULE_DERIVED,C-M038-08,発泡スチロール、トレー,S-M038-01,冊子P1-2／発泡スチロール、トレー,TRUE,CATEGORY_SUPPORTED_CONDITION_REVIEW_REQUIRED,品目の直接記載は必須とせず、既存mappingを支えるCURRENT公式category ruleから判定。 collector_status=NO_ITEM_MATCH_IN_FETCHED_OFFICIAL_SOURCES
M038,I013,UNRESOLVED,,,,,FALSE,UNRESOLVED,直接記載・公式rule由来mapping・一意な一般則categoryのいずれでも決定できない。 collector_status=NO_ITEM_MATCH_IN_FETCHED_OFFICIAL_SOURCES
M038,I014,UNRESOLVED,,,,,FALSE,UNRESOLVED,直接記載・公式rule由来mapping・一意な一般則categoryのいずれでも決定できない。 collector_status=NO_ITEM_MATCH_IN_FETCHED_OFFICIAL_SOURCES
M038,I015,UNRESOLVED,,,,,FALSE,UNRESOLVED,直接記載・公式rule由来mapping・一意な一般則categoryのいずれでも決定できない。 collector_status=NO_ITEM_MATCH_IN_FETCHED_OFFICIAL_SOURCES
M038,I016,UNRESOLVED,,,,,FALSE,UNRESOLVED,直接記載・公式rule由来mapping・一意な一般則categoryのいずれでも決定できない。 collector_status=NO_ITEM_MATCH_IN_FETCHED_OFFICIAL_SOURCES
M038,I017,UNRESOLVED,,,,,TRUE,UNRESOLVED,直接記載・公式rule由来mapping・一意な一般則categoryのいずれでも決定できない。 collector_status=NO_ITEM_MATCH_IN_FETCHED_OFFICIAL_SOURCES
M038,I018,OFFICIAL_RULE_DERIVED,C-M038-01,可燃ごみ,S-M038-01,冊子P1-2／可燃ごみ,FALSE,CATEGORY_SUPPORTED,品目の直接記載は必須とせず、既存mappingを支えるCURRENT公式category ruleから判定。 collector_status=NO_ITEM_MATCH_IN_FETCHED_OFFICIAL_SOURCES
M038,I019,UNRESOLVED,,,,,FALSE,UNRESOLVED,一般則候補categoryが複数(2)のため自動決定しない。 collector_status=NO_ITEM_MATCH_IN_FETCHED_OFFICIAL_SOURCES
M038,I020,UNRESOLVED,,,,,FALSE,UNRESOLVED,一般則候補categoryが複数(2)のため自動決定しない。 collector_status=NO_ITEM_MATCH_IN_FETCHED_OFFICIAL_SOURCES
M038,I021,OFFICIAL_RULE_DERIVED,C-M038-06,紙・布類,S-M038-01,冊子P1-2／紙・布類,FALSE,CATEGORY_SUPPORTED,品目の直接記載は必須とせず、既存mappingを支えるCURRENT公式category ruleから判定。 collector_status=NO_ITEM_MATCH_IN_FETCHED_OFFICIAL_SOURCES
M038,I022,UNRESOLVED,,,,,TRUE,UNRESOLVED,直接記載・公式rule由来mapping・一意な一般則categoryのいずれでも決定できない。 collector_status=NO_ITEM_MATCH_IN_FETCHED_OFFICIAL_SOURCES
M038,I023,OFFICIAL_RULE_DERIVED,C-M038-02,不燃ごみ,S-M038-01,冊子P1-2／不燃ごみ,FALSE,CATEGORY_SUPPORTED,品目の直接記載は必須とせず、既存mappingを支えるCURRENT公式category ruleから判定。 collector_status=NO_ITEM_MATCH_IN_FETCHED_OFFICIAL_SOURCES
M038,I024,UNRESOLVED,,,,,FALSE,UNRESOLVED,一般則候補categoryが複数(2)のため自動決定しない。 collector_status=NO_ITEM_MATCH_IN_FETCHED_OFFICIAL_SOURCES
M038,I025,UNRESOLVED,,,,,TRUE,UNRESOLVED,直接記載・公式rule由来mapping・一意な一般則categoryのいずれでも決定できない。 collector_status=NO_ITEM_MATCH_IN_FETCHED_OFFICIAL_SOURCES
M038,I026,UNRESOLVED,,,,,TRUE,UNRESOLVED,直接記載・公式rule由来mapping・一意な一般則categoryのいずれでも決定できない。 collector_status=NO_ITEM_MATCH_IN_FETCHED_OFFICIAL_SOURCES
M038,I027,OFFICIAL_RULE_DERIVED,C-M038-12,有害ごみ,S-M038-01,冊子P1-2／有害ごみ,TRUE,CATEGORY_SUPPORTED_CONDITION_REVIEW_REQUIRED,品目の直接記載は必須とせず、既存mappingを支えるCURRENT公式category ruleから判定。 collector_status=NO_ITEM_MATCH_IN_FETCHED_OFFICIAL_SOURCES
M038,I028,UNRESOLVED,,,,,TRUE,UNRESOLVED,直接記載・公式rule由来mapping・一意な一般則categoryのいずれでも決定できない。 collector_status=NO_ITEM_MATCH_IN_FETCHED_OFFICIAL_SOURCES
M038,I029,UNRESOLVED,,,,,TRUE,UNRESOLVED,直接記載・公式rule由来mapping・一意な一般則categoryのいずれでも決定できない。 collector_status=NO_ITEM_MATCH_IN_FETCHED_OFFICIAL_SOURCES
M038,I030,OFFICIAL_RULE_DERIVED,C-M038-12,有害ごみ,S-M038-01,冊子P1-2／有害ごみ,TRUE,CATEGORY_SUPPORTED_CONDITION_REVIEW_REQUIRED,品目の直接記載は必須とせず、既存mappingを支えるCURRENT公式category ruleから判定。 collector_status=NO_ITEM_MATCH_IN_FETCHED_OFFICIAL_SOURCES
M038,I031,UNRESOLVED,,,,,TRUE,UNRESOLVED,直接記載・公式rule由来mapping・一意な一般則categoryのいずれでも決定できない。 collector_status=NO_ITEM_MATCH_IN_FETCHED_OFFICIAL_SOURCES
M038,I032,OFFICIAL_RULE_DERIVED,C-M038-05,缶類,S-M038-01,冊子P1-2／缶類,TRUE,CATEGORY_SUPPORTED_CONDITION_REVIEW_REQUIRED,品目の直接記載は必須とせず、既存mappingを支えるCURRENT公式category ruleから判定。 collector_status=NO_ITEM_MATCH_IN_FETCHED_OFFICIAL_SOURCES
M038,I033,UNRESOLVED,,,,,TRUE,UNRESOLVED,直接記載・公式rule由来mapping・一意な一般則categoryのいずれでも決定できない。 collector_status=NO_ITEM_MATCH_IN_FETCHED_OFFICIAL_SOURCES
M038,I034,OFFICIAL_RULE_DERIVED,C-M038-03,小型家電,S-M038-01,冊子P1-2／小型家電,TRUE,CATEGORY_SUPPORTED_CONDITION_REVIEW_REQUIRED,品目の直接記載は必須とせず、既存mappingを支えるCURRENT公式category ruleから判定。 collector_status=NO_ITEM_MATCH_IN_FETCHED_OFFICIAL_SOURCES
M038,I035,UNRESOLVED,,,,,TRUE,UNRESOLVED,直接記載・公式rule由来mapping・一意な一般則categoryのいずれでも決定できない。 collector_status=NO_ITEM_MATCH_IN_FETCHED_OFFICIAL_SOURCES
M038,I036,UNRESOLVED,,,,,TRUE,UNRESOLVED,直接記載・公式rule由来mapping・一意な一般則categoryのいずれでも決定できない。 collector_status=NO_ITEM_MATCH_IN_FETCHED_OFFICIAL_SOURCES
M038,I037,UNRESOLVED,,,,,TRUE,UNRESOLVED,既存mappingの全branchをCURRENT公式category ruleで裏付けられないため未解決。 collector_status=NO_ITEM_MATCH_IN_FETCHED_OFFICIAL_SOURCES
M038,I038,UNRESOLVED,,,,,TRUE,UNRESOLVED,直接記載・公式rule由来mapping・一意な一般則categoryのいずれでも決定できない。 collector_status=NO_ITEM_MATCH_IN_FETCHED_OFFICIAL_SOURCES
M038,I039,UNRESOLVED,,,,,TRUE,UNRESOLVED,直接記載・公式rule由来mapping・一意な一般則categoryのいずれでも決定できない。 collector_status=NO_ITEM_MATCH_IN_FETCHED_OFFICIAL_SOURCES
M038,I040,UNRESOLVED,,,,,TRUE,UNRESOLVED,直接記載・公式rule由来mapping・一意な一般則categoryのいずれでも決定できない。 collector_status=NO_ITEM_MATCH_IN_FETCHED_OFFICIAL_SOURCES
M039,I001,OFFICIAL_RULE_DERIVED,C-M039-10,ペットボトル,S-M039-01,家庭ごみの分け方・出し方／ペットボトル,FALSE,CATEGORY_SUPPORTED,品目の直接記載は必須とせず、既存mappingを支えるCURRENT公式category ruleから判定。 collector_status=NO_ITEM_MATCH_IN_FETCHED_OFFICIAL_SOURCES
M039,I002,UNRESOLVED,,,,,TRUE,UNRESOLVED,直接記載・公式rule由来mapping・一意な一般則categoryのいずれでも決定できない。 collector_status=NO_ITEM_MATCH_IN_FETCHED_OFFICIAL_SOURCES
M039,I003,UNRESOLVED,,,,,TRUE,UNRESOLVED,直接記載・公式rule由来mapping・一意な一般則categoryのいずれでも決定できない。 collector_status=NO_ITEM_MATCH_IN_FETCHED_OFFICIAL_SOURCES
M039,I004,UNRESOLVED,,,,,FALSE,UNRESOLVED,直接記載・公式rule由来mapping・一意な一般則categoryのいずれでも決定できない。 collector_status=NO_ITEM_MATCH_IN_FETCHED_OFFICIAL_SOURCES
M039,I005,UNRESOLVED,,,,,FALSE,UNRESOLVED,直接記載・公式rule由来mapping・一意な一般則categoryのいずれでも決定できない。 collector_status=NO_ITEM_MATCH_IN_FETCHED_OFFICIAL_SOURCES
M039,I006,OFFICIAL_RULE_DERIVED,C-M039-05,びん類,S-M039-01,家庭ごみの分け方・出し方／びん類,TRUE,CATEGORY_SUPPORTED_CONDITION_REVIEW_REQUIRED,品目の直接記載は必須とせず、既存mappingを支えるCURRENT公式category ruleから判定。 collector_status=NO_ITEM_MATCH_IN_FETCHED_OFFICIAL_SOURCES
M039,I007,UNRESOLVED,,,,,TRUE,UNRESOLVED,直接記載・公式rule由来mapping・一意な一般則categoryのいずれでも決定できない。 collector_status=NO_ITEM_MATCH_IN_FETCHED_OFFICIAL_SOURCES
M039,I008,UNRESOLVED,,,,,TRUE,UNRESOLVED,直接記載・公式rule由来mapping・一意な一般則categoryのいずれでも決定できない。 collector_status=NO_ITEM_MATCH_IN_FETCHED_OFFICIAL_SOURCES
M039,I009,UNRESOLVED,,,,,TRUE,UNRESOLVED,直接記載・公式rule由来mapping・一意な一般則categoryのいずれでも決定できない。 collector_status=NO_ITEM_MATCH_IN_FETCHED_OFFICIAL_SOURCES
M039,I010,UNRESOLVED,,,,,TRUE,UNRESOLVED,直接記載・公式rule由来mapping・一意な一般則categoryのいずれでも決定できない。 collector_status=NO_ITEM_MATCH_IN_FETCHED_OFFICIAL_SOURCES
M039,I011,UNRESOLVED,,,,,TRUE,UNRESOLVED,直接記載・公式rule由来mapping・一意な一般則categoryのいずれでも決定できない。 collector_status=NO_ITEM_MATCH_IN_FETCHED_OFFICIAL_SOURCES
M039,I012,OFFICIAL_RULE_DERIVED,C-M039-09,発泡スチロール・トレー,S-M039-01,家庭ごみの分け方・出し方／発泡スチロール・トレー,TRUE,CATEGORY_SUPPORTED_CONDITION_REVIEW_REQUIRED,品目の直接記載は必須とせず、既存mappingを支えるCURRENT公式category ruleから判定。 collector_status=NO_ITEM_MATCH_IN_FETCHED_OFFICIAL_SOURCES
M039,I013,UNRESOLVED,,,,,FALSE,UNRESOLVED,直接記載・公式rule由来mapping・一意な一般則categoryのいずれでも決定できない。 collector_status=NO_ITEM_MATCH_IN_FETCHED_OFFICIAL_SOURCES
M039,I014,UNRESOLVED,,,,,FALSE,UNRESOLVED,直接記載・公式rule由来mapping・一意な一般則categoryのいずれでも決定できない。 collector_status=NO_ITEM_MATCH_IN_FETCHED_OFFICIAL_SOURCES
M039,I015,UNRESOLVED,,,,,FALSE,UNRESOLVED,直接記載・公式rule由来mapping・一意な一般則categoryのいずれでも決定できない。 collector_status=NO_ITEM_MATCH_IN_FETCHED_OFFICIAL_SOURCES
M039,I016,UNRESOLVED,,,,,FALSE,UNRESOLVED,直接記載・公式rule由来mapping・一意な一般則categoryのいずれでも決定できない。 collector_status=NO_ITEM_MATCH_IN_FETCHED_OFFICIAL_SOURCES
M039,I017,OFFICIAL_RULE_DERIVED,C-M039-08,紙パック類,S-M039-01,家庭ごみの分け方・出し方／紙パック類,TRUE,CATEGORY_SUPPORTED_CONDITION_REVIEW_REQUIRED,品目の直接記載は必須とせず、既存mappingを支えるCURRENT公式category ruleから判定。 collector_status=NO_ITEM_MATCH_IN_FETCHED_OFFICIAL_SOURCES
M039,I018,OFFICIAL_RULE_DERIVED,C-M039-01,可燃ごみ,S-M039-01,家庭ごみの分け方・出し方／可燃ごみ,FALSE,CATEGORY_SUPPORTED,品目の直接記載は必須とせず、既存mappingを支えるCURRENT公式category ruleから判定。 collector_status=NO_ITEM_MATCH_IN_FETCHED_OFFICIAL_SOURCES
M039,I019,UNRESOLVED,,,,,FALSE,UNRESOLVED,一般則候補categoryが複数(2)のため自動決定しない。 collector_status=NO_ITEM_MATCH_IN_FETCHED_OFFICIAL_SOURCES
M039,I020,UNRESOLVED,,,,,FALSE,UNRESOLVED,一般則候補categoryが複数(2)のため自動決定しない。 collector_status=NO_ITEM_MATCH_IN_FETCHED_OFFICIAL_SOURCES
M039,I021,OFFICIAL_RULE_DERIVED,C-M039-07,紙・布類,S-M039-01,家庭ごみの分け方・出し方／紙・布類,FALSE,CATEGORY_SUPPORTED,品目の直接記載は必須とせず、既存mappingを支えるCURRENT公式category ruleから判定。 collector_status=NO_ITEM_MATCH_IN_FETCHED_OFFICIAL_SOURCES
M039,I022,UNRESOLVED,,,,,TRUE,UNRESOLVED,直接記載・公式rule由来mapping・一意な一般則categoryのいずれでも決定できない。 collector_status=NO_ITEM_MATCH_IN_FETCHED_OFFICIAL_SOURCES
M039,I023,OFFICIAL_RULE_DERIVED,C-M039-03,不燃ごみ,S-M039-01,家庭ごみの分け方・出し方／不燃ごみ,FALSE,CATEGORY_SUPPORTED,品目の直接記載は必須とせず、既存mappingを支えるCURRENT公式category ruleから判定。 collector_status=NO_ITEM_MATCH_IN_FETCHED_OFFICIAL_SOURCES
M039,I024,UNRESOLVED,,,,,FALSE,UNRESOLVED,一般則候補categoryが複数(2)のため自動決定しない。 collector_status=NO_ITEM_MATCH_IN_FETCHED_OFFICIAL_SOURCES
M039,I025,UNRESOLVED,,,,,TRUE,UNRESOLVED,直接記載・公式rule由来mapping・一意な一般則categoryのいずれでも決定できない。 collector_status=NO_ITEM_MATCH_IN_FETCHED_OFFICIAL_SOURCES
M039,I026,UNRESOLVED,,,,,TRUE,UNRESOLVED,直接記載・公式rule由来mapping・一意な一般則categoryのいずれでも決定できない。 collector_status=NO_ITEM_MATCH_IN_FETCHED_OFFICIAL_SOURCES
M039,I027,UNRESOLVED,,,,,TRUE,UNRESOLVED,直接記載・公式rule由来mapping・一意な一般則categoryのいずれでも決定できない。 collector_status=NO_ITEM_MATCH_IN_FETCHED_OFFICIAL_SOURCES
M039,I028,UNRESOLVED,,,,,TRUE,UNRESOLVED,直接記載・公式rule由来mapping・一意な一般則categoryのいずれでも決定できない。 collector_status=NO_ITEM_MATCH_IN_FETCHED_OFFICIAL_SOURCES
M039,I029,UNRESOLVED,,,,,TRUE,UNRESOLVED,直接記載・公式rule由来mapping・一意な一般則categoryのいずれでも決定できない。 collector_status=NO_ITEM_MATCH_IN_FETCHED_OFFICIAL_SOURCES
M039,I030,OFFICIAL_RULE_DERIVED,C-M039-13,有害ごみ,S-M039-01,家庭ごみの分け方・出し方／有害ごみ,TRUE,CATEGORY_SUPPORTED_CONDITION_REVIEW_REQUIRED,品目の直接記載は必須とせず、既存mappingを支えるCURRENT公式category ruleから判定。 collector_status=NO_ITEM_MATCH_IN_FETCHED_OFFICIAL_SOURCES
M039,I031,UNRESOLVED,,,,,TRUE,UNRESOLVED,直接記載・公式rule由来mapping・一意な一般則categoryのいずれでも決定できない。 collector_status=NO_ITEM_MATCH_IN_FETCHED_OFFICIAL_SOURCES
M039,I032,OFFICIAL_RULE_DERIVED,C-M039-06,缶類,S-M039-01,家庭ごみの分け方・出し方／缶類,TRUE,CATEGORY_SUPPORTED_CONDITION_REVIEW_REQUIRED,品目の直接記載は必須とせず、既存mappingを支えるCURRENT公式category ruleから判定。 collector_status=NO_ITEM_MATCH_IN_FETCHED_OFFICIAL_SOURCES
M039,I033,UNRESOLVED,,,,,TRUE,UNRESOLVED,直接記載・公式rule由来mapping・一意な一般則categoryのいずれでも決定できない。 collector_status=NO_ITEM_MATCH_IN_FETCHED_OFFICIAL_SOURCES
M039,I034,OFFICIAL_RULE_DERIVED,C-M039-04,小型家電,S-M039-01,家庭ごみの分け方・出し方／小型家電,TRUE,CATEGORY_SUPPORTED_CONDITION_REVIEW_REQUIRED,品目の直接記載は必須とせず、既存mappingを支えるCURRENT公式category ruleから判定。 collector_status=NO_ITEM_MATCH_IN_FETCHED_OFFICIAL_SOURCES
M039,I035,UNRESOLVED,,,,,TRUE,UNRESOLVED,直接記載・公式rule由来mapping・一意な一般則categoryのいずれでも決定できない。 collector_status=NO_ITEM_MATCH_IN_FETCHED_OFFICIAL_SOURCES
M039,I036,UNRESOLVED,,,,,TRUE,UNRESOLVED,直接記載・公式rule由来mapping・一意な一般則categoryのいずれでも決定できない。 collector_status=NO_ITEM_MATCH_IN_FETCHED_OFFICIAL_SOURCES
M039,I037,UNRESOLVED,,,,,TRUE,UNRESOLVED,既存mappingの全branchをCURRENT公式category ruleで裏付けられないため未解決。 collector_status=NO_ITEM_MATCH_IN_FETCHED_OFFICIAL_SOURCES
M039,I038,UNRESOLVED,,,,,TRUE,UNRESOLVED,直接記載・公式rule由来mapping・一意な一般則categoryのいずれでも決定できない。 collector_status=NO_ITEM_MATCH_IN_FETCHED_OFFICIAL_SOURCES
M039,I039,UNRESOLVED,,,,,TRUE,UNRESOLVED,直接記載・公式rule由来mapping・一意な一般則categoryのいずれでも決定できない。 collector_status=NO_ITEM_MATCH_IN_FETCHED_OFFICIAL_SOURCES
M039,I040,UNRESOLVED,,,,,TRUE,UNRESOLVED,直接記載・公式rule由来mapping・一意な一般則categoryのいずれでも決定できない。 collector_status=NO_ITEM_MATCH_IN_FETCHED_OFFICIAL_SOURCES
M040,I001,OFFICIAL_RULE_DERIVED,C-M040-09,ペットボトル,S-M040-01,ごみの区分と出し方／ペットボトル,FALSE,CATEGORY_SUPPORTED,品目の直接記載は必須とせず、既存mappingを支えるCURRENT公式category ruleから判定。 collector_status=NO_ITEM_MATCH_IN_FETCHED_OFFICIAL_SOURCES
M040,I002,UNRESOLVED,,,,,TRUE,UNRESOLVED,直接記載・公式rule由来mapping・一意な一般則categoryのいずれでも決定できない。 collector_status=NO_ITEM_MATCH_IN_FETCHED_OFFICIAL_SOURCES
M040,I003,UNRESOLVED,,,,,TRUE,UNRESOLVED,直接記載・公式rule由来mapping・一意な一般則categoryのいずれでも決定できない。 collector_status=NO_ITEM_MATCH_IN_FETCHED_OFFICIAL_SOURCES
M040,I004,UNRESOLVED,,,,,FALSE,UNRESOLVED,直接記載・公式rule由来mapping・一意な一般則categoryのいずれでも決定できない。 collector_status=NO_ITEM_MATCH_IN_FETCHED_OFFICIAL_SOURCES
M040,I005,UNRESOLVED,,,,,FALSE,UNRESOLVED,直接記載・公式rule由来mapping・一意な一般則categoryのいずれでも決定できない。 collector_status=NO_ITEM_MATCH_IN_FETCHED_OFFICIAL_SOURCES
M040,I006,OFFICIAL_RULE_DERIVED,C-M040-04,びん類,S-M040-01,ごみの区分と出し方／びん類,TRUE,CATEGORY_SUPPORTED_CONDITION_REVIEW_REQUIRED,品目の直接記載は必須とせず、既存mappingを支えるCURRENT公式category ruleから判定。 collector_status=NO_ITEM_MATCH_IN_FETCHED_OFFICIAL_SOURCES
M040,I007,UNRESOLVED,,,,,TRUE,UNRESOLVED,直接記載・公式rule由来mapping・一意な一般則categoryのいずれでも決定できない。 collector_status=NO_ITEM_MATCH_IN_FETCHED_OFFICIAL_SOURCES
M040,I008,UNRESOLVED,,,,,TRUE,UNRESOLVED,直接記載・公式rule由来mapping・一意な一般則categoryのいずれでも決定できない。 collector_status=NO_ITEM_MATCH_IN_FETCHED_OFFICIAL_SOURCES
M040,I009,UNRESOLVED,,,,,TRUE,UNRESOLVED,直接記載・公式rule由来mapping・一意な一般則categoryのいずれでも決定できない。 collector_status=NO_ITEM_MATCH_IN_FETCHED_OFFICIAL_SOURCES
M040,I010,UNRESOLVED,,,,,TRUE,UNRESOLVED,直接記載・公式rule由来mapping・一意な一般則categoryのいずれでも決定できない。 collector_status=NO_ITEM_MATCH_IN_FETCHED_OFFICIAL_SOURCES
M040,I011,UNRESOLVED,,,,,TRUE,UNRESOLVED,直接記載・公式rule由来mapping・一意な一般則categoryのいずれでも決定できない。 collector_status=NO_ITEM_MATCH_IN_FETCHED_OFFICIAL_SOURCES
M040,I012,OFFICIAL_RULE_DERIVED,C-M040-08,発泡スチロール、トレー,S-M040-01,ごみの区分と出し方／発泡スチロール、トレー,TRUE,CATEGORY_SUPPORTED_CONDITION_REVIEW_REQUIRED,品目の直接記載は必須とせず、既存mappingを支えるCURRENT公式category ruleから判定。 collector_status=NO_ITEM_MATCH_IN_FETCHED_OFFICIAL_SOURCES
M040,I013,UNRESOLVED,,,,,FALSE,UNRESOLVED,直接記載・公式rule由来mapping・一意な一般則categoryのいずれでも決定できない。 collector_status=NO_ITEM_MATCH_IN_FETCHED_OFFICIAL_SOURCES
M040,I014,UNRESOLVED,,,,,FALSE,UNRESOLVED,直接記載・公式rule由来mapping・一意な一般則categoryのいずれでも決定できない。 collector_status=NO_ITEM_MATCH_IN_FETCHED_OFFICIAL_SOURCES
M040,I015,UNRESOLVED,,,,,FALSE,UNRESOLVED,直接記載・公式rule由来mapping・一意な一般則categoryのいずれでも決定できない。 collector_status=NO_ITEM_MATCH_IN_FETCHED_OFFICIAL_SOURCES
M040,I016,UNRESOLVED,,,,,FALSE,UNRESOLVED,直接記載・公式rule由来mapping・一意な一般則categoryのいずれでも決定できない。 collector_status=NO_ITEM_MATCH_IN_FETCHED_OFFICIAL_SOURCES
M040,I017,UNRESOLVED,,,,,TRUE,UNRESOLVED,直接記載・公式rule由来mapping・一意な一般則categoryのいずれでも決定できない。 collector_status=NO_ITEM_MATCH_IN_FETCHED_OFFICIAL_SOURCES
M040,I018,OFFICIAL_RULE_DERIVED,C-M040-01,可燃ごみ,S-M040-01,ごみの区分と出し方／可燃ごみ,FALSE,CATEGORY_SUPPORTED,品目の直接記載は必須とせず、既存mappingを支えるCURRENT公式category ruleから判定。 collector_status=NO_ITEM_MATCH_IN_FETCHED_OFFICIAL_SOURCES
M040,I019,UNRESOLVED,,,,,FALSE,UNRESOLVED,一般則候補categoryが複数(2)のため自動決定しない。 collector_status=NO_ITEM_MATCH_IN_FETCHED_OFFICIAL_SOURCES
M040,I020,UNRESOLVED,,,,,FALSE,UNRESOLVED,一般則候補categoryが複数(2)のため自動決定しない。 collector_status=NO_ITEM_MATCH_IN_FETCHED_OFFICIAL_SOURCES
M040,I021,OFFICIAL_RULE_DERIVED,C-M040-06,紙・布類,S-M040-01,ごみの区分と出し方／紙・布類,FALSE,CATEGORY_SUPPORTED,品目の直接記載は必須とせず、既存mappingを支えるCURRENT公式category ruleから判定。 collector_status=NO_ITEM_MATCH_IN_FETCHED_OFFICIAL_SOURCES
M040,I022,UNRESOLVED,,,,,TRUE,UNRESOLVED,直接記載・公式rule由来mapping・一意な一般則categoryのいずれでも決定できない。 collector_status=NO_ITEM_MATCH_IN_FETCHED_OFFICIAL_SOURCES
M040,I023,OFFICIAL_RULE_DERIVED,C-M040-02,不燃ごみ,S-M040-01,ごみの区分と出し方／不燃ごみ,FALSE,CATEGORY_SUPPORTED,品目の直接記載は必須とせず、既存mappingを支えるCURRENT公式category ruleから判定。 collector_status=NO_ITEM_MATCH_IN_FETCHED_OFFICIAL_SOURCES
M040,I024,UNRESOLVED,,,,,FALSE,UNRESOLVED,一般則候補categoryが複数(2)のため自動決定しない。 collector_status=NO_ITEM_MATCH_IN_FETCHED_OFFICIAL_SOURCES
M040,I025,UNRESOLVED,,,,,TRUE,UNRESOLVED,直接記載・公式rule由来mapping・一意な一般則categoryのいずれでも決定できない。 collector_status=NO_ITEM_MATCH_IN_FETCHED_OFFICIAL_SOURCES
M040,I026,UNRESOLVED,,,,,TRUE,UNRESOLVED,直接記載・公式rule由来mapping・一意な一般則categoryのいずれでも決定できない。 collector_status=NO_ITEM_MATCH_IN_FETCHED_OFFICIAL_SOURCES
M040,I027,OFFICIAL_RULE_DERIVED,C-M040-12,有害ごみ,S-M040-03,ごみの区分と出し方／有害ごみ,TRUE,CATEGORY_SUPPORTED_CONDITION_REVIEW_REQUIRED,品目の直接記載は必須とせず、既存mappingを支えるCURRENT公式category ruleから判定。 collector_status=NO_ITEM_MATCH_IN_FETCHED_OFFICIAL_SOURCES
M040,I028,UNRESOLVED,,,,,TRUE,UNRESOLVED,直接記載・公式rule由来mapping・一意な一般則categoryのいずれでも決定できない。 collector_status=NO_ITEM_MATCH_IN_FETCHED_OFFICIAL_SOURCES
M040,I029,UNRESOLVED,,,,,TRUE,UNRESOLVED,直接記載・公式rule由来mapping・一意な一般則categoryのいずれでも決定できない。 collector_status=NO_ITEM_MATCH_IN_FETCHED_OFFICIAL_SOURCES
M040,I030,OFFICIAL_RULE_DERIVED,C-M040-12,有害ごみ,S-M040-03,ごみの区分と出し方／有害ごみ,TRUE,CATEGORY_SUPPORTED_CONDITION_REVIEW_REQUIRED,品目の直接記載は必須とせず、既存mappingを支えるCURRENT公式category ruleから判定。 collector_status=NO_ITEM_MATCH_IN_FETCHED_OFFICIAL_SOURCES
M040,I031,UNRESOLVED,,,,,TRUE,UNRESOLVED,直接記載・公式rule由来mapping・一意な一般則categoryのいずれでも決定できない。 collector_status=NO_ITEM_MATCH_IN_FETCHED_OFFICIAL_SOURCES
M040,I032,OFFICIAL_RULE_DERIVED,C-M040-05,缶類,S-M040-01,ごみの区分と出し方／缶類,TRUE,CATEGORY_SUPPORTED_CONDITION_REVIEW_REQUIRED,品目の直接記載は必須とせず、既存mappingを支えるCURRENT公式category ruleから判定。 collector_status=NO_ITEM_MATCH_IN_FETCHED_OFFICIAL_SOURCES
M040,I033,UNRESOLVED,,,,,TRUE,UNRESOLVED,直接記載・公式rule由来mapping・一意な一般則categoryのいずれでも決定できない。 collector_status=NO_ITEM_MATCH_IN_FETCHED_OFFICIAL_SOURCES
M040,I034,OFFICIAL_RULE_DERIVED,C-M040-03,小型家電,S-M040-01,ごみの区分と出し方／小型家電,TRUE,CATEGORY_SUPPORTED_CONDITION_REVIEW_REQUIRED,品目の直接記載は必須とせず、既存mappingを支えるCURRENT公式category ruleから判定。 collector_status=NO_ITEM_MATCH_IN_FETCHED_OFFICIAL_SOURCES
M040,I035,UNRESOLVED,,,,,TRUE,UNRESOLVED,直接記載・公式rule由来mapping・一意な一般則categoryのいずれでも決定できない。 collector_status=NO_ITEM_MATCH_IN_FETCHED_OFFICIAL_SOURCES
M040,I036,UNRESOLVED,,,,,TRUE,UNRESOLVED,直接記載・公式rule由来mapping・一意な一般則categoryのいずれでも決定できない。 collector_status=NO_ITEM_MATCH_IN_FETCHED_OFFICIAL_SOURCES
M040,I037,UNRESOLVED,,,,,TRUE,UNRESOLVED,直接記載・公式rule由来mapping・一意な一般則categoryのいずれでも決定できない。 collector_status=NO_ITEM_MATCH_IN_FETCHED_OFFICIAL_SOURCES
M040,I038,UNRESOLVED,,,,,TRUE,UNRESOLVED,直接記載・公式rule由来mapping・一意な一般則categoryのいずれでも決定できない。 collector_status=NO_ITEM_MATCH_IN_FETCHED_OFFICIAL_SOURCES
M040,I039,UNRESOLVED,,,,,TRUE,UNRESOLVED,直接記載・公式rule由来mapping・一意な一般則categoryのいずれでも決定できない。 collector_status=NO_ITEM_MATCH_IN_FETCHED_OFFICIAL_SOURCES
M040,I040,UNRESOLVED,,,,,TRUE,UNRESOLVED,直接記載・公式rule由来mapping・一意な一般則categoryのいずれでも決定できない。 collector_status=NO_ITEM_MATCH_IN_FETCHED_OFFICIAL_SOURCES
M041,I001,UNRESOLVED,,,,,FALSE,UNRESOLVED,直接記載・公式rule由来mapping・一意な一般則categoryのいずれでも決定できない。 collector_status=NO_ITEM_MATCH_IN_FETCHED_OFFICIAL_SOURCES
M041,I002,UNRESOLVED,,,,,TRUE,UNRESOLVED,直接記載・公式rule由来mapping・一意な一般則categoryのいずれでも決定できない。 collector_status=NO_ITEM_MATCH_IN_FETCHED_OFFICIAL_SOURCES
M041,I003,UNRESOLVED,,,,,TRUE,UNRESOLVED,直接記載・公式rule由来mapping・一意な一般則categoryのいずれでも決定できない。 collector_status=NO_ITEM_MATCH_IN_FETCHED_OFFICIAL_SOURCES
M041,I004,UNRESOLVED,,,,,FALSE,UNRESOLVED,直接記載・公式rule由来mapping・一意な一般則categoryのいずれでも決定できない。 collector_status=NO_ITEM_MATCH_IN_FETCHED_OFFICIAL_SOURCES
M041,I005,UNRESOLVED,,,,,FALSE,UNRESOLVED,直接記載・公式rule由来mapping・一意な一般則categoryのいずれでも決定できない。 collector_status=NO_ITEM_MATCH_IN_FETCHED_OFFICIAL_SOURCES
M041,I006,UNRESOLVED,,,,,TRUE,UNRESOLVED,直接記載・公式rule由来mapping・一意な一般則categoryのいずれでも決定できない。 collector_status=NO_ITEM_MATCH_IN_FETCHED_OFFICIAL_SOURCES
M041,I007,UNRESOLVED,,,,,TRUE,UNRESOLVED,直接記載・公式rule由来mapping・一意な一般則categoryのいずれでも決定できない。 collector_status=NO_ITEM_MATCH_IN_FETCHED_OFFICIAL_SOURCES
M041,I008,UNRESOLVED,,,,,TRUE,UNRESOLVED,直接記載・公式rule由来mapping・一意な一般則categoryのいずれでも決定できない。 collector_status=NO_ITEM_MATCH_IN_FETCHED_OFFICIAL_SOURCES
M041,I009,UNRESOLVED,,,,,TRUE,UNRESOLVED,直接記載・公式rule由来mapping・一意な一般則categoryのいずれでも決定できない。 collector_status=NO_ITEM_MATCH_IN_FETCHED_OFFICIAL_SOURCES
M041,I010,UNRESOLVED,,,,,TRUE,UNRESOLVED,直接記載・公式rule由来mapping・一意な一般則categoryのいずれでも決定できない。 collector_status=NO_ITEM_MATCH_IN_FETCHED_OFFICIAL_SOURCES
M041,I011,UNRESOLVED,,,,,TRUE,UNRESOLVED,直接記載・公式rule由来mapping・一意な一般則categoryのいずれでも決定できない。 collector_status=NO_ITEM_MATCH_IN_FETCHED_OFFICIAL_SOURCES
M041,I012,OFFICIAL_RULE_DERIVED,C-M041-04,発泡スチロール（資源ゴミ）,S-M041-02,ごみの収集日／発泡スチロール（資源ゴミ）,TRUE,CATEGORY_SUPPORTED_CONDITION_REVIEW_REQUIRED,品目の直接記載は必須とせず、既存mappingを支えるCURRENT公式category ruleから判定。 collector_status=NO_ITEM_MATCH_IN_FETCHED_OFFICIAL_SOURCES
M041,I013,UNRESOLVED,,,,,FALSE,UNRESOLVED,直接記載・公式rule由来mapping・一意な一般則categoryのいずれでも決定できない。 collector_status=NO_ITEM_MATCH_IN_FETCHED_OFFICIAL_SOURCES
M041,I014,UNRESOLVED,,,,,FALSE,UNRESOLVED,直接記載・公式rule由来mapping・一意な一般則categoryのいずれでも決定できない。 collector_status=NO_ITEM_MATCH_IN_FETCHED_OFFICIAL_SOURCES
M041,I015,UNRESOLVED,,,,,FALSE,UNRESOLVED,直接記載・公式rule由来mapping・一意な一般則categoryのいずれでも決定できない。 collector_status=NO_ITEM_MATCH_IN_FETCHED_OFFICIAL_SOURCES
M041,I016,UNRESOLVED,,,,,FALSE,UNRESOLVED,直接記載・公式rule由来mapping・一意な一般則categoryのいずれでも決定できない。 collector_status=NO_ITEM_MATCH_IN_FETCHED_OFFICIAL_SOURCES
M041,I017,UNRESOLVED,,,,,TRUE,UNRESOLVED,直接記載・公式rule由来mapping・一意な一般則categoryのいずれでも決定できない。 collector_status=NO_ITEM_MATCH_IN_FETCHED_OFFICIAL_SOURCES
M041,I018,OFFICIAL_RULE_DERIVED,C-M041-01,もえるゴミ,S-M041-02,ごみの収集日／もえるゴミ,FALSE,CATEGORY_SUPPORTED,品目の直接記載は必須とせず、既存mappingを支えるCURRENT公式category ruleから判定。 collector_status=NO_ITEM_MATCH_IN_FETCHED_OFFICIAL_SOURCES
M041,I019,GENERAL_RULE_DERIVED,C-M041-01,もえるゴミ,S-M041-02,ごみの収集日／もえるゴミ,FALSE,CATEGORY_SUPPORTED,個別記載・既存mappingなし。一般的な材質/用途ルールと一意のCURRENT公式categoryが一致。 collector_status=NO_ITEM_MATCH_IN_FETCHED_OFFICIAL_SOURCES
M041,I020,GENERAL_RULE_DERIVED,C-M041-01,もえるゴミ,S-M041-02,ごみの収集日／もえるゴミ,FALSE,CATEGORY_SUPPORTED,個別記載・既存mappingなし。一般的な材質/用途ルールと一意のCURRENT公式categoryが一致。 collector_status=NO_ITEM_MATCH_IN_FETCHED_OFFICIAL_SOURCES
M041,I021,OFFICIAL_RULE_DERIVED,C-M041-03,布・プラスチック類（資源ゴミ）,S-M041-02,ごみの収集日／布・プラスチック類（資源ゴミ）,FALSE,CATEGORY_SUPPORTED,品目の直接記載は必須とせず、既存mappingを支えるCURRENT公式category ruleから判定。 collector_status=NO_ITEM_MATCH_IN_FETCHED_OFFICIAL_SOURCES
M041,I022,UNRESOLVED,,,,,TRUE,UNRESOLVED,直接記載・公式rule由来mapping・一意な一般則categoryのいずれでも決定できない。 collector_status=NO_ITEM_MATCH_IN_FETCHED_OFFICIAL_SOURCES
M041,I023,OFFICIAL_RULE_DERIVED,C-M041-02,もえないゴミ,S-M041-02,ごみの収集日／もえないゴミ,FALSE,CATEGORY_SUPPORTED,品目の直接記載は必須とせず、既存mappingを支えるCURRENT公式category ruleから判定。 collector_status=NO_ITEM_MATCH_IN_FETCHED_OFFICIAL_SOURCES
M041,I024,GENERAL_RULE_DERIVED,C-M041-02,もえないゴミ,S-M041-02,ごみの収集日／もえないゴミ,FALSE,CATEGORY_SUPPORTED,個別記載・既存mappingなし。一般的な材質/用途ルールと一意のCURRENT公式categoryが一致。 collector_status=NO_ITEM_MATCH_IN_FETCHED_OFFICIAL_SOURCES
M041,I025,UNRESOLVED,,,,,TRUE,UNRESOLVED,直接記載・公式rule由来mapping・一意な一般則categoryのいずれでも決定できない。 collector_status=NO_ITEM_MATCH_IN_FETCHED_OFFICIAL_SOURCES
M041,I026,UNRESOLVED,,,,,TRUE,UNRESOLVED,直接記載・公式rule由来mapping・一意な一般則categoryのいずれでも決定できない。 collector_status=NO_ITEM_MATCH_IN_FETCHED_OFFICIAL_SOURCES
M041,I027,DIRECT_ITEM,C-M041-07,乾電池,S-M041-02,text-match:乾電池 + 乾電池,TRUE,CATEGORY_SUPPORTED_CONDITION_REVIEW_REQUIRED,全既存branchで公式資料中の品目表記とcategoryの直接候補あり。 collector_status=ALL_EXISTING_BRANCHES_HAVE_DIRECT_CANDIDATE
M041,I028,UNRESOLVED,,,,,TRUE,UNRESOLVED,直接記載・公式rule由来mapping・一意な一般則categoryのいずれでも決定できない。 collector_status=NO_ITEM_MATCH_IN_FETCHED_OFFICIAL_SOURCES
M041,I029,UNRESOLVED,,,,,TRUE,UNRESOLVED,直接記載・公式rule由来mapping・一意な一般則categoryのいずれでも決定できない。 collector_status=NO_ITEM_MATCH_IN_FETCHED_OFFICIAL_SOURCES
M041,I030,DIRECT_ITEM,C-M041-06,蛍光灯,S-M041-02,text-match:蛍光灯 + 蛍光灯,TRUE,CATEGORY_SUPPORTED_CONDITION_REVIEW_REQUIRED,全既存branchで公式資料中の品目表記とcategoryの直接候補あり。 collector_status=ALL_EXISTING_BRANCHES_HAVE_DIRECT_CANDIDATE
M041,I031,UNRESOLVED,,,,,TRUE,UNRESOLVED,直接記載・公式rule由来mapping・一意な一般則categoryのいずれでも決定できない。 collector_status=NO_ITEM_MATCH_IN_FETCHED_OFFICIAL_SOURCES
M041,I032,UNRESOLVED,,,,,TRUE,UNRESOLVED,直接記載・公式rule由来mapping・一意な一般則categoryのいずれでも決定できない。 collector_status=NO_ITEM_MATCH_IN_FETCHED_OFFICIAL_SOURCES
M041,I033,UNRESOLVED,,,,,TRUE,UNRESOLVED,直接記載・公式rule由来mapping・一意な一般則categoryのいずれでも決定できない。 collector_status=NO_ITEM_MATCH_IN_FETCHED_OFFICIAL_SOURCES
M041,I034,OFFICIAL_RULE_DERIVED,C-M041-02,もえないゴミ,S-M041-02,ごみの収集日／もえないゴミ,TRUE,CATEGORY_SUPPORTED_CONDITION_REVIEW_REQUIRED,品目の直接記載は必須とせず、既存mappingを支えるCURRENT公式category ruleから判定。 collector_status=NO_ITEM_MATCH_IN_FETCHED_OFFICIAL_SOURCES
M041,I035,UNRESOLVED,,,,,TRUE,UNRESOLVED,直接記載・公式rule由来mapping・一意な一般則categoryのいずれでも決定できない。 collector_status=NO_ITEM_MATCH_IN_FETCHED_OFFICIAL_SOURCES
M041,I036,UNRESOLVED,,,,,TRUE,UNRESOLVED,直接記載・公式rule由来mapping・一意な一般則categoryのいずれでも決定できない。 collector_status=NO_ITEM_MATCH_IN_FETCHED_OFFICIAL_SOURCES
M041,I037,UNRESOLVED,,,,,TRUE,UNRESOLVED,既存mappingの全branchをCURRENT公式category ruleで裏付けられないため未解決。 collector_status=NO_ITEM_MATCH_IN_FETCHED_OFFICIAL_SOURCES
M041,I038,UNRESOLVED,,,,,TRUE,UNRESOLVED,直接記載・公式rule由来mapping・一意な一般則categoryのいずれでも決定できない。 collector_status=NO_ITEM_MATCH_IN_FETCHED_OFFICIAL_SOURCES
M041,I039,UNRESOLVED,,,,,TRUE,UNRESOLVED,直接記載・公式rule由来mapping・一意な一般則categoryのいずれでも決定できない。 collector_status=NO_ITEM_MATCH_IN_FETCHED_OFFICIAL_SOURCES
M041,I040,UNRESOLVED,,,,,TRUE,UNRESOLVED,直接記載・公式rule由来mapping・一意な一般則categoryのいずれでも決定できない。 collector_status=NO_ITEM_MATCH_IN_FETCHED_OFFICIAL_SOURCES
M042,I001,OFFICIAL_RULE_DERIVED,C-M042-08,ペットボトル,S-M042-01,手引きp12 ペットボトル,FALSE,CATEGORY_SUPPORTED,品目の直接記載は必須とせず、既存mappingを支えるCURRENT公式category ruleから判定。 collector_status=NO_ITEM_MATCH_IN_FETCHED_OFFICIAL_SOURCES
M042,I002,UNRESOLVED,,,,,TRUE,UNRESOLVED,直接記載・公式rule由来mapping・一意な一般則categoryのいずれでも決定できない。 collector_status=NO_ITEM_MATCH_IN_FETCHED_OFFICIAL_SOURCES
M042,I003,UNRESOLVED,,,,,TRUE,UNRESOLVED,直接記載・公式rule由来mapping・一意な一般則categoryのいずれでも決定できない。 collector_status=NO_ITEM_MATCH_IN_FETCHED_OFFICIAL_SOURCES
M042,I004,UNRESOLVED,,,,,FALSE,UNRESOLVED,直接記載・公式rule由来mapping・一意な一般則categoryのいずれでも決定できない。 collector_status=NO_ITEM_MATCH_IN_FETCHED_OFFICIAL_SOURCES
M042,I005,UNRESOLVED,,,,,FALSE,UNRESOLVED,直接記載・公式rule由来mapping・一意な一般則categoryのいずれでも決定できない。 collector_status=NO_ITEM_MATCH_IN_FETCHED_OFFICIAL_SOURCES
M042,I006,OFFICIAL_RULE_DERIVED,C-M042-06,缶・びん,S-M042-02,令和8年4月変更／指定びんは缶・びんへ,TRUE,CATEGORY_SUPPORTED_CONDITION_REVIEW_REQUIRED,品目の直接記載は必須とせず、既存mappingを支えるCURRENT公式category ruleから判定。 collector_status=NO_ITEM_MATCH_IN_FETCHED_OFFICIAL_SOURCES
M042,I007,UNRESOLVED,,,,,TRUE,UNRESOLVED,直接記載・公式rule由来mapping・一意な一般則categoryのいずれでも決定できない。 collector_status=NO_ITEM_MATCH_IN_FETCHED_OFFICIAL_SOURCES
M042,I008,UNRESOLVED,,,,,TRUE,UNRESOLVED,直接記載・公式rule由来mapping・一意な一般則categoryのいずれでも決定できない。 collector_status=NO_ITEM_MATCH_IN_FETCHED_OFFICIAL_SOURCES
M042,I009,UNRESOLVED,,,,,TRUE,UNRESOLVED,直接記載・公式rule由来mapping・一意な一般則categoryのいずれでも決定できない。 collector_status=NO_ITEM_MATCH_IN_FETCHED_OFFICIAL_SOURCES
M042,I010,UNRESOLVED,,,,,TRUE,UNRESOLVED,直接記載・公式rule由来mapping・一意な一般則categoryのいずれでも決定できない。 collector_status=NO_ITEM_MATCH_IN_FETCHED_OFFICIAL_SOURCES
M042,I011,UNRESOLVED,,,,,TRUE,UNRESOLVED,直接記載・公式rule由来mapping・一意な一般則categoryのいずれでも決定できない。 collector_status=NO_ITEM_MATCH_IN_FETCHED_OFFICIAL_SOURCES
M042,I012,DIRECT_ITEM,C-M042-07,発泡スチロール,S-M042-02,text-match:発泡スチロール + 発泡スチロール,TRUE,CATEGORY_SUPPORTED_CONDITION_REVIEW_REQUIRED,全既存branchで公式資料中の品目表記とcategoryの直接候補あり。 collector_status=ALL_EXISTING_BRANCHES_HAVE_DIRECT_CANDIDATE
M042,I013,UNRESOLVED,,,,,FALSE,UNRESOLVED,直接記載・公式rule由来mapping・一意な一般則categoryのいずれでも決定できない。 collector_status=NO_ITEM_MATCH_IN_FETCHED_OFFICIAL_SOURCES
M042,I014,UNRESOLVED,,,,,FALSE,UNRESOLVED,直接記載・公式rule由来mapping・一意な一般則categoryのいずれでも決定できない。 collector_status=NO_ITEM_MATCH_IN_FETCHED_OFFICIAL_SOURCES
M042,I015,UNRESOLVED,,,,,FALSE,UNRESOLVED,直接記載・公式rule由来mapping・一意な一般則categoryのいずれでも決定できない。 collector_status=AMBIGUOUS_CATEGORY_CANDIDATES
M042,I016,UNRESOLVED,,,,,FALSE,UNRESOLVED,直接記載・公式rule由来mapping・一意な一般則categoryのいずれでも決定できない。 collector_status=NO_ITEM_MATCH_IN_FETCHED_OFFICIAL_SOURCES
M042,I017,UNRESOLVED,,,,,TRUE,UNRESOLVED,直接記載・公式rule由来mapping・一意な一般則categoryのいずれでも決定できない。 collector_status=NO_ITEM_MATCH_IN_FETCHED_OFFICIAL_SOURCES
M042,I018,OFFICIAL_RULE_DERIVED,C-M042-01,可燃（もやせる）ごみ,S-M042-01,手引きp4 可燃ごみ,FALSE,CATEGORY_SUPPORTED,品目の直接記載は必須とせず、既存mappingを支えるCURRENT公式category ruleから判定。 collector_status=NO_ITEM_MATCH_IN_FETCHED_OFFICIAL_SOURCES
M042,I019,UNRESOLVED,,,,,FALSE,UNRESOLVED,一般則候補categoryが複数(2)のため自動決定しない。 collector_status=NO_ITEM_MATCH_IN_FETCHED_OFFICIAL_SOURCES
M042,I020,UNRESOLVED,,,,,FALSE,UNRESOLVED,一般則候補categoryが複数(2)のため自動決定しない。 collector_status=NO_ITEM_MATCH_IN_FETCHED_OFFICIAL_SOURCES
M042,I021,UNRESOLVED,,,,,FALSE,UNRESOLVED,直接記載・公式rule由来mapping・一意な一般則categoryのいずれでも決定できない。 collector_status=NO_ITEM_MATCH_IN_FETCHED_OFFICIAL_SOURCES
M042,I022,UNRESOLVED,,,,,TRUE,UNRESOLVED,直接記載・公式rule由来mapping・一意な一般則categoryのいずれでも決定できない。 collector_status=NO_ITEM_MATCH_IN_FETCHED_OFFICIAL_SOURCES
M042,I023,OFFICIAL_RULE_DERIVED,C-M042-03,不燃（もえない）ごみ,S-M042-01,手引きp6 不燃ごみ,TRUE,CATEGORY_SUPPORTED_CONDITION_REVIEW_REQUIRED,品目の直接記載は必須とせず、既存mappingを支えるCURRENT公式category ruleから判定。 collector_status=NO_ITEM_MATCH_IN_FETCHED_OFFICIAL_SOURCES
M042,I024,UNRESOLVED,,,,,FALSE,UNRESOLVED,一般則候補categoryが複数(2)のため自動決定しない。 collector_status=NO_ITEM_MATCH_IN_FETCHED_OFFICIAL_SOURCES
M042,I025,UNRESOLVED,,,,,TRUE,UNRESOLVED,直接記載・公式rule由来mapping・一意な一般則categoryのいずれでも決定できない。 collector_status=NO_ITEM_MATCH_IN_FETCHED_OFFICIAL_SOURCES
M042,I026,UNRESOLVED,,,,,TRUE,UNRESOLVED,直接記載・公式rule由来mapping・一意な一般則categoryのいずれでも決定できない。 collector_status=NO_ITEM_MATCH_IN_FETCHED_OFFICIAL_SOURCES
M042,I027,DIRECT_ITEM,C-M042-09,電池,S-M042-04,text-match:乾電池 + 電池,TRUE,CATEGORY_SUPPORTED_CONDITION_REVIEW_REQUIRED,全既存branchで公式資料中の品目表記とcategoryの直接候補あり。 collector_status=ALL_EXISTING_BRANCHES_HAVE_DIRECT_CANDIDATE
M042,I028,UNRESOLVED,,,,,TRUE,UNRESOLVED,直接記載・公式rule由来mapping・一意な一般則categoryのいずれでも決定できない。 collector_status=AMBIGUOUS_CATEGORY_CANDIDATES
M042,I029,OFFICIAL_RULE_DERIVED,C-M042-11,小型充電式電池,S-M042-04,電池の出し方／小型充電式電池,TRUE,CATEGORY_SUPPORTED_CONDITION_REVIEW_REQUIRED,品目の直接記載は必須とせず、既存mappingを支えるCURRENT公式category ruleから判定。 collector_status=NO_ITEM_MATCH_IN_FETCHED_OFFICIAL_SOURCES
M042,I030,DIRECT_ITEM,C-M042-10,蛍光管,S-M042-04,text-match:蛍光管 + 蛍光管,TRUE,CATEGORY_SUPPORTED_CONDITION_REVIEW_REQUIRED,全既存branchで公式資料中の品目表記とcategoryの直接候補あり。 collector_status=ALL_EXISTING_BRANCHES_HAVE_DIRECT_CANDIDATE
M042,I031,OFFICIAL_RULE_DERIVED,C-M042-10,蛍光管,S-M042-01,手引きp13 蛍光管,TRUE,CATEGORY_SUPPORTED_CONDITION_REVIEW_REQUIRED,品目の直接記載は必須とせず、既存mappingを支えるCURRENT公式category ruleから判定。 collector_status=NO_ITEM_MATCH_IN_FETCHED_OFFICIAL_SOURCES
M042,I032,UNRESOLVED,,,,,TRUE,UNRESOLVED,直接記載・公式rule由来mapping・一意な一般則categoryのいずれでも決定できない。 collector_status=NO_ITEM_MATCH_IN_FETCHED_OFFICIAL_SOURCES
M042,I033,UNRESOLVED,,,,,TRUE,UNRESOLVED,直接記載・公式rule由来mapping・一意な一般則categoryのいずれでも決定できない。 collector_status=NO_ITEM_MATCH_IN_FETCHED_OFFICIAL_SOURCES
M042,I034,DIRECT_ITEM,C-M042-14,小型家電,S-M042-04,text-match:小型家電 + 小型家電,TRUE,CATEGORY_SUPPORTED_CONDITION_REVIEW_REQUIRED,全既存branchで公式資料中の品目表記とcategoryの直接候補あり。 collector_status=ALL_EXISTING_BRANCHES_HAVE_DIRECT_CANDIDATE
M042,I035,UNRESOLVED,,,,,TRUE,UNRESOLVED,直接記載・公式rule由来mapping・一意な一般則categoryのいずれでも決定できない。 collector_status=NO_ITEM_MATCH_IN_FETCHED_OFFICIAL_SOURCES
M042,I036,OFFICIAL_RULE_DERIVED,C-M042-02,可燃（もやせる）粗大ごみ,S-M042-01,手引きp5 可燃粗大ごみ,TRUE,CATEGORY_SUPPORTED_CONDITION_REVIEW_REQUIRED,品目の直接記載は必須とせず、既存mappingを支えるCURRENT公式category ruleから判定。 collector_status=NO_ITEM_MATCH_IN_FETCHED_OFFICIAL_SOURCES
M042,I037,UNRESOLVED,,,,,TRUE,UNRESOLVED,既存mappingの全branchをCURRENT公式category ruleで裏付けられないため未解決。 collector_status=NO_ITEM_MATCH_IN_FETCHED_OFFICIAL_SOURCES
M042,I038,UNRESOLVED,,,,,TRUE,UNRESOLVED,直接記載・公式rule由来mapping・一意な一般則categoryのいずれでも決定できない。 collector_status=NO_ITEM_MATCH_IN_FETCHED_OFFICIAL_SOURCES
M042,I039,UNRESOLVED,,,,,TRUE,UNRESOLVED,直接記載・公式rule由来mapping・一意な一般則categoryのいずれでも決定できない。 collector_status=NO_ITEM_MATCH_IN_FETCHED_OFFICIAL_SOURCES
M042,I040,UNRESOLVED,,,,,TRUE,UNRESOLVED,直接記載・公式rule由来mapping・一意な一般則categoryのいずれでも決定できない。 collector_status=NO_ITEM_MATCH_IN_FETCHED_OFFICIAL_SOURCES
M043,I001,OFFICIAL_RULE_DERIVED,C-M043-09,ペットボトル,S-M043-01,家庭ごみ分別／ペットボトル,FALSE,CATEGORY_SUPPORTED,品目の直接記載は必須とせず、既存mappingを支えるCURRENT公式category ruleから判定。 collector_status=NO_ITEM_MATCH_IN_FETCHED_OFFICIAL_SOURCES
M043,I002,UNRESOLVED,,,,,TRUE,UNRESOLVED,直接記載・公式rule由来mapping・一意な一般則categoryのいずれでも決定できない。 collector_status=NO_ITEM_MATCH_IN_FETCHED_OFFICIAL_SOURCES
M043,I003,UNRESOLVED,,,,,TRUE,UNRESOLVED,直接記載・公式rule由来mapping・一意な一般則categoryのいずれでも決定できない。 collector_status=NO_ITEM_MATCH_IN_FETCHED_OFFICIAL_SOURCES
M043,I004,UNRESOLVED,,,,,FALSE,UNRESOLVED,直接記載・公式rule由来mapping・一意な一般則categoryのいずれでも決定できない。 collector_status=NO_ITEM_MATCH_IN_FETCHED_OFFICIAL_SOURCES
M043,I005,UNRESOLVED,,,,,FALSE,UNRESOLVED,直接記載・公式rule由来mapping・一意な一般則categoryのいずれでも決定できない。 collector_status=NO_ITEM_MATCH_IN_FETCHED_OFFICIAL_SOURCES
M043,I006,UNRESOLVED,,,,,TRUE,UNRESOLVED,直接記載・公式rule由来mapping・一意な一般則categoryのいずれでも決定できない。 collector_status=NO_ITEM_MATCH_IN_FETCHED_OFFICIAL_SOURCES
M043,I007,UNRESOLVED,,,,,TRUE,UNRESOLVED,直接記載・公式rule由来mapping・一意な一般則categoryのいずれでも決定できない。 collector_status=NO_ITEM_MATCH_IN_FETCHED_OFFICIAL_SOURCES
M043,I008,UNRESOLVED,,,,,TRUE,UNRESOLVED,直接記載・公式rule由来mapping・一意な一般則categoryのいずれでも決定できない。 collector_status=NO_ITEM_MATCH_IN_FETCHED_OFFICIAL_SOURCES
M043,I009,UNRESOLVED,,,,,TRUE,UNRESOLVED,直接記載・公式rule由来mapping・一意な一般則categoryのいずれでも決定できない。 collector_status=NO_ITEM_MATCH_IN_FETCHED_OFFICIAL_SOURCES
M043,I010,UNRESOLVED,,,,,TRUE,UNRESOLVED,直接記載・公式rule由来mapping・一意な一般則categoryのいずれでも決定できない。 collector_status=NO_ITEM_MATCH_IN_FETCHED_OFFICIAL_SOURCES
M043,I011,UNRESOLVED,,,,,TRUE,UNRESOLVED,直接記載・公式rule由来mapping・一意な一般則categoryのいずれでも決定できない。 collector_status=NO_ITEM_MATCH_IN_FETCHED_OFFICIAL_SOURCES
M043,I012,OFFICIAL_RULE_DERIVED,C-M043-08,軟質プラスチック類,S-M043-01,家庭ごみ分別／軟質プラスチック類,TRUE,CATEGORY_SUPPORTED_CONDITION_REVIEW_REQUIRED,品目の直接記載は必須とせず、既存mappingを支えるCURRENT公式category ruleから判定。 collector_status=NO_ITEM_MATCH_IN_FETCHED_OFFICIAL_SOURCES
M043,I013,UNRESOLVED,,,,,FALSE,UNRESOLVED,直接記載・公式rule由来mapping・一意な一般則categoryのいずれでも決定できない。 collector_status=NO_ITEM_MATCH_IN_FETCHED_OFFICIAL_SOURCES
M043,I014,UNRESOLVED,,,,,FALSE,UNRESOLVED,直接記載・公式rule由来mapping・一意な一般則categoryのいずれでも決定できない。 collector_status=NO_ITEM_MATCH_IN_FETCHED_OFFICIAL_SOURCES
M043,I015,UNRESOLVED,,,,,FALSE,UNRESOLVED,直接記載・公式rule由来mapping・一意な一般則categoryのいずれでも決定できない。 collector_status=NO_ITEM_MATCH_IN_FETCHED_OFFICIAL_SOURCES
M043,I016,OFFICIAL_RULE_DERIVED,C-M043-05,小雑紙,S-M043-01,家庭ごみ分別／小雑紙,FALSE,CATEGORY_SUPPORTED,品目の直接記載は必須とせず、既存mappingを支えるCURRENT公式category ruleから判定。 collector_status=NO_ITEM_MATCH_IN_FETCHED_OFFICIAL_SOURCES
M043,I017,UNRESOLVED,,,,,TRUE,UNRESOLVED,直接記載・公式rule由来mapping・一意な一般則categoryのいずれでも決定できない。 collector_status=NO_ITEM_MATCH_IN_FETCHED_OFFICIAL_SOURCES
M043,I018,OFFICIAL_RULE_DERIVED,C-M043-01,可燃ごみ,S-M043-01,家庭ごみ分別／可燃ごみ,FALSE,CATEGORY_SUPPORTED,品目の直接記載は必須とせず、既存mappingを支えるCURRENT公式category ruleから判定。 collector_status=NO_ITEM_MATCH_IN_FETCHED_OFFICIAL_SOURCES
M043,I019,GENERAL_RULE_DERIVED,C-M043-01,可燃ごみ,S-M043-01,家庭ごみ分別／可燃ごみ,FALSE,CATEGORY_SUPPORTED,個別記載・既存mappingなし。一般的な材質/用途ルールと一意のCURRENT公式categoryが一致。 collector_status=NO_ITEM_MATCH_IN_FETCHED_OFFICIAL_SOURCES
M043,I020,GENERAL_RULE_DERIVED,C-M043-01,可燃ごみ,S-M043-01,家庭ごみ分別／可燃ごみ,FALSE,CATEGORY_SUPPORTED,個別記載・既存mappingなし。一般的な材質/用途ルールと一意のCURRENT公式categoryが一致。 collector_status=NO_ITEM_MATCH_IN_FETCHED_OFFICIAL_SOURCES
M043,I021,OFFICIAL_RULE_DERIVED,C-M043-13,布類,S-M043-01,家庭ごみ分別／布類,FALSE,CATEGORY_SUPPORTED,品目の直接記載は必須とせず、既存mappingを支えるCURRENT公式category ruleから判定。 collector_status=NO_ITEM_MATCH_IN_FETCHED_OFFICIAL_SOURCES
M043,I022,UNRESOLVED,,,,,TRUE,UNRESOLVED,直接記載・公式rule由来mapping・一意な一般則categoryのいずれでも決定できない。 collector_status=NO_ITEM_MATCH_IN_FETCHED_OFFICIAL_SOURCES
M043,I023,OFFICIAL_RULE_DERIVED,C-M043-02,不燃ごみ,S-M043-01,家庭ごみ分別／不燃ごみ,FALSE,CATEGORY_SUPPORTED,品目の直接記載は必須とせず、既存mappingを支えるCURRENT公式category ruleから判定。 collector_status=NO_ITEM_MATCH_IN_FETCHED_OFFICIAL_SOURCES
M043,I024,UNRESOLVED,,,,,FALSE,UNRESOLVED,一般則候補categoryが複数(2)のため自動決定しない。 collector_status=NO_ITEM_MATCH_IN_FETCHED_OFFICIAL_SOURCES
M043,I025,UNRESOLVED,,,,,TRUE,UNRESOLVED,直接記載・公式rule由来mapping・一意な一般則categoryのいずれでも決定できない。 collector_status=NO_ITEM_MATCH_IN_FETCHED_OFFICIAL_SOURCES
M043,I026,UNRESOLVED,,,,,TRUE,UNRESOLVED,直接記載・公式rule由来mapping・一意な一般則categoryのいずれでも決定できない。 collector_status=NO_ITEM_MATCH_IN_FETCHED_OFFICIAL_SOURCES
M043,I027,UNRESOLVED,,,,,TRUE,UNRESOLVED,直接記載・公式rule由来mapping・一意な一般則categoryのいずれでも決定できない。 collector_status=NO_ITEM_MATCH_IN_FETCHED_OFFICIAL_SOURCES
M043,I028,UNRESOLVED,,,,,TRUE,UNRESOLVED,直接記載・公式rule由来mapping・一意な一般則categoryのいずれでも決定できない。 collector_status=NO_ITEM_MATCH_IN_FETCHED_OFFICIAL_SOURCES
M043,I029,UNRESOLVED,,,,,TRUE,UNRESOLVED,直接記載・公式rule由来mapping・一意な一般則categoryのいずれでも決定できない。 collector_status=NO_ITEM_MATCH_IN_FETCHED_OFFICIAL_SOURCES
M043,I030,OFFICIAL_RULE_DERIVED,C-M043-11,蛍光管,S-M043-01,家庭ごみ分別／蛍光管,TRUE,CATEGORY_SUPPORTED_CONDITION_REVIEW_REQUIRED,品目の直接記載は必須とせず、既存mappingを支えるCURRENT公式category ruleから判定。 collector_status=NO_ITEM_MATCH_IN_FETCHED_OFFICIAL_SOURCES
M043,I031,UNRESOLVED,,,,,TRUE,UNRESOLVED,直接記載・公式rule由来mapping・一意な一般則categoryのいずれでも決定できない。 collector_status=NO_ITEM_MATCH_IN_FETCHED_OFFICIAL_SOURCES
M043,I032,UNRESOLVED,,,,,TRUE,UNRESOLVED,直接記載・公式rule由来mapping・一意な一般則categoryのいずれでも決定できない。 collector_status=NO_ITEM_MATCH_IN_FETCHED_OFFICIAL_SOURCES
M043,I033,UNRESOLVED,,,,,TRUE,UNRESOLVED,直接記載・公式rule由来mapping・一意な一般則categoryのいずれでも決定できない。 collector_status=NO_ITEM_MATCH_IN_FETCHED_OFFICIAL_SOURCES
M043,I034,OFFICIAL_RULE_DERIVED,C-M043-02|C-M043-14,不燃ごみ|使用済み小型家電,S-M043-01,家庭ごみ分別／不燃ごみ|家庭ごみ分別／小型家電リサイクル,TRUE,CATEGORY_SUPPORTED_CONDITION_REVIEW_REQUIRED,品目の直接記載は必須とせず、既存mappingを支えるCURRENT公式category ruleから判定。 collector_status=NO_ITEM_MATCH_IN_FETCHED_OFFICIAL_SOURCES
M043,I035,UNRESOLVED,,,,,TRUE,UNRESOLVED,直接記載・公式rule由来mapping・一意な一般則categoryのいずれでも決定できない。 collector_status=NO_ITEM_MATCH_IN_FETCHED_OFFICIAL_SOURCES
M043,I036,OFFICIAL_RULE_DERIVED,C-M043-08,軟質プラスチック類,S-M043-01,家庭ごみ分別／軟質プラスチック類,TRUE,CATEGORY_SUPPORTED_CONDITION_REVIEW_REQUIRED,品目の直接記載は必須とせず、既存mappingを支えるCURRENT公式category ruleから判定。 collector_status=NO_ITEM_MATCH_IN_FETCHED_OFFICIAL_SOURCES
M043,I037,UNRESOLVED,,,,,TRUE,UNRESOLVED,既存mappingの全branchをCURRENT公式category ruleで裏付けられないため未解決。 collector_status=NO_ITEM_MATCH_IN_FETCHED_OFFICIAL_SOURCES
M043,I038,UNRESOLVED,,,,,TRUE,UNRESOLVED,直接記載・公式rule由来mapping・一意な一般則categoryのいずれでも決定できない。 collector_status=NO_ITEM_MATCH_IN_FETCHED_OFFICIAL_SOURCES
M043,I039,UNRESOLVED,,,,,TRUE,UNRESOLVED,直接記載・公式rule由来mapping・一意な一般則categoryのいずれでも決定できない。 collector_status=NO_ITEM_MATCH_IN_FETCHED_OFFICIAL_SOURCES
M043,I040,UNRESOLVED,,,,,TRUE,UNRESOLVED,直接記載・公式rule由来mapping・一意な一般則categoryのいずれでも決定できない。 collector_status=NO_ITEM_MATCH_IN_FETCHED_OFFICIAL_SOURCES
M044,I001,DIRECT_ITEM,C-M044-08,ペットボトル,S-M044-01,text-match:ペットボトル + ペットボトル,FALSE,CATEGORY_SUPPORTED,全既存branchで公式資料中の品目表記とcategoryの直接候補あり。 collector_status=ALL_EXISTING_BRANCHES_HAVE_DIRECT_CANDIDATE
M044,I002,UNRESOLVED,,,,,TRUE,UNRESOLVED,直接記載・公式rule由来mapping・一意な一般則categoryのいずれでも決定できない。 collector_status=NO_ITEM_MATCH_IN_FETCHED_OFFICIAL_SOURCES
M044,I003,UNRESOLVED,,,,,TRUE,UNRESOLVED,直接記載・公式rule由来mapping・一意な一般則categoryのいずれでも決定できない。 collector_status=NO_ITEM_MATCH_IN_FETCHED_OFFICIAL_SOURCES
M044,I004,UNRESOLVED,,,,,FALSE,UNRESOLVED,直接記載・公式rule由来mapping・一意な一般則categoryのいずれでも決定できない。 collector_status=NO_ITEM_MATCH_IN_FETCHED_OFFICIAL_SOURCES
M044,I005,UNRESOLVED,,,,,FALSE,UNRESOLVED,直接記載・公式rule由来mapping・一意な一般則categoryのいずれでも決定できない。 collector_status=NO_ITEM_MATCH_IN_FETCHED_OFFICIAL_SOURCES
M044,I006,UNRESOLVED,,,,,TRUE,UNRESOLVED,直接記載・公式rule由来mapping・一意な一般則categoryのいずれでも決定できない。 collector_status=NO_ITEM_MATCH_IN_FETCHED_OFFICIAL_SOURCES
M044,I007,UNRESOLVED,,,,,TRUE,UNRESOLVED,直接記載・公式rule由来mapping・一意な一般則categoryのいずれでも決定できない。 collector_status=NO_ITEM_MATCH_IN_FETCHED_OFFICIAL_SOURCES
M044,I008,UNRESOLVED,,,,,TRUE,UNRESOLVED,直接記載・公式rule由来mapping・一意な一般則categoryのいずれでも決定できない。 collector_status=NO_ITEM_MATCH_IN_FETCHED_OFFICIAL_SOURCES
M044,I009,UNRESOLVED,,,,,TRUE,UNRESOLVED,直接記載・公式rule由来mapping・一意な一般則categoryのいずれでも決定できない。 collector_status=NO_ITEM_MATCH_IN_FETCHED_OFFICIAL_SOURCES
M044,I010,UNRESOLVED,,,,,TRUE,UNRESOLVED,直接記載・公式rule由来mapping・一意な一般則categoryのいずれでも決定できない。 collector_status=NO_ITEM_MATCH_IN_FETCHED_OFFICIAL_SOURCES
M044,I011,UNRESOLVED,,,,,TRUE,UNRESOLVED,直接記載・公式rule由来mapping・一意な一般則categoryのいずれでも決定できない。 collector_status=NO_ITEM_MATCH_IN_FETCHED_OFFICIAL_SOURCES
M044,I012,DIRECT_ITEM,C-M044-07,発泡スチロール・軟質プラスチック,S-M044-01,text-match:発泡スチロール + 発泡スチロール・軟質プラスチック,TRUE,CATEGORY_SUPPORTED_CONDITION_REVIEW_REQUIRED,全既存branchで公式資料中の品目表記とcategoryの直接候補あり。 collector_status=ALL_EXISTING_BRANCHES_HAVE_DIRECT_CANDIDATE
M044,I013,UNRESOLVED,,,,,FALSE,UNRESOLVED,直接記載・公式rule由来mapping・一意な一般則categoryのいずれでも決定できない。 collector_status=NO_ITEM_MATCH_IN_FETCHED_OFFICIAL_SOURCES
M044,I014,UNRESOLVED,,,,,FALSE,UNRESOLVED,直接記載・公式rule由来mapping・一意な一般則categoryのいずれでも決定できない。 collector_status=NO_ITEM_MATCH_IN_FETCHED_OFFICIAL_SOURCES
M044,I015,UNRESOLVED,,,,,FALSE,UNRESOLVED,直接記載・公式rule由来mapping・一意な一般則categoryのいずれでも決定できない。 collector_status=NO_ITEM_MATCH_IN_FETCHED_OFFICIAL_SOURCES
M044,I016,UNRESOLVED,,,,,FALSE,UNRESOLVED,直接記載・公式rule由来mapping・一意な一般則categoryのいずれでも決定できない。 collector_status=NO_ITEM_MATCH_IN_FETCHED_OFFICIAL_SOURCES
M044,I017,UNRESOLVED,,,,,TRUE,UNRESOLVED,直接記載・公式rule由来mapping・一意な一般則categoryのいずれでも決定できない。 collector_status=NO_ITEM_MATCH_IN_FETCHED_OFFICIAL_SOURCES
M044,I018,OFFICIAL_RULE_DERIVED,C-M044-01,可燃ごみ,S-M044-01,冊子／可燃ごみ,TRUE,CATEGORY_SUPPORTED_CONDITION_REVIEW_REQUIRED,品目の直接記載は必須とせず、既存mappingを支えるCURRENT公式category ruleから判定。 collector_status=NO_ITEM_MATCH_IN_FETCHED_OFFICIAL_SOURCES
M044,I019,GENERAL_RULE_DERIVED,C-M044-01,可燃ごみ,S-M044-01,冊子／可燃ごみ,TRUE,CATEGORY_SUPPORTED_CONDITION_REVIEW_REQUIRED,個別記載・既存mappingなし。一般的な材質/用途ルールと一意のCURRENT公式categoryが一致。 collector_status=NO_ITEM_MATCH_IN_FETCHED_OFFICIAL_SOURCES
M044,I020,GENERAL_RULE_DERIVED,C-M044-01,可燃ごみ,S-M044-01,冊子／可燃ごみ,TRUE,CATEGORY_SUPPORTED_CONDITION_REVIEW_REQUIRED,個別記載・既存mappingなし。一般的な材質/用途ルールと一意のCURRENT公式categoryが一致。 collector_status=NO_ITEM_MATCH_IN_FETCHED_OFFICIAL_SOURCES
M044,I021,OFFICIAL_RULE_DERIVED,C-M044-09,布類,S-M044-01,冊子／布類,FALSE,CATEGORY_SUPPORTED,品目の直接記載は必須とせず、既存mappingを支えるCURRENT公式category ruleから判定。 collector_status=NO_ITEM_MATCH_IN_FETCHED_OFFICIAL_SOURCES
M044,I022,UNRESOLVED,,,,,TRUE,UNRESOLVED,直接記載・公式rule由来mapping・一意な一般則categoryのいずれでも決定できない。 collector_status=NO_ITEM_MATCH_IN_FETCHED_OFFICIAL_SOURCES
M044,I023,OFFICIAL_RULE_DERIVED,C-M044-02,不燃ごみ,S-M044-01,冊子／不燃ごみ,FALSE,CATEGORY_SUPPORTED,品目の直接記載は必須とせず、既存mappingを支えるCURRENT公式category ruleから判定。 collector_status=NO_ITEM_MATCH_IN_FETCHED_OFFICIAL_SOURCES
M044,I024,UNRESOLVED,,,,,FALSE,UNRESOLVED,一般則候補categoryが複数(2)のため自動決定しない。 collector_status=NO_ITEM_MATCH_IN_FETCHED_OFFICIAL_SOURCES
M044,I025,UNRESOLVED,,,,,TRUE,UNRESOLVED,直接記載・公式rule由来mapping・一意な一般則categoryのいずれでも決定できない。 collector_status=NO_ITEM_MATCH_IN_FETCHED_OFFICIAL_SOURCES
M044,I026,UNRESOLVED,,,,,TRUE,UNRESOLVED,直接記載・公式rule由来mapping・一意な一般則categoryのいずれでも決定できない。 collector_status=NO_ITEM_MATCH_IN_FETCHED_OFFICIAL_SOURCES
M044,I027,OFFICIAL_RULE_DERIVED,C-M044-10,有害ごみ,S-M044-01,冊子／有害ごみ,TRUE,CATEGORY_SUPPORTED_CONDITION_REVIEW_REQUIRED,品目の直接記載は必須とせず、既存mappingを支えるCURRENT公式category ruleから判定。 collector_status=NO_ITEM_MATCH_IN_FETCHED_OFFICIAL_SOURCES
M044,I028,UNRESOLVED,,,,,TRUE,UNRESOLVED,直接記載・公式rule由来mapping・一意な一般則categoryのいずれでも決定できない。 collector_status=NO_ITEM_MATCH_IN_FETCHED_OFFICIAL_SOURCES
M044,I029,UNRESOLVED,,,,,TRUE,UNRESOLVED,直接記載・公式rule由来mapping・一意な一般則categoryのいずれでも決定できない。 collector_status=NO_ITEM_MATCH_IN_FETCHED_OFFICIAL_SOURCES
M044,I030,OFFICIAL_RULE_DERIVED,C-M044-10,有害ごみ,S-M044-01,冊子／有害ごみ,TRUE,CATEGORY_SUPPORTED_CONDITION_REVIEW_REQUIRED,品目の直接記載は必須とせず、既存mappingを支えるCURRENT公式category ruleから判定。 collector_status=NO_ITEM_MATCH_IN_FETCHED_OFFICIAL_SOURCES
M044,I031,UNRESOLVED,,,,,TRUE,UNRESOLVED,直接記載・公式rule由来mapping・一意な一般則categoryのいずれでも決定できない。 collector_status=NO_ITEM_MATCH_IN_FETCHED_OFFICIAL_SOURCES
M044,I032,UNRESOLVED,,,,,TRUE,UNRESOLVED,直接記載・公式rule由来mapping・一意な一般則categoryのいずれでも決定できない。 collector_status=ONE_INFERRED_CATEGORY_CANDIDATE
M044,I033,UNRESOLVED,,,,,TRUE,UNRESOLVED,直接記載・公式rule由来mapping・一意な一般則categoryのいずれでも決定できない。 collector_status=ONE_INFERRED_CATEGORY_CANDIDATE
M044,I034,UNRESOLVED,,,,,TRUE,UNRESOLVED,直接記載・公式rule由来mapping・一意な一般則categoryのいずれでも決定できない。 collector_status=NO_ITEM_MATCH_IN_FETCHED_OFFICIAL_SOURCES
M044,I035,UNRESOLVED,,,,,TRUE,UNRESOLVED,直接記載・公式rule由来mapping・一意な一般則categoryのいずれでも決定できない。 collector_status=NO_ITEM_MATCH_IN_FETCHED_OFFICIAL_SOURCES
M044,I036,UNRESOLVED,,,,,TRUE,UNRESOLVED,直接記載・公式rule由来mapping・一意な一般則categoryのいずれでも決定できない。 collector_status=NO_ITEM_MATCH_IN_FETCHED_OFFICIAL_SOURCES
M044,I037,UNRESOLVED,,,,,TRUE,UNRESOLVED,既存mappingの全branchをCURRENT公式category ruleで裏付けられないため未解決。 collector_status=NO_ITEM_MATCH_IN_FETCHED_OFFICIAL_SOURCES
M044,I038,UNRESOLVED,,,,,TRUE,UNRESOLVED,直接記載・公式rule由来mapping・一意な一般則categoryのいずれでも決定できない。 collector_status=NO_ITEM_MATCH_IN_FETCHED_OFFICIAL_SOURCES
M044,I039,UNRESOLVED,,,,,TRUE,UNRESOLVED,直接記載・公式rule由来mapping・一意な一般則categoryのいずれでも決定できない。 collector_status=NO_ITEM_MATCH_IN_FETCHED_OFFICIAL_SOURCES
M044,I040,UNRESOLVED,,,,,TRUE,UNRESOLVED,直接記載・公式rule由来mapping・一意な一般則categoryのいずれでも決定できない。 collector_status=NO_ITEM_MATCH_IN_FETCHED_OFFICIAL_SOURCES
M045,I001,DIRECT_ITEM,C-M045-07|C-M045-21,ペットボトル（資源）|ペットボトルキャップ,S-M045-01,text-match:ペットボトル + ペットボトル（資源）|text-match:ペットボトル + ペットボトルキャップ,TRUE,CATEGORY_SUPPORTED_CONDITION_REVIEW_REQUIRED,全既存branchで公式資料中の品目表記とcategoryの直接候補あり。 collector_status=ALL_EXISTING_BRANCHES_HAVE_DIRECT_CANDIDATE
M045,I002,DIRECT_ITEM,C-M045-21,ペットボトルキャップ,S-M045-01,text-match:キャップ + ペットボトルキャップ,TRUE,CATEGORY_SUPPORTED_CONDITION_REVIEW_REQUIRED,全既存branchで公式資料中の品目表記とcategoryの直接候補あり。 collector_status=ALL_EXISTING_BRANCHES_HAVE_DIRECT_CANDIDATE
M045,I003,UNRESOLVED,,,,,TRUE,UNRESOLVED,直接記載・公式rule由来mapping・一意な一般則categoryのいずれでも決定できない。 collector_status=AMBIGUOUS_CATEGORY_CANDIDATES
M045,I004,UNRESOLVED,,,,,FALSE,UNRESOLVED,直接記載・公式rule由来mapping・一意な一般則categoryのいずれでも決定できない。 collector_status=NO_ITEM_MATCH_IN_FETCHED_OFFICIAL_SOURCES
M045,I005,UNRESOLVED,,,,,FALSE,UNRESOLVED,直接記載・公式rule由来mapping・一意な一般則categoryのいずれでも決定できない。 collector_status=NO_ITEM_MATCH_IN_FETCHED_OFFICIAL_SOURCES
M045,I006,OFFICIAL_RULE_DERIVED,C-M045-05,ビン類（資源）,S-M045-01,日南町ごみ分別表／ビン類（資源）,TRUE,CATEGORY_SUPPORTED_CONDITION_REVIEW_REQUIRED,品目の直接記載は必須とせず、既存mappingを支えるCURRENT公式category ruleから判定。 collector_status=NO_ITEM_MATCH_IN_FETCHED_OFFICIAL_SOURCES
M045,I007,UNRESOLVED,,,,,TRUE,UNRESOLVED,直接記載・公式rule由来mapping・一意な一般則categoryのいずれでも決定できない。 collector_status=NO_ITEM_MATCH_IN_FETCHED_OFFICIAL_SOURCES
M045,I008,UNRESOLVED,,,,,TRUE,UNRESOLVED,直接記載・公式rule由来mapping・一意な一般則categoryのいずれでも決定できない。 collector_status=NO_ITEM_MATCH_IN_FETCHED_OFFICIAL_SOURCES
M045,I009,UNRESOLVED,,,,,TRUE,UNRESOLVED,直接記載・公式rule由来mapping・一意な一般則categoryのいずれでも決定できない。 collector_status=NO_ITEM_MATCH_IN_FETCHED_OFFICIAL_SOURCES
M045,I010,OFFICIAL_RULE_DERIVED,C-M045-09,軟質プラスチック（資源）,S-M045-01,日南町ごみ分別表／軟質プラスチック（資源）,TRUE,CATEGORY_SUPPORTED_CONDITION_REVIEW_REQUIRED,品目の直接記載は必須とせず、既存mappingを支えるCURRENT公式category ruleから判定。 collector_status=NO_ITEM_MATCH_IN_FETCHED_OFFICIAL_SOURCES
M045,I011,OFFICIAL_RULE_DERIVED,C-M045-09,軟質プラスチック（資源）,S-M045-01,日南町ごみ分別表／軟質プラスチック（資源）,TRUE,CATEGORY_SUPPORTED_CONDITION_REVIEW_REQUIRED,品目の直接記載は必須とせず、既存mappingを支えるCURRENT公式category ruleから判定。 collector_status=AMBIGUOUS_CATEGORY_CANDIDATES
M045,I012,DIRECT_ITEM,C-M045-08,発泡スチロール（資源）,S-M045-01,text-match:発泡スチロール + 発泡スチロール（資源）,TRUE,CATEGORY_SUPPORTED_CONDITION_REVIEW_REQUIRED,全既存branchで公式資料中の品目表記とcategoryの直接候補あり。 collector_status=ALL_EXISTING_BRANCHES_HAVE_DIRECT_CANDIDATE
M045,I013,DIRECT_ITEM,C-M045-14,新聞,S-M045-01,text-match:新聞 + 新聞,FALSE,CATEGORY_SUPPORTED,全既存branchで公式資料中の品目表記とcategoryの直接候補あり。 collector_status=ALL_EXISTING_BRANCHES_HAVE_DIRECT_CANDIDATE
M045,I014,DIRECT_ITEM,C-M045-15,ダンボール,S-M045-01,text-match:ダンボール + ダンボール,FALSE,CATEGORY_SUPPORTED,全既存branchで公式資料中の品目表記とcategoryの直接候補あり。 collector_status=ALL_EXISTING_BRANCHES_HAVE_DIRECT_CANDIDATE
M045,I015,DIRECT_ITEM,C-M045-16,雑誌,S-M045-01,text-match:雑誌 + 雑誌,FALSE,CATEGORY_SUPPORTED,全既存branchで公式資料中の品目表記とcategoryの直接候補あり。 collector_status=ALL_EXISTING_BRANCHES_HAVE_DIRECT_CANDIDATE
M045,I016,UNRESOLVED,,,,,FALSE,UNRESOLVED,直接記載・公式rule由来mapping・一意な一般則categoryのいずれでも決定できない。 collector_status=NO_ITEM_MATCH_IN_FETCHED_OFFICIAL_SOURCES
M045,I017,UNRESOLVED,,,,,TRUE,UNRESOLVED,直接記載・公式rule由来mapping・一意な一般則categoryのいずれでも決定できない。 collector_status=AMBIGUOUS_CATEGORY_CANDIDATES
M045,I018,DIRECT_ITEM,C-M045-01,可燃,S-M045-01,text-match:生ごみ + 可燃,TRUE,CATEGORY_SUPPORTED_CONDITION_REVIEW_REQUIRED,全既存branchで公式資料中の品目表記とcategoryの直接候補あり。 collector_status=ALL_EXISTING_BRANCHES_HAVE_DIRECT_CANDIDATE
M045,I019,UNRESOLVED,,,,,FALSE,UNRESOLVED,一般則候補categoryが複数(2)のため自動決定しない。 collector_status=AMBIGUOUS_CATEGORY_CANDIDATES
M045,I020,DIRECT_ITEM,C-M045-01,可燃,S-M045-01,text-match:おむつ + 可燃,TRUE,CATEGORY_SUPPORTED_CONDITION_REVIEW_REQUIRED,全既存branchで公式資料中の品目表記とcategoryの直接候補あり。 collector_status=ALL_EXISTING_BRANCHES_HAVE_DIRECT_CANDIDATE
M045,I021,DIRECT_ITEM,C-M045-10,布類（資源）,S-M045-01,text-match:衣類 + 布類（資源）,TRUE,CATEGORY_SUPPORTED_CONDITION_REVIEW_REQUIRED,全既存branchで公式資料中の品目表記とcategoryの直接候補あり。 collector_status=ALL_EXISTING_BRANCHES_HAVE_DIRECT_CANDIDATE
M045,I022,UNRESOLVED,,,,,TRUE,UNRESOLVED,直接記載・公式rule由来mapping・一意な一般則categoryのいずれでも決定できない。 collector_status=NO_ITEM_MATCH_IN_FETCHED_OFFICIAL_SOURCES
M045,I023,DIRECT_ITEM,C-M045-02,不燃,S-M045-01,text-match:陶磁器 + 不燃,TRUE,CATEGORY_SUPPORTED_CONDITION_REVIEW_REQUIRED,全既存branchで公式資料中の品目表記とcategoryの直接候補あり。 collector_status=ALL_EXISTING_BRANCHES_HAVE_DIRECT_CANDIDATE
M045,I024,UNRESOLVED,,,,,FALSE,UNRESOLVED,一般則候補categoryが複数(3)のため自動決定しない。 collector_status=AMBIGUOUS_CATEGORY_CANDIDATES
M045,I025,UNRESOLVED,,,,,TRUE,UNRESOLVED,直接記載・公式rule由来mapping・一意な一般則categoryのいずれでも決定できない。 collector_status=NO_ITEM_MATCH_IN_FETCHED_OFFICIAL_SOURCES
M045,I026,UNRESOLVED,,,,,TRUE,UNRESOLVED,直接記載・公式rule由来mapping・一意な一般則categoryのいずれでも決定できない。 collector_status=AMBIGUOUS_CATEGORY_CANDIDATES
M045,I027,DIRECT_ITEM,C-M045-11,乾電池・ボタン電池,S-M045-01,text-match:乾電池 + 乾電池・ボタン電池,TRUE,CATEGORY_SUPPORTED_CONDITION_REVIEW_REQUIRED,全既存branchで公式資料中の品目表記とcategoryの直接候補あり。 collector_status=ALL_EXISTING_BRANCHES_HAVE_DIRECT_CANDIDATE
M045,I028,DIRECT_ITEM,C-M045-11,乾電池・ボタン電池,S-M045-01,text-match:ボタン電池 + 乾電池・ボタン電池,TRUE,CATEGORY_SUPPORTED_CONDITION_REVIEW_REQUIRED,全既存branchで公式資料中の品目表記とcategoryの直接候補あり。 collector_status=ALL_EXISTING_BRANCHES_HAVE_DIRECT_CANDIDATE
M045,I029,UNRESOLVED,,,,,TRUE,UNRESOLVED,直接記載・公式rule由来mapping・一意な一般則categoryのいずれでも決定できない。 collector_status=NO_ITEM_MATCH_IN_FETCHED_OFFICIAL_SOURCES
M045,I030,DIRECT_ITEM,C-M045-12,蛍光管,S-M045-01,text-match:蛍光管 + 蛍光管,TRUE,CATEGORY_SUPPORTED_CONDITION_REVIEW_REQUIRED,全既存branchで公式資料中の品目表記とcategoryの直接候補あり。 collector_status=ALL_EXISTING_BRANCHES_HAVE_DIRECT_CANDIDATE
M045,I031,UNRESOLVED,,,,,TRUE,UNRESOLVED,直接記載・公式rule由来mapping・一意な一般則categoryのいずれでも決定できない。 collector_status=AMBIGUOUS_CATEGORY_CANDIDATES
M045,I032,UNRESOLVED,,,,,TRUE,UNRESOLVED,直接記載・公式rule由来mapping・一意な一般則categoryのいずれでも決定できない。 collector_status=AMBIGUOUS_CATEGORY_CANDIDATES
M045,I033,UNRESOLVED,,,,,TRUE,UNRESOLVED,直接記載・公式rule由来mapping・一意な一般則categoryのいずれでも決定できない。 collector_status=AMBIGUOUS_CATEGORY_CANDIDATES
M045,I034,DIRECT_ITEM,C-M045-19,小型家電（資源）,S-M045-01,text-match:小型家電 + 小型家電（資源）,TRUE,CATEGORY_SUPPORTED_CONDITION_REVIEW_REQUIRED,全既存branchで公式資料中の品目表記とcategoryの直接候補あり。 collector_status=ALL_EXISTING_BRANCHES_HAVE_DIRECT_CANDIDATE
M045,I035,UNRESOLVED,,,,,TRUE,UNRESOLVED,直接記載・公式rule由来mapping・一意な一般則categoryのいずれでも決定できない。 collector_status=NO_ITEM_MATCH_IN_FETCHED_OFFICIAL_SOURCES
M045,I036,UNRESOLVED,,,,,TRUE,UNRESOLVED,直接記載・公式rule由来mapping・一意な一般則categoryのいずれでも決定できない。 collector_status=NO_ITEM_MATCH_IN_FETCHED_OFFICIAL_SOURCES
M045,I037,DIRECT_ITEM,C-M045-26,家電4品目,S-M045-01,text-match:家電4品目 + 家電4品目,TRUE,CATEGORY_SUPPORTED_CONDITION_REVIEW_REQUIRED,全既存branchで公式資料中の品目表記とcategoryの直接候補あり。 collector_status=ALL_EXISTING_BRANCHES_HAVE_DIRECT_CANDIDATE
M045,I038,UNRESOLVED,,,,,TRUE,UNRESOLVED,直接記載・公式rule由来mapping・一意な一般則categoryのいずれでも決定できない。 collector_status=AMBIGUOUS_CATEGORY_CANDIDATES
M045,I039,UNRESOLVED,,,,,TRUE,UNRESOLVED,直接記載・公式rule由来mapping・一意な一般則categoryのいずれでも決定できない。 collector_status=NO_ITEM_MATCH_IN_FETCHED_OFFICIAL_SOURCES
M045,I040,UNRESOLVED,,,,,TRUE,UNRESOLVED,直接記載・公式rule由来mapping・一意な一般則categoryのいずれでも決定できない。 collector_status=NO_ITEM_MATCH_IN_FETCHED_OFFICIAL_SOURCES
M046,I001,DIRECT_ITEM,C-M046-06,ペットボトル,S-M046-01,text-match:ペットボトル + ペットボトル,FALSE,CATEGORY_SUPPORTED,全既存branchで公式資料中の品目表記とcategoryの直接候補あり。 collector_status=ALL_EXISTING_BRANCHES_HAVE_DIRECT_CANDIDATE
M046,I002,UNRESOLVED,,,,,TRUE,UNRESOLVED,直接記載・公式rule由来mapping・一意な一般則categoryのいずれでも決定できない。 collector_status=AMBIGUOUS_CATEGORY_CANDIDATES
M046,I003,UNRESOLVED,,,,,TRUE,UNRESOLVED,直接記載・公式rule由来mapping・一意な一般則categoryのいずれでも決定できない。 collector_status=AMBIGUOUS_CATEGORY_CANDIDATES
M046,I004,UNRESOLVED,,,,,FALSE,UNRESOLVED,直接記載・公式rule由来mapping・一意な一般則categoryのいずれでも決定できない。 collector_status=NO_ITEM_MATCH_IN_FETCHED_OFFICIAL_SOURCES
M046,I005,UNRESOLVED,,,,,FALSE,UNRESOLVED,直接記載・公式rule由来mapping・一意な一般則categoryのいずれでも決定できない。 collector_status=NO_ITEM_MATCH_IN_FETCHED_OFFICIAL_SOURCES
M046,I006,UNRESOLVED,,,,,TRUE,UNRESOLVED,直接記載・公式rule由来mapping・一意な一般則categoryのいずれでも決定できない。 collector_status=NO_ITEM_MATCH_IN_FETCHED_OFFICIAL_SOURCES
M046,I007,UNRESOLVED,,,,,TRUE,UNRESOLVED,直接記載・公式rule由来mapping・一意な一般則categoryのいずれでも決定できない。 collector_status=NO_ITEM_MATCH_IN_FETCHED_OFFICIAL_SOURCES
M046,I008,UNRESOLVED,,,,,TRUE,UNRESOLVED,直接記載・公式rule由来mapping・一意な一般則categoryのいずれでも決定できない。 collector_status=NO_ITEM_MATCH_IN_FETCHED_OFFICIAL_SOURCES
M046,I009,UNRESOLVED,,,,,TRUE,UNRESOLVED,直接記載・公式rule由来mapping・一意な一般則categoryのいずれでも決定できない。 collector_status=NO_ITEM_MATCH_IN_FETCHED_OFFICIAL_SOURCES
M046,I010,UNRESOLVED,,,,,TRUE,UNRESOLVED,直接記載・公式rule由来mapping・一意な一般則categoryのいずれでも決定できない。 collector_status=AMBIGUOUS_CATEGORY_CANDIDATES
M046,I011,UNRESOLVED,,,,,TRUE,UNRESOLVED,直接記載・公式rule由来mapping・一意な一般則categoryのいずれでも決定できない。 collector_status=AMBIGUOUS_CATEGORY_CANDIDATES
M046,I012,UNRESOLVED,,,,,TRUE,UNRESOLVED,直接記載・公式rule由来mapping・一意な一般則categoryのいずれでも決定できない。 collector_status=AMBIGUOUS_CATEGORY_CANDIDATES
M046,I013,UNRESOLVED,,,,,FALSE,UNRESOLVED,直接記載・公式rule由来mapping・一意な一般則categoryのいずれでも決定できない。 collector_status=AMBIGUOUS_CATEGORY_CANDIDATES
M046,I014,UNRESOLVED,,,,,FALSE,UNRESOLVED,直接記載・公式rule由来mapping・一意な一般則categoryのいずれでも決定できない。 collector_status=AMBIGUOUS_CATEGORY_CANDIDATES
M046,I015,UNRESOLVED,,,,,FALSE,UNRESOLVED,直接記載・公式rule由来mapping・一意な一般則categoryのいずれでも決定できない。 collector_status=AMBIGUOUS_CATEGORY_CANDIDATES
M046,I016,UNRESOLVED,,,,,FALSE,UNRESOLVED,直接記載・公式rule由来mapping・一意な一般則categoryのいずれでも決定できない。 collector_status=NO_ITEM_MATCH_IN_FETCHED_OFFICIAL_SOURCES
M046,I017,UNRESOLVED,,,,,TRUE,UNRESOLVED,直接記載・公式rule由来mapping・一意な一般則categoryのいずれでも決定できない。 collector_status=AMBIGUOUS_CATEGORY_CANDIDATES
M046,I018,DIRECT_ITEM,C-M046-01,可燃,S-M046-01,text-match:生ごみ + 可燃,TRUE,CATEGORY_SUPPORTED_CONDITION_REVIEW_REQUIRED,全既存branchで公式資料中の品目表記とcategoryの直接候補あり。 collector_status=ALL_EXISTING_BRANCHES_HAVE_DIRECT_CANDIDATE
M046,I019,UNRESOLVED,,,,,FALSE,UNRESOLVED,一般則候補categoryが複数(2)のため自動決定しない。 collector_status=NO_ITEM_MATCH_IN_FETCHED_OFFICIAL_SOURCES
M046,I020,UNRESOLVED,,,,,FALSE,UNRESOLVED,一般則候補categoryが複数(2)のため自動決定しない。 collector_status=NO_ITEM_MATCH_IN_FETCHED_OFFICIAL_SOURCES
M046,I021,DIRECT_ITEM,C-M046-07,布畳,S-M046-01,text-match:衣類 + 布畳,FALSE,CATEGORY_SUPPORTED,全既存branchで公式資料中の品目表記とcategoryの直接候補あり。 collector_status=ALL_EXISTING_BRANCHES_HAVE_DIRECT_CANDIDATE
M046,I022,UNRESOLVED,,,,,TRUE,UNRESOLVED,直接記載・公式rule由来mapping・一意な一般則categoryのいずれでも決定できない。 collector_status=NO_ITEM_MATCH_IN_FETCHED_OFFICIAL_SOURCES
M046,I023,DIRECT_ITEM,C-M046-02,不燃,S-M046-01,text-match:陶磁器 + 不燃,FALSE,CATEGORY_SUPPORTED,全既存branchで公式資料中の品目表記とcategoryの直接候補あり。 collector_status=ALL_EXISTING_BRANCHES_HAVE_DIRECT_CANDIDATE
M046,I024,UNRESOLVED,,,,,FALSE,UNRESOLVED,一般則候補categoryが複数(2)のため自動決定しない。 collector_status=NO_ITEM_MATCH_IN_FETCHED_OFFICIAL_SOURCES
M046,I025,UNRESOLVED,,,,,TRUE,UNRESOLVED,直接記載・公式rule由来mapping・一意な一般則categoryのいずれでも決定できない。 collector_status=NO_ITEM_MATCH_IN_FETCHED_OFFICIAL_SOURCES
M046,I026,UNRESOLVED,,,,,TRUE,UNRESOLVED,直接記載・公式rule由来mapping・一意な一般則categoryのいずれでも決定できない。 collector_status=NO_ITEM_MATCH_IN_FETCHED_OFFICIAL_SOURCES
M046,I027,UNRESOLVED,,,,,TRUE,UNRESOLVED,直接記載・公式rule由来mapping・一意な一般則categoryのいずれでも決定できない。 collector_status=AMBIGUOUS_CATEGORY_CANDIDATES
M046,I028,UNRESOLVED,,,,,TRUE,UNRESOLVED,直接記載・公式rule由来mapping・一意な一般則categoryのいずれでも決定できない。 collector_status=AMBIGUOUS_CATEGORY_CANDIDATES
M046,I029,DIRECT_ITEM,C-M046-13,充電式小型家電,S-M046-01,text-match:モバイルバッテリー + 充電式小型家電,TRUE,CATEGORY_SUPPORTED_CONDITION_REVIEW_REQUIRED,全既存branchで公式資料中の品目表記とcategoryの直接候補あり。 collector_status=ALL_EXISTING_BRANCHES_HAVE_DIRECT_CANDIDATE
M046,I030,DIRECT_ITEM,C-M046-09,蛍光管,S-M046-01,text-match:蛍光管 + 蛍光管,TRUE,CATEGORY_SUPPORTED_CONDITION_REVIEW_REQUIRED,全既存branchで公式資料中の品目表記とcategoryの直接候補あり。 collector_status=ALL_EXISTING_BRANCHES_HAVE_DIRECT_CANDIDATE
M046,I031,UNRESOLVED,,,,,TRUE,UNRESOLVED,直接記載・公式rule由来mapping・一意な一般則categoryのいずれでも決定できない。 collector_status=AMBIGUOUS_CATEGORY_CANDIDATES
M046,I032,UNRESOLVED,,,,,TRUE,UNRESOLVED,直接記載・公式rule由来mapping・一意な一般則categoryのいずれでも決定できない。 collector_status=NO_ITEM_MATCH_IN_FETCHED_OFFICIAL_SOURCES
M046,I033,UNRESOLVED,,,,,TRUE,UNRESOLVED,直接記載・公式rule由来mapping・一意な一般則categoryのいずれでも決定できない。 collector_status=NO_ITEM_MATCH_IN_FETCHED_OFFICIAL_SOURCES
M046,I034,DIRECT_ITEM,C-M046-13,充電式小型家電,S-M046-01,text-match:小型家電 + 充電式小型家電,TRUE,CATEGORY_SUPPORTED_CONDITION_REVIEW_REQUIRED,全既存branchで公式資料中の品目表記とcategoryの直接候補あり。 collector_status=ALL_EXISTING_BRANCHES_HAVE_DIRECT_CANDIDATE
M046,I035,UNRESOLVED,,,,,TRUE,UNRESOLVED,直接記載・公式rule由来mapping・一意な一般則categoryのいずれでも決定できない。 collector_status=AMBIGUOUS_CATEGORY_CANDIDATES
M046,I036,UNRESOLVED,,,,,TRUE,UNRESOLVED,直接記載・公式rule由来mapping・一意な一般則categoryのいずれでも決定できない。 collector_status=AMBIGUOUS_CATEGORY_CANDIDATES
M046,I037,UNRESOLVED,,,,,TRUE,UNRESOLVED,直接記載・公式rule由来mapping・一意な一般則categoryのいずれでも決定できない。 collector_status=NO_ITEM_MATCH_IN_FETCHED_OFFICIAL_SOURCES
M046,I038,UNRESOLVED,,,,,TRUE,UNRESOLVED,直接記載・公式rule由来mapping・一意な一般則categoryのいずれでも決定できない。 collector_status=AMBIGUOUS_CATEGORY_CANDIDATES
M046,I039,UNRESOLVED,,,,,TRUE,UNRESOLVED,直接記載・公式rule由来mapping・一意な一般則categoryのいずれでも決定できない。 collector_status=NO_ITEM_MATCH_IN_FETCHED_OFFICIAL_SOURCES
M046,I040,UNRESOLVED,,,,,TRUE,UNRESOLVED,直接記載・公式rule由来mapping・一意な一般則categoryのいずれでも決定できない。 collector_status=NO_ITEM_MATCH_IN_FETCHED_OFFICIAL_SOURCES
M047,I001,DIRECT_ITEM,C-M047-06,ペットボトル,S-M047-01,text-match:ペットボトル + ペットボトル,FALSE,CATEGORY_SUPPORTED,全既存branchで公式資料中の品目表記とcategoryの直接候補あり。 collector_status=ALL_EXISTING_BRANCHES_HAVE_DIRECT_CANDIDATE
M047,I002,UNRESOLVED,,,,,TRUE,UNRESOLVED,直接記載・公式rule由来mapping・一意な一般則categoryのいずれでも決定できない。 collector_status=NO_ITEM_MATCH_IN_FETCHED_OFFICIAL_SOURCES
M047,I003,UNRESOLVED,,,,,TRUE,UNRESOLVED,直接記載・公式rule由来mapping・一意な一般則categoryのいずれでも決定できない。 collector_status=NO_ITEM_MATCH_IN_FETCHED_OFFICIAL_SOURCES
M047,I004,UNRESOLVED,,,,,FALSE,UNRESOLVED,直接記載・公式rule由来mapping・一意な一般則categoryのいずれでも決定できない。 collector_status=NO_ITEM_MATCH_IN_FETCHED_OFFICIAL_SOURCES
M047,I005,UNRESOLVED,,,,,FALSE,UNRESOLVED,直接記載・公式rule由来mapping・一意な一般則categoryのいずれでも決定できない。 collector_status=NO_ITEM_MATCH_IN_FETCHED_OFFICIAL_SOURCES
M047,I006,UNRESOLVED,,,,,TRUE,UNRESOLVED,直接記載・公式rule由来mapping・一意な一般則categoryのいずれでも決定できない。 collector_status=NO_ITEM_MATCH_IN_FETCHED_OFFICIAL_SOURCES
M047,I007,UNRESOLVED,,,,,TRUE,UNRESOLVED,直接記載・公式rule由来mapping・一意な一般則categoryのいずれでも決定できない。 collector_status=NO_ITEM_MATCH_IN_FETCHED_OFFICIAL_SOURCES
M047,I008,UNRESOLVED,,,,,TRUE,UNRESOLVED,直接記載・公式rule由来mapping・一意な一般則categoryのいずれでも決定できない。 collector_status=NO_ITEM_MATCH_IN_FETCHED_OFFICIAL_SOURCES
M047,I009,UNRESOLVED,,,,,TRUE,UNRESOLVED,直接記載・公式rule由来mapping・一意な一般則categoryのいずれでも決定できない。 collector_status=NO_ITEM_MATCH_IN_FETCHED_OFFICIAL_SOURCES
M047,I010,UNRESOLVED,,,,,TRUE,UNRESOLVED,直接記載・公式rule由来mapping・一意な一般則categoryのいずれでも決定できない。 collector_status=NO_ITEM_MATCH_IN_FETCHED_OFFICIAL_SOURCES
M047,I011,UNRESOLVED,,,,,TRUE,UNRESOLVED,直接記載・公式rule由来mapping・一意な一般則categoryのいずれでも決定できない。 collector_status=NO_ITEM_MATCH_IN_FETCHED_OFFICIAL_SOURCES
M047,I012,UNRESOLVED,,,,,TRUE,UNRESOLVED,直接記載・公式rule由来mapping・一意な一般則categoryのいずれでも決定できない。 collector_status=AMBIGUOUS_CATEGORY_CANDIDATES
M047,I013,DIRECT_ITEM,C-M047-11,新聞・チラシ,S-M047-01,text-match:新聞 + 新聞・チラシ,FALSE,CATEGORY_SUPPORTED,全既存branchで公式資料中の品目表記とcategoryの直接候補あり。 collector_status=ALL_EXISTING_BRANCHES_HAVE_DIRECT_CANDIDATE
M047,I014,DIRECT_ITEM,C-M047-09,ダンボール,S-M047-01,text-match:ダンボール + ダンボール,FALSE,CATEGORY_SUPPORTED,全既存branchで公式資料中の品目表記とcategoryの直接候補あり。 collector_status=ALL_EXISTING_BRANCHES_HAVE_DIRECT_CANDIDATE
M047,I015,DIRECT_ITEM,C-M047-12,本・雑誌,S-M047-01,text-match:雑誌 + 本・雑誌,FALSE,CATEGORY_SUPPORTED,全既存branchで公式資料中の品目表記とcategoryの直接候補あり。 collector_status=ALL_EXISTING_BRANCHES_HAVE_DIRECT_CANDIDATE
M047,I016,UNRESOLVED,,,,,FALSE,UNRESOLVED,直接記載・公式rule由来mapping・一意な一般則categoryのいずれでも決定できない。 collector_status=NO_ITEM_MATCH_IN_FETCHED_OFFICIAL_SOURCES
M047,I017,DIRECT_ITEM,C-M047-08,紙パック,S-M047-01,text-match:紙パック + 紙パック,TRUE,CATEGORY_SUPPORTED_CONDITION_REVIEW_REQUIRED,全既存branchで公式資料中の品目表記とcategoryの直接候補あり。 collector_status=ALL_EXISTING_BRANCHES_HAVE_DIRECT_CANDIDATE
M047,I018,UNRESOLVED,,,,,FALSE,UNRESOLVED,直接記載・公式rule由来mapping・一意な一般則categoryのいずれでも決定できない。 collector_status=NO_ITEM_MATCH_IN_FETCHED_OFFICIAL_SOURCES
M047,I019,UNRESOLVED,,,,,FALSE,UNRESOLVED,一般則候補categoryが複数(2)のため自動決定しない。 collector_status=NO_ITEM_MATCH_IN_FETCHED_OFFICIAL_SOURCES
M047,I020,UNRESOLVED,,,,,FALSE,UNRESOLVED,一般則候補categoryが複数(2)のため自動決定しない。 collector_status=NO_ITEM_MATCH_IN_FETCHED_OFFICIAL_SOURCES
M047,I021,DIRECT_ITEM,C-M047-15,布類,S-M047-01,text-match:衣類 + 布類,FALSE,CATEGORY_SUPPORTED,全既存branchで公式資料中の品目表記とcategoryの直接候補あり。 collector_status=ALL_EXISTING_BRANCHES_HAVE_DIRECT_CANDIDATE
M047,I022,UNRESOLVED,,,,,TRUE,UNRESOLVED,直接記載・公式rule由来mapping・一意な一般則categoryのいずれでも決定できない。 collector_status=NO_ITEM_MATCH_IN_FETCHED_OFFICIAL_SOURCES
M047,I023,OFFICIAL_RULE_DERIVED,C-M047-03,不燃ごみ,S-M047-01,家庭ごみ分別表／不燃ごみ,FALSE,CATEGORY_SUPPORTED,品目の直接記載は必須とせず、既存mappingを支えるCURRENT公式category ruleから判定。 collector_status=NO_ITEM_MATCH_IN_FETCHED_OFFICIAL_SOURCES
M047,I024,UNRESOLVED,,,,,FALSE,UNRESOLVED,一般則候補categoryが複数(2)のため自動決定しない。 collector_status=NO_ITEM_MATCH_IN_FETCHED_OFFICIAL_SOURCES
M047,I025,UNRESOLVED,,,,,TRUE,UNRESOLVED,直接記載・公式rule由来mapping・一意な一般則categoryのいずれでも決定できない。 collector_status=NO_ITEM_MATCH_IN_FETCHED_OFFICIAL_SOURCES
M047,I026,UNRESOLVED,,,,,TRUE,UNRESOLVED,直接記載・公式rule由来mapping・一意な一般則categoryのいずれでも決定できない。 collector_status=NO_ITEM_MATCH_IN_FETCHED_OFFICIAL_SOURCES
M047,I027,DIRECT_ITEM,C-M047-16,乾電池,S-M047-01,text-match:乾電池 + 乾電池,TRUE,CATEGORY_SUPPORTED_CONDITION_REVIEW_REQUIRED,全既存branchで公式資料中の品目表記とcategoryの直接候補あり。 collector_status=ALL_EXISTING_BRANCHES_HAVE_DIRECT_CANDIDATE
M047,I028,UNRESOLVED,,,,,TRUE,UNRESOLVED,直接記載・公式rule由来mapping・一意な一般則categoryのいずれでも決定できない。 collector_status=NO_ITEM_MATCH_IN_FETCHED_OFFICIAL_SOURCES
M047,I029,UNRESOLVED,,,,,TRUE,UNRESOLVED,直接記載・公式rule由来mapping・一意な一般則categoryのいずれでも決定できない。 collector_status=NO_ITEM_MATCH_IN_FETCHED_OFFICIAL_SOURCES
M047,I030,DIRECT_ITEM,C-M047-18,蛍光管・水銀体温計,S-M047-01,text-match:蛍光管 + 蛍光管・水銀体温計,TRUE,CATEGORY_SUPPORTED_CONDITION_REVIEW_REQUIRED,全既存branchで公式資料中の品目表記とcategoryの直接候補あり。 collector_status=ALL_EXISTING_BRANCHES_HAVE_DIRECT_CANDIDATE
M047,I031,UNRESOLVED,,,,,TRUE,UNRESOLVED,直接記載・公式rule由来mapping・一意な一般則categoryのいずれでも決定できない。 collector_status=NO_ITEM_MATCH_IN_FETCHED_OFFICIAL_SOURCES
M047,I032,UNRESOLVED,,,,,TRUE,UNRESOLVED,直接記載・公式rule由来mapping・一意な一般則categoryのいずれでも決定できない。 collector_status=AMBIGUOUS_CATEGORY_CANDIDATES
M047,I033,UNRESOLVED,,,,,TRUE,UNRESOLVED,直接記載・公式rule由来mapping・一意な一般則categoryのいずれでも決定できない。 collector_status=NO_ITEM_MATCH_IN_FETCHED_OFFICIAL_SOURCES
M047,I034,OFFICIAL_RULE_DERIVED,C-M047-03|C-M047-19,不燃ごみ|小型家電等,S-M047-01,家庭ごみ分別表／不燃ごみ|家庭ごみ分別表／小型家電等,TRUE,CATEGORY_SUPPORTED_CONDITION_REVIEW_REQUIRED,品目の直接記載は必須とせず、既存mappingを支えるCURRENT公式category ruleから判定。 collector_status=PARTIAL_EXISTING_BRANCH_EVIDENCE
M047,I035,UNRESOLVED,,,,,TRUE,UNRESOLVED,直接記載・公式rule由来mapping・一意な一般則categoryのいずれでも決定できない。 collector_status=NO_ITEM_MATCH_IN_FETCHED_OFFICIAL_SOURCES
M047,I036,DIRECT_ITEM,C-M047-15,布類,S-M047-01,text-match:布団 + 布類,TRUE,CATEGORY_SUPPORTED_CONDITION_REVIEW_REQUIRED,全既存branchで公式資料中の品目表記とcategoryの直接候補あり。 collector_status=ALL_EXISTING_BRANCHES_HAVE_DIRECT_CANDIDATE
M047,I037,OFFICIAL_RULE_DERIVED,C-M047-07,家電リサイクル品,S-M047-01,家庭ごみ分別表／家電リサイクル品,TRUE,CATEGORY_SUPPORTED_CONDITION_REVIEW_REQUIRED,品目の直接記載は必須とせず、既存mappingを支えるCURRENT公式category ruleから判定。 collector_status=NO_ITEM_MATCH_IN_FETCHED_OFFICIAL_SOURCES
M047,I038,UNRESOLVED,,,,,TRUE,UNRESOLVED,直接記載・公式rule由来mapping・一意な一般則categoryのいずれでも決定できない。 collector_status=AMBIGUOUS_CATEGORY_CANDIDATES
M047,I039,UNRESOLVED,,,,,TRUE,UNRESOLVED,直接記載・公式rule由来mapping・一意な一般則categoryのいずれでも決定できない。 collector_status=NO_ITEM_MATCH_IN_FETCHED_OFFICIAL_SOURCES
M047,I040,UNRESOLVED,,,,,TRUE,UNRESOLVED,直接記載・公式rule由来mapping・一意な一般則categoryのいずれでも決定できない。 collector_status=NO_ITEM_MATCH_IN_FETCHED_OFFICIAL_SOURCES
M048,I001,OFFICIAL_RULE_DERIVED,C-M048-06,缶・びん・ペットボトル,S-M048-01,家庭から出るごみ／資源／缶・びん・ペットボトル,FALSE,CATEGORY_SUPPORTED,品目の直接記載は必須とせず、既存mappingを支えるCURRENT公式category ruleから判定。 collector_status=NO_ITEM_MATCH_IN_FETCHED_OFFICIAL_SOURCES
M048,I002,UNRESOLVED,,,,,TRUE,UNRESOLVED,直接記載・公式rule由来mapping・一意な一般則categoryのいずれでも決定できない。 collector_status=NO_ITEM_MATCH_IN_FETCHED_OFFICIAL_SOURCES
M048,I003,UNRESOLVED,,,,,TRUE,UNRESOLVED,直接記載・公式rule由来mapping・一意な一般則categoryのいずれでも決定できない。 collector_status=NO_ITEM_MATCH_IN_FETCHED_OFFICIAL_SOURCES
M048,I004,UNRESOLVED,,,,,FALSE,UNRESOLVED,直接記載・公式rule由来mapping・一意な一般則categoryのいずれでも決定できない。 collector_status=NO_ITEM_MATCH_IN_FETCHED_OFFICIAL_SOURCES
M048,I005,UNRESOLVED,,,,,FALSE,UNRESOLVED,直接記載・公式rule由来mapping・一意な一般則categoryのいずれでも決定できない。 collector_status=NO_ITEM_MATCH_IN_FETCHED_OFFICIAL_SOURCES
M048,I006,OFFICIAL_RULE_DERIVED,C-M048-06,缶・びん・ペットボトル,S-M048-01,家庭から出るごみ／資源／缶・びん・ペットボトル,TRUE,CATEGORY_SUPPORTED_CONDITION_REVIEW_REQUIRED,品目の直接記載は必須とせず、既存mappingを支えるCURRENT公式category ruleから判定。 collector_status=NO_ITEM_MATCH_IN_FETCHED_OFFICIAL_SOURCES
M048,I007,UNRESOLVED,,,,,TRUE,UNRESOLVED,直接記載・公式rule由来mapping・一意な一般則categoryのいずれでも決定できない。 collector_status=NO_ITEM_MATCH_IN_FETCHED_OFFICIAL_SOURCES
M048,I008,UNRESOLVED,,,,,TRUE,UNRESOLVED,直接記載・公式rule由来mapping・一意な一般則categoryのいずれでも決定できない。 collector_status=NO_ITEM_MATCH_IN_FETCHED_OFFICIAL_SOURCES
M048,I009,GENERAL_RULE_DERIVED,C-M048-05,プラスチック製容器包装,S-M048-01,家庭から出るごみ／資源／プラスチック製容器包装,TRUE,CATEGORY_SUPPORTED_CONDITION_REVIEW_REQUIRED,個別記載・既存mappingなし。一般的な材質/用途ルールと一意のCURRENT公式categoryが一致。 collector_status=NO_ITEM_MATCH_IN_FETCHED_OFFICIAL_SOURCES
M048,I010,GENERAL_RULE_DERIVED,C-M048-05,プラスチック製容器包装,S-M048-01,家庭から出るごみ／資源／プラスチック製容器包装,TRUE,CATEGORY_SUPPORTED_CONDITION_REVIEW_REQUIRED,個別記載・既存mappingなし。一般的な材質/用途ルールと一意のCURRENT公式categoryが一致。 collector_status=NO_ITEM_MATCH_IN_FETCHED_OFFICIAL_SOURCES
M048,I011,GENERAL_RULE_DERIVED,C-M048-05,プラスチック製容器包装,S-M048-01,家庭から出るごみ／資源／プラスチック製容器包装,TRUE,CATEGORY_SUPPORTED_CONDITION_REVIEW_REQUIRED,個別記載・既存mappingなし。一般的な材質/用途ルールと一意のCURRENT公式categoryが一致。 collector_status=NO_ITEM_MATCH_IN_FETCHED_OFFICIAL_SOURCES
M048,I012,GENERAL_RULE_DERIVED,C-M048-05,プラスチック製容器包装,S-M048-01,家庭から出るごみ／資源／プラスチック製容器包装,TRUE,CATEGORY_SUPPORTED_CONDITION_REVIEW_REQUIRED,個別記載・既存mappingなし。一般的な材質/用途ルールと一意のCURRENT公式categoryが一致。 collector_status=NO_ITEM_MATCH_IN_FETCHED_OFFICIAL_SOURCES
M048,I013,UNRESOLVED,,,,,FALSE,UNRESOLVED,直接記載・公式rule由来mapping・一意な一般則categoryのいずれでも決定できない。 collector_status=NO_ITEM_MATCH_IN_FETCHED_OFFICIAL_SOURCES
M048,I014,UNRESOLVED,,,,,FALSE,UNRESOLVED,直接記載・公式rule由来mapping・一意な一般則categoryのいずれでも決定できない。 collector_status=NO_ITEM_MATCH_IN_FETCHED_OFFICIAL_SOURCES
M048,I015,UNRESOLVED,,,,,FALSE,UNRESOLVED,直接記載・公式rule由来mapping・一意な一般則categoryのいずれでも決定できない。 collector_status=NO_ITEM_MATCH_IN_FETCHED_OFFICIAL_SOURCES
M048,I016,UNRESOLVED,,,,,FALSE,UNRESOLVED,直接記載・公式rule由来mapping・一意な一般則categoryのいずれでも決定できない。 collector_status=NO_ITEM_MATCH_IN_FETCHED_OFFICIAL_SOURCES
M048,I017,UNRESOLVED,,,,,TRUE,UNRESOLVED,直接記載・公式rule由来mapping・一意な一般則categoryのいずれでも決定できない。 collector_status=NO_ITEM_MATCH_IN_FETCHED_OFFICIAL_SOURCES
M048,I018,OFFICIAL_RULE_DERIVED,C-M048-01,もやせるごみ,S-M048-01,家庭から出るごみ／もやせるごみ,TRUE,CATEGORY_SUPPORTED_CONDITION_REVIEW_REQUIRED,品目の直接記載は必須とせず、既存mappingを支えるCURRENT公式category ruleから判定。 collector_status=NO_ITEM_MATCH_IN_FETCHED_OFFICIAL_SOURCES
M048,I019,UNRESOLVED,,,,,FALSE,UNRESOLVED,直接記載・公式rule由来mapping・一意な一般則categoryのいずれでも決定できない。 collector_status=NO_ITEM_MATCH_IN_FETCHED_OFFICIAL_SOURCES
M048,I020,UNRESOLVED,,,,,FALSE,UNRESOLVED,直接記載・公式rule由来mapping・一意な一般則categoryのいずれでも決定できない。 collector_status=NO_ITEM_MATCH_IN_FETCHED_OFFICIAL_SOURCES
M048,I021,OFFICIAL_RULE_DERIVED,C-M048-03,古紙・古着,S-M048-01,家庭から出るごみ／資源／古紙・古着,FALSE,CATEGORY_SUPPORTED,品目の直接記載は必須とせず、既存mappingを支えるCURRENT公式category ruleから判定。 collector_status=NO_ITEM_MATCH_IN_FETCHED_OFFICIAL_SOURCES
M048,I022,UNRESOLVED,,,,,TRUE,UNRESOLVED,直接記載・公式rule由来mapping・一意な一般則categoryのいずれでも決定できない。 collector_status=NO_ITEM_MATCH_IN_FETCHED_OFFICIAL_SOURCES
M048,I023,UNRESOLVED,,,,,FALSE,UNRESOLVED,直接記載・公式rule由来mapping・一意な一般則categoryのいずれでも決定できない。 collector_status=NO_ITEM_MATCH_IN_FETCHED_OFFICIAL_SOURCES
M048,I024,UNRESOLVED,,,,,FALSE,UNRESOLVED,直接記載・公式rule由来mapping・一意な一般則categoryのいずれでも決定できない。 collector_status=NO_ITEM_MATCH_IN_FETCHED_OFFICIAL_SOURCES
M048,I025,UNRESOLVED,,,,,TRUE,UNRESOLVED,直接記載・公式rule由来mapping・一意な一般則categoryのいずれでも決定できない。 collector_status=NO_ITEM_MATCH_IN_FETCHED_OFFICIAL_SOURCES
M048,I026,UNRESOLVED,,,,,TRUE,UNRESOLVED,直接記載・公式rule由来mapping・一意な一般則categoryのいずれでも決定できない。 collector_status=NO_ITEM_MATCH_IN_FETCHED_OFFICIAL_SOURCES
M048,I027,UNRESOLVED,,,,,TRUE,UNRESOLVED,直接記載・公式rule由来mapping・一意な一般則categoryのいずれでも決定できない。 collector_status=NO_ITEM_MATCH_IN_FETCHED_OFFICIAL_SOURCES
M048,I028,UNRESOLVED,,,,,TRUE,UNRESOLVED,直接記載・公式rule由来mapping・一意な一般則categoryのいずれでも決定できない。 collector_status=NO_ITEM_MATCH_IN_FETCHED_OFFICIAL_SOURCES
M048,I029,UNRESOLVED,,,,,TRUE,UNRESOLVED,直接記載・公式rule由来mapping・一意な一般則categoryのいずれでも決定できない。 collector_status=NO_ITEM_MATCH_IN_FETCHED_OFFICIAL_SOURCES
M048,I030,UNRESOLVED,,,,,TRUE,UNRESOLVED,直接記載・公式rule由来mapping・一意な一般則categoryのいずれでも決定できない。 collector_status=NO_ITEM_MATCH_IN_FETCHED_OFFICIAL_SOURCES
M048,I031,UNRESOLVED,,,,,TRUE,UNRESOLVED,直接記載・公式rule由来mapping・一意な一般則categoryのいずれでも決定できない。 collector_status=NO_ITEM_MATCH_IN_FETCHED_OFFICIAL_SOURCES
M048,I032,UNRESOLVED,,,,,TRUE,UNRESOLVED,直接記載・公式rule由来mapping・一意な一般則categoryのいずれでも決定できない。 collector_status=NO_ITEM_MATCH_IN_FETCHED_OFFICIAL_SOURCES
M048,I033,UNRESOLVED,,,,,TRUE,UNRESOLVED,直接記載・公式rule由来mapping・一意な一般則categoryのいずれでも決定できない。 collector_status=NO_ITEM_MATCH_IN_FETCHED_OFFICIAL_SOURCES
M048,I034,UNRESOLVED,,,,,TRUE,UNRESOLVED,直接記載・公式rule由来mapping・一意な一般則categoryのいずれでも決定できない。 collector_status=NO_ITEM_MATCH_IN_FETCHED_OFFICIAL_SOURCES
M048,I035,UNRESOLVED,,,,,TRUE,UNRESOLVED,直接記載・公式rule由来mapping・一意な一般則categoryのいずれでも決定できない。 collector_status=NO_ITEM_MATCH_IN_FETCHED_OFFICIAL_SOURCES
M048,I036,UNRESOLVED,,,,,TRUE,UNRESOLVED,直接記載・公式rule由来mapping・一意な一般則categoryのいずれでも決定できない。 collector_status=NO_ITEM_MATCH_IN_FETCHED_OFFICIAL_SOURCES
M048,I037,UNRESOLVED,,,,,TRUE,UNRESOLVED,直接記載・公式rule由来mapping・一意な一般則categoryのいずれでも決定できない。 collector_status=NO_ITEM_MATCH_IN_FETCHED_OFFICIAL_SOURCES
M048,I038,UNRESOLVED,,,,,TRUE,UNRESOLVED,直接記載・公式rule由来mapping・一意な一般則categoryのいずれでも決定できない。 collector_status=NO_ITEM_MATCH_IN_FETCHED_OFFICIAL_SOURCES
M048,I039,UNRESOLVED,,,,,TRUE,UNRESOLVED,直接記載・公式rule由来mapping・一意な一般則categoryのいずれでも決定できない。 collector_status=NO_ITEM_MATCH_IN_FETCHED_OFFICIAL_SOURCES
M048,I040,UNRESOLVED,,,,,TRUE,UNRESOLVED,直接記載・公式rule由来mapping・一意な一般則categoryのいずれでも決定できない。 collector_status=NO_ITEM_MATCH_IN_FETCHED_OFFICIAL_SOURCES
M049,I001,OFFICIAL_RULE_DERIVED,C-M049-04,ペットボトル・プラスチック製容器包装,S-M049-01,一般家庭／ペットボトル・プラスチック製容器包装,TRUE,CATEGORY_SUPPORTED_CONDITION_REVIEW_REQUIRED,品目の直接記載は必須とせず、既存mappingを支えるCURRENT公式category ruleから判定。 collector_status=NO_ITEM_MATCH_IN_FETCHED_OFFICIAL_SOURCES
M049,I002,UNRESOLVED,,,,,TRUE,UNRESOLVED,直接記載・公式rule由来mapping・一意な一般則categoryのいずれでも決定できない。 collector_status=NO_ITEM_MATCH_IN_FETCHED_OFFICIAL_SOURCES
M049,I003,UNRESOLVED,,,,,TRUE,UNRESOLVED,直接記載・公式rule由来mapping・一意な一般則categoryのいずれでも決定できない。 collector_status=NO_ITEM_MATCH_IN_FETCHED_OFFICIAL_SOURCES
M049,I004,OFFICIAL_RULE_DERIVED,C-M049-06,空缶,S-M049-01,一般家庭／空缶,TRUE,CATEGORY_SUPPORTED_CONDITION_REVIEW_REQUIRED,品目の直接記載は必須とせず、既存mappingを支えるCURRENT公式category ruleから判定。 collector_status=NO_ITEM_MATCH_IN_FETCHED_OFFICIAL_SOURCES
M049,I005,OFFICIAL_RULE_DERIVED,C-M049-06,空缶,S-M049-01,一般家庭／空缶,TRUE,CATEGORY_SUPPORTED_CONDITION_REVIEW_REQUIRED,品目の直接記載は必須とせず、既存mappingを支えるCURRENT公式category ruleから判定。 collector_status=NO_ITEM_MATCH_IN_FETCHED_OFFICIAL_SOURCES
M049,I006,OFFICIAL_RULE_DERIVED,C-M049-05,びん,S-M049-01,一般家庭／びん,TRUE,CATEGORY_SUPPORTED_CONDITION_REVIEW_REQUIRED,品目の直接記載は必須とせず、既存mappingを支えるCURRENT公式category ruleから判定。 collector_status=NO_ITEM_MATCH_IN_FETCHED_OFFICIAL_SOURCES
M049,I007,UNRESOLVED,,,,,TRUE,UNRESOLVED,直接記載・公式rule由来mapping・一意な一般則categoryのいずれでも決定できない。 collector_status=NO_ITEM_MATCH_IN_FETCHED_OFFICIAL_SOURCES
M049,I008,UNRESOLVED,,,,,TRUE,UNRESOLVED,直接記載・公式rule由来mapping・一意な一般則categoryのいずれでも決定できない。 collector_status=NO_ITEM_MATCH_IN_FETCHED_OFFICIAL_SOURCES
M049,I009,GENERAL_RULE_DERIVED,C-M049-04,ペットボトル・プラスチック製容器包装,S-M049-01,一般家庭／ペットボトル・プラスチック製容器包装,TRUE,CATEGORY_SUPPORTED_CONDITION_REVIEW_REQUIRED,個別記載・既存mappingなし。一般的な材質/用途ルールと一意のCURRENT公式categoryが一致。 collector_status=NO_ITEM_MATCH_IN_FETCHED_OFFICIAL_SOURCES
M049,I010,GENERAL_RULE_DERIVED,C-M049-04,ペットボトル・プラスチック製容器包装,S-M049-01,一般家庭／ペットボトル・プラスチック製容器包装,TRUE,CATEGORY_SUPPORTED_CONDITION_REVIEW_REQUIRED,個別記載・既存mappingなし。一般的な材質/用途ルールと一意のCURRENT公式categoryが一致。 collector_status=NO_ITEM_MATCH_IN_FETCHED_OFFICIAL_SOURCES
M049,I011,GENERAL_RULE_DERIVED,C-M049-04,ペットボトル・プラスチック製容器包装,S-M049-01,一般家庭／ペットボトル・プラスチック製容器包装,TRUE,CATEGORY_SUPPORTED_CONDITION_REVIEW_REQUIRED,個別記載・既存mappingなし。一般的な材質/用途ルールと一意のCURRENT公式categoryが一致。 collector_status=NO_ITEM_MATCH_IN_FETCHED_OFFICIAL_SOURCES
M049,I012,GENERAL_RULE_DERIVED,C-M049-04,ペットボトル・プラスチック製容器包装,S-M049-01,一般家庭／ペットボトル・プラスチック製容器包装,TRUE,CATEGORY_SUPPORTED_CONDITION_REVIEW_REQUIRED,個別記載・既存mappingなし。一般的な材質/用途ルールと一意のCURRENT公式categoryが一致。 collector_status=NO_ITEM_MATCH_IN_FETCHED_OFFICIAL_SOURCES
M049,I013,UNRESOLVED,,,,,FALSE,UNRESOLVED,直接記載・公式rule由来mapping・一意な一般則categoryのいずれでも決定できない。 collector_status=NO_ITEM_MATCH_IN_FETCHED_OFFICIAL_SOURCES
M049,I014,UNRESOLVED,,,,,FALSE,UNRESOLVED,直接記載・公式rule由来mapping・一意な一般則categoryのいずれでも決定できない。 collector_status=NO_ITEM_MATCH_IN_FETCHED_OFFICIAL_SOURCES
M049,I015,UNRESOLVED,,,,,FALSE,UNRESOLVED,直接記載・公式rule由来mapping・一意な一般則categoryのいずれでも決定できない。 collector_status=NO_ITEM_MATCH_IN_FETCHED_OFFICIAL_SOURCES
M049,I016,UNRESOLVED,,,,,FALSE,UNRESOLVED,直接記載・公式rule由来mapping・一意な一般則categoryのいずれでも決定できない。 collector_status=NO_ITEM_MATCH_IN_FETCHED_OFFICIAL_SOURCES
M049,I017,UNRESOLVED,,,,,TRUE,UNRESOLVED,直接記載・公式rule由来mapping・一意な一般則categoryのいずれでも決定できない。 collector_status=NO_ITEM_MATCH_IN_FETCHED_OFFICIAL_SOURCES
M049,I018,OFFICIAL_RULE_DERIVED,C-M049-01,燃やせるごみ,S-M049-01,一般家庭／燃やせるごみ,TRUE,CATEGORY_SUPPORTED_CONDITION_REVIEW_REQUIRED,品目の直接記載は必須とせず、既存mappingを支えるCURRENT公式category ruleから判定。 collector_status=NO_ITEM_MATCH_IN_FETCHED_OFFICIAL_SOURCES
M049,I019,UNRESOLVED,,,,,FALSE,UNRESOLVED,直接記載・公式rule由来mapping・一意な一般則categoryのいずれでも決定できない。 collector_status=NO_ITEM_MATCH_IN_FETCHED_OFFICIAL_SOURCES
M049,I020,UNRESOLVED,,,,,FALSE,UNRESOLVED,直接記載・公式rule由来mapping・一意な一般則categoryのいずれでも決定できない。 collector_status=NO_ITEM_MATCH_IN_FETCHED_OFFICIAL_SOURCES
M049,I021,UNRESOLVED,,,,,FALSE,UNRESOLVED,直接記載・公式rule由来mapping・一意な一般則categoryのいずれでも決定できない。 collector_status=NO_ITEM_MATCH_IN_FETCHED_OFFICIAL_SOURCES
M049,I022,UNRESOLVED,,,,,TRUE,UNRESOLVED,直接記載・公式rule由来mapping・一意な一般則categoryのいずれでも決定できない。 collector_status=NO_ITEM_MATCH_IN_FETCHED_OFFICIAL_SOURCES
M049,I023,OFFICIAL_RULE_DERIVED,C-M049-02,燃やせないごみ,S-M049-01,一般家庭／燃やせないごみ,TRUE,CATEGORY_SUPPORTED_CONDITION_REVIEW_REQUIRED,品目の直接記載は必須とせず、既存mappingを支えるCURRENT公式category ruleから判定。 collector_status=NO_ITEM_MATCH_IN_FETCHED_OFFICIAL_SOURCES
M049,I024,UNRESOLVED,,,,,FALSE,UNRESOLVED,直接記載・公式rule由来mapping・一意な一般則categoryのいずれでも決定できない。 collector_status=NO_ITEM_MATCH_IN_FETCHED_OFFICIAL_SOURCES
M049,I025,UNRESOLVED,,,,,TRUE,UNRESOLVED,直接記載・公式rule由来mapping・一意な一般則categoryのいずれでも決定できない。 collector_status=NO_ITEM_MATCH_IN_FETCHED_OFFICIAL_SOURCES
M049,I026,UNRESOLVED,,,,,TRUE,UNRESOLVED,直接記載・公式rule由来mapping・一意な一般則categoryのいずれでも決定できない。 collector_status=NO_ITEM_MATCH_IN_FETCHED_OFFICIAL_SOURCES
M049,I027,OFFICIAL_RULE_DERIVED,C-M049-03,危険物・有害物,S-M049-01,一般家庭／危険物・有害物,TRUE,CATEGORY_SUPPORTED_CONDITION_REVIEW_REQUIRED,品目の直接記載は必須とせず、既存mappingを支えるCURRENT公式category ruleから判定。 collector_status=NO_ITEM_MATCH_IN_FETCHED_OFFICIAL_SOURCES
M049,I028,UNRESOLVED,,,,,TRUE,UNRESOLVED,直接記載・公式rule由来mapping・一意な一般則categoryのいずれでも決定できない。 collector_status=NO_ITEM_MATCH_IN_FETCHED_OFFICIAL_SOURCES
M049,I029,UNRESOLVED,,,,,TRUE,UNRESOLVED,直接記載・公式rule由来mapping・一意な一般則categoryのいずれでも決定できない。 collector_status=NO_ITEM_MATCH_IN_FETCHED_OFFICIAL_SOURCES
M049,I030,UNRESOLVED,,,,,TRUE,UNRESOLVED,直接記載・公式rule由来mapping・一意な一般則categoryのいずれでも決定できない。 collector_status=NO_ITEM_MATCH_IN_FETCHED_OFFICIAL_SOURCES
M049,I031,UNRESOLVED,,,,,TRUE,UNRESOLVED,直接記載・公式rule由来mapping・一意な一般則categoryのいずれでも決定できない。 collector_status=NO_ITEM_MATCH_IN_FETCHED_OFFICIAL_SOURCES
M049,I032,OFFICIAL_RULE_DERIVED,C-M049-03,危険物・有害物,S-M049-01,一般家庭／危険物・有害物,TRUE,CATEGORY_SUPPORTED_CONDITION_REVIEW_REQUIRED,品目の直接記載は必須とせず、既存mappingを支えるCURRENT公式category ruleから判定。 collector_status=NO_ITEM_MATCH_IN_FETCHED_OFFICIAL_SOURCES
M049,I033,OFFICIAL_RULE_DERIVED,C-M049-03,危険物・有害物,S-M049-01,一般家庭／危険物・有害物,TRUE,CATEGORY_SUPPORTED_CONDITION_REVIEW_REQUIRED,品目の直接記載は必須とせず、既存mappingを支えるCURRENT公式category ruleから判定。 collector_status=NO_ITEM_MATCH_IN_FETCHED_OFFICIAL_SOURCES
M049,I034,UNRESOLVED,,,,,TRUE,UNRESOLVED,直接記載・公式rule由来mapping・一意な一般則categoryのいずれでも決定できない。 collector_status=NO_ITEM_MATCH_IN_FETCHED_OFFICIAL_SOURCES
M049,I035,UNRESOLVED,,,,,TRUE,UNRESOLVED,直接記載・公式rule由来mapping・一意な一般則categoryのいずれでも決定できない。 collector_status=NO_ITEM_MATCH_IN_FETCHED_OFFICIAL_SOURCES
M049,I036,UNRESOLVED,,,,,TRUE,UNRESOLVED,直接記載・公式rule由来mapping・一意な一般則categoryのいずれでも決定できない。 collector_status=NO_ITEM_MATCH_IN_FETCHED_OFFICIAL_SOURCES
M049,I037,UNRESOLVED,,,,,TRUE,UNRESOLVED,直接記載・公式rule由来mapping・一意な一般則categoryのいずれでも決定できない。 collector_status=NO_ITEM_MATCH_IN_FETCHED_OFFICIAL_SOURCES
M049,I038,UNRESOLVED,,,,,TRUE,UNRESOLVED,直接記載・公式rule由来mapping・一意な一般則categoryのいずれでも決定できない。 collector_status=NO_ITEM_MATCH_IN_FETCHED_OFFICIAL_SOURCES
M049,I039,UNRESOLVED,,,,,TRUE,UNRESOLVED,直接記載・公式rule由来mapping・一意な一般則categoryのいずれでも決定できない。 collector_status=NO_ITEM_MATCH_IN_FETCHED_OFFICIAL_SOURCES
M049,I040,UNRESOLVED,,,,,TRUE,UNRESOLVED,直接記載・公式rule由来mapping・一意な一般則categoryのいずれでも決定できない。 collector_status=NO_ITEM_MATCH_IN_FETCHED_OFFICIAL_SOURCES
M050,I001,OFFICIAL_RULE_DERIVED,C-M050-07,ペットボトル,S-M050-01,ごみの分類・処理の流れ／ペットボトル,FALSE,CATEGORY_SUPPORTED,品目の直接記載は必須とせず、既存mappingを支えるCURRENT公式category ruleから判定。 collector_status=NO_ITEM_MATCH_IN_FETCHED_OFFICIAL_SOURCES
M050,I002,UNRESOLVED,,,,,TRUE,UNRESOLVED,直接記載・公式rule由来mapping・一意な一般則categoryのいずれでも決定できない。 collector_status=NO_ITEM_MATCH_IN_FETCHED_OFFICIAL_SOURCES
M050,I003,UNRESOLVED,,,,,TRUE,UNRESOLVED,直接記載・公式rule由来mapping・一意な一般則categoryのいずれでも決定できない。 collector_status=NO_ITEM_MATCH_IN_FETCHED_OFFICIAL_SOURCES
M050,I004,UNRESOLVED,,,,,FALSE,UNRESOLVED,直接記載・公式rule由来mapping・一意な一般則categoryのいずれでも決定できない。 collector_status=NO_ITEM_MATCH_IN_FETCHED_OFFICIAL_SOURCES
M050,I005,UNRESOLVED,,,,,FALSE,UNRESOLVED,直接記載・公式rule由来mapping・一意な一般則categoryのいずれでも決定できない。 collector_status=NO_ITEM_MATCH_IN_FETCHED_OFFICIAL_SOURCES
M050,I006,OFFICIAL_RULE_DERIVED,C-M050-06,空きびん,S-M050-01,ごみの分類・処理の流れ／空きびん,TRUE,CATEGORY_SUPPORTED_CONDITION_REVIEW_REQUIRED,品目の直接記載は必須とせず、既存mappingを支えるCURRENT公式category ruleから判定。 collector_status=NO_ITEM_MATCH_IN_FETCHED_OFFICIAL_SOURCES
M050,I007,UNRESOLVED,,,,,TRUE,UNRESOLVED,直接記載・公式rule由来mapping・一意な一般則categoryのいずれでも決定できない。 collector_status=NO_ITEM_MATCH_IN_FETCHED_OFFICIAL_SOURCES
M050,I008,UNRESOLVED,,,,,TRUE,UNRESOLVED,直接記載・公式rule由来mapping・一意な一般則categoryのいずれでも決定できない。 collector_status=NO_ITEM_MATCH_IN_FETCHED_OFFICIAL_SOURCES
M050,I009,UNRESOLVED,,,,,TRUE,UNRESOLVED,直接記載・公式rule由来mapping・一意な一般則categoryのいずれでも決定できない。 collector_status=NO_ITEM_MATCH_IN_FETCHED_OFFICIAL_SOURCES
M050,I010,UNRESOLVED,,,,,TRUE,UNRESOLVED,直接記載・公式rule由来mapping・一意な一般則categoryのいずれでも決定できない。 collector_status=NO_ITEM_MATCH_IN_FETCHED_OFFICIAL_SOURCES
M050,I011,UNRESOLVED,,,,,TRUE,UNRESOLVED,直接記載・公式rule由来mapping・一意な一般則categoryのいずれでも決定できない。 collector_status=NO_ITEM_MATCH_IN_FETCHED_OFFICIAL_SOURCES
M050,I012,UNRESOLVED,,,,,TRUE,UNRESOLVED,直接記載・公式rule由来mapping・一意な一般則categoryのいずれでも決定できない。 collector_status=NO_ITEM_MATCH_IN_FETCHED_OFFICIAL_SOURCES
M050,I013,UNRESOLVED,,,,,FALSE,UNRESOLVED,直接記載・公式rule由来mapping・一意な一般則categoryのいずれでも決定できない。 collector_status=NO_ITEM_MATCH_IN_FETCHED_OFFICIAL_SOURCES
M050,I014,UNRESOLVED,,,,,FALSE,UNRESOLVED,直接記載・公式rule由来mapping・一意な一般則categoryのいずれでも決定できない。 collector_status=NO_ITEM_MATCH_IN_FETCHED_OFFICIAL_SOURCES
M050,I015,UNRESOLVED,,,,,FALSE,UNRESOLVED,直接記載・公式rule由来mapping・一意な一般則categoryのいずれでも決定できない。 collector_status=NO_ITEM_MATCH_IN_FETCHED_OFFICIAL_SOURCES
M050,I016,UNRESOLVED,,,,,FALSE,UNRESOLVED,直接記載・公式rule由来mapping・一意な一般則categoryのいずれでも決定できない。 collector_status=NO_ITEM_MATCH_IN_FETCHED_OFFICIAL_SOURCES
M050,I017,UNRESOLVED,,,,,TRUE,UNRESOLVED,直接記載・公式rule由来mapping・一意な一般則categoryのいずれでも決定できない。 collector_status=NO_ITEM_MATCH_IN_FETCHED_OFFICIAL_SOURCES
M050,I018,UNRESOLVED,,,,,FALSE,UNRESOLVED,直接記載・公式rule由来mapping・一意な一般則categoryのいずれでも決定できない。 collector_status=NO_ITEM_MATCH_IN_FETCHED_OFFICIAL_SOURCES
M050,I019,GENERAL_RULE_DERIVED,C-M050-01,燃えるごみ,S-M050-01,ごみの分類・処理の流れ／燃えるごみ,FALSE,CATEGORY_SUPPORTED,個別記載・既存mappingなし。一般的な材質/用途ルールと一意のCURRENT公式categoryが一致。 collector_status=NO_ITEM_MATCH_IN_FETCHED_OFFICIAL_SOURCES
M050,I020,GENERAL_RULE_DERIVED,C-M050-01,燃えるごみ,S-M050-01,ごみの分類・処理の流れ／燃えるごみ,FALSE,CATEGORY_SUPPORTED,個別記載・既存mappingなし。一般的な材質/用途ルールと一意のCURRENT公式categoryが一致。 collector_status=NO_ITEM_MATCH_IN_FETCHED_OFFICIAL_SOURCES
M050,I021,OFFICIAL_RULE_DERIVED,C-M050-11,古着,S-M050-01,ごみの分類・処理の流れ／古着,FALSE,CATEGORY_SUPPORTED,品目の直接記載は必須とせず、既存mappingを支えるCURRENT公式category ruleから判定。 collector_status=NO_ITEM_MATCH_IN_FETCHED_OFFICIAL_SOURCES
M050,I022,UNRESOLVED,,,,,TRUE,UNRESOLVED,直接記載・公式rule由来mapping・一意な一般則categoryのいずれでも決定できない。 collector_status=NO_ITEM_MATCH_IN_FETCHED_OFFICIAL_SOURCES
M050,I023,UNRESOLVED,,,,,FALSE,UNRESOLVED,直接記載・公式rule由来mapping・一意な一般則categoryのいずれでも決定できない。 collector_status=NO_ITEM_MATCH_IN_FETCHED_OFFICIAL_SOURCES
M050,I024,UNRESOLVED,,,,,FALSE,UNRESOLVED,直接記載・公式rule由来mapping・一意な一般則categoryのいずれでも決定できない。 collector_status=NO_ITEM_MATCH_IN_FETCHED_OFFICIAL_SOURCES
M050,I025,UNRESOLVED,,,,,TRUE,UNRESOLVED,直接記載・公式rule由来mapping・一意な一般則categoryのいずれでも決定できない。 collector_status=NO_ITEM_MATCH_IN_FETCHED_OFFICIAL_SOURCES
M050,I026,UNRESOLVED,,,,,TRUE,UNRESOLVED,直接記載・公式rule由来mapping・一意な一般則categoryのいずれでも決定できない。 collector_status=NO_ITEM_MATCH_IN_FETCHED_OFFICIAL_SOURCES
M050,I027,OFFICIAL_RULE_DERIVED,C-M050-08,使用済筒型乾電池,S-M050-01,ごみの分類・処理の流れ／使用済筒型乾電池,TRUE,CATEGORY_SUPPORTED_CONDITION_REVIEW_REQUIRED,品目の直接記載は必須とせず、既存mappingを支えるCURRENT公式category ruleから判定。 collector_status=NO_ITEM_MATCH_IN_FETCHED_OFFICIAL_SOURCES
M050,I028,UNRESOLVED,,,,,TRUE,UNRESOLVED,直接記載・公式rule由来mapping・一意な一般則categoryのいずれでも決定できない。 collector_status=NO_ITEM_MATCH_IN_FETCHED_OFFICIAL_SOURCES
M050,I029,UNRESOLVED,,,,,TRUE,UNRESOLVED,直接記載・公式rule由来mapping・一意な一般則categoryのいずれでも決定できない。 collector_status=NO_ITEM_MATCH_IN_FETCHED_OFFICIAL_SOURCES
M050,I030,OFFICIAL_RULE_DERIVED,C-M050-09,使用済蛍光管,S-M050-01,ごみの分類・処理の流れ／使用済蛍光管,TRUE,CATEGORY_SUPPORTED_CONDITION_REVIEW_REQUIRED,品目の直接記載は必須とせず、既存mappingを支えるCURRENT公式category ruleから判定。 collector_status=NO_ITEM_MATCH_IN_FETCHED_OFFICIAL_SOURCES
M050,I031,UNRESOLVED,,,,,TRUE,UNRESOLVED,直接記載・公式rule由来mapping・一意な一般則categoryのいずれでも決定できない。 collector_status=NO_ITEM_MATCH_IN_FETCHED_OFFICIAL_SOURCES
M050,I032,UNRESOLVED,,,,,TRUE,UNRESOLVED,直接記載・公式rule由来mapping・一意な一般則categoryのいずれでも決定できない。 collector_status=NO_ITEM_MATCH_IN_FETCHED_OFFICIAL_SOURCES
M050,I033,UNRESOLVED,,,,,TRUE,UNRESOLVED,直接記載・公式rule由来mapping・一意な一般則categoryのいずれでも決定できない。 collector_status=NO_ITEM_MATCH_IN_FETCHED_OFFICIAL_SOURCES
M050,I034,UNRESOLVED,,,,,TRUE,UNRESOLVED,直接記載・公式rule由来mapping・一意な一般則categoryのいずれでも決定できない。 collector_status=NO_ITEM_MATCH_IN_FETCHED_OFFICIAL_SOURCES
M050,I035,UNRESOLVED,,,,,TRUE,UNRESOLVED,直接記載・公式rule由来mapping・一意な一般則categoryのいずれでも決定できない。 collector_status=NO_ITEM_MATCH_IN_FETCHED_OFFICIAL_SOURCES
M050,I036,UNRESOLVED,,,,,TRUE,UNRESOLVED,直接記載・公式rule由来mapping・一意な一般則categoryのいずれでも決定できない。 collector_status=NO_ITEM_MATCH_IN_FETCHED_OFFICIAL_SOURCES
M050,I037,UNRESOLVED,,,,,TRUE,UNRESOLVED,直接記載・公式rule由来mapping・一意な一般則categoryのいずれでも決定できない。 collector_status=NO_ITEM_MATCH_IN_FETCHED_OFFICIAL_SOURCES
M050,I038,UNRESOLVED,,,,,TRUE,UNRESOLVED,直接記載・公式rule由来mapping・一意な一般則categoryのいずれでも決定できない。 collector_status=NO_ITEM_MATCH_IN_FETCHED_OFFICIAL_SOURCES
M050,I039,OFFICIAL_RULE_DERIVED,C-M050-13,廃食用油,S-M050-01,ごみの分類・処理の流れ／廃食用油,TRUE,CATEGORY_SUPPORTED_CONDITION_REVIEW_REQUIRED,品目の直接記載は必須とせず、既存mappingを支えるCURRENT公式category ruleから判定。 collector_status=NO_ITEM_MATCH_IN_FETCHED_OFFICIAL_SOURCES
M050,I040,UNRESOLVED,,,,,TRUE,UNRESOLVED,直接記載・公式rule由来mapping・一意な一般則categoryのいずれでも決定できない。 collector_status=NO_ITEM_MATCH_IN_FETCHED_OFFICIAL_SOURCES
M051,I001,OFFICIAL_RULE_DERIVED,C-M051-08,ペットボトル,S-M051-01,資源類／ペットボトル,FALSE,CATEGORY_SUPPORTED,品目の直接記載は必須とせず、既存mappingを支えるCURRENT公式category ruleから判定。 collector_status=NO_ITEM_MATCH_IN_FETCHED_OFFICIAL_SOURCES
M051,I002,UNRESOLVED,,,,,TRUE,UNRESOLVED,直接記載・公式rule由来mapping・一意な一般則categoryのいずれでも決定できない。 collector_status=NO_ITEM_MATCH_IN_FETCHED_OFFICIAL_SOURCES
M051,I003,UNRESOLVED,,,,,TRUE,UNRESOLVED,直接記載・公式rule由来mapping・一意な一般則categoryのいずれでも決定できない。 collector_status=NO_ITEM_MATCH_IN_FETCHED_OFFICIAL_SOURCES
M051,I004,UNRESOLVED,,,,,FALSE,UNRESOLVED,直接記載・公式rule由来mapping・一意な一般則categoryのいずれでも決定できない。 collector_status=NO_ITEM_MATCH_IN_FETCHED_OFFICIAL_SOURCES
M051,I005,UNRESOLVED,,,,,FALSE,UNRESOLVED,直接記載・公式rule由来mapping・一意な一般則categoryのいずれでも決定できない。 collector_status=NO_ITEM_MATCH_IN_FETCHED_OFFICIAL_SOURCES
M051,I006,OFFICIAL_RULE_DERIVED,C-M051-06,びん類,S-M051-01,資源類／びん類,TRUE,CATEGORY_SUPPORTED_CONDITION_REVIEW_REQUIRED,品目の直接記載は必須とせず、既存mappingを支えるCURRENT公式category ruleから判定。 collector_status=NO_ITEM_MATCH_IN_FETCHED_OFFICIAL_SOURCES
M051,I007,UNRESOLVED,,,,,TRUE,UNRESOLVED,直接記載・公式rule由来mapping・一意な一般則categoryのいずれでも決定できない。 collector_status=NO_ITEM_MATCH_IN_FETCHED_OFFICIAL_SOURCES
M051,I008,UNRESOLVED,,,,,TRUE,UNRESOLVED,直接記載・公式rule由来mapping・一意な一般則categoryのいずれでも決定できない。 collector_status=NO_ITEM_MATCH_IN_FETCHED_OFFICIAL_SOURCES
M051,I009,GENERAL_RULE_DERIVED,C-M051-03,容器包装プラスチックごみ,S-M051-01,ごみの分別区分と出し方／容器包装プラスチックごみ,TRUE,CATEGORY_SUPPORTED_CONDITION_REVIEW_REQUIRED,個別記載・既存mappingなし。一般的な材質/用途ルールと一意のCURRENT公式categoryが一致。 collector_status=NO_ITEM_MATCH_IN_FETCHED_OFFICIAL_SOURCES
M051,I010,GENERAL_RULE_DERIVED,C-M051-03,容器包装プラスチックごみ,S-M051-01,ごみの分別区分と出し方／容器包装プラスチックごみ,TRUE,CATEGORY_SUPPORTED_CONDITION_REVIEW_REQUIRED,個別記載・既存mappingなし。一般的な材質/用途ルールと一意のCURRENT公式categoryが一致。 collector_status=NO_ITEM_MATCH_IN_FETCHED_OFFICIAL_SOURCES
M051,I011,GENERAL_RULE_DERIVED,C-M051-03,容器包装プラスチックごみ,S-M051-01,ごみの分別区分と出し方／容器包装プラスチックごみ,TRUE,CATEGORY_SUPPORTED_CONDITION_REVIEW_REQUIRED,個別記載・既存mappingなし。一般的な材質/用途ルールと一意のCURRENT公式categoryが一致。 collector_status=NO_ITEM_MATCH_IN_FETCHED_OFFICIAL_SOURCES
M051,I012,OFFICIAL_RULE_DERIVED,C-M051-11,発泡スチロール類,S-M051-01,ごみの分別区分と出し方／発泡スチロール類,TRUE,CATEGORY_SUPPORTED_CONDITION_REVIEW_REQUIRED,品目の直接記載は必須とせず、既存mappingを支えるCURRENT公式category ruleから判定。 collector_status=NO_ITEM_MATCH_IN_FETCHED_OFFICIAL_SOURCES
M051,I013,UNRESOLVED,,,,,FALSE,UNRESOLVED,直接記載・公式rule由来mapping・一意な一般則categoryのいずれでも決定できない。 collector_status=NO_ITEM_MATCH_IN_FETCHED_OFFICIAL_SOURCES
M051,I014,UNRESOLVED,,,,,FALSE,UNRESOLVED,直接記載・公式rule由来mapping・一意な一般則categoryのいずれでも決定できない。 collector_status=NO_ITEM_MATCH_IN_FETCHED_OFFICIAL_SOURCES
M051,I015,UNRESOLVED,,,,,FALSE,UNRESOLVED,直接記載・公式rule由来mapping・一意な一般則categoryのいずれでも決定できない。 collector_status=NO_ITEM_MATCH_IN_FETCHED_OFFICIAL_SOURCES
M051,I016,UNRESOLVED,,,,,FALSE,UNRESOLVED,直接記載・公式rule由来mapping・一意な一般則categoryのいずれでも決定できない。 collector_status=NO_ITEM_MATCH_IN_FETCHED_OFFICIAL_SOURCES
M051,I017,OFFICIAL_RULE_DERIVED,C-M051-09,紙パック,S-M051-01,資源類／紙パック,TRUE,CATEGORY_SUPPORTED_CONDITION_REVIEW_REQUIRED,品目の直接記載は必須とせず、既存mappingを支えるCURRENT公式category ruleから判定。 collector_status=NO_ITEM_MATCH_IN_FETCHED_OFFICIAL_SOURCES
M051,I018,OFFICIAL_RULE_DERIVED,C-M051-01,燃やせるごみ,S-M051-01,ごみの分別区分と出し方／燃やせるごみ,TRUE,CATEGORY_SUPPORTED_CONDITION_REVIEW_REQUIRED,品目の直接記載は必須とせず、既存mappingを支えるCURRENT公式category ruleから判定。 collector_status=NO_ITEM_MATCH_IN_FETCHED_OFFICIAL_SOURCES
M051,I019,UNRESOLVED,,,,,FALSE,UNRESOLVED,直接記載・公式rule由来mapping・一意な一般則categoryのいずれでも決定できない。 collector_status=NO_ITEM_MATCH_IN_FETCHED_OFFICIAL_SOURCES
M051,I020,UNRESOLVED,,,,,FALSE,UNRESOLVED,直接記載・公式rule由来mapping・一意な一般則categoryのいずれでも決定できない。 collector_status=NO_ITEM_MATCH_IN_FETCHED_OFFICIAL_SOURCES
M051,I021,UNRESOLVED,,,,,FALSE,UNRESOLVED,直接記載・公式rule由来mapping・一意な一般則categoryのいずれでも決定できない。 collector_status=NO_ITEM_MATCH_IN_FETCHED_OFFICIAL_SOURCES
M051,I022,UNRESOLVED,,,,,TRUE,UNRESOLVED,直接記載・公式rule由来mapping・一意な一般則categoryのいずれでも決定できない。 collector_status=NO_ITEM_MATCH_IN_FETCHED_OFFICIAL_SOURCES
M051,I023,OFFICIAL_RULE_DERIVED,C-M051-04,埋め立てるごみ,S-M051-01,ごみの分別区分と出し方／埋め立てるごみ,TRUE,CATEGORY_SUPPORTED_CONDITION_REVIEW_REQUIRED,品目の直接記載は必須とせず、既存mappingを支えるCURRENT公式category ruleから判定。 collector_status=NO_ITEM_MATCH_IN_FETCHED_OFFICIAL_SOURCES
M051,I024,UNRESOLVED,,,,,FALSE,UNRESOLVED,直接記載・公式rule由来mapping・一意な一般則categoryのいずれでも決定できない。 collector_status=NO_ITEM_MATCH_IN_FETCHED_OFFICIAL_SOURCES
M051,I025,UNRESOLVED,,,,,TRUE,UNRESOLVED,直接記載・公式rule由来mapping・一意な一般則categoryのいずれでも決定できない。 collector_status=NO_ITEM_MATCH_IN_FETCHED_OFFICIAL_SOURCES
M051,I026,OFFICIAL_RULE_DERIVED,C-M051-10,家電製品・金属類,S-M051-01,ごみの分別区分と出し方／家電製品・金属類,TRUE,CATEGORY_SUPPORTED_CONDITION_REVIEW_REQUIRED,品目の直接記載は必須とせず、既存mappingを支えるCURRENT公式category ruleから判定。 collector_status=NO_ITEM_MATCH_IN_FETCHED_OFFICIAL_SOURCES
M051,I027,UNRESOLVED,,,,,TRUE,UNRESOLVED,直接記載・公式rule由来mapping・一意な一般則categoryのいずれでも決定できない。 collector_status=NO_ITEM_MATCH_IN_FETCHED_OFFICIAL_SOURCES
M051,I028,UNRESOLVED,,,,,TRUE,UNRESOLVED,直接記載・公式rule由来mapping・一意な一般則categoryのいずれでも決定できない。 collector_status=NO_ITEM_MATCH_IN_FETCHED_OFFICIAL_SOURCES
M051,I029,UNRESOLVED,,,,,TRUE,UNRESOLVED,直接記載・公式rule由来mapping・一意な一般則categoryのいずれでも決定できない。 collector_status=NO_ITEM_MATCH_IN_FETCHED_OFFICIAL_SOURCES
M051,I030,OFFICIAL_RULE_DERIVED,C-M051-04,埋め立てるごみ,S-M051-01,ごみの分別区分と出し方／埋め立てるごみ,TRUE,CATEGORY_SUPPORTED_CONDITION_REVIEW_REQUIRED,品目の直接記載は必須とせず、既存mappingを支えるCURRENT公式category ruleから判定。 collector_status=NO_ITEM_MATCH_IN_FETCHED_OFFICIAL_SOURCES
M051,I031,UNRESOLVED,,,,,TRUE,UNRESOLVED,直接記載・公式rule由来mapping・一意な一般則categoryのいずれでも決定できない。 collector_status=NO_ITEM_MATCH_IN_FETCHED_OFFICIAL_SOURCES
M051,I032,UNRESOLVED,,,,,TRUE,UNRESOLVED,直接記載・公式rule由来mapping・一意な一般則categoryのいずれでも決定できない。 collector_status=NO_ITEM_MATCH_IN_FETCHED_OFFICIAL_SOURCES
M051,I033,UNRESOLVED,,,,,TRUE,UNRESOLVED,直接記載・公式rule由来mapping・一意な一般則categoryのいずれでも決定できない。 collector_status=NO_ITEM_MATCH_IN_FETCHED_OFFICIAL_SOURCES
M051,I034,UNRESOLVED,,,,,TRUE,UNRESOLVED,直接記載・公式rule由来mapping・一意な一般則categoryのいずれでも決定できない。 collector_status=NO_ITEM_MATCH_IN_FETCHED_OFFICIAL_SOURCES
M051,I035,UNRESOLVED,,,,,TRUE,UNRESOLVED,直接記載・公式rule由来mapping・一意な一般則categoryのいずれでも決定できない。 collector_status=NO_ITEM_MATCH_IN_FETCHED_OFFICIAL_SOURCES
M051,I036,OFFICIAL_RULE_DERIVED,C-M051-02,ステーション収集困難物,S-M051-01,燃やせるごみ／ステーション収集困難物,TRUE,CATEGORY_SUPPORTED_CONDITION_REVIEW_REQUIRED,品目の直接記載は必須とせず、既存mappingを支えるCURRENT公式category ruleから判定。 collector_status=NO_ITEM_MATCH_IN_FETCHED_OFFICIAL_SOURCES
M051,I037,UNRESOLVED,,,,,TRUE,UNRESOLVED,直接記載・公式rule由来mapping・一意な一般則categoryのいずれでも決定できない。 collector_status=NO_ITEM_MATCH_IN_FETCHED_OFFICIAL_SOURCES
M051,I038,UNRESOLVED,,,,,TRUE,UNRESOLVED,直接記載・公式rule由来mapping・一意な一般則categoryのいずれでも決定できない。 collector_status=NO_ITEM_MATCH_IN_FETCHED_OFFICIAL_SOURCES
M051,I039,OFFICIAL_RULE_DERIVED,C-M051-12,廃食用油,S-M051-01,ごみの分別区分と出し方／廃食用油,TRUE,CATEGORY_SUPPORTED_CONDITION_REVIEW_REQUIRED,品目の直接記載は必須とせず、既存mappingを支えるCURRENT公式category ruleから判定。 collector_status=NO_ITEM_MATCH_IN_FETCHED_OFFICIAL_SOURCES
M051,I040,OFFICIAL_RULE_DERIVED,C-M051-01,燃やせるごみ,S-M051-01,ごみの分別区分と出し方／燃やせるごみ,TRUE,CATEGORY_SUPPORTED_CONDITION_REVIEW_REQUIRED,品目の直接記載は必須とせず、既存mappingを支えるCURRENT公式category ruleから判定。 collector_status=NO_ITEM_MATCH_IN_FETCHED_OFFICIAL_SOURCES
M052,I001,UNRESOLVED,,,,,FALSE,UNRESOLVED,直接記載・公式rule由来mapping・一意な一般則categoryのいずれでも決定できない。 collector_status=AMBIGUOUS_CATEGORY_CANDIDATES
M052,I002,UNRESOLVED,,,,,TRUE,UNRESOLVED,直接記載・公式rule由来mapping・一意な一般則categoryのいずれでも決定できない。 collector_status=NO_ITEM_MATCH_IN_FETCHED_OFFICIAL_SOURCES
M052,I003,UNRESOLVED,,,,,TRUE,UNRESOLVED,直接記載・公式rule由来mapping・一意な一般則categoryのいずれでも決定できない。 collector_status=NO_ITEM_MATCH_IN_FETCHED_OFFICIAL_SOURCES
M052,I004,DIRECT_ITEM,C-M052-01,資源物Aグループ,S-M052-01,text-match:アルミ缶 + 資源物Aグループ,FALSE,CATEGORY_SUPPORTED,全既存branchで公式資料中の品目表記とcategoryの直接候補あり。 collector_status=ALL_EXISTING_BRANCHES_HAVE_DIRECT_CANDIDATE
M052,I005,DIRECT_ITEM,C-M052-01,資源物Aグループ,S-M052-01,text-match:スチール缶 + 資源物Aグループ,FALSE,CATEGORY_SUPPORTED,全既存branchで公式資料中の品目表記とcategoryの直接候補あり。 collector_status=ALL_EXISTING_BRANCHES_HAVE_DIRECT_CANDIDATE
M052,I006,UNRESOLVED,,,,,TRUE,UNRESOLVED,直接記載・公式rule由来mapping・一意な一般則categoryのいずれでも決定できない。 collector_status=NO_ITEM_MATCH_IN_FETCHED_OFFICIAL_SOURCES
M052,I007,UNRESOLVED,,,,,TRUE,UNRESOLVED,直接記載・公式rule由来mapping・一意な一般則categoryのいずれでも決定できない。 collector_status=NO_ITEM_MATCH_IN_FETCHED_OFFICIAL_SOURCES
M052,I008,UNRESOLVED,,,,,TRUE,UNRESOLVED,直接記載・公式rule由来mapping・一意な一般則categoryのいずれでも決定できない。 collector_status=NO_ITEM_MATCH_IN_FETCHED_OFFICIAL_SOURCES
M052,I009,GENERAL_RULE_DERIVED,C-M052-04,プラスチック製容器包装,S-M052-01,ごみの分類と出し方／プラスチック製容器包装,TRUE,CATEGORY_SUPPORTED_CONDITION_REVIEW_REQUIRED,個別記載・既存mappingなし。一般的な材質/用途ルールと一意のCURRENT公式categoryが一致。 collector_status=NO_ITEM_MATCH_IN_FETCHED_OFFICIAL_SOURCES
M052,I010,GENERAL_RULE_DERIVED,C-M052-04,プラスチック製容器包装,S-M052-01,ごみの分類と出し方／プラスチック製容器包装,TRUE,CATEGORY_SUPPORTED_CONDITION_REVIEW_REQUIRED,個別記載・既存mappingなし。一般的な材質/用途ルールと一意のCURRENT公式categoryが一致。 collector_status=NO_ITEM_MATCH_IN_FETCHED_OFFICIAL_SOURCES
M052,I011,GENERAL_RULE_DERIVED,C-M052-04,プラスチック製容器包装,S-M052-01,ごみの分類と出し方／プラスチック製容器包装,TRUE,CATEGORY_SUPPORTED_CONDITION_REVIEW_REQUIRED,個別記載・既存mappingなし。一般的な材質/用途ルールと一意のCURRENT公式categoryが一致。 collector_status=NO_ITEM_MATCH_IN_FETCHED_OFFICIAL_SOURCES
M052,I012,GENERAL_RULE_DERIVED,C-M052-04,プラスチック製容器包装,S-M052-01,ごみの分類と出し方／プラスチック製容器包装,TRUE,CATEGORY_SUPPORTED_CONDITION_REVIEW_REQUIRED,個別記載・既存mappingなし。一般的な材質/用途ルールと一意のCURRENT公式categoryが一致。 collector_status=NO_ITEM_MATCH_IN_FETCHED_OFFICIAL_SOURCES
M052,I013,UNRESOLVED,,,,,FALSE,UNRESOLVED,直接記載・公式rule由来mapping・一意な一般則categoryのいずれでも決定できない。 collector_status=AMBIGUOUS_CATEGORY_CANDIDATES
M052,I014,UNRESOLVED,,,,,FALSE,UNRESOLVED,直接記載・公式rule由来mapping・一意な一般則categoryのいずれでも決定できない。 collector_status=AMBIGUOUS_CATEGORY_CANDIDATES
M052,I015,UNRESOLVED,,,,,FALSE,UNRESOLVED,直接記載・公式rule由来mapping・一意な一般則categoryのいずれでも決定できない。 collector_status=NO_ITEM_MATCH_IN_FETCHED_OFFICIAL_SOURCES
M052,I016,UNRESOLVED,,,,,FALSE,UNRESOLVED,直接記載・公式rule由来mapping・一意な一般則categoryのいずれでも決定できない。 collector_status=NO_ITEM_MATCH_IN_FETCHED_OFFICIAL_SOURCES
M052,I017,UNRESOLVED,,,,,TRUE,UNRESOLVED,直接記載・公式rule由来mapping・一意な一般則categoryのいずれでも決定できない。 collector_status=AMBIGUOUS_CATEGORY_CANDIDATES
M052,I018,OFFICIAL_RULE_DERIVED,C-M052-05,燃やせるごみ,S-M052-01,ごみの分類と出し方／燃やせるごみ,TRUE,CATEGORY_SUPPORTED_CONDITION_REVIEW_REQUIRED,品目の直接記載は必須とせず、既存mappingを支えるCURRENT公式category ruleから判定。 collector_status=NO_ITEM_MATCH_IN_FETCHED_OFFICIAL_SOURCES
M052,I019,UNRESOLVED,,,,,FALSE,UNRESOLVED,直接記載・公式rule由来mapping・一意な一般則categoryのいずれでも決定できない。 collector_status=NO_ITEM_MATCH_IN_FETCHED_OFFICIAL_SOURCES
M052,I020,UNRESOLVED,,,,,FALSE,UNRESOLVED,直接記載・公式rule由来mapping・一意な一般則categoryのいずれでも決定できない。 collector_status=NO_ITEM_MATCH_IN_FETCHED_OFFICIAL_SOURCES
M052,I021,UNRESOLVED,,,,,FALSE,UNRESOLVED,直接記載・公式rule由来mapping・一意な一般則categoryのいずれでも決定できない。 collector_status=NO_ITEM_MATCH_IN_FETCHED_OFFICIAL_SOURCES
M052,I022,UNRESOLVED,,,,,TRUE,UNRESOLVED,直接記載・公式rule由来mapping・一意な一般則categoryのいずれでも決定できない。 collector_status=NO_ITEM_MATCH_IN_FETCHED_OFFICIAL_SOURCES
M052,I023,UNRESOLVED,,,,,FALSE,UNRESOLVED,一般則候補categoryが複数(2)のため自動決定しない。 collector_status=NO_ITEM_MATCH_IN_FETCHED_OFFICIAL_SOURCES
M052,I024,UNRESOLVED,,,,,FALSE,UNRESOLVED,一般則候補categoryが複数(2)のため自動決定しない。 collector_status=NO_ITEM_MATCH_IN_FETCHED_OFFICIAL_SOURCES
M052,I025,UNRESOLVED,,,,,TRUE,UNRESOLVED,直接記載・公式rule由来mapping・一意な一般則categoryのいずれでも決定できない。 collector_status=NO_ITEM_MATCH_IN_FETCHED_OFFICIAL_SOURCES
M052,I026,UNRESOLVED,,,,,TRUE,UNRESOLVED,直接記載・公式rule由来mapping・一意な一般則categoryのいずれでも決定できない。 collector_status=NO_ITEM_MATCH_IN_FETCHED_OFFICIAL_SOURCES
M052,I027,OFFICIAL_RULE_DERIVED,C-M052-02,資源物Bグループ,S-M052-01,ごみの分類と出し方／資源物Bグループ,TRUE,CATEGORY_SUPPORTED_CONDITION_REVIEW_REQUIRED,品目の直接記載は必須とせず、既存mappingを支えるCURRENT公式category ruleから判定。 collector_status=AMBIGUOUS_CATEGORY_CANDIDATES
M052,I028,UNRESOLVED,,,,,TRUE,UNRESOLVED,直接記載・公式rule由来mapping・一意な一般則categoryのいずれでも決定できない。 collector_status=NO_ITEM_MATCH_IN_FETCHED_OFFICIAL_SOURCES
M052,I029,UNRESOLVED,,,,,TRUE,UNRESOLVED,直接記載・公式rule由来mapping・一意な一般則categoryのいずれでも決定できない。 collector_status=NO_ITEM_MATCH_IN_FETCHED_OFFICIAL_SOURCES
M052,I030,UNRESOLVED,,,,,TRUE,UNRESOLVED,直接記載・公式rule由来mapping・一意な一般則categoryのいずれでも決定できない。 collector_status=NO_ITEM_MATCH_IN_FETCHED_OFFICIAL_SOURCES
M052,I031,UNRESOLVED,,,,,TRUE,UNRESOLVED,直接記載・公式rule由来mapping・一意な一般則categoryのいずれでも決定できない。 collector_status=NO_ITEM_MATCH_IN_FETCHED_OFFICIAL_SOURCES
M052,I032,UNRESOLVED,,,,,TRUE,UNRESOLVED,直接記載・公式rule由来mapping・一意な一般則categoryのいずれでも決定できない。 collector_status=NO_ITEM_MATCH_IN_FETCHED_OFFICIAL_SOURCES
M052,I033,UNRESOLVED,,,,,TRUE,UNRESOLVED,直接記載・公式rule由来mapping・一意な一般則categoryのいずれでも決定できない。 collector_status=NO_ITEM_MATCH_IN_FETCHED_OFFICIAL_SOURCES
M052,I034,UNRESOLVED,,,,,TRUE,UNRESOLVED,直接記載・公式rule由来mapping・一意な一般則categoryのいずれでも決定できない。 collector_status=NO_ITEM_MATCH_IN_FETCHED_OFFICIAL_SOURCES
M052,I035,UNRESOLVED,,,,,TRUE,UNRESOLVED,直接記載・公式rule由来mapping・一意な一般則categoryのいずれでも決定できない。 collector_status=NO_ITEM_MATCH_IN_FETCHED_OFFICIAL_SOURCES
M052,I036,UNRESOLVED,,,,,TRUE,UNRESOLVED,直接記載・公式rule由来mapping・一意な一般則categoryのいずれでも決定できない。 collector_status=NO_ITEM_MATCH_IN_FETCHED_OFFICIAL_SOURCES
M052,I037,UNRESOLVED,,,,,TRUE,UNRESOLVED,既存mappingの全branchをCURRENT公式category ruleで裏付けられないため未解決。 collector_status=NO_ITEM_MATCH_IN_FETCHED_OFFICIAL_SOURCES
M052,I038,UNRESOLVED,,,,,TRUE,UNRESOLVED,直接記載・公式rule由来mapping・一意な一般則categoryのいずれでも決定できない。 collector_status=NO_ITEM_MATCH_IN_FETCHED_OFFICIAL_SOURCES
M052,I039,UNRESOLVED,,,,,TRUE,UNRESOLVED,直接記載・公式rule由来mapping・一意な一般則categoryのいずれでも決定できない。 collector_status=NO_ITEM_MATCH_IN_FETCHED_OFFICIAL_SOURCES
M052,I040,UNRESOLVED,,,,,TRUE,UNRESOLVED,直接記載・公式rule由来mapping・一意な一般則categoryのいずれでも決定できない。 collector_status=NO_ITEM_MATCH_IN_FETCHED_OFFICIAL_SOURCES
M053,I001,DIRECT_ITEM,C-M053-03,ペットボトル,S-M053-01,text-match:ペットボトル + ペットボトル,FALSE,CATEGORY_SUPPORTED,全既存branchで公式資料中の品目表記とcategoryの直接候補あり。 collector_status=ALL_EXISTING_BRANCHES_HAVE_DIRECT_CANDIDATE
M053,I002,UNRESOLVED,,,,,TRUE,UNRESOLVED,直接記載・公式rule由来mapping・一意な一般則categoryのいずれでも決定できない。 collector_status=NO_ITEM_MATCH_IN_FETCHED_OFFICIAL_SOURCES
M053,I003,UNRESOLVED,,,,,TRUE,UNRESOLVED,直接記載・公式rule由来mapping・一意な一般則categoryのいずれでも決定できない。 collector_status=NO_ITEM_MATCH_IN_FETCHED_OFFICIAL_SOURCES
M053,I004,OFFICIAL_RULE_DERIVED,C-M053-06,缶類（飲料用）,S-M053-01,ごみ分別の手引き／缶類（飲料用）,FALSE,CATEGORY_SUPPORTED,品目の直接記載は必須とせず、既存mappingを支えるCURRENT公式category ruleから判定。 collector_status=NO_ITEM_MATCH_IN_FETCHED_OFFICIAL_SOURCES
M053,I005,OFFICIAL_RULE_DERIVED,C-M053-06,缶類（飲料用）,S-M053-01,ごみ分別の手引き／缶類（飲料用）,FALSE,CATEGORY_SUPPORTED,品目の直接記載は必須とせず、既存mappingを支えるCURRENT公式category ruleから判定。 collector_status=NO_ITEM_MATCH_IN_FETCHED_OFFICIAL_SOURCES
M053,I006,OFFICIAL_RULE_DERIVED,C-M053-04,ビン類（飲食用）,S-M053-01,ごみ分別の手引き／ビン類（飲食用）,TRUE,CATEGORY_SUPPORTED_CONDITION_REVIEW_REQUIRED,品目の直接記載は必須とせず、既存mappingを支えるCURRENT公式category ruleから判定。 collector_status=NO_ITEM_MATCH_IN_FETCHED_OFFICIAL_SOURCES
M053,I007,UNRESOLVED,,,,,TRUE,UNRESOLVED,直接記載・公式rule由来mapping・一意な一般則categoryのいずれでも決定できない。 collector_status=NO_ITEM_MATCH_IN_FETCHED_OFFICIAL_SOURCES
M053,I008,UNRESOLVED,,,,,TRUE,UNRESOLVED,直接記載・公式rule由来mapping・一意な一般則categoryのいずれでも決定できない。 collector_status=NO_ITEM_MATCH_IN_FETCHED_OFFICIAL_SOURCES
M053,I009,UNRESOLVED,,,,,TRUE,UNRESOLVED,直接記載・公式rule由来mapping・一意な一般則categoryのいずれでも決定できない。 collector_status=NO_ITEM_MATCH_IN_FETCHED_OFFICIAL_SOURCES
M053,I010,UNRESOLVED,,,,,TRUE,UNRESOLVED,直接記載・公式rule由来mapping・一意な一般則categoryのいずれでも決定できない。 collector_status=NO_ITEM_MATCH_IN_FETCHED_OFFICIAL_SOURCES
M053,I011,UNRESOLVED,,,,,TRUE,UNRESOLVED,直接記載・公式rule由来mapping・一意な一般則categoryのいずれでも決定できない。 collector_status=NO_ITEM_MATCH_IN_FETCHED_OFFICIAL_SOURCES
M053,I012,UNRESOLVED,,,,,TRUE,UNRESOLVED,直接記載・公式rule由来mapping・一意な一般則categoryのいずれでも決定できない。 collector_status=NO_ITEM_MATCH_IN_FETCHED_OFFICIAL_SOURCES
M053,I013,DIRECT_ITEM,C-M053-11,新聞・新聞チラシ,S-M053-01,text-match:新聞 + 新聞・新聞チラシ,FALSE,CATEGORY_SUPPORTED,全既存branchで公式資料中の品目表記とcategoryの直接候補あり。 collector_status=ALL_EXISTING_BRANCHES_HAVE_DIRECT_CANDIDATE
M053,I014,DIRECT_ITEM,C-M053-09,ダンボール,S-M053-01,text-match:ダンボール + ダンボール,FALSE,CATEGORY_SUPPORTED,全既存branchで公式資料中の品目表記とcategoryの直接候補あり。 collector_status=ALL_EXISTING_BRANCHES_HAVE_DIRECT_CANDIDATE
M053,I015,DIRECT_ITEM,C-M053-08,本（書籍）・雑誌・冊子,S-M053-01,text-match:雑誌 + 本（書籍）・雑誌・冊子,FALSE,CATEGORY_SUPPORTED,全既存branchで公式資料中の品目表記とcategoryの直接候補あり。 collector_status=ALL_EXISTING_BRANCHES_HAVE_DIRECT_CANDIDATE
M053,I016,DIRECT_ITEM,C-M053-07,雑紙（その他の紙類）,S-M053-01,text-match:雑紙 + 雑紙（その他の紙類）,TRUE,CATEGORY_SUPPORTED_CONDITION_REVIEW_REQUIRED,全既存branchで公式資料中の品目表記とcategoryの直接候補あり。 collector_status=ALL_EXISTING_BRANCHES_HAVE_DIRECT_CANDIDATE
M053,I017,UNRESOLVED,,,,,TRUE,UNRESOLVED,直接記載・公式rule由来mapping・一意な一般則categoryのいずれでも決定できない。 collector_status=AMBIGUOUS_CATEGORY_CANDIDATES
M053,I018,DIRECT_ITEM,C-M053-01,燃やすごみ,S-M053-01,text-match:生ごみ + 燃やすごみ,TRUE,CATEGORY_SUPPORTED_CONDITION_REVIEW_REQUIRED,全既存branchで公式資料中の品目表記とcategoryの直接候補あり。 collector_status=ALL_EXISTING_BRANCHES_HAVE_DIRECT_CANDIDATE
M053,I019,GENERAL_RULE_DERIVED,C-M053-01,燃やすごみ,S-M053-01,ごみ分別の手引き／燃やすごみ,TRUE,CATEGORY_SUPPORTED_CONDITION_REVIEW_REQUIRED,個別記載・既存mappingなし。一般的な材質/用途ルールと一意のCURRENT公式categoryが一致。 collector_status=NO_ITEM_MATCH_IN_FETCHED_OFFICIAL_SOURCES
M053,I020,GENERAL_RULE_DERIVED,C-M053-01,燃やすごみ,S-M053-01,ごみ分別の手引き／燃やすごみ,TRUE,CATEGORY_SUPPORTED_CONDITION_REVIEW_REQUIRED,個別記載・既存mappingなし。一般的な材質/用途ルールと一意のCURRENT公式categoryが一致。 collector_status=NO_ITEM_MATCH_IN_FETCHED_OFFICIAL_SOURCES
M053,I021,DIRECT_ITEM,C-M053-12,衣類,S-M053-01,text-match:衣類 + 衣類,FALSE,CATEGORY_SUPPORTED,全既存branchで公式資料中の品目表記とcategoryの直接候補あり。 collector_status=ALL_EXISTING_BRANCHES_HAVE_DIRECT_CANDIDATE
M053,I022,UNRESOLVED,,,,,TRUE,UNRESOLVED,直接記載・公式rule由来mapping・一意な一般則categoryのいずれでも決定できない。 collector_status=NO_ITEM_MATCH_IN_FETCHED_OFFICIAL_SOURCES
M053,I023,OFFICIAL_RULE_DERIVED,C-M053-15,埋立ごみ,S-M053-01,ごみ分別の手引き／埋立ごみ,FALSE,CATEGORY_SUPPORTED,品目の直接記載は必須とせず、既存mappingを支えるCURRENT公式category ruleから判定。 collector_status=NO_ITEM_MATCH_IN_FETCHED_OFFICIAL_SOURCES
M053,I024,UNRESOLVED,,,,,FALSE,UNRESOLVED,直接記載・公式rule由来mapping・一意な一般則categoryのいずれでも決定できない。 collector_status=NO_ITEM_MATCH_IN_FETCHED_OFFICIAL_SOURCES
M053,I025,UNRESOLVED,,,,,TRUE,UNRESOLVED,直接記載・公式rule由来mapping・一意な一般則categoryのいずれでも決定できない。 collector_status=NO_ITEM_MATCH_IN_FETCHED_OFFICIAL_SOURCES
M053,I026,UNRESOLVED,,,,,TRUE,UNRESOLVED,直接記載・公式rule由来mapping・一意な一般則categoryのいずれでも決定できない。 collector_status=NO_ITEM_MATCH_IN_FETCHED_OFFICIAL_SOURCES
M053,I027,UNRESOLVED,,,,,TRUE,UNRESOLVED,直接記載・公式rule由来mapping・一意な一般則categoryのいずれでも決定できない。 collector_status=NO_ITEM_MATCH_IN_FETCHED_OFFICIAL_SOURCES
M053,I028,UNRESOLVED,,,,,TRUE,UNRESOLVED,直接記載・公式rule由来mapping・一意な一般則categoryのいずれでも決定できない。 collector_status=NO_ITEM_MATCH_IN_FETCHED_OFFICIAL_SOURCES
M053,I029,UNRESOLVED,,,,,TRUE,UNRESOLVED,直接記載・公式rule由来mapping・一意な一般則categoryのいずれでも決定できない。 collector_status=NO_ITEM_MATCH_IN_FETCHED_OFFICIAL_SOURCES
M053,I030,DIRECT_ITEM,C-M053-13,蛍光管・水銀体温計,S-M053-01,text-match:蛍光管 + 蛍光管・水銀体温計,TRUE,CATEGORY_SUPPORTED_CONDITION_REVIEW_REQUIRED,全既存branchで公式資料中の品目表記とcategoryの直接候補あり。 collector_status=ALL_EXISTING_BRANCHES_HAVE_DIRECT_CANDIDATE
M053,I031,UNRESOLVED,,,,,TRUE,UNRESOLVED,直接記載・公式rule由来mapping・一意な一般則categoryのいずれでも決定できない。 collector_status=NO_ITEM_MATCH_IN_FETCHED_OFFICIAL_SOURCES
M053,I032,UNRESOLVED,,,,,TRUE,UNRESOLVED,直接記載・公式rule由来mapping・一意な一般則categoryのいずれでも決定できない。 collector_status=NO_ITEM_MATCH_IN_FETCHED_OFFICIAL_SOURCES
M053,I033,UNRESOLVED,,,,,TRUE,UNRESOLVED,直接記載・公式rule由来mapping・一意な一般則categoryのいずれでも決定できない。 collector_status=NO_ITEM_MATCH_IN_FETCHED_OFFICIAL_SOURCES
M053,I034,UNRESOLVED,,,,,TRUE,UNRESOLVED,直接記載・公式rule由来mapping・一意な一般則categoryのいずれでも決定できない。 collector_status=NO_ITEM_MATCH_IN_FETCHED_OFFICIAL_SOURCES
M053,I035,UNRESOLVED,,,,,TRUE,UNRESOLVED,直接記載・公式rule由来mapping・一意な一般則categoryのいずれでも決定できない。 collector_status=NO_ITEM_MATCH_IN_FETCHED_OFFICIAL_SOURCES
M053,I036,UNRESOLVED,,,,,TRUE,UNRESOLVED,直接記載・公式rule由来mapping・一意な一般則categoryのいずれでも決定できない。 collector_status=NO_ITEM_MATCH_IN_FETCHED_OFFICIAL_SOURCES
M053,I037,UNRESOLVED,,,,,TRUE,UNRESOLVED,直接記載・公式rule由来mapping・一意な一般則categoryのいずれでも決定できない。 collector_status=NO_ITEM_MATCH_IN_FETCHED_OFFICIAL_SOURCES
M053,I038,UNRESOLVED,,,,,TRUE,UNRESOLVED,既存mappingの全branchをCURRENT公式category ruleで裏付けられないため未解決。 collector_status=NO_ITEM_MATCH_IN_FETCHED_OFFICIAL_SOURCES
M053,I039,UNRESOLVED,,,,,TRUE,UNRESOLVED,直接記載・公式rule由来mapping・一意な一般則categoryのいずれでも決定できない。 collector_status=NO_ITEM_MATCH_IN_FETCHED_OFFICIAL_SOURCES
M053,I040,UNRESOLVED,,,,,TRUE,UNRESOLVED,直接記載・公式rule由来mapping・一意な一般則categoryのいずれでも決定できない。 collector_status=NO_ITEM_MATCH_IN_FETCHED_OFFICIAL_SOURCES
M054,I001,DIRECT_ITEM,C-M054-09,ペットボトル,S-M054-01,text-match:ペットボトル + ペットボトル,FALSE,CATEGORY_SUPPORTED,全既存branchで公式資料中の品目表記とcategoryの直接候補あり。 collector_status=ALL_EXISTING_BRANCHES_HAVE_DIRECT_CANDIDATE
M054,I002,UNRESOLVED,,,,,TRUE,UNRESOLVED,直接記載・公式rule由来mapping・一意な一般則categoryのいずれでも決定できない。 collector_status=NO_ITEM_MATCH_IN_FETCHED_OFFICIAL_SOURCES
M054,I003,UNRESOLVED,,,,,TRUE,UNRESOLVED,直接記載・公式rule由来mapping・一意な一般則categoryのいずれでも決定できない。 collector_status=AMBIGUOUS_CATEGORY_CANDIDATES
M054,I004,DIRECT_ITEM,C-M054-07,缶類,S-M054-02,text-match:アルミ缶 + 缶類,FALSE,CATEGORY_SUPPORTED,全既存branchで公式資料中の品目表記とcategoryの直接候補あり。 collector_status=ALL_EXISTING_BRANCHES_HAVE_DIRECT_CANDIDATE
M054,I005,DIRECT_ITEM,C-M054-07,缶類,S-M054-02,text-match:スチール缶 + 缶類,FALSE,CATEGORY_SUPPORTED,全既存branchで公式資料中の品目表記とcategoryの直接候補あり。 collector_status=ALL_EXISTING_BRANCHES_HAVE_DIRECT_CANDIDATE
M054,I006,OFFICIAL_RULE_DERIVED,C-M054-06,ビン類,S-M054-02,家庭ごみの分け方／ビン類,TRUE,CATEGORY_SUPPORTED_CONDITION_REVIEW_REQUIRED,品目の直接記載は必須とせず、既存mappingを支えるCURRENT公式category ruleから判定。 collector_status=NO_ITEM_MATCH_IN_FETCHED_OFFICIAL_SOURCES
M054,I007,OFFICIAL_RULE_DERIVED,C-M054-11,白色トレイ,S-M054-02,家庭ごみの分け方／白色トレイ,TRUE,CATEGORY_SUPPORTED_CONDITION_REVIEW_REQUIRED,品目の直接記載は必須とせず、既存mappingを支えるCURRENT公式category ruleから判定。 collector_status=NO_ITEM_MATCH_IN_FETCHED_OFFICIAL_SOURCES
M054,I008,UNRESOLVED,,,,,TRUE,UNRESOLVED,直接記載・公式rule由来mapping・一意な一般則categoryのいずれでも決定できない。 collector_status=NO_ITEM_MATCH_IN_FETCHED_OFFICIAL_SOURCES
M054,I009,GENERAL_RULE_DERIVED,C-M054-08,容器包装プラスチック類,S-M054-02,家庭ごみの分け方／容器包装プラスチック類,TRUE,CATEGORY_SUPPORTED_CONDITION_REVIEW_REQUIRED,個別記載・既存mappingなし。一般的な材質/用途ルールと一意のCURRENT公式categoryが一致。 collector_status=NO_ITEM_MATCH_IN_FETCHED_OFFICIAL_SOURCES
M054,I010,GENERAL_RULE_DERIVED,C-M054-08,容器包装プラスチック類,S-M054-02,家庭ごみの分け方／容器包装プラスチック類,TRUE,CATEGORY_SUPPORTED_CONDITION_REVIEW_REQUIRED,個別記載・既存mappingなし。一般的な材質/用途ルールと一意のCURRENT公式categoryが一致。 collector_status=NO_ITEM_MATCH_IN_FETCHED_OFFICIAL_SOURCES
M054,I011,GENERAL_RULE_DERIVED,C-M054-08,容器包装プラスチック類,S-M054-02,家庭ごみの分け方／容器包装プラスチック類,TRUE,CATEGORY_SUPPORTED_CONDITION_REVIEW_REQUIRED,個別記載・既存mappingなし。一般的な材質/用途ルールと一意のCURRENT公式categoryが一致。 collector_status=NO_ITEM_MATCH_IN_FETCHED_OFFICIAL_SOURCES
M054,I012,DIRECT_ITEM,C-M054-10,発泡スチロール,S-M054-01,text-match:発泡スチロール + 発泡スチロール,TRUE,CATEGORY_SUPPORTED_CONDITION_REVIEW_REQUIRED,全既存branchで公式資料中の品目表記とcategoryの直接候補あり。 collector_status=ALL_EXISTING_BRANCHES_HAVE_DIRECT_CANDIDATE
M054,I013,UNRESOLVED,,,,,FALSE,UNRESOLVED,直接記載・公式rule由来mapping・一意な一般則categoryのいずれでも決定できない。 collector_status=AMBIGUOUS_CATEGORY_CANDIDATES
M054,I014,UNRESOLVED,,,,,FALSE,UNRESOLVED,直接記載・公式rule由来mapping・一意な一般則categoryのいずれでも決定できない。 collector_status=AMBIGUOUS_CATEGORY_CANDIDATES
M054,I015,UNRESOLVED,,,,,FALSE,UNRESOLVED,直接記載・公式rule由来mapping・一意な一般則categoryのいずれでも決定できない。 collector_status=AMBIGUOUS_CATEGORY_CANDIDATES
M054,I016,UNRESOLVED,,,,,FALSE,UNRESOLVED,直接記載・公式rule由来mapping・一意な一般則categoryのいずれでも決定できない。 collector_status=NO_ITEM_MATCH_IN_FETCHED_OFFICIAL_SOURCES
M054,I017,UNRESOLVED,,,,,TRUE,UNRESOLVED,直接記載・公式rule由来mapping・一意な一般則categoryのいずれでも決定できない。 collector_status=AMBIGUOUS_CATEGORY_CANDIDATES
M054,I018,DIRECT_ITEM,C-M054-04,燃やせるごみ,S-M054-02,text-match:生ごみ + 燃やせるごみ,TRUE,CATEGORY_SUPPORTED_CONDITION_REVIEW_REQUIRED,全既存branchで公式資料中の品目表記とcategoryの直接候補あり。 collector_status=ALL_EXISTING_BRANCHES_HAVE_DIRECT_CANDIDATE
M054,I019,UNRESOLVED,,,,,FALSE,UNRESOLVED,直接記載・公式rule由来mapping・一意な一般則categoryのいずれでも決定できない。 collector_status=NO_ITEM_MATCH_IN_FETCHED_OFFICIAL_SOURCES
M054,I020,UNRESOLVED,,,,,FALSE,UNRESOLVED,直接記載・公式rule由来mapping・一意な一般則categoryのいずれでも決定できない。 collector_status=NO_ITEM_MATCH_IN_FETCHED_OFFICIAL_SOURCES
M054,I021,UNRESOLVED,,,,,FALSE,UNRESOLVED,直接記載・公式rule由来mapping・一意な一般則categoryのいずれでも決定できない。 collector_status=AMBIGUOUS_CATEGORY_CANDIDATES
M054,I022,UNRESOLVED,,,,,TRUE,UNRESOLVED,直接記載・公式rule由来mapping・一意な一般則categoryのいずれでも決定できない。 collector_status=AMBIGUOUS_CATEGORY_CANDIDATES
M054,I023,UNRESOLVED,,,,,FALSE,UNRESOLVED,直接記載・公式rule由来mapping・一意な一般則categoryのいずれでも決定できない。 collector_status=NO_ITEM_MATCH_IN_FETCHED_OFFICIAL_SOURCES
M054,I024,UNRESOLVED,,,,,FALSE,UNRESOLVED,直接記載・公式rule由来mapping・一意な一般則categoryのいずれでも決定できない。 collector_status=AMBIGUOUS_CATEGORY_CANDIDATES
M054,I025,UNRESOLVED,,,,,TRUE,UNRESOLVED,直接記載・公式rule由来mapping・一意な一般則categoryのいずれでも決定できない。 collector_status=AMBIGUOUS_CATEGORY_CANDIDATES
M054,I026,UNRESOLVED,,,,,TRUE,UNRESOLVED,直接記載・公式rule由来mapping・一意な一般則categoryのいずれでも決定できない。 collector_status=ONE_INFERRED_CATEGORY_CANDIDATE
M054,I027,UNRESOLVED,,,,,TRUE,UNRESOLVED,直接記載・公式rule由来mapping・一意な一般則categoryのいずれでも決定できない。 collector_status=NO_ITEM_MATCH_IN_FETCHED_OFFICIAL_SOURCES
M054,I028,UNRESOLVED,,,,,TRUE,UNRESOLVED,直接記載・公式rule由来mapping・一意な一般則categoryのいずれでも決定できない。 collector_status=NO_ITEM_MATCH_IN_FETCHED_OFFICIAL_SOURCES
M054,I029,UNRESOLVED,,,,,TRUE,UNRESOLVED,直接記載・公式rule由来mapping・一意な一般則categoryのいずれでも決定できない。 collector_status=NO_ITEM_MATCH_IN_FETCHED_OFFICIAL_SOURCES
M054,I030,DIRECT_ITEM,C-M054-02,有害ごみ（粗大ごみを含む）,S-M054-02,text-match:蛍光灯 + 有害ごみ（粗大ごみを含む）,TRUE,CATEGORY_SUPPORTED_CONDITION_REVIEW_REQUIRED,全既存branchで公式資料中の品目表記とcategoryの直接候補あり。 collector_status=ALL_EXISTING_BRANCHES_HAVE_DIRECT_CANDIDATE
M054,I031,DIRECT_ITEM,C-M054-02,有害ごみ（粗大ごみを含む）,S-M054-02,text-match:電球 + 有害ごみ（粗大ごみを含む）,TRUE,CATEGORY_SUPPORTED_CONDITION_REVIEW_REQUIRED,全既存branchで公式資料中の品目表記とcategoryの直接候補あり。 collector_status=ALL_EXISTING_BRANCHES_HAVE_DIRECT_CANDIDATE
M054,I032,UNRESOLVED,,,,,TRUE,UNRESOLVED,直接記載・公式rule由来mapping・一意な一般則categoryのいずれでも決定できない。 collector_status=AMBIGUOUS_CATEGORY_CANDIDATES
M054,I033,UNRESOLVED,,,,,TRUE,UNRESOLVED,直接記載・公式rule由来mapping・一意な一般則categoryのいずれでも決定できない。 collector_status=AMBIGUOUS_CATEGORY_CANDIDATES
M054,I034,UNRESOLVED,,,,,TRUE,UNRESOLVED,直接記載・公式rule由来mapping・一意な一般則categoryのいずれでも決定できない。 collector_status=NO_ITEM_MATCH_IN_FETCHED_OFFICIAL_SOURCES
M054,I035,UNRESOLVED,,,,,TRUE,UNRESOLVED,直接記載・公式rule由来mapping・一意な一般則categoryのいずれでも決定できない。 collector_status=NO_ITEM_MATCH_IN_FETCHED_OFFICIAL_SOURCES
M054,I036,UNRESOLVED,,,,,TRUE,UNRESOLVED,直接記載・公式rule由来mapping・一意な一般則categoryのいずれでも決定できない。 collector_status=NO_ITEM_MATCH_IN_FETCHED_OFFICIAL_SOURCES
M054,I037,UNRESOLVED,,,,,TRUE,UNRESOLVED,直接記載・公式rule由来mapping・一意な一般則categoryのいずれでも決定できない。 collector_status=NO_ITEM_MATCH_IN_FETCHED_OFFICIAL_SOURCES
M054,I038,UNRESOLVED,,,,,TRUE,UNRESOLVED,直接記載・公式rule由来mapping・一意な一般則categoryのいずれでも決定できない。 collector_status=ITEM_MATCH_WITHOUT_CATEGORY
M054,I039,UNRESOLVED,,,,,TRUE,UNRESOLVED,直接記載・公式rule由来mapping・一意な一般則categoryのいずれでも決定できない。 collector_status=NO_ITEM_MATCH_IN_FETCHED_OFFICIAL_SOURCES
M054,I040,UNRESOLVED,,,,,TRUE,UNRESOLVED,直接記載・公式rule由来mapping・一意な一般則categoryのいずれでも決定できない。 collector_status=NO_ITEM_MATCH_IN_FETCHED_OFFICIAL_SOURCES
M055,I001,UNRESOLVED,,,,,FALSE,UNRESOLVED,直接記載・公式rule由来mapping・一意な一般則categoryのいずれでも決定できない。 collector_status=NO_ITEM_MATCH_IN_FETCHED_OFFICIAL_SOURCES
M055,I002,UNRESOLVED,,,,,TRUE,UNRESOLVED,直接記載・公式rule由来mapping・一意な一般則categoryのいずれでも決定できない。 collector_status=NO_ITEM_MATCH_IN_FETCHED_OFFICIAL_SOURCES
M055,I003,UNRESOLVED,,,,,TRUE,UNRESOLVED,直接記載・公式rule由来mapping・一意な一般則categoryのいずれでも決定できない。 collector_status=NO_ITEM_MATCH_IN_FETCHED_OFFICIAL_SOURCES
M055,I004,UNRESOLVED,,,,,FALSE,UNRESOLVED,直接記載・公式rule由来mapping・一意な一般則categoryのいずれでも決定できない。 collector_status=NO_ITEM_MATCH_IN_FETCHED_OFFICIAL_SOURCES
M055,I005,UNRESOLVED,,,,,FALSE,UNRESOLVED,直接記載・公式rule由来mapping・一意な一般則categoryのいずれでも決定できない。 collector_status=NO_ITEM_MATCH_IN_FETCHED_OFFICIAL_SOURCES
M055,I006,UNRESOLVED,,,,,TRUE,UNRESOLVED,直接記載・公式rule由来mapping・一意な一般則categoryのいずれでも決定できない。 collector_status=NO_ITEM_MATCH_IN_FETCHED_OFFICIAL_SOURCES
M055,I007,UNRESOLVED,,,,,TRUE,UNRESOLVED,直接記載・公式rule由来mapping・一意な一般則categoryのいずれでも決定できない。 collector_status=NO_ITEM_MATCH_IN_FETCHED_OFFICIAL_SOURCES
M055,I008,UNRESOLVED,,,,,TRUE,UNRESOLVED,直接記載・公式rule由来mapping・一意な一般則categoryのいずれでも決定できない。 collector_status=NO_ITEM_MATCH_IN_FETCHED_OFFICIAL_SOURCES
M055,I009,UNRESOLVED,,,,,TRUE,UNRESOLVED,直接記載・公式rule由来mapping・一意な一般則categoryのいずれでも決定できない。 collector_status=NO_ITEM_MATCH_IN_FETCHED_OFFICIAL_SOURCES
M055,I010,UNRESOLVED,,,,,TRUE,UNRESOLVED,直接記載・公式rule由来mapping・一意な一般則categoryのいずれでも決定できない。 collector_status=NO_ITEM_MATCH_IN_FETCHED_OFFICIAL_SOURCES
M055,I011,UNRESOLVED,,,,,TRUE,UNRESOLVED,直接記載・公式rule由来mapping・一意な一般則categoryのいずれでも決定できない。 collector_status=NO_ITEM_MATCH_IN_FETCHED_OFFICIAL_SOURCES
M055,I012,UNRESOLVED,,,,,TRUE,UNRESOLVED,直接記載・公式rule由来mapping・一意な一般則categoryのいずれでも決定できない。 collector_status=NO_ITEM_MATCH_IN_FETCHED_OFFICIAL_SOURCES
M055,I013,UNRESOLVED,,,,,FALSE,UNRESOLVED,直接記載・公式rule由来mapping・一意な一般則categoryのいずれでも決定できない。 collector_status=NO_ITEM_MATCH_IN_FETCHED_OFFICIAL_SOURCES
M055,I014,UNRESOLVED,,,,,FALSE,UNRESOLVED,直接記載・公式rule由来mapping・一意な一般則categoryのいずれでも決定できない。 collector_status=NO_ITEM_MATCH_IN_FETCHED_OFFICIAL_SOURCES
M055,I015,UNRESOLVED,,,,,FALSE,UNRESOLVED,直接記載・公式rule由来mapping・一意な一般則categoryのいずれでも決定できない。 collector_status=NO_ITEM_MATCH_IN_FETCHED_OFFICIAL_SOURCES
M055,I016,UNRESOLVED,,,,,FALSE,UNRESOLVED,直接記載・公式rule由来mapping・一意な一般則categoryのいずれでも決定できない。 collector_status=NO_ITEM_MATCH_IN_FETCHED_OFFICIAL_SOURCES
M055,I017,UNRESOLVED,,,,,TRUE,UNRESOLVED,直接記載・公式rule由来mapping・一意な一般則categoryのいずれでも決定できない。 collector_status=NO_ITEM_MATCH_IN_FETCHED_OFFICIAL_SOURCES
M055,I018,UNRESOLVED,,,,,FALSE,UNRESOLVED,直接記載・公式rule由来mapping・一意な一般則categoryのいずれでも決定できない。 collector_status=NO_ITEM_MATCH_IN_FETCHED_OFFICIAL_SOURCES
M055,I019,UNRESOLVED,,,,,FALSE,UNRESOLVED,直接記載・公式rule由来mapping・一意な一般則categoryのいずれでも決定できない。 collector_status=NO_ITEM_MATCH_IN_FETCHED_OFFICIAL_SOURCES
M055,I020,UNRESOLVED,,,,,FALSE,UNRESOLVED,直接記載・公式rule由来mapping・一意な一般則categoryのいずれでも決定できない。 collector_status=NO_ITEM_MATCH_IN_FETCHED_OFFICIAL_SOURCES
M055,I021,UNRESOLVED,,,,,FALSE,UNRESOLVED,直接記載・公式rule由来mapping・一意な一般則categoryのいずれでも決定できない。 collector_status=NO_ITEM_MATCH_IN_FETCHED_OFFICIAL_SOURCES
M055,I022,UNRESOLVED,,,,,TRUE,UNRESOLVED,直接記載・公式rule由来mapping・一意な一般則categoryのいずれでも決定できない。 collector_status=NO_ITEM_MATCH_IN_FETCHED_OFFICIAL_SOURCES
M055,I023,UNRESOLVED,,,,,FALSE,UNRESOLVED,直接記載・公式rule由来mapping・一意な一般則categoryのいずれでも決定できない。 collector_status=NO_ITEM_MATCH_IN_FETCHED_OFFICIAL_SOURCES
M055,I024,UNRESOLVED,,,,,FALSE,UNRESOLVED,直接記載・公式rule由来mapping・一意な一般則categoryのいずれでも決定できない。 collector_status=NO_ITEM_MATCH_IN_FETCHED_OFFICIAL_SOURCES
M055,I025,UNRESOLVED,,,,,TRUE,UNRESOLVED,直接記載・公式rule由来mapping・一意な一般則categoryのいずれでも決定できない。 collector_status=NO_ITEM_MATCH_IN_FETCHED_OFFICIAL_SOURCES
M055,I026,UNRESOLVED,,,,,TRUE,UNRESOLVED,直接記載・公式rule由来mapping・一意な一般則categoryのいずれでも決定できない。 collector_status=NO_ITEM_MATCH_IN_FETCHED_OFFICIAL_SOURCES
M055,I027,OFFICIAL_RULE_DERIVED,C-M055-09,有害ごみ2,S-M055-03,公式分別手引き／有害ごみ2,TRUE,CATEGORY_SUPPORTED_CONDITION_REVIEW_REQUIRED,品目の直接記載は必須とせず、既存mappingを支えるCURRENT公式category ruleから判定。 collector_status=NO_ITEM_MATCH_IN_FETCHED_OFFICIAL_SOURCES
M055,I028,UNRESOLVED,,,,,TRUE,UNRESOLVED,直接記載・公式rule由来mapping・一意な一般則categoryのいずれでも決定できない。 collector_status=NO_ITEM_MATCH_IN_FETCHED_OFFICIAL_SOURCES
M055,I029,UNRESOLVED,,,,,TRUE,UNRESOLVED,直接記載・公式rule由来mapping・一意な一般則categoryのいずれでも決定できない。 collector_status=NO_ITEM_MATCH_IN_FETCHED_OFFICIAL_SOURCES
M055,I030,OFFICIAL_RULE_DERIVED,C-M055-08,有害ごみ1,S-M055-03,公式分別手引き／有害ごみ1,TRUE,CATEGORY_SUPPORTED_CONDITION_REVIEW_REQUIRED,品目の直接記載は必須とせず、既存mappingを支えるCURRENT公式category ruleから判定。 collector_status=NO_ITEM_MATCH_IN_FETCHED_OFFICIAL_SOURCES
M055,I031,UNRESOLVED,,,,,TRUE,UNRESOLVED,直接記載・公式rule由来mapping・一意な一般則categoryのいずれでも決定できない。 collector_status=NO_ITEM_MATCH_IN_FETCHED_OFFICIAL_SOURCES
M055,I032,UNRESOLVED,,,,,TRUE,UNRESOLVED,直接記載・公式rule由来mapping・一意な一般則categoryのいずれでも決定できない。 collector_status=NO_ITEM_MATCH_IN_FETCHED_OFFICIAL_SOURCES
M055,I033,UNRESOLVED,,,,,TRUE,UNRESOLVED,直接記載・公式rule由来mapping・一意な一般則categoryのいずれでも決定できない。 collector_status=NO_ITEM_MATCH_IN_FETCHED_OFFICIAL_SOURCES
M055,I034,OFFICIAL_RULE_DERIVED,C-M055-06,金属類（小型家電類含む）,S-M055-02,公式分別手引き／金属類（小型家電類含む）,TRUE,CATEGORY_SUPPORTED_CONDITION_REVIEW_REQUIRED,品目の直接記載は必須とせず、既存mappingを支えるCURRENT公式category ruleから判定。 collector_status=NO_ITEM_MATCH_IN_FETCHED_OFFICIAL_SOURCES
M055,I035,UNRESOLVED,,,,,TRUE,UNRESOLVED,直接記載・公式rule由来mapping・一意な一般則categoryのいずれでも決定できない。 collector_status=NO_ITEM_MATCH_IN_FETCHED_OFFICIAL_SOURCES
M055,I036,UNRESOLVED,,,,,TRUE,UNRESOLVED,直接記載・公式rule由来mapping・一意な一般則categoryのいずれでも決定できない。 collector_status=NO_ITEM_MATCH_IN_FETCHED_OFFICIAL_SOURCES
M055,I037,OFFICIAL_RULE_DERIVED,C-M055-11,特定家電,S-M055-02,公式分別手引き／特定家電,TRUE,CATEGORY_SUPPORTED_CONDITION_REVIEW_REQUIRED,品目の直接記載は必須とせず、既存mappingを支えるCURRENT公式category ruleから判定。 collector_status=NO_ITEM_MATCH_IN_FETCHED_OFFICIAL_SOURCES
M055,I038,UNRESOLVED,,,,,TRUE,UNRESOLVED,直接記載・公式rule由来mapping・一意な一般則categoryのいずれでも決定できない。 collector_status=NO_ITEM_MATCH_IN_FETCHED_OFFICIAL_SOURCES
M055,I039,UNRESOLVED,,,,,TRUE,UNRESOLVED,直接記載・公式rule由来mapping・一意な一般則categoryのいずれでも決定できない。 collector_status=NO_ITEM_MATCH_IN_FETCHED_OFFICIAL_SOURCES
M055,I040,UNRESOLVED,,,,,TRUE,UNRESOLVED,直接記載・公式rule由来mapping・一意な一般則categoryのいずれでも決定できない。 collector_status=NO_ITEM_MATCH_IN_FETCHED_OFFICIAL_SOURCES
M056,I001,OFFICIAL_RULE_DERIVED,C-M056-03,ペットボトル,S-M056-01,令和8年4月版／ペットボトル,FALSE,CATEGORY_SUPPORTED,品目の直接記載は必須とせず、既存mappingを支えるCURRENT公式category ruleから判定。 collector_status=NO_ITEM_MATCH_IN_FETCHED_OFFICIAL_SOURCES
M056,I002,UNRESOLVED,,,,,TRUE,UNRESOLVED,直接記載・公式rule由来mapping・一意な一般則categoryのいずれでも決定できない。 collector_status=NO_ITEM_MATCH_IN_FETCHED_OFFICIAL_SOURCES
M056,I003,UNRESOLVED,,,,,TRUE,UNRESOLVED,直接記載・公式rule由来mapping・一意な一般則categoryのいずれでも決定できない。 collector_status=NO_ITEM_MATCH_IN_FETCHED_OFFICIAL_SOURCES
M056,I004,UNRESOLVED,,,,,FALSE,UNRESOLVED,直接記載・公式rule由来mapping・一意な一般則categoryのいずれでも決定できない。 collector_status=NO_ITEM_MATCH_IN_FETCHED_OFFICIAL_SOURCES
M056,I005,UNRESOLVED,,,,,FALSE,UNRESOLVED,直接記載・公式rule由来mapping・一意な一般則categoryのいずれでも決定できない。 collector_status=NO_ITEM_MATCH_IN_FETCHED_OFFICIAL_SOURCES
M056,I006,OFFICIAL_RULE_DERIVED,C-M056-05,空きびん,S-M056-01,令和8年4月版／空きびん,TRUE,CATEGORY_SUPPORTED_CONDITION_REVIEW_REQUIRED,品目の直接記載は必須とせず、既存mappingを支えるCURRENT公式category ruleから判定。 collector_status=NO_ITEM_MATCH_IN_FETCHED_OFFICIAL_SOURCES
M056,I007,UNRESOLVED,,,,,TRUE,UNRESOLVED,直接記載・公式rule由来mapping・一意な一般則categoryのいずれでも決定できない。 collector_status=NO_ITEM_MATCH_IN_FETCHED_OFFICIAL_SOURCES
M056,I008,UNRESOLVED,,,,,TRUE,UNRESOLVED,直接記載・公式rule由来mapping・一意な一般則categoryのいずれでも決定できない。 collector_status=NO_ITEM_MATCH_IN_FETCHED_OFFICIAL_SOURCES
M056,I009,GENERAL_RULE_DERIVED,C-M056-02,プラ容器包装,S-M056-01,令和8年4月版／プラ容器包装,TRUE,CATEGORY_SUPPORTED_CONDITION_REVIEW_REQUIRED,個別記載・既存mappingなし。一般的な材質/用途ルールと一意のCURRENT公式categoryが一致。 collector_status=NO_ITEM_MATCH_IN_FETCHED_OFFICIAL_SOURCES
M056,I010,GENERAL_RULE_DERIVED,C-M056-02,プラ容器包装,S-M056-01,令和8年4月版／プラ容器包装,TRUE,CATEGORY_SUPPORTED_CONDITION_REVIEW_REQUIRED,個別記載・既存mappingなし。一般的な材質/用途ルールと一意のCURRENT公式categoryが一致。 collector_status=NO_ITEM_MATCH_IN_FETCHED_OFFICIAL_SOURCES
M056,I011,GENERAL_RULE_DERIVED,C-M056-02,プラ容器包装,S-M056-01,令和8年4月版／プラ容器包装,TRUE,CATEGORY_SUPPORTED_CONDITION_REVIEW_REQUIRED,個別記載・既存mappingなし。一般的な材質/用途ルールと一意のCURRENT公式categoryが一致。 collector_status=NO_ITEM_MATCH_IN_FETCHED_OFFICIAL_SOURCES
M056,I012,GENERAL_RULE_DERIVED,C-M056-02,プラ容器包装,S-M056-01,令和8年4月版／プラ容器包装,TRUE,CATEGORY_SUPPORTED_CONDITION_REVIEW_REQUIRED,個別記載・既存mappingなし。一般的な材質/用途ルールと一意のCURRENT公式categoryが一致。 collector_status=NO_ITEM_MATCH_IN_FETCHED_OFFICIAL_SOURCES
M056,I013,UNRESOLVED,,,,,FALSE,UNRESOLVED,直接記載・公式rule由来mapping・一意な一般則categoryのいずれでも決定できない。 collector_status=NO_ITEM_MATCH_IN_FETCHED_OFFICIAL_SOURCES
M056,I014,UNRESOLVED,,,,,FALSE,UNRESOLVED,直接記載・公式rule由来mapping・一意な一般則categoryのいずれでも決定できない。 collector_status=NO_ITEM_MATCH_IN_FETCHED_OFFICIAL_SOURCES
M056,I015,UNRESOLVED,,,,,FALSE,UNRESOLVED,直接記載・公式rule由来mapping・一意な一般則categoryのいずれでも決定できない。 collector_status=NO_ITEM_MATCH_IN_FETCHED_OFFICIAL_SOURCES
M056,I016,UNRESOLVED,,,,,FALSE,UNRESOLVED,直接記載・公式rule由来mapping・一意な一般則categoryのいずれでも決定できない。 collector_status=NO_ITEM_MATCH_IN_FETCHED_OFFICIAL_SOURCES
M056,I017,UNRESOLVED,,,,,TRUE,UNRESOLVED,直接記載・公式rule由来mapping・一意な一般則categoryのいずれでも決定できない。 collector_status=NO_ITEM_MATCH_IN_FETCHED_OFFICIAL_SOURCES
M056,I018,OFFICIAL_RULE_DERIVED,C-M056-01,燃やせるごみ,S-M056-01,令和8年4月版／燃やせるごみ,TRUE,CATEGORY_SUPPORTED_CONDITION_REVIEW_REQUIRED,品目の直接記載は必須とせず、既存mappingを支えるCURRENT公式category ruleから判定。 collector_status=NO_ITEM_MATCH_IN_FETCHED_OFFICIAL_SOURCES
M056,I019,UNRESOLVED,,,,,FALSE,UNRESOLVED,直接記載・公式rule由来mapping・一意な一般則categoryのいずれでも決定できない。 collector_status=NO_ITEM_MATCH_IN_FETCHED_OFFICIAL_SOURCES
M056,I020,UNRESOLVED,,,,,FALSE,UNRESOLVED,直接記載・公式rule由来mapping・一意な一般則categoryのいずれでも決定できない。 collector_status=NO_ITEM_MATCH_IN_FETCHED_OFFICIAL_SOURCES
M056,I021,UNRESOLVED,,,,,FALSE,UNRESOLVED,直接記載・公式rule由来mapping・一意な一般則categoryのいずれでも決定できない。 collector_status=NO_ITEM_MATCH_IN_FETCHED_OFFICIAL_SOURCES
M056,I022,UNRESOLVED,,,,,TRUE,UNRESOLVED,直接記載・公式rule由来mapping・一意な一般則categoryのいずれでも決定できない。 collector_status=NO_ITEM_MATCH_IN_FETCHED_OFFICIAL_SOURCES
M056,I023,GENERAL_RULE_DERIVED,C-M056-06,不燃ごみ,S-M056-01,令和8年4月版／不燃ごみ,FALSE,CATEGORY_SUPPORTED,個別記載・既存mappingなし。一般的な材質/用途ルールと一意のCURRENT公式categoryが一致。 collector_status=NO_ITEM_MATCH_IN_FETCHED_OFFICIAL_SOURCES
M056,I024,GENERAL_RULE_DERIVED,C-M056-06,不燃ごみ,S-M056-01,令和8年4月版／不燃ごみ,FALSE,CATEGORY_SUPPORTED,個別記載・既存mappingなし。一般的な材質/用途ルールと一意のCURRENT公式categoryが一致。 collector_status=NO_ITEM_MATCH_IN_FETCHED_OFFICIAL_SOURCES
M056,I025,UNRESOLVED,,,,,TRUE,UNRESOLVED,直接記載・公式rule由来mapping・一意な一般則categoryのいずれでも決定できない。 collector_status=NO_ITEM_MATCH_IN_FETCHED_OFFICIAL_SOURCES
M056,I026,UNRESOLVED,,,,,TRUE,UNRESOLVED,直接記載・公式rule由来mapping・一意な一般則categoryのいずれでも決定できない。 collector_status=NO_ITEM_MATCH_IN_FETCHED_OFFICIAL_SOURCES
M056,I027,OFFICIAL_RULE_DERIVED,C-M056-07,有害ごみ,S-M056-01,令和8年4月版／有害ごみ,TRUE,CATEGORY_SUPPORTED_CONDITION_REVIEW_REQUIRED,品目の直接記載は必須とせず、既存mappingを支えるCURRENT公式category ruleから判定。 collector_status=NO_ITEM_MATCH_IN_FETCHED_OFFICIAL_SOURCES
M056,I028,UNRESOLVED,,,,,TRUE,UNRESOLVED,直接記載・公式rule由来mapping・一意な一般則categoryのいずれでも決定できない。 collector_status=NO_ITEM_MATCH_IN_FETCHED_OFFICIAL_SOURCES
M056,I029,UNRESOLVED,,,,,TRUE,UNRESOLVED,直接記載・公式rule由来mapping・一意な一般則categoryのいずれでも決定できない。 collector_status=NO_ITEM_MATCH_IN_FETCHED_OFFICIAL_SOURCES
M056,I030,OFFICIAL_RULE_DERIVED,C-M056-07,有害ごみ,S-M056-01,令和8年4月版／有害ごみ,TRUE,CATEGORY_SUPPORTED_CONDITION_REVIEW_REQUIRED,品目の直接記載は必須とせず、既存mappingを支えるCURRENT公式category ruleから判定。 collector_status=NO_ITEM_MATCH_IN_FETCHED_OFFICIAL_SOURCES
M056,I031,UNRESOLVED,,,,,TRUE,UNRESOLVED,直接記載・公式rule由来mapping・一意な一般則categoryのいずれでも決定できない。 collector_status=NO_ITEM_MATCH_IN_FETCHED_OFFICIAL_SOURCES
M056,I032,DIRECT_ITEM,C-M056-04,空き缶,S-M056-02,text-match:エアゾール缶 + 空き缶,TRUE,CATEGORY_SUPPORTED_CONDITION_REVIEW_REQUIRED,全既存branchで公式資料中の品目表記とcategoryの直接候補あり。 collector_status=ALL_EXISTING_BRANCHES_HAVE_DIRECT_CANDIDATE
M056,I033,UNRESOLVED,,,,,TRUE,UNRESOLVED,直接記載・公式rule由来mapping・一意な一般則categoryのいずれでも決定できない。 collector_status=NO_ITEM_MATCH_IN_FETCHED_OFFICIAL_SOURCES
M056,I034,OFFICIAL_RULE_DERIVED,C-M056-06,不燃ごみ,S-M056-01,令和8年4月版／不燃ごみ,TRUE,CATEGORY_SUPPORTED_CONDITION_REVIEW_REQUIRED,品目の直接記載は必須とせず、既存mappingを支えるCURRENT公式category ruleから判定。 collector_status=NO_ITEM_MATCH_IN_FETCHED_OFFICIAL_SOURCES
M056,I035,UNRESOLVED,,,,,TRUE,UNRESOLVED,直接記載・公式rule由来mapping・一意な一般則categoryのいずれでも決定できない。 collector_status=NO_ITEM_MATCH_IN_FETCHED_OFFICIAL_SOURCES
M056,I036,UNRESOLVED,,,,,TRUE,UNRESOLVED,直接記載・公式rule由来mapping・一意な一般則categoryのいずれでも決定できない。 collector_status=NO_ITEM_MATCH_IN_FETCHED_OFFICIAL_SOURCES
M056,I037,UNRESOLVED,,,,,TRUE,UNRESOLVED,既存mappingの全branchをCURRENT公式category ruleで裏付けられないため未解決。 collector_status=NO_ITEM_MATCH_IN_FETCHED_OFFICIAL_SOURCES
M056,I038,UNRESOLVED,,,,,TRUE,UNRESOLVED,直接記載・公式rule由来mapping・一意な一般則categoryのいずれでも決定できない。 collector_status=NO_ITEM_MATCH_IN_FETCHED_OFFICIAL_SOURCES
M056,I039,UNRESOLVED,,,,,TRUE,UNRESOLVED,直接記載・公式rule由来mapping・一意な一般則categoryのいずれでも決定できない。 collector_status=NO_ITEM_MATCH_IN_FETCHED_OFFICIAL_SOURCES
M056,I040,UNRESOLVED,,,,,TRUE,UNRESOLVED,直接記載・公式rule由来mapping・一意な一般則categoryのいずれでも決定できない。 collector_status=NO_ITEM_MATCH_IN_FETCHED_OFFICIAL_SOURCES
M057,I001,UNRESOLVED,,,,,FALSE,UNRESOLVED,直接記載・公式rule由来mapping・一意な一般則categoryのいずれでも決定できない。 collector_status=NO_ITEM_MATCH_IN_FETCHED_OFFICIAL_SOURCES
M057,I002,UNRESOLVED,,,,,TRUE,UNRESOLVED,直接記載・公式rule由来mapping・一意な一般則categoryのいずれでも決定できない。 collector_status=NO_ITEM_MATCH_IN_FETCHED_OFFICIAL_SOURCES
M057,I003,UNRESOLVED,,,,,TRUE,UNRESOLVED,直接記載・公式rule由来mapping・一意な一般則categoryのいずれでも決定できない。 collector_status=NO_ITEM_MATCH_IN_FETCHED_OFFICIAL_SOURCES
M057,I004,UNRESOLVED,,,,,FALSE,UNRESOLVED,直接記載・公式rule由来mapping・一意な一般則categoryのいずれでも決定できない。 collector_status=NO_ITEM_MATCH_IN_FETCHED_OFFICIAL_SOURCES
M057,I005,UNRESOLVED,,,,,FALSE,UNRESOLVED,直接記載・公式rule由来mapping・一意な一般則categoryのいずれでも決定できない。 collector_status=NO_ITEM_MATCH_IN_FETCHED_OFFICIAL_SOURCES
M057,I006,UNRESOLVED,,,,,TRUE,UNRESOLVED,直接記載・公式rule由来mapping・一意な一般則categoryのいずれでも決定できない。 collector_status=NO_ITEM_MATCH_IN_FETCHED_OFFICIAL_SOURCES
M057,I007,UNRESOLVED,,,,,TRUE,UNRESOLVED,直接記載・公式rule由来mapping・一意な一般則categoryのいずれでも決定できない。 collector_status=NO_ITEM_MATCH_IN_FETCHED_OFFICIAL_SOURCES
M057,I008,UNRESOLVED,,,,,TRUE,UNRESOLVED,直接記載・公式rule由来mapping・一意な一般則categoryのいずれでも決定できない。 collector_status=NO_ITEM_MATCH_IN_FETCHED_OFFICIAL_SOURCES
M057,I009,UNRESOLVED,,,,,TRUE,UNRESOLVED,直接記載・公式rule由来mapping・一意な一般則categoryのいずれでも決定できない。 collector_status=NO_ITEM_MATCH_IN_FETCHED_OFFICIAL_SOURCES
M057,I010,UNRESOLVED,,,,,TRUE,UNRESOLVED,直接記載・公式rule由来mapping・一意な一般則categoryのいずれでも決定できない。 collector_status=NO_ITEM_MATCH_IN_FETCHED_OFFICIAL_SOURCES
M057,I011,UNRESOLVED,,,,,TRUE,UNRESOLVED,直接記載・公式rule由来mapping・一意な一般則categoryのいずれでも決定できない。 collector_status=NO_ITEM_MATCH_IN_FETCHED_OFFICIAL_SOURCES
M057,I012,UNRESOLVED,,,,,TRUE,UNRESOLVED,直接記載・公式rule由来mapping・一意な一般則categoryのいずれでも決定できない。 collector_status=NO_ITEM_MATCH_IN_FETCHED_OFFICIAL_SOURCES
M057,I013,UNRESOLVED,,,,,FALSE,UNRESOLVED,直接記載・公式rule由来mapping・一意な一般則categoryのいずれでも決定できない。 collector_status=NO_ITEM_MATCH_IN_FETCHED_OFFICIAL_SOURCES
M057,I014,UNRESOLVED,,,,,FALSE,UNRESOLVED,直接記載・公式rule由来mapping・一意な一般則categoryのいずれでも決定できない。 collector_status=NO_ITEM_MATCH_IN_FETCHED_OFFICIAL_SOURCES
M057,I015,UNRESOLVED,,,,,FALSE,UNRESOLVED,直接記載・公式rule由来mapping・一意な一般則categoryのいずれでも決定できない。 collector_status=NO_ITEM_MATCH_IN_FETCHED_OFFICIAL_SOURCES
M057,I016,UNRESOLVED,,,,,FALSE,UNRESOLVED,直接記載・公式rule由来mapping・一意な一般則categoryのいずれでも決定できない。 collector_status=NO_ITEM_MATCH_IN_FETCHED_OFFICIAL_SOURCES
M057,I017,UNRESOLVED,,,,,TRUE,UNRESOLVED,直接記載・公式rule由来mapping・一意な一般則categoryのいずれでも決定できない。 collector_status=NO_ITEM_MATCH_IN_FETCHED_OFFICIAL_SOURCES
M057,I018,UNRESOLVED,,,,,FALSE,UNRESOLVED,直接記載・公式rule由来mapping・一意な一般則categoryのいずれでも決定できない。 collector_status=NO_ITEM_MATCH_IN_FETCHED_OFFICIAL_SOURCES
M057,I019,UNRESOLVED,,,,,FALSE,UNRESOLVED,直接記載・公式rule由来mapping・一意な一般則categoryのいずれでも決定できない。 collector_status=NO_ITEM_MATCH_IN_FETCHED_OFFICIAL_SOURCES
M057,I020,UNRESOLVED,,,,,FALSE,UNRESOLVED,直接記載・公式rule由来mapping・一意な一般則categoryのいずれでも決定できない。 collector_status=NO_ITEM_MATCH_IN_FETCHED_OFFICIAL_SOURCES
M057,I021,UNRESOLVED,,,,,FALSE,UNRESOLVED,直接記載・公式rule由来mapping・一意な一般則categoryのいずれでも決定できない。 collector_status=NO_ITEM_MATCH_IN_FETCHED_OFFICIAL_SOURCES
M057,I022,UNRESOLVED,,,,,TRUE,UNRESOLVED,直接記載・公式rule由来mapping・一意な一般則categoryのいずれでも決定できない。 collector_status=NO_ITEM_MATCH_IN_FETCHED_OFFICIAL_SOURCES
M057,I023,UNRESOLVED,,,,,FALSE,UNRESOLVED,直接記載・公式rule由来mapping・一意な一般則categoryのいずれでも決定できない。 collector_status=NO_ITEM_MATCH_IN_FETCHED_OFFICIAL_SOURCES
M057,I024,UNRESOLVED,,,,,FALSE,UNRESOLVED,直接記載・公式rule由来mapping・一意な一般則categoryのいずれでも決定できない。 collector_status=NO_ITEM_MATCH_IN_FETCHED_OFFICIAL_SOURCES
M057,I025,UNRESOLVED,,,,,TRUE,UNRESOLVED,直接記載・公式rule由来mapping・一意な一般則categoryのいずれでも決定できない。 collector_status=NO_ITEM_MATCH_IN_FETCHED_OFFICIAL_SOURCES
M057,I026,UNRESOLVED,,,,,TRUE,UNRESOLVED,直接記載・公式rule由来mapping・一意な一般則categoryのいずれでも決定できない。 collector_status=NO_ITEM_MATCH_IN_FETCHED_OFFICIAL_SOURCES
M057,I027,OFFICIAL_RULE_DERIVED,C-M057-09,有害ごみ2,S-M057-02,いいしCC分別手引き／有害ごみ2,TRUE,CATEGORY_SUPPORTED_CONDITION_REVIEW_REQUIRED,品目の直接記載は必須とせず、既存mappingを支えるCURRENT公式category ruleから判定。 collector_status=NO_ITEM_MATCH_IN_FETCHED_OFFICIAL_SOURCES
M057,I028,UNRESOLVED,,,,,TRUE,UNRESOLVED,直接記載・公式rule由来mapping・一意な一般則categoryのいずれでも決定できない。 collector_status=NO_ITEM_MATCH_IN_FETCHED_OFFICIAL_SOURCES
M057,I029,UNRESOLVED,,,,,TRUE,UNRESOLVED,直接記載・公式rule由来mapping・一意な一般則categoryのいずれでも決定できない。 collector_status=NO_ITEM_MATCH_IN_FETCHED_OFFICIAL_SOURCES
M057,I030,OFFICIAL_RULE_DERIVED,C-M057-08,有害ごみ1,S-M057-02,いいしCC分別手引き／有害ごみ1,TRUE,CATEGORY_SUPPORTED_CONDITION_REVIEW_REQUIRED,品目の直接記載は必須とせず、既存mappingを支えるCURRENT公式category ruleから判定。 collector_status=NO_ITEM_MATCH_IN_FETCHED_OFFICIAL_SOURCES
M057,I031,UNRESOLVED,,,,,TRUE,UNRESOLVED,直接記載・公式rule由来mapping・一意な一般則categoryのいずれでも決定できない。 collector_status=NO_ITEM_MATCH_IN_FETCHED_OFFICIAL_SOURCES
M057,I032,UNRESOLVED,,,,,TRUE,UNRESOLVED,直接記載・公式rule由来mapping・一意な一般則categoryのいずれでも決定できない。 collector_status=NO_ITEM_MATCH_IN_FETCHED_OFFICIAL_SOURCES
M057,I033,UNRESOLVED,,,,,TRUE,UNRESOLVED,直接記載・公式rule由来mapping・一意な一般則categoryのいずれでも決定できない。 collector_status=NO_ITEM_MATCH_IN_FETCHED_OFFICIAL_SOURCES
M057,I034,OFFICIAL_RULE_DERIVED,C-M057-06,金属類（小型家電類含む）,S-M057-02,いいしCC分別手引き／金属類（小型家電類含む）,TRUE,CATEGORY_SUPPORTED_CONDITION_REVIEW_REQUIRED,品目の直接記載は必須とせず、既存mappingを支えるCURRENT公式category ruleから判定。 collector_status=NO_ITEM_MATCH_IN_FETCHED_OFFICIAL_SOURCES
M057,I035,UNRESOLVED,,,,,TRUE,UNRESOLVED,直接記載・公式rule由来mapping・一意な一般則categoryのいずれでも決定できない。 collector_status=NO_ITEM_MATCH_IN_FETCHED_OFFICIAL_SOURCES
M057,I036,UNRESOLVED,,,,,TRUE,UNRESOLVED,直接記載・公式rule由来mapping・一意な一般則categoryのいずれでも決定できない。 collector_status=NO_ITEM_MATCH_IN_FETCHED_OFFICIAL_SOURCES
M057,I037,OFFICIAL_RULE_DERIVED,C-M057-11,特定家電,S-M057-02,いいしCC分別手引き／特定家電,TRUE,CATEGORY_SUPPORTED_CONDITION_REVIEW_REQUIRED,品目の直接記載は必須とせず、既存mappingを支えるCURRENT公式category ruleから判定。 collector_status=NO_ITEM_MATCH_IN_FETCHED_OFFICIAL_SOURCES
M057,I038,UNRESOLVED,,,,,TRUE,UNRESOLVED,直接記載・公式rule由来mapping・一意な一般則categoryのいずれでも決定できない。 collector_status=NO_ITEM_MATCH_IN_FETCHED_OFFICIAL_SOURCES
M057,I039,UNRESOLVED,,,,,TRUE,UNRESOLVED,直接記載・公式rule由来mapping・一意な一般則categoryのいずれでも決定できない。 collector_status=NO_ITEM_MATCH_IN_FETCHED_OFFICIAL_SOURCES
M057,I040,UNRESOLVED,,,,,TRUE,UNRESOLVED,直接記載・公式rule由来mapping・一意な一般則categoryのいずれでも決定できない。 collector_status=NO_ITEM_MATCH_IN_FETCHED_OFFICIAL_SOURCES
M058,I001,DIRECT_ITEM,C-M058-11,ペットボトル,S-M058-02,text-match:ペットボトル + ペットボトル,FALSE,CATEGORY_SUPPORTED,全既存branchで公式資料中の品目表記とcategoryの直接候補あり。 collector_status=ALL_EXISTING_BRANCHES_HAVE_DIRECT_CANDIDATE
M058,I002,UNRESOLVED,,,,,TRUE,UNRESOLVED,直接記載・公式rule由来mapping・一意な一般則categoryのいずれでも決定できない。 collector_status=NO_ITEM_MATCH_IN_FETCHED_OFFICIAL_SOURCES
M058,I003,UNRESOLVED,,,,,TRUE,UNRESOLVED,直接記載・公式rule由来mapping・一意な一般則categoryのいずれでも決定できない。 collector_status=NO_ITEM_MATCH_IN_FETCHED_OFFICIAL_SOURCES
M058,I004,UNRESOLVED,,,,,FALSE,UNRESOLVED,直接記載・公式rule由来mapping・一意な一般則categoryのいずれでも決定できない。 collector_status=NO_ITEM_MATCH_IN_FETCHED_OFFICIAL_SOURCES
M058,I005,UNRESOLVED,,,,,FALSE,UNRESOLVED,直接記載・公式rule由来mapping・一意な一般則categoryのいずれでも決定できない。 collector_status=NO_ITEM_MATCH_IN_FETCHED_OFFICIAL_SOURCES
M058,I006,UNRESOLVED,,,,,TRUE,UNRESOLVED,直接記載・公式rule由来mapping・一意な一般則categoryのいずれでも決定できない。 collector_status=NO_ITEM_MATCH_IN_FETCHED_OFFICIAL_SOURCES
M058,I007,UNRESOLVED,,,,,TRUE,UNRESOLVED,直接記載・公式rule由来mapping・一意な一般則categoryのいずれでも決定できない。 collector_status=NO_ITEM_MATCH_IN_FETCHED_OFFICIAL_SOURCES
M058,I008,UNRESOLVED,,,,,TRUE,UNRESOLVED,直接記載・公式rule由来mapping・一意な一般則categoryのいずれでも決定できない。 collector_status=NO_ITEM_MATCH_IN_FETCHED_OFFICIAL_SOURCES
M058,I009,GENERAL_RULE_DERIVED,C-M058-08,容器包装プラスチック,S-M058-01,分別区分／容器包装プラスチック,TRUE,CATEGORY_SUPPORTED_CONDITION_REVIEW_REQUIRED,個別記載・既存mappingなし。一般的な材質/用途ルールと一意のCURRENT公式categoryが一致。 collector_status=NO_ITEM_MATCH_IN_FETCHED_OFFICIAL_SOURCES
M058,I010,GENERAL_RULE_DERIVED,C-M058-08,容器包装プラスチック,S-M058-01,分別区分／容器包装プラスチック,TRUE,CATEGORY_SUPPORTED_CONDITION_REVIEW_REQUIRED,個別記載・既存mappingなし。一般的な材質/用途ルールと一意のCURRENT公式categoryが一致。 collector_status=NO_ITEM_MATCH_IN_FETCHED_OFFICIAL_SOURCES
M058,I011,GENERAL_RULE_DERIVED,C-M058-08,容器包装プラスチック,S-M058-01,分別区分／容器包装プラスチック,TRUE,CATEGORY_SUPPORTED_CONDITION_REVIEW_REQUIRED,個別記載・既存mappingなし。一般的な材質/用途ルールと一意のCURRENT公式categoryが一致。 collector_status=NO_ITEM_MATCH_IN_FETCHED_OFFICIAL_SOURCES
M058,I012,GENERAL_RULE_DERIVED,C-M058-08,容器包装プラスチック,S-M058-01,分別区分／容器包装プラスチック,TRUE,CATEGORY_SUPPORTED_CONDITION_REVIEW_REQUIRED,個別記載・既存mappingなし。一般的な材質/用途ルールと一意のCURRENT公式categoryが一致。 collector_status=NO_ITEM_MATCH_IN_FETCHED_OFFICIAL_SOURCES
M058,I013,OFFICIAL_RULE_DERIVED,C-M058-03,新聞紙・折込広告,S-M058-01,古紙類・紙パック／新聞紙・折込広告,FALSE,CATEGORY_SUPPORTED,品目の直接記載は必須とせず、既存mappingを支えるCURRENT公式category ruleから判定。 collector_status=AMBIGUOUS_CATEGORY_CANDIDATES
M058,I014,DIRECT_ITEM,C-M058-05,段ボール,S-M058-02,text-match:段ボール + 段ボール,FALSE,CATEGORY_SUPPORTED,全既存branchで公式資料中の品目表記とcategoryの直接候補あり。 collector_status=ALL_EXISTING_BRANCHES_HAVE_DIRECT_CANDIDATE
M058,I015,OFFICIAL_RULE_DERIVED,C-M058-04,広告・雑誌・書籍,S-M058-01,古紙類・紙パック／広告・雑誌・書籍,FALSE,CATEGORY_SUPPORTED,品目の直接記載は必須とせず、既存mappingを支えるCURRENT公式category ruleから判定。 collector_status=AMBIGUOUS_CATEGORY_CANDIDATES
M058,I016,UNRESOLVED,,,,,FALSE,UNRESOLVED,直接記載・公式rule由来mapping・一意な一般則categoryのいずれでも決定できない。 collector_status=NO_ITEM_MATCH_IN_FETCHED_OFFICIAL_SOURCES
M058,I017,OFFICIAL_RULE_DERIVED,C-M058-06,紙パック,S-M058-01,古紙類・紙パック／紙パック,TRUE,CATEGORY_SUPPORTED_CONDITION_REVIEW_REQUIRED,品目の直接記載は必須とせず、既存mappingを支えるCURRENT公式category ruleから判定。 collector_status=NO_ITEM_MATCH_IN_FETCHED_OFFICIAL_SOURCES
M058,I018,OFFICIAL_RULE_DERIVED,C-M058-01,燃えるごみ,S-M058-01,分別区分／燃えるごみ,FALSE,CATEGORY_SUPPORTED,品目の直接記載は必須とせず、既存mappingを支えるCURRENT公式category ruleから判定。 collector_status=NO_ITEM_MATCH_IN_FETCHED_OFFICIAL_SOURCES
M058,I019,GENERAL_RULE_DERIVED,C-M058-01,燃えるごみ,S-M058-01,分別区分／燃えるごみ,FALSE,CATEGORY_SUPPORTED,個別記載・既存mappingなし。一般的な材質/用途ルールと一意のCURRENT公式categoryが一致。 collector_status=NO_ITEM_MATCH_IN_FETCHED_OFFICIAL_SOURCES
M058,I020,GENERAL_RULE_DERIVED,C-M058-01,燃えるごみ,S-M058-01,分別区分／燃えるごみ,FALSE,CATEGORY_SUPPORTED,個別記載・既存mappingなし。一般的な材質/用途ルールと一意のCURRENT公式categoryが一致。 collector_status=NO_ITEM_MATCH_IN_FETCHED_OFFICIAL_SOURCES
M058,I021,UNRESOLVED,,,,,FALSE,UNRESOLVED,直接記載・公式rule由来mapping・一意な一般則categoryのいずれでも決定できない。 collector_status=NO_ITEM_MATCH_IN_FETCHED_OFFICIAL_SOURCES
M058,I022,UNRESOLVED,,,,,TRUE,UNRESOLVED,直接記載・公式rule由来mapping・一意な一般則categoryのいずれでも決定できない。 collector_status=NO_ITEM_MATCH_IN_FETCHED_OFFICIAL_SOURCES
M058,I023,OFFICIAL_RULE_DERIVED,C-M058-12,不燃ごみ,S-M058-01,分別区分／不燃ごみ,TRUE,CATEGORY_SUPPORTED_CONDITION_REVIEW_REQUIRED,品目の直接記載は必須とせず、既存mappingを支えるCURRENT公式category ruleから判定。 collector_status=NO_ITEM_MATCH_IN_FETCHED_OFFICIAL_SOURCES
M058,I024,GENERAL_RULE_DERIVED,C-M058-12,不燃ごみ,S-M058-01,分別区分／不燃ごみ,TRUE,CATEGORY_SUPPORTED_CONDITION_REVIEW_REQUIRED,個別記載・既存mappingなし。一般的な材質/用途ルールと一意のCURRENT公式categoryが一致。 collector_status=NO_ITEM_MATCH_IN_FETCHED_OFFICIAL_SOURCES
M058,I025,UNRESOLVED,,,,,TRUE,UNRESOLVED,直接記載・公式rule由来mapping・一意な一般則categoryのいずれでも決定できない。 collector_status=NO_ITEM_MATCH_IN_FETCHED_OFFICIAL_SOURCES
M058,I026,UNRESOLVED,,,,,TRUE,UNRESOLVED,直接記載・公式rule由来mapping・一意な一般則categoryのいずれでも決定できない。 collector_status=NO_ITEM_MATCH_IN_FETCHED_OFFICIAL_SOURCES
M058,I027,UNRESOLVED,,,,,TRUE,UNRESOLVED,直接記載・公式rule由来mapping・一意な一般則categoryのいずれでも決定できない。 collector_status=ONE_INFERRED_CATEGORY_CANDIDATE
M058,I028,UNRESOLVED,,,,,TRUE,UNRESOLVED,直接記載・公式rule由来mapping・一意な一般則categoryのいずれでも決定できない。 collector_status=NO_ITEM_MATCH_IN_FETCHED_OFFICIAL_SOURCES
M058,I029,UNRESOLVED,,,,,TRUE,UNRESOLVED,直接記載・公式rule由来mapping・一意な一般則categoryのいずれでも決定できない。 collector_status=NO_ITEM_MATCH_IN_FETCHED_OFFICIAL_SOURCES
M058,I030,OFFICIAL_RULE_DERIVED,C-M058-13,有害ごみ,S-M058-01,分別区分／有害ごみ,TRUE,CATEGORY_SUPPORTED_CONDITION_REVIEW_REQUIRED,品目の直接記載は必須とせず、既存mappingを支えるCURRENT公式category ruleから判定。 collector_status=ITEM_MATCH_WITHOUT_CATEGORY
M058,I031,UNRESOLVED,,,,,TRUE,UNRESOLVED,直接記載・公式rule由来mapping・一意な一般則categoryのいずれでも決定できない。 collector_status=NO_ITEM_MATCH_IN_FETCHED_OFFICIAL_SOURCES
M058,I032,UNRESOLVED,,,,,TRUE,UNRESOLVED,直接記載・公式rule由来mapping・一意な一般則categoryのいずれでも決定できない。 collector_status=NO_ITEM_MATCH_IN_FETCHED_OFFICIAL_SOURCES
M058,I033,UNRESOLVED,,,,,TRUE,UNRESOLVED,直接記載・公式rule由来mapping・一意な一般則categoryのいずれでも決定できない。 collector_status=NO_ITEM_MATCH_IN_FETCHED_OFFICIAL_SOURCES
M058,I034,UNRESOLVED,,,,,TRUE,UNRESOLVED,直接記載・公式rule由来mapping・一意な一般則categoryのいずれでも決定できない。 collector_status=NO_ITEM_MATCH_IN_FETCHED_OFFICIAL_SOURCES
M058,I035,UNRESOLVED,,,,,TRUE,UNRESOLVED,直接記載・公式rule由来mapping・一意な一般則categoryのいずれでも決定できない。 collector_status=NO_ITEM_MATCH_IN_FETCHED_OFFICIAL_SOURCES
M058,I036,UNRESOLVED,,,,,TRUE,UNRESOLVED,直接記載・公式rule由来mapping・一意な一般則categoryのいずれでも決定できない。 collector_status=ONE_INFERRED_CATEGORY_CANDIDATE
M058,I037,UNRESOLVED,,,,,TRUE,UNRESOLVED,既存mappingの全branchをCURRENT公式category ruleで裏付けられないため未解決。 collector_status=NO_ITEM_MATCH_IN_FETCHED_OFFICIAL_SOURCES
M058,I038,UNRESOLVED,,,,,TRUE,UNRESOLVED,直接記載・公式rule由来mapping・一意な一般則categoryのいずれでも決定できない。 collector_status=NO_ITEM_MATCH_IN_FETCHED_OFFICIAL_SOURCES
M058,I039,UNRESOLVED,,,,,TRUE,UNRESOLVED,直接記載・公式rule由来mapping・一意な一般則categoryのいずれでも決定できない。 collector_status=NO_ITEM_MATCH_IN_FETCHED_OFFICIAL_SOURCES
M058,I040,UNRESOLVED,,,,,TRUE,UNRESOLVED,直接記載・公式rule由来mapping・一意な一般則categoryのいずれでも決定できない。 collector_status=NO_ITEM_MATCH_IN_FETCHED_OFFICIAL_SOURCES
M059,I001,DIRECT_ITEM,C-M059-11,ペットボトル,S-M059-03,text-match:ペットボトル + ペットボトル,FALSE,CATEGORY_SUPPORTED,全既存branchで公式資料中の品目表記とcategoryの直接候補あり。 collector_status=ALL_EXISTING_BRANCHES_HAVE_DIRECT_CANDIDATE
M059,I002,UNRESOLVED,,,,,TRUE,UNRESOLVED,直接記載・公式rule由来mapping・一意な一般則categoryのいずれでも決定できない。 collector_status=NO_ITEM_MATCH_IN_FETCHED_OFFICIAL_SOURCES
M059,I003,UNRESOLVED,,,,,TRUE,UNRESOLVED,直接記載・公式rule由来mapping・一意な一般則categoryのいずれでも決定できない。 collector_status=NO_ITEM_MATCH_IN_FETCHED_OFFICIAL_SOURCES
M059,I004,UNRESOLVED,,,,,FALSE,UNRESOLVED,直接記載・公式rule由来mapping・一意な一般則categoryのいずれでも決定できない。 collector_status=NO_ITEM_MATCH_IN_FETCHED_OFFICIAL_SOURCES
M059,I005,UNRESOLVED,,,,,FALSE,UNRESOLVED,直接記載・公式rule由来mapping・一意な一般則categoryのいずれでも決定できない。 collector_status=NO_ITEM_MATCH_IN_FETCHED_OFFICIAL_SOURCES
M059,I006,UNRESOLVED,,,,,TRUE,UNRESOLVED,直接記載・公式rule由来mapping・一意な一般則categoryのいずれでも決定できない。 collector_status=NO_ITEM_MATCH_IN_FETCHED_OFFICIAL_SOURCES
M059,I007,UNRESOLVED,,,,,TRUE,UNRESOLVED,直接記載・公式rule由来mapping・一意な一般則categoryのいずれでも決定できない。 collector_status=NO_ITEM_MATCH_IN_FETCHED_OFFICIAL_SOURCES
M059,I008,UNRESOLVED,,,,,TRUE,UNRESOLVED,直接記載・公式rule由来mapping・一意な一般則categoryのいずれでも決定できない。 collector_status=NO_ITEM_MATCH_IN_FETCHED_OFFICIAL_SOURCES
M059,I009,GENERAL_RULE_DERIVED,C-M059-08,容器包装プラスチック,S-M059-01,分別区分／容器包装プラスチック,TRUE,CATEGORY_SUPPORTED_CONDITION_REVIEW_REQUIRED,個別記載・既存mappingなし。一般的な材質/用途ルールと一意のCURRENT公式categoryが一致。 collector_status=NO_ITEM_MATCH_IN_FETCHED_OFFICIAL_SOURCES
M059,I010,GENERAL_RULE_DERIVED,C-M059-08,容器包装プラスチック,S-M059-01,分別区分／容器包装プラスチック,TRUE,CATEGORY_SUPPORTED_CONDITION_REVIEW_REQUIRED,個別記載・既存mappingなし。一般的な材質/用途ルールと一意のCURRENT公式categoryが一致。 collector_status=NO_ITEM_MATCH_IN_FETCHED_OFFICIAL_SOURCES
M059,I011,GENERAL_RULE_DERIVED,C-M059-08,容器包装プラスチック,S-M059-01,分別区分／容器包装プラスチック,TRUE,CATEGORY_SUPPORTED_CONDITION_REVIEW_REQUIRED,個別記載・既存mappingなし。一般的な材質/用途ルールと一意のCURRENT公式categoryが一致。 collector_status=NO_ITEM_MATCH_IN_FETCHED_OFFICIAL_SOURCES
M059,I012,GENERAL_RULE_DERIVED,C-M059-08,容器包装プラスチック,S-M059-01,分別区分／容器包装プラスチック,TRUE,CATEGORY_SUPPORTED_CONDITION_REVIEW_REQUIRED,個別記載・既存mappingなし。一般的な材質/用途ルールと一意のCURRENT公式categoryが一致。 collector_status=NO_ITEM_MATCH_IN_FETCHED_OFFICIAL_SOURCES
M059,I013,OFFICIAL_RULE_DERIVED,C-M059-03,新聞紙・折込広告,S-M059-01,古紙類・紙パック／新聞紙・折込広告,FALSE,CATEGORY_SUPPORTED,品目の直接記載は必須とせず、既存mappingを支えるCURRENT公式category ruleから判定。 collector_status=AMBIGUOUS_CATEGORY_CANDIDATES
M059,I014,OFFICIAL_RULE_DERIVED,C-M059-05,段ボール,S-M059-01,古紙類・紙パック／段ボール,FALSE,CATEGORY_SUPPORTED,品目の直接記載は必須とせず、既存mappingを支えるCURRENT公式category ruleから判定。 collector_status=NO_ITEM_MATCH_IN_FETCHED_OFFICIAL_SOURCES
M059,I015,OFFICIAL_RULE_DERIVED,C-M059-04,広告・雑誌・書籍,S-M059-01,古紙類・紙パック／広告・雑誌・書籍,FALSE,CATEGORY_SUPPORTED,品目の直接記載は必須とせず、既存mappingを支えるCURRENT公式category ruleから判定。 collector_status=NO_ITEM_MATCH_IN_FETCHED_OFFICIAL_SOURCES
M059,I016,UNRESOLVED,,,,,FALSE,UNRESOLVED,直接記載・公式rule由来mapping・一意な一般則categoryのいずれでも決定できない。 collector_status=NO_ITEM_MATCH_IN_FETCHED_OFFICIAL_SOURCES
M059,I017,OFFICIAL_RULE_DERIVED,C-M059-06,紙パック,S-M059-01,古紙類・紙パック／紙パック,TRUE,CATEGORY_SUPPORTED_CONDITION_REVIEW_REQUIRED,品目の直接記載は必須とせず、既存mappingを支えるCURRENT公式category ruleから判定。 collector_status=NO_ITEM_MATCH_IN_FETCHED_OFFICIAL_SOURCES
M059,I018,OFFICIAL_RULE_DERIVED,C-M059-01,燃えるごみ,S-M059-01,分別区分／燃えるごみ,FALSE,CATEGORY_SUPPORTED,品目の直接記載は必須とせず、既存mappingを支えるCURRENT公式category ruleから判定。 collector_status=NO_ITEM_MATCH_IN_FETCHED_OFFICIAL_SOURCES
M059,I019,GENERAL_RULE_DERIVED,C-M059-01,燃えるごみ,S-M059-01,分別区分／燃えるごみ,FALSE,CATEGORY_SUPPORTED,個別記載・既存mappingなし。一般的な材質/用途ルールと一意のCURRENT公式categoryが一致。 collector_status=NO_ITEM_MATCH_IN_FETCHED_OFFICIAL_SOURCES
M059,I020,GENERAL_RULE_DERIVED,C-M059-01,燃えるごみ,S-M059-01,分別区分／燃えるごみ,FALSE,CATEGORY_SUPPORTED,個別記載・既存mappingなし。一般的な材質/用途ルールと一意のCURRENT公式categoryが一致。 collector_status=NO_ITEM_MATCH_IN_FETCHED_OFFICIAL_SOURCES
M059,I021,UNRESOLVED,,,,,FALSE,UNRESOLVED,直接記載・公式rule由来mapping・一意な一般則categoryのいずれでも決定できない。 collector_status=ONE_INFERRED_CATEGORY_CANDIDATE
M059,I022,UNRESOLVED,,,,,TRUE,UNRESOLVED,直接記載・公式rule由来mapping・一意な一般則categoryのいずれでも決定できない。 collector_status=NO_ITEM_MATCH_IN_FETCHED_OFFICIAL_SOURCES
M059,I023,OFFICIAL_RULE_DERIVED,C-M059-12,不燃ごみ,S-M059-01,分別区分／不燃ごみ,TRUE,CATEGORY_SUPPORTED_CONDITION_REVIEW_REQUIRED,品目の直接記載は必須とせず、既存mappingを支えるCURRENT公式category ruleから判定。 collector_status=NO_ITEM_MATCH_IN_FETCHED_OFFICIAL_SOURCES
M059,I024,GENERAL_RULE_DERIVED,C-M059-12,不燃ごみ,S-M059-01,分別区分／不燃ごみ,TRUE,CATEGORY_SUPPORTED_CONDITION_REVIEW_REQUIRED,個別記載・既存mappingなし。一般的な材質/用途ルールと一意のCURRENT公式categoryが一致。 collector_status=NO_ITEM_MATCH_IN_FETCHED_OFFICIAL_SOURCES
M059,I025,UNRESOLVED,,,,,TRUE,UNRESOLVED,直接記載・公式rule由来mapping・一意な一般則categoryのいずれでも決定できない。 collector_status=NO_ITEM_MATCH_IN_FETCHED_OFFICIAL_SOURCES
M059,I026,UNRESOLVED,,,,,TRUE,UNRESOLVED,直接記載・公式rule由来mapping・一意な一般則categoryのいずれでも決定できない。 collector_status=NO_ITEM_MATCH_IN_FETCHED_OFFICIAL_SOURCES
M059,I027,UNRESOLVED,,,,,TRUE,UNRESOLVED,直接記載・公式rule由来mapping・一意な一般則categoryのいずれでも決定できない。 collector_status=ONE_INFERRED_CATEGORY_CANDIDATE
M059,I028,UNRESOLVED,,,,,TRUE,UNRESOLVED,直接記載・公式rule由来mapping・一意な一般則categoryのいずれでも決定できない。 collector_status=AMBIGUOUS_CATEGORY_CANDIDATES
M059,I029,UNRESOLVED,,,,,TRUE,UNRESOLVED,直接記載・公式rule由来mapping・一意な一般則categoryのいずれでも決定できない。 collector_status=NO_ITEM_MATCH_IN_FETCHED_OFFICIAL_SOURCES
M059,I030,OFFICIAL_RULE_DERIVED,C-M059-13,有害ごみ,S-M059-01,分別区分／有害ごみ,TRUE,CATEGORY_SUPPORTED_CONDITION_REVIEW_REQUIRED,品目の直接記載は必須とせず、既存mappingを支えるCURRENT公式category ruleから判定。 collector_status=NO_ITEM_MATCH_IN_FETCHED_OFFICIAL_SOURCES
M059,I031,UNRESOLVED,,,,,TRUE,UNRESOLVED,直接記載・公式rule由来mapping・一意な一般則categoryのいずれでも決定できない。 collector_status=NO_ITEM_MATCH_IN_FETCHED_OFFICIAL_SOURCES
M059,I032,UNRESOLVED,,,,,TRUE,UNRESOLVED,直接記載・公式rule由来mapping・一意な一般則categoryのいずれでも決定できない。 collector_status=NO_ITEM_MATCH_IN_FETCHED_OFFICIAL_SOURCES
M059,I033,UNRESOLVED,,,,,TRUE,UNRESOLVED,直接記載・公式rule由来mapping・一意な一般則categoryのいずれでも決定できない。 collector_status=NO_ITEM_MATCH_IN_FETCHED_OFFICIAL_SOURCES
M059,I034,UNRESOLVED,,,,,TRUE,UNRESOLVED,直接記載・公式rule由来mapping・一意な一般則categoryのいずれでも決定できない。 collector_status=NO_ITEM_MATCH_IN_FETCHED_OFFICIAL_SOURCES
M059,I035,UNRESOLVED,,,,,TRUE,UNRESOLVED,直接記載・公式rule由来mapping・一意な一般則categoryのいずれでも決定できない。 collector_status=NO_ITEM_MATCH_IN_FETCHED_OFFICIAL_SOURCES
M059,I036,UNRESOLVED,,,,,TRUE,UNRESOLVED,直接記載・公式rule由来mapping・一意な一般則categoryのいずれでも決定できない。 collector_status=NO_ITEM_MATCH_IN_FETCHED_OFFICIAL_SOURCES
M059,I037,UNRESOLVED,,,,,TRUE,UNRESOLVED,既存mappingの全branchをCURRENT公式category ruleで裏付けられないため未解決。 collector_status=ITEM_MATCH_WITHOUT_CATEGORY
M059,I038,UNRESOLVED,,,,,TRUE,UNRESOLVED,直接記載・公式rule由来mapping・一意な一般則categoryのいずれでも決定できない。 collector_status=NO_ITEM_MATCH_IN_FETCHED_OFFICIAL_SOURCES
M059,I039,UNRESOLVED,,,,,TRUE,UNRESOLVED,直接記載・公式rule由来mapping・一意な一般則categoryのいずれでも決定できない。 collector_status=NO_ITEM_MATCH_IN_FETCHED_OFFICIAL_SOURCES
M059,I040,UNRESOLVED,,,,,TRUE,UNRESOLVED,直接記載・公式rule由来mapping・一意な一般則categoryのいずれでも決定できない。 collector_status=NO_ITEM_MATCH_IN_FETCHED_OFFICIAL_SOURCES
M060,I001,OFFICIAL_RULE_DERIVED,C-M060-11,ペットボトル,S-M060-03,分別区分／ペットボトル,FALSE,CATEGORY_SUPPORTED,品目の直接記載は必須とせず、既存mappingを支えるCURRENT公式category ruleから判定。 collector_status=NO_ITEM_MATCH_IN_FETCHED_OFFICIAL_SOURCES
M060,I002,UNRESOLVED,,,,,TRUE,UNRESOLVED,直接記載・公式rule由来mapping・一意な一般則categoryのいずれでも決定できない。 collector_status=NO_ITEM_MATCH_IN_FETCHED_OFFICIAL_SOURCES
M060,I003,UNRESOLVED,,,,,TRUE,UNRESOLVED,直接記載・公式rule由来mapping・一意な一般則categoryのいずれでも決定できない。 collector_status=NO_ITEM_MATCH_IN_FETCHED_OFFICIAL_SOURCES
M060,I004,UNRESOLVED,,,,,FALSE,UNRESOLVED,直接記載・公式rule由来mapping・一意な一般則categoryのいずれでも決定できない。 collector_status=NO_ITEM_MATCH_IN_FETCHED_OFFICIAL_SOURCES
M060,I005,UNRESOLVED,,,,,FALSE,UNRESOLVED,直接記載・公式rule由来mapping・一意な一般則categoryのいずれでも決定できない。 collector_status=NO_ITEM_MATCH_IN_FETCHED_OFFICIAL_SOURCES
M060,I006,UNRESOLVED,,,,,TRUE,UNRESOLVED,直接記載・公式rule由来mapping・一意な一般則categoryのいずれでも決定できない。 collector_status=NO_ITEM_MATCH_IN_FETCHED_OFFICIAL_SOURCES
M060,I007,UNRESOLVED,,,,,TRUE,UNRESOLVED,直接記載・公式rule由来mapping・一意な一般則categoryのいずれでも決定できない。 collector_status=NO_ITEM_MATCH_IN_FETCHED_OFFICIAL_SOURCES
M060,I008,UNRESOLVED,,,,,TRUE,UNRESOLVED,直接記載・公式rule由来mapping・一意な一般則categoryのいずれでも決定できない。 collector_status=NO_ITEM_MATCH_IN_FETCHED_OFFICIAL_SOURCES
M060,I009,GENERAL_RULE_DERIVED,C-M060-08,容器包装プラスチック,S-M060-03,分別区分／容器包装プラスチック,TRUE,CATEGORY_SUPPORTED_CONDITION_REVIEW_REQUIRED,個別記載・既存mappingなし。一般的な材質/用途ルールと一意のCURRENT公式categoryが一致。 collector_status=NO_ITEM_MATCH_IN_FETCHED_OFFICIAL_SOURCES
M060,I010,GENERAL_RULE_DERIVED,C-M060-08,容器包装プラスチック,S-M060-03,分別区分／容器包装プラスチック,TRUE,CATEGORY_SUPPORTED_CONDITION_REVIEW_REQUIRED,個別記載・既存mappingなし。一般的な材質/用途ルールと一意のCURRENT公式categoryが一致。 collector_status=NO_ITEM_MATCH_IN_FETCHED_OFFICIAL_SOURCES
M060,I011,GENERAL_RULE_DERIVED,C-M060-08,容器包装プラスチック,S-M060-03,分別区分／容器包装プラスチック,TRUE,CATEGORY_SUPPORTED_CONDITION_REVIEW_REQUIRED,個別記載・既存mappingなし。一般的な材質/用途ルールと一意のCURRENT公式categoryが一致。 collector_status=NO_ITEM_MATCH_IN_FETCHED_OFFICIAL_SOURCES
M060,I012,GENERAL_RULE_DERIVED,C-M060-08,容器包装プラスチック,S-M060-03,分別区分／容器包装プラスチック,TRUE,CATEGORY_SUPPORTED_CONDITION_REVIEW_REQUIRED,個別記載・既存mappingなし。一般的な材質/用途ルールと一意のCURRENT公式categoryが一致。 collector_status=NO_ITEM_MATCH_IN_FETCHED_OFFICIAL_SOURCES
M060,I013,OFFICIAL_RULE_DERIVED,C-M060-03,新聞紙・折込広告,S-M060-03,古紙類・紙パック／新聞紙・折込広告,FALSE,CATEGORY_SUPPORTED,品目の直接記載は必須とせず、既存mappingを支えるCURRENT公式category ruleから判定。 collector_status=NO_ITEM_MATCH_IN_FETCHED_OFFICIAL_SOURCES
M060,I014,OFFICIAL_RULE_DERIVED,C-M060-05,段ボール,S-M060-03,古紙類・紙パック／段ボール,FALSE,CATEGORY_SUPPORTED,品目の直接記載は必須とせず、既存mappingを支えるCURRENT公式category ruleから判定。 collector_status=NO_ITEM_MATCH_IN_FETCHED_OFFICIAL_SOURCES
M060,I015,OFFICIAL_RULE_DERIVED,C-M060-04,広告・雑誌・書籍,S-M060-03,古紙類・紙パック／広告・雑誌・書籍,FALSE,CATEGORY_SUPPORTED,品目の直接記載は必須とせず、既存mappingを支えるCURRENT公式category ruleから判定。 collector_status=NO_ITEM_MATCH_IN_FETCHED_OFFICIAL_SOURCES
M060,I016,UNRESOLVED,,,,,FALSE,UNRESOLVED,直接記載・公式rule由来mapping・一意な一般則categoryのいずれでも決定できない。 collector_status=NO_ITEM_MATCH_IN_FETCHED_OFFICIAL_SOURCES
M060,I017,OFFICIAL_RULE_DERIVED,C-M060-06,紙パック,S-M060-03,古紙類・紙パック／紙パック,TRUE,CATEGORY_SUPPORTED_CONDITION_REVIEW_REQUIRED,品目の直接記載は必須とせず、既存mappingを支えるCURRENT公式category ruleから判定。 collector_status=NO_ITEM_MATCH_IN_FETCHED_OFFICIAL_SOURCES
M060,I018,OFFICIAL_RULE_DERIVED,C-M060-01,燃えるごみ,S-M060-03,分別区分／燃えるごみ,FALSE,CATEGORY_SUPPORTED,品目の直接記載は必須とせず、既存mappingを支えるCURRENT公式category ruleから判定。 collector_status=NO_ITEM_MATCH_IN_FETCHED_OFFICIAL_SOURCES
M060,I019,GENERAL_RULE_DERIVED,C-M060-01,燃えるごみ,S-M060-03,分別区分／燃えるごみ,FALSE,CATEGORY_SUPPORTED,個別記載・既存mappingなし。一般的な材質/用途ルールと一意のCURRENT公式categoryが一致。 collector_status=NO_ITEM_MATCH_IN_FETCHED_OFFICIAL_SOURCES
M060,I020,GENERAL_RULE_DERIVED,C-M060-01,燃えるごみ,S-M060-03,分別区分／燃えるごみ,FALSE,CATEGORY_SUPPORTED,個別記載・既存mappingなし。一般的な材質/用途ルールと一意のCURRENT公式categoryが一致。 collector_status=NO_ITEM_MATCH_IN_FETCHED_OFFICIAL_SOURCES
M060,I021,UNRESOLVED,,,,,FALSE,UNRESOLVED,直接記載・公式rule由来mapping・一意な一般則categoryのいずれでも決定できない。 collector_status=NO_ITEM_MATCH_IN_FETCHED_OFFICIAL_SOURCES
M060,I022,UNRESOLVED,,,,,TRUE,UNRESOLVED,直接記載・公式rule由来mapping・一意な一般則categoryのいずれでも決定できない。 collector_status=NO_ITEM_MATCH_IN_FETCHED_OFFICIAL_SOURCES
M060,I023,OFFICIAL_RULE_DERIVED,C-M060-12,不燃ごみ,S-M060-03,分別区分／不燃ごみ,TRUE,CATEGORY_SUPPORTED_CONDITION_REVIEW_REQUIRED,品目の直接記載は必須とせず、既存mappingを支えるCURRENT公式category ruleから判定。 collector_status=NO_ITEM_MATCH_IN_FETCHED_OFFICIAL_SOURCES
M060,I024,GENERAL_RULE_DERIVED,C-M060-12,不燃ごみ,S-M060-03,分別区分／不燃ごみ,TRUE,CATEGORY_SUPPORTED_CONDITION_REVIEW_REQUIRED,個別記載・既存mappingなし。一般的な材質/用途ルールと一意のCURRENT公式categoryが一致。 collector_status=NO_ITEM_MATCH_IN_FETCHED_OFFICIAL_SOURCES
M060,I025,UNRESOLVED,,,,,TRUE,UNRESOLVED,直接記載・公式rule由来mapping・一意な一般則categoryのいずれでも決定できない。 collector_status=NO_ITEM_MATCH_IN_FETCHED_OFFICIAL_SOURCES
M060,I026,UNRESOLVED,,,,,TRUE,UNRESOLVED,直接記載・公式rule由来mapping・一意な一般則categoryのいずれでも決定できない。 collector_status=NO_ITEM_MATCH_IN_FETCHED_OFFICIAL_SOURCES
M060,I027,UNRESOLVED,,,,,TRUE,UNRESOLVED,直接記載・公式rule由来mapping・一意な一般則categoryのいずれでも決定できない。 collector_status=NO_ITEM_MATCH_IN_FETCHED_OFFICIAL_SOURCES
M060,I028,UNRESOLVED,,,,,TRUE,UNRESOLVED,直接記載・公式rule由来mapping・一意な一般則categoryのいずれでも決定できない。 collector_status=NO_ITEM_MATCH_IN_FETCHED_OFFICIAL_SOURCES
M060,I029,UNRESOLVED,,,,,TRUE,UNRESOLVED,直接記載・公式rule由来mapping・一意な一般則categoryのいずれでも決定できない。 collector_status=NO_ITEM_MATCH_IN_FETCHED_OFFICIAL_SOURCES
M060,I030,OFFICIAL_RULE_DERIVED,C-M060-13,有害ごみ,S-M060-03,分別区分／有害ごみ,TRUE,CATEGORY_SUPPORTED_CONDITION_REVIEW_REQUIRED,品目の直接記載は必須とせず、既存mappingを支えるCURRENT公式category ruleから判定。 collector_status=NO_ITEM_MATCH_IN_FETCHED_OFFICIAL_SOURCES
M060,I031,UNRESOLVED,,,,,TRUE,UNRESOLVED,直接記載・公式rule由来mapping・一意な一般則categoryのいずれでも決定できない。 collector_status=NO_ITEM_MATCH_IN_FETCHED_OFFICIAL_SOURCES
M060,I032,UNRESOLVED,,,,,TRUE,UNRESOLVED,直接記載・公式rule由来mapping・一意な一般則categoryのいずれでも決定できない。 collector_status=NO_ITEM_MATCH_IN_FETCHED_OFFICIAL_SOURCES
M060,I033,UNRESOLVED,,,,,TRUE,UNRESOLVED,直接記載・公式rule由来mapping・一意な一般則categoryのいずれでも決定できない。 collector_status=NO_ITEM_MATCH_IN_FETCHED_OFFICIAL_SOURCES
M060,I034,UNRESOLVED,,,,,TRUE,UNRESOLVED,直接記載・公式rule由来mapping・一意な一般則categoryのいずれでも決定できない。 collector_status=NO_ITEM_MATCH_IN_FETCHED_OFFICIAL_SOURCES
M060,I035,UNRESOLVED,,,,,TRUE,UNRESOLVED,直接記載・公式rule由来mapping・一意な一般則categoryのいずれでも決定できない。 collector_status=NO_ITEM_MATCH_IN_FETCHED_OFFICIAL_SOURCES
M060,I036,UNRESOLVED,,,,,TRUE,UNRESOLVED,直接記載・公式rule由来mapping・一意な一般則categoryのいずれでも決定できない。 collector_status=NO_ITEM_MATCH_IN_FETCHED_OFFICIAL_SOURCES
M060,I037,UNRESOLVED,,,,,TRUE,UNRESOLVED,既存mappingの全branchをCURRENT公式category ruleで裏付けられないため未解決。 collector_status=NO_ITEM_MATCH_IN_FETCHED_OFFICIAL_SOURCES
M060,I038,UNRESOLVED,,,,,TRUE,UNRESOLVED,直接記載・公式rule由来mapping・一意な一般則categoryのいずれでも決定できない。 collector_status=NO_ITEM_MATCH_IN_FETCHED_OFFICIAL_SOURCES
M060,I039,UNRESOLVED,,,,,TRUE,UNRESOLVED,直接記載・公式rule由来mapping・一意な一般則categoryのいずれでも決定できない。 collector_status=NO_ITEM_MATCH_IN_FETCHED_OFFICIAL_SOURCES
M060,I040,UNRESOLVED,,,,,TRUE,UNRESOLVED,直接記載・公式rule由来mapping・一意な一般則categoryのいずれでも決定できない。 collector_status=NO_ITEM_MATCH_IN_FETCHED_OFFICIAL_SOURCES
M061,I001,UNRESOLVED,,,,,FALSE,UNRESOLVED,直接記載・公式rule由来mapping・一意な一般則categoryのいずれでも決定できない。 collector_status=AMBIGUOUS_CATEGORY_CANDIDATES
M061,I002,UNRESOLVED,,,,,TRUE,UNRESOLVED,直接記載・公式rule由来mapping・一意な一般則categoryのいずれでも決定できない。 collector_status=AMBIGUOUS_CATEGORY_CANDIDATES
M061,I003,UNRESOLVED,,,,,TRUE,UNRESOLVED,直接記載・公式rule由来mapping・一意な一般則categoryのいずれでも決定できない。 collector_status=AMBIGUOUS_CATEGORY_CANDIDATES
M061,I004,UNRESOLVED,,,,,FALSE,UNRESOLVED,直接記載・公式rule由来mapping・一意な一般則categoryのいずれでも決定できない。 collector_status=ONE_INFERRED_CATEGORY_CANDIDATE
M061,I005,UNRESOLVED,,,,,FALSE,UNRESOLVED,直接記載・公式rule由来mapping・一意な一般則categoryのいずれでも決定できない。 collector_status=AMBIGUOUS_CATEGORY_CANDIDATES
M061,I006,OFFICIAL_RULE_DERIVED,C-M061-04,びん・ガラス・陶器類,S-M061-02,R8.4手引書／びん・ガラス・陶器類,TRUE,CATEGORY_SUPPORTED_CONDITION_REVIEW_REQUIRED,品目の直接記載は必須とせず、既存mappingを支えるCURRENT公式category ruleから判定。 collector_status=AMBIGUOUS_CATEGORY_CANDIDATES
M061,I007,UNRESOLVED,,,,,TRUE,UNRESOLVED,直接記載・公式rule由来mapping・一意な一般則categoryのいずれでも決定できない。 collector_status=NO_ITEM_MATCH_IN_FETCHED_OFFICIAL_SOURCES
M061,I008,UNRESOLVED,,,,,TRUE,UNRESOLVED,直接記載・公式rule由来mapping・一意な一般則categoryのいずれでも決定できない。 collector_status=NO_ITEM_MATCH_IN_FETCHED_OFFICIAL_SOURCES
M061,I009,GENERAL_RULE_DERIVED,C-M061-02,容器包装プラスチック,S-M061-02,R8.4手引書／容器包装プラスチック,TRUE,CATEGORY_SUPPORTED_CONDITION_REVIEW_REQUIRED,個別記載・既存mappingなし。一般的な材質/用途ルールと一意のCURRENT公式categoryが一致。 collector_status=AMBIGUOUS_CATEGORY_CANDIDATES
M061,I010,GENERAL_RULE_DERIVED,C-M061-02,容器包装プラスチック,S-M061-02,R8.4手引書／容器包装プラスチック,TRUE,CATEGORY_SUPPORTED_CONDITION_REVIEW_REQUIRED,個別記載・既存mappingなし。一般的な材質/用途ルールと一意のCURRENT公式categoryが一致。 collector_status=AMBIGUOUS_CATEGORY_CANDIDATES
M061,I011,GENERAL_RULE_DERIVED,C-M061-02,容器包装プラスチック,S-M061-02,R8.4手引書／容器包装プラスチック,TRUE,CATEGORY_SUPPORTED_CONDITION_REVIEW_REQUIRED,個別記載・既存mappingなし。一般的な材質/用途ルールと一意のCURRENT公式categoryが一致。 collector_status=AMBIGUOUS_CATEGORY_CANDIDATES
M061,I012,DIRECT_ITEM,C-M061-02,容器包装プラスチック,S-M061-02,text-match:発泡スチロール + 容器包装プラスチック,TRUE,CATEGORY_SUPPORTED_CONDITION_REVIEW_REQUIRED,全既存branchで公式資料中の品目表記とcategoryの直接候補あり。 collector_status=ALL_EXISTING_BRANCHES_HAVE_DIRECT_CANDIDATE
M061,I013,UNRESOLVED,,,,,FALSE,UNRESOLVED,直接記載・公式rule由来mapping・一意な一般則categoryのいずれでも決定できない。 collector_status=AMBIGUOUS_CATEGORY_CANDIDATES
M061,I014,UNRESOLVED,,,,,FALSE,UNRESOLVED,直接記載・公式rule由来mapping・一意な一般則categoryのいずれでも決定できない。 collector_status=AMBIGUOUS_CATEGORY_CANDIDATES
M061,I015,UNRESOLVED,,,,,FALSE,UNRESOLVED,直接記載・公式rule由来mapping・一意な一般則categoryのいずれでも決定できない。 collector_status=AMBIGUOUS_CATEGORY_CANDIDATES
M061,I016,UNRESOLVED,,,,,FALSE,UNRESOLVED,直接記載・公式rule由来mapping・一意な一般則categoryのいずれでも決定できない。 collector_status=AMBIGUOUS_CATEGORY_CANDIDATES
M061,I017,UNRESOLVED,,,,,TRUE,UNRESOLVED,直接記載・公式rule由来mapping・一意な一般則categoryのいずれでも決定できない。 collector_status=AMBIGUOUS_CATEGORY_CANDIDATES
M061,I018,UNRESOLVED,,,,,FALSE,UNRESOLVED,直接記載・公式rule由来mapping・一意な一般則categoryのいずれでも決定できない。 collector_status=AMBIGUOUS_CATEGORY_CANDIDATES
M061,I019,UNRESOLVED,,,,,FALSE,UNRESOLVED,直接記載・公式rule由来mapping・一意な一般則categoryのいずれでも決定できない。 collector_status=AMBIGUOUS_CATEGORY_CANDIDATES
M061,I020,UNRESOLVED,,,,,FALSE,UNRESOLVED,直接記載・公式rule由来mapping・一意な一般則categoryのいずれでも決定できない。 collector_status=AMBIGUOUS_CATEGORY_CANDIDATES
M061,I021,OFFICIAL_RULE_DERIVED,C-M061-01|C-M061-08,もやせるごみ|資源ごみ,S-M061-02,R8.4手引書／もやせるごみ|R8.4手引書／資源ごみ,FALSE,CATEGORY_SUPPORTED,品目の直接記載は必須とせず、既存mappingを支えるCURRENT公式category ruleから判定。 collector_status=PARTIAL_EXISTING_BRANCH_EVIDENCE
M061,I022,UNRESOLVED,,,,,TRUE,UNRESOLVED,直接記載・公式rule由来mapping・一意な一般則categoryのいずれでも決定できない。 collector_status=AMBIGUOUS_CATEGORY_CANDIDATES
M061,I023,UNRESOLVED,,,,,FALSE,UNRESOLVED,直接記載・公式rule由来mapping・一意な一般則categoryのいずれでも決定できない。 collector_status=AMBIGUOUS_CATEGORY_CANDIDATES
M061,I024,UNRESOLVED,,,,,FALSE,UNRESOLVED,直接記載・公式rule由来mapping・一意な一般則categoryのいずれでも決定できない。 collector_status=AMBIGUOUS_CATEGORY_CANDIDATES
M061,I025,UNRESOLVED,,,,,TRUE,UNRESOLVED,直接記載・公式rule由来mapping・一意な一般則categoryのいずれでも決定できない。 collector_status=NO_ITEM_MATCH_IN_FETCHED_OFFICIAL_SOURCES
M061,I026,UNRESOLVED,,,,,TRUE,UNRESOLVED,直接記載・公式rule由来mapping・一意な一般則categoryのいずれでも決定できない。 collector_status=AMBIGUOUS_CATEGORY_CANDIDATES
M061,I027,DIRECT_ITEM,C-M061-06,有害ごみ,S-M061-02,text-match:乾電池 + 有害ごみ,TRUE,CATEGORY_SUPPORTED_CONDITION_REVIEW_REQUIRED,全既存branchで公式資料中の品目表記とcategoryの直接候補あり。 collector_status=ALL_EXISTING_BRANCHES_HAVE_DIRECT_CANDIDATE
M061,I028,UNRESOLVED,,,,,TRUE,UNRESOLVED,直接記載・公式rule由来mapping・一意な一般則categoryのいずれでも決定できない。 collector_status=AMBIGUOUS_CATEGORY_CANDIDATES
M061,I029,UNRESOLVED,,,,,TRUE,UNRESOLVED,直接記載・公式rule由来mapping・一意な一般則categoryのいずれでも決定できない。 collector_status=AMBIGUOUS_CATEGORY_CANDIDATES
M061,I030,DIRECT_ITEM,C-M061-06,有害ごみ,S-M061-02,text-match:蛍光灯 + 有害ごみ,TRUE,CATEGORY_SUPPORTED_CONDITION_REVIEW_REQUIRED,全既存branchで公式資料中の品目表記とcategoryの直接候補あり。 collector_status=ALL_EXISTING_BRANCHES_HAVE_DIRECT_CANDIDATE
M061,I031,DIRECT_ITEM,C-M061-06,有害ごみ,S-M061-02,text-match:電球 + 有害ごみ,TRUE,CATEGORY_SUPPORTED_CONDITION_REVIEW_REQUIRED,全既存branchで公式資料中の品目表記とcategoryの直接候補あり。 collector_status=ALL_EXISTING_BRANCHES_HAVE_DIRECT_CANDIDATE
M061,I032,UNRESOLVED,,,,,TRUE,UNRESOLVED,直接記載・公式rule由来mapping・一意な一般則categoryのいずれでも決定できない。 collector_status=AMBIGUOUS_CATEGORY_CANDIDATES
M061,I033,UNRESOLVED,,,,,TRUE,UNRESOLVED,直接記載・公式rule由来mapping・一意な一般則categoryのいずれでも決定できない。 collector_status=AMBIGUOUS_CATEGORY_CANDIDATES
M061,I034,DIRECT_ITEM,C-M061-07,粗大ごみ,S-M061-02,text-match:小型家電 + 粗大ごみ,TRUE,CATEGORY_SUPPORTED_CONDITION_REVIEW_REQUIRED,全既存branchで公式資料中の品目表記とcategoryの直接候補あり。 collector_status=ALL_EXISTING_BRANCHES_HAVE_DIRECT_CANDIDATE
M061,I035,UNRESOLVED,,,,,TRUE,UNRESOLVED,直接記載・公式rule由来mapping・一意な一般則categoryのいずれでも決定できない。 collector_status=NO_ITEM_MATCH_IN_FETCHED_OFFICIAL_SOURCES
M061,I036,DIRECT_ITEM,C-M061-07,粗大ごみ,S-M061-02,text-match:ふとん + 粗大ごみ,TRUE,CATEGORY_SUPPORTED_CONDITION_REVIEW_REQUIRED,全既存branchで公式資料中の品目表記とcategoryの直接候補あり。 collector_status=ALL_EXISTING_BRANCHES_HAVE_DIRECT_CANDIDATE
M061,I037,UNRESOLVED,,,,,TRUE,UNRESOLVED,直接記載・公式rule由来mapping・一意な一般則categoryのいずれでも決定できない。 collector_status=NO_ITEM_MATCH_IN_FETCHED_OFFICIAL_SOURCES
M061,I038,UNRESOLVED,,,,,TRUE,UNRESOLVED,直接記載・公式rule由来mapping・一意な一般則categoryのいずれでも決定できない。 collector_status=AMBIGUOUS_CATEGORY_CANDIDATES
M061,I039,UNRESOLVED,,,,,TRUE,UNRESOLVED,直接記載・公式rule由来mapping・一意な一般則categoryのいずれでも決定できない。 collector_status=AMBIGUOUS_CATEGORY_CANDIDATES
M061,I040,UNRESOLVED,,,,,TRUE,UNRESOLVED,直接記載・公式rule由来mapping・一意な一般則categoryのいずれでも決定できない。 collector_status=AMBIGUOUS_CATEGORY_CANDIDATES
M062,I001,UNRESOLVED,,,,,FALSE,UNRESOLVED,直接記載・公式rule由来mapping・一意な一般則categoryのいずれでも決定できない。 collector_status=NO_ITEM_MATCH_IN_FETCHED_OFFICIAL_SOURCES
M062,I002,UNRESOLVED,,,,,TRUE,UNRESOLVED,直接記載・公式rule由来mapping・一意な一般則categoryのいずれでも決定できない。 collector_status=NO_ITEM_MATCH_IN_FETCHED_OFFICIAL_SOURCES
M062,I003,UNRESOLVED,,,,,TRUE,UNRESOLVED,直接記載・公式rule由来mapping・一意な一般則categoryのいずれでも決定できない。 collector_status=NO_ITEM_MATCH_IN_FETCHED_OFFICIAL_SOURCES
M062,I004,UNRESOLVED,,,,,FALSE,UNRESOLVED,直接記載・公式rule由来mapping・一意な一般則categoryのいずれでも決定できない。 collector_status=NO_ITEM_MATCH_IN_FETCHED_OFFICIAL_SOURCES
M062,I005,UNRESOLVED,,,,,FALSE,UNRESOLVED,直接記載・公式rule由来mapping・一意な一般則categoryのいずれでも決定できない。 collector_status=NO_ITEM_MATCH_IN_FETCHED_OFFICIAL_SOURCES
M062,I006,UNRESOLVED,,,,,TRUE,UNRESOLVED,直接記載・公式rule由来mapping・一意な一般則categoryのいずれでも決定できない。 collector_status=NO_ITEM_MATCH_IN_FETCHED_OFFICIAL_SOURCES
M062,I007,UNRESOLVED,,,,,TRUE,UNRESOLVED,直接記載・公式rule由来mapping・一意な一般則categoryのいずれでも決定できない。 collector_status=NO_ITEM_MATCH_IN_FETCHED_OFFICIAL_SOURCES
M062,I008,UNRESOLVED,,,,,TRUE,UNRESOLVED,直接記載・公式rule由来mapping・一意な一般則categoryのいずれでも決定できない。 collector_status=NO_ITEM_MATCH_IN_FETCHED_OFFICIAL_SOURCES
M062,I009,GENERAL_RULE_DERIVED,C-M062-02,容器包装プラスチック,S-M062-01,現行分別案内／容器包装プラスチック,TRUE,CATEGORY_SUPPORTED_CONDITION_REVIEW_REQUIRED,個別記載・既存mappingなし。一般的な材質/用途ルールと一意のCURRENT公式categoryが一致。 collector_status=NO_ITEM_MATCH_IN_FETCHED_OFFICIAL_SOURCES
M062,I010,GENERAL_RULE_DERIVED,C-M062-02,容器包装プラスチック,S-M062-01,現行分別案内／容器包装プラスチック,TRUE,CATEGORY_SUPPORTED_CONDITION_REVIEW_REQUIRED,個別記載・既存mappingなし。一般的な材質/用途ルールと一意のCURRENT公式categoryが一致。 collector_status=NO_ITEM_MATCH_IN_FETCHED_OFFICIAL_SOURCES
M062,I011,GENERAL_RULE_DERIVED,C-M062-02,容器包装プラスチック,S-M062-01,現行分別案内／容器包装プラスチック,TRUE,CATEGORY_SUPPORTED_CONDITION_REVIEW_REQUIRED,個別記載・既存mappingなし。一般的な材質/用途ルールと一意のCURRENT公式categoryが一致。 collector_status=AMBIGUOUS_CATEGORY_CANDIDATES
M062,I012,OFFICIAL_RULE_DERIVED,C-M062-02,容器包装プラスチック,S-M062-01,現行分別案内／容器包装プラスチック,TRUE,CATEGORY_SUPPORTED_CONDITION_REVIEW_REQUIRED,品目の直接記載は必須とせず、既存mappingを支えるCURRENT公式category ruleから判定。 collector_status=NO_ITEM_MATCH_IN_FETCHED_OFFICIAL_SOURCES
M062,I013,UNRESOLVED,,,,,FALSE,UNRESOLVED,直接記載・公式rule由来mapping・一意な一般則categoryのいずれでも決定できない。 collector_status=AMBIGUOUS_CATEGORY_CANDIDATES
M062,I014,UNRESOLVED,,,,,FALSE,UNRESOLVED,直接記載・公式rule由来mapping・一意な一般則categoryのいずれでも決定できない。 collector_status=AMBIGUOUS_CATEGORY_CANDIDATES
M062,I015,UNRESOLVED,,,,,FALSE,UNRESOLVED,直接記載・公式rule由来mapping・一意な一般則categoryのいずれでも決定できない。 collector_status=AMBIGUOUS_CATEGORY_CANDIDATES
M062,I016,UNRESOLVED,,,,,FALSE,UNRESOLVED,直接記載・公式rule由来mapping・一意な一般則categoryのいずれでも決定できない。 collector_status=AMBIGUOUS_CATEGORY_CANDIDATES
M062,I017,UNRESOLVED,,,,,TRUE,UNRESOLVED,直接記載・公式rule由来mapping・一意な一般則categoryのいずれでも決定できない。 collector_status=AMBIGUOUS_CATEGORY_CANDIDATES
M062,I018,UNRESOLVED,,,,,FALSE,UNRESOLVED,直接記載・公式rule由来mapping・一意な一般則categoryのいずれでも決定できない。 collector_status=NO_ITEM_MATCH_IN_FETCHED_OFFICIAL_SOURCES
M062,I019,GENERAL_RULE_DERIVED,C-M062-01,可燃ごみ,S-M062-01,現行分別案内／可燃ごみ,FALSE,CATEGORY_SUPPORTED,個別記載・既存mappingなし。一般的な材質/用途ルールと一意のCURRENT公式categoryが一致。 collector_status=NO_ITEM_MATCH_IN_FETCHED_OFFICIAL_SOURCES
M062,I020,GENERAL_RULE_DERIVED,C-M062-01,可燃ごみ,S-M062-01,現行分別案内／可燃ごみ,FALSE,CATEGORY_SUPPORTED,個別記載・既存mappingなし。一般的な材質/用途ルールと一意のCURRENT公式categoryが一致。 collector_status=NO_ITEM_MATCH_IN_FETCHED_OFFICIAL_SOURCES
M062,I021,DIRECT_ITEM,C-M062-01|C-M062-08,可燃ごみ|資源ごみ,S-M062-03,text-match:衣類 + 可燃ごみ|text-match:衣類 + 資源ごみ,FALSE,CATEGORY_SUPPORTED,全既存branchで公式資料中の品目表記とcategoryの直接候補あり。 collector_status=ALL_EXISTING_BRANCHES_HAVE_DIRECT_CANDIDATE
M062,I022,UNRESOLVED,,,,,TRUE,UNRESOLVED,直接記載・公式rule由来mapping・一意な一般則categoryのいずれでも決定できない。 collector_status=NO_ITEM_MATCH_IN_FETCHED_OFFICIAL_SOURCES
M062,I023,UNRESOLVED,,,,,FALSE,UNRESOLVED,直接記載・公式rule由来mapping・一意な一般則categoryのいずれでも決定できない。 collector_status=NO_ITEM_MATCH_IN_FETCHED_OFFICIAL_SOURCES
M062,I024,UNRESOLVED,,,,,FALSE,UNRESOLVED,直接記載・公式rule由来mapping・一意な一般則categoryのいずれでも決定できない。 collector_status=NO_ITEM_MATCH_IN_FETCHED_OFFICIAL_SOURCES
M062,I025,UNRESOLVED,,,,,TRUE,UNRESOLVED,直接記載・公式rule由来mapping・一意な一般則categoryのいずれでも決定できない。 collector_status=NO_ITEM_MATCH_IN_FETCHED_OFFICIAL_SOURCES
M062,I026,UNRESOLVED,,,,,TRUE,UNRESOLVED,直接記載・公式rule由来mapping・一意な一般則categoryのいずれでも決定できない。 collector_status=NO_ITEM_MATCH_IN_FETCHED_OFFICIAL_SOURCES
M062,I027,OFFICIAL_RULE_DERIVED,C-M062-06,有害ごみ,S-M062-04,現行分別案内／有害ごみ,TRUE,CATEGORY_SUPPORTED_CONDITION_REVIEW_REQUIRED,品目の直接記載は必須とせず、既存mappingを支えるCURRENT公式category ruleから判定。 collector_status=NO_ITEM_MATCH_IN_FETCHED_OFFICIAL_SOURCES
M062,I028,UNRESOLVED,,,,,TRUE,UNRESOLVED,直接記載・公式rule由来mapping・一意な一般則categoryのいずれでも決定できない。 collector_status=NO_ITEM_MATCH_IN_FETCHED_OFFICIAL_SOURCES
M062,I029,UNRESOLVED,,,,,TRUE,UNRESOLVED,直接記載・公式rule由来mapping・一意な一般則categoryのいずれでも決定できない。 collector_status=NO_ITEM_MATCH_IN_FETCHED_OFFICIAL_SOURCES
M062,I030,OFFICIAL_RULE_DERIVED,C-M062-06,有害ごみ,S-M062-04,現行分別案内／有害ごみ,TRUE,CATEGORY_SUPPORTED_CONDITION_REVIEW_REQUIRED,品目の直接記載は必須とせず、既存mappingを支えるCURRENT公式category ruleから判定。 collector_status=NO_ITEM_MATCH_IN_FETCHED_OFFICIAL_SOURCES
M062,I031,UNRESOLVED,,,,,TRUE,UNRESOLVED,直接記載・公式rule由来mapping・一意な一般則categoryのいずれでも決定できない。 collector_status=NO_ITEM_MATCH_IN_FETCHED_OFFICIAL_SOURCES
M062,I032,OFFICIAL_RULE_DERIVED,C-M062-05,カン類,S-M062-01,現行分別案内／カン類,TRUE,CATEGORY_SUPPORTED_CONDITION_REVIEW_REQUIRED,品目の直接記載は必須とせず、既存mappingを支えるCURRENT公式category ruleから判定。 collector_status=NO_ITEM_MATCH_IN_FETCHED_OFFICIAL_SOURCES
M062,I033,DIRECT_ITEM,C-M062-06,有害ごみ,S-M062-01,text-match:ライター + 有害ごみ,TRUE,CATEGORY_SUPPORTED_CONDITION_REVIEW_REQUIRED,全既存branchで公式資料中の品目表記とcategoryの直接候補あり。 collector_status=ALL_EXISTING_BRANCHES_HAVE_DIRECT_CANDIDATE
M062,I034,OFFICIAL_RULE_DERIVED,C-M062-07,粗大ごみ,S-M062-01,現行分別案内／粗大ごみ,TRUE,CATEGORY_SUPPORTED_CONDITION_REVIEW_REQUIRED,品目の直接記載は必須とせず、既存mappingを支えるCURRENT公式category ruleから判定。 collector_status=NO_ITEM_MATCH_IN_FETCHED_OFFICIAL_SOURCES
M062,I035,UNRESOLVED,,,,,TRUE,UNRESOLVED,直接記載・公式rule由来mapping・一意な一般則categoryのいずれでも決定できない。 collector_status=NO_ITEM_MATCH_IN_FETCHED_OFFICIAL_SOURCES
M062,I036,UNRESOLVED,,,,,TRUE,UNRESOLVED,直接記載・公式rule由来mapping・一意な一般則categoryのいずれでも決定できない。 collector_status=AMBIGUOUS_CATEGORY_CANDIDATES
M062,I037,UNRESOLVED,,,,,TRUE,UNRESOLVED,直接記載・公式rule由来mapping・一意な一般則categoryのいずれでも決定できない。 collector_status=NO_ITEM_MATCH_IN_FETCHED_OFFICIAL_SOURCES
M062,I038,UNRESOLVED,,,,,TRUE,UNRESOLVED,直接記載・公式rule由来mapping・一意な一般則categoryのいずれでも決定できない。 collector_status=NO_ITEM_MATCH_IN_FETCHED_OFFICIAL_SOURCES
M062,I039,UNRESOLVED,,,,,TRUE,UNRESOLVED,直接記載・公式rule由来mapping・一意な一般則categoryのいずれでも決定できない。 collector_status=NO_ITEM_MATCH_IN_FETCHED_OFFICIAL_SOURCES
M062,I040,UNRESOLVED,,,,,TRUE,UNRESOLVED,直接記載・公式rule由来mapping・一意な一般則categoryのいずれでも決定できない。 collector_status=NO_ITEM_MATCH_IN_FETCHED_OFFICIAL_SOURCES
M063,I001,OFFICIAL_RULE_DERIVED,C-M063-02,ペットボトル,S-M063-02,2026年海士町ごみカレンダー／ペットボトル,FALSE,CATEGORY_SUPPORTED,品目の直接記載は必須とせず、既存mappingを支えるCURRENT公式category ruleから判定。 collector_status=NO_ITEM_MATCH_IN_FETCHED_OFFICIAL_SOURCES
M063,I002,UNRESOLVED,,,,,TRUE,UNRESOLVED,直接記載・公式rule由来mapping・一意な一般則categoryのいずれでも決定できない。 collector_status=NO_ITEM_MATCH_IN_FETCHED_OFFICIAL_SOURCES
M063,I003,UNRESOLVED,,,,,TRUE,UNRESOLVED,直接記載・公式rule由来mapping・一意な一般則categoryのいずれでも決定できない。 collector_status=NO_ITEM_MATCH_IN_FETCHED_OFFICIAL_SOURCES
M063,I004,UNRESOLVED,,,,,FALSE,UNRESOLVED,直接記載・公式rule由来mapping・一意な一般則categoryのいずれでも決定できない。 collector_status=NO_ITEM_MATCH_IN_FETCHED_OFFICIAL_SOURCES
M063,I005,UNRESOLVED,,,,,FALSE,UNRESOLVED,直接記載・公式rule由来mapping・一意な一般則categoryのいずれでも決定できない。 collector_status=NO_ITEM_MATCH_IN_FETCHED_OFFICIAL_SOURCES
M063,I006,OFFICIAL_RULE_DERIVED,C-M063-03,びん・ガラス/陶器,S-M063-02,2026年海士町ごみカレンダー／びん・ガラス/陶器,TRUE,CATEGORY_SUPPORTED_CONDITION_REVIEW_REQUIRED,品目の直接記載は必須とせず、既存mappingを支えるCURRENT公式category ruleから判定。 collector_status=NO_ITEM_MATCH_IN_FETCHED_OFFICIAL_SOURCES
M063,I007,UNRESOLVED,,,,,TRUE,UNRESOLVED,直接記載・公式rule由来mapping・一意な一般則categoryのいずれでも決定できない。 collector_status=NO_ITEM_MATCH_IN_FETCHED_OFFICIAL_SOURCES
M063,I008,UNRESOLVED,,,,,TRUE,UNRESOLVED,直接記載・公式rule由来mapping・一意な一般則categoryのいずれでも決定できない。 collector_status=NO_ITEM_MATCH_IN_FETCHED_OFFICIAL_SOURCES
M063,I009,UNRESOLVED,,,,,TRUE,UNRESOLVED,直接記載・公式rule由来mapping・一意な一般則categoryのいずれでも決定できない。 collector_status=NO_ITEM_MATCH_IN_FETCHED_OFFICIAL_SOURCES
M063,I010,UNRESOLVED,,,,,TRUE,UNRESOLVED,直接記載・公式rule由来mapping・一意な一般則categoryのいずれでも決定できない。 collector_status=NO_ITEM_MATCH_IN_FETCHED_OFFICIAL_SOURCES
M063,I011,UNRESOLVED,,,,,TRUE,UNRESOLVED,直接記載・公式rule由来mapping・一意な一般則categoryのいずれでも決定できない。 collector_status=NO_ITEM_MATCH_IN_FETCHED_OFFICIAL_SOURCES
M063,I012,UNRESOLVED,,,,,TRUE,UNRESOLVED,直接記載・公式rule由来mapping・一意な一般則categoryのいずれでも決定できない。 collector_status=NO_ITEM_MATCH_IN_FETCHED_OFFICIAL_SOURCES
M063,I013,UNRESOLVED,,,,,FALSE,UNRESOLVED,直接記載・公式rule由来mapping・一意な一般則categoryのいずれでも決定できない。 collector_status=NO_ITEM_MATCH_IN_FETCHED_OFFICIAL_SOURCES
M063,I014,UNRESOLVED,,,,,FALSE,UNRESOLVED,直接記載・公式rule由来mapping・一意な一般則categoryのいずれでも決定できない。 collector_status=NO_ITEM_MATCH_IN_FETCHED_OFFICIAL_SOURCES
M063,I015,UNRESOLVED,,,,,FALSE,UNRESOLVED,直接記載・公式rule由来mapping・一意な一般則categoryのいずれでも決定できない。 collector_status=NO_ITEM_MATCH_IN_FETCHED_OFFICIAL_SOURCES
M063,I016,UNRESOLVED,,,,,FALSE,UNRESOLVED,直接記載・公式rule由来mapping・一意な一般則categoryのいずれでも決定できない。 collector_status=NO_ITEM_MATCH_IN_FETCHED_OFFICIAL_SOURCES
M063,I017,UNRESOLVED,,,,,TRUE,UNRESOLVED,直接記載・公式rule由来mapping・一意な一般則categoryのいずれでも決定できない。 collector_status=NO_ITEM_MATCH_IN_FETCHED_OFFICIAL_SOURCES
M063,I018,UNRESOLVED,,,,,FALSE,UNRESOLVED,直接記載・公式rule由来mapping・一意な一般則categoryのいずれでも決定できない。 collector_status=NO_ITEM_MATCH_IN_FETCHED_OFFICIAL_SOURCES
M063,I019,GENERAL_RULE_DERIVED,C-M063-01,可燃物,S-M063-02,2026年海士町ごみカレンダー／可燃物,FALSE,CATEGORY_SUPPORTED,個別記載・既存mappingなし。一般的な材質/用途ルールと一意のCURRENT公式categoryが一致。 collector_status=NO_ITEM_MATCH_IN_FETCHED_OFFICIAL_SOURCES
M063,I020,GENERAL_RULE_DERIVED,C-M063-01,可燃物,S-M063-02,2026年海士町ごみカレンダー／可燃物,FALSE,CATEGORY_SUPPORTED,個別記載・既存mappingなし。一般的な材質/用途ルールと一意のCURRENT公式categoryが一致。 collector_status=NO_ITEM_MATCH_IN_FETCHED_OFFICIAL_SOURCES
M063,I021,UNRESOLVED,,,,,FALSE,UNRESOLVED,直接記載・公式rule由来mapping・一意な一般則categoryのいずれでも決定できない。 collector_status=NO_ITEM_MATCH_IN_FETCHED_OFFICIAL_SOURCES
M063,I022,UNRESOLVED,,,,,TRUE,UNRESOLVED,直接記載・公式rule由来mapping・一意な一般則categoryのいずれでも決定できない。 collector_status=NO_ITEM_MATCH_IN_FETCHED_OFFICIAL_SOURCES
M063,I023,UNRESOLVED,,,,,FALSE,UNRESOLVED,直接記載・公式rule由来mapping・一意な一般則categoryのいずれでも決定できない。 collector_status=NO_ITEM_MATCH_IN_FETCHED_OFFICIAL_SOURCES
M063,I024,UNRESOLVED,,,,,FALSE,UNRESOLVED,直接記載・公式rule由来mapping・一意な一般則categoryのいずれでも決定できない。 collector_status=NO_ITEM_MATCH_IN_FETCHED_OFFICIAL_SOURCES
M063,I025,UNRESOLVED,,,,,TRUE,UNRESOLVED,直接記載・公式rule由来mapping・一意な一般則categoryのいずれでも決定できない。 collector_status=NO_ITEM_MATCH_IN_FETCHED_OFFICIAL_SOURCES
M063,I026,UNRESOLVED,,,,,TRUE,UNRESOLVED,直接記載・公式rule由来mapping・一意な一般則categoryのいずれでも決定できない。 collector_status=NO_ITEM_MATCH_IN_FETCHED_OFFICIAL_SOURCES
M063,I027,OFFICIAL_RULE_DERIVED,C-M063-07,粗大・乾電池,S-M063-02,2026年海士町ごみカレンダー／粗大・乾電池,TRUE,CATEGORY_SUPPORTED_CONDITION_REVIEW_REQUIRED,品目の直接記載は必須とせず、既存mappingを支えるCURRENT公式category ruleから判定。 collector_status=NO_ITEM_MATCH_IN_FETCHED_OFFICIAL_SOURCES
M063,I028,UNRESOLVED,,,,,TRUE,UNRESOLVED,直接記載・公式rule由来mapping・一意な一般則categoryのいずれでも決定できない。 collector_status=NO_ITEM_MATCH_IN_FETCHED_OFFICIAL_SOURCES
M063,I029,UNRESOLVED,,,,,TRUE,UNRESOLVED,直接記載・公式rule由来mapping・一意な一般則categoryのいずれでも決定できない。 collector_status=NO_ITEM_MATCH_IN_FETCHED_OFFICIAL_SOURCES
M063,I030,OFFICIAL_RULE_DERIVED,C-M063-04,蛍光灯/水銀,S-M063-02,2026年海士町ごみカレンダー／蛍光灯/水銀,TRUE,CATEGORY_SUPPORTED_CONDITION_REVIEW_REQUIRED,品目の直接記載は必須とせず、既存mappingを支えるCURRENT公式category ruleから判定。 collector_status=NO_ITEM_MATCH_IN_FETCHED_OFFICIAL_SOURCES
M063,I031,UNRESOLVED,,,,,TRUE,UNRESOLVED,直接記載・公式rule由来mapping・一意な一般則categoryのいずれでも決定できない。 collector_status=NO_ITEM_MATCH_IN_FETCHED_OFFICIAL_SOURCES
M063,I032,UNRESOLVED,,,,,TRUE,UNRESOLVED,直接記載・公式rule由来mapping・一意な一般則categoryのいずれでも決定できない。 collector_status=NO_ITEM_MATCH_IN_FETCHED_OFFICIAL_SOURCES
M063,I033,UNRESOLVED,,,,,TRUE,UNRESOLVED,直接記載・公式rule由来mapping・一意な一般則categoryのいずれでも決定できない。 collector_status=NO_ITEM_MATCH_IN_FETCHED_OFFICIAL_SOURCES
M063,I034,UNRESOLVED,,,,,TRUE,UNRESOLVED,直接記載・公式rule由来mapping・一意な一般則categoryのいずれでも決定できない。 collector_status=NO_ITEM_MATCH_IN_FETCHED_OFFICIAL_SOURCES
M063,I035,UNRESOLVED,,,,,TRUE,UNRESOLVED,直接記載・公式rule由来mapping・一意な一般則categoryのいずれでも決定できない。 collector_status=NO_ITEM_MATCH_IN_FETCHED_OFFICIAL_SOURCES
M063,I036,UNRESOLVED,,,,,TRUE,UNRESOLVED,直接記載・公式rule由来mapping・一意な一般則categoryのいずれでも決定できない。 collector_status=NO_ITEM_MATCH_IN_FETCHED_OFFICIAL_SOURCES
M063,I037,UNRESOLVED,,,,,TRUE,UNRESOLVED,直接記載・公式rule由来mapping・一意な一般則categoryのいずれでも決定できない。 collector_status=NO_ITEM_MATCH_IN_FETCHED_OFFICIAL_SOURCES
M063,I038,UNRESOLVED,,,,,TRUE,UNRESOLVED,直接記載・公式rule由来mapping・一意な一般則categoryのいずれでも決定できない。 collector_status=NO_ITEM_MATCH_IN_FETCHED_OFFICIAL_SOURCES
M063,I039,OFFICIAL_RULE_DERIVED,C-M063-05,廃食用油,S-M063-02,2026年海士町ごみカレンダー／廃食用油,TRUE,CATEGORY_SUPPORTED_CONDITION_REVIEW_REQUIRED,品目の直接記載は必須とせず、既存mappingを支えるCURRENT公式category ruleから判定。 collector_status=NO_ITEM_MATCH_IN_FETCHED_OFFICIAL_SOURCES
M063,I040,UNRESOLVED,,,,,TRUE,UNRESOLVED,直接記載・公式rule由来mapping・一意な一般則categoryのいずれでも決定できない。 collector_status=NO_ITEM_MATCH_IN_FETCHED_OFFICIAL_SOURCES
M064,I001,DIRECT_ITEM,C-M064-05|C-M064-07,資源ごみ：ペットボトル類|使用済蛍光管、電池、ペットボトルのキャップ,S-M064-01,text-match:ペットボトル + 資源ごみ：ペットボトル類|text-match:ペットボトル + 使用済蛍光管、電池、ペットボトルのキャップ,TRUE,CATEGORY_SUPPORTED_CONDITION_REVIEW_REQUIRED,全既存branchで公式資料中の品目表記とcategoryの直接候補あり。 collector_status=ALL_EXISTING_BRANCHES_HAVE_DIRECT_CANDIDATE
M064,I002,DIRECT_ITEM,C-M064-07,使用済蛍光管、電池、ペットボトルのキャップ,S-M064-01,text-match:キャップ + 使用済蛍光管、電池、ペットボトルのキャップ,TRUE,CATEGORY_SUPPORTED_CONDITION_REVIEW_REQUIRED,全既存branchで公式資料中の品目表記とcategoryの直接候補あり。 collector_status=ALL_EXISTING_BRANCHES_HAVE_DIRECT_CANDIDATE
M064,I003,UNRESOLVED,,,,,TRUE,UNRESOLVED,直接記載・公式rule由来mapping・一意な一般則categoryのいずれでも決定できない。 collector_status=AMBIGUOUS_CATEGORY_CANDIDATES
M064,I004,OFFICIAL_RULE_DERIVED,C-M064-03,資源ごみ：缶類,S-M064-01,家庭ごみの分別／資源ごみ：缶類,FALSE,CATEGORY_SUPPORTED,品目の直接記載は必須とせず、既存mappingを支えるCURRENT公式category ruleから判定。 collector_status=NO_ITEM_MATCH_IN_FETCHED_OFFICIAL_SOURCES
M064,I005,OFFICIAL_RULE_DERIVED,C-M064-03,資源ごみ：缶類,S-M064-01,家庭ごみの分別／資源ごみ：缶類,FALSE,CATEGORY_SUPPORTED,品目の直接記載は必須とせず、既存mappingを支えるCURRENT公式category ruleから判定。 collector_status=NO_ITEM_MATCH_IN_FETCHED_OFFICIAL_SOURCES
M064,I006,OFFICIAL_RULE_DERIVED,C-M064-04,資源ごみ：びん類,S-M064-01,家庭ごみの分別／資源ごみ：びん類,TRUE,CATEGORY_SUPPORTED_CONDITION_REVIEW_REQUIRED,品目の直接記載は必須とせず、既存mappingを支えるCURRENT公式category ruleから判定。 collector_status=NO_ITEM_MATCH_IN_FETCHED_OFFICIAL_SOURCES
M064,I007,UNRESOLVED,,,,,TRUE,UNRESOLVED,直接記載・公式rule由来mapping・一意な一般則categoryのいずれでも決定できない。 collector_status=NO_ITEM_MATCH_IN_FETCHED_OFFICIAL_SOURCES
M064,I008,UNRESOLVED,,,,,TRUE,UNRESOLVED,直接記載・公式rule由来mapping・一意な一般則categoryのいずれでも決定できない。 collector_status=NO_ITEM_MATCH_IN_FETCHED_OFFICIAL_SOURCES
M064,I009,UNRESOLVED,,,,,TRUE,UNRESOLVED,直接記載・公式rule由来mapping・一意な一般則categoryのいずれでも決定できない。 collector_status=NO_ITEM_MATCH_IN_FETCHED_OFFICIAL_SOURCES
M064,I010,UNRESOLVED,,,,,TRUE,UNRESOLVED,直接記載・公式rule由来mapping・一意な一般則categoryのいずれでも決定できない。 collector_status=NO_ITEM_MATCH_IN_FETCHED_OFFICIAL_SOURCES
M064,I011,UNRESOLVED,,,,,TRUE,UNRESOLVED,直接記載・公式rule由来mapping・一意な一般則categoryのいずれでも決定できない。 collector_status=NO_ITEM_MATCH_IN_FETCHED_OFFICIAL_SOURCES
M064,I012,UNRESOLVED,,,,,TRUE,UNRESOLVED,直接記載・公式rule由来mapping・一意な一般則categoryのいずれでも決定できない。 collector_status=AMBIGUOUS_CATEGORY_CANDIDATES
M064,I013,DIRECT_ITEM,C-M064-06,資源ごみ：新聞紙・折込チラシ,S-M064-01,text-match:新聞 + 資源ごみ：新聞紙・折込チラシ,FALSE,CATEGORY_SUPPORTED,全既存branchで公式資料中の品目表記とcategoryの直接候補あり。 collector_status=ALL_EXISTING_BRANCHES_HAVE_DIRECT_CANDIDATE
M064,I014,UNRESOLVED,,,,,FALSE,UNRESOLVED,直接記載・公式rule由来mapping・一意な一般則categoryのいずれでも決定できない。 collector_status=AMBIGUOUS_CATEGORY_CANDIDATES
M064,I015,UNRESOLVED,,,,,FALSE,UNRESOLVED,直接記載・公式rule由来mapping・一意な一般則categoryのいずれでも決定できない。 collector_status=AMBIGUOUS_CATEGORY_CANDIDATES
M064,I016,UNRESOLVED,,,,,FALSE,UNRESOLVED,直接記載・公式rule由来mapping・一意な一般則categoryのいずれでも決定できない。 collector_status=NO_ITEM_MATCH_IN_FETCHED_OFFICIAL_SOURCES
M064,I017,UNRESOLVED,,,,,TRUE,UNRESOLVED,直接記載・公式rule由来mapping・一意な一般則categoryのいずれでも決定できない。 collector_status=NO_ITEM_MATCH_IN_FETCHED_OFFICIAL_SOURCES
M064,I018,DIRECT_ITEM,C-M064-01,燃えるごみ,S-M064-01,text-match:生ごみ + 燃えるごみ,FALSE,CATEGORY_SUPPORTED,全既存branchで公式資料中の品目表記とcategoryの直接候補あり。 collector_status=ALL_EXISTING_BRANCHES_HAVE_DIRECT_CANDIDATE
M064,I019,GENERAL_RULE_DERIVED,C-M064-01,燃えるごみ,S-M064-01,家庭ごみの分別／燃えるごみ,FALSE,CATEGORY_SUPPORTED,個別記載・既存mappingなし。一般的な材質/用途ルールと一意のCURRENT公式categoryが一致。 collector_status=NO_ITEM_MATCH_IN_FETCHED_OFFICIAL_SOURCES
M064,I020,GENERAL_RULE_DERIVED,C-M064-01,燃えるごみ,S-M064-01,家庭ごみの分別／燃えるごみ,FALSE,CATEGORY_SUPPORTED,個別記載・既存mappingなし。一般的な材質/用途ルールと一意のCURRENT公式categoryが一致。 collector_status=AMBIGUOUS_CATEGORY_CANDIDATES
M064,I021,DIRECT_ITEM,C-M064-01,燃えるごみ,S-M064-01,text-match:衣類 + 燃えるごみ,FALSE,CATEGORY_SUPPORTED,全既存branchで公式資料中の品目表記とcategoryの直接候補あり。 collector_status=ALL_EXISTING_BRANCHES_HAVE_DIRECT_CANDIDATE
M064,I022,UNRESOLVED,,,,,TRUE,UNRESOLVED,直接記載・公式rule由来mapping・一意な一般則categoryのいずれでも決定できない。 collector_status=NO_ITEM_MATCH_IN_FETCHED_OFFICIAL_SOURCES
M064,I023,DIRECT_ITEM,C-M064-02,埋立ごみ,S-M064-01,text-match:陶磁器 + 埋立ごみ,FALSE,CATEGORY_SUPPORTED,全既存branchで公式資料中の品目表記とcategoryの直接候補あり。 collector_status=ALL_EXISTING_BRANCHES_HAVE_DIRECT_CANDIDATE
M064,I024,UNRESOLVED,,,,,FALSE,UNRESOLVED,直接記載・公式rule由来mapping・一意な一般則categoryのいずれでも決定できない。 collector_status=NO_ITEM_MATCH_IN_FETCHED_OFFICIAL_SOURCES
M064,I025,UNRESOLVED,,,,,TRUE,UNRESOLVED,直接記載・公式rule由来mapping・一意な一般則categoryのいずれでも決定できない。 collector_status=NO_ITEM_MATCH_IN_FETCHED_OFFICIAL_SOURCES
M064,I026,UNRESOLVED,,,,,TRUE,UNRESOLVED,直接記載・公式rule由来mapping・一意な一般則categoryのいずれでも決定できない。 collector_status=AMBIGUOUS_CATEGORY_CANDIDATES
M064,I027,DIRECT_ITEM,C-M064-07,使用済蛍光管、電池、ペットボトルのキャップ,S-M064-01,text-match:乾電池 + 使用済蛍光管、電池、ペットボトルのキャップ,TRUE,CATEGORY_SUPPORTED_CONDITION_REVIEW_REQUIRED,全既存branchで公式資料中の品目表記とcategoryの直接候補あり。 collector_status=ALL_EXISTING_BRANCHES_HAVE_DIRECT_CANDIDATE
M064,I028,UNRESOLVED,,,,,TRUE,UNRESOLVED,直接記載・公式rule由来mapping・一意な一般則categoryのいずれでも決定できない。 collector_status=AMBIGUOUS_CATEGORY_CANDIDATES
M064,I029,UNRESOLVED,,,,,TRUE,UNRESOLVED,直接記載・公式rule由来mapping・一意な一般則categoryのいずれでも決定できない。 collector_status=NO_ITEM_MATCH_IN_FETCHED_OFFICIAL_SOURCES
M064,I030,DIRECT_ITEM,C-M064-07,使用済蛍光管、電池、ペットボトルのキャップ,S-M064-01,text-match:蛍光管 + 使用済蛍光管、電池、ペットボトルのキャップ,TRUE,CATEGORY_SUPPORTED_CONDITION_REVIEW_REQUIRED,全既存branchで公式資料中の品目表記とcategoryの直接候補あり。 collector_status=ALL_EXISTING_BRANCHES_HAVE_DIRECT_CANDIDATE
M064,I031,DIRECT_ITEM,C-M064-07,使用済蛍光管、電池、ペットボトルのキャップ,S-M064-01,text-match:電球 + 使用済蛍光管、電池、ペットボトルのキャップ,TRUE,CATEGORY_SUPPORTED_CONDITION_REVIEW_REQUIRED,全既存branchで公式資料中の品目表記とcategoryの直接候補あり。 collector_status=ALL_EXISTING_BRANCHES_HAVE_DIRECT_CANDIDATE
M064,I032,UNRESOLVED,,,,,TRUE,UNRESOLVED,直接記載・公式rule由来mapping・一意な一般則categoryのいずれでも決定できない。 collector_status=ONE_INFERRED_CATEGORY_CANDIDATE
M064,I033,UNRESOLVED,,,,,TRUE,UNRESOLVED,直接記載・公式rule由来mapping・一意な一般則categoryのいずれでも決定できない。 collector_status=NO_ITEM_MATCH_IN_FETCHED_OFFICIAL_SOURCES
M064,I034,UNRESOLVED,,,,,TRUE,UNRESOLVED,直接記載・公式rule由来mapping・一意な一般則categoryのいずれでも決定できない。 collector_status=AMBIGUOUS_CATEGORY_CANDIDATES
M064,I035,UNRESOLVED,,,,,TRUE,UNRESOLVED,直接記載・公式rule由来mapping・一意な一般則categoryのいずれでも決定できない。 collector_status=NO_ITEM_MATCH_IN_FETCHED_OFFICIAL_SOURCES
M064,I036,UNRESOLVED,,,,,TRUE,UNRESOLVED,直接記載・公式rule由来mapping・一意な一般則categoryのいずれでも決定できない。 collector_status=AMBIGUOUS_CATEGORY_CANDIDATES
M064,I037,UNRESOLVED,,,,,TRUE,UNRESOLVED,直接記載・公式rule由来mapping・一意な一般則categoryのいずれでも決定できない。 collector_status=NO_ITEM_MATCH_IN_FETCHED_OFFICIAL_SOURCES
M064,I038,UNRESOLVED,,,,,TRUE,UNRESOLVED,直接記載・公式rule由来mapping・一意な一般則categoryのいずれでも決定できない。 collector_status=NO_ITEM_MATCH_IN_FETCHED_OFFICIAL_SOURCES
M064,I039,UNRESOLVED,,,,,TRUE,UNRESOLVED,直接記載・公式rule由来mapping・一意な一般則categoryのいずれでも決定できない。 collector_status=NO_ITEM_MATCH_IN_FETCHED_OFFICIAL_SOURCES
M064,I040,UNRESOLVED,,,,,TRUE,UNRESOLVED,直接記載・公式rule由来mapping・一意な一般則categoryのいずれでも決定できない。 collector_status=NO_ITEM_MATCH_IN_FETCHED_OFFICIAL_SOURCES
M066,I001,OFFICIAL_RULE_DERIVED,C-M066-05,ペットボトル,S-M066-03,現行条例・住民ガイド／ペットボトル,FALSE,CATEGORY_SUPPORTED,品目の直接記載は必須とせず、既存mappingを支えるCURRENT公式category ruleから判定。 collector_status=NO_ITEM_MATCH_IN_FETCHED_OFFICIAL_SOURCES
M066,I002,UNRESOLVED,,,,,TRUE,UNRESOLVED,直接記載・公式rule由来mapping・一意な一般則categoryのいずれでも決定できない。 collector_status=NO_ITEM_MATCH_IN_FETCHED_OFFICIAL_SOURCES
M066,I003,UNRESOLVED,,,,,TRUE,UNRESOLVED,直接記載・公式rule由来mapping・一意な一般則categoryのいずれでも決定できない。 collector_status=NO_ITEM_MATCH_IN_FETCHED_OFFICIAL_SOURCES
M066,I004,UNRESOLVED,,,,,FALSE,UNRESOLVED,直接記載・公式rule由来mapping・一意な一般則categoryのいずれでも決定できない。 collector_status=NO_ITEM_MATCH_IN_FETCHED_OFFICIAL_SOURCES
M066,I005,UNRESOLVED,,,,,FALSE,UNRESOLVED,直接記載・公式rule由来mapping・一意な一般則categoryのいずれでも決定できない。 collector_status=NO_ITEM_MATCH_IN_FETCHED_OFFICIAL_SOURCES
M066,I006,OFFICIAL_RULE_DERIVED,C-M066-04,ビン類,S-M066-03,現行条例・住民ガイド／ビン類,TRUE,CATEGORY_SUPPORTED_CONDITION_REVIEW_REQUIRED,品目の直接記載は必須とせず、既存mappingを支えるCURRENT公式category ruleから判定。 collector_status=NO_ITEM_MATCH_IN_FETCHED_OFFICIAL_SOURCES
M066,I007,UNRESOLVED,,,,,TRUE,UNRESOLVED,直接記載・公式rule由来mapping・一意な一般則categoryのいずれでも決定できない。 collector_status=NO_ITEM_MATCH_IN_FETCHED_OFFICIAL_SOURCES
M066,I008,UNRESOLVED,,,,,TRUE,UNRESOLVED,直接記載・公式rule由来mapping・一意な一般則categoryのいずれでも決定できない。 collector_status=NO_ITEM_MATCH_IN_FETCHED_OFFICIAL_SOURCES
M066,I009,UNRESOLVED,,,,,TRUE,UNRESOLVED,直接記載・公式rule由来mapping・一意な一般則categoryのいずれでも決定できない。 collector_status=NO_ITEM_MATCH_IN_FETCHED_OFFICIAL_SOURCES
M066,I010,UNRESOLVED,,,,,TRUE,UNRESOLVED,直接記載・公式rule由来mapping・一意な一般則categoryのいずれでも決定できない。 collector_status=NO_ITEM_MATCH_IN_FETCHED_OFFICIAL_SOURCES
M066,I011,UNRESOLVED,,,,,TRUE,UNRESOLVED,直接記載・公式rule由来mapping・一意な一般則categoryのいずれでも決定できない。 collector_status=NO_ITEM_MATCH_IN_FETCHED_OFFICIAL_SOURCES
M066,I012,UNRESOLVED,,,,,TRUE,UNRESOLVED,直接記載・公式rule由来mapping・一意な一般則categoryのいずれでも決定できない。 collector_status=NO_ITEM_MATCH_IN_FETCHED_OFFICIAL_SOURCES
M066,I013,UNRESOLVED,,,,,FALSE,UNRESOLVED,直接記載・公式rule由来mapping・一意な一般則categoryのいずれでも決定できない。 collector_status=NO_ITEM_MATCH_IN_FETCHED_OFFICIAL_SOURCES
M066,I014,UNRESOLVED,,,,,FALSE,UNRESOLVED,直接記載・公式rule由来mapping・一意な一般則categoryのいずれでも決定できない。 collector_status=NO_ITEM_MATCH_IN_FETCHED_OFFICIAL_SOURCES
M066,I015,UNRESOLVED,,,,,FALSE,UNRESOLVED,直接記載・公式rule由来mapping・一意な一般則categoryのいずれでも決定できない。 collector_status=NO_ITEM_MATCH_IN_FETCHED_OFFICIAL_SOURCES
M066,I016,UNRESOLVED,,,,,FALSE,UNRESOLVED,直接記載・公式rule由来mapping・一意な一般則categoryのいずれでも決定できない。 collector_status=NO_ITEM_MATCH_IN_FETCHED_OFFICIAL_SOURCES
M066,I017,UNRESOLVED,,,,,TRUE,UNRESOLVED,直接記載・公式rule由来mapping・一意な一般則categoryのいずれでも決定できない。 collector_status=NO_ITEM_MATCH_IN_FETCHED_OFFICIAL_SOURCES
M066,I018,UNRESOLVED,,,,,FALSE,UNRESOLVED,直接記載・公式rule由来mapping・一意な一般則categoryのいずれでも決定できない。 collector_status=NO_ITEM_MATCH_IN_FETCHED_OFFICIAL_SOURCES
M066,I019,UNRESOLVED,,,,,FALSE,UNRESOLVED,一般則候補categoryが複数(2)のため自動決定しない。 collector_status=NO_ITEM_MATCH_IN_FETCHED_OFFICIAL_SOURCES
M066,I020,UNRESOLVED,,,,,FALSE,UNRESOLVED,一般則候補categoryが複数(2)のため自動決定しない。 collector_status=NO_ITEM_MATCH_IN_FETCHED_OFFICIAL_SOURCES
M066,I021,UNRESOLVED,,,,,FALSE,UNRESOLVED,直接記載・公式rule由来mapping・一意な一般則categoryのいずれでも決定できない。 collector_status=NO_ITEM_MATCH_IN_FETCHED_OFFICIAL_SOURCES
M066,I022,UNRESOLVED,,,,,TRUE,UNRESOLVED,直接記載・公式rule由来mapping・一意な一般則categoryのいずれでも決定できない。 collector_status=NO_ITEM_MATCH_IN_FETCHED_OFFICIAL_SOURCES
M066,I023,UNRESOLVED,,,,,FALSE,UNRESOLVED,一般則候補categoryが複数(2)のため自動決定しない。 collector_status=NO_ITEM_MATCH_IN_FETCHED_OFFICIAL_SOURCES
M066,I024,UNRESOLVED,,,,,FALSE,UNRESOLVED,一般則候補categoryが複数(2)のため自動決定しない。 collector_status=NO_ITEM_MATCH_IN_FETCHED_OFFICIAL_SOURCES
M066,I025,UNRESOLVED,,,,,TRUE,UNRESOLVED,直接記載・公式rule由来mapping・一意な一般則categoryのいずれでも決定できない。 collector_status=NO_ITEM_MATCH_IN_FETCHED_OFFICIAL_SOURCES
M066,I026,UNRESOLVED,,,,,TRUE,UNRESOLVED,直接記載・公式rule由来mapping・一意な一般則categoryのいずれでも決定できない。 collector_status=NO_ITEM_MATCH_IN_FETCHED_OFFICIAL_SOURCES
M066,I027,UNRESOLVED,,,,,TRUE,UNRESOLVED,直接記載・公式rule由来mapping・一意な一般則categoryのいずれでも決定できない。 collector_status=NO_ITEM_MATCH_IN_FETCHED_OFFICIAL_SOURCES
M066,I028,UNRESOLVED,,,,,TRUE,UNRESOLVED,直接記載・公式rule由来mapping・一意な一般則categoryのいずれでも決定できない。 collector_status=NO_ITEM_MATCH_IN_FETCHED_OFFICIAL_SOURCES
M066,I029,UNRESOLVED,,,,,TRUE,UNRESOLVED,直接記載・公式rule由来mapping・一意な一般則categoryのいずれでも決定できない。 collector_status=NO_ITEM_MATCH_IN_FETCHED_OFFICIAL_SOURCES
M066,I030,UNRESOLVED,,,,,TRUE,UNRESOLVED,直接記載・公式rule由来mapping・一意な一般則categoryのいずれでも決定できない。 collector_status=NO_ITEM_MATCH_IN_FETCHED_OFFICIAL_SOURCES
M066,I031,UNRESOLVED,,,,,TRUE,UNRESOLVED,直接記載・公式rule由来mapping・一意な一般則categoryのいずれでも決定できない。 collector_status=NO_ITEM_MATCH_IN_FETCHED_OFFICIAL_SOURCES
M066,I032,UNRESOLVED,,,,,TRUE,UNRESOLVED,直接記載・公式rule由来mapping・一意な一般則categoryのいずれでも決定できない。 collector_status=NO_ITEM_MATCH_IN_FETCHED_OFFICIAL_SOURCES
M066,I033,UNRESOLVED,,,,,TRUE,UNRESOLVED,直接記載・公式rule由来mapping・一意な一般則categoryのいずれでも決定できない。 collector_status=NO_ITEM_MATCH_IN_FETCHED_OFFICIAL_SOURCES
M066,I034,UNRESOLVED,,,,,TRUE,UNRESOLVED,直接記載・公式rule由来mapping・一意な一般則categoryのいずれでも決定できない。 collector_status=NO_ITEM_MATCH_IN_FETCHED_OFFICIAL_SOURCES
M066,I035,UNRESOLVED,,,,,TRUE,UNRESOLVED,直接記載・公式rule由来mapping・一意な一般則categoryのいずれでも決定できない。 collector_status=NO_ITEM_MATCH_IN_FETCHED_OFFICIAL_SOURCES
M066,I036,UNRESOLVED,,,,,TRUE,UNRESOLVED,直接記載・公式rule由来mapping・一意な一般則categoryのいずれでも決定できない。 collector_status=NO_ITEM_MATCH_IN_FETCHED_OFFICIAL_SOURCES
M066,I037,UNRESOLVED,,,,,TRUE,UNRESOLVED,直接記載・公式rule由来mapping・一意な一般則categoryのいずれでも決定できない。 collector_status=NO_ITEM_MATCH_IN_FETCHED_OFFICIAL_SOURCES
M066,I038,UNRESOLVED,,,,,TRUE,UNRESOLVED,直接記載・公式rule由来mapping・一意な一般則categoryのいずれでも決定できない。 collector_status=NO_ITEM_MATCH_IN_FETCHED_OFFICIAL_SOURCES
M066,I039,UNRESOLVED,,,,,TRUE,UNRESOLVED,直接記載・公式rule由来mapping・一意な一般則categoryのいずれでも決定できない。 collector_status=NO_ITEM_MATCH_IN_FETCHED_OFFICIAL_SOURCES
M066,I040,UNRESOLVED,,,,,TRUE,UNRESOLVED,直接記載・公式rule由来mapping・一意な一般則categoryのいずれでも決定できない。 collector_status=NO_ITEM_MATCH_IN_FETCHED_OFFICIAL_SOURCES
M067,I001,UNRESOLVED,,,,,FALSE,UNRESOLVED,直接記載・公式rule由来mapping・一意な一般則categoryのいずれでも決定できない。 collector_status=NO_ITEM_MATCH_IN_FETCHED_OFFICIAL_SOURCES
M067,I002,UNRESOLVED,,,,,TRUE,UNRESOLVED,直接記載・公式rule由来mapping・一意な一般則categoryのいずれでも決定できない。 collector_status=NO_ITEM_MATCH_IN_FETCHED_OFFICIAL_SOURCES
M067,I003,UNRESOLVED,,,,,TRUE,UNRESOLVED,直接記載・公式rule由来mapping・一意な一般則categoryのいずれでも決定できない。 collector_status=NO_ITEM_MATCH_IN_FETCHED_OFFICIAL_SOURCES
M067,I004,UNRESOLVED,,,,,FALSE,UNRESOLVED,直接記載・公式rule由来mapping・一意な一般則categoryのいずれでも決定できない。 collector_status=NO_ITEM_MATCH_IN_FETCHED_OFFICIAL_SOURCES
M067,I005,UNRESOLVED,,,,,FALSE,UNRESOLVED,直接記載・公式rule由来mapping・一意な一般則categoryのいずれでも決定できない。 collector_status=NO_ITEM_MATCH_IN_FETCHED_OFFICIAL_SOURCES
M067,I006,UNRESOLVED,,,,,TRUE,UNRESOLVED,直接記載・公式rule由来mapping・一意な一般則categoryのいずれでも決定できない。 collector_status=NO_ITEM_MATCH_IN_FETCHED_OFFICIAL_SOURCES
M067,I007,UNRESOLVED,,,,,TRUE,UNRESOLVED,直接記載・公式rule由来mapping・一意な一般則categoryのいずれでも決定できない。 collector_status=NO_ITEM_MATCH_IN_FETCHED_OFFICIAL_SOURCES
M067,I008,UNRESOLVED,,,,,TRUE,UNRESOLVED,直接記載・公式rule由来mapping・一意な一般則categoryのいずれでも決定できない。 collector_status=NO_ITEM_MATCH_IN_FETCHED_OFFICIAL_SOURCES
M067,I009,UNRESOLVED,,,,,TRUE,UNRESOLVED,直接記載・公式rule由来mapping・一意な一般則categoryのいずれでも決定できない。 collector_status=NO_ITEM_MATCH_IN_FETCHED_OFFICIAL_SOURCES
M067,I010,UNRESOLVED,,,,,TRUE,UNRESOLVED,直接記載・公式rule由来mapping・一意な一般則categoryのいずれでも決定できない。 collector_status=NO_ITEM_MATCH_IN_FETCHED_OFFICIAL_SOURCES
M067,I011,UNRESOLVED,,,,,TRUE,UNRESOLVED,直接記載・公式rule由来mapping・一意な一般則categoryのいずれでも決定できない。 collector_status=NO_ITEM_MATCH_IN_FETCHED_OFFICIAL_SOURCES
M067,I012,UNRESOLVED,,,,,TRUE,UNRESOLVED,直接記載・公式rule由来mapping・一意な一般則categoryのいずれでも決定できない。 collector_status=NO_ITEM_MATCH_IN_FETCHED_OFFICIAL_SOURCES
M067,I013,UNRESOLVED,,,,,FALSE,UNRESOLVED,直接記載・公式rule由来mapping・一意な一般則categoryのいずれでも決定できない。 collector_status=NO_ITEM_MATCH_IN_FETCHED_OFFICIAL_SOURCES
M067,I014,UNRESOLVED,,,,,FALSE,UNRESOLVED,直接記載・公式rule由来mapping・一意な一般則categoryのいずれでも決定できない。 collector_status=NO_ITEM_MATCH_IN_FETCHED_OFFICIAL_SOURCES
M067,I015,UNRESOLVED,,,,,FALSE,UNRESOLVED,直接記載・公式rule由来mapping・一意な一般則categoryのいずれでも決定できない。 collector_status=NO_ITEM_MATCH_IN_FETCHED_OFFICIAL_SOURCES
M067,I016,UNRESOLVED,,,,,FALSE,UNRESOLVED,直接記載・公式rule由来mapping・一意な一般則categoryのいずれでも決定できない。 collector_status=NO_ITEM_MATCH_IN_FETCHED_OFFICIAL_SOURCES
M067,I017,UNRESOLVED,,,,,TRUE,UNRESOLVED,直接記載・公式rule由来mapping・一意な一般則categoryのいずれでも決定できない。 collector_status=NO_ITEM_MATCH_IN_FETCHED_OFFICIAL_SOURCES
M067,I018,OFFICIAL_RULE_DERIVED,C-M067-01,可燃ごみ,S-M067-03,可燃ごみの出し方,TRUE,CATEGORY_SUPPORTED_CONDITION_REVIEW_REQUIRED,品目の直接記載は必須とせず、既存mappingを支えるCURRENT公式category ruleから判定。 collector_status=NO_ITEM_MATCH_IN_FETCHED_OFFICIAL_SOURCES
M067,I019,GENERAL_RULE_DERIVED,C-M067-01,可燃ごみ,S-M067-03,可燃ごみの出し方,TRUE,CATEGORY_SUPPORTED_CONDITION_REVIEW_REQUIRED,個別記載・既存mappingなし。一般的な材質/用途ルールと一意のCURRENT公式categoryが一致。 collector_status=NO_ITEM_MATCH_IN_FETCHED_OFFICIAL_SOURCES
M067,I020,OFFICIAL_RULE_DERIVED,C-M067-01,可燃ごみ,S-M067-03,可燃ごみの出し方,TRUE,CATEGORY_SUPPORTED_CONDITION_REVIEW_REQUIRED,品目の直接記載は必須とせず、既存mappingを支えるCURRENT公式category ruleから判定。 collector_status=NO_ITEM_MATCH_IN_FETCHED_OFFICIAL_SOURCES
M067,I021,UNRESOLVED,,,,,FALSE,UNRESOLVED,直接記載・公式rule由来mapping・一意な一般則categoryのいずれでも決定できない。 collector_status=NO_ITEM_MATCH_IN_FETCHED_OFFICIAL_SOURCES
M067,I022,UNRESOLVED,,,,,TRUE,UNRESOLVED,直接記載・公式rule由来mapping・一意な一般則categoryのいずれでも決定できない。 collector_status=NO_ITEM_MATCH_IN_FETCHED_OFFICIAL_SOURCES
M067,I023,OFFICIAL_RULE_DERIVED,C-M067-02,不燃ごみ,S-M067-04,家庭ごみの出し方／不燃ごみ,FALSE,CATEGORY_SUPPORTED,品目の直接記載は必須とせず、既存mappingを支えるCURRENT公式category ruleから判定。 collector_status=NO_ITEM_MATCH_IN_FETCHED_OFFICIAL_SOURCES
M067,I024,GENERAL_RULE_DERIVED,C-M067-02,不燃ごみ,S-M067-04,家庭ごみの出し方／不燃ごみ,FALSE,CATEGORY_SUPPORTED,個別記載・既存mappingなし。一般的な材質/用途ルールと一意のCURRENT公式categoryが一致。 collector_status=NO_ITEM_MATCH_IN_FETCHED_OFFICIAL_SOURCES
M067,I025,UNRESOLVED,,,,,TRUE,UNRESOLVED,直接記載・公式rule由来mapping・一意な一般則categoryのいずれでも決定できない。 collector_status=NO_ITEM_MATCH_IN_FETCHED_OFFICIAL_SOURCES
M067,I026,UNRESOLVED,,,,,TRUE,UNRESOLVED,直接記載・公式rule由来mapping・一意な一般則categoryのいずれでも決定できない。 collector_status=NO_ITEM_MATCH_IN_FETCHED_OFFICIAL_SOURCES
M067,I027,OFFICIAL_RULE_DERIVED,C-M067-05,廃乾電池・体温計,S-M067-04,家庭ごみの出し方／廃乾電池・体温計,TRUE,CATEGORY_SUPPORTED_CONDITION_REVIEW_REQUIRED,品目の直接記載は必須とせず、既存mappingを支えるCURRENT公式category ruleから判定。 collector_status=NO_ITEM_MATCH_IN_FETCHED_OFFICIAL_SOURCES
M067,I028,OFFICIAL_RULE_DERIVED,C-M067-05,廃乾電池・体温計,S-M067-04,家庭ごみの出し方／廃乾電池・体温計,TRUE,CATEGORY_SUPPORTED_CONDITION_REVIEW_REQUIRED,品目の直接記載は必須とせず、既存mappingを支えるCURRENT公式category ruleから判定。 collector_status=NO_ITEM_MATCH_IN_FETCHED_OFFICIAL_SOURCES
M067,I029,UNRESOLVED,,,,,TRUE,UNRESOLVED,直接記載・公式rule由来mapping・一意な一般則categoryのいずれでも決定できない。 collector_status=NO_ITEM_MATCH_IN_FETCHED_OFFICIAL_SOURCES
M067,I030,UNRESOLVED,,,,,TRUE,UNRESOLVED,直接記載・公式rule由来mapping・一意な一般則categoryのいずれでも決定できない。 collector_status=NO_ITEM_MATCH_IN_FETCHED_OFFICIAL_SOURCES
M067,I031,UNRESOLVED,,,,,TRUE,UNRESOLVED,直接記載・公式rule由来mapping・一意な一般則categoryのいずれでも決定できない。 collector_status=NO_ITEM_MATCH_IN_FETCHED_OFFICIAL_SOURCES
M067,I032,UNRESOLVED,,,,,TRUE,UNRESOLVED,直接記載・公式rule由来mapping・一意な一般則categoryのいずれでも決定できない。 collector_status=NO_ITEM_MATCH_IN_FETCHED_OFFICIAL_SOURCES
M067,I033,UNRESOLVED,,,,,TRUE,UNRESOLVED,直接記載・公式rule由来mapping・一意な一般則categoryのいずれでも決定できない。 collector_status=NO_ITEM_MATCH_IN_FETCHED_OFFICIAL_SOURCES
M067,I034,UNRESOLVED,,,,,TRUE,UNRESOLVED,直接記載・公式rule由来mapping・一意な一般則categoryのいずれでも決定できない。 collector_status=NO_ITEM_MATCH_IN_FETCHED_OFFICIAL_SOURCES
M067,I035,UNRESOLVED,,,,,TRUE,UNRESOLVED,直接記載・公式rule由来mapping・一意な一般則categoryのいずれでも決定できない。 collector_status=NO_ITEM_MATCH_IN_FETCHED_OFFICIAL_SOURCES
M067,I036,UNRESOLVED,,,,,TRUE,UNRESOLVED,直接記載・公式rule由来mapping・一意な一般則categoryのいずれでも決定できない。 collector_status=NO_ITEM_MATCH_IN_FETCHED_OFFICIAL_SOURCES
M067,I037,UNRESOLVED,,,,,TRUE,UNRESOLVED,直接記載・公式rule由来mapping・一意な一般則categoryのいずれでも決定できない。 collector_status=NO_ITEM_MATCH_IN_FETCHED_OFFICIAL_SOURCES
M067,I038,UNRESOLVED,,,,,TRUE,UNRESOLVED,直接記載・公式rule由来mapping・一意な一般則categoryのいずれでも決定できない。 collector_status=NO_ITEM_MATCH_IN_FETCHED_OFFICIAL_SOURCES
M067,I039,UNRESOLVED,,,,,TRUE,UNRESOLVED,直接記載・公式rule由来mapping・一意な一般則categoryのいずれでも決定できない。 collector_status=NO_ITEM_MATCH_IN_FETCHED_OFFICIAL_SOURCES
M067,I040,UNRESOLVED,,,,,TRUE,UNRESOLVED,直接記載・公式rule由来mapping・一意な一般則categoryのいずれでも決定できない。 collector_status=NO_ITEM_MATCH_IN_FETCHED_OFFICIAL_SOURCES
M068,I001,UNRESOLVED,,,,,FALSE,UNRESOLVED,直接記載・公式rule由来mapping・一意な一般則categoryのいずれでも決定できない。 collector_status=NO_ITEM_MATCH_IN_FETCHED_OFFICIAL_SOURCES
M068,I002,UNRESOLVED,,,,,TRUE,UNRESOLVED,直接記載・公式rule由来mapping・一意な一般則categoryのいずれでも決定できない。 collector_status=NO_ITEM_MATCH_IN_FETCHED_OFFICIAL_SOURCES
M068,I003,UNRESOLVED,,,,,TRUE,UNRESOLVED,直接記載・公式rule由来mapping・一意な一般則categoryのいずれでも決定できない。 collector_status=NO_ITEM_MATCH_IN_FETCHED_OFFICIAL_SOURCES
M068,I004,UNRESOLVED,,,,,FALSE,UNRESOLVED,直接記載・公式rule由来mapping・一意な一般則categoryのいずれでも決定できない。 collector_status=NO_ITEM_MATCH_IN_FETCHED_OFFICIAL_SOURCES
M068,I005,UNRESOLVED,,,,,FALSE,UNRESOLVED,直接記載・公式rule由来mapping・一意な一般則categoryのいずれでも決定できない。 collector_status=NO_ITEM_MATCH_IN_FETCHED_OFFICIAL_SOURCES
M068,I006,UNRESOLVED,,,,,TRUE,UNRESOLVED,直接記載・公式rule由来mapping・一意な一般則categoryのいずれでも決定できない。 collector_status=NO_ITEM_MATCH_IN_FETCHED_OFFICIAL_SOURCES
M068,I007,UNRESOLVED,,,,,TRUE,UNRESOLVED,直接記載・公式rule由来mapping・一意な一般則categoryのいずれでも決定できない。 collector_status=NO_ITEM_MATCH_IN_FETCHED_OFFICIAL_SOURCES
M068,I008,UNRESOLVED,,,,,TRUE,UNRESOLVED,直接記載・公式rule由来mapping・一意な一般則categoryのいずれでも決定できない。 collector_status=NO_ITEM_MATCH_IN_FETCHED_OFFICIAL_SOURCES
M068,I009,UNRESOLVED,,,,,TRUE,UNRESOLVED,直接記載・公式rule由来mapping・一意な一般則categoryのいずれでも決定できない。 collector_status=NO_ITEM_MATCH_IN_FETCHED_OFFICIAL_SOURCES
M068,I010,UNRESOLVED,,,,,TRUE,UNRESOLVED,直接記載・公式rule由来mapping・一意な一般則categoryのいずれでも決定できない。 collector_status=NO_ITEM_MATCH_IN_FETCHED_OFFICIAL_SOURCES
M068,I011,UNRESOLVED,,,,,TRUE,UNRESOLVED,直接記載・公式rule由来mapping・一意な一般則categoryのいずれでも決定できない。 collector_status=NO_ITEM_MATCH_IN_FETCHED_OFFICIAL_SOURCES
M068,I012,UNRESOLVED,,,,,TRUE,UNRESOLVED,直接記載・公式rule由来mapping・一意な一般則categoryのいずれでも決定できない。 collector_status=NO_ITEM_MATCH_IN_FETCHED_OFFICIAL_SOURCES
M068,I013,UNRESOLVED,,,,,FALSE,UNRESOLVED,直接記載・公式rule由来mapping・一意な一般則categoryのいずれでも決定できない。 collector_status=NO_ITEM_MATCH_IN_FETCHED_OFFICIAL_SOURCES
M068,I014,UNRESOLVED,,,,,FALSE,UNRESOLVED,直接記載・公式rule由来mapping・一意な一般則categoryのいずれでも決定できない。 collector_status=NO_ITEM_MATCH_IN_FETCHED_OFFICIAL_SOURCES
M068,I015,UNRESOLVED,,,,,FALSE,UNRESOLVED,直接記載・公式rule由来mapping・一意な一般則categoryのいずれでも決定できない。 collector_status=NO_ITEM_MATCH_IN_FETCHED_OFFICIAL_SOURCES
M068,I016,UNRESOLVED,,,,,FALSE,UNRESOLVED,直接記載・公式rule由来mapping・一意な一般則categoryのいずれでも決定できない。 collector_status=NO_ITEM_MATCH_IN_FETCHED_OFFICIAL_SOURCES
M068,I017,UNRESOLVED,,,,,TRUE,UNRESOLVED,直接記載・公式rule由来mapping・一意な一般則categoryのいずれでも決定できない。 collector_status=NO_ITEM_MATCH_IN_FETCHED_OFFICIAL_SOURCES
M068,I018,OFFICIAL_RULE_DERIVED,C-M068-01,燃やせるごみ,S-M068-01,家庭ごみの出し方／燃やせるごみ,TRUE,CATEGORY_SUPPORTED_CONDITION_REVIEW_REQUIRED,品目の直接記載は必須とせず、既存mappingを支えるCURRENT公式category ruleから判定。 collector_status=NO_ITEM_MATCH_IN_FETCHED_OFFICIAL_SOURCES
M068,I019,UNRESOLVED,,,,,FALSE,UNRESOLVED,直接記載・公式rule由来mapping・一意な一般則categoryのいずれでも決定できない。 collector_status=NO_ITEM_MATCH_IN_FETCHED_OFFICIAL_SOURCES
M068,I020,UNRESOLVED,,,,,FALSE,UNRESOLVED,直接記載・公式rule由来mapping・一意な一般則categoryのいずれでも決定できない。 collector_status=NO_ITEM_MATCH_IN_FETCHED_OFFICIAL_SOURCES
M068,I021,UNRESOLVED,,,,,FALSE,UNRESOLVED,直接記載・公式rule由来mapping・一意な一般則categoryのいずれでも決定できない。 collector_status=NO_ITEM_MATCH_IN_FETCHED_OFFICIAL_SOURCES
M068,I022,UNRESOLVED,,,,,TRUE,UNRESOLVED,直接記載・公式rule由来mapping・一意な一般則categoryのいずれでも決定できない。 collector_status=NO_ITEM_MATCH_IN_FETCHED_OFFICIAL_SOURCES
M068,I023,OFFICIAL_RULE_DERIVED,C-M068-03,埋立ごみ,S-M068-02,ごみ分別検索／埋立ごみ,FALSE,CATEGORY_SUPPORTED,品目の直接記載は必須とせず、既存mappingを支えるCURRENT公式category ruleから判定。 collector_status=NO_ITEM_MATCH_IN_FETCHED_OFFICIAL_SOURCES
M068,I024,UNRESOLVED,,,,,FALSE,UNRESOLVED,直接記載・公式rule由来mapping・一意な一般則categoryのいずれでも決定できない。 collector_status=NO_ITEM_MATCH_IN_FETCHED_OFFICIAL_SOURCES
M068,I025,UNRESOLVED,,,,,TRUE,UNRESOLVED,直接記載・公式rule由来mapping・一意な一般則categoryのいずれでも決定できない。 collector_status=NO_ITEM_MATCH_IN_FETCHED_OFFICIAL_SOURCES
M068,I026,UNRESOLVED,,,,,TRUE,UNRESOLVED,直接記載・公式rule由来mapping・一意な一般則categoryのいずれでも決定できない。 collector_status=NO_ITEM_MATCH_IN_FETCHED_OFFICIAL_SOURCES
M068,I027,OFFICIAL_RULE_DERIVED,C-M068-04,使用済み乾電池,S-M068-01,家庭ごみの出し方／使用済み乾電池,TRUE,CATEGORY_SUPPORTED_CONDITION_REVIEW_REQUIRED,品目の直接記載は必須とせず、既存mappingを支えるCURRENT公式category ruleから判定。 collector_status=NO_ITEM_MATCH_IN_FETCHED_OFFICIAL_SOURCES
M068,I028,UNRESOLVED,,,,,TRUE,UNRESOLVED,直接記載・公式rule由来mapping・一意な一般則categoryのいずれでも決定できない。 collector_status=NO_ITEM_MATCH_IN_FETCHED_OFFICIAL_SOURCES
M068,I029,UNRESOLVED,,,,,TRUE,UNRESOLVED,直接記載・公式rule由来mapping・一意な一般則categoryのいずれでも決定できない。 collector_status=NO_ITEM_MATCH_IN_FETCHED_OFFICIAL_SOURCES
M068,I030,UNRESOLVED,,,,,TRUE,UNRESOLVED,直接記載・公式rule由来mapping・一意な一般則categoryのいずれでも決定できない。 collector_status=NO_ITEM_MATCH_IN_FETCHED_OFFICIAL_SOURCES
M068,I031,UNRESOLVED,,,,,TRUE,UNRESOLVED,直接記載・公式rule由来mapping・一意な一般則categoryのいずれでも決定できない。 collector_status=NO_ITEM_MATCH_IN_FETCHED_OFFICIAL_SOURCES
M068,I032,UNRESOLVED,,,,,TRUE,UNRESOLVED,直接記載・公式rule由来mapping・一意な一般則categoryのいずれでも決定できない。 collector_status=NO_ITEM_MATCH_IN_FETCHED_OFFICIAL_SOURCES
M068,I033,UNRESOLVED,,,,,TRUE,UNRESOLVED,直接記載・公式rule由来mapping・一意な一般則categoryのいずれでも決定できない。 collector_status=NO_ITEM_MATCH_IN_FETCHED_OFFICIAL_SOURCES
M068,I034,UNRESOLVED,,,,,TRUE,UNRESOLVED,直接記載・公式rule由来mapping・一意な一般則categoryのいずれでも決定できない。 collector_status=NO_ITEM_MATCH_IN_FETCHED_OFFICIAL_SOURCES
M068,I035,UNRESOLVED,,,,,TRUE,UNRESOLVED,直接記載・公式rule由来mapping・一意な一般則categoryのいずれでも決定できない。 collector_status=NO_ITEM_MATCH_IN_FETCHED_OFFICIAL_SOURCES
M068,I036,UNRESOLVED,,,,,TRUE,UNRESOLVED,直接記載・公式rule由来mapping・一意な一般則categoryのいずれでも決定できない。 collector_status=NO_ITEM_MATCH_IN_FETCHED_OFFICIAL_SOURCES
M068,I037,UNRESOLVED,,,,,TRUE,UNRESOLVED,直接記載・公式rule由来mapping・一意な一般則categoryのいずれでも決定できない。 collector_status=NO_ITEM_MATCH_IN_FETCHED_OFFICIAL_SOURCES
M068,I038,UNRESOLVED,,,,,TRUE,UNRESOLVED,直接記載・公式rule由来mapping・一意な一般則categoryのいずれでも決定できない。 collector_status=NO_ITEM_MATCH_IN_FETCHED_OFFICIAL_SOURCES
M068,I039,UNRESOLVED,,,,,TRUE,UNRESOLVED,直接記載・公式rule由来mapping・一意な一般則categoryのいずれでも決定できない。 collector_status=NO_ITEM_MATCH_IN_FETCHED_OFFICIAL_SOURCES
M068,I040,UNRESOLVED,,,,,TRUE,UNRESOLVED,直接記載・公式rule由来mapping・一意な一般則categoryのいずれでも決定できない。 collector_status=NO_ITEM_MATCH_IN_FETCHED_OFFICIAL_SOURCES
M069,I001,DIRECT_ITEM,C-M069-04,缶・びん・ペットボトル,S-M069-01,text-match:ペットボトル + 缶・びん・ペットボトル,FALSE,CATEGORY_SUPPORTED,全既存branchで公式資料中の品目表記とcategoryの直接候補あり。 collector_status=ALL_EXISTING_BRANCHES_HAVE_DIRECT_CANDIDATE
M069,I002,UNRESOLVED,,,,,TRUE,UNRESOLVED,直接記載・公式rule由来mapping・一意な一般則categoryのいずれでも決定できない。 collector_status=NO_ITEM_MATCH_IN_FETCHED_OFFICIAL_SOURCES
M069,I003,UNRESOLVED,,,,,TRUE,UNRESOLVED,直接記載・公式rule由来mapping・一意な一般則categoryのいずれでも決定できない。 collector_status=AMBIGUOUS_CATEGORY_CANDIDATES
M069,I004,UNRESOLVED,,,,,FALSE,UNRESOLVED,直接記載・公式rule由来mapping・一意な一般則categoryのいずれでも決定できない。 collector_status=NO_ITEM_MATCH_IN_FETCHED_OFFICIAL_SOURCES
M069,I005,UNRESOLVED,,,,,FALSE,UNRESOLVED,直接記載・公式rule由来mapping・一意な一般則categoryのいずれでも決定できない。 collector_status=NO_ITEM_MATCH_IN_FETCHED_OFFICIAL_SOURCES
M069,I006,OFFICIAL_RULE_DERIVED,C-M069-04,缶・びん・ペットボトル,S-M069-01,生活ガイドブック／ごみの分け方／缶・びん・ペットボトル,TRUE,CATEGORY_SUPPORTED_CONDITION_REVIEW_REQUIRED,品目の直接記載は必須とせず、既存mappingを支えるCURRENT公式category ruleから判定。 collector_status=NO_ITEM_MATCH_IN_FETCHED_OFFICIAL_SOURCES
M069,I007,UNRESOLVED,,,,,TRUE,UNRESOLVED,直接記載・公式rule由来mapping・一意な一般則categoryのいずれでも決定できない。 collector_status=NO_ITEM_MATCH_IN_FETCHED_OFFICIAL_SOURCES
M069,I008,UNRESOLVED,,,,,TRUE,UNRESOLVED,直接記載・公式rule由来mapping・一意な一般則categoryのいずれでも決定できない。 collector_status=NO_ITEM_MATCH_IN_FETCHED_OFFICIAL_SOURCES
M069,I009,GENERAL_RULE_DERIVED,C-M069-03,プラスチック容器包装,S-M069-01,生活ガイドブック／ごみの分け方／プラスチック容器包装,TRUE,CATEGORY_SUPPORTED_CONDITION_REVIEW_REQUIRED,個別記載・既存mappingなし。一般的な材質/用途ルールと一意のCURRENT公式categoryが一致。 collector_status=NO_ITEM_MATCH_IN_FETCHED_OFFICIAL_SOURCES
M069,I010,GENERAL_RULE_DERIVED,C-M069-03,プラスチック容器包装,S-M069-01,生活ガイドブック／ごみの分け方／プラスチック容器包装,TRUE,CATEGORY_SUPPORTED_CONDITION_REVIEW_REQUIRED,個別記載・既存mappingなし。一般的な材質/用途ルールと一意のCURRENT公式categoryが一致。 collector_status=NO_ITEM_MATCH_IN_FETCHED_OFFICIAL_SOURCES
M069,I011,GENERAL_RULE_DERIVED,C-M069-03,プラスチック容器包装,S-M069-01,生活ガイドブック／ごみの分け方／プラスチック容器包装,TRUE,CATEGORY_SUPPORTED_CONDITION_REVIEW_REQUIRED,個別記載・既存mappingなし。一般的な材質/用途ルールと一意のCURRENT公式categoryが一致。 collector_status=NO_ITEM_MATCH_IN_FETCHED_OFFICIAL_SOURCES
M069,I012,GENERAL_RULE_DERIVED,C-M069-03,プラスチック容器包装,S-M069-01,生活ガイドブック／ごみの分け方／プラスチック容器包装,TRUE,CATEGORY_SUPPORTED_CONDITION_REVIEW_REQUIRED,個別記載・既存mappingなし。一般的な材質/用途ルールと一意のCURRENT公式categoryが一致。 collector_status=NO_ITEM_MATCH_IN_FETCHED_OFFICIAL_SOURCES
M069,I013,UNRESOLVED,,,,,FALSE,UNRESOLVED,直接記載・公式rule由来mapping・一意な一般則categoryのいずれでも決定できない。 collector_status=AMBIGUOUS_CATEGORY_CANDIDATES
M069,I014,UNRESOLVED,,,,,FALSE,UNRESOLVED,直接記載・公式rule由来mapping・一意な一般則categoryのいずれでも決定できない。 collector_status=AMBIGUOUS_CATEGORY_CANDIDATES
M069,I015,UNRESOLVED,,,,,FALSE,UNRESOLVED,直接記載・公式rule由来mapping・一意な一般則categoryのいずれでも決定できない。 collector_status=AMBIGUOUS_CATEGORY_CANDIDATES
M069,I016,UNRESOLVED,,,,,FALSE,UNRESOLVED,直接記載・公式rule由来mapping・一意な一般則categoryのいずれでも決定できない。 collector_status=AMBIGUOUS_CATEGORY_CANDIDATES
M069,I017,UNRESOLVED,,,,,TRUE,UNRESOLVED,直接記載・公式rule由来mapping・一意な一般則categoryのいずれでも決定できない。 collector_status=ONE_INFERRED_CATEGORY_CANDIDATE
M069,I018,UNRESOLVED,,,,,FALSE,UNRESOLVED,直接記載・公式rule由来mapping・一意な一般則categoryのいずれでも決定できない。 collector_status=AMBIGUOUS_CATEGORY_CANDIDATES
M069,I019,GENERAL_RULE_DERIVED,C-M069-01,可燃(燃やせる)ごみ,S-M069-01,生活ガイドブック／ごみの分け方／可燃(燃やせる)ごみ,FALSE,CATEGORY_SUPPORTED,個別記載・既存mappingなし。一般的な材質/用途ルールと一意のCURRENT公式categoryが一致。 collector_status=NO_ITEM_MATCH_IN_FETCHED_OFFICIAL_SOURCES
M069,I020,GENERAL_RULE_DERIVED,C-M069-01,可燃(燃やせる)ごみ,S-M069-01,生活ガイドブック／ごみの分け方／可燃(燃やせる)ごみ,FALSE,CATEGORY_SUPPORTED,個別記載・既存mappingなし。一般的な材質/用途ルールと一意のCURRENT公式categoryが一致。 collector_status=AMBIGUOUS_CATEGORY_CANDIDATES
M069,I021,UNRESOLVED,,,,,FALSE,UNRESOLVED,直接記載・公式rule由来mapping・一意な一般則categoryのいずれでも決定できない。 collector_status=ONE_INFERRED_CATEGORY_CANDIDATE
M069,I022,UNRESOLVED,,,,,TRUE,UNRESOLVED,直接記載・公式rule由来mapping・一意な一般則categoryのいずれでも決定できない。 collector_status=ITEM_MATCH_WITHOUT_CATEGORY
M069,I023,OFFICIAL_RULE_DERIVED,C-M069-02,不燃(燃やせない)ごみ,S-M069-01,生活ガイドブック／ごみの分け方／不燃(燃やせない)ごみ,FALSE,CATEGORY_SUPPORTED,品目の直接記載は必須とせず、既存mappingを支えるCURRENT公式category ruleから判定。 collector_status=AMBIGUOUS_CATEGORY_CANDIDATES
M069,I024,GENERAL_RULE_DERIVED,C-M069-02,不燃(燃やせない)ごみ,S-M069-01,生活ガイドブック／ごみの分け方／不燃(燃やせない)ごみ,FALSE,CATEGORY_SUPPORTED,個別記載・既存mappingなし。一般的な材質/用途ルールと一意のCURRENT公式categoryが一致。 collector_status=NO_ITEM_MATCH_IN_FETCHED_OFFICIAL_SOURCES
M069,I025,UNRESOLVED,,,,,TRUE,UNRESOLVED,直接記載・公式rule由来mapping・一意な一般則categoryのいずれでも決定できない。 collector_status=ITEM_MATCH_WITHOUT_CATEGORY
M069,I026,UNRESOLVED,,,,,TRUE,UNRESOLVED,直接記載・公式rule由来mapping・一意な一般則categoryのいずれでも決定できない。 collector_status=NO_ITEM_MATCH_IN_FETCHED_OFFICIAL_SOURCES
M069,I027,UNRESOLVED,,,,,TRUE,UNRESOLVED,直接記載・公式rule由来mapping・一意な一般則categoryのいずれでも決定できない。 collector_status=NO_ITEM_MATCH_IN_FETCHED_OFFICIAL_SOURCES
M069,I028,UNRESOLVED,,,,,TRUE,UNRESOLVED,直接記載・公式rule由来mapping・一意な一般則categoryのいずれでも決定できない。 collector_status=NO_ITEM_MATCH_IN_FETCHED_OFFICIAL_SOURCES
M069,I029,UNRESOLVED,,,,,TRUE,UNRESOLVED,直接記載・公式rule由来mapping・一意な一般則categoryのいずれでも決定できない。 collector_status=NO_ITEM_MATCH_IN_FETCHED_OFFICIAL_SOURCES
M069,I030,UNRESOLVED,,,,,TRUE,UNRESOLVED,直接記載・公式rule由来mapping・一意な一般則categoryのいずれでも決定できない。 collector_status=NO_ITEM_MATCH_IN_FETCHED_OFFICIAL_SOURCES
M069,I031,UNRESOLVED,,,,,TRUE,UNRESOLVED,直接記載・公式rule由来mapping・一意な一般則categoryのいずれでも決定できない。 collector_status=AMBIGUOUS_CATEGORY_CANDIDATES
M069,I032,UNRESOLVED,,,,,TRUE,UNRESOLVED,直接記載・公式rule由来mapping・一意な一般則categoryのいずれでも決定できない。 collector_status=AMBIGUOUS_CATEGORY_CANDIDATES
M069,I033,UNRESOLVED,,,,,TRUE,UNRESOLVED,直接記載・公式rule由来mapping・一意な一般則categoryのいずれでも決定できない。 collector_status=NO_ITEM_MATCH_IN_FETCHED_OFFICIAL_SOURCES
M069,I034,UNRESOLVED,,,,,TRUE,UNRESOLVED,直接記載・公式rule由来mapping・一意な一般則categoryのいずれでも決定できない。 collector_status=NO_ITEM_MATCH_IN_FETCHED_OFFICIAL_SOURCES
M069,I035,UNRESOLVED,,,,,TRUE,UNRESOLVED,直接記載・公式rule由来mapping・一意な一般則categoryのいずれでも決定できない。 collector_status=NO_ITEM_MATCH_IN_FETCHED_OFFICIAL_SOURCES
M069,I036,UNRESOLVED,,,,,TRUE,UNRESOLVED,直接記載・公式rule由来mapping・一意な一般則categoryのいずれでも決定できない。 collector_status=NO_ITEM_MATCH_IN_FETCHED_OFFICIAL_SOURCES
M069,I037,UNRESOLVED,,,,,TRUE,UNRESOLVED,直接記載・公式rule由来mapping・一意な一般則categoryのいずれでも決定できない。 collector_status=NO_ITEM_MATCH_IN_FETCHED_OFFICIAL_SOURCES
M069,I038,UNRESOLVED,,,,,TRUE,UNRESOLVED,直接記載・公式rule由来mapping・一意な一般則categoryのいずれでも決定できない。 collector_status=NO_ITEM_MATCH_IN_FETCHED_OFFICIAL_SOURCES
M069,I039,UNRESOLVED,,,,,TRUE,UNRESOLVED,直接記載・公式rule由来mapping・一意な一般則categoryのいずれでも決定できない。 collector_status=NO_ITEM_MATCH_IN_FETCHED_OFFICIAL_SOURCES
M069,I040,UNRESOLVED,,,,,TRUE,UNRESOLVED,直接記載・公式rule由来mapping・一意な一般則categoryのいずれでも決定できない。 collector_status=NO_ITEM_MATCH_IN_FETCHED_OFFICIAL_SOURCES
M070,I001,OFFICIAL_RULE_DERIVED,C-M070-06,ペットボトル・びん類,S-M070-01,玉野市ごみ分別辞典／ペットボトル・びん類,FALSE,CATEGORY_SUPPORTED,品目の直接記載は必須とせず、既存mappingを支えるCURRENT公式category ruleから判定。 collector_status=NO_ITEM_MATCH_IN_FETCHED_OFFICIAL_SOURCES
M070,I002,UNRESOLVED,,,,,TRUE,UNRESOLVED,直接記載・公式rule由来mapping・一意な一般則categoryのいずれでも決定できない。 collector_status=NO_ITEM_MATCH_IN_FETCHED_OFFICIAL_SOURCES
M070,I003,UNRESOLVED,,,,,TRUE,UNRESOLVED,直接記載・公式rule由来mapping・一意な一般則categoryのいずれでも決定できない。 collector_status=NO_ITEM_MATCH_IN_FETCHED_OFFICIAL_SOURCES
M070,I004,UNRESOLVED,,,,,FALSE,UNRESOLVED,直接記載・公式rule由来mapping・一意な一般則categoryのいずれでも決定できない。 collector_status=NO_ITEM_MATCH_IN_FETCHED_OFFICIAL_SOURCES
M070,I005,UNRESOLVED,,,,,FALSE,UNRESOLVED,直接記載・公式rule由来mapping・一意な一般則categoryのいずれでも決定できない。 collector_status=NO_ITEM_MATCH_IN_FETCHED_OFFICIAL_SOURCES
M070,I006,OFFICIAL_RULE_DERIVED,C-M070-06,ペットボトル・びん類,S-M070-01,玉野市ごみ分別辞典／ペットボトル・びん類,TRUE,CATEGORY_SUPPORTED_CONDITION_REVIEW_REQUIRED,品目の直接記載は必須とせず、既存mappingを支えるCURRENT公式category ruleから判定。 collector_status=NO_ITEM_MATCH_IN_FETCHED_OFFICIAL_SOURCES
M070,I007,UNRESOLVED,,,,,TRUE,UNRESOLVED,直接記載・公式rule由来mapping・一意な一般則categoryのいずれでも決定できない。 collector_status=NO_ITEM_MATCH_IN_FETCHED_OFFICIAL_SOURCES
M070,I008,UNRESOLVED,,,,,TRUE,UNRESOLVED,直接記載・公式rule由来mapping・一意な一般則categoryのいずれでも決定できない。 collector_status=NO_ITEM_MATCH_IN_FETCHED_OFFICIAL_SOURCES
M070,I009,GENERAL_RULE_DERIVED,C-M070-05,その他プラスチック製容器包装,S-M070-01,玉野市ごみ分別辞典／その他プラスチック製容器包装,TRUE,CATEGORY_SUPPORTED_CONDITION_REVIEW_REQUIRED,個別記載・既存mappingなし。一般的な材質/用途ルールと一意のCURRENT公式categoryが一致。 collector_status=NO_ITEM_MATCH_IN_FETCHED_OFFICIAL_SOURCES
M070,I010,GENERAL_RULE_DERIVED,C-M070-05,その他プラスチック製容器包装,S-M070-01,玉野市ごみ分別辞典／その他プラスチック製容器包装,TRUE,CATEGORY_SUPPORTED_CONDITION_REVIEW_REQUIRED,個別記載・既存mappingなし。一般的な材質/用途ルールと一意のCURRENT公式categoryが一致。 collector_status=NO_ITEM_MATCH_IN_FETCHED_OFFICIAL_SOURCES
M070,I011,GENERAL_RULE_DERIVED,C-M070-05,その他プラスチック製容器包装,S-M070-01,玉野市ごみ分別辞典／その他プラスチック製容器包装,TRUE,CATEGORY_SUPPORTED_CONDITION_REVIEW_REQUIRED,個別記載・既存mappingなし。一般的な材質/用途ルールと一意のCURRENT公式categoryが一致。 collector_status=NO_ITEM_MATCH_IN_FETCHED_OFFICIAL_SOURCES
M070,I012,GENERAL_RULE_DERIVED,C-M070-05,その他プラスチック製容器包装,S-M070-01,玉野市ごみ分別辞典／その他プラスチック製容器包装,TRUE,CATEGORY_SUPPORTED_CONDITION_REVIEW_REQUIRED,個別記載・既存mappingなし。一般的な材質/用途ルールと一意のCURRENT公式categoryが一致。 collector_status=NO_ITEM_MATCH_IN_FETCHED_OFFICIAL_SOURCES
M070,I013,UNRESOLVED,,,,,FALSE,UNRESOLVED,直接記載・公式rule由来mapping・一意な一般則categoryのいずれでも決定できない。 collector_status=NO_ITEM_MATCH_IN_FETCHED_OFFICIAL_SOURCES
M070,I014,UNRESOLVED,,,,,FALSE,UNRESOLVED,直接記載・公式rule由来mapping・一意な一般則categoryのいずれでも決定できない。 collector_status=NO_ITEM_MATCH_IN_FETCHED_OFFICIAL_SOURCES
M070,I015,UNRESOLVED,,,,,FALSE,UNRESOLVED,直接記載・公式rule由来mapping・一意な一般則categoryのいずれでも決定できない。 collector_status=NO_ITEM_MATCH_IN_FETCHED_OFFICIAL_SOURCES
M070,I016,UNRESOLVED,,,,,FALSE,UNRESOLVED,直接記載・公式rule由来mapping・一意な一般則categoryのいずれでも決定できない。 collector_status=NO_ITEM_MATCH_IN_FETCHED_OFFICIAL_SOURCES
M070,I017,UNRESOLVED,,,,,TRUE,UNRESOLVED,直接記載・公式rule由来mapping・一意な一般則categoryのいずれでも決定できない。 collector_status=NO_ITEM_MATCH_IN_FETCHED_OFFICIAL_SOURCES
M070,I018,OFFICIAL_RULE_DERIVED,C-M070-01,燃やせるごみ,S-M070-01,玉野市ごみ分別辞典／燃やせるごみ,TRUE,CATEGORY_SUPPORTED_CONDITION_REVIEW_REQUIRED,品目の直接記載は必須とせず、既存mappingを支えるCURRENT公式category ruleから判定。 collector_status=NO_ITEM_MATCH_IN_FETCHED_OFFICIAL_SOURCES
M070,I019,UNRESOLVED,,,,,FALSE,UNRESOLVED,直接記載・公式rule由来mapping・一意な一般則categoryのいずれでも決定できない。 collector_status=NO_ITEM_MATCH_IN_FETCHED_OFFICIAL_SOURCES
M070,I020,UNRESOLVED,,,,,FALSE,UNRESOLVED,直接記載・公式rule由来mapping・一意な一般則categoryのいずれでも決定できない。 collector_status=NO_ITEM_MATCH_IN_FETCHED_OFFICIAL_SOURCES
M070,I021,UNRESOLVED,,,,,FALSE,UNRESOLVED,直接記載・公式rule由来mapping・一意な一般則categoryのいずれでも決定できない。 collector_status=NO_ITEM_MATCH_IN_FETCHED_OFFICIAL_SOURCES
M070,I022,UNRESOLVED,,,,,TRUE,UNRESOLVED,直接記載・公式rule由来mapping・一意な一般則categoryのいずれでも決定できない。 collector_status=NO_ITEM_MATCH_IN_FETCHED_OFFICIAL_SOURCES
M070,I023,UNRESOLVED,,,,,FALSE,UNRESOLVED,一般則候補categoryが複数(2)のため自動決定しない。 collector_status=NO_ITEM_MATCH_IN_FETCHED_OFFICIAL_SOURCES
M070,I024,UNRESOLVED,,,,,FALSE,UNRESOLVED,一般則候補categoryが複数(2)のため自動決定しない。 collector_status=NO_ITEM_MATCH_IN_FETCHED_OFFICIAL_SOURCES
M070,I025,UNRESOLVED,,,,,TRUE,UNRESOLVED,直接記載・公式rule由来mapping・一意な一般則categoryのいずれでも決定できない。 collector_status=NO_ITEM_MATCH_IN_FETCHED_OFFICIAL_SOURCES
M070,I026,UNRESOLVED,,,,,TRUE,UNRESOLVED,直接記載・公式rule由来mapping・一意な一般則categoryのいずれでも決定できない。 collector_status=NO_ITEM_MATCH_IN_FETCHED_OFFICIAL_SOURCES
M070,I027,UNRESOLVED,,,,,TRUE,UNRESOLVED,直接記載・公式rule由来mapping・一意な一般則categoryのいずれでも決定できない。 collector_status=NO_ITEM_MATCH_IN_FETCHED_OFFICIAL_SOURCES
M070,I028,UNRESOLVED,,,,,TRUE,UNRESOLVED,直接記載・公式rule由来mapping・一意な一般則categoryのいずれでも決定できない。 collector_status=NO_ITEM_MATCH_IN_FETCHED_OFFICIAL_SOURCES
M070,I029,UNRESOLVED,,,,,TRUE,UNRESOLVED,直接記載・公式rule由来mapping・一意な一般則categoryのいずれでも決定できない。 collector_status=NO_ITEM_MATCH_IN_FETCHED_OFFICIAL_SOURCES
M070,I030,UNRESOLVED,,,,,TRUE,UNRESOLVED,直接記載・公式rule由来mapping・一意な一般則categoryのいずれでも決定できない。 collector_status=NO_ITEM_MATCH_IN_FETCHED_OFFICIAL_SOURCES
M070,I031,UNRESOLVED,,,,,TRUE,UNRESOLVED,直接記載・公式rule由来mapping・一意な一般則categoryのいずれでも決定できない。 collector_status=NO_ITEM_MATCH_IN_FETCHED_OFFICIAL_SOURCES
M070,I032,OFFICIAL_RULE_DERIVED,C-M070-07,缶類・危険性の物,S-M070-01,玉野市ごみ分別辞典／缶類・危険性の物,TRUE,CATEGORY_SUPPORTED_CONDITION_REVIEW_REQUIRED,品目の直接記載は必須とせず、既存mappingを支えるCURRENT公式category ruleから判定。 collector_status=NO_ITEM_MATCH_IN_FETCHED_OFFICIAL_SOURCES
M070,I033,UNRESOLVED,,,,,TRUE,UNRESOLVED,直接記載・公式rule由来mapping・一意な一般則categoryのいずれでも決定できない。 collector_status=NO_ITEM_MATCH_IN_FETCHED_OFFICIAL_SOURCES
M070,I034,UNRESOLVED,,,,,TRUE,UNRESOLVED,直接記載・公式rule由来mapping・一意な一般則categoryのいずれでも決定できない。 collector_status=NO_ITEM_MATCH_IN_FETCHED_OFFICIAL_SOURCES
M070,I035,UNRESOLVED,,,,,TRUE,UNRESOLVED,直接記載・公式rule由来mapping・一意な一般則categoryのいずれでも決定できない。 collector_status=NO_ITEM_MATCH_IN_FETCHED_OFFICIAL_SOURCES
M070,I036,UNRESOLVED,,,,,TRUE,UNRESOLVED,直接記載・公式rule由来mapping・一意な一般則categoryのいずれでも決定できない。 collector_status=NO_ITEM_MATCH_IN_FETCHED_OFFICIAL_SOURCES
M070,I037,UNRESOLVED,,,,,TRUE,UNRESOLVED,直接記載・公式rule由来mapping・一意な一般則categoryのいずれでも決定できない。 collector_status=NO_ITEM_MATCH_IN_FETCHED_OFFICIAL_SOURCES
M070,I038,UNRESOLVED,,,,,TRUE,UNRESOLVED,直接記載・公式rule由来mapping・一意な一般則categoryのいずれでも決定できない。 collector_status=NO_ITEM_MATCH_IN_FETCHED_OFFICIAL_SOURCES
M070,I039,OFFICIAL_RULE_DERIVED,C-M070-08,古布・廃食用油,S-M070-01,玉野市ごみ分別辞典／古布・廃食用油,TRUE,CATEGORY_SUPPORTED_CONDITION_REVIEW_REQUIRED,品目の直接記載は必須とせず、既存mappingを支えるCURRENT公式category ruleから判定。 collector_status=NO_ITEM_MATCH_IN_FETCHED_OFFICIAL_SOURCES
M070,I040,UNRESOLVED,,,,,TRUE,UNRESOLVED,直接記載・公式rule由来mapping・一意な一般則categoryのいずれでも決定できない。 collector_status=NO_ITEM_MATCH_IN_FETCHED_OFFICIAL_SOURCES
M071,I001,OFFICIAL_RULE_DERIVED,C-M071-07,ペットボトル,S-M071-02,分別収集／ペットボトル,FALSE,CATEGORY_SUPPORTED,品目の直接記載は必須とせず、既存mappingを支えるCURRENT公式category ruleから判定。 collector_status=NO_ITEM_MATCH_IN_FETCHED_OFFICIAL_SOURCES
M071,I002,UNRESOLVED,,,,,TRUE,UNRESOLVED,直接記載・公式rule由来mapping・一意な一般則categoryのいずれでも決定できない。 collector_status=NO_ITEM_MATCH_IN_FETCHED_OFFICIAL_SOURCES
M071,I003,UNRESOLVED,,,,,TRUE,UNRESOLVED,直接記載・公式rule由来mapping・一意な一般則categoryのいずれでも決定できない。 collector_status=NO_ITEM_MATCH_IN_FETCHED_OFFICIAL_SOURCES
M071,I004,UNRESOLVED,,,,,FALSE,UNRESOLVED,直接記載・公式rule由来mapping・一意な一般則categoryのいずれでも決定できない。 collector_status=NO_ITEM_MATCH_IN_FETCHED_OFFICIAL_SOURCES
M071,I005,UNRESOLVED,,,,,FALSE,UNRESOLVED,直接記載・公式rule由来mapping・一意な一般則categoryのいずれでも決定できない。 collector_status=NO_ITEM_MATCH_IN_FETCHED_OFFICIAL_SOURCES
M071,I006,OFFICIAL_RULE_DERIVED,C-M071-06,びん類,S-M071-02,分別収集／びん類,TRUE,CATEGORY_SUPPORTED_CONDITION_REVIEW_REQUIRED,品目の直接記載は必須とせず、既存mappingを支えるCURRENT公式category ruleから判定。 collector_status=NO_ITEM_MATCH_IN_FETCHED_OFFICIAL_SOURCES
M071,I007,OFFICIAL_RULE_DERIVED,C-M071-08,白色トレイ,S-M071-02,分別収集／白色トレイ,TRUE,CATEGORY_SUPPORTED_CONDITION_REVIEW_REQUIRED,品目の直接記載は必須とせず、既存mappingを支えるCURRENT公式category ruleから判定。 collector_status=NO_ITEM_MATCH_IN_FETCHED_OFFICIAL_SOURCES
M071,I008,UNRESOLVED,,,,,TRUE,UNRESOLVED,直接記載・公式rule由来mapping・一意な一般則categoryのいずれでも決定できない。 collector_status=NO_ITEM_MATCH_IN_FETCHED_OFFICIAL_SOURCES
M071,I009,UNRESOLVED,,,,,TRUE,UNRESOLVED,直接記載・公式rule由来mapping・一意な一般則categoryのいずれでも決定できない。 collector_status=NO_ITEM_MATCH_IN_FETCHED_OFFICIAL_SOURCES
M071,I010,UNRESOLVED,,,,,TRUE,UNRESOLVED,直接記載・公式rule由来mapping・一意な一般則categoryのいずれでも決定できない。 collector_status=NO_ITEM_MATCH_IN_FETCHED_OFFICIAL_SOURCES
M071,I011,UNRESOLVED,,,,,TRUE,UNRESOLVED,直接記載・公式rule由来mapping・一意な一般則categoryのいずれでも決定できない。 collector_status=NO_ITEM_MATCH_IN_FETCHED_OFFICIAL_SOURCES
M071,I012,UNRESOLVED,,,,,TRUE,UNRESOLVED,直接記載・公式rule由来mapping・一意な一般則categoryのいずれでも決定できない。 collector_status=NO_ITEM_MATCH_IN_FETCHED_OFFICIAL_SOURCES
M071,I013,UNRESOLVED,,,,,FALSE,UNRESOLVED,直接記載・公式rule由来mapping・一意な一般則categoryのいずれでも決定できない。 collector_status=NO_ITEM_MATCH_IN_FETCHED_OFFICIAL_SOURCES
M071,I014,UNRESOLVED,,,,,FALSE,UNRESOLVED,直接記載・公式rule由来mapping・一意な一般則categoryのいずれでも決定できない。 collector_status=NO_ITEM_MATCH_IN_FETCHED_OFFICIAL_SOURCES
M071,I015,UNRESOLVED,,,,,FALSE,UNRESOLVED,直接記載・公式rule由来mapping・一意な一般則categoryのいずれでも決定できない。 collector_status=NO_ITEM_MATCH_IN_FETCHED_OFFICIAL_SOURCES
M071,I016,UNRESOLVED,,,,,FALSE,UNRESOLVED,直接記載・公式rule由来mapping・一意な一般則categoryのいずれでも決定できない。 collector_status=NO_ITEM_MATCH_IN_FETCHED_OFFICIAL_SOURCES
M071,I017,UNRESOLVED,,,,,TRUE,UNRESOLVED,直接記載・公式rule由来mapping・一意な一般則categoryのいずれでも決定できない。 collector_status=NO_ITEM_MATCH_IN_FETCHED_OFFICIAL_SOURCES
M071,I018,UNRESOLVED,,,,,FALSE,UNRESOLVED,直接記載・公式rule由来mapping・一意な一般則categoryのいずれでも決定できない。 collector_status=NO_ITEM_MATCH_IN_FETCHED_OFFICIAL_SOURCES
M071,I019,UNRESOLVED,,,,,FALSE,UNRESOLVED,直接記載・公式rule由来mapping・一意な一般則categoryのいずれでも決定できない。 collector_status=NO_ITEM_MATCH_IN_FETCHED_OFFICIAL_SOURCES
M071,I020,UNRESOLVED,,,,,FALSE,UNRESOLVED,直接記載・公式rule由来mapping・一意な一般則categoryのいずれでも決定できない。 collector_status=NO_ITEM_MATCH_IN_FETCHED_OFFICIAL_SOURCES
M071,I021,OFFICIAL_RULE_DERIVED,C-M071-05,布類,S-M071-02,分別収集／布類,FALSE,CATEGORY_SUPPORTED,品目の直接記載は必須とせず、既存mappingを支えるCURRENT公式category ruleから判定。 collector_status=NO_ITEM_MATCH_IN_FETCHED_OFFICIAL_SOURCES
M071,I022,UNRESOLVED,,,,,TRUE,UNRESOLVED,直接記載・公式rule由来mapping・一意な一般則categoryのいずれでも決定できない。 collector_status=NO_ITEM_MATCH_IN_FETCHED_OFFICIAL_SOURCES
M071,I023,GENERAL_RULE_DERIVED,C-M071-02,燃えないごみ,S-M071-04,燃えないごみについて,FALSE,CATEGORY_SUPPORTED,個別記載・既存mappingなし。一般的な材質/用途ルールと一意のCURRENT公式categoryが一致。 collector_status=NO_ITEM_MATCH_IN_FETCHED_OFFICIAL_SOURCES
M071,I024,GENERAL_RULE_DERIVED,C-M071-02,燃えないごみ,S-M071-04,燃えないごみについて,FALSE,CATEGORY_SUPPORTED,個別記載・既存mappingなし。一般的な材質/用途ルールと一意のCURRENT公式categoryが一致。 collector_status=NO_ITEM_MATCH_IN_FETCHED_OFFICIAL_SOURCES
M071,I025,UNRESOLVED,,,,,TRUE,UNRESOLVED,直接記載・公式rule由来mapping・一意な一般則categoryのいずれでも決定できない。 collector_status=NO_ITEM_MATCH_IN_FETCHED_OFFICIAL_SOURCES
M071,I026,UNRESOLVED,,,,,TRUE,UNRESOLVED,直接記載・公式rule由来mapping・一意な一般則categoryのいずれでも決定できない。 collector_status=NO_ITEM_MATCH_IN_FETCHED_OFFICIAL_SOURCES
M071,I027,UNRESOLVED,,,,,TRUE,UNRESOLVED,直接記載・公式rule由来mapping・一意な一般則categoryのいずれでも決定できない。 collector_status=NO_ITEM_MATCH_IN_FETCHED_OFFICIAL_SOURCES
M071,I028,UNRESOLVED,,,,,TRUE,UNRESOLVED,直接記載・公式rule由来mapping・一意な一般則categoryのいずれでも決定できない。 collector_status=NO_ITEM_MATCH_IN_FETCHED_OFFICIAL_SOURCES
M071,I029,UNRESOLVED,,,,,TRUE,UNRESOLVED,直接記載・公式rule由来mapping・一意な一般則categoryのいずれでも決定できない。 collector_status=NO_ITEM_MATCH_IN_FETCHED_OFFICIAL_SOURCES
M071,I030,UNRESOLVED,,,,,TRUE,UNRESOLVED,直接記載・公式rule由来mapping・一意な一般則categoryのいずれでも決定できない。 collector_status=NO_ITEM_MATCH_IN_FETCHED_OFFICIAL_SOURCES
M071,I031,UNRESOLVED,,,,,TRUE,UNRESOLVED,直接記載・公式rule由来mapping・一意な一般則categoryのいずれでも決定できない。 collector_status=NO_ITEM_MATCH_IN_FETCHED_OFFICIAL_SOURCES
M071,I032,OFFICIAL_RULE_DERIVED,C-M071-10,ガス・スプレー缶,S-M071-05,分別収集／ガス・スプレー缶,TRUE,CATEGORY_SUPPORTED_CONDITION_REVIEW_REQUIRED,品目の直接記載は必須とせず、既存mappingを支えるCURRENT公式category ruleから判定。 collector_status=NO_ITEM_MATCH_IN_FETCHED_OFFICIAL_SOURCES
M071,I033,UNRESOLVED,,,,,TRUE,UNRESOLVED,直接記載・公式rule由来mapping・一意な一般則categoryのいずれでも決定できない。 collector_status=NO_ITEM_MATCH_IN_FETCHED_OFFICIAL_SOURCES
M071,I034,UNRESOLVED,,,,,TRUE,UNRESOLVED,直接記載・公式rule由来mapping・一意な一般則categoryのいずれでも決定できない。 collector_status=NO_ITEM_MATCH_IN_FETCHED_OFFICIAL_SOURCES
M071,I035,UNRESOLVED,,,,,TRUE,UNRESOLVED,直接記載・公式rule由来mapping・一意な一般則categoryのいずれでも決定できない。 collector_status=NO_ITEM_MATCH_IN_FETCHED_OFFICIAL_SOURCES
M071,I036,UNRESOLVED,,,,,TRUE,UNRESOLVED,直接記載・公式rule由来mapping・一意な一般則categoryのいずれでも決定できない。 collector_status=NO_ITEM_MATCH_IN_FETCHED_OFFICIAL_SOURCES
M071,I037,UNRESOLVED,,,,,TRUE,UNRESOLVED,直接記載・公式rule由来mapping・一意な一般則categoryのいずれでも決定できない。 collector_status=NO_ITEM_MATCH_IN_FETCHED_OFFICIAL_SOURCES
M071,I038,UNRESOLVED,,,,,TRUE,UNRESOLVED,直接記載・公式rule由来mapping・一意な一般則categoryのいずれでも決定できない。 collector_status=NO_ITEM_MATCH_IN_FETCHED_OFFICIAL_SOURCES
M071,I039,UNRESOLVED,,,,,TRUE,UNRESOLVED,直接記載・公式rule由来mapping・一意な一般則categoryのいずれでも決定できない。 collector_status=NO_ITEM_MATCH_IN_FETCHED_OFFICIAL_SOURCES
M071,I040,UNRESOLVED,,,,,TRUE,UNRESOLVED,直接記載・公式rule由来mapping・一意な一般則categoryのいずれでも決定できない。 collector_status=NO_ITEM_MATCH_IN_FETCHED_OFFICIAL_SOURCES
M072,I001,UNRESOLVED,,,,,FALSE,UNRESOLVED,直接記載・公式rule由来mapping・一意な一般則categoryのいずれでも決定できない。 collector_status=NO_ITEM_MATCH_IN_FETCHED_OFFICIAL_SOURCES
M072,I002,UNRESOLVED,,,,,TRUE,UNRESOLVED,直接記載・公式rule由来mapping・一意な一般則categoryのいずれでも決定できない。 collector_status=NO_ITEM_MATCH_IN_FETCHED_OFFICIAL_SOURCES
M072,I003,UNRESOLVED,,,,,TRUE,UNRESOLVED,直接記載・公式rule由来mapping・一意な一般則categoryのいずれでも決定できない。 collector_status=NO_ITEM_MATCH_IN_FETCHED_OFFICIAL_SOURCES
M072,I004,UNRESOLVED,,,,,FALSE,UNRESOLVED,直接記載・公式rule由来mapping・一意な一般則categoryのいずれでも決定できない。 collector_status=NO_ITEM_MATCH_IN_FETCHED_OFFICIAL_SOURCES
M072,I005,UNRESOLVED,,,,,FALSE,UNRESOLVED,直接記載・公式rule由来mapping・一意な一般則categoryのいずれでも決定できない。 collector_status=NO_ITEM_MATCH_IN_FETCHED_OFFICIAL_SOURCES
M072,I006,OFFICIAL_RULE_DERIVED,C-M072-03,資源ごみ（びん・缶）,S-M072-01,現行ガイド／資源ごみ（びん・缶）,TRUE,CATEGORY_SUPPORTED_CONDITION_REVIEW_REQUIRED,品目の直接記載は必須とせず、既存mappingを支えるCURRENT公式category ruleから判定。 collector_status=NO_ITEM_MATCH_IN_FETCHED_OFFICIAL_SOURCES
M072,I007,UNRESOLVED,,,,,TRUE,UNRESOLVED,直接記載・公式rule由来mapping・一意な一般則categoryのいずれでも決定できない。 collector_status=NO_ITEM_MATCH_IN_FETCHED_OFFICIAL_SOURCES
M072,I008,UNRESOLVED,,,,,TRUE,UNRESOLVED,直接記載・公式rule由来mapping・一意な一般則categoryのいずれでも決定できない。 collector_status=NO_ITEM_MATCH_IN_FETCHED_OFFICIAL_SOURCES
M072,I009,UNRESOLVED,,,,,TRUE,UNRESOLVED,直接記載・公式rule由来mapping・一意な一般則categoryのいずれでも決定できない。 collector_status=NO_ITEM_MATCH_IN_FETCHED_OFFICIAL_SOURCES
M072,I010,UNRESOLVED,,,,,TRUE,UNRESOLVED,直接記載・公式rule由来mapping・一意な一般則categoryのいずれでも決定できない。 collector_status=NO_ITEM_MATCH_IN_FETCHED_OFFICIAL_SOURCES
M072,I011,UNRESOLVED,,,,,TRUE,UNRESOLVED,直接記載・公式rule由来mapping・一意な一般則categoryのいずれでも決定できない。 collector_status=NO_ITEM_MATCH_IN_FETCHED_OFFICIAL_SOURCES
M072,I012,UNRESOLVED,,,,,TRUE,UNRESOLVED,直接記載・公式rule由来mapping・一意な一般則categoryのいずれでも決定できない。 collector_status=NO_ITEM_MATCH_IN_FETCHED_OFFICIAL_SOURCES
M072,I013,UNRESOLVED,,,,,FALSE,UNRESOLVED,直接記載・公式rule由来mapping・一意な一般則categoryのいずれでも決定できない。 collector_status=NO_ITEM_MATCH_IN_FETCHED_OFFICIAL_SOURCES
M072,I014,UNRESOLVED,,,,,FALSE,UNRESOLVED,直接記載・公式rule由来mapping・一意な一般則categoryのいずれでも決定できない。 collector_status=NO_ITEM_MATCH_IN_FETCHED_OFFICIAL_SOURCES
M072,I015,UNRESOLVED,,,,,FALSE,UNRESOLVED,直接記載・公式rule由来mapping・一意な一般則categoryのいずれでも決定できない。 collector_status=NO_ITEM_MATCH_IN_FETCHED_OFFICIAL_SOURCES
M072,I016,UNRESOLVED,,,,,FALSE,UNRESOLVED,直接記載・公式rule由来mapping・一意な一般則categoryのいずれでも決定できない。 collector_status=NO_ITEM_MATCH_IN_FETCHED_OFFICIAL_SOURCES
M072,I017,UNRESOLVED,,,,,TRUE,UNRESOLVED,直接記載・公式rule由来mapping・一意な一般則categoryのいずれでも決定できない。 collector_status=NO_ITEM_MATCH_IN_FETCHED_OFFICIAL_SOURCES
M072,I018,OFFICIAL_RULE_DERIVED,C-M072-01,燃やすごみ,S-M072-01,現行ガイド／燃やすごみ,FALSE,CATEGORY_SUPPORTED,品目の直接記載は必須とせず、既存mappingを支えるCURRENT公式category ruleから判定。 collector_status=NO_ITEM_MATCH_IN_FETCHED_OFFICIAL_SOURCES
M072,I019,GENERAL_RULE_DERIVED,C-M072-01,燃やすごみ,S-M072-01,現行ガイド／燃やすごみ,FALSE,CATEGORY_SUPPORTED,個別記載・既存mappingなし。一般的な材質/用途ルールと一意のCURRENT公式categoryが一致。 collector_status=NO_ITEM_MATCH_IN_FETCHED_OFFICIAL_SOURCES
M072,I020,GENERAL_RULE_DERIVED,C-M072-01,燃やすごみ,S-M072-01,現行ガイド／燃やすごみ,FALSE,CATEGORY_SUPPORTED,個別記載・既存mappingなし。一般的な材質/用途ルールと一意のCURRENT公式categoryが一致。 collector_status=NO_ITEM_MATCH_IN_FETCHED_OFFICIAL_SOURCES
M072,I021,OFFICIAL_RULE_DERIVED,C-M072-07,資源の日（古着・廃食油）,S-M072-03,現行ガイド／資源の日（古着・廃食油）,FALSE,CATEGORY_SUPPORTED,品目の直接記載は必須とせず、既存mappingを支えるCURRENT公式category ruleから判定。 collector_status=NO_ITEM_MATCH_IN_FETCHED_OFFICIAL_SOURCES
M072,I022,UNRESOLVED,,,,,TRUE,UNRESOLVED,直接記載・公式rule由来mapping・一意な一般則categoryのいずれでも決定できない。 collector_status=NO_ITEM_MATCH_IN_FETCHED_OFFICIAL_SOURCES
M072,I023,GENERAL_RULE_DERIVED,C-M072-02,燃やさないごみ,S-M072-01,現行ガイド／燃やさないごみ,FALSE,CATEGORY_SUPPORTED,個別記載・既存mappingなし。一般的な材質/用途ルールと一意のCURRENT公式categoryが一致。 collector_status=NO_ITEM_MATCH_IN_FETCHED_OFFICIAL_SOURCES
M072,I024,GENERAL_RULE_DERIVED,C-M072-02,燃やさないごみ,S-M072-01,現行ガイド／燃やさないごみ,FALSE,CATEGORY_SUPPORTED,個別記載・既存mappingなし。一般的な材質/用途ルールと一意のCURRENT公式categoryが一致。 collector_status=NO_ITEM_MATCH_IN_FETCHED_OFFICIAL_SOURCES
M072,I025,UNRESOLVED,,,,,TRUE,UNRESOLVED,直接記載・公式rule由来mapping・一意な一般則categoryのいずれでも決定できない。 collector_status=NO_ITEM_MATCH_IN_FETCHED_OFFICIAL_SOURCES
M072,I026,UNRESOLVED,,,,,TRUE,UNRESOLVED,直接記載・公式rule由来mapping・一意な一般則categoryのいずれでも決定できない。 collector_status=NO_ITEM_MATCH_IN_FETCHED_OFFICIAL_SOURCES
M072,I027,UNRESOLVED,,,,,TRUE,UNRESOLVED,直接記載・公式rule由来mapping・一意な一般則categoryのいずれでも決定できない。 collector_status=NO_ITEM_MATCH_IN_FETCHED_OFFICIAL_SOURCES
M072,I028,UNRESOLVED,,,,,TRUE,UNRESOLVED,直接記載・公式rule由来mapping・一意な一般則categoryのいずれでも決定できない。 collector_status=NO_ITEM_MATCH_IN_FETCHED_OFFICIAL_SOURCES
M072,I029,UNRESOLVED,,,,,TRUE,UNRESOLVED,直接記載・公式rule由来mapping・一意な一般則categoryのいずれでも決定できない。 collector_status=NO_ITEM_MATCH_IN_FETCHED_OFFICIAL_SOURCES
M072,I030,UNRESOLVED,,,,,TRUE,UNRESOLVED,直接記載・公式rule由来mapping・一意な一般則categoryのいずれでも決定できない。 collector_status=NO_ITEM_MATCH_IN_FETCHED_OFFICIAL_SOURCES
M072,I031,UNRESOLVED,,,,,TRUE,UNRESOLVED,直接記載・公式rule由来mapping・一意な一般則categoryのいずれでも決定できない。 collector_status=NO_ITEM_MATCH_IN_FETCHED_OFFICIAL_SOURCES
M072,I032,OFFICIAL_RULE_DERIVED,C-M072-03,資源ごみ（びん・缶）,S-M072-01,現行ガイド／資源ごみ（びん・缶）,TRUE,CATEGORY_SUPPORTED_CONDITION_REVIEW_REQUIRED,品目の直接記載は必須とせず、既存mappingを支えるCURRENT公式category ruleから判定。 collector_status=NO_ITEM_MATCH_IN_FETCHED_OFFICIAL_SOURCES
M072,I033,UNRESOLVED,,,,,TRUE,UNRESOLVED,直接記載・公式rule由来mapping・一意な一般則categoryのいずれでも決定できない。 collector_status=NO_ITEM_MATCH_IN_FETCHED_OFFICIAL_SOURCES
M072,I034,UNRESOLVED,,,,,TRUE,UNRESOLVED,直接記載・公式rule由来mapping・一意な一般則categoryのいずれでも決定できない。 collector_status=NO_ITEM_MATCH_IN_FETCHED_OFFICIAL_SOURCES
M072,I035,UNRESOLVED,,,,,TRUE,UNRESOLVED,直接記載・公式rule由来mapping・一意な一般則categoryのいずれでも決定できない。 collector_status=NO_ITEM_MATCH_IN_FETCHED_OFFICIAL_SOURCES
M072,I036,UNRESOLVED,,,,,TRUE,UNRESOLVED,直接記載・公式rule由来mapping・一意な一般則categoryのいずれでも決定できない。 collector_status=NO_ITEM_MATCH_IN_FETCHED_OFFICIAL_SOURCES
M072,I037,UNRESOLVED,,,,,TRUE,UNRESOLVED,直接記載・公式rule由来mapping・一意な一般則categoryのいずれでも決定できない。 collector_status=NO_ITEM_MATCH_IN_FETCHED_OFFICIAL_SOURCES
M072,I038,UNRESOLVED,,,,,TRUE,UNRESOLVED,直接記載・公式rule由来mapping・一意な一般則categoryのいずれでも決定できない。 collector_status=NO_ITEM_MATCH_IN_FETCHED_OFFICIAL_SOURCES
M072,I039,UNRESOLVED,,,,,TRUE,UNRESOLVED,直接記載・公式rule由来mapping・一意な一般則categoryのいずれでも決定できない。 collector_status=NO_ITEM_MATCH_IN_FETCHED_OFFICIAL_SOURCES
M072,I040,UNRESOLVED,,,,,TRUE,UNRESOLVED,直接記載・公式rule由来mapping・一意な一般則categoryのいずれでも決定できない。 collector_status=NO_ITEM_MATCH_IN_FETCHED_OFFICIAL_SOURCES
M073,I001,UNRESOLVED,,,,,FALSE,UNRESOLVED,直接記載・公式rule由来mapping・一意な一般則categoryのいずれでも決定できない。 collector_status=NO_ITEM_MATCH_IN_FETCHED_OFFICIAL_SOURCES
M073,I002,UNRESOLVED,,,,,TRUE,UNRESOLVED,直接記載・公式rule由来mapping・一意な一般則categoryのいずれでも決定できない。 collector_status=NO_ITEM_MATCH_IN_FETCHED_OFFICIAL_SOURCES
M073,I003,UNRESOLVED,,,,,TRUE,UNRESOLVED,直接記載・公式rule由来mapping・一意な一般則categoryのいずれでも決定できない。 collector_status=NO_ITEM_MATCH_IN_FETCHED_OFFICIAL_SOURCES
M073,I004,UNRESOLVED,,,,,FALSE,UNRESOLVED,直接記載・公式rule由来mapping・一意な一般則categoryのいずれでも決定できない。 collector_status=NO_ITEM_MATCH_IN_FETCHED_OFFICIAL_SOURCES
M073,I005,UNRESOLVED,,,,,FALSE,UNRESOLVED,直接記載・公式rule由来mapping・一意な一般則categoryのいずれでも決定できない。 collector_status=NO_ITEM_MATCH_IN_FETCHED_OFFICIAL_SOURCES
M073,I006,UNRESOLVED,,,,,TRUE,UNRESOLVED,直接記載・公式rule由来mapping・一意な一般則categoryのいずれでも決定できない。 collector_status=NO_ITEM_MATCH_IN_FETCHED_OFFICIAL_SOURCES
M073,I007,UNRESOLVED,,,,,TRUE,UNRESOLVED,直接記載・公式rule由来mapping・一意な一般則categoryのいずれでも決定できない。 collector_status=NO_ITEM_MATCH_IN_FETCHED_OFFICIAL_SOURCES
M073,I008,UNRESOLVED,,,,,TRUE,UNRESOLVED,直接記載・公式rule由来mapping・一意な一般則categoryのいずれでも決定できない。 collector_status=NO_ITEM_MATCH_IN_FETCHED_OFFICIAL_SOURCES
M073,I009,UNRESOLVED,,,,,TRUE,UNRESOLVED,直接記載・公式rule由来mapping・一意な一般則categoryのいずれでも決定できない。 collector_status=NO_ITEM_MATCH_IN_FETCHED_OFFICIAL_SOURCES
M073,I010,UNRESOLVED,,,,,TRUE,UNRESOLVED,直接記載・公式rule由来mapping・一意な一般則categoryのいずれでも決定できない。 collector_status=NO_ITEM_MATCH_IN_FETCHED_OFFICIAL_SOURCES
M073,I011,UNRESOLVED,,,,,TRUE,UNRESOLVED,直接記載・公式rule由来mapping・一意な一般則categoryのいずれでも決定できない。 collector_status=NO_ITEM_MATCH_IN_FETCHED_OFFICIAL_SOURCES
M073,I012,UNRESOLVED,,,,,TRUE,UNRESOLVED,直接記載・公式rule由来mapping・一意な一般則categoryのいずれでも決定できない。 collector_status=NO_ITEM_MATCH_IN_FETCHED_OFFICIAL_SOURCES
M073,I013,UNRESOLVED,,,,,FALSE,UNRESOLVED,直接記載・公式rule由来mapping・一意な一般則categoryのいずれでも決定できない。 collector_status=NO_ITEM_MATCH_IN_FETCHED_OFFICIAL_SOURCES
M073,I014,UNRESOLVED,,,,,FALSE,UNRESOLVED,直接記載・公式rule由来mapping・一意な一般則categoryのいずれでも決定できない。 collector_status=NO_ITEM_MATCH_IN_FETCHED_OFFICIAL_SOURCES
M073,I015,UNRESOLVED,,,,,FALSE,UNRESOLVED,直接記載・公式rule由来mapping・一意な一般則categoryのいずれでも決定できない。 collector_status=NO_ITEM_MATCH_IN_FETCHED_OFFICIAL_SOURCES
M073,I016,UNRESOLVED,,,,,FALSE,UNRESOLVED,直接記載・公式rule由来mapping・一意な一般則categoryのいずれでも決定できない。 collector_status=NO_ITEM_MATCH_IN_FETCHED_OFFICIAL_SOURCES
M073,I017,UNRESOLVED,,,,,TRUE,UNRESOLVED,直接記載・公式rule由来mapping・一意な一般則categoryのいずれでも決定できない。 collector_status=NO_ITEM_MATCH_IN_FETCHED_OFFICIAL_SOURCES
M073,I018,OFFICIAL_RULE_DERIVED,C-M073-01,燃やせるごみ,S-M073-01,ごみの収集日・正しい出し方／燃やせるごみ,FALSE,CATEGORY_SUPPORTED,品目の直接記載は必須とせず、既存mappingを支えるCURRENT公式category ruleから判定。 collector_status=NO_ITEM_MATCH_IN_FETCHED_OFFICIAL_SOURCES
M073,I019,UNRESOLVED,,,,,FALSE,UNRESOLVED,直接記載・公式rule由来mapping・一意な一般則categoryのいずれでも決定できない。 collector_status=NO_ITEM_MATCH_IN_FETCHED_OFFICIAL_SOURCES
M073,I020,OFFICIAL_RULE_DERIVED,C-M073-01,燃やせるごみ,S-M073-01,ごみの収集日・正しい出し方／燃やせるごみ,FALSE,CATEGORY_SUPPORTED,品目の直接記載は必須とせず、既存mappingを支えるCURRENT公式category ruleから判定。 collector_status=NO_ITEM_MATCH_IN_FETCHED_OFFICIAL_SOURCES
M073,I021,UNRESOLVED,,,,,FALSE,UNRESOLVED,直接記載・公式rule由来mapping・一意な一般則categoryのいずれでも決定できない。 collector_status=NO_ITEM_MATCH_IN_FETCHED_OFFICIAL_SOURCES
M073,I022,UNRESOLVED,,,,,TRUE,UNRESOLVED,直接記載・公式rule由来mapping・一意な一般則categoryのいずれでも決定できない。 collector_status=NO_ITEM_MATCH_IN_FETCHED_OFFICIAL_SOURCES
M073,I023,GENERAL_RULE_DERIVED,C-M073-04,不燃性粗大ごみ,S-M073-01,ごみの収集日・正しい出し方／不燃性粗大ごみ,FALSE,CATEGORY_SUPPORTED,個別記載・既存mappingなし。一般的な材質/用途ルールと一意のCURRENT公式categoryが一致。 collector_status=NO_ITEM_MATCH_IN_FETCHED_OFFICIAL_SOURCES
M073,I024,GENERAL_RULE_DERIVED,C-M073-04,不燃性粗大ごみ,S-M073-01,ごみの収集日・正しい出し方／不燃性粗大ごみ,FALSE,CATEGORY_SUPPORTED,個別記載・既存mappingなし。一般的な材質/用途ルールと一意のCURRENT公式categoryが一致。 collector_status=NO_ITEM_MATCH_IN_FETCHED_OFFICIAL_SOURCES
M073,I025,UNRESOLVED,,,,,TRUE,UNRESOLVED,直接記載・公式rule由来mapping・一意な一般則categoryのいずれでも決定できない。 collector_status=NO_ITEM_MATCH_IN_FETCHED_OFFICIAL_SOURCES
M073,I026,UNRESOLVED,,,,,TRUE,UNRESOLVED,直接記載・公式rule由来mapping・一意な一般則categoryのいずれでも決定できない。 collector_status=NO_ITEM_MATCH_IN_FETCHED_OFFICIAL_SOURCES
M073,I027,UNRESOLVED,,,,,TRUE,UNRESOLVED,直接記載・公式rule由来mapping・一意な一般則categoryのいずれでも決定できない。 collector_status=NO_ITEM_MATCH_IN_FETCHED_OFFICIAL_SOURCES
M073,I028,UNRESOLVED,,,,,TRUE,UNRESOLVED,直接記載・公式rule由来mapping・一意な一般則categoryのいずれでも決定できない。 collector_status=NO_ITEM_MATCH_IN_FETCHED_OFFICIAL_SOURCES
M073,I029,UNRESOLVED,,,,,TRUE,UNRESOLVED,直接記載・公式rule由来mapping・一意な一般則categoryのいずれでも決定できない。 collector_status=NO_ITEM_MATCH_IN_FETCHED_OFFICIAL_SOURCES
M073,I030,UNRESOLVED,,,,,TRUE,UNRESOLVED,直接記載・公式rule由来mapping・一意な一般則categoryのいずれでも決定できない。 collector_status=NO_ITEM_MATCH_IN_FETCHED_OFFICIAL_SOURCES
M073,I031,UNRESOLVED,,,,,TRUE,UNRESOLVED,直接記載・公式rule由来mapping・一意な一般則categoryのいずれでも決定できない。 collector_status=NO_ITEM_MATCH_IN_FETCHED_OFFICIAL_SOURCES
M073,I032,UNRESOLVED,,,,,TRUE,UNRESOLVED,直接記載・公式rule由来mapping・一意な一般則categoryのいずれでも決定できない。 collector_status=NO_ITEM_MATCH_IN_FETCHED_OFFICIAL_SOURCES
M073,I033,UNRESOLVED,,,,,TRUE,UNRESOLVED,直接記載・公式rule由来mapping・一意な一般則categoryのいずれでも決定できない。 collector_status=NO_ITEM_MATCH_IN_FETCHED_OFFICIAL_SOURCES
M073,I034,UNRESOLVED,,,,,TRUE,UNRESOLVED,直接記載・公式rule由来mapping・一意な一般則categoryのいずれでも決定できない。 collector_status=NO_ITEM_MATCH_IN_FETCHED_OFFICIAL_SOURCES
M073,I035,UNRESOLVED,,,,,TRUE,UNRESOLVED,直接記載・公式rule由来mapping・一意な一般則categoryのいずれでも決定できない。 collector_status=NO_ITEM_MATCH_IN_FETCHED_OFFICIAL_SOURCES
M073,I036,UNRESOLVED,,,,,TRUE,UNRESOLVED,直接記載・公式rule由来mapping・一意な一般則categoryのいずれでも決定できない。 collector_status=NO_ITEM_MATCH_IN_FETCHED_OFFICIAL_SOURCES
M073,I037,UNRESOLVED,,,,,TRUE,UNRESOLVED,直接記載・公式rule由来mapping・一意な一般則categoryのいずれでも決定できない。 collector_status=NO_ITEM_MATCH_IN_FETCHED_OFFICIAL_SOURCES
M073,I038,UNRESOLVED,,,,,TRUE,UNRESOLVED,直接記載・公式rule由来mapping・一意な一般則categoryのいずれでも決定できない。 collector_status=NO_ITEM_MATCH_IN_FETCHED_OFFICIAL_SOURCES
M073,I039,UNRESOLVED,,,,,TRUE,UNRESOLVED,直接記載・公式rule由来mapping・一意な一般則categoryのいずれでも決定できない。 collector_status=NO_ITEM_MATCH_IN_FETCHED_OFFICIAL_SOURCES
M073,I040,UNRESOLVED,,,,,TRUE,UNRESOLVED,直接記載・公式rule由来mapping・一意な一般則categoryのいずれでも決定できない。 collector_status=NO_ITEM_MATCH_IN_FETCHED_OFFICIAL_SOURCES
M074,I001,OFFICIAL_RULE_DERIVED,C-M074-05,ペットボトル,S-M074-01,ペットボトル,FALSE,CATEGORY_SUPPORTED,品目の直接記載は必須とせず、既存mappingを支えるCURRENT公式category ruleから判定。 collector_status=NO_ITEM_MATCH_IN_FETCHED_OFFICIAL_SOURCES
M074,I002,UNRESOLVED,,,,,TRUE,UNRESOLVED,直接記載・公式rule由来mapping・一意な一般則categoryのいずれでも決定できない。 collector_status=NO_ITEM_MATCH_IN_FETCHED_OFFICIAL_SOURCES
M074,I003,UNRESOLVED,,,,,TRUE,UNRESOLVED,直接記載・公式rule由来mapping・一意な一般則categoryのいずれでも決定できない。 collector_status=NO_ITEM_MATCH_IN_FETCHED_OFFICIAL_SOURCES
M074,I004,UNRESOLVED,,,,,FALSE,UNRESOLVED,直接記載・公式rule由来mapping・一意な一般則categoryのいずれでも決定できない。 collector_status=NO_ITEM_MATCH_IN_FETCHED_OFFICIAL_SOURCES
M074,I005,UNRESOLVED,,,,,FALSE,UNRESOLVED,直接記載・公式rule由来mapping・一意な一般則categoryのいずれでも決定できない。 collector_status=NO_ITEM_MATCH_IN_FETCHED_OFFICIAL_SOURCES
M074,I006,OFFICIAL_RULE_DERIVED,C-M074-03,びん類,S-M074-01,びん類,TRUE,CATEGORY_SUPPORTED_CONDITION_REVIEW_REQUIRED,品目の直接記載は必須とせず、既存mappingを支えるCURRENT公式category ruleから判定。 collector_status=NO_ITEM_MATCH_IN_FETCHED_OFFICIAL_SOURCES
M074,I007,UNRESOLVED,,,,,TRUE,UNRESOLVED,直接記載・公式rule由来mapping・一意な一般則categoryのいずれでも決定できない。 collector_status=NO_ITEM_MATCH_IN_FETCHED_OFFICIAL_SOURCES
M074,I008,UNRESOLVED,,,,,TRUE,UNRESOLVED,直接記載・公式rule由来mapping・一意な一般則categoryのいずれでも決定できない。 collector_status=NO_ITEM_MATCH_IN_FETCHED_OFFICIAL_SOURCES
M074,I009,UNRESOLVED,,,,,TRUE,UNRESOLVED,直接記載・公式rule由来mapping・一意な一般則categoryのいずれでも決定できない。 collector_status=NO_ITEM_MATCH_IN_FETCHED_OFFICIAL_SOURCES
M074,I010,UNRESOLVED,,,,,TRUE,UNRESOLVED,直接記載・公式rule由来mapping・一意な一般則categoryのいずれでも決定できない。 collector_status=NO_ITEM_MATCH_IN_FETCHED_OFFICIAL_SOURCES
M074,I011,UNRESOLVED,,,,,TRUE,UNRESOLVED,直接記載・公式rule由来mapping・一意な一般則categoryのいずれでも決定できない。 collector_status=NO_ITEM_MATCH_IN_FETCHED_OFFICIAL_SOURCES
M074,I012,UNRESOLVED,,,,,TRUE,UNRESOLVED,直接記載・公式rule由来mapping・一意な一般則categoryのいずれでも決定できない。 collector_status=NO_ITEM_MATCH_IN_FETCHED_OFFICIAL_SOURCES
M074,I013,OFFICIAL_RULE_DERIVED,C-M074-07,雑紙・紙パック・段ボール・古新聞・古雑誌,S-M074-01,雑紙・紙パック・段ボール・古新聞・古雑誌,FALSE,CATEGORY_SUPPORTED,品目の直接記載は必須とせず、既存mappingを支えるCURRENT公式category ruleから判定。 collector_status=NO_ITEM_MATCH_IN_FETCHED_OFFICIAL_SOURCES
M074,I014,OFFICIAL_RULE_DERIVED,C-M074-07,雑紙・紙パック・段ボール・古新聞・古雑誌,S-M074-01,雑紙・紙パック・段ボール・古新聞・古雑誌,FALSE,CATEGORY_SUPPORTED,品目の直接記載は必須とせず、既存mappingを支えるCURRENT公式category ruleから判定。 collector_status=NO_ITEM_MATCH_IN_FETCHED_OFFICIAL_SOURCES
M074,I015,OFFICIAL_RULE_DERIVED,C-M074-07,雑紙・紙パック・段ボール・古新聞・古雑誌,S-M074-01,雑紙・紙パック・段ボール・古新聞・古雑誌,FALSE,CATEGORY_SUPPORTED,品目の直接記載は必須とせず、既存mappingを支えるCURRENT公式category ruleから判定。 collector_status=NO_ITEM_MATCH_IN_FETCHED_OFFICIAL_SOURCES
M074,I016,OFFICIAL_RULE_DERIVED,C-M074-07,雑紙・紙パック・段ボール・古新聞・古雑誌,S-M074-01,雑紙・紙パック・段ボール・古新聞・古雑誌,FALSE,CATEGORY_SUPPORTED,品目の直接記載は必須とせず、既存mappingを支えるCURRENT公式category ruleから判定。 collector_status=NO_ITEM_MATCH_IN_FETCHED_OFFICIAL_SOURCES
M074,I017,OFFICIAL_RULE_DERIVED,C-M074-07,雑紙・紙パック・段ボール・古新聞・古雑誌,S-M074-01,雑紙・紙パック・段ボール・古新聞・古雑誌,TRUE,CATEGORY_SUPPORTED_CONDITION_REVIEW_REQUIRED,品目の直接記載は必須とせず、既存mappingを支えるCURRENT公式category ruleから判定。 collector_status=NO_ITEM_MATCH_IN_FETCHED_OFFICIAL_SOURCES
M074,I018,OFFICIAL_RULE_DERIVED,C-M074-01,燃やせるごみ,S-M074-01,燃やせるごみ,FALSE,CATEGORY_SUPPORTED,品目の直接記載は必須とせず、既存mappingを支えるCURRENT公式category ruleから判定。 collector_status=NO_ITEM_MATCH_IN_FETCHED_OFFICIAL_SOURCES
M074,I019,UNRESOLVED,,,,,FALSE,UNRESOLVED,直接記載・公式rule由来mapping・一意な一般則categoryのいずれでも決定できない。 collector_status=NO_ITEM_MATCH_IN_FETCHED_OFFICIAL_SOURCES
M074,I020,UNRESOLVED,,,,,FALSE,UNRESOLVED,直接記載・公式rule由来mapping・一意な一般則categoryのいずれでも決定できない。 collector_status=NO_ITEM_MATCH_IN_FETCHED_OFFICIAL_SOURCES
M074,I021,UNRESOLVED,,,,,FALSE,UNRESOLVED,直接記載・公式rule由来mapping・一意な一般則categoryのいずれでも決定できない。 collector_status=NO_ITEM_MATCH_IN_FETCHED_OFFICIAL_SOURCES
M074,I022,UNRESOLVED,,,,,TRUE,UNRESOLVED,直接記載・公式rule由来mapping・一意な一般則categoryのいずれでも決定できない。 collector_status=NO_ITEM_MATCH_IN_FETCHED_OFFICIAL_SOURCES
M074,I023,UNRESOLVED,,,,,FALSE,UNRESOLVED,直接記載・公式rule由来mapping・一意な一般則categoryのいずれでも決定できない。 collector_status=NO_ITEM_MATCH_IN_FETCHED_OFFICIAL_SOURCES
M074,I024,UNRESOLVED,,,,,FALSE,UNRESOLVED,直接記載・公式rule由来mapping・一意な一般則categoryのいずれでも決定できない。 collector_status=NO_ITEM_MATCH_IN_FETCHED_OFFICIAL_SOURCES
M074,I025,UNRESOLVED,,,,,TRUE,UNRESOLVED,直接記載・公式rule由来mapping・一意な一般則categoryのいずれでも決定できない。 collector_status=NO_ITEM_MATCH_IN_FETCHED_OFFICIAL_SOURCES
M074,I026,UNRESOLVED,,,,,TRUE,UNRESOLVED,直接記載・公式rule由来mapping・一意な一般則categoryのいずれでも決定できない。 collector_status=NO_ITEM_MATCH_IN_FETCHED_OFFICIAL_SOURCES
M074,I027,UNRESOLVED,,,,,TRUE,UNRESOLVED,直接記載・公式rule由来mapping・一意な一般則categoryのいずれでも決定できない。 collector_status=NO_ITEM_MATCH_IN_FETCHED_OFFICIAL_SOURCES
M074,I028,UNRESOLVED,,,,,TRUE,UNRESOLVED,直接記載・公式rule由来mapping・一意な一般則categoryのいずれでも決定できない。 collector_status=NO_ITEM_MATCH_IN_FETCHED_OFFICIAL_SOURCES
M074,I029,UNRESOLVED,,,,,TRUE,UNRESOLVED,直接記載・公式rule由来mapping・一意な一般則categoryのいずれでも決定できない。 collector_status=NO_ITEM_MATCH_IN_FETCHED_OFFICIAL_SOURCES
M074,I030,UNRESOLVED,,,,,TRUE,UNRESOLVED,直接記載・公式rule由来mapping・一意な一般則categoryのいずれでも決定できない。 collector_status=NO_ITEM_MATCH_IN_FETCHED_OFFICIAL_SOURCES
M074,I031,UNRESOLVED,,,,,TRUE,UNRESOLVED,直接記載・公式rule由来mapping・一意な一般則categoryのいずれでも決定できない。 collector_status=NO_ITEM_MATCH_IN_FETCHED_OFFICIAL_SOURCES
M074,I032,OFFICIAL_RULE_DERIVED,C-M074-04,かん類,S-M074-01,かん類,TRUE,CATEGORY_SUPPORTED_CONDITION_REVIEW_REQUIRED,品目の直接記載は必須とせず、既存mappingを支えるCURRENT公式category ruleから判定。 collector_status=NO_ITEM_MATCH_IN_FETCHED_OFFICIAL_SOURCES
M074,I033,UNRESOLVED,,,,,TRUE,UNRESOLVED,直接記載・公式rule由来mapping・一意な一般則categoryのいずれでも決定できない。 collector_status=NO_ITEM_MATCH_IN_FETCHED_OFFICIAL_SOURCES
M074,I034,UNRESOLVED,,,,,TRUE,UNRESOLVED,直接記載・公式rule由来mapping・一意な一般則categoryのいずれでも決定できない。 collector_status=NO_ITEM_MATCH_IN_FETCHED_OFFICIAL_SOURCES
M074,I035,UNRESOLVED,,,,,TRUE,UNRESOLVED,直接記載・公式rule由来mapping・一意な一般則categoryのいずれでも決定できない。 collector_status=NO_ITEM_MATCH_IN_FETCHED_OFFICIAL_SOURCES
M074,I036,UNRESOLVED,,,,,TRUE,UNRESOLVED,直接記載・公式rule由来mapping・一意な一般則categoryのいずれでも決定できない。 collector_status=NO_ITEM_MATCH_IN_FETCHED_OFFICIAL_SOURCES
M074,I037,UNRESOLVED,,,,,TRUE,UNRESOLVED,直接記載・公式rule由来mapping・一意な一般則categoryのいずれでも決定できない。 collector_status=NO_ITEM_MATCH_IN_FETCHED_OFFICIAL_SOURCES
M074,I038,UNRESOLVED,,,,,TRUE,UNRESOLVED,直接記載・公式rule由来mapping・一意な一般則categoryのいずれでも決定できない。 collector_status=NO_ITEM_MATCH_IN_FETCHED_OFFICIAL_SOURCES
M074,I039,UNRESOLVED,,,,,TRUE,UNRESOLVED,直接記載・公式rule由来mapping・一意な一般則categoryのいずれでも決定できない。 collector_status=NO_ITEM_MATCH_IN_FETCHED_OFFICIAL_SOURCES
M074,I040,UNRESOLVED,,,,,TRUE,UNRESOLVED,直接記載・公式rule由来mapping・一意な一般則categoryのいずれでも決定できない。 collector_status=NO_ITEM_MATCH_IN_FETCHED_OFFICIAL_SOURCES
M075,I001,UNRESOLVED,,,,,FALSE,UNRESOLVED,直接記載・公式rule由来mapping・一意な一般則categoryのいずれでも決定できない。 collector_status=AMBIGUOUS_CATEGORY_CANDIDATES
M075,I002,UNRESOLVED,,,,,TRUE,UNRESOLVED,直接記載・公式rule由来mapping・一意な一般則categoryのいずれでも決定できない。 collector_status=NO_ITEM_MATCH_IN_FETCHED_OFFICIAL_SOURCES
M075,I003,UNRESOLVED,,,,,TRUE,UNRESOLVED,直接記載・公式rule由来mapping・一意な一般則categoryのいずれでも決定できない。 collector_status=NO_ITEM_MATCH_IN_FETCHED_OFFICIAL_SOURCES
M075,I004,UNRESOLVED,,,,,FALSE,UNRESOLVED,直接記載・公式rule由来mapping・一意な一般則categoryのいずれでも決定できない。 collector_status=NO_ITEM_MATCH_IN_FETCHED_OFFICIAL_SOURCES
M075,I005,UNRESOLVED,,,,,FALSE,UNRESOLVED,直接記載・公式rule由来mapping・一意な一般則categoryのいずれでも決定できない。 collector_status=NO_ITEM_MATCH_IN_FETCHED_OFFICIAL_SOURCES
M075,I006,UNRESOLVED,,,,,TRUE,UNRESOLVED,直接記載・公式rule由来mapping・一意な一般則categoryのいずれでも決定できない。 collector_status=NO_ITEM_MATCH_IN_FETCHED_OFFICIAL_SOURCES
M075,I007,UNRESOLVED,,,,,TRUE,UNRESOLVED,直接記載・公式rule由来mapping・一意な一般則categoryのいずれでも決定できない。 collector_status=NO_ITEM_MATCH_IN_FETCHED_OFFICIAL_SOURCES
M075,I008,UNRESOLVED,,,,,TRUE,UNRESOLVED,直接記載・公式rule由来mapping・一意な一般則categoryのいずれでも決定できない。 collector_status=NO_ITEM_MATCH_IN_FETCHED_OFFICIAL_SOURCES
M075,I009,UNRESOLVED,,,,,TRUE,UNRESOLVED,直接記載・公式rule由来mapping・一意な一般則categoryのいずれでも決定できない。 collector_status=NO_ITEM_MATCH_IN_FETCHED_OFFICIAL_SOURCES
M075,I010,UNRESOLVED,,,,,TRUE,UNRESOLVED,直接記載・公式rule由来mapping・一意な一般則categoryのいずれでも決定できない。 collector_status=NO_ITEM_MATCH_IN_FETCHED_OFFICIAL_SOURCES
M075,I011,UNRESOLVED,,,,,TRUE,UNRESOLVED,直接記載・公式rule由来mapping・一意な一般則categoryのいずれでも決定できない。 collector_status=AMBIGUOUS_CATEGORY_CANDIDATES
M075,I012,UNRESOLVED,,,,,TRUE,UNRESOLVED,直接記載・公式rule由来mapping・一意な一般則categoryのいずれでも決定できない。 collector_status=NO_ITEM_MATCH_IN_FETCHED_OFFICIAL_SOURCES
M075,I013,UNRESOLVED,,,,,FALSE,UNRESOLVED,直接記載・公式rule由来mapping・一意な一般則categoryのいずれでも決定できない。 collector_status=NO_ITEM_MATCH_IN_FETCHED_OFFICIAL_SOURCES
M075,I014,UNRESOLVED,,,,,FALSE,UNRESOLVED,直接記載・公式rule由来mapping・一意な一般則categoryのいずれでも決定できない。 collector_status=NO_ITEM_MATCH_IN_FETCHED_OFFICIAL_SOURCES
M075,I015,UNRESOLVED,,,,,FALSE,UNRESOLVED,直接記載・公式rule由来mapping・一意な一般則categoryのいずれでも決定できない。 collector_status=NO_ITEM_MATCH_IN_FETCHED_OFFICIAL_SOURCES
M075,I016,UNRESOLVED,,,,,FALSE,UNRESOLVED,直接記載・公式rule由来mapping・一意な一般則categoryのいずれでも決定できない。 collector_status=AMBIGUOUS_CATEGORY_CANDIDATES
M075,I017,UNRESOLVED,,,,,TRUE,UNRESOLVED,直接記載・公式rule由来mapping・一意な一般則categoryのいずれでも決定できない。 collector_status=NO_ITEM_MATCH_IN_FETCHED_OFFICIAL_SOURCES
M075,I018,UNRESOLVED,,,,,FALSE,UNRESOLVED,直接記載・公式rule由来mapping・一意な一般則categoryのいずれでも決定できない。 collector_status=NO_ITEM_MATCH_IN_FETCHED_OFFICIAL_SOURCES
M075,I019,GENERAL_RULE_DERIVED,C-M075-01,可燃ごみ,S-M075-01,可燃ごみ,FALSE,CATEGORY_SUPPORTED,個別記載・既存mappingなし。一般的な材質/用途ルールと一意のCURRENT公式categoryが一致。 collector_status=NO_ITEM_MATCH_IN_FETCHED_OFFICIAL_SOURCES
M075,I020,GENERAL_RULE_DERIVED,C-M075-01,可燃ごみ,S-M075-01,可燃ごみ,FALSE,CATEGORY_SUPPORTED,個別記載・既存mappingなし。一般的な材質/用途ルールと一意のCURRENT公式categoryが一致。 collector_status=NO_ITEM_MATCH_IN_FETCHED_OFFICIAL_SOURCES
M075,I021,UNRESOLVED,,,,,FALSE,UNRESOLVED,直接記載・公式rule由来mapping・一意な一般則categoryのいずれでも決定できない。 collector_status=NO_ITEM_MATCH_IN_FETCHED_OFFICIAL_SOURCES
M075,I022,UNRESOLVED,,,,,TRUE,UNRESOLVED,直接記載・公式rule由来mapping・一意な一般則categoryのいずれでも決定できない。 collector_status=NO_ITEM_MATCH_IN_FETCHED_OFFICIAL_SOURCES
M075,I023,UNRESOLVED,,,,,FALSE,UNRESOLVED,直接記載・公式rule由来mapping・一意な一般則categoryのいずれでも決定できない。 collector_status=NO_ITEM_MATCH_IN_FETCHED_OFFICIAL_SOURCES
M075,I024,UNRESOLVED,,,,,FALSE,UNRESOLVED,直接記載・公式rule由来mapping・一意な一般則categoryのいずれでも決定できない。 collector_status=NO_ITEM_MATCH_IN_FETCHED_OFFICIAL_SOURCES
M075,I025,UNRESOLVED,,,,,TRUE,UNRESOLVED,直接記載・公式rule由来mapping・一意な一般則categoryのいずれでも決定できない。 collector_status=NO_ITEM_MATCH_IN_FETCHED_OFFICIAL_SOURCES
M075,I026,UNRESOLVED,,,,,TRUE,UNRESOLVED,直接記載・公式rule由来mapping・一意な一般則categoryのいずれでも決定できない。 collector_status=NO_ITEM_MATCH_IN_FETCHED_OFFICIAL_SOURCES
M075,I027,UNRESOLVED,,,,,TRUE,UNRESOLVED,直接記載・公式rule由来mapping・一意な一般則categoryのいずれでも決定できない。 collector_status=NO_ITEM_MATCH_IN_FETCHED_OFFICIAL_SOURCES
M075,I028,UNRESOLVED,,,,,TRUE,UNRESOLVED,直接記載・公式rule由来mapping・一意な一般則categoryのいずれでも決定できない。 collector_status=NO_ITEM_MATCH_IN_FETCHED_OFFICIAL_SOURCES
M075,I029,UNRESOLVED,,,,,TRUE,UNRESOLVED,直接記載・公式rule由来mapping・一意な一般則categoryのいずれでも決定できない。 collector_status=NO_ITEM_MATCH_IN_FETCHED_OFFICIAL_SOURCES
M075,I030,UNRESOLVED,,,,,TRUE,UNRESOLVED,直接記載・公式rule由来mapping・一意な一般則categoryのいずれでも決定できない。 collector_status=NO_ITEM_MATCH_IN_FETCHED_OFFICIAL_SOURCES
M075,I031,UNRESOLVED,,,,,TRUE,UNRESOLVED,直接記載・公式rule由来mapping・一意な一般則categoryのいずれでも決定できない。 collector_status=NO_ITEM_MATCH_IN_FETCHED_OFFICIAL_SOURCES
M075,I032,UNRESOLVED,,,,,TRUE,UNRESOLVED,直接記載・公式rule由来mapping・一意な一般則categoryのいずれでも決定できない。 collector_status=NO_ITEM_MATCH_IN_FETCHED_OFFICIAL_SOURCES
M075,I033,UNRESOLVED,,,,,TRUE,UNRESOLVED,直接記載・公式rule由来mapping・一意な一般則categoryのいずれでも決定できない。 collector_status=NO_ITEM_MATCH_IN_FETCHED_OFFICIAL_SOURCES
M075,I034,UNRESOLVED,,,,,TRUE,UNRESOLVED,直接記載・公式rule由来mapping・一意な一般則categoryのいずれでも決定できない。 collector_status=NO_ITEM_MATCH_IN_FETCHED_OFFICIAL_SOURCES
M075,I035,UNRESOLVED,,,,,TRUE,UNRESOLVED,直接記載・公式rule由来mapping・一意な一般則categoryのいずれでも決定できない。 collector_status=NO_ITEM_MATCH_IN_FETCHED_OFFICIAL_SOURCES
M075,I036,UNRESOLVED,,,,,TRUE,UNRESOLVED,直接記載・公式rule由来mapping・一意な一般則categoryのいずれでも決定できない。 collector_status=NO_ITEM_MATCH_IN_FETCHED_OFFICIAL_SOURCES
M075,I037,UNRESOLVED,,,,,TRUE,UNRESOLVED,直接記載・公式rule由来mapping・一意な一般則categoryのいずれでも決定できない。 collector_status=NO_ITEM_MATCH_IN_FETCHED_OFFICIAL_SOURCES
M075,I038,UNRESOLVED,,,,,TRUE,UNRESOLVED,直接記載・公式rule由来mapping・一意な一般則categoryのいずれでも決定できない。 collector_status=NO_ITEM_MATCH_IN_FETCHED_OFFICIAL_SOURCES
M075,I039,UNRESOLVED,,,,,TRUE,UNRESOLVED,直接記載・公式rule由来mapping・一意な一般則categoryのいずれでも決定できない。 collector_status=NO_ITEM_MATCH_IN_FETCHED_OFFICIAL_SOURCES
M075,I040,UNRESOLVED,,,,,TRUE,UNRESOLVED,直接記載・公式rule由来mapping・一意な一般則categoryのいずれでも決定できない。 collector_status=NO_ITEM_MATCH_IN_FETCHED_OFFICIAL_SOURCES
M077,I001,OFFICIAL_RULE_DERIVED,C-M077-02,飲料用カン・ペットボトル,S-M077-02,飲料用カン・ペットボトル,FALSE,CATEGORY_SUPPORTED,品目の直接記載は必須とせず、既存mappingを支えるCURRENT公式category ruleから判定。 collector_status=NO_ITEM_MATCH_IN_FETCHED_OFFICIAL_SOURCES
M077,I002,UNRESOLVED,,,,,TRUE,UNRESOLVED,直接記載・公式rule由来mapping・一意な一般則categoryのいずれでも決定できない。 collector_status=NO_ITEM_MATCH_IN_FETCHED_OFFICIAL_SOURCES
M077,I003,UNRESOLVED,,,,,TRUE,UNRESOLVED,直接記載・公式rule由来mapping・一意な一般則categoryのいずれでも決定できない。 collector_status=NO_ITEM_MATCH_IN_FETCHED_OFFICIAL_SOURCES
M077,I004,UNRESOLVED,,,,,FALSE,UNRESOLVED,直接記載・公式rule由来mapping・一意な一般則categoryのいずれでも決定できない。 collector_status=NO_ITEM_MATCH_IN_FETCHED_OFFICIAL_SOURCES
M077,I005,UNRESOLVED,,,,,FALSE,UNRESOLVED,直接記載・公式rule由来mapping・一意な一般則categoryのいずれでも決定できない。 collector_status=NO_ITEM_MATCH_IN_FETCHED_OFFICIAL_SOURCES
M077,I006,UNRESOLVED,,,,,TRUE,UNRESOLVED,直接記載・公式rule由来mapping・一意な一般則categoryのいずれでも決定できない。 collector_status=NO_ITEM_MATCH_IN_FETCHED_OFFICIAL_SOURCES
M077,I007,UNRESOLVED,,,,,TRUE,UNRESOLVED,直接記載・公式rule由来mapping・一意な一般則categoryのいずれでも決定できない。 collector_status=NO_ITEM_MATCH_IN_FETCHED_OFFICIAL_SOURCES
M077,I008,UNRESOLVED,,,,,TRUE,UNRESOLVED,直接記載・公式rule由来mapping・一意な一般則categoryのいずれでも決定できない。 collector_status=NO_ITEM_MATCH_IN_FETCHED_OFFICIAL_SOURCES
M077,I009,UNRESOLVED,,,,,TRUE,UNRESOLVED,直接記載・公式rule由来mapping・一意な一般則categoryのいずれでも決定できない。 collector_status=NO_ITEM_MATCH_IN_FETCHED_OFFICIAL_SOURCES
M077,I010,UNRESOLVED,,,,,TRUE,UNRESOLVED,直接記載・公式rule由来mapping・一意な一般則categoryのいずれでも決定できない。 collector_status=NO_ITEM_MATCH_IN_FETCHED_OFFICIAL_SOURCES
M077,I011,UNRESOLVED,,,,,TRUE,UNRESOLVED,直接記載・公式rule由来mapping・一意な一般則categoryのいずれでも決定できない。 collector_status=NO_ITEM_MATCH_IN_FETCHED_OFFICIAL_SOURCES
M077,I012,UNRESOLVED,,,,,TRUE,UNRESOLVED,直接記載・公式rule由来mapping・一意な一般則categoryのいずれでも決定できない。 collector_status=NO_ITEM_MATCH_IN_FETCHED_OFFICIAL_SOURCES
M077,I013,UNRESOLVED,,,,,FALSE,UNRESOLVED,直接記載・公式rule由来mapping・一意な一般則categoryのいずれでも決定できない。 collector_status=NO_ITEM_MATCH_IN_FETCHED_OFFICIAL_SOURCES
M077,I014,UNRESOLVED,,,,,FALSE,UNRESOLVED,直接記載・公式rule由来mapping・一意な一般則categoryのいずれでも決定できない。 collector_status=NO_ITEM_MATCH_IN_FETCHED_OFFICIAL_SOURCES
M077,I015,UNRESOLVED,,,,,FALSE,UNRESOLVED,直接記載・公式rule由来mapping・一意な一般則categoryのいずれでも決定できない。 collector_status=NO_ITEM_MATCH_IN_FETCHED_OFFICIAL_SOURCES
M077,I016,UNRESOLVED,,,,,FALSE,UNRESOLVED,直接記載・公式rule由来mapping・一意な一般則categoryのいずれでも決定できない。 collector_status=NO_ITEM_MATCH_IN_FETCHED_OFFICIAL_SOURCES
M077,I017,UNRESOLVED,,,,,TRUE,UNRESOLVED,直接記載・公式rule由来mapping・一意な一般則categoryのいずれでも決定できない。 collector_status=NO_ITEM_MATCH_IN_FETCHED_OFFICIAL_SOURCES
M077,I018,OFFICIAL_RULE_DERIVED,C-M077-01,燃やすしかないごみ,S-M077-02,燃やすしかないごみ,TRUE,CATEGORY_SUPPORTED_CONDITION_REVIEW_REQUIRED,品目の直接記載は必須とせず、既存mappingを支えるCURRENT公式category ruleから判定。 collector_status=NO_ITEM_MATCH_IN_FETCHED_OFFICIAL_SOURCES
M077,I019,UNRESOLVED,,,,,FALSE,UNRESOLVED,一般則候補categoryが複数(2)のため自動決定しない。 collector_status=NO_ITEM_MATCH_IN_FETCHED_OFFICIAL_SOURCES
M077,I020,UNRESOLVED,,,,,FALSE,UNRESOLVED,一般則候補categoryが複数(2)のため自動決定しない。 collector_status=NO_ITEM_MATCH_IN_FETCHED_OFFICIAL_SOURCES
M077,I021,UNRESOLVED,,,,,FALSE,UNRESOLVED,直接記載・公式rule由来mapping・一意な一般則categoryのいずれでも決定できない。 collector_status=NO_ITEM_MATCH_IN_FETCHED_OFFICIAL_SOURCES
M077,I022,UNRESOLVED,,,,,TRUE,UNRESOLVED,直接記載・公式rule由来mapping・一意な一般則categoryのいずれでも決定できない。 collector_status=NO_ITEM_MATCH_IN_FETCHED_OFFICIAL_SOURCES
M077,I023,OFFICIAL_RULE_DERIVED,C-M077-07,コンテナ（電池類・蛍光管・陶磁器・ガラス類・その他ビン）,S-M077-02,コンテナ（電池類・蛍光管・陶磁器・ガラス類・その他ビン）,FALSE,CATEGORY_SUPPORTED,品目の直接記載は必須とせず、既存mappingを支えるCURRENT公式category ruleから判定。 collector_status=NO_ITEM_MATCH_IN_FETCHED_OFFICIAL_SOURCES
M077,I024,GENERAL_RULE_DERIVED,C-M077-09,粗大ごみ（不燃）・小型家電,S-M077-02,粗大ごみ（不燃）・小型家電,FALSE,CATEGORY_SUPPORTED,個別記載・既存mappingなし。一般的な材質/用途ルールと一意のCURRENT公式categoryが一致。 collector_status=NO_ITEM_MATCH_IN_FETCHED_OFFICIAL_SOURCES
M077,I025,UNRESOLVED,,,,,TRUE,UNRESOLVED,直接記載・公式rule由来mapping・一意な一般則categoryのいずれでも決定できない。 collector_status=NO_ITEM_MATCH_IN_FETCHED_OFFICIAL_SOURCES
M077,I026,UNRESOLVED,,,,,TRUE,UNRESOLVED,直接記載・公式rule由来mapping・一意な一般則categoryのいずれでも決定できない。 collector_status=NO_ITEM_MATCH_IN_FETCHED_OFFICIAL_SOURCES
M077,I027,OFFICIAL_RULE_DERIVED,C-M077-07,コンテナ（電池類・蛍光管・陶磁器・ガラス類・その他ビン）,S-M077-02,コンテナ（電池類・蛍光管・陶磁器・ガラス類・その他ビン）,TRUE,CATEGORY_SUPPORTED_CONDITION_REVIEW_REQUIRED,品目の直接記載は必須とせず、既存mappingを支えるCURRENT公式category ruleから判定。 collector_status=NO_ITEM_MATCH_IN_FETCHED_OFFICIAL_SOURCES
M077,I028,UNRESOLVED,,,,,TRUE,UNRESOLVED,直接記載・公式rule由来mapping・一意な一般則categoryのいずれでも決定できない。 collector_status=NO_ITEM_MATCH_IN_FETCHED_OFFICIAL_SOURCES
M077,I029,UNRESOLVED,,,,,TRUE,UNRESOLVED,直接記載・公式rule由来mapping・一意な一般則categoryのいずれでも決定できない。 collector_status=NO_ITEM_MATCH_IN_FETCHED_OFFICIAL_SOURCES
M077,I030,OFFICIAL_RULE_DERIVED,C-M077-07,コンテナ（電池類・蛍光管・陶磁器・ガラス類・その他ビン）,S-M077-02,コンテナ（電池類・蛍光管・陶磁器・ガラス類・その他ビン）,TRUE,CATEGORY_SUPPORTED_CONDITION_REVIEW_REQUIRED,品目の直接記載は必須とせず、既存mappingを支えるCURRENT公式category ruleから判定。 collector_status=NO_ITEM_MATCH_IN_FETCHED_OFFICIAL_SOURCES
M077,I031,UNRESOLVED,,,,,TRUE,UNRESOLVED,直接記載・公式rule由来mapping・一意な一般則categoryのいずれでも決定できない。 collector_status=NO_ITEM_MATCH_IN_FETCHED_OFFICIAL_SOURCES
M077,I032,OFFICIAL_RULE_DERIVED,C-M077-04,金物類,S-M077-04,スプレー缶・カセット式ガスボンベ／中身を出し切ったもの→金物類,TRUE,CATEGORY_SUPPORTED_CONDITION_REVIEW_REQUIRED,品目の直接記載は必須とせず、既存mappingを支えるCURRENT公式category ruleから判定。 collector_status=NO_ITEM_MATCH_IN_FETCHED_OFFICIAL_SOURCES
M077,I033,UNRESOLVED,,,,,TRUE,UNRESOLVED,直接記載・公式rule由来mapping・一意な一般則categoryのいずれでも決定できない。 collector_status=NO_ITEM_MATCH_IN_FETCHED_OFFICIAL_SOURCES
M077,I034,OFFICIAL_RULE_DERIVED,C-M077-09,粗大ごみ（不燃）・小型家電,S-M077-02,粗大ごみ（不燃）・小型家電,TRUE,CATEGORY_SUPPORTED_CONDITION_REVIEW_REQUIRED,品目の直接記載は必須とせず、既存mappingを支えるCURRENT公式category ruleから判定。 collector_status=NO_ITEM_MATCH_IN_FETCHED_OFFICIAL_SOURCES
M077,I035,UNRESOLVED,,,,,TRUE,UNRESOLVED,直接記載・公式rule由来mapping・一意な一般則categoryのいずれでも決定できない。 collector_status=NO_ITEM_MATCH_IN_FETCHED_OFFICIAL_SOURCES
M077,I036,UNRESOLVED,,,,,TRUE,UNRESOLVED,直接記載・公式rule由来mapping・一意な一般則categoryのいずれでも決定できない。 collector_status=NO_ITEM_MATCH_IN_FETCHED_OFFICIAL_SOURCES
M077,I037,UNRESOLVED,,,,,TRUE,UNRESOLVED,直接記載・公式rule由来mapping・一意な一般則categoryのいずれでも決定できない。 collector_status=NO_ITEM_MATCH_IN_FETCHED_OFFICIAL_SOURCES
M077,I038,UNRESOLVED,,,,,TRUE,UNRESOLVED,直接記載・公式rule由来mapping・一意な一般則categoryのいずれでも決定できない。 collector_status=NO_ITEM_MATCH_IN_FETCHED_OFFICIAL_SOURCES
M077,I039,UNRESOLVED,,,,,TRUE,UNRESOLVED,直接記載・公式rule由来mapping・一意な一般則categoryのいずれでも決定できない。 collector_status=NO_ITEM_MATCH_IN_FETCHED_OFFICIAL_SOURCES
M077,I040,UNRESOLVED,,,,,TRUE,UNRESOLVED,直接記載・公式rule由来mapping・一意な一般則categoryのいずれでも決定できない。 collector_status=NO_ITEM_MATCH_IN_FETCHED_OFFICIAL_SOURCES
M078,I001,OFFICIAL_RULE_DERIVED,C-M078-06,ペットボトル・埋立ごみ等,S-M078-02,ペットボトル・埋立ごみ等,FALSE,CATEGORY_SUPPORTED,品目の直接記載は必須とせず、既存mappingを支えるCURRENT公式category ruleから判定。 collector_status=NO_ITEM_MATCH_IN_FETCHED_OFFICIAL_SOURCES
M078,I002,UNRESOLVED,,,,,TRUE,UNRESOLVED,直接記載・公式rule由来mapping・一意な一般則categoryのいずれでも決定できない。 collector_status=NO_ITEM_MATCH_IN_FETCHED_OFFICIAL_SOURCES
M078,I003,UNRESOLVED,,,,,TRUE,UNRESOLVED,直接記載・公式rule由来mapping・一意な一般則categoryのいずれでも決定できない。 collector_status=NO_ITEM_MATCH_IN_FETCHED_OFFICIAL_SOURCES
M078,I004,UNRESOLVED,,,,,FALSE,UNRESOLVED,直接記載・公式rule由来mapping・一意な一般則categoryのいずれでも決定できない。 collector_status=NO_ITEM_MATCH_IN_FETCHED_OFFICIAL_SOURCES
M078,I005,UNRESOLVED,,,,,FALSE,UNRESOLVED,直接記載・公式rule由来mapping・一意な一般則categoryのいずれでも決定できない。 collector_status=NO_ITEM_MATCH_IN_FETCHED_OFFICIAL_SOURCES
M078,I006,OFFICIAL_RULE_DERIVED,C-M078-05,金属・びん,S-M078-02,金属・びん,TRUE,CATEGORY_SUPPORTED_CONDITION_REVIEW_REQUIRED,品目の直接記載は必須とせず、既存mappingを支えるCURRENT公式category ruleから判定。 collector_status=NO_ITEM_MATCH_IN_FETCHED_OFFICIAL_SOURCES
M078,I007,UNRESOLVED,,,,,TRUE,UNRESOLVED,直接記載・公式rule由来mapping・一意な一般則categoryのいずれでも決定できない。 collector_status=NO_ITEM_MATCH_IN_FETCHED_OFFICIAL_SOURCES
M078,I008,UNRESOLVED,,,,,TRUE,UNRESOLVED,直接記載・公式rule由来mapping・一意な一般則categoryのいずれでも決定できない。 collector_status=NO_ITEM_MATCH_IN_FETCHED_OFFICIAL_SOURCES
M078,I009,UNRESOLVED,,,,,TRUE,UNRESOLVED,直接記載・公式rule由来mapping・一意な一般則categoryのいずれでも決定できない。 collector_status=NO_ITEM_MATCH_IN_FETCHED_OFFICIAL_SOURCES
M078,I010,UNRESOLVED,,,,,TRUE,UNRESOLVED,直接記載・公式rule由来mapping・一意な一般則categoryのいずれでも決定できない。 collector_status=NO_ITEM_MATCH_IN_FETCHED_OFFICIAL_SOURCES
M078,I011,UNRESOLVED,,,,,TRUE,UNRESOLVED,直接記載・公式rule由来mapping・一意な一般則categoryのいずれでも決定できない。 collector_status=NO_ITEM_MATCH_IN_FETCHED_OFFICIAL_SOURCES
M078,I012,UNRESOLVED,,,,,TRUE,UNRESOLVED,直接記載・公式rule由来mapping・一意な一般則categoryのいずれでも決定できない。 collector_status=NO_ITEM_MATCH_IN_FETCHED_OFFICIAL_SOURCES
M078,I013,OFFICIAL_RULE_DERIVED,C-M078-04,新聞・雑誌・布等,S-M078-02,新聞・雑誌・布等,FALSE,CATEGORY_SUPPORTED,品目の直接記載は必須とせず、既存mappingを支えるCURRENT公式category ruleから判定。 collector_status=NO_ITEM_MATCH_IN_FETCHED_OFFICIAL_SOURCES
M078,I014,UNRESOLVED,,,,,FALSE,UNRESOLVED,直接記載・公式rule由来mapping・一意な一般則categoryのいずれでも決定できない。 collector_status=NO_ITEM_MATCH_IN_FETCHED_OFFICIAL_SOURCES
M078,I015,OFFICIAL_RULE_DERIVED,C-M078-04,新聞・雑誌・布等,S-M078-02,新聞・雑誌・布等,FALSE,CATEGORY_SUPPORTED,品目の直接記載は必須とせず、既存mappingを支えるCURRENT公式category ruleから判定。 collector_status=NO_ITEM_MATCH_IN_FETCHED_OFFICIAL_SOURCES
M078,I016,UNRESOLVED,,,,,FALSE,UNRESOLVED,直接記載・公式rule由来mapping・一意な一般則categoryのいずれでも決定できない。 collector_status=NO_ITEM_MATCH_IN_FETCHED_OFFICIAL_SOURCES
M078,I017,UNRESOLVED,,,,,TRUE,UNRESOLVED,直接記載・公式rule由来mapping・一意な一般則categoryのいずれでも決定できない。 collector_status=NO_ITEM_MATCH_IN_FETCHED_OFFICIAL_SOURCES
M078,I018,UNRESOLVED,,,,,FALSE,UNRESOLVED,直接記載・公式rule由来mapping・一意な一般則categoryのいずれでも決定できない。 collector_status=NO_ITEM_MATCH_IN_FETCHED_OFFICIAL_SOURCES
M078,I019,GENERAL_RULE_DERIVED,C-M078-01,可燃ごみ,S-M078-02,可燃ごみ,FALSE,CATEGORY_SUPPORTED,個別記載・既存mappingなし。一般的な材質/用途ルールと一意のCURRENT公式categoryが一致。 collector_status=NO_ITEM_MATCH_IN_FETCHED_OFFICIAL_SOURCES
M078,I020,GENERAL_RULE_DERIVED,C-M078-01,可燃ごみ,S-M078-02,可燃ごみ,FALSE,CATEGORY_SUPPORTED,個別記載・既存mappingなし。一般的な材質/用途ルールと一意のCURRENT公式categoryが一致。 collector_status=NO_ITEM_MATCH_IN_FETCHED_OFFICIAL_SOURCES
M078,I021,OFFICIAL_RULE_DERIVED,C-M078-04,新聞・雑誌・布等,S-M078-02,新聞・雑誌・布等,FALSE,CATEGORY_SUPPORTED,品目の直接記載は必須とせず、既存mappingを支えるCURRENT公式category ruleから判定。 collector_status=NO_ITEM_MATCH_IN_FETCHED_OFFICIAL_SOURCES
M078,I022,UNRESOLVED,,,,,TRUE,UNRESOLVED,直接記載・公式rule由来mapping・一意な一般則categoryのいずれでも決定できない。 collector_status=NO_ITEM_MATCH_IN_FETCHED_OFFICIAL_SOURCES
M078,I023,UNRESOLVED,,,,,FALSE,UNRESOLVED,直接記載・公式rule由来mapping・一意な一般則categoryのいずれでも決定できない。 collector_status=NO_ITEM_MATCH_IN_FETCHED_OFFICIAL_SOURCES
M078,I024,UNRESOLVED,,,,,FALSE,UNRESOLVED,直接記載・公式rule由来mapping・一意な一般則categoryのいずれでも決定できない。 collector_status=NO_ITEM_MATCH_IN_FETCHED_OFFICIAL_SOURCES
M078,I025,UNRESOLVED,,,,,TRUE,UNRESOLVED,直接記載・公式rule由来mapping・一意な一般則categoryのいずれでも決定できない。 collector_status=NO_ITEM_MATCH_IN_FETCHED_OFFICIAL_SOURCES
M078,I026,UNRESOLVED,,,,,TRUE,UNRESOLVED,直接記載・公式rule由来mapping・一意な一般則categoryのいずれでも決定できない。 collector_status=NO_ITEM_MATCH_IN_FETCHED_OFFICIAL_SOURCES
M078,I027,UNRESOLVED,,,,,TRUE,UNRESOLVED,直接記載・公式rule由来mapping・一意な一般則categoryのいずれでも決定できない。 collector_status=NO_ITEM_MATCH_IN_FETCHED_OFFICIAL_SOURCES
M078,I028,UNRESOLVED,,,,,TRUE,UNRESOLVED,直接記載・公式rule由来mapping・一意な一般則categoryのいずれでも決定できない。 collector_status=NO_ITEM_MATCH_IN_FETCHED_OFFICIAL_SOURCES
M078,I029,UNRESOLVED,,,,,TRUE,UNRESOLVED,直接記載・公式rule由来mapping・一意な一般則categoryのいずれでも決定できない。 collector_status=NO_ITEM_MATCH_IN_FETCHED_OFFICIAL_SOURCES
M078,I030,UNRESOLVED,,,,,TRUE,UNRESOLVED,直接記載・公式rule由来mapping・一意な一般則categoryのいずれでも決定できない。 collector_status=NO_ITEM_MATCH_IN_FETCHED_OFFICIAL_SOURCES
M078,I031,UNRESOLVED,,,,,TRUE,UNRESOLVED,直接記載・公式rule由来mapping・一意な一般則categoryのいずれでも決定できない。 collector_status=NO_ITEM_MATCH_IN_FETCHED_OFFICIAL_SOURCES
M078,I032,UNRESOLVED,,,,,TRUE,UNRESOLVED,直接記載・公式rule由来mapping・一意な一般則categoryのいずれでも決定できない。 collector_status=NO_ITEM_MATCH_IN_FETCHED_OFFICIAL_SOURCES
M078,I033,UNRESOLVED,,,,,TRUE,UNRESOLVED,直接記載・公式rule由来mapping・一意な一般則categoryのいずれでも決定できない。 collector_status=NO_ITEM_MATCH_IN_FETCHED_OFFICIAL_SOURCES
M078,I034,UNRESOLVED,,,,,TRUE,UNRESOLVED,直接記載・公式rule由来mapping・一意な一般則categoryのいずれでも決定できない。 collector_status=NO_ITEM_MATCH_IN_FETCHED_OFFICIAL_SOURCES
M078,I035,UNRESOLVED,,,,,TRUE,UNRESOLVED,直接記載・公式rule由来mapping・一意な一般則categoryのいずれでも決定できない。 collector_status=NO_ITEM_MATCH_IN_FETCHED_OFFICIAL_SOURCES
M078,I036,UNRESOLVED,,,,,TRUE,UNRESOLVED,直接記載・公式rule由来mapping・一意な一般則categoryのいずれでも決定できない。 collector_status=NO_ITEM_MATCH_IN_FETCHED_OFFICIAL_SOURCES
M078,I037,UNRESOLVED,,,,,TRUE,UNRESOLVED,直接記載・公式rule由来mapping・一意な一般則categoryのいずれでも決定できない。 collector_status=NO_ITEM_MATCH_IN_FETCHED_OFFICIAL_SOURCES
M078,I038,UNRESOLVED,,,,,TRUE,UNRESOLVED,直接記載・公式rule由来mapping・一意な一般則categoryのいずれでも決定できない。 collector_status=NO_ITEM_MATCH_IN_FETCHED_OFFICIAL_SOURCES
M078,I039,UNRESOLVED,,,,,TRUE,UNRESOLVED,直接記載・公式rule由来mapping・一意な一般則categoryのいずれでも決定できない。 collector_status=NO_ITEM_MATCH_IN_FETCHED_OFFICIAL_SOURCES
M078,I040,UNRESOLVED,,,,,TRUE,UNRESOLVED,直接記載・公式rule由来mapping・一意な一般則categoryのいずれでも決定できない。 collector_status=NO_ITEM_MATCH_IN_FETCHED_OFFICIAL_SOURCES
M079,I001,OFFICIAL_RULE_DERIVED,C-M079-06,ペットボトル,S-M079-02,ペットボトル,FALSE,CATEGORY_SUPPORTED,品目の直接記載は必須とせず、既存mappingを支えるCURRENT公式category ruleから判定。 collector_status=NO_ITEM_MATCH_IN_FETCHED_OFFICIAL_SOURCES
M079,I002,UNRESOLVED,,,,,TRUE,UNRESOLVED,直接記載・公式rule由来mapping・一意な一般則categoryのいずれでも決定できない。 collector_status=NO_ITEM_MATCH_IN_FETCHED_OFFICIAL_SOURCES
M079,I003,UNRESOLVED,,,,,TRUE,UNRESOLVED,直接記載・公式rule由来mapping・一意な一般則categoryのいずれでも決定できない。 collector_status=NO_ITEM_MATCH_IN_FETCHED_OFFICIAL_SOURCES
M079,I004,OFFICIAL_RULE_DERIVED,C-M079-02,アルミ缶・スチール缶,S-M079-02,アルミ缶・スチール缶,FALSE,CATEGORY_SUPPORTED,品目の直接記載は必須とせず、既存mappingを支えるCURRENT公式category ruleから判定。 collector_status=NO_ITEM_MATCH_IN_FETCHED_OFFICIAL_SOURCES
M079,I005,OFFICIAL_RULE_DERIVED,C-M079-02,アルミ缶・スチール缶,S-M079-02,アルミ缶・スチール缶,FALSE,CATEGORY_SUPPORTED,品目の直接記載は必須とせず、既存mappingを支えるCURRENT公式category ruleから判定。 collector_status=NO_ITEM_MATCH_IN_FETCHED_OFFICIAL_SOURCES
M079,I006,UNRESOLVED,,,,,TRUE,UNRESOLVED,直接記載・公式rule由来mapping・一意な一般則categoryのいずれでも決定できない。 collector_status=NO_ITEM_MATCH_IN_FETCHED_OFFICIAL_SOURCES
M079,I007,UNRESOLVED,,,,,TRUE,UNRESOLVED,直接記載・公式rule由来mapping・一意な一般則categoryのいずれでも決定できない。 collector_status=NO_ITEM_MATCH_IN_FETCHED_OFFICIAL_SOURCES
M079,I008,UNRESOLVED,,,,,TRUE,UNRESOLVED,直接記載・公式rule由来mapping・一意な一般則categoryのいずれでも決定できない。 collector_status=NO_ITEM_MATCH_IN_FETCHED_OFFICIAL_SOURCES
M079,I009,GENERAL_RULE_DERIVED,C-M079-07,プラスチック容器包装類,S-M079-02,プラスチック容器包装類,TRUE,CATEGORY_SUPPORTED_CONDITION_REVIEW_REQUIRED,個別記載・既存mappingなし。一般的な材質/用途ルールと一意のCURRENT公式categoryが一致。 collector_status=NO_ITEM_MATCH_IN_FETCHED_OFFICIAL_SOURCES
M079,I010,GENERAL_RULE_DERIVED,C-M079-07,プラスチック容器包装類,S-M079-02,プラスチック容器包装類,TRUE,CATEGORY_SUPPORTED_CONDITION_REVIEW_REQUIRED,個別記載・既存mappingなし。一般的な材質/用途ルールと一意のCURRENT公式categoryが一致。 collector_status=NO_ITEM_MATCH_IN_FETCHED_OFFICIAL_SOURCES
M079,I011,GENERAL_RULE_DERIVED,C-M079-07,プラスチック容器包装類,S-M079-02,プラスチック容器包装類,TRUE,CATEGORY_SUPPORTED_CONDITION_REVIEW_REQUIRED,個別記載・既存mappingなし。一般的な材質/用途ルールと一意のCURRENT公式categoryが一致。 collector_status=NO_ITEM_MATCH_IN_FETCHED_OFFICIAL_SOURCES
M079,I012,GENERAL_RULE_DERIVED,C-M079-07,プラスチック容器包装類,S-M079-02,プラスチック容器包装類,TRUE,CATEGORY_SUPPORTED_CONDITION_REVIEW_REQUIRED,個別記載・既存mappingなし。一般的な材質/用途ルールと一意のCURRENT公式categoryが一致。 collector_status=NO_ITEM_MATCH_IN_FETCHED_OFFICIAL_SOURCES
M079,I013,UNRESOLVED,,,,,FALSE,UNRESOLVED,直接記載・公式rule由来mapping・一意な一般則categoryのいずれでも決定できない。 collector_status=NO_ITEM_MATCH_IN_FETCHED_OFFICIAL_SOURCES
M079,I014,UNRESOLVED,,,,,FALSE,UNRESOLVED,直接記載・公式rule由来mapping・一意な一般則categoryのいずれでも決定できない。 collector_status=NO_ITEM_MATCH_IN_FETCHED_OFFICIAL_SOURCES
M079,I015,UNRESOLVED,,,,,FALSE,UNRESOLVED,直接記載・公式rule由来mapping・一意な一般則categoryのいずれでも決定できない。 collector_status=NO_ITEM_MATCH_IN_FETCHED_OFFICIAL_SOURCES
M079,I016,UNRESOLVED,,,,,FALSE,UNRESOLVED,直接記載・公式rule由来mapping・一意な一般則categoryのいずれでも決定できない。 collector_status=NO_ITEM_MATCH_IN_FETCHED_OFFICIAL_SOURCES
M079,I017,UNRESOLVED,,,,,TRUE,UNRESOLVED,直接記載・公式rule由来mapping・一意な一般則categoryのいずれでも決定できない。 collector_status=NO_ITEM_MATCH_IN_FETCHED_OFFICIAL_SOURCES
M079,I018,UNRESOLVED,,,,,FALSE,UNRESOLVED,直接記載・公式rule由来mapping・一意な一般則categoryのいずれでも決定できない。 collector_status=NO_ITEM_MATCH_IN_FETCHED_OFFICIAL_SOURCES
M079,I019,GENERAL_RULE_DERIVED,C-M079-01,燃えるごみ類,S-M079-02,燃えるごみ類,FALSE,CATEGORY_SUPPORTED,個別記載・既存mappingなし。一般的な材質/用途ルールと一意のCURRENT公式categoryが一致。 collector_status=NO_ITEM_MATCH_IN_FETCHED_OFFICIAL_SOURCES
M079,I020,GENERAL_RULE_DERIVED,C-M079-01,燃えるごみ類,S-M079-02,燃えるごみ類,FALSE,CATEGORY_SUPPORTED,個別記載・既存mappingなし。一般的な材質/用途ルールと一意のCURRENT公式categoryが一致。 collector_status=NO_ITEM_MATCH_IN_FETCHED_OFFICIAL_SOURCES
M079,I021,OFFICIAL_RULE_DERIVED,C-M079-11,布類,S-M079-02,布類,FALSE,CATEGORY_SUPPORTED,品目の直接記載は必須とせず、既存mappingを支えるCURRENT公式category ruleから判定。 collector_status=NO_ITEM_MATCH_IN_FETCHED_OFFICIAL_SOURCES
M079,I022,UNRESOLVED,,,,,TRUE,UNRESOLVED,直接記載・公式rule由来mapping・一意な一般則categoryのいずれでも決定できない。 collector_status=NO_ITEM_MATCH_IN_FETCHED_OFFICIAL_SOURCES
M079,I023,OFFICIAL_RULE_DERIVED,C-M079-13,ガラス・陶磁器類,S-M079-02,ガラス・陶磁器類,FALSE,CATEGORY_SUPPORTED,品目の直接記載は必須とせず、既存mappingを支えるCURRENT公式category ruleから判定。 collector_status=NO_ITEM_MATCH_IN_FETCHED_OFFICIAL_SOURCES
M079,I024,UNRESOLVED,,,,,FALSE,UNRESOLVED,直接記載・公式rule由来mapping・一意な一般則categoryのいずれでも決定できない。 collector_status=NO_ITEM_MATCH_IN_FETCHED_OFFICIAL_SOURCES
M079,I025,OFFICIAL_RULE_DERIVED,C-M079-13,ガラス・陶磁器類,S-M079-02,ガラス・陶磁器類,TRUE,CATEGORY_SUPPORTED_CONDITION_REVIEW_REQUIRED,品目の直接記載は必須とせず、既存mappingを支えるCURRENT公式category ruleから判定。 collector_status=NO_ITEM_MATCH_IN_FETCHED_OFFICIAL_SOURCES
M079,I026,UNRESOLVED,,,,,TRUE,UNRESOLVED,直接記載・公式rule由来mapping・一意な一般則categoryのいずれでも決定できない。 collector_status=NO_ITEM_MATCH_IN_FETCHED_OFFICIAL_SOURCES
M079,I027,OFFICIAL_RULE_DERIVED,C-M079-10,乾電池,S-M079-02,乾電池,TRUE,CATEGORY_SUPPORTED_CONDITION_REVIEW_REQUIRED,品目の直接記載は必須とせず、既存mappingを支えるCURRENT公式category ruleから判定。 collector_status=NO_ITEM_MATCH_IN_FETCHED_OFFICIAL_SOURCES
M079,I028,UNRESOLVED,,,,,TRUE,UNRESOLVED,直接記載・公式rule由来mapping・一意な一般則categoryのいずれでも決定できない。 collector_status=NO_ITEM_MATCH_IN_FETCHED_OFFICIAL_SOURCES
M079,I029,UNRESOLVED,,,,,TRUE,UNRESOLVED,直接記載・公式rule由来mapping・一意な一般則categoryのいずれでも決定できない。 collector_status=NO_ITEM_MATCH_IN_FETCHED_OFFICIAL_SOURCES
M079,I030,OFFICIAL_RULE_DERIVED,C-M079-14,蛍光管類,S-M079-02,蛍光管類,TRUE,CATEGORY_SUPPORTED_CONDITION_REVIEW_REQUIRED,品目の直接記載は必須とせず、既存mappingを支えるCURRENT公式category ruleから判定。 collector_status=NO_ITEM_MATCH_IN_FETCHED_OFFICIAL_SOURCES
M079,I031,UNRESOLVED,,,,,TRUE,UNRESOLVED,直接記載・公式rule由来mapping・一意な一般則categoryのいずれでも決定できない。 collector_status=NO_ITEM_MATCH_IN_FETCHED_OFFICIAL_SOURCES
M079,I032,UNRESOLVED,,,,,TRUE,UNRESOLVED,直接記載・公式rule由来mapping・一意な一般則categoryのいずれでも決定できない。 collector_status=NO_ITEM_MATCH_IN_FETCHED_OFFICIAL_SOURCES
M079,I033,UNRESOLVED,,,,,TRUE,UNRESOLVED,直接記載・公式rule由来mapping・一意な一般則categoryのいずれでも決定できない。 collector_status=NO_ITEM_MATCH_IN_FETCHED_OFFICIAL_SOURCES
M079,I034,OFFICIAL_RULE_DERIVED,C-M079-09,小型家電,S-M079-02,小型家電,TRUE,CATEGORY_SUPPORTED_CONDITION_REVIEW_REQUIRED,品目の直接記載は必須とせず、既存mappingを支えるCURRENT公式category ruleから判定。 collector_status=NO_ITEM_MATCH_IN_FETCHED_OFFICIAL_SOURCES
M079,I035,UNRESOLVED,,,,,TRUE,UNRESOLVED,直接記載・公式rule由来mapping・一意な一般則categoryのいずれでも決定できない。 collector_status=NO_ITEM_MATCH_IN_FETCHED_OFFICIAL_SOURCES
M079,I036,OFFICIAL_RULE_DERIVED,C-M079-16,粗大ごみ類,S-M079-02,粗大ごみ類,TRUE,CATEGORY_SUPPORTED_CONDITION_REVIEW_REQUIRED,品目の直接記載は必須とせず、既存mappingを支えるCURRENT公式category ruleから判定。 collector_status=NO_ITEM_MATCH_IN_FETCHED_OFFICIAL_SOURCES
M079,I037,UNRESOLVED,,,,,TRUE,UNRESOLVED,既存mappingの全branchをCURRENT公式category ruleで裏付けられないため未解決。 collector_status=NO_ITEM_MATCH_IN_FETCHED_OFFICIAL_SOURCES
M079,I038,UNRESOLVED,,,,,TRUE,UNRESOLVED,直接記載・公式rule由来mapping・一意な一般則categoryのいずれでも決定できない。 collector_status=NO_ITEM_MATCH_IN_FETCHED_OFFICIAL_SOURCES
M079,I039,UNRESOLVED,,,,,TRUE,UNRESOLVED,直接記載・公式rule由来mapping・一意な一般則categoryのいずれでも決定できない。 collector_status=NO_ITEM_MATCH_IN_FETCHED_OFFICIAL_SOURCES
M079,I040,UNRESOLVED,,,,,TRUE,UNRESOLVED,直接記載・公式rule由来mapping・一意な一般則categoryのいずれでも決定できない。 collector_status=NO_ITEM_MATCH_IN_FETCHED_OFFICIAL_SOURCES
M080,I001,DIRECT_ITEM,C-M080-21,ペットボトル,S-M080-02,text-match:ペットボトル + ペットボトル,FALSE,CATEGORY_SUPPORTED,全既存branchで公式資料中の品目表記とcategoryの直接候補あり。 collector_status=ALL_EXISTING_BRANCHES_HAVE_DIRECT_CANDIDATE
M080,I002,UNRESOLVED,,,,,TRUE,UNRESOLVED,直接記載・公式rule由来mapping・一意な一般則categoryのいずれでも決定できない。 collector_status=AMBIGUOUS_CATEGORY_CANDIDATES
M080,I003,UNRESOLVED,,,,,TRUE,UNRESOLVED,直接記載・公式rule由来mapping・一意な一般則categoryのいずれでも決定できない。 collector_status=AMBIGUOUS_CATEGORY_CANDIDATES
M080,I004,UNRESOLVED,,,,,FALSE,UNRESOLVED,直接記載・公式rule由来mapping・一意な一般則categoryのいずれでも決定できない。 collector_status=AMBIGUOUS_CATEGORY_CANDIDATES
M080,I005,UNRESOLVED,,,,,FALSE,UNRESOLVED,直接記載・公式rule由来mapping・一意な一般則categoryのいずれでも決定できない。 collector_status=AMBIGUOUS_CATEGORY_CANDIDATES
M080,I006,OFFICIAL_RULE_DERIVED,C-M080-03|C-M080-04|C-M080-05|C-M080-06,透明びん|茶色びん|その他色びん|生ビン（いきびん）,S-M080-01,透明びん|茶色びん|その他色びん|生ビン（いきびん）,TRUE,CATEGORY_SUPPORTED_CONDITION_REVIEW_REQUIRED,品目の直接記載は必須とせず、既存mappingを支えるCURRENT公式category ruleから判定。 collector_status=NO_ITEM_MATCH_IN_FETCHED_OFFICIAL_SOURCES
M080,I007,OFFICIAL_RULE_DERIVED,C-M080-18,白色トレイ・発泡スチロール,S-M080-01,白色トレイ・発泡スチロール,TRUE,CATEGORY_SUPPORTED_CONDITION_REVIEW_REQUIRED,品目の直接記載は必須とせず、既存mappingを支えるCURRENT公式category ruleから判定。 collector_status=NO_ITEM_MATCH_IN_FETCHED_OFFICIAL_SOURCES
M080,I008,UNRESOLVED,,,,,TRUE,UNRESOLVED,直接記載・公式rule由来mapping・一意な一般則categoryのいずれでも決定できない。 collector_status=NO_ITEM_MATCH_IN_FETCHED_OFFICIAL_SOURCES
M080,I009,GENERAL_RULE_DERIVED,C-M080-19,プラスチック製容器包装類,S-M080-01,プラスチック製容器包装類,TRUE,CATEGORY_SUPPORTED_CONDITION_REVIEW_REQUIRED,個別記載・既存mappingなし。一般的な材質/用途ルールと一意のCURRENT公式categoryが一致。 collector_status=AMBIGUOUS_CATEGORY_CANDIDATES
M080,I010,GENERAL_RULE_DERIVED,C-M080-19,プラスチック製容器包装類,S-M080-01,プラスチック製容器包装類,TRUE,CATEGORY_SUPPORTED_CONDITION_REVIEW_REQUIRED,個別記載・既存mappingなし。一般的な材質/用途ルールと一意のCURRENT公式categoryが一致。 collector_status=NO_ITEM_MATCH_IN_FETCHED_OFFICIAL_SOURCES
M080,I011,GENERAL_RULE_DERIVED,C-M080-19,プラスチック製容器包装類,S-M080-01,プラスチック製容器包装類,TRUE,CATEGORY_SUPPORTED_CONDITION_REVIEW_REQUIRED,個別記載・既存mappingなし。一般的な材質/用途ルールと一意のCURRENT公式categoryが一致。 collector_status=NO_ITEM_MATCH_IN_FETCHED_OFFICIAL_SOURCES
M080,I012,OFFICIAL_RULE_DERIVED,C-M080-18,白色トレイ・発泡スチロール,S-M080-01,白色トレイ・発泡スチロール,TRUE,CATEGORY_SUPPORTED_CONDITION_REVIEW_REQUIRED,品目の直接記載は必須とせず、既存mappingを支えるCURRENT公式category ruleから判定。 collector_status=AMBIGUOUS_CATEGORY_CANDIDATES
M080,I013,UNRESOLVED,,,,,FALSE,UNRESOLVED,直接記載・公式rule由来mapping・一意な一般則categoryのいずれでも決定できない。 collector_status=AMBIGUOUS_CATEGORY_CANDIDATES
M080,I014,UNRESOLVED,,,,,FALSE,UNRESOLVED,直接記載・公式rule由来mapping・一意な一般則categoryのいずれでも決定できない。 collector_status=AMBIGUOUS_CATEGORY_CANDIDATES
M080,I015,UNRESOLVED,,,,,FALSE,UNRESOLVED,直接記載・公式rule由来mapping・一意な一般則categoryのいずれでも決定できない。 collector_status=AMBIGUOUS_CATEGORY_CANDIDATES
M080,I016,UNRESOLVED,,,,,FALSE,UNRESOLVED,直接記載・公式rule由来mapping・一意な一般則categoryのいずれでも決定できない。 collector_status=NO_ITEM_MATCH_IN_FETCHED_OFFICIAL_SOURCES
M080,I017,UNRESOLVED,,,,,TRUE,UNRESOLVED,直接記載・公式rule由来mapping・一意な一般則categoryのいずれでも決定できない。 collector_status=AMBIGUOUS_CATEGORY_CANDIDATES
M080,I018,OFFICIAL_RULE_DERIVED,C-M080-01,燃えるごみ,S-M080-01,燃えるごみ,FALSE,CATEGORY_SUPPORTED,品目の直接記載は必須とせず、既存mappingを支えるCURRENT公式category ruleから判定。 collector_status=AMBIGUOUS_CATEGORY_CANDIDATES
M080,I019,GENERAL_RULE_DERIVED,C-M080-01,燃えるごみ,S-M080-01,燃えるごみ,FALSE,CATEGORY_SUPPORTED,個別記載・既存mappingなし。一般的な材質/用途ルールと一意のCURRENT公式categoryが一致。 collector_status=AMBIGUOUS_CATEGORY_CANDIDATES
M080,I020,OFFICIAL_RULE_DERIVED,C-M080-01,燃えるごみ,S-M080-01,燃えるごみ,FALSE,CATEGORY_SUPPORTED,品目の直接記載は必須とせず、既存mappingを支えるCURRENT公式category ruleから判定。 collector_status=AMBIGUOUS_CATEGORY_CANDIDATES
M080,I021,UNRESOLVED,,,,,FALSE,UNRESOLVED,直接記載・公式rule由来mapping・一意な一般則categoryのいずれでも決定できない。 collector_status=AMBIGUOUS_CATEGORY_CANDIDATES
M080,I022,UNRESOLVED,,,,,TRUE,UNRESOLVED,直接記載・公式rule由来mapping・一意な一般則categoryのいずれでも決定できない。 collector_status=NO_ITEM_MATCH_IN_FETCHED_OFFICIAL_SOURCES
M080,I023,UNRESOLVED,,,,,FALSE,UNRESOLVED,直接記載・公式rule由来mapping・一意な一般則categoryのいずれでも決定できない。 collector_status=AMBIGUOUS_CATEGORY_CANDIDATES
M080,I024,UNRESOLVED,,,,,FALSE,UNRESOLVED,直接記載・公式rule由来mapping・一意な一般則categoryのいずれでも決定できない。 collector_status=NO_ITEM_MATCH_IN_FETCHED_OFFICIAL_SOURCES
M080,I025,OFFICIAL_RULE_DERIVED,C-M080-08,ガラス類,S-M080-01,ガラス類,TRUE,CATEGORY_SUPPORTED_CONDITION_REVIEW_REQUIRED,品目の直接記載は必須とせず、既存mappingを支えるCURRENT公式category ruleから判定。 collector_status=NO_ITEM_MATCH_IN_FETCHED_OFFICIAL_SOURCES
M080,I026,OFFICIAL_RULE_DERIVED,C-M080-16,刃物・突鋭物など,S-M080-01,刃物・突鋭物など,TRUE,CATEGORY_SUPPORTED_CONDITION_REVIEW_REQUIRED,品目の直接記載は必須とせず、既存mappingを支えるCURRENT公式category ruleから判定。 collector_status=AMBIGUOUS_CATEGORY_CANDIDATES
M080,I027,DIRECT_ITEM,C-M080-13,乾電池類,S-M080-02,text-match:乾電池 + 乾電池類,TRUE,CATEGORY_SUPPORTED_CONDITION_REVIEW_REQUIRED,全既存branchで公式資料中の品目表記とcategoryの直接候補あり。 collector_status=ALL_EXISTING_BRANCHES_HAVE_DIRECT_CANDIDATE
M080,I028,UNRESOLVED,,,,,TRUE,UNRESOLVED,直接記載・公式rule由来mapping・一意な一般則categoryのいずれでも決定できない。 collector_status=NO_ITEM_MATCH_IN_FETCHED_OFFICIAL_SOURCES
M080,I029,UNRESOLVED,,,,,TRUE,UNRESOLVED,直接記載・公式rule由来mapping・一意な一般則categoryのいずれでも決定できない。 collector_status=NO_ITEM_MATCH_IN_FETCHED_OFFICIAL_SOURCES
M080,I030,DIRECT_ITEM,C-M080-07,蛍光灯類,S-M080-02,text-match:蛍光灯 + 蛍光灯類,TRUE,CATEGORY_SUPPORTED_CONDITION_REVIEW_REQUIRED,全既存branchで公式資料中の品目表記とcategoryの直接候補あり。 collector_status=ALL_EXISTING_BRANCHES_HAVE_DIRECT_CANDIDATE
M080,I031,DIRECT_ITEM,C-M080-09,陶器類,S-M080-02,text-match:電球 + 陶器類,TRUE,CATEGORY_SUPPORTED_CONDITION_REVIEW_REQUIRED,全既存branchで公式資料中の品目表記とcategoryの直接候補あり。 collector_status=ALL_EXISTING_BRANCHES_HAVE_DIRECT_CANDIDATE
M080,I032,DIRECT_ITEM,C-M080-15,スプレー缶,S-M080-02,text-match:スプレー缶 + スプレー缶,TRUE,CATEGORY_SUPPORTED_CONDITION_REVIEW_REQUIRED,全既存branchで公式資料中の品目表記とcategoryの直接候補あり。 collector_status=ALL_EXISTING_BRANCHES_HAVE_DIRECT_CANDIDATE
M080,I033,DIRECT_ITEM,C-M080-13,乾電池類,S-M080-02,text-match:ライター + 乾電池類,TRUE,CATEGORY_SUPPORTED_CONDITION_REVIEW_REQUIRED,全既存branchで公式資料中の品目表記とcategoryの直接候補あり。 collector_status=ALL_EXISTING_BRANCHES_HAVE_DIRECT_CANDIDATE
M080,I034,UNRESOLVED,,,,,TRUE,UNRESOLVED,直接記載・公式rule由来mapping・一意な一般則categoryのいずれでも決定できない。 collector_status=AMBIGUOUS_CATEGORY_CANDIDATES
M080,I035,UNRESOLVED,,,,,TRUE,UNRESOLVED,直接記載・公式rule由来mapping・一意な一般則categoryのいずれでも決定できない。 collector_status=NO_ITEM_MATCH_IN_FETCHED_OFFICIAL_SOURCES
M080,I036,OFFICIAL_RULE_DERIVED,C-M080-23,粗大ごみ（直接搬入のみ）,S-M080-01,粗大ごみ（直接搬入のみ）,TRUE,CATEGORY_SUPPORTED_CONDITION_REVIEW_REQUIRED,品目の直接記載は必須とせず、既存mappingを支えるCURRENT公式category ruleから判定。 collector_status=AMBIGUOUS_CATEGORY_CANDIDATES
M080,I037,UNRESOLVED,,,,,TRUE,UNRESOLVED,既存mappingの全branchをCURRENT公式category ruleで裏付けられないため未解決。 collector_status=NO_ITEM_MATCH_IN_FETCHED_OFFICIAL_SOURCES
M080,I038,UNRESOLVED,,,,,TRUE,UNRESOLVED,直接記載・公式rule由来mapping・一意な一般則categoryのいずれでも決定できない。 collector_status=AMBIGUOUS_CATEGORY_CANDIDATES
M080,I039,UNRESOLVED,,,,,TRUE,UNRESOLVED,直接記載・公式rule由来mapping・一意な一般則categoryのいずれでも決定できない。 collector_status=AMBIGUOUS_CATEGORY_CANDIDATES
M080,I040,UNRESOLVED,,,,,TRUE,UNRESOLVED,直接記載・公式rule由来mapping・一意な一般則categoryのいずれでも決定できない。 collector_status=AMBIGUOUS_CATEGORY_CANDIDATES
M081,I001,OFFICIAL_RULE_DERIVED,C-M081-07,ペットボトル,S-M081-02,ペットボトル,FALSE,CATEGORY_SUPPORTED,品目の直接記載は必須とせず、既存mappingを支えるCURRENT公式category ruleから判定。 collector_status=NO_ITEM_MATCH_IN_FETCHED_OFFICIAL_SOURCES
M081,I002,UNRESOLVED,,,,,TRUE,UNRESOLVED,直接記載・公式rule由来mapping・一意な一般則categoryのいずれでも決定できない。 collector_status=NO_ITEM_MATCH_IN_FETCHED_OFFICIAL_SOURCES
M081,I003,UNRESOLVED,,,,,TRUE,UNRESOLVED,直接記載・公式rule由来mapping・一意な一般則categoryのいずれでも決定できない。 collector_status=NO_ITEM_MATCH_IN_FETCHED_OFFICIAL_SOURCES
M081,I004,UNRESOLVED,,,,,FALSE,UNRESOLVED,直接記載・公式rule由来mapping・一意な一般則categoryのいずれでも決定できない。 collector_status=NO_ITEM_MATCH_IN_FETCHED_OFFICIAL_SOURCES
M081,I005,UNRESOLVED,,,,,FALSE,UNRESOLVED,直接記載・公式rule由来mapping・一意な一般則categoryのいずれでも決定できない。 collector_status=NO_ITEM_MATCH_IN_FETCHED_OFFICIAL_SOURCES
M081,I006,OFFICIAL_RULE_DERIVED,C-M081-06,びん,S-M081-02,びん,TRUE,CATEGORY_SUPPORTED_CONDITION_REVIEW_REQUIRED,品目の直接記載は必須とせず、既存mappingを支えるCURRENT公式category ruleから判定。 collector_status=NO_ITEM_MATCH_IN_FETCHED_OFFICIAL_SOURCES
M081,I007,UNRESOLVED,,,,,TRUE,UNRESOLVED,直接記載・公式rule由来mapping・一意な一般則categoryのいずれでも決定できない。 collector_status=NO_ITEM_MATCH_IN_FETCHED_OFFICIAL_SOURCES
M081,I008,UNRESOLVED,,,,,TRUE,UNRESOLVED,直接記載・公式rule由来mapping・一意な一般則categoryのいずれでも決定できない。 collector_status=NO_ITEM_MATCH_IN_FETCHED_OFFICIAL_SOURCES
M081,I009,GENERAL_RULE_DERIVED,C-M081-08,プラスチック製容器包装,S-M081-02,プラスチック製容器包装,TRUE,CATEGORY_SUPPORTED_CONDITION_REVIEW_REQUIRED,個別記載・既存mappingなし。一般的な材質/用途ルールと一意のCURRENT公式categoryが一致。 collector_status=NO_ITEM_MATCH_IN_FETCHED_OFFICIAL_SOURCES
M081,I010,GENERAL_RULE_DERIVED,C-M081-08,プラスチック製容器包装,S-M081-02,プラスチック製容器包装,TRUE,CATEGORY_SUPPORTED_CONDITION_REVIEW_REQUIRED,個別記載・既存mappingなし。一般的な材質/用途ルールと一意のCURRENT公式categoryが一致。 collector_status=NO_ITEM_MATCH_IN_FETCHED_OFFICIAL_SOURCES
M081,I011,GENERAL_RULE_DERIVED,C-M081-08,プラスチック製容器包装,S-M081-02,プラスチック製容器包装,TRUE,CATEGORY_SUPPORTED_CONDITION_REVIEW_REQUIRED,個別記載・既存mappingなし。一般的な材質/用途ルールと一意のCURRENT公式categoryが一致。 collector_status=NO_ITEM_MATCH_IN_FETCHED_OFFICIAL_SOURCES
M081,I012,GENERAL_RULE_DERIVED,C-M081-08,プラスチック製容器包装,S-M081-02,プラスチック製容器包装,TRUE,CATEGORY_SUPPORTED_CONDITION_REVIEW_REQUIRED,個別記載・既存mappingなし。一般的な材質/用途ルールと一意のCURRENT公式categoryが一致。 collector_status=NO_ITEM_MATCH_IN_FETCHED_OFFICIAL_SOURCES
M081,I013,OFFICIAL_RULE_DERIVED,C-M081-10,新聞紙、折り込み広告,S-M081-02,新聞紙、折り込み広告,FALSE,CATEGORY_SUPPORTED,品目の直接記載は必須とせず、既存mappingを支えるCURRENT公式category ruleから判定。 collector_status=NO_ITEM_MATCH_IN_FETCHED_OFFICIAL_SOURCES
M081,I014,OFFICIAL_RULE_DERIVED,C-M081-12,ダンボール,S-M081-02,ダンボール,FALSE,CATEGORY_SUPPORTED,品目の直接記載は必須とせず、既存mappingを支えるCURRENT公式category ruleから判定。 collector_status=NO_ITEM_MATCH_IN_FETCHED_OFFICIAL_SOURCES
M081,I015,OFFICIAL_RULE_DERIVED,C-M081-11,雑誌、本、雑紙,S-M081-02,雑誌、本、雑紙,FALSE,CATEGORY_SUPPORTED,品目の直接記載は必須とせず、既存mappingを支えるCURRENT公式category ruleから判定。 collector_status=NO_ITEM_MATCH_IN_FETCHED_OFFICIAL_SOURCES
M081,I016,OFFICIAL_RULE_DERIVED,C-M081-11,雑誌、本、雑紙,S-M081-02,雑誌、本、雑紙,FALSE,CATEGORY_SUPPORTED,品目の直接記載は必須とせず、既存mappingを支えるCURRENT公式category ruleから判定。 collector_status=NO_ITEM_MATCH_IN_FETCHED_OFFICIAL_SOURCES
M081,I017,OFFICIAL_RULE_DERIVED,C-M081-13,紙パック,S-M081-02,紙パック,TRUE,CATEGORY_SUPPORTED_CONDITION_REVIEW_REQUIRED,品目の直接記載は必須とせず、既存mappingを支えるCURRENT公式category ruleから判定。 collector_status=NO_ITEM_MATCH_IN_FETCHED_OFFICIAL_SOURCES
M081,I018,OFFICIAL_RULE_DERIVED,C-M081-01,もえるごみ,S-M081-02,もえるごみ,TRUE,CATEGORY_SUPPORTED_CONDITION_REVIEW_REQUIRED,品目の直接記載は必須とせず、既存mappingを支えるCURRENT公式category ruleから判定。 collector_status=NO_ITEM_MATCH_IN_FETCHED_OFFICIAL_SOURCES
M081,I019,GENERAL_RULE_DERIVED,C-M081-01,もえるごみ,S-M081-02,もえるごみ,TRUE,CATEGORY_SUPPORTED_CONDITION_REVIEW_REQUIRED,個別記載・既存mappingなし。一般的な材質/用途ルールと一意のCURRENT公式categoryが一致。 collector_status=NO_ITEM_MATCH_IN_FETCHED_OFFICIAL_SOURCES
M081,I020,GENERAL_RULE_DERIVED,C-M081-01,もえるごみ,S-M081-02,もえるごみ,TRUE,CATEGORY_SUPPORTED_CONDITION_REVIEW_REQUIRED,個別記載・既存mappingなし。一般的な材質/用途ルールと一意のCURRENT公式categoryが一致。 collector_status=NO_ITEM_MATCH_IN_FETCHED_OFFICIAL_SOURCES
M081,I021,OFFICIAL_RULE_DERIVED,C-M081-14,布類,S-M081-02,布類,FALSE,CATEGORY_SUPPORTED,品目の直接記載は必須とせず、既存mappingを支えるCURRENT公式category ruleから判定。 collector_status=NO_ITEM_MATCH_IN_FETCHED_OFFICIAL_SOURCES
M081,I022,UNRESOLVED,,,,,TRUE,UNRESOLVED,直接記載・公式rule由来mapping・一意な一般則categoryのいずれでも決定できない。 collector_status=NO_ITEM_MATCH_IN_FETCHED_OFFICIAL_SOURCES
M081,I023,UNRESOLVED,,,,,FALSE,UNRESOLVED,一般則候補categoryが複数(2)のため自動決定しない。 collector_status=NO_ITEM_MATCH_IN_FETCHED_OFFICIAL_SOURCES
M081,I024,UNRESOLVED,,,,,FALSE,UNRESOLVED,一般則候補categoryが複数(2)のため自動決定しない。 collector_status=NO_ITEM_MATCH_IN_FETCHED_OFFICIAL_SOURCES
M081,I025,UNRESOLVED,,,,,TRUE,UNRESOLVED,直接記載・公式rule由来mapping・一意な一般則categoryのいずれでも決定できない。 collector_status=NO_ITEM_MATCH_IN_FETCHED_OFFICIAL_SOURCES
M081,I026,UNRESOLVED,,,,,TRUE,UNRESOLVED,直接記載・公式rule由来mapping・一意な一般則categoryのいずれでも決定できない。 collector_status=NO_ITEM_MATCH_IN_FETCHED_OFFICIAL_SOURCES
M081,I027,OFFICIAL_RULE_DERIVED,C-M081-15,乾電池,S-M081-02,乾電池,TRUE,CATEGORY_SUPPORTED_CONDITION_REVIEW_REQUIRED,品目の直接記載は必須とせず、既存mappingを支えるCURRENT公式category ruleから判定。 collector_status=NO_ITEM_MATCH_IN_FETCHED_OFFICIAL_SOURCES
M081,I028,UNRESOLVED,,,,,TRUE,UNRESOLVED,直接記載・公式rule由来mapping・一意な一般則categoryのいずれでも決定できない。 collector_status=NO_ITEM_MATCH_IN_FETCHED_OFFICIAL_SOURCES
M081,I029,UNRESOLVED,,,,,TRUE,UNRESOLVED,直接記載・公式rule由来mapping・一意な一般則categoryのいずれでも決定できない。 collector_status=NO_ITEM_MATCH_IN_FETCHED_OFFICIAL_SOURCES
M081,I030,UNRESOLVED,,,,,TRUE,UNRESOLVED,直接記載・公式rule由来mapping・一意な一般則categoryのいずれでも決定できない。 collector_status=NO_ITEM_MATCH_IN_FETCHED_OFFICIAL_SOURCES
M081,I031,UNRESOLVED,,,,,TRUE,UNRESOLVED,直接記載・公式rule由来mapping・一意な一般則categoryのいずれでも決定できない。 collector_status=NO_ITEM_MATCH_IN_FETCHED_OFFICIAL_SOURCES
M081,I032,UNRESOLVED,,,,,TRUE,UNRESOLVED,直接記載・公式rule由来mapping・一意な一般則categoryのいずれでも決定できない。 collector_status=NO_ITEM_MATCH_IN_FETCHED_OFFICIAL_SOURCES
M081,I033,UNRESOLVED,,,,,TRUE,UNRESOLVED,直接記載・公式rule由来mapping・一意な一般則categoryのいずれでも決定できない。 collector_status=NO_ITEM_MATCH_IN_FETCHED_OFFICIAL_SOURCES
M081,I034,UNRESOLVED,,,,,TRUE,UNRESOLVED,直接記載・公式rule由来mapping・一意な一般則categoryのいずれでも決定できない。 collector_status=NO_ITEM_MATCH_IN_FETCHED_OFFICIAL_SOURCES
M081,I035,UNRESOLVED,,,,,TRUE,UNRESOLVED,直接記載・公式rule由来mapping・一意な一般則categoryのいずれでも決定できない。 collector_status=NO_ITEM_MATCH_IN_FETCHED_OFFICIAL_SOURCES
M081,I036,UNRESOLVED,,,,,TRUE,UNRESOLVED,直接記載・公式rule由来mapping・一意な一般則categoryのいずれでも決定できない。 collector_status=NO_ITEM_MATCH_IN_FETCHED_OFFICIAL_SOURCES
M081,I037,UNRESOLVED,,,,,TRUE,UNRESOLVED,既存mappingの全branchをCURRENT公式category ruleで裏付けられないため未解決。 collector_status=NO_ITEM_MATCH_IN_FETCHED_OFFICIAL_SOURCES
M081,I038,UNRESOLVED,,,,,TRUE,UNRESOLVED,直接記載・公式rule由来mapping・一意な一般則categoryのいずれでも決定できない。 collector_status=NO_ITEM_MATCH_IN_FETCHED_OFFICIAL_SOURCES
M081,I039,UNRESOLVED,,,,,TRUE,UNRESOLVED,直接記載・公式rule由来mapping・一意な一般則categoryのいずれでも決定できない。 collector_status=NO_ITEM_MATCH_IN_FETCHED_OFFICIAL_SOURCES
M081,I040,UNRESOLVED,,,,,TRUE,UNRESOLVED,直接記載・公式rule由来mapping・一意な一般則categoryのいずれでも決定できない。 collector_status=NO_ITEM_MATCH_IN_FETCHED_OFFICIAL_SOURCES
M082,I001,OFFICIAL_RULE_DERIVED,C-M082-06,ペットボトル,S-M082-02,ペットボトル,FALSE,CATEGORY_SUPPORTED,品目の直接記載は必須とせず、既存mappingを支えるCURRENT公式category ruleから判定。 collector_status=NO_ITEM_MATCH_IN_FETCHED_OFFICIAL_SOURCES
M082,I002,UNRESOLVED,,,,,TRUE,UNRESOLVED,直接記載・公式rule由来mapping・一意な一般則categoryのいずれでも決定できない。 collector_status=NO_ITEM_MATCH_IN_FETCHED_OFFICIAL_SOURCES
M082,I003,UNRESOLVED,,,,,TRUE,UNRESOLVED,直接記載・公式rule由来mapping・一意な一般則categoryのいずれでも決定できない。 collector_status=NO_ITEM_MATCH_IN_FETCHED_OFFICIAL_SOURCES
M082,I004,UNRESOLVED,,,,,FALSE,UNRESOLVED,直接記載・公式rule由来mapping・一意な一般則categoryのいずれでも決定できない。 collector_status=NO_ITEM_MATCH_IN_FETCHED_OFFICIAL_SOURCES
M082,I005,UNRESOLVED,,,,,FALSE,UNRESOLVED,直接記載・公式rule由来mapping・一意な一般則categoryのいずれでも決定できない。 collector_status=NO_ITEM_MATCH_IN_FETCHED_OFFICIAL_SOURCES
M082,I006,OFFICIAL_RULE_DERIVED,C-M082-08,びん類,S-M082-02,びん類,TRUE,CATEGORY_SUPPORTED_CONDITION_REVIEW_REQUIRED,品目の直接記載は必須とせず、既存mappingを支えるCURRENT公式category ruleから判定。 collector_status=NO_ITEM_MATCH_IN_FETCHED_OFFICIAL_SOURCES
M082,I007,OFFICIAL_RULE_DERIVED,C-M082-07,白色トレイ,S-M082-02,白色トレイ,TRUE,CATEGORY_SUPPORTED_CONDITION_REVIEW_REQUIRED,品目の直接記載は必須とせず、既存mappingを支えるCURRENT公式category ruleから判定。 collector_status=NO_ITEM_MATCH_IN_FETCHED_OFFICIAL_SOURCES
M082,I008,UNRESOLVED,,,,,TRUE,UNRESOLVED,直接記載・公式rule由来mapping・一意な一般則categoryのいずれでも決定できない。 collector_status=NO_ITEM_MATCH_IN_FETCHED_OFFICIAL_SOURCES
M082,I009,UNRESOLVED,,,,,TRUE,UNRESOLVED,直接記載・公式rule由来mapping・一意な一般則categoryのいずれでも決定できない。 collector_status=NO_ITEM_MATCH_IN_FETCHED_OFFICIAL_SOURCES
M082,I010,UNRESOLVED,,,,,TRUE,UNRESOLVED,直接記載・公式rule由来mapping・一意な一般則categoryのいずれでも決定できない。 collector_status=NO_ITEM_MATCH_IN_FETCHED_OFFICIAL_SOURCES
M082,I011,UNRESOLVED,,,,,TRUE,UNRESOLVED,直接記載・公式rule由来mapping・一意な一般則categoryのいずれでも決定できない。 collector_status=NO_ITEM_MATCH_IN_FETCHED_OFFICIAL_SOURCES
M082,I012,UNRESOLVED,,,,,TRUE,UNRESOLVED,直接記載・公式rule由来mapping・一意な一般則categoryのいずれでも決定できない。 collector_status=NO_ITEM_MATCH_IN_FETCHED_OFFICIAL_SOURCES
M082,I013,UNRESOLVED,,,,,FALSE,UNRESOLVED,直接記載・公式rule由来mapping・一意な一般則categoryのいずれでも決定できない。 collector_status=NO_ITEM_MATCH_IN_FETCHED_OFFICIAL_SOURCES
M082,I014,UNRESOLVED,,,,,FALSE,UNRESOLVED,直接記載・公式rule由来mapping・一意な一般則categoryのいずれでも決定できない。 collector_status=NO_ITEM_MATCH_IN_FETCHED_OFFICIAL_SOURCES
M082,I015,UNRESOLVED,,,,,FALSE,UNRESOLVED,直接記載・公式rule由来mapping・一意な一般則categoryのいずれでも決定できない。 collector_status=NO_ITEM_MATCH_IN_FETCHED_OFFICIAL_SOURCES
M082,I016,UNRESOLVED,,,,,FALSE,UNRESOLVED,直接記載・公式rule由来mapping・一意な一般則categoryのいずれでも決定できない。 collector_status=NO_ITEM_MATCH_IN_FETCHED_OFFICIAL_SOURCES
M082,I017,UNRESOLVED,,,,,TRUE,UNRESOLVED,直接記載・公式rule由来mapping・一意な一般則categoryのいずれでも決定できない。 collector_status=NO_ITEM_MATCH_IN_FETCHED_OFFICIAL_SOURCES
M082,I018,OFFICIAL_RULE_DERIVED,C-M082-03,生ごみ,S-M082-02,生ごみ,FALSE,CATEGORY_SUPPORTED,品目の直接記載は必須とせず、既存mappingを支えるCURRENT公式category ruleから判定。 collector_status=NO_ITEM_MATCH_IN_FETCHED_OFFICIAL_SOURCES
M082,I019,GENERAL_RULE_DERIVED,C-M082-02,可燃ごみ,S-M082-02,可燃ごみ,TRUE,CATEGORY_SUPPORTED_CONDITION_REVIEW_REQUIRED,個別記載・既存mappingなし。一般的な材質/用途ルールと一意のCURRENT公式categoryが一致。 collector_status=NO_ITEM_MATCH_IN_FETCHED_OFFICIAL_SOURCES
M082,I020,GENERAL_RULE_DERIVED,C-M082-02,可燃ごみ,S-M082-02,可燃ごみ,TRUE,CATEGORY_SUPPORTED_CONDITION_REVIEW_REQUIRED,個別記載・既存mappingなし。一般的な材質/用途ルールと一意のCURRENT公式categoryが一致。 collector_status=NO_ITEM_MATCH_IN_FETCHED_OFFICIAL_SOURCES
M082,I021,OFFICIAL_RULE_DERIVED,C-M082-11,布類,S-M082-02,布類,FALSE,CATEGORY_SUPPORTED,品目の直接記載は必須とせず、既存mappingを支えるCURRENT公式category ruleから判定。 collector_status=NO_ITEM_MATCH_IN_FETCHED_OFFICIAL_SOURCES
M082,I022,UNRESOLVED,,,,,TRUE,UNRESOLVED,直接記載・公式rule由来mapping・一意な一般則categoryのいずれでも決定できない。 collector_status=NO_ITEM_MATCH_IN_FETCHED_OFFICIAL_SOURCES
M082,I023,UNRESOLVED,,,,,FALSE,UNRESOLVED,直接記載・公式rule由来mapping・一意な一般則categoryのいずれでも決定できない。 collector_status=NO_ITEM_MATCH_IN_FETCHED_OFFICIAL_SOURCES
M082,I024,UNRESOLVED,,,,,FALSE,UNRESOLVED,直接記載・公式rule由来mapping・一意な一般則categoryのいずれでも決定できない。 collector_status=NO_ITEM_MATCH_IN_FETCHED_OFFICIAL_SOURCES
M082,I025,UNRESOLVED,,,,,TRUE,UNRESOLVED,直接記載・公式rule由来mapping・一意な一般則categoryのいずれでも決定できない。 collector_status=NO_ITEM_MATCH_IN_FETCHED_OFFICIAL_SOURCES
M082,I026,OFFICIAL_RULE_DERIVED,C-M082-09,危険物等,S-M082-02,危険物等,TRUE,CATEGORY_SUPPORTED_CONDITION_REVIEW_REQUIRED,品目の直接記載は必須とせず、既存mappingを支えるCURRENT公式category ruleから判定。 collector_status=NO_ITEM_MATCH_IN_FETCHED_OFFICIAL_SOURCES
M082,I027,OFFICIAL_RULE_DERIVED,C-M082-09,危険物等,S-M082-02,危険物等,TRUE,CATEGORY_SUPPORTED_CONDITION_REVIEW_REQUIRED,品目の直接記載は必須とせず、既存mappingを支えるCURRENT公式category ruleから判定。 collector_status=NO_ITEM_MATCH_IN_FETCHED_OFFICIAL_SOURCES
M082,I028,UNRESOLVED,,,,,TRUE,UNRESOLVED,直接記載・公式rule由来mapping・一意な一般則categoryのいずれでも決定できない。 collector_status=NO_ITEM_MATCH_IN_FETCHED_OFFICIAL_SOURCES
M082,I029,UNRESOLVED,,,,,TRUE,UNRESOLVED,直接記載・公式rule由来mapping・一意な一般則categoryのいずれでも決定できない。 collector_status=NO_ITEM_MATCH_IN_FETCHED_OFFICIAL_SOURCES
M082,I030,UNRESOLVED,,,,,TRUE,UNRESOLVED,直接記載・公式rule由来mapping・一意な一般則categoryのいずれでも決定できない。 collector_status=NO_ITEM_MATCH_IN_FETCHED_OFFICIAL_SOURCES
M082,I031,UNRESOLVED,,,,,TRUE,UNRESOLVED,直接記載・公式rule由来mapping・一意な一般則categoryのいずれでも決定できない。 collector_status=NO_ITEM_MATCH_IN_FETCHED_OFFICIAL_SOURCES
M082,I032,OFFICIAL_RULE_DERIVED,C-M082-09,危険物等,S-M082-02,危険物等,TRUE,CATEGORY_SUPPORTED_CONDITION_REVIEW_REQUIRED,品目の直接記載は必須とせず、既存mappingを支えるCURRENT公式category ruleから判定。 collector_status=NO_ITEM_MATCH_IN_FETCHED_OFFICIAL_SOURCES
M082,I033,OFFICIAL_RULE_DERIVED,C-M082-09,危険物等,S-M082-02,危険物等,TRUE,CATEGORY_SUPPORTED_CONDITION_REVIEW_REQUIRED,品目の直接記載は必須とせず、既存mappingを支えるCURRENT公式category ruleから判定。 collector_status=NO_ITEM_MATCH_IN_FETCHED_OFFICIAL_SOURCES
M082,I034,UNRESOLVED,,,,,TRUE,UNRESOLVED,直接記載・公式rule由来mapping・一意な一般則categoryのいずれでも決定できない。 collector_status=NO_ITEM_MATCH_IN_FETCHED_OFFICIAL_SOURCES
M082,I035,UNRESOLVED,,,,,TRUE,UNRESOLVED,直接記載・公式rule由来mapping・一意な一般則categoryのいずれでも決定できない。 collector_status=NO_ITEM_MATCH_IN_FETCHED_OFFICIAL_SOURCES
M082,I036,UNRESOLVED,,,,,TRUE,UNRESOLVED,直接記載・公式rule由来mapping・一意な一般則categoryのいずれでも決定できない。 collector_status=NO_ITEM_MATCH_IN_FETCHED_OFFICIAL_SOURCES
M082,I037,UNRESOLVED,,,,,TRUE,UNRESOLVED,既存mappingの全branchをCURRENT公式category ruleで裏付けられないため未解決。 collector_status=NO_ITEM_MATCH_IN_FETCHED_OFFICIAL_SOURCES
M082,I038,UNRESOLVED,,,,,TRUE,UNRESOLVED,直接記載・公式rule由来mapping・一意な一般則categoryのいずれでも決定できない。 collector_status=NO_ITEM_MATCH_IN_FETCHED_OFFICIAL_SOURCES
M082,I039,UNRESOLVED,,,,,TRUE,UNRESOLVED,直接記載・公式rule由来mapping・一意な一般則categoryのいずれでも決定できない。 collector_status=NO_ITEM_MATCH_IN_FETCHED_OFFICIAL_SOURCES
M082,I040,UNRESOLVED,,,,,TRUE,UNRESOLVED,直接記載・公式rule由来mapping・一意な一般則categoryのいずれでも決定できない。 collector_status=NO_ITEM_MATCH_IN_FETCHED_OFFICIAL_SOURCES
M083,I001,OFFICIAL_RULE_DERIVED,C-M083-06,資源ごみ（布類・ペットボトル）,S-M083-02,資源ごみ（布類・ペットボトル）,FALSE,CATEGORY_SUPPORTED,品目の直接記載は必須とせず、既存mappingを支えるCURRENT公式category ruleから判定。 collector_status=NO_ITEM_MATCH_IN_FETCHED_OFFICIAL_SOURCES
M083,I002,UNRESOLVED,,,,,TRUE,UNRESOLVED,直接記載・公式rule由来mapping・一意な一般則categoryのいずれでも決定できない。 collector_status=NO_ITEM_MATCH_IN_FETCHED_OFFICIAL_SOURCES
M083,I003,UNRESOLVED,,,,,TRUE,UNRESOLVED,直接記載・公式rule由来mapping・一意な一般則categoryのいずれでも決定できない。 collector_status=NO_ITEM_MATCH_IN_FETCHED_OFFICIAL_SOURCES
M083,I004,OFFICIAL_RULE_DERIVED,C-M083-04,資源ごみ（金属類）,S-M083-02,資源ごみ（金属類）,FALSE,CATEGORY_SUPPORTED,品目の直接記載は必須とせず、既存mappingを支えるCURRENT公式category ruleから判定。 collector_status=NO_ITEM_MATCH_IN_FETCHED_OFFICIAL_SOURCES
M083,I005,OFFICIAL_RULE_DERIVED,C-M083-04,資源ごみ（金属類）,S-M083-02,資源ごみ（金属類）,FALSE,CATEGORY_SUPPORTED,品目の直接記載は必須とせず、既存mappingを支えるCURRENT公式category ruleから判定。 collector_status=NO_ITEM_MATCH_IN_FETCHED_OFFICIAL_SOURCES
M083,I006,OFFICIAL_RULE_DERIVED,C-M083-05,資源ごみ（びん・廃乾電池・蛍光管等水銀入り廃製品）,S-M083-02,資源ごみ（びん・廃乾電池・蛍光管等水銀入り廃製品）,TRUE,CATEGORY_SUPPORTED_CONDITION_REVIEW_REQUIRED,品目の直接記載は必須とせず、既存mappingを支えるCURRENT公式category ruleから判定。 collector_status=NO_ITEM_MATCH_IN_FETCHED_OFFICIAL_SOURCES
M083,I007,UNRESOLVED,,,,,TRUE,UNRESOLVED,直接記載・公式rule由来mapping・一意な一般則categoryのいずれでも決定できない。 collector_status=NO_ITEM_MATCH_IN_FETCHED_OFFICIAL_SOURCES
M083,I008,UNRESOLVED,,,,,TRUE,UNRESOLVED,直接記載・公式rule由来mapping・一意な一般則categoryのいずれでも決定できない。 collector_status=NO_ITEM_MATCH_IN_FETCHED_OFFICIAL_SOURCES
M083,I009,UNRESOLVED,,,,,TRUE,UNRESOLVED,直接記載・公式rule由来mapping・一意な一般則categoryのいずれでも決定できない。 collector_status=NO_ITEM_MATCH_IN_FETCHED_OFFICIAL_SOURCES
M083,I010,UNRESOLVED,,,,,TRUE,UNRESOLVED,直接記載・公式rule由来mapping・一意な一般則categoryのいずれでも決定できない。 collector_status=NO_ITEM_MATCH_IN_FETCHED_OFFICIAL_SOURCES
M083,I011,UNRESOLVED,,,,,TRUE,UNRESOLVED,直接記載・公式rule由来mapping・一意な一般則categoryのいずれでも決定できない。 collector_status=NO_ITEM_MATCH_IN_FETCHED_OFFICIAL_SOURCES
M083,I012,UNRESOLVED,,,,,TRUE,UNRESOLVED,直接記載・公式rule由来mapping・一意な一般則categoryのいずれでも決定できない。 collector_status=NO_ITEM_MATCH_IN_FETCHED_OFFICIAL_SOURCES
M083,I013,UNRESOLVED,,,,,FALSE,UNRESOLVED,直接記載・公式rule由来mapping・一意な一般則categoryのいずれでも決定できない。 collector_status=NO_ITEM_MATCH_IN_FETCHED_OFFICIAL_SOURCES
M083,I014,UNRESOLVED,,,,,FALSE,UNRESOLVED,直接記載・公式rule由来mapping・一意な一般則categoryのいずれでも決定できない。 collector_status=NO_ITEM_MATCH_IN_FETCHED_OFFICIAL_SOURCES
M083,I015,UNRESOLVED,,,,,FALSE,UNRESOLVED,直接記載・公式rule由来mapping・一意な一般則categoryのいずれでも決定できない。 collector_status=NO_ITEM_MATCH_IN_FETCHED_OFFICIAL_SOURCES
M083,I016,UNRESOLVED,,,,,FALSE,UNRESOLVED,直接記載・公式rule由来mapping・一意な一般則categoryのいずれでも決定できない。 collector_status=NO_ITEM_MATCH_IN_FETCHED_OFFICIAL_SOURCES
M083,I017,UNRESOLVED,,,,,TRUE,UNRESOLVED,直接記載・公式rule由来mapping・一意な一般則categoryのいずれでも決定できない。 collector_status=NO_ITEM_MATCH_IN_FETCHED_OFFICIAL_SOURCES
M083,I018,UNRESOLVED,,,,,FALSE,UNRESOLVED,直接記載・公式rule由来mapping・一意な一般則categoryのいずれでも決定できない。 collector_status=NO_ITEM_MATCH_IN_FETCHED_OFFICIAL_SOURCES
M083,I019,UNRESOLVED,,,,,FALSE,UNRESOLVED,直接記載・公式rule由来mapping・一意な一般則categoryのいずれでも決定できない。 collector_status=NO_ITEM_MATCH_IN_FETCHED_OFFICIAL_SOURCES
M083,I020,UNRESOLVED,,,,,FALSE,UNRESOLVED,直接記載・公式rule由来mapping・一意な一般則categoryのいずれでも決定できない。 collector_status=NO_ITEM_MATCH_IN_FETCHED_OFFICIAL_SOURCES
M083,I021,OFFICIAL_RULE_DERIVED,C-M083-06,資源ごみ（布類・ペットボトル）,S-M083-02,資源ごみ（布類・ペットボトル）,FALSE,CATEGORY_SUPPORTED,品目の直接記載は必須とせず、既存mappingを支えるCURRENT公式category ruleから判定。 collector_status=NO_ITEM_MATCH_IN_FETCHED_OFFICIAL_SOURCES
M083,I022,UNRESOLVED,,,,,TRUE,UNRESOLVED,直接記載・公式rule由来mapping・一意な一般則categoryのいずれでも決定できない。 collector_status=NO_ITEM_MATCH_IN_FETCHED_OFFICIAL_SOURCES
M083,I023,UNRESOLVED,,,,,FALSE,UNRESOLVED,直接記載・公式rule由来mapping・一意な一般則categoryのいずれでも決定できない。 collector_status=NO_ITEM_MATCH_IN_FETCHED_OFFICIAL_SOURCES
M083,I024,UNRESOLVED,,,,,FALSE,UNRESOLVED,直接記載・公式rule由来mapping・一意な一般則categoryのいずれでも決定できない。 collector_status=NO_ITEM_MATCH_IN_FETCHED_OFFICIAL_SOURCES
M083,I025,UNRESOLVED,,,,,TRUE,UNRESOLVED,直接記載・公式rule由来mapping・一意な一般則categoryのいずれでも決定できない。 collector_status=NO_ITEM_MATCH_IN_FETCHED_OFFICIAL_SOURCES
M083,I026,UNRESOLVED,,,,,TRUE,UNRESOLVED,直接記載・公式rule由来mapping・一意な一般則categoryのいずれでも決定できない。 collector_status=NO_ITEM_MATCH_IN_FETCHED_OFFICIAL_SOURCES
M083,I027,OFFICIAL_RULE_DERIVED,C-M083-05,資源ごみ（びん・廃乾電池・蛍光管等水銀入り廃製品）,S-M083-02,資源ごみ（びん・廃乾電池・蛍光管等水銀入り廃製品）,TRUE,CATEGORY_SUPPORTED_CONDITION_REVIEW_REQUIRED,品目の直接記載は必須とせず、既存mappingを支えるCURRENT公式category ruleから判定。 collector_status=NO_ITEM_MATCH_IN_FETCHED_OFFICIAL_SOURCES
M083,I028,UNRESOLVED,,,,,TRUE,UNRESOLVED,直接記載・公式rule由来mapping・一意な一般則categoryのいずれでも決定できない。 collector_status=NO_ITEM_MATCH_IN_FETCHED_OFFICIAL_SOURCES
M083,I029,UNRESOLVED,,,,,TRUE,UNRESOLVED,直接記載・公式rule由来mapping・一意な一般則categoryのいずれでも決定できない。 collector_status=NO_ITEM_MATCH_IN_FETCHED_OFFICIAL_SOURCES
M083,I030,OFFICIAL_RULE_DERIVED,C-M083-05,資源ごみ（びん・廃乾電池・蛍光管等水銀入り廃製品）,S-M083-02,資源ごみ（びん・廃乾電池・蛍光管等水銀入り廃製品）,TRUE,CATEGORY_SUPPORTED_CONDITION_REVIEW_REQUIRED,品目の直接記載は必須とせず、既存mappingを支えるCURRENT公式category ruleから判定。 collector_status=NO_ITEM_MATCH_IN_FETCHED_OFFICIAL_SOURCES
M083,I031,UNRESOLVED,,,,,TRUE,UNRESOLVED,直接記載・公式rule由来mapping・一意な一般則categoryのいずれでも決定できない。 collector_status=NO_ITEM_MATCH_IN_FETCHED_OFFICIAL_SOURCES
M083,I032,OFFICIAL_RULE_DERIVED,C-M083-04,資源ごみ（金属類）,S-M083-02,資源ごみ（金属類）,TRUE,CATEGORY_SUPPORTED_CONDITION_REVIEW_REQUIRED,品目の直接記載は必須とせず、既存mappingを支えるCURRENT公式category ruleから判定。 collector_status=NO_ITEM_MATCH_IN_FETCHED_OFFICIAL_SOURCES
M083,I033,UNRESOLVED,,,,,TRUE,UNRESOLVED,直接記載・公式rule由来mapping・一意な一般則categoryのいずれでも決定できない。 collector_status=NO_ITEM_MATCH_IN_FETCHED_OFFICIAL_SOURCES
M083,I034,UNRESOLVED,,,,,TRUE,UNRESOLVED,直接記載・公式rule由来mapping・一意な一般則categoryのいずれでも決定できない。 collector_status=NO_ITEM_MATCH_IN_FETCHED_OFFICIAL_SOURCES
M083,I035,UNRESOLVED,,,,,TRUE,UNRESOLVED,直接記載・公式rule由来mapping・一意な一般則categoryのいずれでも決定できない。 collector_status=NO_ITEM_MATCH_IN_FETCHED_OFFICIAL_SOURCES
M083,I036,UNRESOLVED,,,,,TRUE,UNRESOLVED,直接記載・公式rule由来mapping・一意な一般則categoryのいずれでも決定できない。 collector_status=NO_ITEM_MATCH_IN_FETCHED_OFFICIAL_SOURCES
M083,I037,UNRESOLVED,,,,,TRUE,UNRESOLVED,既存mappingの全branchをCURRENT公式category ruleで裏付けられないため未解決。 collector_status=NO_ITEM_MATCH_IN_FETCHED_OFFICIAL_SOURCES
M083,I038,UNRESOLVED,,,,,TRUE,UNRESOLVED,直接記載・公式rule由来mapping・一意な一般則categoryのいずれでも決定できない。 collector_status=NO_ITEM_MATCH_IN_FETCHED_OFFICIAL_SOURCES
M083,I039,UNRESOLVED,,,,,TRUE,UNRESOLVED,直接記載・公式rule由来mapping・一意な一般則categoryのいずれでも決定できない。 collector_status=NO_ITEM_MATCH_IN_FETCHED_OFFICIAL_SOURCES
M083,I040,UNRESOLVED,,,,,TRUE,UNRESOLVED,直接記載・公式rule由来mapping・一意な一般則categoryのいずれでも決定できない。 collector_status=NO_ITEM_MATCH_IN_FETCHED_OFFICIAL_SOURCES
M084,I001,OFFICIAL_RULE_DERIVED,C-M084-05,ペットボトル,S-M084-02,ペットボトル,FALSE,CATEGORY_SUPPORTED,品目の直接記載は必須とせず、既存mappingを支えるCURRENT公式category ruleから判定。 collector_status=NO_ITEM_MATCH_IN_FETCHED_OFFICIAL_SOURCES
M084,I002,UNRESOLVED,,,,,TRUE,UNRESOLVED,直接記載・公式rule由来mapping・一意な一般則categoryのいずれでも決定できない。 collector_status=NO_ITEM_MATCH_IN_FETCHED_OFFICIAL_SOURCES
M084,I003,UNRESOLVED,,,,,TRUE,UNRESOLVED,直接記載・公式rule由来mapping・一意な一般則categoryのいずれでも決定できない。 collector_status=NO_ITEM_MATCH_IN_FETCHED_OFFICIAL_SOURCES
M084,I004,OFFICIAL_RULE_DERIVED,C-M084-03,缶,S-M084-02,缶,FALSE,CATEGORY_SUPPORTED,品目の直接記載は必須とせず、既存mappingを支えるCURRENT公式category ruleから判定。 collector_status=NO_ITEM_MATCH_IN_FETCHED_OFFICIAL_SOURCES
M084,I005,OFFICIAL_RULE_DERIVED,C-M084-03,缶,S-M084-02,缶,FALSE,CATEGORY_SUPPORTED,品目の直接記載は必須とせず、既存mappingを支えるCURRENT公式category ruleから判定。 collector_status=NO_ITEM_MATCH_IN_FETCHED_OFFICIAL_SOURCES
M084,I006,OFFICIAL_RULE_DERIVED,C-M084-04,びん類,S-M084-02,びん類,TRUE,CATEGORY_SUPPORTED_CONDITION_REVIEW_REQUIRED,品目の直接記載は必須とせず、既存mappingを支えるCURRENT公式category ruleから判定。 collector_status=NO_ITEM_MATCH_IN_FETCHED_OFFICIAL_SOURCES
M084,I007,UNRESOLVED,,,,,TRUE,UNRESOLVED,直接記載・公式rule由来mapping・一意な一般則categoryのいずれでも決定できない。 collector_status=NO_ITEM_MATCH_IN_FETCHED_OFFICIAL_SOURCES
M084,I008,UNRESOLVED,,,,,TRUE,UNRESOLVED,直接記載・公式rule由来mapping・一意な一般則categoryのいずれでも決定できない。 collector_status=NO_ITEM_MATCH_IN_FETCHED_OFFICIAL_SOURCES
M084,I009,UNRESOLVED,,,,,TRUE,UNRESOLVED,直接記載・公式rule由来mapping・一意な一般則categoryのいずれでも決定できない。 collector_status=NO_ITEM_MATCH_IN_FETCHED_OFFICIAL_SOURCES
M084,I010,UNRESOLVED,,,,,TRUE,UNRESOLVED,直接記載・公式rule由来mapping・一意な一般則categoryのいずれでも決定できない。 collector_status=NO_ITEM_MATCH_IN_FETCHED_OFFICIAL_SOURCES
M084,I011,UNRESOLVED,,,,,TRUE,UNRESOLVED,直接記載・公式rule由来mapping・一意な一般則categoryのいずれでも決定できない。 collector_status=NO_ITEM_MATCH_IN_FETCHED_OFFICIAL_SOURCES
M084,I012,UNRESOLVED,,,,,TRUE,UNRESOLVED,直接記載・公式rule由来mapping・一意な一般則categoryのいずれでも決定できない。 collector_status=NO_ITEM_MATCH_IN_FETCHED_OFFICIAL_SOURCES
M084,I013,UNRESOLVED,,,,,FALSE,UNRESOLVED,直接記載・公式rule由来mapping・一意な一般則categoryのいずれでも決定できない。 collector_status=NO_ITEM_MATCH_IN_FETCHED_OFFICIAL_SOURCES
M084,I014,UNRESOLVED,,,,,FALSE,UNRESOLVED,直接記載・公式rule由来mapping・一意な一般則categoryのいずれでも決定できない。 collector_status=NO_ITEM_MATCH_IN_FETCHED_OFFICIAL_SOURCES
M084,I015,UNRESOLVED,,,,,FALSE,UNRESOLVED,直接記載・公式rule由来mapping・一意な一般則categoryのいずれでも決定できない。 collector_status=NO_ITEM_MATCH_IN_FETCHED_OFFICIAL_SOURCES
M084,I016,UNRESOLVED,,,,,FALSE,UNRESOLVED,直接記載・公式rule由来mapping・一意な一般則categoryのいずれでも決定できない。 collector_status=NO_ITEM_MATCH_IN_FETCHED_OFFICIAL_SOURCES
M084,I017,UNRESOLVED,,,,,TRUE,UNRESOLVED,直接記載・公式rule由来mapping・一意な一般則categoryのいずれでも決定できない。 collector_status=NO_ITEM_MATCH_IN_FETCHED_OFFICIAL_SOURCES
M084,I018,UNRESOLVED,,,,,FALSE,UNRESOLVED,直接記載・公式rule由来mapping・一意な一般則categoryのいずれでも決定できない。 collector_status=NO_ITEM_MATCH_IN_FETCHED_OFFICIAL_SOURCES
M084,I019,GENERAL_RULE_DERIVED,C-M084-01,燃えるごみ,S-M084-03,燃えるごみ,FALSE,CATEGORY_SUPPORTED,個別記載・既存mappingなし。一般的な材質/用途ルールと一意のCURRENT公式categoryが一致。 collector_status=NO_ITEM_MATCH_IN_FETCHED_OFFICIAL_SOURCES
M084,I020,GENERAL_RULE_DERIVED,C-M084-01,燃えるごみ,S-M084-03,燃えるごみ,FALSE,CATEGORY_SUPPORTED,個別記載・既存mappingなし。一般的な材質/用途ルールと一意のCURRENT公式categoryが一致。 collector_status=NO_ITEM_MATCH_IN_FETCHED_OFFICIAL_SOURCES
M084,I021,UNRESOLVED,,,,,FALSE,UNRESOLVED,直接記載・公式rule由来mapping・一意な一般則categoryのいずれでも決定できない。 collector_status=NO_ITEM_MATCH_IN_FETCHED_OFFICIAL_SOURCES
M084,I022,UNRESOLVED,,,,,TRUE,UNRESOLVED,直接記載・公式rule由来mapping・一意な一般則categoryのいずれでも決定できない。 collector_status=NO_ITEM_MATCH_IN_FETCHED_OFFICIAL_SOURCES
M084,I023,GENERAL_RULE_DERIVED,C-M084-02,燃えないごみ,S-M084-03,燃えないごみ,FALSE,CATEGORY_SUPPORTED,個別記載・既存mappingなし。一般的な材質/用途ルールと一意のCURRENT公式categoryが一致。 collector_status=NO_ITEM_MATCH_IN_FETCHED_OFFICIAL_SOURCES
M084,I024,GENERAL_RULE_DERIVED,C-M084-02,燃えないごみ,S-M084-03,燃えないごみ,FALSE,CATEGORY_SUPPORTED,個別記載・既存mappingなし。一般的な材質/用途ルールと一意のCURRENT公式categoryが一致。 collector_status=NO_ITEM_MATCH_IN_FETCHED_OFFICIAL_SOURCES
M084,I025,UNRESOLVED,,,,,TRUE,UNRESOLVED,直接記載・公式rule由来mapping・一意な一般則categoryのいずれでも決定できない。 collector_status=NO_ITEM_MATCH_IN_FETCHED_OFFICIAL_SOURCES
M084,I026,UNRESOLVED,,,,,TRUE,UNRESOLVED,直接記載・公式rule由来mapping・一意な一般則categoryのいずれでも決定できない。 collector_status=NO_ITEM_MATCH_IN_FETCHED_OFFICIAL_SOURCES
M084,I027,UNRESOLVED,,,,,TRUE,UNRESOLVED,直接記載・公式rule由来mapping・一意な一般則categoryのいずれでも決定できない。 collector_status=NO_ITEM_MATCH_IN_FETCHED_OFFICIAL_SOURCES
M084,I028,UNRESOLVED,,,,,TRUE,UNRESOLVED,直接記載・公式rule由来mapping・一意な一般則categoryのいずれでも決定できない。 collector_status=NO_ITEM_MATCH_IN_FETCHED_OFFICIAL_SOURCES
M084,I029,UNRESOLVED,,,,,TRUE,UNRESOLVED,直接記載・公式rule由来mapping・一意な一般則categoryのいずれでも決定できない。 collector_status=NO_ITEM_MATCH_IN_FETCHED_OFFICIAL_SOURCES
M084,I030,UNRESOLVED,,,,,TRUE,UNRESOLVED,直接記載・公式rule由来mapping・一意な一般則categoryのいずれでも決定できない。 collector_status=NO_ITEM_MATCH_IN_FETCHED_OFFICIAL_SOURCES
M084,I031,UNRESOLVED,,,,,TRUE,UNRESOLVED,直接記載・公式rule由来mapping・一意な一般則categoryのいずれでも決定できない。 collector_status=NO_ITEM_MATCH_IN_FETCHED_OFFICIAL_SOURCES
M084,I032,UNRESOLVED,,,,,TRUE,UNRESOLVED,直接記載・公式rule由来mapping・一意な一般則categoryのいずれでも決定できない。 collector_status=NO_ITEM_MATCH_IN_FETCHED_OFFICIAL_SOURCES
M084,I033,UNRESOLVED,,,,,TRUE,UNRESOLVED,直接記載・公式rule由来mapping・一意な一般則categoryのいずれでも決定できない。 collector_status=NO_ITEM_MATCH_IN_FETCHED_OFFICIAL_SOURCES
M084,I034,UNRESOLVED,,,,,TRUE,UNRESOLVED,直接記載・公式rule由来mapping・一意な一般則categoryのいずれでも決定できない。 collector_status=NO_ITEM_MATCH_IN_FETCHED_OFFICIAL_SOURCES
M084,I035,UNRESOLVED,,,,,TRUE,UNRESOLVED,直接記載・公式rule由来mapping・一意な一般則categoryのいずれでも決定できない。 collector_status=NO_ITEM_MATCH_IN_FETCHED_OFFICIAL_SOURCES
M084,I036,UNRESOLVED,,,,,TRUE,UNRESOLVED,直接記載・公式rule由来mapping・一意な一般則categoryのいずれでも決定できない。 collector_status=NO_ITEM_MATCH_IN_FETCHED_OFFICIAL_SOURCES
M084,I037,UNRESOLVED,,,,,TRUE,UNRESOLVED,直接記載・公式rule由来mapping・一意な一般則categoryのいずれでも決定できない。 collector_status=NO_ITEM_MATCH_IN_FETCHED_OFFICIAL_SOURCES
M084,I038,UNRESOLVED,,,,,TRUE,UNRESOLVED,直接記載・公式rule由来mapping・一意な一般則categoryのいずれでも決定できない。 collector_status=NO_ITEM_MATCH_IN_FETCHED_OFFICIAL_SOURCES
M084,I039,UNRESOLVED,,,,,TRUE,UNRESOLVED,直接記載・公式rule由来mapping・一意な一般則categoryのいずれでも決定できない。 collector_status=NO_ITEM_MATCH_IN_FETCHED_OFFICIAL_SOURCES
M084,I040,UNRESOLVED,,,,,TRUE,UNRESOLVED,直接記載・公式rule由来mapping・一意な一般則categoryのいずれでも決定できない。 collector_status=NO_ITEM_MATCH_IN_FETCHED_OFFICIAL_SOURCES
M085,I001,OFFICIAL_RULE_DERIVED,C-M085-05,ボトル（ペットボトル・その他のプラスチック）,S-M085-01,ボトル（ペットボトル・その他のプラスチック）,FALSE,CATEGORY_SUPPORTED,品目の直接記載は必須とせず、既存mappingを支えるCURRENT公式category ruleから判定。 collector_status=NO_ITEM_MATCH_IN_FETCHED_OFFICIAL_SOURCES
M085,I002,UNRESOLVED,,,,,TRUE,UNRESOLVED,直接記載・公式rule由来mapping・一意な一般則categoryのいずれでも決定できない。 collector_status=NO_ITEM_MATCH_IN_FETCHED_OFFICIAL_SOURCES
M085,I003,UNRESOLVED,,,,,TRUE,UNRESOLVED,直接記載・公式rule由来mapping・一意な一般則categoryのいずれでも決定できない。 collector_status=NO_ITEM_MATCH_IN_FETCHED_OFFICIAL_SOURCES
M085,I004,OFFICIAL_RULE_DERIVED,C-M085-02,カン（空き缶）,S-M085-01,カン（空き缶）,FALSE,CATEGORY_SUPPORTED,品目の直接記載は必須とせず、既存mappingを支えるCURRENT公式category ruleから判定。 collector_status=NO_ITEM_MATCH_IN_FETCHED_OFFICIAL_SOURCES
M085,I005,OFFICIAL_RULE_DERIVED,C-M085-02,カン（空き缶）,S-M085-01,カン（空き缶）,FALSE,CATEGORY_SUPPORTED,品目の直接記載は必須とせず、既存mappingを支えるCURRENT公式category ruleから判定。 collector_status=NO_ITEM_MATCH_IN_FETCHED_OFFICIAL_SOURCES
M085,I006,UNRESOLVED,,,,,TRUE,UNRESOLVED,直接記載・公式rule由来mapping・一意な一般則categoryのいずれでも決定できない。 collector_status=NO_ITEM_MATCH_IN_FETCHED_OFFICIAL_SOURCES
M085,I007,UNRESOLVED,,,,,TRUE,UNRESOLVED,直接記載・公式rule由来mapping・一意な一般則categoryのいずれでも決定できない。 collector_status=NO_ITEM_MATCH_IN_FETCHED_OFFICIAL_SOURCES
M085,I008,UNRESOLVED,,,,,TRUE,UNRESOLVED,直接記載・公式rule由来mapping・一意な一般則categoryのいずれでも決定できない。 collector_status=NO_ITEM_MATCH_IN_FETCHED_OFFICIAL_SOURCES
M085,I009,UNRESOLVED,,,,,TRUE,UNRESOLVED,直接記載・公式rule由来mapping・一意な一般則categoryのいずれでも決定できない。 collector_status=NO_ITEM_MATCH_IN_FETCHED_OFFICIAL_SOURCES
M085,I010,UNRESOLVED,,,,,TRUE,UNRESOLVED,直接記載・公式rule由来mapping・一意な一般則categoryのいずれでも決定できない。 collector_status=NO_ITEM_MATCH_IN_FETCHED_OFFICIAL_SOURCES
M085,I011,UNRESOLVED,,,,,TRUE,UNRESOLVED,直接記載・公式rule由来mapping・一意な一般則categoryのいずれでも決定できない。 collector_status=NO_ITEM_MATCH_IN_FETCHED_OFFICIAL_SOURCES
M085,I012,UNRESOLVED,,,,,TRUE,UNRESOLVED,直接記載・公式rule由来mapping・一意な一般則categoryのいずれでも決定できない。 collector_status=NO_ITEM_MATCH_IN_FETCHED_OFFICIAL_SOURCES
M085,I013,UNRESOLVED,,,,,FALSE,UNRESOLVED,直接記載・公式rule由来mapping・一意な一般則categoryのいずれでも決定できない。 collector_status=NO_ITEM_MATCH_IN_FETCHED_OFFICIAL_SOURCES
M085,I014,UNRESOLVED,,,,,FALSE,UNRESOLVED,直接記載・公式rule由来mapping・一意な一般則categoryのいずれでも決定できない。 collector_status=NO_ITEM_MATCH_IN_FETCHED_OFFICIAL_SOURCES
M085,I015,UNRESOLVED,,,,,FALSE,UNRESOLVED,直接記載・公式rule由来mapping・一意な一般則categoryのいずれでも決定できない。 collector_status=NO_ITEM_MATCH_IN_FETCHED_OFFICIAL_SOURCES
M085,I016,UNRESOLVED,,,,,FALSE,UNRESOLVED,直接記載・公式rule由来mapping・一意な一般則categoryのいずれでも決定できない。 collector_status=NO_ITEM_MATCH_IN_FETCHED_OFFICIAL_SOURCES
M085,I017,UNRESOLVED,,,,,TRUE,UNRESOLVED,直接記載・公式rule由来mapping・一意な一般則categoryのいずれでも決定できない。 collector_status=NO_ITEM_MATCH_IN_FETCHED_OFFICIAL_SOURCES
M085,I018,UNRESOLVED,,,,,FALSE,UNRESOLVED,直接記載・公式rule由来mapping・一意な一般則categoryのいずれでも決定できない。 collector_status=NO_ITEM_MATCH_IN_FETCHED_OFFICIAL_SOURCES
M085,I019,UNRESOLVED,,,,,FALSE,UNRESOLVED,一般則候補categoryが複数(2)のため自動決定しない。 collector_status=NO_ITEM_MATCH_IN_FETCHED_OFFICIAL_SOURCES
M085,I020,UNRESOLVED,,,,,FALSE,UNRESOLVED,一般則候補categoryが複数(2)のため自動決定しない。 collector_status=NO_ITEM_MATCH_IN_FETCHED_OFFICIAL_SOURCES
M085,I021,UNRESOLVED,,,,,FALSE,UNRESOLVED,直接記載・公式rule由来mapping・一意な一般則categoryのいずれでも決定できない。 collector_status=NO_ITEM_MATCH_IN_FETCHED_OFFICIAL_SOURCES
M085,I022,UNRESOLVED,,,,,TRUE,UNRESOLVED,直接記載・公式rule由来mapping・一意な一般則categoryのいずれでも決定できない。 collector_status=NO_ITEM_MATCH_IN_FETCHED_OFFICIAL_SOURCES
M085,I023,UNRESOLVED,,,,,FALSE,UNRESOLVED,一般則候補categoryが複数(2)のため自動決定しない。 collector_status=NO_ITEM_MATCH_IN_FETCHED_OFFICIAL_SOURCES
M085,I024,UNRESOLVED,,,,,FALSE,UNRESOLVED,一般則候補categoryが複数(2)のため自動決定しない。 collector_status=NO_ITEM_MATCH_IN_FETCHED_OFFICIAL_SOURCES
M085,I025,UNRESOLVED,,,,,TRUE,UNRESOLVED,直接記載・公式rule由来mapping・一意な一般則categoryのいずれでも決定できない。 collector_status=NO_ITEM_MATCH_IN_FETCHED_OFFICIAL_SOURCES
M085,I026,UNRESOLVED,,,,,TRUE,UNRESOLVED,直接記載・公式rule由来mapping・一意な一般則categoryのいずれでも決定できない。 collector_status=NO_ITEM_MATCH_IN_FETCHED_OFFICIAL_SOURCES
M085,I027,UNRESOLVED,,,,,TRUE,UNRESOLVED,直接記載・公式rule由来mapping・一意な一般則categoryのいずれでも決定できない。 collector_status=NO_ITEM_MATCH_IN_FETCHED_OFFICIAL_SOURCES
M085,I028,UNRESOLVED,,,,,TRUE,UNRESOLVED,直接記載・公式rule由来mapping・一意な一般則categoryのいずれでも決定できない。 collector_status=NO_ITEM_MATCH_IN_FETCHED_OFFICIAL_SOURCES
M085,I029,UNRESOLVED,,,,,TRUE,UNRESOLVED,直接記載・公式rule由来mapping・一意な一般則categoryのいずれでも決定できない。 collector_status=NO_ITEM_MATCH_IN_FETCHED_OFFICIAL_SOURCES
M085,I030,OFFICIAL_RULE_DERIVED,C-M085-10,水銀使用廃製品,S-M085-01,水銀使用廃製品,TRUE,CATEGORY_SUPPORTED_CONDITION_REVIEW_REQUIRED,品目の直接記載は必須とせず、既存mappingを支えるCURRENT公式category ruleから判定。 collector_status=NO_ITEM_MATCH_IN_FETCHED_OFFICIAL_SOURCES
M085,I031,UNRESOLVED,,,,,TRUE,UNRESOLVED,直接記載・公式rule由来mapping・一意な一般則categoryのいずれでも決定できない。 collector_status=NO_ITEM_MATCH_IN_FETCHED_OFFICIAL_SOURCES
M085,I032,UNRESOLVED,,,,,TRUE,UNRESOLVED,直接記載・公式rule由来mapping・一意な一般則categoryのいずれでも決定できない。 collector_status=NO_ITEM_MATCH_IN_FETCHED_OFFICIAL_SOURCES
M085,I033,UNRESOLVED,,,,,TRUE,UNRESOLVED,直接記載・公式rule由来mapping・一意な一般則categoryのいずれでも決定できない。 collector_status=NO_ITEM_MATCH_IN_FETCHED_OFFICIAL_SOURCES
M085,I034,UNRESOLVED,,,,,TRUE,UNRESOLVED,直接記載・公式rule由来mapping・一意な一般則categoryのいずれでも決定できない。 collector_status=NO_ITEM_MATCH_IN_FETCHED_OFFICIAL_SOURCES
M085,I035,UNRESOLVED,,,,,TRUE,UNRESOLVED,直接記載・公式rule由来mapping・一意な一般則categoryのいずれでも決定できない。 collector_status=NO_ITEM_MATCH_IN_FETCHED_OFFICIAL_SOURCES
M085,I036,UNRESOLVED,,,,,TRUE,UNRESOLVED,直接記載・公式rule由来mapping・一意な一般則categoryのいずれでも決定できない。 collector_status=NO_ITEM_MATCH_IN_FETCHED_OFFICIAL_SOURCES
M085,I037,UNRESOLVED,,,,,TRUE,UNRESOLVED,直接記載・公式rule由来mapping・一意な一般則categoryのいずれでも決定できない。 collector_status=NO_ITEM_MATCH_IN_FETCHED_OFFICIAL_SOURCES
M085,I038,UNRESOLVED,,,,,TRUE,UNRESOLVED,直接記載・公式rule由来mapping・一意な一般則categoryのいずれでも決定できない。 collector_status=NO_ITEM_MATCH_IN_FETCHED_OFFICIAL_SOURCES
M085,I039,UNRESOLVED,,,,,TRUE,UNRESOLVED,直接記載・公式rule由来mapping・一意な一般則categoryのいずれでも決定できない。 collector_status=NO_ITEM_MATCH_IN_FETCHED_OFFICIAL_SOURCES
M085,I040,UNRESOLVED,,,,,TRUE,UNRESOLVED,直接記載・公式rule由来mapping・一意な一般則categoryのいずれでも決定できない。 collector_status=NO_ITEM_MATCH_IN_FETCHED_OFFICIAL_SOURCES
M087,I001,DIRECT_ITEM,C-M087-08,ペットボトル,S-M087-03,text-match:ペットボトル + ペットボトル,FALSE,CATEGORY_SUPPORTED,全既存branchで公式資料中の品目表記とcategoryの直接候補あり。 collector_status=ALL_EXISTING_BRANCHES_HAVE_DIRECT_CANDIDATE
M087,I002,UNRESOLVED,,,,,TRUE,UNRESOLVED,直接記載・公式rule由来mapping・一意な一般則categoryのいずれでも決定できない。 collector_status=AMBIGUOUS_CATEGORY_CANDIDATES
M087,I003,UNRESOLVED,,,,,TRUE,UNRESOLVED,直接記載・公式rule由来mapping・一意な一般則categoryのいずれでも決定できない。 collector_status=AMBIGUOUS_CATEGORY_CANDIDATES
M087,I004,DIRECT_ITEM,C-M087-05,缶,S-M087-03,text-match:アルミ缶 + 缶,TRUE,CATEGORY_SUPPORTED_CONDITION_REVIEW_REQUIRED,全既存branchで公式資料中の品目表記とcategoryの直接候補あり。 collector_status=ALL_EXISTING_BRANCHES_HAVE_DIRECT_CANDIDATE
M087,I005,DIRECT_ITEM,C-M087-05,缶,S-M087-03,text-match:スチール缶 + 缶,TRUE,CATEGORY_SUPPORTED_CONDITION_REVIEW_REQUIRED,全既存branchで公式資料中の品目表記とcategoryの直接候補あり。 collector_status=ALL_EXISTING_BRANCHES_HAVE_DIRECT_CANDIDATE
M087,I006,OFFICIAL_RULE_DERIVED,C-M087-06,びん,S-M087-03,びん,TRUE,CATEGORY_SUPPORTED_CONDITION_REVIEW_REQUIRED,品目の直接記載は必須とせず、既存mappingを支えるCURRENT公式category ruleから判定。 collector_status=NO_ITEM_MATCH_IN_FETCHED_OFFICIAL_SOURCES
M087,I007,UNRESOLVED,,,,,TRUE,UNRESOLVED,直接記載・公式rule由来mapping・一意な一般則categoryのいずれでも決定できない。 collector_status=NO_ITEM_MATCH_IN_FETCHED_OFFICIAL_SOURCES
M087,I008,UNRESOLVED,,,,,TRUE,UNRESOLVED,直接記載・公式rule由来mapping・一意な一般則categoryのいずれでも決定できない。 collector_status=NO_ITEM_MATCH_IN_FETCHED_OFFICIAL_SOURCES
M087,I009,GENERAL_RULE_DERIVED,C-M087-03,プラスチック容器包装,S-M087-01,プラスチック容器包装,TRUE,CATEGORY_SUPPORTED_CONDITION_REVIEW_REQUIRED,個別記載・既存mappingなし。一般的な材質/用途ルールと一意のCURRENT公式categoryが一致。 collector_status=NO_ITEM_MATCH_IN_FETCHED_OFFICIAL_SOURCES
M087,I010,GENERAL_RULE_DERIVED,C-M087-03,プラスチック容器包装,S-M087-01,プラスチック容器包装,TRUE,CATEGORY_SUPPORTED_CONDITION_REVIEW_REQUIRED,個別記載・既存mappingなし。一般的な材質/用途ルールと一意のCURRENT公式categoryが一致。 collector_status=NO_ITEM_MATCH_IN_FETCHED_OFFICIAL_SOURCES
M087,I011,GENERAL_RULE_DERIVED,C-M087-03,プラスチック容器包装,S-M087-01,プラスチック容器包装,TRUE,CATEGORY_SUPPORTED_CONDITION_REVIEW_REQUIRED,個別記載・既存mappingなし。一般的な材質/用途ルールと一意のCURRENT公式categoryが一致。 collector_status=NO_ITEM_MATCH_IN_FETCHED_OFFICIAL_SOURCES
M087,I012,GENERAL_RULE_DERIVED,C-M087-03,プラスチック容器包装,S-M087-01,プラスチック容器包装,TRUE,CATEGORY_SUPPORTED_CONDITION_REVIEW_REQUIRED,個別記載・既存mappingなし。一般的な材質/用途ルールと一意のCURRENT公式categoryが一致。 collector_status=NO_ITEM_MATCH_IN_FETCHED_OFFICIAL_SOURCES
M087,I013,UNRESOLVED,,,,,FALSE,UNRESOLVED,直接記載・公式rule由来mapping・一意な一般則categoryのいずれでも決定できない。 collector_status=AMBIGUOUS_CATEGORY_CANDIDATES
M087,I014,UNRESOLVED,,,,,FALSE,UNRESOLVED,直接記載・公式rule由来mapping・一意な一般則categoryのいずれでも決定できない。 collector_status=AMBIGUOUS_CATEGORY_CANDIDATES
M087,I015,UNRESOLVED,,,,,FALSE,UNRESOLVED,直接記載・公式rule由来mapping・一意な一般則categoryのいずれでも決定できない。 collector_status=AMBIGUOUS_CATEGORY_CANDIDATES
M087,I016,UNRESOLVED,,,,,FALSE,UNRESOLVED,直接記載・公式rule由来mapping・一意な一般則categoryのいずれでも決定できない。 collector_status=NO_ITEM_MATCH_IN_FETCHED_OFFICIAL_SOURCES
M087,I017,UNRESOLVED,,,,,TRUE,UNRESOLVED,直接記載・公式rule由来mapping・一意な一般則categoryのいずれでも決定できない。 collector_status=AMBIGUOUS_CATEGORY_CANDIDATES
M087,I018,UNRESOLVED,,,,,FALSE,UNRESOLVED,直接記載・公式rule由来mapping・一意な一般則categoryのいずれでも決定できない。 collector_status=AMBIGUOUS_CATEGORY_CANDIDATES
M087,I019,GENERAL_RULE_DERIVED,C-M087-01,可燃ごみ,S-M087-01,可燃ごみ,FALSE,CATEGORY_SUPPORTED,個別記載・既存mappingなし。一般的な材質/用途ルールと一意のCURRENT公式categoryが一致。 collector_status=NO_ITEM_MATCH_IN_FETCHED_OFFICIAL_SOURCES
M087,I020,GENERAL_RULE_DERIVED,C-M087-01,可燃ごみ,S-M087-01,可燃ごみ,FALSE,CATEGORY_SUPPORTED,個別記載・既存mappingなし。一般的な材質/用途ルールと一意のCURRENT公式categoryが一致。 collector_status=NO_ITEM_MATCH_IN_FETCHED_OFFICIAL_SOURCES
M087,I021,UNRESOLVED,,,,,FALSE,UNRESOLVED,直接記載・公式rule由来mapping・一意な一般則categoryのいずれでも決定できない。 collector_status=AMBIGUOUS_CATEGORY_CANDIDATES
M087,I022,UNRESOLVED,,,,,TRUE,UNRESOLVED,直接記載・公式rule由来mapping・一意な一般則categoryのいずれでも決定できない。 collector_status=NO_ITEM_MATCH_IN_FETCHED_OFFICIAL_SOURCES
M087,I023,GENERAL_RULE_DERIVED,C-M087-02,不燃ごみ,S-M087-01,不燃ごみ,FALSE,CATEGORY_SUPPORTED,個別記載・既存mappingなし。一般的な材質/用途ルールと一意のCURRENT公式categoryが一致。 collector_status=AMBIGUOUS_CATEGORY_CANDIDATES
M087,I024,GENERAL_RULE_DERIVED,C-M087-02,不燃ごみ,S-M087-01,不燃ごみ,FALSE,CATEGORY_SUPPORTED,個別記載・既存mappingなし。一般的な材質/用途ルールと一意のCURRENT公式categoryが一致。 collector_status=NO_ITEM_MATCH_IN_FETCHED_OFFICIAL_SOURCES
M087,I025,UNRESOLVED,,,,,TRUE,UNRESOLVED,直接記載・公式rule由来mapping・一意な一般則categoryのいずれでも決定できない。 collector_status=NO_ITEM_MATCH_IN_FETCHED_OFFICIAL_SOURCES
M087,I026,UNRESOLVED,,,,,TRUE,UNRESOLVED,直接記載・公式rule由来mapping・一意な一般則categoryのいずれでも決定できない。 collector_status=NO_ITEM_MATCH_IN_FETCHED_OFFICIAL_SOURCES
M087,I027,OFFICIAL_RULE_DERIVED,C-M087-07,その他（乾電池・蛍光灯・水銀式体温計）,S-M087-03,その他（乾電池・蛍光灯・水銀式体温計）,TRUE,CATEGORY_SUPPORTED_CONDITION_REVIEW_REQUIRED,品目の直接記載は必須とせず、既存mappingを支えるCURRENT公式category ruleから判定。 collector_status=AMBIGUOUS_CATEGORY_CANDIDATES
M087,I028,UNRESOLVED,,,,,TRUE,UNRESOLVED,直接記載・公式rule由来mapping・一意な一般則categoryのいずれでも決定できない。 collector_status=NO_ITEM_MATCH_IN_FETCHED_OFFICIAL_SOURCES
M087,I029,UNRESOLVED,,,,,TRUE,UNRESOLVED,直接記載・公式rule由来mapping・一意な一般則categoryのいずれでも決定できない。 collector_status=NO_ITEM_MATCH_IN_FETCHED_OFFICIAL_SOURCES
M087,I030,OFFICIAL_RULE_DERIVED,C-M087-07,その他（乾電池・蛍光灯・水銀式体温計）,S-M087-03,その他（乾電池・蛍光灯・水銀式体温計）,TRUE,CATEGORY_SUPPORTED_CONDITION_REVIEW_REQUIRED,品目の直接記載は必須とせず、既存mappingを支えるCURRENT公式category ruleから判定。 collector_status=AMBIGUOUS_CATEGORY_CANDIDATES
M087,I031,UNRESOLVED,,,,,TRUE,UNRESOLVED,直接記載・公式rule由来mapping・一意な一般則categoryのいずれでも決定できない。 collector_status=NO_ITEM_MATCH_IN_FETCHED_OFFICIAL_SOURCES
M087,I032,DIRECT_ITEM,C-M087-05,缶,S-M087-03,text-match:スプレー缶 + 缶,TRUE,CATEGORY_SUPPORTED_CONDITION_REVIEW_REQUIRED,全既存branchで公式資料中の品目表記とcategoryの直接候補あり。 collector_status=ALL_EXISTING_BRANCHES_HAVE_DIRECT_CANDIDATE
M087,I033,UNRESOLVED,,,,,TRUE,UNRESOLVED,直接記載・公式rule由来mapping・一意な一般則categoryのいずれでも決定できない。 collector_status=NO_ITEM_MATCH_IN_FETCHED_OFFICIAL_SOURCES
M087,I034,UNRESOLVED,,,,,TRUE,UNRESOLVED,直接記載・公式rule由来mapping・一意な一般則categoryのいずれでも決定できない。 collector_status=AMBIGUOUS_CATEGORY_CANDIDATES
M087,I035,UNRESOLVED,,,,,TRUE,UNRESOLVED,直接記載・公式rule由来mapping・一意な一般則categoryのいずれでも決定できない。 collector_status=NO_ITEM_MATCH_IN_FETCHED_OFFICIAL_SOURCES
M087,I036,UNRESOLVED,,,,,TRUE,UNRESOLVED,直接記載・公式rule由来mapping・一意な一般則categoryのいずれでも決定できない。 collector_status=NO_ITEM_MATCH_IN_FETCHED_OFFICIAL_SOURCES
M087,I037,UNRESOLVED,,,,,TRUE,UNRESOLVED,直接記載・公式rule由来mapping・一意な一般則categoryのいずれでも決定できない。 collector_status=ITEM_MATCH_WITHOUT_CATEGORY
M087,I038,UNRESOLVED,,,,,TRUE,UNRESOLVED,直接記載・公式rule由来mapping・一意な一般則categoryのいずれでも決定できない。 collector_status=ITEM_MATCH_WITHOUT_CATEGORY
M087,I039,UNRESOLVED,,,,,TRUE,UNRESOLVED,直接記載・公式rule由来mapping・一意な一般則categoryのいずれでも決定できない。 collector_status=NO_ITEM_MATCH_IN_FETCHED_OFFICIAL_SOURCES
M087,I040,UNRESOLVED,,,,,TRUE,UNRESOLVED,直接記載・公式rule由来mapping・一意な一般則categoryのいずれでも決定できない。 collector_status=NO_ITEM_MATCH_IN_FETCHED_OFFICIAL_SOURCES
M088,I001,UNRESOLVED,,,,,FALSE,UNRESOLVED,直接記載・公式rule由来mapping・一意な一般則categoryのいずれでも決定できない。 collector_status=NO_ITEM_MATCH_IN_FETCHED_OFFICIAL_SOURCES
M088,I002,UNRESOLVED,,,,,TRUE,UNRESOLVED,直接記載・公式rule由来mapping・一意な一般則categoryのいずれでも決定できない。 collector_status=NO_ITEM_MATCH_IN_FETCHED_OFFICIAL_SOURCES
M088,I003,UNRESOLVED,,,,,TRUE,UNRESOLVED,直接記載・公式rule由来mapping・一意な一般則categoryのいずれでも決定できない。 collector_status=NO_ITEM_MATCH_IN_FETCHED_OFFICIAL_SOURCES
M088,I004,OFFICIAL_RULE_DERIVED,C-M088-03,資源ごみB,S-M088-01,資源ごみB,FALSE,CATEGORY_SUPPORTED,品目の直接記載は必須とせず、既存mappingを支えるCURRENT公式category ruleから判定。 collector_status=NO_ITEM_MATCH_IN_FETCHED_OFFICIAL_SOURCES
M088,I005,OFFICIAL_RULE_DERIVED,C-M088-03,資源ごみB,S-M088-01,資源ごみB,FALSE,CATEGORY_SUPPORTED,品目の直接記載は必須とせず、既存mappingを支えるCURRENT公式category ruleから判定。 collector_status=NO_ITEM_MATCH_IN_FETCHED_OFFICIAL_SOURCES
M088,I006,UNRESOLVED,,,,,TRUE,UNRESOLVED,直接記載・公式rule由来mapping・一意な一般則categoryのいずれでも決定できない。 collector_status=NO_ITEM_MATCH_IN_FETCHED_OFFICIAL_SOURCES
M088,I007,UNRESOLVED,,,,,TRUE,UNRESOLVED,直接記載・公式rule由来mapping・一意な一般則categoryのいずれでも決定できない。 collector_status=NO_ITEM_MATCH_IN_FETCHED_OFFICIAL_SOURCES
M088,I008,UNRESOLVED,,,,,TRUE,UNRESOLVED,直接記載・公式rule由来mapping・一意な一般則categoryのいずれでも決定できない。 collector_status=NO_ITEM_MATCH_IN_FETCHED_OFFICIAL_SOURCES
M088,I009,UNRESOLVED,,,,,TRUE,UNRESOLVED,直接記載・公式rule由来mapping・一意な一般則categoryのいずれでも決定できない。 collector_status=NO_ITEM_MATCH_IN_FETCHED_OFFICIAL_SOURCES
M088,I010,UNRESOLVED,,,,,TRUE,UNRESOLVED,直接記載・公式rule由来mapping・一意な一般則categoryのいずれでも決定できない。 collector_status=NO_ITEM_MATCH_IN_FETCHED_OFFICIAL_SOURCES
M088,I011,UNRESOLVED,,,,,TRUE,UNRESOLVED,直接記載・公式rule由来mapping・一意な一般則categoryのいずれでも決定できない。 collector_status=NO_ITEM_MATCH_IN_FETCHED_OFFICIAL_SOURCES
M088,I012,UNRESOLVED,,,,,TRUE,UNRESOLVED,直接記載・公式rule由来mapping・一意な一般則categoryのいずれでも決定できない。 collector_status=NO_ITEM_MATCH_IN_FETCHED_OFFICIAL_SOURCES
M088,I013,UNRESOLVED,,,,,FALSE,UNRESOLVED,直接記載・公式rule由来mapping・一意な一般則categoryのいずれでも決定できない。 collector_status=NO_ITEM_MATCH_IN_FETCHED_OFFICIAL_SOURCES
M088,I014,UNRESOLVED,,,,,FALSE,UNRESOLVED,直接記載・公式rule由来mapping・一意な一般則categoryのいずれでも決定できない。 collector_status=NO_ITEM_MATCH_IN_FETCHED_OFFICIAL_SOURCES
M088,I015,UNRESOLVED,,,,,FALSE,UNRESOLVED,直接記載・公式rule由来mapping・一意な一般則categoryのいずれでも決定できない。 collector_status=NO_ITEM_MATCH_IN_FETCHED_OFFICIAL_SOURCES
M088,I016,UNRESOLVED,,,,,FALSE,UNRESOLVED,直接記載・公式rule由来mapping・一意な一般則categoryのいずれでも決定できない。 collector_status=NO_ITEM_MATCH_IN_FETCHED_OFFICIAL_SOURCES
M088,I017,UNRESOLVED,,,,,TRUE,UNRESOLVED,直接記載・公式rule由来mapping・一意な一般則categoryのいずれでも決定できない。 collector_status=NO_ITEM_MATCH_IN_FETCHED_OFFICIAL_SOURCES
M088,I018,OFFICIAL_RULE_DERIVED,C-M088-01,可燃ごみ,S-M088-01,可燃ごみ,FALSE,CATEGORY_SUPPORTED,品目の直接記載は必須とせず、既存mappingを支えるCURRENT公式category ruleから判定。 collector_status=NO_ITEM_MATCH_IN_FETCHED_OFFICIAL_SOURCES
M088,I019,GENERAL_RULE_DERIVED,C-M088-01,可燃ごみ,S-M088-01,可燃ごみ,FALSE,CATEGORY_SUPPORTED,個別記載・既存mappingなし。一般的な材質/用途ルールと一意のCURRENT公式categoryが一致。 collector_status=NO_ITEM_MATCH_IN_FETCHED_OFFICIAL_SOURCES
M088,I020,GENERAL_RULE_DERIVED,C-M088-01,可燃ごみ,S-M088-01,可燃ごみ,FALSE,CATEGORY_SUPPORTED,個別記載・既存mappingなし。一般的な材質/用途ルールと一意のCURRENT公式categoryが一致。 collector_status=NO_ITEM_MATCH_IN_FETCHED_OFFICIAL_SOURCES
M088,I021,UNRESOLVED,,,,,FALSE,UNRESOLVED,直接記載・公式rule由来mapping・一意な一般則categoryのいずれでも決定できない。 collector_status=NO_ITEM_MATCH_IN_FETCHED_OFFICIAL_SOURCES
M088,I022,UNRESOLVED,,,,,TRUE,UNRESOLVED,直接記載・公式rule由来mapping・一意な一般則categoryのいずれでも決定できない。 collector_status=NO_ITEM_MATCH_IN_FETCHED_OFFICIAL_SOURCES
M088,I023,OFFICIAL_RULE_DERIVED,C-M088-07,不燃ごみ,S-M088-01,不燃ごみ,FALSE,CATEGORY_SUPPORTED,品目の直接記載は必須とせず、既存mappingを支えるCURRENT公式category ruleから判定。 collector_status=NO_ITEM_MATCH_IN_FETCHED_OFFICIAL_SOURCES
M088,I024,GENERAL_RULE_DERIVED,C-M088-07,不燃ごみ,S-M088-01,不燃ごみ,FALSE,CATEGORY_SUPPORTED,個別記載・既存mappingなし。一般的な材質/用途ルールと一意のCURRENT公式categoryが一致。 collector_status=NO_ITEM_MATCH_IN_FETCHED_OFFICIAL_SOURCES
M088,I025,UNRESOLVED,,,,,TRUE,UNRESOLVED,直接記載・公式rule由来mapping・一意な一般則categoryのいずれでも決定できない。 collector_status=NO_ITEM_MATCH_IN_FETCHED_OFFICIAL_SOURCES
M088,I026,OFFICIAL_RULE_DERIVED,C-M088-07,不燃ごみ,S-M088-01,不燃ごみ,TRUE,CATEGORY_SUPPORTED_CONDITION_REVIEW_REQUIRED,品目の直接記載は必須とせず、既存mappingを支えるCURRENT公式category ruleから判定。 collector_status=NO_ITEM_MATCH_IN_FETCHED_OFFICIAL_SOURCES
M088,I027,UNRESOLVED,,,,,TRUE,UNRESOLVED,直接記載・公式rule由来mapping・一意な一般則categoryのいずれでも決定できない。 collector_status=NO_ITEM_MATCH_IN_FETCHED_OFFICIAL_SOURCES
M088,I028,UNRESOLVED,,,,,TRUE,UNRESOLVED,直接記載・公式rule由来mapping・一意な一般則categoryのいずれでも決定できない。 collector_status=NO_ITEM_MATCH_IN_FETCHED_OFFICIAL_SOURCES
M088,I029,UNRESOLVED,,,,,TRUE,UNRESOLVED,直接記載・公式rule由来mapping・一意な一般則categoryのいずれでも決定できない。 collector_status=NO_ITEM_MATCH_IN_FETCHED_OFFICIAL_SOURCES
M088,I030,OFFICIAL_RULE_DERIVED,C-M088-06,資源ごみE,S-M088-01,資源ごみE,TRUE,CATEGORY_SUPPORTED_CONDITION_REVIEW_REQUIRED,品目の直接記載は必須とせず、既存mappingを支えるCURRENT公式category ruleから判定。 collector_status=NO_ITEM_MATCH_IN_FETCHED_OFFICIAL_SOURCES
M088,I031,UNRESOLVED,,,,,TRUE,UNRESOLVED,直接記載・公式rule由来mapping・一意な一般則categoryのいずれでも決定できない。 collector_status=NO_ITEM_MATCH_IN_FETCHED_OFFICIAL_SOURCES
M088,I032,UNRESOLVED,,,,,TRUE,UNRESOLVED,直接記載・公式rule由来mapping・一意な一般則categoryのいずれでも決定できない。 collector_status=NO_ITEM_MATCH_IN_FETCHED_OFFICIAL_SOURCES
M088,I033,UNRESOLVED,,,,,TRUE,UNRESOLVED,直接記載・公式rule由来mapping・一意な一般則categoryのいずれでも決定できない。 collector_status=NO_ITEM_MATCH_IN_FETCHED_OFFICIAL_SOURCES
M088,I034,OFFICIAL_RULE_DERIVED,C-M088-07,不燃ごみ,S-M088-01,不燃ごみ,TRUE,CATEGORY_SUPPORTED_CONDITION_REVIEW_REQUIRED,品目の直接記載は必須とせず、既存mappingを支えるCURRENT公式category ruleから判定。 collector_status=NO_ITEM_MATCH_IN_FETCHED_OFFICIAL_SOURCES
M088,I035,UNRESOLVED,,,,,TRUE,UNRESOLVED,直接記載・公式rule由来mapping・一意な一般則categoryのいずれでも決定できない。 collector_status=NO_ITEM_MATCH_IN_FETCHED_OFFICIAL_SOURCES
M088,I036,UNRESOLVED,,,,,TRUE,UNRESOLVED,直接記載・公式rule由来mapping・一意な一般則categoryのいずれでも決定できない。 collector_status=NO_ITEM_MATCH_IN_FETCHED_OFFICIAL_SOURCES
M088,I037,UNRESOLVED,,,,,TRUE,UNRESOLVED,直接記載・公式rule由来mapping・一意な一般則categoryのいずれでも決定できない。 collector_status=NO_ITEM_MATCH_IN_FETCHED_OFFICIAL_SOURCES
M088,I038,UNRESOLVED,,,,,TRUE,UNRESOLVED,直接記載・公式rule由来mapping・一意な一般則categoryのいずれでも決定できない。 collector_status=NO_ITEM_MATCH_IN_FETCHED_OFFICIAL_SOURCES
M088,I039,UNRESOLVED,,,,,TRUE,UNRESOLVED,直接記載・公式rule由来mapping・一意な一般則categoryのいずれでも決定できない。 collector_status=NO_ITEM_MATCH_IN_FETCHED_OFFICIAL_SOURCES
M088,I040,UNRESOLVED,,,,,TRUE,UNRESOLVED,直接記載・公式rule由来mapping・一意な一般則categoryのいずれでも決定できない。 collector_status=NO_ITEM_MATCH_IN_FETCHED_OFFICIAL_SOURCES
M089,I001,UNRESOLVED,,,,,FALSE,UNRESOLVED,直接記載・公式rule由来mapping・一意な一般則categoryのいずれでも決定できない。 collector_status=NO_ITEM_MATCH_IN_FETCHED_OFFICIAL_SOURCES
M089,I002,UNRESOLVED,,,,,TRUE,UNRESOLVED,直接記載・公式rule由来mapping・一意な一般則categoryのいずれでも決定できない。 collector_status=NO_ITEM_MATCH_IN_FETCHED_OFFICIAL_SOURCES
M089,I003,UNRESOLVED,,,,,TRUE,UNRESOLVED,直接記載・公式rule由来mapping・一意な一般則categoryのいずれでも決定できない。 collector_status=NO_ITEM_MATCH_IN_FETCHED_OFFICIAL_SOURCES
M089,I004,UNRESOLVED,,,,,FALSE,UNRESOLVED,直接記載・公式rule由来mapping・一意な一般則categoryのいずれでも決定できない。 collector_status=NO_ITEM_MATCH_IN_FETCHED_OFFICIAL_SOURCES
M089,I005,UNRESOLVED,,,,,FALSE,UNRESOLVED,直接記載・公式rule由来mapping・一意な一般則categoryのいずれでも決定できない。 collector_status=NO_ITEM_MATCH_IN_FETCHED_OFFICIAL_SOURCES
M089,I006,UNRESOLVED,,,,,TRUE,UNRESOLVED,直接記載・公式rule由来mapping・一意な一般則categoryのいずれでも決定できない。 collector_status=NO_ITEM_MATCH_IN_FETCHED_OFFICIAL_SOURCES
M089,I007,UNRESOLVED,,,,,TRUE,UNRESOLVED,直接記載・公式rule由来mapping・一意な一般則categoryのいずれでも決定できない。 collector_status=NO_ITEM_MATCH_IN_FETCHED_OFFICIAL_SOURCES
M089,I008,UNRESOLVED,,,,,TRUE,UNRESOLVED,直接記載・公式rule由来mapping・一意な一般則categoryのいずれでも決定できない。 collector_status=NO_ITEM_MATCH_IN_FETCHED_OFFICIAL_SOURCES
M089,I009,UNRESOLVED,,,,,TRUE,UNRESOLVED,直接記載・公式rule由来mapping・一意な一般則categoryのいずれでも決定できない。 collector_status=NO_ITEM_MATCH_IN_FETCHED_OFFICIAL_SOURCES
M089,I010,UNRESOLVED,,,,,TRUE,UNRESOLVED,直接記載・公式rule由来mapping・一意な一般則categoryのいずれでも決定できない。 collector_status=NO_ITEM_MATCH_IN_FETCHED_OFFICIAL_SOURCES
M089,I011,UNRESOLVED,,,,,TRUE,UNRESOLVED,直接記載・公式rule由来mapping・一意な一般則categoryのいずれでも決定できない。 collector_status=NO_ITEM_MATCH_IN_FETCHED_OFFICIAL_SOURCES
M089,I012,UNRESOLVED,,,,,TRUE,UNRESOLVED,直接記載・公式rule由来mapping・一意な一般則categoryのいずれでも決定できない。 collector_status=NO_ITEM_MATCH_IN_FETCHED_OFFICIAL_SOURCES
M089,I013,UNRESOLVED,,,,,FALSE,UNRESOLVED,直接記載・公式rule由来mapping・一意な一般則categoryのいずれでも決定できない。 collector_status=NO_ITEM_MATCH_IN_FETCHED_OFFICIAL_SOURCES
M089,I014,UNRESOLVED,,,,,FALSE,UNRESOLVED,直接記載・公式rule由来mapping・一意な一般則categoryのいずれでも決定できない。 collector_status=NO_ITEM_MATCH_IN_FETCHED_OFFICIAL_SOURCES
M089,I015,UNRESOLVED,,,,,FALSE,UNRESOLVED,直接記載・公式rule由来mapping・一意な一般則categoryのいずれでも決定できない。 collector_status=NO_ITEM_MATCH_IN_FETCHED_OFFICIAL_SOURCES
M089,I016,UNRESOLVED,,,,,FALSE,UNRESOLVED,直接記載・公式rule由来mapping・一意な一般則categoryのいずれでも決定できない。 collector_status=NO_ITEM_MATCH_IN_FETCHED_OFFICIAL_SOURCES
M089,I017,UNRESOLVED,,,,,TRUE,UNRESOLVED,直接記載・公式rule由来mapping・一意な一般則categoryのいずれでも決定できない。 collector_status=NO_ITEM_MATCH_IN_FETCHED_OFFICIAL_SOURCES
M089,I018,UNRESOLVED,,,,,FALSE,UNRESOLVED,直接記載・公式rule由来mapping・一意な一般則categoryのいずれでも決定できない。 collector_status=NO_ITEM_MATCH_IN_FETCHED_OFFICIAL_SOURCES
M089,I019,GENERAL_RULE_DERIVED,C-M089-01,可燃ごみ,S-M089-01,可燃ごみ,TRUE,CATEGORY_SUPPORTED_CONDITION_REVIEW_REQUIRED,個別記載・既存mappingなし。一般的な材質/用途ルールと一意のCURRENT公式categoryが一致。 collector_status=NO_ITEM_MATCH_IN_FETCHED_OFFICIAL_SOURCES
M089,I020,GENERAL_RULE_DERIVED,C-M089-01,可燃ごみ,S-M089-01,可燃ごみ,TRUE,CATEGORY_SUPPORTED_CONDITION_REVIEW_REQUIRED,個別記載・既存mappingなし。一般的な材質/用途ルールと一意のCURRENT公式categoryが一致。 collector_status=NO_ITEM_MATCH_IN_FETCHED_OFFICIAL_SOURCES
M089,I021,UNRESOLVED,,,,,FALSE,UNRESOLVED,直接記載・公式rule由来mapping・一意な一般則categoryのいずれでも決定できない。 collector_status=NO_ITEM_MATCH_IN_FETCHED_OFFICIAL_SOURCES
M089,I022,UNRESOLVED,,,,,TRUE,UNRESOLVED,直接記載・公式rule由来mapping・一意な一般則categoryのいずれでも決定できない。 collector_status=NO_ITEM_MATCH_IN_FETCHED_OFFICIAL_SOURCES
M089,I023,GENERAL_RULE_DERIVED,C-M089-02,資源ごみ・小型不燃ごみ・有害なごみ,S-M089-01,資源ごみ・小型不燃ごみ・有害なごみ,FALSE,CATEGORY_SUPPORTED,個別記載・既存mappingなし。一般的な材質/用途ルールと一意のCURRENT公式categoryが一致。 collector_status=NO_ITEM_MATCH_IN_FETCHED_OFFICIAL_SOURCES
M089,I024,GENERAL_RULE_DERIVED,C-M089-02,資源ごみ・小型不燃ごみ・有害なごみ,S-M089-01,資源ごみ・小型不燃ごみ・有害なごみ,FALSE,CATEGORY_SUPPORTED,個別記載・既存mappingなし。一般的な材質/用途ルールと一意のCURRENT公式categoryが一致。 collector_status=NO_ITEM_MATCH_IN_FETCHED_OFFICIAL_SOURCES
M089,I025,UNRESOLVED,,,,,TRUE,UNRESOLVED,直接記載・公式rule由来mapping・一意な一般則categoryのいずれでも決定できない。 collector_status=NO_ITEM_MATCH_IN_FETCHED_OFFICIAL_SOURCES
M089,I026,UNRESOLVED,,,,,TRUE,UNRESOLVED,直接記載・公式rule由来mapping・一意な一般則categoryのいずれでも決定できない。 collector_status=NO_ITEM_MATCH_IN_FETCHED_OFFICIAL_SOURCES
M089,I027,UNRESOLVED,,,,,TRUE,UNRESOLVED,直接記載・公式rule由来mapping・一意な一般則categoryのいずれでも決定できない。 collector_status=NO_ITEM_MATCH_IN_FETCHED_OFFICIAL_SOURCES
M089,I028,UNRESOLVED,,,,,TRUE,UNRESOLVED,直接記載・公式rule由来mapping・一意な一般則categoryのいずれでも決定できない。 collector_status=NO_ITEM_MATCH_IN_FETCHED_OFFICIAL_SOURCES
M089,I029,UNRESOLVED,,,,,TRUE,UNRESOLVED,直接記載・公式rule由来mapping・一意な一般則categoryのいずれでも決定できない。 collector_status=NO_ITEM_MATCH_IN_FETCHED_OFFICIAL_SOURCES
M089,I030,UNRESOLVED,,,,,TRUE,UNRESOLVED,直接記載・公式rule由来mapping・一意な一般則categoryのいずれでも決定できない。 collector_status=NO_ITEM_MATCH_IN_FETCHED_OFFICIAL_SOURCES
M089,I031,UNRESOLVED,,,,,TRUE,UNRESOLVED,直接記載・公式rule由来mapping・一意な一般則categoryのいずれでも決定できない。 collector_status=NO_ITEM_MATCH_IN_FETCHED_OFFICIAL_SOURCES
M089,I032,UNRESOLVED,,,,,TRUE,UNRESOLVED,直接記載・公式rule由来mapping・一意な一般則categoryのいずれでも決定できない。 collector_status=NO_ITEM_MATCH_IN_FETCHED_OFFICIAL_SOURCES
M089,I033,UNRESOLVED,,,,,TRUE,UNRESOLVED,直接記載・公式rule由来mapping・一意な一般則categoryのいずれでも決定できない。 collector_status=NO_ITEM_MATCH_IN_FETCHED_OFFICIAL_SOURCES
M089,I034,UNRESOLVED,,,,,TRUE,UNRESOLVED,直接記載・公式rule由来mapping・一意な一般則categoryのいずれでも決定できない。 collector_status=NO_ITEM_MATCH_IN_FETCHED_OFFICIAL_SOURCES
M089,I035,UNRESOLVED,,,,,TRUE,UNRESOLVED,直接記載・公式rule由来mapping・一意な一般則categoryのいずれでも決定できない。 collector_status=NO_ITEM_MATCH_IN_FETCHED_OFFICIAL_SOURCES
M089,I036,UNRESOLVED,,,,,TRUE,UNRESOLVED,直接記載・公式rule由来mapping・一意な一般則categoryのいずれでも決定できない。 collector_status=NO_ITEM_MATCH_IN_FETCHED_OFFICIAL_SOURCES
M089,I037,UNRESOLVED,,,,,TRUE,UNRESOLVED,直接記載・公式rule由来mapping・一意な一般則categoryのいずれでも決定できない。 collector_status=NO_ITEM_MATCH_IN_FETCHED_OFFICIAL_SOURCES
M089,I038,UNRESOLVED,,,,,TRUE,UNRESOLVED,直接記載・公式rule由来mapping・一意な一般則categoryのいずれでも決定できない。 collector_status=NO_ITEM_MATCH_IN_FETCHED_OFFICIAL_SOURCES
M089,I039,UNRESOLVED,,,,,TRUE,UNRESOLVED,直接記載・公式rule由来mapping・一意な一般則categoryのいずれでも決定できない。 collector_status=NO_ITEM_MATCH_IN_FETCHED_OFFICIAL_SOURCES
M089,I040,UNRESOLVED,,,,,TRUE,UNRESOLVED,直接記載・公式rule由来mapping・一意な一般則categoryのいずれでも決定できない。 collector_status=NO_ITEM_MATCH_IN_FETCHED_OFFICIAL_SOURCES
M090,I001,UNRESOLVED,,,,,FALSE,UNRESOLVED,直接記載・公式rule由来mapping・一意な一般則categoryのいずれでも決定できない。 collector_status=AMBIGUOUS_CATEGORY_CANDIDATES
M090,I002,UNRESOLVED,,,,,TRUE,UNRESOLVED,直接記載・公式rule由来mapping・一意な一般則categoryのいずれでも決定できない。 collector_status=NO_ITEM_MATCH_IN_FETCHED_OFFICIAL_SOURCES
M090,I003,UNRESOLVED,,,,,TRUE,UNRESOLVED,直接記載・公式rule由来mapping・一意な一般則categoryのいずれでも決定できない。 collector_status=NO_ITEM_MATCH_IN_FETCHED_OFFICIAL_SOURCES
M090,I004,UNRESOLVED,,,,,FALSE,UNRESOLVED,直接記載・公式rule由来mapping・一意な一般則categoryのいずれでも決定できない。 collector_status=NO_ITEM_MATCH_IN_FETCHED_OFFICIAL_SOURCES
M090,I005,UNRESOLVED,,,,,FALSE,UNRESOLVED,直接記載・公式rule由来mapping・一意な一般則categoryのいずれでも決定できない。 collector_status=NO_ITEM_MATCH_IN_FETCHED_OFFICIAL_SOURCES
M090,I006,OFFICIAL_RULE_DERIVED,C-M090-04,３色びん・生びん・蛍光灯類・ガラス類・陶器類・廃天ぷら油・刃物・突鋭物等・小型金属類,S-M090-02,３色びん・生びん・蛍光灯類・ガラス類・陶器類・廃天ぷら油・刃物・突鋭物等・小型金属類,TRUE,CATEGORY_SUPPORTED_CONDITION_REVIEW_REQUIRED,品目の直接記載は必須とせず、既存mappingを支えるCURRENT公式category ruleから判定。 collector_status=NO_ITEM_MATCH_IN_FETCHED_OFFICIAL_SOURCES
M090,I007,UNRESOLVED,,,,,TRUE,UNRESOLVED,直接記載・公式rule由来mapping・一意な一般則categoryのいずれでも決定できない。 collector_status=NO_ITEM_MATCH_IN_FETCHED_OFFICIAL_SOURCES
M090,I008,UNRESOLVED,,,,,TRUE,UNRESOLVED,直接記載・公式rule由来mapping・一意な一般則categoryのいずれでも決定できない。 collector_status=NO_ITEM_MATCH_IN_FETCHED_OFFICIAL_SOURCES
M090,I009,UNRESOLVED,,,,,TRUE,UNRESOLVED,直接記載・公式rule由来mapping・一意な一般則categoryのいずれでも決定できない。 collector_status=NO_ITEM_MATCH_IN_FETCHED_OFFICIAL_SOURCES
M090,I010,UNRESOLVED,,,,,TRUE,UNRESOLVED,直接記載・公式rule由来mapping・一意な一般則categoryのいずれでも決定できない。 collector_status=NO_ITEM_MATCH_IN_FETCHED_OFFICIAL_SOURCES
M090,I011,UNRESOLVED,,,,,TRUE,UNRESOLVED,直接記載・公式rule由来mapping・一意な一般則categoryのいずれでも決定できない。 collector_status=NO_ITEM_MATCH_IN_FETCHED_OFFICIAL_SOURCES
M090,I012,DIRECT_ITEM,C-M090-02,資源ごみ,S-M090-02,text-match:発泡スチロール + 資源ごみ,TRUE,CATEGORY_SUPPORTED_CONDITION_REVIEW_REQUIRED,全既存branchで公式資料中の品目表記とcategoryの直接候補あり。 collector_status=ALL_EXISTING_BRANCHES_HAVE_DIRECT_CANDIDATE
M090,I013,UNRESOLVED,,,,,FALSE,UNRESOLVED,直接記載・公式rule由来mapping・一意な一般則categoryのいずれでも決定できない。 collector_status=AMBIGUOUS_CATEGORY_CANDIDATES
M090,I014,UNRESOLVED,,,,,FALSE,UNRESOLVED,直接記載・公式rule由来mapping・一意な一般則categoryのいずれでも決定できない。 collector_status=AMBIGUOUS_CATEGORY_CANDIDATES
M090,I015,UNRESOLVED,,,,,FALSE,UNRESOLVED,直接記載・公式rule由来mapping・一意な一般則categoryのいずれでも決定できない。 collector_status=AMBIGUOUS_CATEGORY_CANDIDATES
M090,I016,UNRESOLVED,,,,,FALSE,UNRESOLVED,直接記載・公式rule由来mapping・一意な一般則categoryのいずれでも決定できない。 collector_status=NO_ITEM_MATCH_IN_FETCHED_OFFICIAL_SOURCES
M090,I017,UNRESOLVED,,,,,TRUE,UNRESOLVED,直接記載・公式rule由来mapping・一意な一般則categoryのいずれでも決定できない。 collector_status=NO_ITEM_MATCH_IN_FETCHED_OFFICIAL_SOURCES
M090,I018,UNRESOLVED,,,,,FALSE,UNRESOLVED,直接記載・公式rule由来mapping・一意な一般則categoryのいずれでも決定できない。 collector_status=NO_ITEM_MATCH_IN_FETCHED_OFFICIAL_SOURCES
M090,I019,GENERAL_RULE_DERIVED,C-M090-01,可燃ごみ,S-M090-02,可燃ごみ,FALSE,CATEGORY_SUPPORTED,個別記載・既存mappingなし。一般的な材質/用途ルールと一意のCURRENT公式categoryが一致。 collector_status=NO_ITEM_MATCH_IN_FETCHED_OFFICIAL_SOURCES
M090,I020,GENERAL_RULE_DERIVED,C-M090-01,可燃ごみ,S-M090-02,可燃ごみ,FALSE,CATEGORY_SUPPORTED,個別記載・既存mappingなし。一般的な材質/用途ルールと一意のCURRENT公式categoryが一致。 collector_status=NO_ITEM_MATCH_IN_FETCHED_OFFICIAL_SOURCES
M090,I021,UNRESOLVED,,,,,FALSE,UNRESOLVED,直接記載・公式rule由来mapping・一意な一般則categoryのいずれでも決定できない。 collector_status=NO_ITEM_MATCH_IN_FETCHED_OFFICIAL_SOURCES
M090,I022,UNRESOLVED,,,,,TRUE,UNRESOLVED,直接記載・公式rule由来mapping・一意な一般則categoryのいずれでも決定できない。 collector_status=NO_ITEM_MATCH_IN_FETCHED_OFFICIAL_SOURCES
M090,I023,UNRESOLVED,,,,,FALSE,UNRESOLVED,直接記載・公式rule由来mapping・一意な一般則categoryのいずれでも決定できない。 collector_status=NO_ITEM_MATCH_IN_FETCHED_OFFICIAL_SOURCES
M090,I024,UNRESOLVED,,,,,FALSE,UNRESOLVED,直接記載・公式rule由来mapping・一意な一般則categoryのいずれでも決定できない。 collector_status=NO_ITEM_MATCH_IN_FETCHED_OFFICIAL_SOURCES
M090,I025,UNRESOLVED,,,,,TRUE,UNRESOLVED,直接記載・公式rule由来mapping・一意な一般則categoryのいずれでも決定できない。 collector_status=NO_ITEM_MATCH_IN_FETCHED_OFFICIAL_SOURCES
M090,I026,OFFICIAL_RULE_DERIVED,C-M090-04,３色びん・生びん・蛍光灯類・ガラス類・陶器類・廃天ぷら油・刃物・突鋭物等・小型金属類,S-M090-02,３色びん・生びん・蛍光灯類・ガラス類・陶器類・廃天ぷら油・刃物・突鋭物等・小型金属類,TRUE,CATEGORY_SUPPORTED_CONDITION_REVIEW_REQUIRED,品目の直接記載は必須とせず、既存mappingを支えるCURRENT公式category ruleから判定。 collector_status=AMBIGUOUS_CATEGORY_CANDIDATES
M090,I027,DIRECT_ITEM,C-M090-03,かん類・乾電池類・ライター・スプレー缶,S-M090-02,text-match:乾電池 + かん類・乾電池類・ライター・スプレー缶,TRUE,CATEGORY_SUPPORTED_CONDITION_REVIEW_REQUIRED,全既存branchで公式資料中の品目表記とcategoryの直接候補あり。 collector_status=ALL_EXISTING_BRANCHES_HAVE_DIRECT_CANDIDATE
M090,I028,UNRESOLVED,,,,,TRUE,UNRESOLVED,直接記載・公式rule由来mapping・一意な一般則categoryのいずれでも決定できない。 collector_status=NO_ITEM_MATCH_IN_FETCHED_OFFICIAL_SOURCES
M090,I029,UNRESOLVED,,,,,TRUE,UNRESOLVED,直接記載・公式rule由来mapping・一意な一般則categoryのいずれでも決定できない。 collector_status=NO_ITEM_MATCH_IN_FETCHED_OFFICIAL_SOURCES
M090,I030,OFFICIAL_RULE_DERIVED,C-M090-04,３色びん・生びん・蛍光灯類・ガラス類・陶器類・廃天ぷら油・刃物・突鋭物等・小型金属類,S-M090-02,３色びん・生びん・蛍光灯類・ガラス類・陶器類・廃天ぷら油・刃物・突鋭物等・小型金属類,TRUE,CATEGORY_SUPPORTED_CONDITION_REVIEW_REQUIRED,品目の直接記載は必須とせず、既存mappingを支えるCURRENT公式category ruleから判定。 collector_status=AMBIGUOUS_CATEGORY_CANDIDATES
M090,I031,UNRESOLVED,,,,,TRUE,UNRESOLVED,直接記載・公式rule由来mapping・一意な一般則categoryのいずれでも決定できない。 collector_status=NO_ITEM_MATCH_IN_FETCHED_OFFICIAL_SOURCES
M090,I032,DIRECT_ITEM,C-M090-03,かん類・乾電池類・ライター・スプレー缶,S-M090-02,text-match:スプレー缶 + かん類・乾電池類・ライター・スプレー缶,TRUE,CATEGORY_SUPPORTED_CONDITION_REVIEW_REQUIRED,全既存branchで公式資料中の品目表記とcategoryの直接候補あり。 collector_status=ALL_EXISTING_BRANCHES_HAVE_DIRECT_CANDIDATE
M090,I033,DIRECT_ITEM,C-M090-03,かん類・乾電池類・ライター・スプレー缶,S-M090-02,text-match:ライター + かん類・乾電池類・ライター・スプレー缶,TRUE,CATEGORY_SUPPORTED_CONDITION_REVIEW_REQUIRED,全既存branchで公式資料中の品目表記とcategoryの直接候補あり。 collector_status=ALL_EXISTING_BRANCHES_HAVE_DIRECT_CANDIDATE
M090,I034,UNRESOLVED,,,,,TRUE,UNRESOLVED,直接記載・公式rule由来mapping・一意な一般則categoryのいずれでも決定できない。 collector_status=NO_ITEM_MATCH_IN_FETCHED_OFFICIAL_SOURCES
M090,I035,UNRESOLVED,,,,,TRUE,UNRESOLVED,直接記載・公式rule由来mapping・一意な一般則categoryのいずれでも決定できない。 collector_status=NO_ITEM_MATCH_IN_FETCHED_OFFICIAL_SOURCES
M090,I036,UNRESOLVED,,,,,TRUE,UNRESOLVED,直接記載・公式rule由来mapping・一意な一般則categoryのいずれでも決定できない。 collector_status=NO_ITEM_MATCH_IN_FETCHED_OFFICIAL_SOURCES
M090,I037,UNRESOLVED,,,,,TRUE,UNRESOLVED,直接記載・公式rule由来mapping・一意な一般則categoryのいずれでも決定できない。 collector_status=ONE_INFERRED_CATEGORY_CANDIDATE
M090,I038,UNRESOLVED,,,,,TRUE,UNRESOLVED,直接記載・公式rule由来mapping・一意な一般則categoryのいずれでも決定できない。 collector_status=ONE_INFERRED_CATEGORY_CANDIDATE
M090,I039,UNRESOLVED,,,,,TRUE,UNRESOLVED,直接記載・公式rule由来mapping・一意な一般則categoryのいずれでも決定できない。 collector_status=NO_ITEM_MATCH_IN_FETCHED_OFFICIAL_SOURCES
M090,I040,UNRESOLVED,,,,,TRUE,UNRESOLVED,直接記載・公式rule由来mapping・一意な一般則categoryのいずれでも決定できない。 collector_status=NO_ITEM_MATCH_IN_FETCHED_OFFICIAL_SOURCES
M091,I001,OFFICIAL_RULE_DERIVED,C-M091-06,ペットボトル,S-M091-01,ペットボトル,FALSE,CATEGORY_SUPPORTED,品目の直接記載は必須とせず、既存mappingを支えるCURRENT公式category ruleから判定。 collector_status=NO_ITEM_MATCH_IN_FETCHED_OFFICIAL_SOURCES
M091,I002,UNRESOLVED,,,,,TRUE,UNRESOLVED,直接記載・公式rule由来mapping・一意な一般則categoryのいずれでも決定できない。 collector_status=NO_ITEM_MATCH_IN_FETCHED_OFFICIAL_SOURCES
M091,I003,UNRESOLVED,,,,,TRUE,UNRESOLVED,直接記載・公式rule由来mapping・一意な一般則categoryのいずれでも決定できない。 collector_status=NO_ITEM_MATCH_IN_FETCHED_OFFICIAL_SOURCES
M091,I004,OFFICIAL_RULE_DERIVED,C-M091-07,アルミ缶及びスチール缶,S-M091-01,アルミ缶及びスチール缶,FALSE,CATEGORY_SUPPORTED,品目の直接記載は必須とせず、既存mappingを支えるCURRENT公式category ruleから判定。 collector_status=NO_ITEM_MATCH_IN_FETCHED_OFFICIAL_SOURCES
M091,I005,OFFICIAL_RULE_DERIVED,C-M091-07,アルミ缶及びスチール缶,S-M091-01,アルミ缶及びスチール缶,FALSE,CATEGORY_SUPPORTED,品目の直接記載は必須とせず、既存mappingを支えるCURRENT公式category ruleから判定。 collector_status=NO_ITEM_MATCH_IN_FETCHED_OFFICIAL_SOURCES
M091,I006,OFFICIAL_RULE_DERIVED,C-M091-08|C-M091-09|C-M091-10,茶色びん|無色透明びん|その他の色びん,S-M091-01,茶色びん|無色透明びん|その他の色びん,TRUE,CATEGORY_SUPPORTED_CONDITION_REVIEW_REQUIRED,品目の直接記載は必須とせず、既存mappingを支えるCURRENT公式category ruleから判定。 collector_status=NO_ITEM_MATCH_IN_FETCHED_OFFICIAL_SOURCES
M091,I007,UNRESOLVED,,,,,TRUE,UNRESOLVED,直接記載・公式rule由来mapping・一意な一般則categoryのいずれでも決定できない。 collector_status=NO_ITEM_MATCH_IN_FETCHED_OFFICIAL_SOURCES
M091,I008,UNRESOLVED,,,,,TRUE,UNRESOLVED,直接記載・公式rule由来mapping・一意な一般則categoryのいずれでも決定できない。 collector_status=NO_ITEM_MATCH_IN_FETCHED_OFFICIAL_SOURCES
M091,I009,UNRESOLVED,,,,,TRUE,UNRESOLVED,直接記載・公式rule由来mapping・一意な一般則categoryのいずれでも決定できない。 collector_status=NO_ITEM_MATCH_IN_FETCHED_OFFICIAL_SOURCES
M091,I010,UNRESOLVED,,,,,TRUE,UNRESOLVED,直接記載・公式rule由来mapping・一意な一般則categoryのいずれでも決定できない。 collector_status=NO_ITEM_MATCH_IN_FETCHED_OFFICIAL_SOURCES
M091,I011,UNRESOLVED,,,,,TRUE,UNRESOLVED,直接記載・公式rule由来mapping・一意な一般則categoryのいずれでも決定できない。 collector_status=NO_ITEM_MATCH_IN_FETCHED_OFFICIAL_SOURCES
M091,I012,UNRESOLVED,,,,,TRUE,UNRESOLVED,直接記載・公式rule由来mapping・一意な一般則categoryのいずれでも決定できない。 collector_status=NO_ITEM_MATCH_IN_FETCHED_OFFICIAL_SOURCES
M091,I013,OFFICIAL_RULE_DERIVED,C-M091-02,新聞紙,S-M091-01,新聞紙,FALSE,CATEGORY_SUPPORTED,品目の直接記載は必須とせず、既存mappingを支えるCURRENT公式category ruleから判定。 collector_status=NO_ITEM_MATCH_IN_FETCHED_OFFICIAL_SOURCES
M091,I014,OFFICIAL_RULE_DERIVED,C-M091-03,段ボール,S-M091-01,段ボール,FALSE,CATEGORY_SUPPORTED,品目の直接記載は必須とせず、既存mappingを支えるCURRENT公式category ruleから判定。 collector_status=NO_ITEM_MATCH_IN_FETCHED_OFFICIAL_SOURCES
M091,I015,OFFICIAL_RULE_DERIVED,C-M091-05,書籍・雑誌及び資源となる紙類,S-M091-01,書籍・雑誌及び資源となる紙類,FALSE,CATEGORY_SUPPORTED,品目の直接記載は必須とせず、既存mappingを支えるCURRENT公式category ruleから判定。 collector_status=NO_ITEM_MATCH_IN_FETCHED_OFFICIAL_SOURCES
M091,I016,UNRESOLVED,,,,,FALSE,UNRESOLVED,直接記載・公式rule由来mapping・一意な一般則categoryのいずれでも決定できない。 collector_status=NO_ITEM_MATCH_IN_FETCHED_OFFICIAL_SOURCES
M091,I017,OFFICIAL_RULE_DERIVED,C-M091-04,紙パック,S-M091-01,紙パック,TRUE,CATEGORY_SUPPORTED_CONDITION_REVIEW_REQUIRED,品目の直接記載は必須とせず、既存mappingを支えるCURRENT公式category ruleから判定。 collector_status=NO_ITEM_MATCH_IN_FETCHED_OFFICIAL_SOURCES
M091,I018,OFFICIAL_RULE_DERIVED,C-M091-12,燃やすごみ,S-M091-01,燃やすごみ,TRUE,CATEGORY_SUPPORTED_CONDITION_REVIEW_REQUIRED,品目の直接記載は必須とせず、既存mappingを支えるCURRENT公式category ruleから判定。 collector_status=NO_ITEM_MATCH_IN_FETCHED_OFFICIAL_SOURCES
M091,I019,GENERAL_RULE_DERIVED,C-M091-12,燃やすごみ,S-M091-01,燃やすごみ,TRUE,CATEGORY_SUPPORTED_CONDITION_REVIEW_REQUIRED,個別記載・既存mappingなし。一般的な材質/用途ルールと一意のCURRENT公式categoryが一致。 collector_status=NO_ITEM_MATCH_IN_FETCHED_OFFICIAL_SOURCES
M091,I020,GENERAL_RULE_DERIVED,C-M091-12,燃やすごみ,S-M091-01,燃やすごみ,TRUE,CATEGORY_SUPPORTED_CONDITION_REVIEW_REQUIRED,個別記載・既存mappingなし。一般的な材質/用途ルールと一意のCURRENT公式categoryが一致。 collector_status=NO_ITEM_MATCH_IN_FETCHED_OFFICIAL_SOURCES
M091,I021,UNRESOLVED,,,,,FALSE,UNRESOLVED,直接記載・公式rule由来mapping・一意な一般則categoryのいずれでも決定できない。 collector_status=NO_ITEM_MATCH_IN_FETCHED_OFFICIAL_SOURCES
M091,I022,UNRESOLVED,,,,,TRUE,UNRESOLVED,直接記載・公式rule由来mapping・一意な一般則categoryのいずれでも決定できない。 collector_status=NO_ITEM_MATCH_IN_FETCHED_OFFICIAL_SOURCES
M091,I023,OFFICIAL_RULE_DERIVED,C-M091-14,燃えないごみ,S-M091-01,燃えないごみ,FALSE,CATEGORY_SUPPORTED,品目の直接記載は必須とせず、既存mappingを支えるCURRENT公式category ruleから判定。 collector_status=NO_ITEM_MATCH_IN_FETCHED_OFFICIAL_SOURCES
M091,I024,GENERAL_RULE_DERIVED,C-M091-14,燃えないごみ,S-M091-01,燃えないごみ,FALSE,CATEGORY_SUPPORTED,個別記載・既存mappingなし。一般的な材質/用途ルールと一意のCURRENT公式categoryが一致。 collector_status=NO_ITEM_MATCH_IN_FETCHED_OFFICIAL_SOURCES
M091,I025,UNRESOLVED,,,,,TRUE,UNRESOLVED,直接記載・公式rule由来mapping・一意な一般則categoryのいずれでも決定できない。 collector_status=NO_ITEM_MATCH_IN_FETCHED_OFFICIAL_SOURCES
M091,I026,UNRESOLVED,,,,,TRUE,UNRESOLVED,直接記載・公式rule由来mapping・一意な一般則categoryのいずれでも決定できない。 collector_status=NO_ITEM_MATCH_IN_FETCHED_OFFICIAL_SOURCES
M091,I027,OFFICIAL_RULE_DERIVED,C-M091-11,適正処理ごみ,S-M091-01,適正処理ごみ,TRUE,CATEGORY_SUPPORTED_CONDITION_REVIEW_REQUIRED,品目の直接記載は必須とせず、既存mappingを支えるCURRENT公式category ruleから判定。 collector_status=NO_ITEM_MATCH_IN_FETCHED_OFFICIAL_SOURCES
M091,I028,OFFICIAL_RULE_DERIVED,C-M091-11,適正処理ごみ,S-M091-01,適正処理ごみ,TRUE,CATEGORY_SUPPORTED_CONDITION_REVIEW_REQUIRED,品目の直接記載は必須とせず、既存mappingを支えるCURRENT公式category ruleから判定。 collector_status=NO_ITEM_MATCH_IN_FETCHED_OFFICIAL_SOURCES
M091,I029,UNRESOLVED,,,,,TRUE,UNRESOLVED,直接記載・公式rule由来mapping・一意な一般則categoryのいずれでも決定できない。 collector_status=NO_ITEM_MATCH_IN_FETCHED_OFFICIAL_SOURCES
M091,I030,OFFICIAL_RULE_DERIVED,C-M091-11,適正処理ごみ,S-M091-01,適正処理ごみ,TRUE,CATEGORY_SUPPORTED_CONDITION_REVIEW_REQUIRED,品目の直接記載は必須とせず、既存mappingを支えるCURRENT公式category ruleから判定。 collector_status=NO_ITEM_MATCH_IN_FETCHED_OFFICIAL_SOURCES
M091,I031,OFFICIAL_RULE_DERIVED,C-M091-11,適正処理ごみ,S-M091-01,適正処理ごみ,TRUE,CATEGORY_SUPPORTED_CONDITION_REVIEW_REQUIRED,品目の直接記載は必須とせず、既存mappingを支えるCURRENT公式category ruleから判定。 collector_status=NO_ITEM_MATCH_IN_FETCHED_OFFICIAL_SOURCES
M091,I032,OFFICIAL_RULE_DERIVED,C-M091-11,適正処理ごみ,S-M091-01,適正処理ごみ,TRUE,CATEGORY_SUPPORTED_CONDITION_REVIEW_REQUIRED,品目の直接記載は必須とせず、既存mappingを支えるCURRENT公式category ruleから判定。 collector_status=NO_ITEM_MATCH_IN_FETCHED_OFFICIAL_SOURCES
M091,I033,UNRESOLVED,,,,,TRUE,UNRESOLVED,直接記載・公式rule由来mapping・一意な一般則categoryのいずれでも決定できない。 collector_status=NO_ITEM_MATCH_IN_FETCHED_OFFICIAL_SOURCES
M091,I034,OFFICIAL_RULE_DERIVED,C-M091-14,燃えないごみ,S-M091-01,燃えないごみ,TRUE,CATEGORY_SUPPORTED_CONDITION_REVIEW_REQUIRED,品目の直接記載は必須とせず、既存mappingを支えるCURRENT公式category ruleから判定。 collector_status=NO_ITEM_MATCH_IN_FETCHED_OFFICIAL_SOURCES
M091,I035,UNRESOLVED,,,,,TRUE,UNRESOLVED,直接記載・公式rule由来mapping・一意な一般則categoryのいずれでも決定できない。 collector_status=NO_ITEM_MATCH_IN_FETCHED_OFFICIAL_SOURCES
M091,I036,UNRESOLVED,,,,,TRUE,UNRESOLVED,直接記載・公式rule由来mapping・一意な一般則categoryのいずれでも決定できない。 collector_status=NO_ITEM_MATCH_IN_FETCHED_OFFICIAL_SOURCES
M091,I037,UNRESOLVED,,,,,TRUE,UNRESOLVED,直接記載・公式rule由来mapping・一意な一般則categoryのいずれでも決定できない。 collector_status=NO_ITEM_MATCH_IN_FETCHED_OFFICIAL_SOURCES
M091,I038,UNRESOLVED,,,,,TRUE,UNRESOLVED,直接記載・公式rule由来mapping・一意な一般則categoryのいずれでも決定できない。 collector_status=NO_ITEM_MATCH_IN_FETCHED_OFFICIAL_SOURCES
M091,I039,UNRESOLVED,,,,,TRUE,UNRESOLVED,直接記載・公式rule由来mapping・一意な一般則categoryのいずれでも決定できない。 collector_status=NO_ITEM_MATCH_IN_FETCHED_OFFICIAL_SOURCES
M091,I040,UNRESOLVED,,,,,TRUE,UNRESOLVED,直接記載・公式rule由来mapping・一意な一般則categoryのいずれでも決定できない。 collector_status=NO_ITEM_MATCH_IN_FETCHED_OFFICIAL_SOURCES
M092,I001,UNRESOLVED,,,,,FALSE,UNRESOLVED,直接記載・公式rule由来mapping・一意な一般則categoryのいずれでも決定できない。 collector_status=AMBIGUOUS_CATEGORY_CANDIDATES
M092,I002,UNRESOLVED,,,,,TRUE,UNRESOLVED,直接記載・公式rule由来mapping・一意な一般則categoryのいずれでも決定できない。 collector_status=NO_ITEM_MATCH_IN_FETCHED_OFFICIAL_SOURCES
M092,I003,UNRESOLVED,,,,,TRUE,UNRESOLVED,直接記載・公式rule由来mapping・一意な一般則categoryのいずれでも決定できない。 collector_status=NO_ITEM_MATCH_IN_FETCHED_OFFICIAL_SOURCES
M092,I004,UNRESOLVED,,,,,FALSE,UNRESOLVED,直接記載・公式rule由来mapping・一意な一般則categoryのいずれでも決定できない。 collector_status=NO_ITEM_MATCH_IN_FETCHED_OFFICIAL_SOURCES
M092,I005,UNRESOLVED,,,,,FALSE,UNRESOLVED,直接記載・公式rule由来mapping・一意な一般則categoryのいずれでも決定できない。 collector_status=NO_ITEM_MATCH_IN_FETCHED_OFFICIAL_SOURCES
M092,I006,UNRESOLVED,,,,,TRUE,UNRESOLVED,直接記載・公式rule由来mapping・一意な一般則categoryのいずれでも決定できない。 collector_status=NO_ITEM_MATCH_IN_FETCHED_OFFICIAL_SOURCES
M092,I007,UNRESOLVED,,,,,TRUE,UNRESOLVED,直接記載・公式rule由来mapping・一意な一般則categoryのいずれでも決定できない。 collector_status=NO_ITEM_MATCH_IN_FETCHED_OFFICIAL_SOURCES
M092,I008,UNRESOLVED,,,,,TRUE,UNRESOLVED,直接記載・公式rule由来mapping・一意な一般則categoryのいずれでも決定できない。 collector_status=NO_ITEM_MATCH_IN_FETCHED_OFFICIAL_SOURCES
M092,I009,GENERAL_RULE_DERIVED,C-M092-03,プラスチック製容器包装ごみ,S-M092-01,プラスチック製容器包装ごみ,TRUE,CATEGORY_SUPPORTED_CONDITION_REVIEW_REQUIRED,個別記載・既存mappingなし。一般的な材質/用途ルールと一意のCURRENT公式categoryが一致。 collector_status=NO_ITEM_MATCH_IN_FETCHED_OFFICIAL_SOURCES
M092,I010,GENERAL_RULE_DERIVED,C-M092-03,プラスチック製容器包装ごみ,S-M092-01,プラスチック製容器包装ごみ,TRUE,CATEGORY_SUPPORTED_CONDITION_REVIEW_REQUIRED,個別記載・既存mappingなし。一般的な材質/用途ルールと一意のCURRENT公式categoryが一致。 collector_status=NO_ITEM_MATCH_IN_FETCHED_OFFICIAL_SOURCES
M092,I011,GENERAL_RULE_DERIVED,C-M092-03,プラスチック製容器包装ごみ,S-M092-01,プラスチック製容器包装ごみ,TRUE,CATEGORY_SUPPORTED_CONDITION_REVIEW_REQUIRED,個別記載・既存mappingなし。一般的な材質/用途ルールと一意のCURRENT公式categoryが一致。 collector_status=NO_ITEM_MATCH_IN_FETCHED_OFFICIAL_SOURCES
M092,I012,GENERAL_RULE_DERIVED,C-M092-03,プラスチック製容器包装ごみ,S-M092-01,プラスチック製容器包装ごみ,TRUE,CATEGORY_SUPPORTED_CONDITION_REVIEW_REQUIRED,個別記載・既存mappingなし。一般的な材質/用途ルールと一意のCURRENT公式categoryが一致。 collector_status=NO_ITEM_MATCH_IN_FETCHED_OFFICIAL_SOURCES
M092,I013,UNRESOLVED,,,,,FALSE,UNRESOLVED,直接記載・公式rule由来mapping・一意な一般則categoryのいずれでも決定できない。 collector_status=NO_ITEM_MATCH_IN_FETCHED_OFFICIAL_SOURCES
M092,I014,UNRESOLVED,,,,,FALSE,UNRESOLVED,直接記載・公式rule由来mapping・一意な一般則categoryのいずれでも決定できない。 collector_status=NO_ITEM_MATCH_IN_FETCHED_OFFICIAL_SOURCES
M092,I015,UNRESOLVED,,,,,FALSE,UNRESOLVED,直接記載・公式rule由来mapping・一意な一般則categoryのいずれでも決定できない。 collector_status=NO_ITEM_MATCH_IN_FETCHED_OFFICIAL_SOURCES
M092,I016,UNRESOLVED,,,,,FALSE,UNRESOLVED,直接記載・公式rule由来mapping・一意な一般則categoryのいずれでも決定できない。 collector_status=NO_ITEM_MATCH_IN_FETCHED_OFFICIAL_SOURCES
M092,I017,UNRESOLVED,,,,,TRUE,UNRESOLVED,直接記載・公式rule由来mapping・一意な一般則categoryのいずれでも決定できない。 collector_status=NO_ITEM_MATCH_IN_FETCHED_OFFICIAL_SOURCES
M092,I018,UNRESOLVED,,,,,FALSE,UNRESOLVED,直接記載・公式rule由来mapping・一意な一般則categoryのいずれでも決定できない。 collector_status=NO_ITEM_MATCH_IN_FETCHED_OFFICIAL_SOURCES
M092,I019,GENERAL_RULE_DERIVED,C-M092-01,可燃ごみ,S-M092-01,可燃ごみ,FALSE,CATEGORY_SUPPORTED,個別記載・既存mappingなし。一般的な材質/用途ルールと一意のCURRENT公式categoryが一致。 collector_status=NO_ITEM_MATCH_IN_FETCHED_OFFICIAL_SOURCES
M092,I020,GENERAL_RULE_DERIVED,C-M092-01,可燃ごみ,S-M092-01,可燃ごみ,FALSE,CATEGORY_SUPPORTED,個別記載・既存mappingなし。一般的な材質/用途ルールと一意のCURRENT公式categoryが一致。 collector_status=NO_ITEM_MATCH_IN_FETCHED_OFFICIAL_SOURCES
M092,I021,UNRESOLVED,,,,,FALSE,UNRESOLVED,直接記載・公式rule由来mapping・一意な一般則categoryのいずれでも決定できない。 collector_status=NO_ITEM_MATCH_IN_FETCHED_OFFICIAL_SOURCES
M092,I022,UNRESOLVED,,,,,TRUE,UNRESOLVED,直接記載・公式rule由来mapping・一意な一般則categoryのいずれでも決定できない。 collector_status=NO_ITEM_MATCH_IN_FETCHED_OFFICIAL_SOURCES
M092,I023,GENERAL_RULE_DERIVED,C-M092-02,不燃ごみ,S-M092-01,不燃ごみ,FALSE,CATEGORY_SUPPORTED,個別記載・既存mappingなし。一般的な材質/用途ルールと一意のCURRENT公式categoryが一致。 collector_status=NO_ITEM_MATCH_IN_FETCHED_OFFICIAL_SOURCES
M092,I024,GENERAL_RULE_DERIVED,C-M092-02,不燃ごみ,S-M092-01,不燃ごみ,FALSE,CATEGORY_SUPPORTED,個別記載・既存mappingなし。一般的な材質/用途ルールと一意のCURRENT公式categoryが一致。 collector_status=NO_ITEM_MATCH_IN_FETCHED_OFFICIAL_SOURCES
M092,I025,UNRESOLVED,,,,,TRUE,UNRESOLVED,直接記載・公式rule由来mapping・一意な一般則categoryのいずれでも決定できない。 collector_status=NO_ITEM_MATCH_IN_FETCHED_OFFICIAL_SOURCES
M092,I026,UNRESOLVED,,,,,TRUE,UNRESOLVED,直接記載・公式rule由来mapping・一意な一般則categoryのいずれでも決定できない。 collector_status=AMBIGUOUS_CATEGORY_CANDIDATES
M092,I027,DIRECT_ITEM,C-M092-04,資源ごみ,S-M092-02,text-match:乾電池 + 資源ごみ,TRUE,CATEGORY_SUPPORTED_CONDITION_REVIEW_REQUIRED,全既存branchで公式資料中の品目表記とcategoryの直接候補あり。 collector_status=ALL_EXISTING_BRANCHES_HAVE_DIRECT_CANDIDATE
M092,I028,UNRESOLVED,,,,,TRUE,UNRESOLVED,直接記載・公式rule由来mapping・一意な一般則categoryのいずれでも決定できない。 collector_status=NO_ITEM_MATCH_IN_FETCHED_OFFICIAL_SOURCES
M092,I029,UNRESOLVED,,,,,TRUE,UNRESOLVED,直接記載・公式rule由来mapping・一意な一般則categoryのいずれでも決定できない。 collector_status=NO_ITEM_MATCH_IN_FETCHED_OFFICIAL_SOURCES
M092,I030,UNRESOLVED,,,,,TRUE,UNRESOLVED,直接記載・公式rule由来mapping・一意な一般則categoryのいずれでも決定できない。 collector_status=NO_ITEM_MATCH_IN_FETCHED_OFFICIAL_SOURCES
M092,I031,UNRESOLVED,,,,,TRUE,UNRESOLVED,直接記載・公式rule由来mapping・一意な一般則categoryのいずれでも決定できない。 collector_status=NO_ITEM_MATCH_IN_FETCHED_OFFICIAL_SOURCES
M092,I032,UNRESOLVED,,,,,TRUE,UNRESOLVED,直接記載・公式rule由来mapping・一意な一般則categoryのいずれでも決定できない。 collector_status=NO_ITEM_MATCH_IN_FETCHED_OFFICIAL_SOURCES
M092,I033,UNRESOLVED,,,,,TRUE,UNRESOLVED,直接記載・公式rule由来mapping・一意な一般則categoryのいずれでも決定できない。 collector_status=NO_ITEM_MATCH_IN_FETCHED_OFFICIAL_SOURCES
M092,I034,UNRESOLVED,,,,,TRUE,UNRESOLVED,直接記載・公式rule由来mapping・一意な一般則categoryのいずれでも決定できない。 collector_status=NO_ITEM_MATCH_IN_FETCHED_OFFICIAL_SOURCES
M092,I035,UNRESOLVED,,,,,TRUE,UNRESOLVED,直接記載・公式rule由来mapping・一意な一般則categoryのいずれでも決定できない。 collector_status=NO_ITEM_MATCH_IN_FETCHED_OFFICIAL_SOURCES
M092,I036,UNRESOLVED,,,,,TRUE,UNRESOLVED,直接記載・公式rule由来mapping・一意な一般則categoryのいずれでも決定できない。 collector_status=NO_ITEM_MATCH_IN_FETCHED_OFFICIAL_SOURCES
M092,I037,UNRESOLVED,,,,,TRUE,UNRESOLVED,直接記載・公式rule由来mapping・一意な一般則categoryのいずれでも決定できない。 collector_status=NO_ITEM_MATCH_IN_FETCHED_OFFICIAL_SOURCES
M092,I038,UNRESOLVED,,,,,TRUE,UNRESOLVED,直接記載・公式rule由来mapping・一意な一般則categoryのいずれでも決定できない。 collector_status=NO_ITEM_MATCH_IN_FETCHED_OFFICIAL_SOURCES
M092,I039,UNRESOLVED,,,,,TRUE,UNRESOLVED,直接記載・公式rule由来mapping・一意な一般則categoryのいずれでも決定できない。 collector_status=NO_ITEM_MATCH_IN_FETCHED_OFFICIAL_SOURCES
M092,I040,UNRESOLVED,,,,,TRUE,UNRESOLVED,直接記載・公式rule由来mapping・一意な一般則categoryのいずれでも決定できない。 collector_status=NO_ITEM_MATCH_IN_FETCHED_OFFICIAL_SOURCES
M093,I001,DIRECT_ITEM,C-M093-06,ペットボトル,S-M093-01,text-match:ペットボトル + ペットボトル,FALSE,CATEGORY_SUPPORTED,全既存branchで公式資料中の品目表記とcategoryの直接候補あり。 collector_status=ALL_EXISTING_BRANCHES_HAVE_DIRECT_CANDIDATE
M093,I002,UNRESOLVED,,,,,TRUE,UNRESOLVED,直接記載・公式rule由来mapping・一意な一般則categoryのいずれでも決定できない。 collector_status=NO_ITEM_MATCH_IN_FETCHED_OFFICIAL_SOURCES
M093,I003,UNRESOLVED,,,,,TRUE,UNRESOLVED,直接記載・公式rule由来mapping・一意な一般則categoryのいずれでも決定できない。 collector_status=NO_ITEM_MATCH_IN_FETCHED_OFFICIAL_SOURCES
M093,I004,UNRESOLVED,,,,,FALSE,UNRESOLVED,直接記載・公式rule由来mapping・一意な一般則categoryのいずれでも決定できない。 collector_status=NO_ITEM_MATCH_IN_FETCHED_OFFICIAL_SOURCES
M093,I005,UNRESOLVED,,,,,FALSE,UNRESOLVED,直接記載・公式rule由来mapping・一意な一般則categoryのいずれでも決定できない。 collector_status=NO_ITEM_MATCH_IN_FETCHED_OFFICIAL_SOURCES
M093,I006,OFFICIAL_RULE_DERIVED,C-M093-05,びん類,S-M093-02,びん類,TRUE,CATEGORY_SUPPORTED_CONDITION_REVIEW_REQUIRED,品目の直接記載は必須とせず、既存mappingを支えるCURRENT公式category ruleから判定。 collector_status=NO_ITEM_MATCH_IN_FETCHED_OFFICIAL_SOURCES
M093,I007,UNRESOLVED,,,,,TRUE,UNRESOLVED,直接記載・公式rule由来mapping・一意な一般則categoryのいずれでも決定できない。 collector_status=NO_ITEM_MATCH_IN_FETCHED_OFFICIAL_SOURCES
M093,I008,UNRESOLVED,,,,,TRUE,UNRESOLVED,直接記載・公式rule由来mapping・一意な一般則categoryのいずれでも決定できない。 collector_status=NO_ITEM_MATCH_IN_FETCHED_OFFICIAL_SOURCES
M093,I009,UNRESOLVED,,,,,TRUE,UNRESOLVED,直接記載・公式rule由来mapping・一意な一般則categoryのいずれでも決定できない。 collector_status=NO_ITEM_MATCH_IN_FETCHED_OFFICIAL_SOURCES
M093,I010,UNRESOLVED,,,,,TRUE,UNRESOLVED,直接記載・公式rule由来mapping・一意な一般則categoryのいずれでも決定できない。 collector_status=NO_ITEM_MATCH_IN_FETCHED_OFFICIAL_SOURCES
M093,I011,UNRESOLVED,,,,,TRUE,UNRESOLVED,直接記載・公式rule由来mapping・一意な一般則categoryのいずれでも決定できない。 collector_status=NO_ITEM_MATCH_IN_FETCHED_OFFICIAL_SOURCES
M093,I012,UNRESOLVED,,,,,TRUE,UNRESOLVED,直接記載・公式rule由来mapping・一意な一般則categoryのいずれでも決定できない。 collector_status=NO_ITEM_MATCH_IN_FETCHED_OFFICIAL_SOURCES
M093,I013,OFFICIAL_RULE_DERIVED,C-M093-09,古新聞・古雑誌,S-M093-02,古新聞・古雑誌,FALSE,CATEGORY_SUPPORTED,品目の直接記載は必須とせず、既存mappingを支えるCURRENT公式category ruleから判定。 collector_status=NO_ITEM_MATCH_IN_FETCHED_OFFICIAL_SOURCES
M093,I014,OFFICIAL_RULE_DERIVED,C-M093-07,紙パック・段ボール,S-M093-02,紙パック・段ボール,FALSE,CATEGORY_SUPPORTED,品目の直接記載は必須とせず、既存mappingを支えるCURRENT公式category ruleから判定。 collector_status=NO_ITEM_MATCH_IN_FETCHED_OFFICIAL_SOURCES
M093,I015,OFFICIAL_RULE_DERIVED,C-M093-09,古新聞・古雑誌,S-M093-02,古新聞・古雑誌,FALSE,CATEGORY_SUPPORTED,品目の直接記載は必須とせず、既存mappingを支えるCURRENT公式category ruleから判定。 collector_status=NO_ITEM_MATCH_IN_FETCHED_OFFICIAL_SOURCES
M093,I016,UNRESOLVED,,,,,FALSE,UNRESOLVED,直接記載・公式rule由来mapping・一意な一般則categoryのいずれでも決定できない。 collector_status=NO_ITEM_MATCH_IN_FETCHED_OFFICIAL_SOURCES
M093,I017,OFFICIAL_RULE_DERIVED,C-M093-07,紙パック・段ボール,S-M093-02,紙パック・段ボール,TRUE,CATEGORY_SUPPORTED_CONDITION_REVIEW_REQUIRED,品目の直接記載は必須とせず、既存mappingを支えるCURRENT公式category ruleから判定。 collector_status=NO_ITEM_MATCH_IN_FETCHED_OFFICIAL_SOURCES
M093,I018,UNRESOLVED,,,,,FALSE,UNRESOLVED,直接記載・公式rule由来mapping・一意な一般則categoryのいずれでも決定できない。 collector_status=NO_ITEM_MATCH_IN_FETCHED_OFFICIAL_SOURCES
M093,I019,UNRESOLVED,,,,,FALSE,UNRESOLVED,一般則候補categoryが複数(2)のため自動決定しない。 collector_status=NO_ITEM_MATCH_IN_FETCHED_OFFICIAL_SOURCES
M093,I020,UNRESOLVED,,,,,FALSE,UNRESOLVED,一般則候補categoryが複数(2)のため自動決定しない。 collector_status=NO_ITEM_MATCH_IN_FETCHED_OFFICIAL_SOURCES
M093,I021,UNRESOLVED,,,,,FALSE,UNRESOLVED,直接記載・公式rule由来mapping・一意な一般則categoryのいずれでも決定できない。 collector_status=AMBIGUOUS_CATEGORY_CANDIDATES
M093,I022,UNRESOLVED,,,,,TRUE,UNRESOLVED,直接記載・公式rule由来mapping・一意な一般則categoryのいずれでも決定できない。 collector_status=NO_ITEM_MATCH_IN_FETCHED_OFFICIAL_SOURCES
M093,I023,UNRESOLVED,,,,,FALSE,UNRESOLVED,一般則候補categoryが複数(2)のため自動決定しない。 collector_status=NO_ITEM_MATCH_IN_FETCHED_OFFICIAL_SOURCES
M093,I024,UNRESOLVED,,,,,FALSE,UNRESOLVED,一般則候補categoryが複数(2)のため自動決定しない。 collector_status=NO_ITEM_MATCH_IN_FETCHED_OFFICIAL_SOURCES
M093,I025,UNRESOLVED,,,,,TRUE,UNRESOLVED,直接記載・公式rule由来mapping・一意な一般則categoryのいずれでも決定できない。 collector_status=NO_ITEM_MATCH_IN_FETCHED_OFFICIAL_SOURCES
M093,I026,UNRESOLVED,,,,,TRUE,UNRESOLVED,直接記載・公式rule由来mapping・一意な一般則categoryのいずれでも決定できない。 collector_status=NO_ITEM_MATCH_IN_FETCHED_OFFICIAL_SOURCES
M093,I027,UNRESOLVED,,,,,TRUE,UNRESOLVED,直接記載・公式rule由来mapping・一意な一般則categoryのいずれでも決定できない。 collector_status=NO_ITEM_MATCH_IN_FETCHED_OFFICIAL_SOURCES
M093,I028,UNRESOLVED,,,,,TRUE,UNRESOLVED,直接記載・公式rule由来mapping・一意な一般則categoryのいずれでも決定できない。 collector_status=NO_ITEM_MATCH_IN_FETCHED_OFFICIAL_SOURCES
M093,I029,UNRESOLVED,,,,,TRUE,UNRESOLVED,直接記載・公式rule由来mapping・一意な一般則categoryのいずれでも決定できない。 collector_status=NO_ITEM_MATCH_IN_FETCHED_OFFICIAL_SOURCES
M093,I030,DIRECT_ITEM,C-M093-12,蛍光管,S-M093-01,text-match:蛍光管 + 蛍光管,TRUE,CATEGORY_SUPPORTED_CONDITION_REVIEW_REQUIRED,全既存branchで公式資料中の品目表記とcategoryの直接候補あり。 collector_status=ALL_EXISTING_BRANCHES_HAVE_DIRECT_CANDIDATE
M093,I031,UNRESOLVED,,,,,TRUE,UNRESOLVED,直接記載・公式rule由来mapping・一意な一般則categoryのいずれでも決定できない。 collector_status=NO_ITEM_MATCH_IN_FETCHED_OFFICIAL_SOURCES
M093,I032,UNRESOLVED,,,,,TRUE,UNRESOLVED,直接記載・公式rule由来mapping・一意な一般則categoryのいずれでも決定できない。 collector_status=NO_ITEM_MATCH_IN_FETCHED_OFFICIAL_SOURCES
M093,I033,UNRESOLVED,,,,,TRUE,UNRESOLVED,直接記載・公式rule由来mapping・一意な一般則categoryのいずれでも決定できない。 collector_status=NO_ITEM_MATCH_IN_FETCHED_OFFICIAL_SOURCES
M093,I034,UNRESOLVED,,,,,TRUE,UNRESOLVED,直接記載・公式rule由来mapping・一意な一般則categoryのいずれでも決定できない。 collector_status=NO_ITEM_MATCH_IN_FETCHED_OFFICIAL_SOURCES
M093,I035,UNRESOLVED,,,,,TRUE,UNRESOLVED,直接記載・公式rule由来mapping・一意な一般則categoryのいずれでも決定できない。 collector_status=NO_ITEM_MATCH_IN_FETCHED_OFFICIAL_SOURCES
M093,I036,UNRESOLVED,,,,,TRUE,UNRESOLVED,直接記載・公式rule由来mapping・一意な一般則categoryのいずれでも決定できない。 collector_status=NO_ITEM_MATCH_IN_FETCHED_OFFICIAL_SOURCES
M093,I037,UNRESOLVED,,,,,TRUE,UNRESOLVED,直接記載・公式rule由来mapping・一意な一般則categoryのいずれでも決定できない。 collector_status=AMBIGUOUS_CATEGORY_CANDIDATES
M093,I038,UNRESOLVED,,,,,TRUE,UNRESOLVED,直接記載・公式rule由来mapping・一意な一般則categoryのいずれでも決定できない。 collector_status=AMBIGUOUS_CATEGORY_CANDIDATES
M093,I039,UNRESOLVED,,,,,TRUE,UNRESOLVED,直接記載・公式rule由来mapping・一意な一般則categoryのいずれでも決定できない。 collector_status=NO_ITEM_MATCH_IN_FETCHED_OFFICIAL_SOURCES
M093,I040,UNRESOLVED,,,,,TRUE,UNRESOLVED,直接記載・公式rule由来mapping・一意な一般則categoryのいずれでも決定できない。 collector_status=NO_ITEM_MATCH_IN_FETCHED_OFFICIAL_SOURCES
M094,I001,OFFICIAL_RULE_DERIVED,C-M094-02,ペットボトル,S-M094-01,ペットボトル,TRUE,CATEGORY_SUPPORTED_CONDITION_REVIEW_REQUIRED,品目の直接記載は必須とせず、既存mappingを支えるCURRENT公式category ruleから判定。 collector_status=NO_ITEM_MATCH_IN_FETCHED_OFFICIAL_SOURCES
M094,I002,OFFICIAL_RULE_DERIVED,C-M094-03,リサイクルプラ,S-M094-01,リサイクルプラ,TRUE,CATEGORY_SUPPORTED_CONDITION_REVIEW_REQUIRED,品目の直接記載は必須とせず、既存mappingを支えるCURRENT公式category ruleから判定。 collector_status=NO_ITEM_MATCH_IN_FETCHED_OFFICIAL_SOURCES
M094,I003,OFFICIAL_RULE_DERIVED,C-M094-03,リサイクルプラ,S-M094-01,リサイクルプラ,TRUE,CATEGORY_SUPPORTED_CONDITION_REVIEW_REQUIRED,品目の直接記載は必須とせず、既存mappingを支えるCURRENT公式category ruleから判定。 collector_status=NO_ITEM_MATCH_IN_FETCHED_OFFICIAL_SOURCES
M094,I004,UNRESOLVED,,,,,FALSE,UNRESOLVED,直接記載・公式rule由来mapping・一意な一般則categoryのいずれでも決定できない。 collector_status=NO_ITEM_MATCH_IN_FETCHED_OFFICIAL_SOURCES
M094,I005,UNRESOLVED,,,,,FALSE,UNRESOLVED,直接記載・公式rule由来mapping・一意な一般則categoryのいずれでも決定できない。 collector_status=NO_ITEM_MATCH_IN_FETCHED_OFFICIAL_SOURCES
M094,I006,UNRESOLVED,,,,,TRUE,UNRESOLVED,直接記載・公式rule由来mapping・一意な一般則categoryのいずれでも決定できない。 collector_status=NO_ITEM_MATCH_IN_FETCHED_OFFICIAL_SOURCES
M094,I007,UNRESOLVED,,,,,TRUE,UNRESOLVED,直接記載・公式rule由来mapping・一意な一般則categoryのいずれでも決定できない。 collector_status=NO_ITEM_MATCH_IN_FETCHED_OFFICIAL_SOURCES
M094,I008,UNRESOLVED,,,,,TRUE,UNRESOLVED,直接記載・公式rule由来mapping・一意な一般則categoryのいずれでも決定できない。 collector_status=NO_ITEM_MATCH_IN_FETCHED_OFFICIAL_SOURCES
M094,I009,UNRESOLVED,,,,,TRUE,UNRESOLVED,直接記載・公式rule由来mapping・一意な一般則categoryのいずれでも決定できない。 collector_status=NO_ITEM_MATCH_IN_FETCHED_OFFICIAL_SOURCES
M094,I010,UNRESOLVED,,,,,TRUE,UNRESOLVED,直接記載・公式rule由来mapping・一意な一般則categoryのいずれでも決定できない。 collector_status=NO_ITEM_MATCH_IN_FETCHED_OFFICIAL_SOURCES
M094,I011,UNRESOLVED,,,,,TRUE,UNRESOLVED,直接記載・公式rule由来mapping・一意な一般則categoryのいずれでも決定できない。 collector_status=NO_ITEM_MATCH_IN_FETCHED_OFFICIAL_SOURCES
M094,I012,OFFICIAL_RULE_DERIVED,C-M094-03,リサイクルプラ,S-M094-01,リサイクルプラ,TRUE,CATEGORY_SUPPORTED_CONDITION_REVIEW_REQUIRED,品目の直接記載は必須とせず、既存mappingを支えるCURRENT公式category ruleから判定。 collector_status=NO_ITEM_MATCH_IN_FETCHED_OFFICIAL_SOURCES
M094,I013,UNRESOLVED,,,,,FALSE,UNRESOLVED,直接記載・公式rule由来mapping・一意な一般則categoryのいずれでも決定できない。 collector_status=NO_ITEM_MATCH_IN_FETCHED_OFFICIAL_SOURCES
M094,I014,UNRESOLVED,,,,,FALSE,UNRESOLVED,直接記載・公式rule由来mapping・一意な一般則categoryのいずれでも決定できない。 collector_status=NO_ITEM_MATCH_IN_FETCHED_OFFICIAL_SOURCES
M094,I015,UNRESOLVED,,,,,FALSE,UNRESOLVED,直接記載・公式rule由来mapping・一意な一般則categoryのいずれでも決定できない。 collector_status=NO_ITEM_MATCH_IN_FETCHED_OFFICIAL_SOURCES
M094,I016,UNRESOLVED,,,,,FALSE,UNRESOLVED,直接記載・公式rule由来mapping・一意な一般則categoryのいずれでも決定できない。 collector_status=NO_ITEM_MATCH_IN_FETCHED_OFFICIAL_SOURCES
M094,I017,UNRESOLVED,,,,,TRUE,UNRESOLVED,直接記載・公式rule由来mapping・一意な一般則categoryのいずれでも決定できない。 collector_status=NO_ITEM_MATCH_IN_FETCHED_OFFICIAL_SOURCES
M094,I018,OFFICIAL_RULE_DERIVED,C-M094-01,可燃ごみ,S-M094-01,可燃ごみ,TRUE,CATEGORY_SUPPORTED_CONDITION_REVIEW_REQUIRED,品目の直接記載は必須とせず、既存mappingを支えるCURRENT公式category ruleから判定。 collector_status=NO_ITEM_MATCH_IN_FETCHED_OFFICIAL_SOURCES
M094,I019,GENERAL_RULE_DERIVED,C-M094-01,可燃ごみ,S-M094-01,可燃ごみ,TRUE,CATEGORY_SUPPORTED_CONDITION_REVIEW_REQUIRED,個別記載・既存mappingなし。一般的な材質/用途ルールと一意のCURRENT公式categoryが一致。 collector_status=NO_ITEM_MATCH_IN_FETCHED_OFFICIAL_SOURCES
M094,I020,OFFICIAL_RULE_DERIVED,C-M094-01,可燃ごみ,S-M094-01,可燃ごみ,TRUE,CATEGORY_SUPPORTED_CONDITION_REVIEW_REQUIRED,品目の直接記載は必須とせず、既存mappingを支えるCURRENT公式category ruleから判定。 collector_status=NO_ITEM_MATCH_IN_FETCHED_OFFICIAL_SOURCES
M094,I021,OFFICIAL_RULE_DERIVED,C-M094-06,資源ごみ,S-M094-01,資源ごみ,TRUE,CATEGORY_SUPPORTED_CONDITION_REVIEW_REQUIRED,品目の直接記載は必須とせず、既存mappingを支えるCURRENT公式category ruleから判定。 collector_status=NO_ITEM_MATCH_IN_FETCHED_OFFICIAL_SOURCES
M094,I022,OFFICIAL_RULE_DERIVED,C-M094-05,不燃ごみ,S-M094-02,不燃ごみ欄,TRUE,CATEGORY_SUPPORTED_CONDITION_REVIEW_REQUIRED,品目の直接記載は必須とせず、既存mappingを支えるCURRENT公式category ruleから判定。 collector_status=NO_ITEM_MATCH_IN_FETCHED_OFFICIAL_SOURCES
M094,I023,OFFICIAL_RULE_DERIVED,C-M094-05,不燃ごみ,S-M094-02,不燃ごみ欄,TRUE,CATEGORY_SUPPORTED_CONDITION_REVIEW_REQUIRED,品目の直接記載は必須とせず、既存mappingを支えるCURRENT公式category ruleから判定。 collector_status=NO_ITEM_MATCH_IN_FETCHED_OFFICIAL_SOURCES
M094,I024,GENERAL_RULE_DERIVED,C-M094-05,不燃ごみ,S-M094-02,不燃ごみ欄,TRUE,CATEGORY_SUPPORTED_CONDITION_REVIEW_REQUIRED,個別記載・既存mappingなし。一般的な材質/用途ルールと一意のCURRENT公式categoryが一致。 collector_status=NO_ITEM_MATCH_IN_FETCHED_OFFICIAL_SOURCES
M094,I025,UNRESOLVED,,,,,TRUE,UNRESOLVED,直接記載・公式rule由来mapping・一意な一般則categoryのいずれでも決定できない。 collector_status=NO_ITEM_MATCH_IN_FETCHED_OFFICIAL_SOURCES
M094,I026,UNRESOLVED,,,,,TRUE,UNRESOLVED,直接記載・公式rule由来mapping・一意な一般則categoryのいずれでも決定できない。 collector_status=NO_ITEM_MATCH_IN_FETCHED_OFFICIAL_SOURCES
M094,I027,OFFICIAL_RULE_DERIVED,C-M094-07,有害ごみ,S-M094-01,有害ごみ,TRUE,CATEGORY_SUPPORTED_CONDITION_REVIEW_REQUIRED,品目の直接記載は必須とせず、既存mappingを支えるCURRENT公式category ruleから判定。 collector_status=NO_ITEM_MATCH_IN_FETCHED_OFFICIAL_SOURCES
M094,I028,OFFICIAL_RULE_DERIVED,C-M094-07,有害ごみ,S-M094-01,有害ごみ,TRUE,CATEGORY_SUPPORTED_CONDITION_REVIEW_REQUIRED,品目の直接記載は必須とせず、既存mappingを支えるCURRENT公式category ruleから判定。 collector_status=NO_ITEM_MATCH_IN_FETCHED_OFFICIAL_SOURCES
M094,I029,OFFICIAL_RULE_DERIVED,C-M094-07,有害ごみ,S-M094-01,有害ごみ,TRUE,CATEGORY_SUPPORTED_CONDITION_REVIEW_REQUIRED,品目の直接記載は必須とせず、既存mappingを支えるCURRENT公式category ruleから判定。 collector_status=NO_ITEM_MATCH_IN_FETCHED_OFFICIAL_SOURCES
M094,I030,OFFICIAL_RULE_DERIVED,C-M094-07,有害ごみ,S-M094-01,有害ごみ,TRUE,CATEGORY_SUPPORTED_CONDITION_REVIEW_REQUIRED,品目の直接記載は必須とせず、既存mappingを支えるCURRENT公式category ruleから判定。 collector_status=NO_ITEM_MATCH_IN_FETCHED_OFFICIAL_SOURCES
M094,I031,UNRESOLVED,,,,,TRUE,UNRESOLVED,直接記載・公式rule由来mapping・一意な一般則categoryのいずれでも決定できない。 collector_status=NO_ITEM_MATCH_IN_FETCHED_OFFICIAL_SOURCES
M094,I032,UNRESOLVED,,,,,TRUE,UNRESOLVED,直接記載・公式rule由来mapping・一意な一般則categoryのいずれでも決定できない。 collector_status=NO_ITEM_MATCH_IN_FETCHED_OFFICIAL_SOURCES
M094,I033,UNRESOLVED,,,,,TRUE,UNRESOLVED,直接記載・公式rule由来mapping・一意な一般則categoryのいずれでも決定できない。 collector_status=NO_ITEM_MATCH_IN_FETCHED_OFFICIAL_SOURCES
M094,I034,OFFICIAL_RULE_DERIVED,C-M094-05,不燃ごみ,S-M094-02,不燃ごみ欄,TRUE,CATEGORY_SUPPORTED_CONDITION_REVIEW_REQUIRED,品目の直接記載は必須とせず、既存mappingを支えるCURRENT公式category ruleから判定。 collector_status=NO_ITEM_MATCH_IN_FETCHED_OFFICIAL_SOURCES
M094,I035,UNRESOLVED,,,,,TRUE,UNRESOLVED,直接記載・公式rule由来mapping・一意な一般則categoryのいずれでも決定できない。 collector_status=NO_ITEM_MATCH_IN_FETCHED_OFFICIAL_SOURCES
M094,I036,UNRESOLVED,,,,,TRUE,UNRESOLVED,直接記載・公式rule由来mapping・一意な一般則categoryのいずれでも決定できない。 collector_status=NO_ITEM_MATCH_IN_FETCHED_OFFICIAL_SOURCES
M094,I037,UNRESOLVED,,,,,TRUE,UNRESOLVED,直接記載・公式rule由来mapping・一意な一般則categoryのいずれでも決定できない。 collector_status=NO_ITEM_MATCH_IN_FETCHED_OFFICIAL_SOURCES
M094,I038,UNRESOLVED,,,,,TRUE,UNRESOLVED,既存mappingの全branchをCURRENT公式category ruleで裏付けられないため未解決。 collector_status=NO_ITEM_MATCH_IN_FETCHED_OFFICIAL_SOURCES
M094,I039,UNRESOLVED,,,,,TRUE,UNRESOLVED,直接記載・公式rule由来mapping・一意な一般則categoryのいずれでも決定できない。 collector_status=NO_ITEM_MATCH_IN_FETCHED_OFFICIAL_SOURCES
M094,I040,UNRESOLVED,,,,,TRUE,UNRESOLVED,直接記載・公式rule由来mapping・一意な一般則categoryのいずれでも決定できない。 collector_status=NO_ITEM_MATCH_IN_FETCHED_OFFICIAL_SOURCES
M095,I001,OFFICIAL_RULE_DERIVED,C-M095-05,資源物（びん類・缶類・ペットボトル）,S-M095-01,資源物（びん類・缶類・ペットボトル）,FALSE,CATEGORY_SUPPORTED,品目の直接記載は必須とせず、既存mappingを支えるCURRENT公式category ruleから判定。 collector_status=NO_ITEM_MATCH_IN_FETCHED_OFFICIAL_SOURCES
M095,I002,UNRESOLVED,,,,,TRUE,UNRESOLVED,直接記載・公式rule由来mapping・一意な一般則categoryのいずれでも決定できない。 collector_status=NO_ITEM_MATCH_IN_FETCHED_OFFICIAL_SOURCES
M095,I003,UNRESOLVED,,,,,TRUE,UNRESOLVED,直接記載・公式rule由来mapping・一意な一般則categoryのいずれでも決定できない。 collector_status=NO_ITEM_MATCH_IN_FETCHED_OFFICIAL_SOURCES
M095,I004,UNRESOLVED,,,,,FALSE,UNRESOLVED,直接記載・公式rule由来mapping・一意な一般則categoryのいずれでも決定できない。 collector_status=NO_ITEM_MATCH_IN_FETCHED_OFFICIAL_SOURCES
M095,I005,UNRESOLVED,,,,,FALSE,UNRESOLVED,直接記載・公式rule由来mapping・一意な一般則categoryのいずれでも決定できない。 collector_status=NO_ITEM_MATCH_IN_FETCHED_OFFICIAL_SOURCES
M095,I006,OFFICIAL_RULE_DERIVED,C-M095-05,資源物（びん類・缶類・ペットボトル）,S-M095-01,資源物（びん類・缶類・ペットボトル）,TRUE,CATEGORY_SUPPORTED_CONDITION_REVIEW_REQUIRED,品目の直接記載は必須とせず、既存mappingを支えるCURRENT公式category ruleから判定。 collector_status=NO_ITEM_MATCH_IN_FETCHED_OFFICIAL_SOURCES
M095,I007,UNRESOLVED,,,,,TRUE,UNRESOLVED,直接記載・公式rule由来mapping・一意な一般則categoryのいずれでも決定できない。 collector_status=NO_ITEM_MATCH_IN_FETCHED_OFFICIAL_SOURCES
M095,I008,UNRESOLVED,,,,,TRUE,UNRESOLVED,直接記載・公式rule由来mapping・一意な一般則categoryのいずれでも決定できない。 collector_status=NO_ITEM_MATCH_IN_FETCHED_OFFICIAL_SOURCES
M095,I009,UNRESOLVED,,,,,TRUE,UNRESOLVED,直接記載・公式rule由来mapping・一意な一般則categoryのいずれでも決定できない。 collector_status=NO_ITEM_MATCH_IN_FETCHED_OFFICIAL_SOURCES
M095,I010,UNRESOLVED,,,,,TRUE,UNRESOLVED,直接記載・公式rule由来mapping・一意な一般則categoryのいずれでも決定できない。 collector_status=NO_ITEM_MATCH_IN_FETCHED_OFFICIAL_SOURCES
M095,I011,UNRESOLVED,,,,,TRUE,UNRESOLVED,直接記載・公式rule由来mapping・一意な一般則categoryのいずれでも決定できない。 collector_status=NO_ITEM_MATCH_IN_FETCHED_OFFICIAL_SOURCES
M095,I012,UNRESOLVED,,,,,TRUE,UNRESOLVED,直接記載・公式rule由来mapping・一意な一般則categoryのいずれでも決定できない。 collector_status=NO_ITEM_MATCH_IN_FETCHED_OFFICIAL_SOURCES
M095,I013,UNRESOLVED,,,,,FALSE,UNRESOLVED,直接記載・公式rule由来mapping・一意な一般則categoryのいずれでも決定できない。 collector_status=NO_ITEM_MATCH_IN_FETCHED_OFFICIAL_SOURCES
M095,I014,UNRESOLVED,,,,,FALSE,UNRESOLVED,直接記載・公式rule由来mapping・一意な一般則categoryのいずれでも決定できない。 collector_status=NO_ITEM_MATCH_IN_FETCHED_OFFICIAL_SOURCES
M095,I015,UNRESOLVED,,,,,FALSE,UNRESOLVED,直接記載・公式rule由来mapping・一意な一般則categoryのいずれでも決定できない。 collector_status=NO_ITEM_MATCH_IN_FETCHED_OFFICIAL_SOURCES
M095,I016,UNRESOLVED,,,,,FALSE,UNRESOLVED,直接記載・公式rule由来mapping・一意な一般則categoryのいずれでも決定できない。 collector_status=NO_ITEM_MATCH_IN_FETCHED_OFFICIAL_SOURCES
M095,I017,UNRESOLVED,,,,,TRUE,UNRESOLVED,直接記載・公式rule由来mapping・一意な一般則categoryのいずれでも決定できない。 collector_status=NO_ITEM_MATCH_IN_FETCHED_OFFICIAL_SOURCES
M095,I018,UNRESOLVED,,,,,FALSE,UNRESOLVED,直接記載・公式rule由来mapping・一意な一般則categoryのいずれでも決定できない。 collector_status=NO_ITEM_MATCH_IN_FETCHED_OFFICIAL_SOURCES
M095,I019,GENERAL_RULE_DERIVED,C-M095-01,燃えるごみ,S-M095-01,燃えるごみ,FALSE,CATEGORY_SUPPORTED,個別記載・既存mappingなし。一般的な材質/用途ルールと一意のCURRENT公式categoryが一致。 collector_status=NO_ITEM_MATCH_IN_FETCHED_OFFICIAL_SOURCES
M095,I020,GENERAL_RULE_DERIVED,C-M095-01,燃えるごみ,S-M095-01,燃えるごみ,FALSE,CATEGORY_SUPPORTED,個別記載・既存mappingなし。一般的な材質/用途ルールと一意のCURRENT公式categoryが一致。 collector_status=NO_ITEM_MATCH_IN_FETCHED_OFFICIAL_SOURCES
M095,I021,OFFICIAL_RULE_DERIVED,C-M095-01,燃えるごみ,S-M095-01,燃えるごみ,FALSE,CATEGORY_SUPPORTED,品目の直接記載は必須とせず、既存mappingを支えるCURRENT公式category ruleから判定。 collector_status=NO_ITEM_MATCH_IN_FETCHED_OFFICIAL_SOURCES
M095,I022,UNRESOLVED,,,,,TRUE,UNRESOLVED,直接記載・公式rule由来mapping・一意な一般則categoryのいずれでも決定できない。 collector_status=NO_ITEM_MATCH_IN_FETCHED_OFFICIAL_SOURCES
M095,I023,OFFICIAL_RULE_DERIVED,C-M095-02,燃えないごみ,S-M095-01,燃えないごみ,FALSE,CATEGORY_SUPPORTED,品目の直接記載は必須とせず、既存mappingを支えるCURRENT公式category ruleから判定。 collector_status=NO_ITEM_MATCH_IN_FETCHED_OFFICIAL_SOURCES
M095,I024,GENERAL_RULE_DERIVED,C-M095-02,燃えないごみ,S-M095-01,燃えないごみ,FALSE,CATEGORY_SUPPORTED,個別記載・既存mappingなし。一般的な材質/用途ルールと一意のCURRENT公式categoryが一致。 collector_status=NO_ITEM_MATCH_IN_FETCHED_OFFICIAL_SOURCES
M095,I025,UNRESOLVED,,,,,TRUE,UNRESOLVED,直接記載・公式rule由来mapping・一意な一般則categoryのいずれでも決定できない。 collector_status=NO_ITEM_MATCH_IN_FETCHED_OFFICIAL_SOURCES
M095,I026,UNRESOLVED,,,,,TRUE,UNRESOLVED,直接記載・公式rule由来mapping・一意な一般則categoryのいずれでも決定できない。 collector_status=NO_ITEM_MATCH_IN_FETCHED_OFFICIAL_SOURCES
M095,I027,UNRESOLVED,,,,,TRUE,UNRESOLVED,直接記載・公式rule由来mapping・一意な一般則categoryのいずれでも決定できない。 collector_status=NO_ITEM_MATCH_IN_FETCHED_OFFICIAL_SOURCES
M095,I028,UNRESOLVED,,,,,TRUE,UNRESOLVED,直接記載・公式rule由来mapping・一意な一般則categoryのいずれでも決定できない。 collector_status=NO_ITEM_MATCH_IN_FETCHED_OFFICIAL_SOURCES
M095,I029,UNRESOLVED,,,,,TRUE,UNRESOLVED,直接記載・公式rule由来mapping・一意な一般則categoryのいずれでも決定できない。 collector_status=NO_ITEM_MATCH_IN_FETCHED_OFFICIAL_SOURCES
M095,I030,OFFICIAL_RULE_DERIVED,C-M095-07,有害・危険ごみ,S-M095-01,有害・危険ごみ,TRUE,CATEGORY_SUPPORTED_CONDITION_REVIEW_REQUIRED,品目の直接記載は必須とせず、既存mappingを支えるCURRENT公式category ruleから判定。 collector_status=NO_ITEM_MATCH_IN_FETCHED_OFFICIAL_SOURCES
M095,I031,UNRESOLVED,,,,,TRUE,UNRESOLVED,直接記載・公式rule由来mapping・一意な一般則categoryのいずれでも決定できない。 collector_status=NO_ITEM_MATCH_IN_FETCHED_OFFICIAL_SOURCES
M095,I032,OFFICIAL_RULE_DERIVED,C-M095-07,有害・危険ごみ,S-M095-01,有害・危険ごみ,TRUE,CATEGORY_SUPPORTED_CONDITION_REVIEW_REQUIRED,品目の直接記載は必須とせず、既存mappingを支えるCURRENT公式category ruleから判定。 collector_status=NO_ITEM_MATCH_IN_FETCHED_OFFICIAL_SOURCES
M095,I033,OFFICIAL_RULE_DERIVED,C-M095-07,有害・危険ごみ,S-M095-01,有害・危険ごみ,TRUE,CATEGORY_SUPPORTED_CONDITION_REVIEW_REQUIRED,品目の直接記載は必須とせず、既存mappingを支えるCURRENT公式category ruleから判定。 collector_status=NO_ITEM_MATCH_IN_FETCHED_OFFICIAL_SOURCES
M095,I034,OFFICIAL_RULE_DERIVED,C-M095-02,燃えないごみ,S-M095-01,燃えないごみ,TRUE,CATEGORY_SUPPORTED_CONDITION_REVIEW_REQUIRED,品目の直接記載は必須とせず、既存mappingを支えるCURRENT公式category ruleから判定。 collector_status=NO_ITEM_MATCH_IN_FETCHED_OFFICIAL_SOURCES
M095,I035,UNRESOLVED,,,,,TRUE,UNRESOLVED,直接記載・公式rule由来mapping・一意な一般則categoryのいずれでも決定できない。 collector_status=NO_ITEM_MATCH_IN_FETCHED_OFFICIAL_SOURCES
M095,I036,UNRESOLVED,,,,,TRUE,UNRESOLVED,直接記載・公式rule由来mapping・一意な一般則categoryのいずれでも決定できない。 collector_status=NO_ITEM_MATCH_IN_FETCHED_OFFICIAL_SOURCES
M095,I037,UNRESOLVED,,,,,TRUE,UNRESOLVED,直接記載・公式rule由来mapping・一意な一般則categoryのいずれでも決定できない。 collector_status=NO_ITEM_MATCH_IN_FETCHED_OFFICIAL_SOURCES
M095,I038,UNRESOLVED,,,,,TRUE,UNRESOLVED,直接記載・公式rule由来mapping・一意な一般則categoryのいずれでも決定できない。 collector_status=NO_ITEM_MATCH_IN_FETCHED_OFFICIAL_SOURCES
M095,I039,UNRESOLVED,,,,,TRUE,UNRESOLVED,直接記載・公式rule由来mapping・一意な一般則categoryのいずれでも決定できない。 collector_status=NO_ITEM_MATCH_IN_FETCHED_OFFICIAL_SOURCES
M095,I040,UNRESOLVED,,,,,TRUE,UNRESOLVED,直接記載・公式rule由来mapping・一意な一般則categoryのいずれでも決定できない。 collector_status=NO_ITEM_MATCH_IN_FETCHED_OFFICIAL_SOURCES
M096,I001,UNRESOLVED,,,,,FALSE,UNRESOLVED,直接記載・公式rule由来mapping・一意な一般則categoryのいずれでも決定できない。 collector_status=NO_ITEM_MATCH_IN_FETCHED_OFFICIAL_SOURCES
M096,I002,UNRESOLVED,,,,,TRUE,UNRESOLVED,直接記載・公式rule由来mapping・一意な一般則categoryのいずれでも決定できない。 collector_status=NO_ITEM_MATCH_IN_FETCHED_OFFICIAL_SOURCES
M096,I003,UNRESOLVED,,,,,TRUE,UNRESOLVED,直接記載・公式rule由来mapping・一意な一般則categoryのいずれでも決定できない。 collector_status=NO_ITEM_MATCH_IN_FETCHED_OFFICIAL_SOURCES
M096,I004,UNRESOLVED,,,,,FALSE,UNRESOLVED,直接記載・公式rule由来mapping・一意な一般則categoryのいずれでも決定できない。 collector_status=NO_ITEM_MATCH_IN_FETCHED_OFFICIAL_SOURCES
M096,I005,UNRESOLVED,,,,,FALSE,UNRESOLVED,直接記載・公式rule由来mapping・一意な一般則categoryのいずれでも決定できない。 collector_status=NO_ITEM_MATCH_IN_FETCHED_OFFICIAL_SOURCES
M096,I006,UNRESOLVED,,,,,TRUE,UNRESOLVED,直接記載・公式rule由来mapping・一意な一般則categoryのいずれでも決定できない。 collector_status=NO_ITEM_MATCH_IN_FETCHED_OFFICIAL_SOURCES
M096,I007,UNRESOLVED,,,,,TRUE,UNRESOLVED,直接記載・公式rule由来mapping・一意な一般則categoryのいずれでも決定できない。 collector_status=NO_ITEM_MATCH_IN_FETCHED_OFFICIAL_SOURCES
M096,I008,UNRESOLVED,,,,,TRUE,UNRESOLVED,直接記載・公式rule由来mapping・一意な一般則categoryのいずれでも決定できない。 collector_status=NO_ITEM_MATCH_IN_FETCHED_OFFICIAL_SOURCES
M096,I009,UNRESOLVED,,,,,TRUE,UNRESOLVED,直接記載・公式rule由来mapping・一意な一般則categoryのいずれでも決定できない。 collector_status=NO_ITEM_MATCH_IN_FETCHED_OFFICIAL_SOURCES
M096,I010,UNRESOLVED,,,,,TRUE,UNRESOLVED,直接記載・公式rule由来mapping・一意な一般則categoryのいずれでも決定できない。 collector_status=NO_ITEM_MATCH_IN_FETCHED_OFFICIAL_SOURCES
M096,I011,UNRESOLVED,,,,,TRUE,UNRESOLVED,直接記載・公式rule由来mapping・一意な一般則categoryのいずれでも決定できない。 collector_status=NO_ITEM_MATCH_IN_FETCHED_OFFICIAL_SOURCES
M096,I012,UNRESOLVED,,,,,TRUE,UNRESOLVED,直接記載・公式rule由来mapping・一意な一般則categoryのいずれでも決定できない。 collector_status=NO_ITEM_MATCH_IN_FETCHED_OFFICIAL_SOURCES
M096,I013,UNRESOLVED,,,,,FALSE,UNRESOLVED,直接記載・公式rule由来mapping・一意な一般則categoryのいずれでも決定できない。 collector_status=NO_ITEM_MATCH_IN_FETCHED_OFFICIAL_SOURCES
M096,I014,UNRESOLVED,,,,,FALSE,UNRESOLVED,直接記載・公式rule由来mapping・一意な一般則categoryのいずれでも決定できない。 collector_status=NO_ITEM_MATCH_IN_FETCHED_OFFICIAL_SOURCES
M096,I015,UNRESOLVED,,,,,FALSE,UNRESOLVED,直接記載・公式rule由来mapping・一意な一般則categoryのいずれでも決定できない。 collector_status=NO_ITEM_MATCH_IN_FETCHED_OFFICIAL_SOURCES
M096,I016,UNRESOLVED,,,,,FALSE,UNRESOLVED,直接記載・公式rule由来mapping・一意な一般則categoryのいずれでも決定できない。 collector_status=NO_ITEM_MATCH_IN_FETCHED_OFFICIAL_SOURCES
M096,I017,UNRESOLVED,,,,,TRUE,UNRESOLVED,直接記載・公式rule由来mapping・一意な一般則categoryのいずれでも決定できない。 collector_status=NO_ITEM_MATCH_IN_FETCHED_OFFICIAL_SOURCES
M096,I018,UNRESOLVED,,,,,FALSE,UNRESOLVED,直接記載・公式rule由来mapping・一意な一般則categoryのいずれでも決定できない。 collector_status=NO_ITEM_MATCH_IN_FETCHED_OFFICIAL_SOURCES
M096,I019,UNRESOLVED,,,,,FALSE,UNRESOLVED,直接記載・公式rule由来mapping・一意な一般則categoryのいずれでも決定できない。 collector_status=NO_ITEM_MATCH_IN_FETCHED_OFFICIAL_SOURCES
M096,I020,UNRESOLVED,,,,,FALSE,UNRESOLVED,直接記載・公式rule由来mapping・一意な一般則categoryのいずれでも決定できない。 collector_status=NO_ITEM_MATCH_IN_FETCHED_OFFICIAL_SOURCES
M096,I021,OFFICIAL_RULE_DERIVED,C-M096-01,もやせる物,S-M096-01,もやせる物,TRUE,CATEGORY_SUPPORTED_CONDITION_REVIEW_REQUIRED,品目の直接記載は必須とせず、既存mappingを支えるCURRENT公式category ruleから判定。 collector_status=NO_ITEM_MATCH_IN_FETCHED_OFFICIAL_SOURCES
M096,I022,UNRESOLVED,,,,,TRUE,UNRESOLVED,直接記載・公式rule由来mapping・一意な一般則categoryのいずれでも決定できない。 collector_status=NO_ITEM_MATCH_IN_FETCHED_OFFICIAL_SOURCES
M096,I023,OFFICIAL_RULE_DERIVED,C-M096-02,リサイクルする物,S-M096-01,リサイクルする物,TRUE,CATEGORY_SUPPORTED_CONDITION_REVIEW_REQUIRED,品目の直接記載は必須とせず、既存mappingを支えるCURRENT公式category ruleから判定。 collector_status=NO_ITEM_MATCH_IN_FETCHED_OFFICIAL_SOURCES
M096,I024,UNRESOLVED,,,,,FALSE,UNRESOLVED,直接記載・公式rule由来mapping・一意な一般則categoryのいずれでも決定できない。 collector_status=NO_ITEM_MATCH_IN_FETCHED_OFFICIAL_SOURCES
M096,I025,UNRESOLVED,,,,,TRUE,UNRESOLVED,直接記載・公式rule由来mapping・一意な一般則categoryのいずれでも決定できない。 collector_status=NO_ITEM_MATCH_IN_FETCHED_OFFICIAL_SOURCES
M096,I026,UNRESOLVED,,,,,TRUE,UNRESOLVED,直接記載・公式rule由来mapping・一意な一般則categoryのいずれでも決定できない。 collector_status=NO_ITEM_MATCH_IN_FETCHED_OFFICIAL_SOURCES
M096,I027,OFFICIAL_RULE_DERIVED,C-M096-05,有害ごみ,S-M096-01,有害ごみ,TRUE,CATEGORY_SUPPORTED_CONDITION_REVIEW_REQUIRED,品目の直接記載は必須とせず、既存mappingを支えるCURRENT公式category ruleから判定。 collector_status=NO_ITEM_MATCH_IN_FETCHED_OFFICIAL_SOURCES
M096,I028,OFFICIAL_RULE_DERIVED,C-M096-05,有害ごみ,S-M096-01,有害ごみ,TRUE,CATEGORY_SUPPORTED_CONDITION_REVIEW_REQUIRED,品目の直接記載は必須とせず、既存mappingを支えるCURRENT公式category ruleから判定。 collector_status=NO_ITEM_MATCH_IN_FETCHED_OFFICIAL_SOURCES
M096,I029,UNRESOLVED,,,,,TRUE,UNRESOLVED,直接記載・公式rule由来mapping・一意な一般則categoryのいずれでも決定できない。 collector_status=NO_ITEM_MATCH_IN_FETCHED_OFFICIAL_SOURCES
M096,I030,OFFICIAL_RULE_DERIVED,C-M096-05,有害ごみ,S-M096-01,有害ごみ,TRUE,CATEGORY_SUPPORTED_CONDITION_REVIEW_REQUIRED,品目の直接記載は必須とせず、既存mappingを支えるCURRENT公式category ruleから判定。 collector_status=NO_ITEM_MATCH_IN_FETCHED_OFFICIAL_SOURCES
M096,I031,UNRESOLVED,,,,,TRUE,UNRESOLVED,直接記載・公式rule由来mapping・一意な一般則categoryのいずれでも決定できない。 collector_status=NO_ITEM_MATCH_IN_FETCHED_OFFICIAL_SOURCES
M096,I032,UNRESOLVED,,,,,TRUE,UNRESOLVED,直接記載・公式rule由来mapping・一意な一般則categoryのいずれでも決定できない。 collector_status=NO_ITEM_MATCH_IN_FETCHED_OFFICIAL_SOURCES
M096,I033,OFFICIAL_RULE_DERIVED,C-M096-05,有害ごみ,S-M096-01,有害ごみ,TRUE,CATEGORY_SUPPORTED_CONDITION_REVIEW_REQUIRED,品目の直接記載は必須とせず、既存mappingを支えるCURRENT公式category ruleから判定。 collector_status=NO_ITEM_MATCH_IN_FETCHED_OFFICIAL_SOURCES
M096,I034,OFFICIAL_RULE_DERIVED,C-M096-02,リサイクルする物,S-M096-01,リサイクルする物,TRUE,CATEGORY_SUPPORTED_CONDITION_REVIEW_REQUIRED,品目の直接記載は必須とせず、既存mappingを支えるCURRENT公式category ruleから判定。 collector_status=NO_ITEM_MATCH_IN_FETCHED_OFFICIAL_SOURCES
M096,I035,OFFICIAL_RULE_DERIVED,C-M096-05,有害ごみ,S-M096-01,有害ごみ,TRUE,CATEGORY_SUPPORTED_CONDITION_REVIEW_REQUIRED,品目の直接記載は必須とせず、既存mappingを支えるCURRENT公式category ruleから判定。 collector_status=NO_ITEM_MATCH_IN_FETCHED_OFFICIAL_SOURCES
M096,I036,UNRESOLVED,,,,,TRUE,UNRESOLVED,直接記載・公式rule由来mapping・一意な一般則categoryのいずれでも決定できない。 collector_status=NO_ITEM_MATCH_IN_FETCHED_OFFICIAL_SOURCES
M096,I037,UNRESOLVED,,,,,TRUE,UNRESOLVED,直接記載・公式rule由来mapping・一意な一般則categoryのいずれでも決定できない。 collector_status=NO_ITEM_MATCH_IN_FETCHED_OFFICIAL_SOURCES
M096,I038,UNRESOLVED,,,,,TRUE,UNRESOLVED,直接記載・公式rule由来mapping・一意な一般則categoryのいずれでも決定できない。 collector_status=NO_ITEM_MATCH_IN_FETCHED_OFFICIAL_SOURCES
M096,I039,UNRESOLVED,,,,,TRUE,UNRESOLVED,直接記載・公式rule由来mapping・一意な一般則categoryのいずれでも決定できない。 collector_status=NO_ITEM_MATCH_IN_FETCHED_OFFICIAL_SOURCES
M096,I040,UNRESOLVED,,,,,TRUE,UNRESOLVED,直接記載・公式rule由来mapping・一意な一般則categoryのいずれでも決定できない。 collector_status=NO_ITEM_MATCH_IN_FETCHED_OFFICIAL_SOURCES
M097,I001,OFFICIAL_RULE_DERIVED,C-M097-04,ペットボトル,S-M097-01,ペットボトル,FALSE,CATEGORY_SUPPORTED,品目の直接記載は必須とせず、既存mappingを支えるCURRENT公式category ruleから判定。 collector_status=NO_ITEM_MATCH_IN_FETCHED_OFFICIAL_SOURCES
M097,I002,UNRESOLVED,,,,,TRUE,UNRESOLVED,直接記載・公式rule由来mapping・一意な一般則categoryのいずれでも決定できない。 collector_status=NO_ITEM_MATCH_IN_FETCHED_OFFICIAL_SOURCES
M097,I003,UNRESOLVED,,,,,TRUE,UNRESOLVED,直接記載・公式rule由来mapping・一意な一般則categoryのいずれでも決定できない。 collector_status=NO_ITEM_MATCH_IN_FETCHED_OFFICIAL_SOURCES
M097,I004,OFFICIAL_RULE_DERIVED,C-M097-03,びん・飲料缶,S-M097-01,びん・飲料缶,FALSE,CATEGORY_SUPPORTED,品目の直接記載は必須とせず、既存mappingを支えるCURRENT公式category ruleから判定。 collector_status=NO_ITEM_MATCH_IN_FETCHED_OFFICIAL_SOURCES
M097,I005,OFFICIAL_RULE_DERIVED,C-M097-03,びん・飲料缶,S-M097-01,びん・飲料缶,FALSE,CATEGORY_SUPPORTED,品目の直接記載は必須とせず、既存mappingを支えるCURRENT公式category ruleから判定。 collector_status=NO_ITEM_MATCH_IN_FETCHED_OFFICIAL_SOURCES
M097,I006,OFFICIAL_RULE_DERIVED,C-M097-03,びん・飲料缶,S-M097-01,びん・飲料缶,TRUE,CATEGORY_SUPPORTED_CONDITION_REVIEW_REQUIRED,品目の直接記載は必須とせず、既存mappingを支えるCURRENT公式category ruleから判定。 collector_status=NO_ITEM_MATCH_IN_FETCHED_OFFICIAL_SOURCES
M097,I007,UNRESOLVED,,,,,TRUE,UNRESOLVED,直接記載・公式rule由来mapping・一意な一般則categoryのいずれでも決定できない。 collector_status=NO_ITEM_MATCH_IN_FETCHED_OFFICIAL_SOURCES
M097,I008,UNRESOLVED,,,,,TRUE,UNRESOLVED,直接記載・公式rule由来mapping・一意な一般則categoryのいずれでも決定できない。 collector_status=NO_ITEM_MATCH_IN_FETCHED_OFFICIAL_SOURCES
M097,I009,GENERAL_RULE_DERIVED,C-M097-05,容器包装プラスチック,S-M097-01,容器包装プラスチック,TRUE,CATEGORY_SUPPORTED_CONDITION_REVIEW_REQUIRED,個別記載・既存mappingなし。一般的な材質/用途ルールと一意のCURRENT公式categoryが一致。 collector_status=NO_ITEM_MATCH_IN_FETCHED_OFFICIAL_SOURCES
M097,I010,GENERAL_RULE_DERIVED,C-M097-05,容器包装プラスチック,S-M097-01,容器包装プラスチック,TRUE,CATEGORY_SUPPORTED_CONDITION_REVIEW_REQUIRED,個別記載・既存mappingなし。一般的な材質/用途ルールと一意のCURRENT公式categoryが一致。 collector_status=NO_ITEM_MATCH_IN_FETCHED_OFFICIAL_SOURCES
M097,I011,GENERAL_RULE_DERIVED,C-M097-05,容器包装プラスチック,S-M097-01,容器包装プラスチック,TRUE,CATEGORY_SUPPORTED_CONDITION_REVIEW_REQUIRED,個別記載・既存mappingなし。一般的な材質/用途ルールと一意のCURRENT公式categoryが一致。 collector_status=NO_ITEM_MATCH_IN_FETCHED_OFFICIAL_SOURCES
M097,I012,GENERAL_RULE_DERIVED,C-M097-05,容器包装プラスチック,S-M097-01,容器包装プラスチック,TRUE,CATEGORY_SUPPORTED_CONDITION_REVIEW_REQUIRED,個別記載・既存mappingなし。一般的な材質/用途ルールと一意のCURRENT公式categoryが一致。 collector_status=NO_ITEM_MATCH_IN_FETCHED_OFFICIAL_SOURCES
M097,I013,UNRESOLVED,,,,,FALSE,UNRESOLVED,直接記載・公式rule由来mapping・一意な一般則categoryのいずれでも決定できない。 collector_status=NO_ITEM_MATCH_IN_FETCHED_OFFICIAL_SOURCES
M097,I014,UNRESOLVED,,,,,FALSE,UNRESOLVED,直接記載・公式rule由来mapping・一意な一般則categoryのいずれでも決定できない。 collector_status=NO_ITEM_MATCH_IN_FETCHED_OFFICIAL_SOURCES
M097,I015,UNRESOLVED,,,,,FALSE,UNRESOLVED,直接記載・公式rule由来mapping・一意な一般則categoryのいずれでも決定できない。 collector_status=NO_ITEM_MATCH_IN_FETCHED_OFFICIAL_SOURCES
M097,I016,UNRESOLVED,,,,,FALSE,UNRESOLVED,直接記載・公式rule由来mapping・一意な一般則categoryのいずれでも決定できない。 collector_status=NO_ITEM_MATCH_IN_FETCHED_OFFICIAL_SOURCES
M097,I017,UNRESOLVED,,,,,TRUE,UNRESOLVED,直接記載・公式rule由来mapping・一意な一般則categoryのいずれでも決定できない。 collector_status=NO_ITEM_MATCH_IN_FETCHED_OFFICIAL_SOURCES
M097,I018,OFFICIAL_RULE_DERIVED,C-M097-01,もやすごみ,S-M097-01,もやすごみ,FALSE,CATEGORY_SUPPORTED,品目の直接記載は必須とせず、既存mappingを支えるCURRENT公式category ruleから判定。 collector_status=NO_ITEM_MATCH_IN_FETCHED_OFFICIAL_SOURCES
M097,I019,UNRESOLVED,,,,,FALSE,UNRESOLVED,直接記載・公式rule由来mapping・一意な一般則categoryのいずれでも決定できない。 collector_status=NO_ITEM_MATCH_IN_FETCHED_OFFICIAL_SOURCES
M097,I020,UNRESOLVED,,,,,FALSE,UNRESOLVED,直接記載・公式rule由来mapping・一意な一般則categoryのいずれでも決定できない。 collector_status=NO_ITEM_MATCH_IN_FETCHED_OFFICIAL_SOURCES
M097,I021,UNRESOLVED,,,,,FALSE,UNRESOLVED,直接記載・公式rule由来mapping・一意な一般則categoryのいずれでも決定できない。 collector_status=NO_ITEM_MATCH_IN_FETCHED_OFFICIAL_SOURCES
M097,I022,UNRESOLVED,,,,,TRUE,UNRESOLVED,直接記載・公式rule由来mapping・一意な一般則categoryのいずれでも決定できない。 collector_status=NO_ITEM_MATCH_IN_FETCHED_OFFICIAL_SOURCES
M097,I023,GENERAL_RULE_DERIVED,C-M097-02,不燃物,S-M097-01,不燃物,TRUE,CATEGORY_SUPPORTED_CONDITION_REVIEW_REQUIRED,個別記載・既存mappingなし。一般的な材質/用途ルールと一意のCURRENT公式categoryが一致。 collector_status=NO_ITEM_MATCH_IN_FETCHED_OFFICIAL_SOURCES
M097,I024,GENERAL_RULE_DERIVED,C-M097-02,不燃物,S-M097-01,不燃物,TRUE,CATEGORY_SUPPORTED_CONDITION_REVIEW_REQUIRED,個別記載・既存mappingなし。一般的な材質/用途ルールと一意のCURRENT公式categoryが一致。 collector_status=NO_ITEM_MATCH_IN_FETCHED_OFFICIAL_SOURCES
M097,I025,UNRESOLVED,,,,,TRUE,UNRESOLVED,直接記載・公式rule由来mapping・一意な一般則categoryのいずれでも決定できない。 collector_status=NO_ITEM_MATCH_IN_FETCHED_OFFICIAL_SOURCES
M097,I026,UNRESOLVED,,,,,TRUE,UNRESOLVED,直接記載・公式rule由来mapping・一意な一般則categoryのいずれでも決定できない。 collector_status=NO_ITEM_MATCH_IN_FETCHED_OFFICIAL_SOURCES
M097,I027,OFFICIAL_RULE_DERIVED,C-M097-07,電池,S-M097-01,電池,TRUE,CATEGORY_SUPPORTED_CONDITION_REVIEW_REQUIRED,品目の直接記載は必須とせず、既存mappingを支えるCURRENT公式category ruleから判定。 collector_status=NO_ITEM_MATCH_IN_FETCHED_OFFICIAL_SOURCES
M097,I028,OFFICIAL_RULE_DERIVED,C-M097-07,電池,S-M097-01,電池,TRUE,CATEGORY_SUPPORTED_CONDITION_REVIEW_REQUIRED,品目の直接記載は必須とせず、既存mappingを支えるCURRENT公式category ruleから判定。 collector_status=NO_ITEM_MATCH_IN_FETCHED_OFFICIAL_SOURCES
M097,I029,OFFICIAL_RULE_DERIVED,C-M097-08,電池の外せない小型家電・充電式小型家電,S-M097-01,電池の外せない小型家電・充電式小型家電,TRUE,CATEGORY_SUPPORTED_CONDITION_REVIEW_REQUIRED,品目の直接記載は必須とせず、既存mappingを支えるCURRENT公式category ruleから判定。 collector_status=NO_ITEM_MATCH_IN_FETCHED_OFFICIAL_SOURCES
M097,I030,OFFICIAL_RULE_DERIVED,C-M097-09,蛍光灯（有害ごみ）,S-M097-01,蛍光灯（有害ごみ）,TRUE,CATEGORY_SUPPORTED_CONDITION_REVIEW_REQUIRED,品目の直接記載は必須とせず、既存mappingを支えるCURRENT公式category ruleから判定。 collector_status=NO_ITEM_MATCH_IN_FETCHED_OFFICIAL_SOURCES
M097,I031,OFFICIAL_RULE_DERIVED,C-M097-09,蛍光灯（有害ごみ）,S-M097-01,蛍光灯（有害ごみ）,TRUE,CATEGORY_SUPPORTED_CONDITION_REVIEW_REQUIRED,品目の直接記載は必須とせず、既存mappingを支えるCURRENT公式category ruleから判定。 collector_status=NO_ITEM_MATCH_IN_FETCHED_OFFICIAL_SOURCES
M097,I032,OFFICIAL_RULE_DERIVED,C-M097-06,発火性危険ごみ,S-M097-01,発火性危険ごみ,TRUE,CATEGORY_SUPPORTED_CONDITION_REVIEW_REQUIRED,品目の直接記載は必須とせず、既存mappingを支えるCURRENT公式category ruleから判定。 collector_status=NO_ITEM_MATCH_IN_FETCHED_OFFICIAL_SOURCES
M097,I033,OFFICIAL_RULE_DERIVED,C-M097-06,発火性危険ごみ,S-M097-01,発火性危険ごみ,TRUE,CATEGORY_SUPPORTED_CONDITION_REVIEW_REQUIRED,品目の直接記載は必須とせず、既存mappingを支えるCURRENT公式category ruleから判定。 collector_status=NO_ITEM_MATCH_IN_FETCHED_OFFICIAL_SOURCES
M097,I034,OFFICIAL_RULE_DERIVED,C-M097-08,電池の外せない小型家電・充電式小型家電,S-M097-01,電池の外せない小型家電・充電式小型家電,TRUE,CATEGORY_SUPPORTED_CONDITION_REVIEW_REQUIRED,品目の直接記載は必須とせず、既存mappingを支えるCURRENT公式category ruleから判定。 collector_status=NO_ITEM_MATCH_IN_FETCHED_OFFICIAL_SOURCES
M097,I035,UNRESOLVED,,,,,TRUE,UNRESOLVED,直接記載・公式rule由来mapping・一意な一般則categoryのいずれでも決定できない。 collector_status=NO_ITEM_MATCH_IN_FETCHED_OFFICIAL_SOURCES
M097,I036,UNRESOLVED,,,,,TRUE,UNRESOLVED,直接記載・公式rule由来mapping・一意な一般則categoryのいずれでも決定できない。 collector_status=NO_ITEM_MATCH_IN_FETCHED_OFFICIAL_SOURCES
M097,I037,UNRESOLVED,,,,,TRUE,UNRESOLVED,直接記載・公式rule由来mapping・一意な一般則categoryのいずれでも決定できない。 collector_status=NO_ITEM_MATCH_IN_FETCHED_OFFICIAL_SOURCES
M097,I038,UNRESOLVED,,,,,TRUE,UNRESOLVED,直接記載・公式rule由来mapping・一意な一般則categoryのいずれでも決定できない。 collector_status=NO_ITEM_MATCH_IN_FETCHED_OFFICIAL_SOURCES
M097,I039,UNRESOLVED,,,,,TRUE,UNRESOLVED,直接記載・公式rule由来mapping・一意な一般則categoryのいずれでも決定できない。 collector_status=NO_ITEM_MATCH_IN_FETCHED_OFFICIAL_SOURCES
M097,I040,UNRESOLVED,,,,,TRUE,UNRESOLVED,直接記載・公式rule由来mapping・一意な一般則categoryのいずれでも決定できない。 collector_status=NO_ITEM_MATCH_IN_FETCHED_OFFICIAL_SOURCES
M101,I001,UNRESOLVED,,,,,FALSE,UNRESOLVED,直接記載・公式rule由来mapping・一意な一般則categoryのいずれでも決定できない。 collector_status=NO_ITEM_MATCH_IN_FETCHED_OFFICIAL_SOURCES
M101,I002,UNRESOLVED,,,,,TRUE,UNRESOLVED,直接記載・公式rule由来mapping・一意な一般則categoryのいずれでも決定できない。 collector_status=NO_ITEM_MATCH_IN_FETCHED_OFFICIAL_SOURCES
M101,I003,UNRESOLVED,,,,,TRUE,UNRESOLVED,直接記載・公式rule由来mapping・一意な一般則categoryのいずれでも決定できない。 collector_status=NO_ITEM_MATCH_IN_FETCHED_OFFICIAL_SOURCES
M101,I004,UNRESOLVED,,,,,FALSE,UNRESOLVED,直接記載・公式rule由来mapping・一意な一般則categoryのいずれでも決定できない。 collector_status=NO_ITEM_MATCH_IN_FETCHED_OFFICIAL_SOURCES
M101,I005,UNRESOLVED,,,,,FALSE,UNRESOLVED,直接記載・公式rule由来mapping・一意な一般則categoryのいずれでも決定できない。 collector_status=NO_ITEM_MATCH_IN_FETCHED_OFFICIAL_SOURCES
M101,I006,UNRESOLVED,,,,,TRUE,UNRESOLVED,直接記載・公式rule由来mapping・一意な一般則categoryのいずれでも決定できない。 collector_status=NO_ITEM_MATCH_IN_FETCHED_OFFICIAL_SOURCES
M101,I007,UNRESOLVED,,,,,TRUE,UNRESOLVED,直接記載・公式rule由来mapping・一意な一般則categoryのいずれでも決定できない。 collector_status=NO_ITEM_MATCH_IN_FETCHED_OFFICIAL_SOURCES
M101,I008,UNRESOLVED,,,,,TRUE,UNRESOLVED,直接記載・公式rule由来mapping・一意な一般則categoryのいずれでも決定できない。 collector_status=NO_ITEM_MATCH_IN_FETCHED_OFFICIAL_SOURCES
M101,I009,UNRESOLVED,,,,,TRUE,UNRESOLVED,直接記載・公式rule由来mapping・一意な一般則categoryのいずれでも決定できない。 collector_status=NO_ITEM_MATCH_IN_FETCHED_OFFICIAL_SOURCES
M101,I010,UNRESOLVED,,,,,TRUE,UNRESOLVED,直接記載・公式rule由来mapping・一意な一般則categoryのいずれでも決定できない。 collector_status=NO_ITEM_MATCH_IN_FETCHED_OFFICIAL_SOURCES
M101,I011,UNRESOLVED,,,,,TRUE,UNRESOLVED,直接記載・公式rule由来mapping・一意な一般則categoryのいずれでも決定できない。 collector_status=NO_ITEM_MATCH_IN_FETCHED_OFFICIAL_SOURCES
M101,I012,UNRESOLVED,,,,,TRUE,UNRESOLVED,直接記載・公式rule由来mapping・一意な一般則categoryのいずれでも決定できない。 collector_status=NO_ITEM_MATCH_IN_FETCHED_OFFICIAL_SOURCES
M101,I013,UNRESOLVED,,,,,FALSE,UNRESOLVED,直接記載・公式rule由来mapping・一意な一般則categoryのいずれでも決定できない。 collector_status=NO_ITEM_MATCH_IN_FETCHED_OFFICIAL_SOURCES
M101,I014,UNRESOLVED,,,,,FALSE,UNRESOLVED,直接記載・公式rule由来mapping・一意な一般則categoryのいずれでも決定できない。 collector_status=NO_ITEM_MATCH_IN_FETCHED_OFFICIAL_SOURCES
M101,I015,UNRESOLVED,,,,,FALSE,UNRESOLVED,直接記載・公式rule由来mapping・一意な一般則categoryのいずれでも決定できない。 collector_status=NO_ITEM_MATCH_IN_FETCHED_OFFICIAL_SOURCES
M101,I016,UNRESOLVED,,,,,FALSE,UNRESOLVED,直接記載・公式rule由来mapping・一意な一般則categoryのいずれでも決定できない。 collector_status=NO_ITEM_MATCH_IN_FETCHED_OFFICIAL_SOURCES
M101,I017,UNRESOLVED,,,,,TRUE,UNRESOLVED,直接記載・公式rule由来mapping・一意な一般則categoryのいずれでも決定できない。 collector_status=NO_ITEM_MATCH_IN_FETCHED_OFFICIAL_SOURCES
M101,I018,UNRESOLVED,,,,,FALSE,UNRESOLVED,直接記載・公式rule由来mapping・一意な一般則categoryのいずれでも決定できない。 collector_status=NO_ITEM_MATCH_IN_FETCHED_OFFICIAL_SOURCES
M101,I019,UNRESOLVED,,,,,FALSE,UNRESOLVED,直接記載・公式rule由来mapping・一意な一般則categoryのいずれでも決定できない。 collector_status=NO_ITEM_MATCH_IN_FETCHED_OFFICIAL_SOURCES
M101,I020,UNRESOLVED,,,,,FALSE,UNRESOLVED,直接記載・公式rule由来mapping・一意な一般則categoryのいずれでも決定できない。 collector_status=NO_ITEM_MATCH_IN_FETCHED_OFFICIAL_SOURCES
M101,I021,OFFICIAL_RULE_DERIVED,C-M101-05,布資源,S-M101-01,布資源,FALSE,CATEGORY_SUPPORTED,品目の直接記載は必須とせず、既存mappingを支えるCURRENT公式category ruleから判定。 collector_status=NO_ITEM_MATCH_IN_FETCHED_OFFICIAL_SOURCES
M101,I022,UNRESOLVED,,,,,TRUE,UNRESOLVED,直接記載・公式rule由来mapping・一意な一般則categoryのいずれでも決定できない。 collector_status=NO_ITEM_MATCH_IN_FETCHED_OFFICIAL_SOURCES
M101,I023,UNRESOLVED,,,,,FALSE,UNRESOLVED,直接記載・公式rule由来mapping・一意な一般則categoryのいずれでも決定できない。 collector_status=NO_ITEM_MATCH_IN_FETCHED_OFFICIAL_SOURCES
M101,I024,UNRESOLVED,,,,,FALSE,UNRESOLVED,直接記載・公式rule由来mapping・一意な一般則categoryのいずれでも決定できない。 collector_status=NO_ITEM_MATCH_IN_FETCHED_OFFICIAL_SOURCES
M101,I025,UNRESOLVED,,,,,TRUE,UNRESOLVED,直接記載・公式rule由来mapping・一意な一般則categoryのいずれでも決定できない。 collector_status=NO_ITEM_MATCH_IN_FETCHED_OFFICIAL_SOURCES
M101,I026,UNRESOLVED,,,,,TRUE,UNRESOLVED,直接記載・公式rule由来mapping・一意な一般則categoryのいずれでも決定できない。 collector_status=NO_ITEM_MATCH_IN_FETCHED_OFFICIAL_SOURCES
M101,I027,UNRESOLVED,,,,,TRUE,UNRESOLVED,直接記載・公式rule由来mapping・一意な一般則categoryのいずれでも決定できない。 collector_status=NO_ITEM_MATCH_IN_FETCHED_OFFICIAL_SOURCES
M101,I028,UNRESOLVED,,,,,TRUE,UNRESOLVED,直接記載・公式rule由来mapping・一意な一般則categoryのいずれでも決定できない。 collector_status=NO_ITEM_MATCH_IN_FETCHED_OFFICIAL_SOURCES
M101,I029,UNRESOLVED,,,,,TRUE,UNRESOLVED,直接記載・公式rule由来mapping・一意な一般則categoryのいずれでも決定できない。 collector_status=NO_ITEM_MATCH_IN_FETCHED_OFFICIAL_SOURCES
M101,I030,OFFICIAL_RULE_DERIVED,C-M101-09,有害ごみ,S-M101-01,有害ごみ,TRUE,CATEGORY_SUPPORTED_CONDITION_REVIEW_REQUIRED,品目の直接記載は必須とせず、既存mappingを支えるCURRENT公式category ruleから判定。 collector_status=NO_ITEM_MATCH_IN_FETCHED_OFFICIAL_SOURCES
M101,I031,UNRESOLVED,,,,,TRUE,UNRESOLVED,直接記載・公式rule由来mapping・一意な一般則categoryのいずれでも決定できない。 collector_status=NO_ITEM_MATCH_IN_FETCHED_OFFICIAL_SOURCES
M101,I032,UNRESOLVED,,,,,TRUE,UNRESOLVED,直接記載・公式rule由来mapping・一意な一般則categoryのいずれでも決定できない。 collector_status=NO_ITEM_MATCH_IN_FETCHED_OFFICIAL_SOURCES
M101,I033,UNRESOLVED,,,,,TRUE,UNRESOLVED,直接記載・公式rule由来mapping・一意な一般則categoryのいずれでも決定できない。 collector_status=NO_ITEM_MATCH_IN_FETCHED_OFFICIAL_SOURCES
M101,I034,UNRESOLVED,,,,,TRUE,UNRESOLVED,直接記載・公式rule由来mapping・一意な一般則categoryのいずれでも決定できない。 collector_status=AMBIGUOUS_CATEGORY_CANDIDATES
M101,I035,UNRESOLVED,,,,,TRUE,UNRESOLVED,直接記載・公式rule由来mapping・一意な一般則categoryのいずれでも決定できない。 collector_status=NO_ITEM_MATCH_IN_FETCHED_OFFICIAL_SOURCES
M101,I036,UNRESOLVED,,,,,TRUE,UNRESOLVED,直接記載・公式rule由来mapping・一意な一般則categoryのいずれでも決定できない。 collector_status=NO_ITEM_MATCH_IN_FETCHED_OFFICIAL_SOURCES
M101,I037,UNRESOLVED,,,,,TRUE,UNRESOLVED,直接記載・公式rule由来mapping・一意な一般則categoryのいずれでも決定できない。 collector_status=NO_ITEM_MATCH_IN_FETCHED_OFFICIAL_SOURCES
M101,I038,UNRESOLVED,,,,,TRUE,UNRESOLVED,直接記載・公式rule由来mapping・一意な一般則categoryのいずれでも決定できない。 collector_status=NO_ITEM_MATCH_IN_FETCHED_OFFICIAL_SOURCES
M101,I039,UNRESOLVED,,,,,TRUE,UNRESOLVED,直接記載・公式rule由来mapping・一意な一般則categoryのいずれでも決定できない。 collector_status=NO_ITEM_MATCH_IN_FETCHED_OFFICIAL_SOURCES
M101,I040,UNRESOLVED,,,,,TRUE,UNRESOLVED,直接記載・公式rule由来mapping・一意な一般則categoryのいずれでも決定できない。 collector_status=NO_ITEM_MATCH_IN_FETCHED_OFFICIAL_SOURCES
M102,I001,DIRECT_ITEM,C-M102-04,ペットボトル,S-M102-01,text-match:ペットボトル + ペットボトル,FALSE,CATEGORY_SUPPORTED,全既存branchで公式資料中の品目表記とcategoryの直接候補あり。 collector_status=ALL_EXISTING_BRANCHES_HAVE_DIRECT_CANDIDATE
M102,I002,UNRESOLVED,,,,,TRUE,UNRESOLVED,直接記載・公式rule由来mapping・一意な一般則categoryのいずれでも決定できない。 collector_status=AMBIGUOUS_CATEGORY_CANDIDATES
M102,I003,UNRESOLVED,,,,,TRUE,UNRESOLVED,直接記載・公式rule由来mapping・一意な一般則categoryのいずれでも決定できない。 collector_status=AMBIGUOUS_CATEGORY_CANDIDATES
M102,I004,UNRESOLVED,,,,,FALSE,UNRESOLVED,直接記載・公式rule由来mapping・一意な一般則categoryのいずれでも決定できない。 collector_status=AMBIGUOUS_CATEGORY_CANDIDATES
M102,I005,UNRESOLVED,,,,,FALSE,UNRESOLVED,直接記載・公式rule由来mapping・一意な一般則categoryのいずれでも決定できない。 collector_status=AMBIGUOUS_CATEGORY_CANDIDATES
M102,I006,UNRESOLVED,,,,,TRUE,UNRESOLVED,直接記載・公式rule由来mapping・一意な一般則categoryのいずれでも決定できない。 collector_status=AMBIGUOUS_CATEGORY_CANDIDATES
M102,I007,UNRESOLVED,,,,,TRUE,UNRESOLVED,直接記載・公式rule由来mapping・一意な一般則categoryのいずれでも決定できない。 collector_status=NO_ITEM_MATCH_IN_FETCHED_OFFICIAL_SOURCES
M102,I008,UNRESOLVED,,,,,TRUE,UNRESOLVED,直接記載・公式rule由来mapping・一意な一般則categoryのいずれでも決定できない。 collector_status=NO_ITEM_MATCH_IN_FETCHED_OFFICIAL_SOURCES
M102,I009,GENERAL_RULE_DERIVED,C-M102-03,容器包装プラスチック類,S-M102-01,容器包装プラスチック,TRUE,CATEGORY_SUPPORTED_CONDITION_REVIEW_REQUIRED,個別記載・既存mappingなし。一般的な材質/用途ルールと一意のCURRENT公式categoryが一致。 collector_status=AMBIGUOUS_CATEGORY_CANDIDATES
M102,I010,GENERAL_RULE_DERIVED,C-M102-03,容器包装プラスチック類,S-M102-01,容器包装プラスチック,TRUE,CATEGORY_SUPPORTED_CONDITION_REVIEW_REQUIRED,個別記載・既存mappingなし。一般的な材質/用途ルールと一意のCURRENT公式categoryが一致。 collector_status=NO_ITEM_MATCH_IN_FETCHED_OFFICIAL_SOURCES
M102,I011,DIRECT_ITEM,C-M102-03,容器包装プラスチック類,S-M102-01,text-match:レジ袋 + 容器包装プラスチック類,TRUE,CATEGORY_SUPPORTED_CONDITION_REVIEW_REQUIRED,全既存branchで公式資料中の品目表記とcategoryの直接候補あり。 collector_status=ALL_EXISTING_BRANCHES_HAVE_DIRECT_CANDIDATE
M102,I012,GENERAL_RULE_DERIVED,C-M102-03,容器包装プラスチック類,S-M102-01,容器包装プラスチック,TRUE,CATEGORY_SUPPORTED_CONDITION_REVIEW_REQUIRED,個別記載・既存mappingなし。一般的な材質/用途ルールと一意のCURRENT公式categoryが一致。 collector_status=AMBIGUOUS_CATEGORY_CANDIDATES
M102,I013,DIRECT_ITEM,C-M102-09,新聞,S-M102-01,text-match:新聞 + 新聞,TRUE,CATEGORY_SUPPORTED_CONDITION_REVIEW_REQUIRED,全既存branchで公式資料中の品目表記とcategoryの直接候補あり。 collector_status=ALL_EXISTING_BRANCHES_HAVE_DIRECT_CANDIDATE
M102,I014,DIRECT_ITEM,C-M102-11,ダンボール,S-M102-01,text-match:ダンボール + ダンボール,TRUE,CATEGORY_SUPPORTED_CONDITION_REVIEW_REQUIRED,全既存branchで公式資料中の品目表記とcategoryの直接候補あり。 collector_status=ALL_EXISTING_BRANCHES_HAVE_DIRECT_CANDIDATE
M102,I015,UNRESOLVED,,,,,FALSE,UNRESOLVED,直接記載・公式rule由来mapping・一意な一般則categoryのいずれでも決定できない。 collector_status=AMBIGUOUS_CATEGORY_CANDIDATES
M102,I016,DIRECT_ITEM,C-M102-12,その他紙類,S-M102-02,text-match:菓子箱 + その他紙類,TRUE,CATEGORY_SUPPORTED_CONDITION_REVIEW_REQUIRED,全既存branchで公式資料中の品目表記とcategoryの直接候補あり。 collector_status=ALL_EXISTING_BRANCHES_HAVE_DIRECT_CANDIDATE
M102,I017,DIRECT_ITEM,C-M102-10,紙パック,S-M102-01,text-match:紙パック + 紙パック,TRUE,CATEGORY_SUPPORTED_CONDITION_REVIEW_REQUIRED,全既存branchで公式資料中の品目表記とcategoryの直接候補あり。 collector_status=ALL_EXISTING_BRANCHES_HAVE_DIRECT_CANDIDATE
M102,I018,DIRECT_ITEM,C-M102-01,燃えるごみ,S-M102-01,text-match:生ごみ + 燃えるごみ,TRUE,CATEGORY_SUPPORTED_CONDITION_REVIEW_REQUIRED,全既存branchで公式資料中の品目表記とcategoryの直接候補あり。 collector_status=ALL_EXISTING_BRANCHES_HAVE_DIRECT_CANDIDATE
M102,I019,GENERAL_RULE_DERIVED,C-M102-01,燃えるごみ,S-M102-02,P3 燃えるごみ,TRUE,CATEGORY_SUPPORTED_CONDITION_REVIEW_REQUIRED,個別記載・既存mappingなし。一般的な材質/用途ルールと一意のCURRENT公式categoryが一致。 collector_status=AMBIGUOUS_CATEGORY_CANDIDATES
M102,I020,DIRECT_ITEM,C-M102-01,燃えるごみ,S-M102-02,text-match:おむつ + 燃えるごみ,TRUE,CATEGORY_SUPPORTED_CONDITION_REVIEW_REQUIRED,全既存branchで公式資料中の品目表記とcategoryの直接候補あり。 collector_status=ALL_EXISTING_BRANCHES_HAVE_DIRECT_CANDIDATE
M102,I021,DIRECT_ITEM,C-M102-02,古着,S-M102-01,text-match:古着 + 古着,TRUE,CATEGORY_SUPPORTED_CONDITION_REVIEW_REQUIRED,全既存branchで公式資料中の品目表記とcategoryの直接候補あり。 collector_status=ALL_EXISTING_BRANCHES_HAVE_DIRECT_CANDIDATE
M102,I022,DIRECT_ITEM,C-M102-07,燃えないごみ,S-M102-02,text-match:傘 + 燃えないごみ,TRUE,CATEGORY_SUPPORTED_CONDITION_REVIEW_REQUIRED,全既存branchで公式資料中の品目表記とcategoryの直接候補あり。 collector_status=ALL_EXISTING_BRANCHES_HAVE_DIRECT_CANDIDATE
M102,I023,DIRECT_ITEM,C-M102-07,燃えないごみ,S-M102-02,text-match:茶碗 + 燃えないごみ,TRUE,CATEGORY_SUPPORTED_CONDITION_REVIEW_REQUIRED,全既存branchで公式資料中の品目表記とcategoryの直接候補あり。 collector_status=ALL_EXISTING_BRANCHES_HAVE_DIRECT_CANDIDATE
M102,I024,GENERAL_RULE_DERIVED,C-M102-07,燃えないごみ,S-M102-01,燃えないごみ,TRUE,CATEGORY_SUPPORTED_CONDITION_REVIEW_REQUIRED,個別記載・既存mappingなし。一般的な材質/用途ルールと一意のCURRENT公式categoryが一致。 collector_status=AMBIGUOUS_CATEGORY_CANDIDATES
M102,I025,UNRESOLVED,,,,,TRUE,UNRESOLVED,直接記載・公式rule由来mapping・一意な一般則categoryのいずれでも決定できない。 collector_status=NO_ITEM_MATCH_IN_FETCHED_OFFICIAL_SOURCES
M102,I026,UNRESOLVED,,,,,TRUE,UNRESOLVED,直接記載・公式rule由来mapping・一意な一般則categoryのいずれでも決定できない。 collector_status=AMBIGUOUS_CATEGORY_CANDIDATES
M102,I027,DIRECT_ITEM,C-M102-08,有害ごみ,S-M102-02,text-match:乾電池 + 有害ごみ,TRUE,CATEGORY_SUPPORTED_CONDITION_REVIEW_REQUIRED,全既存branchで公式資料中の品目表記とcategoryの直接候補あり。 collector_status=ALL_EXISTING_BRANCHES_HAVE_DIRECT_CANDIDATE
M102,I028,UNRESOLVED,,,,,TRUE,UNRESOLVED,直接記載・公式rule由来mapping・一意な一般則categoryのいずれでも決定できない。 collector_status=AMBIGUOUS_CATEGORY_CANDIDATES
M102,I029,UNRESOLVED,,,,,TRUE,UNRESOLVED,直接記載・公式rule由来mapping・一意な一般則categoryのいずれでも決定できない。 collector_status=NO_ITEM_MATCH_IN_FETCHED_OFFICIAL_SOURCES
M102,I030,DIRECT_ITEM,C-M102-08,有害ごみ,S-M102-02,text-match:蛍光灯 + 有害ごみ,TRUE,CATEGORY_SUPPORTED_CONDITION_REVIEW_REQUIRED,全既存branchで公式資料中の品目表記とcategoryの直接候補あり。 collector_status=ALL_EXISTING_BRANCHES_HAVE_DIRECT_CANDIDATE
M102,I031,UNRESOLVED,,,,,TRUE,UNRESOLVED,直接記載・公式rule由来mapping・一意な一般則categoryのいずれでも決定できない。 collector_status=AMBIGUOUS_CATEGORY_CANDIDATES
M102,I032,DIRECT_ITEM,C-M102-07,燃えないごみ,S-M102-01,text-match:スプレー缶 + 燃えないごみ,TRUE,CATEGORY_SUPPORTED_CONDITION_REVIEW_REQUIRED,全既存branchで公式資料中の品目表記とcategoryの直接候補あり。 collector_status=ALL_EXISTING_BRANCHES_HAVE_DIRECT_CANDIDATE
M102,I033,DIRECT_ITEM,C-M102-08,有害ごみ,S-M102-02,text-match:ライター + 有害ごみ,TRUE,CATEGORY_SUPPORTED_CONDITION_REVIEW_REQUIRED,全既存branchで公式資料中の品目表記とcategoryの直接候補あり。 collector_status=ALL_EXISTING_BRANCHES_HAVE_DIRECT_CANDIDATE
M102,I034,OFFICIAL_RULE_DERIVED,C-M102-07,燃えないごみ,S-M102-01,燃えないごみ,TRUE,CATEGORY_SUPPORTED_CONDITION_REVIEW_REQUIRED,品目の直接記載は必須とせず、既存mappingを支えるCURRENT公式category ruleから判定。 collector_status=NO_ITEM_MATCH_IN_FETCHED_OFFICIAL_SOURCES
M102,I035,UNRESOLVED,,,,,TRUE,UNRESOLVED,直接記載・公式rule由来mapping・一意な一般則categoryのいずれでも決定できない。 collector_status=NO_ITEM_MATCH_IN_FETCHED_OFFICIAL_SOURCES
M102,I036,UNRESOLVED,,,,,TRUE,UNRESOLVED,直接記載・公式rule由来mapping・一意な一般則categoryのいずれでも決定できない。 collector_status=AMBIGUOUS_CATEGORY_CANDIDATES
M102,I037,UNRESOLVED,,,,,TRUE,UNRESOLVED,直接記載・公式rule由来mapping・一意な一般則categoryのいずれでも決定できない。 collector_status=AMBIGUOUS_CATEGORY_CANDIDATES
M102,I038,UNRESOLVED,,,,,TRUE,UNRESOLVED,直接記載・公式rule由来mapping・一意な一般則categoryのいずれでも決定できない。 collector_status=AMBIGUOUS_CATEGORY_CANDIDATES
M102,I039,UNRESOLVED,,,,,TRUE,UNRESOLVED,直接記載・公式rule由来mapping・一意な一般則categoryのいずれでも決定できない。 collector_status=AMBIGUOUS_CATEGORY_CANDIDATES
M102,I040,DIRECT_ITEM,C-M102-01,燃えるごみ,S-M102-02,text-match:剪定枝 + 燃えるごみ,TRUE,CATEGORY_SUPPORTED_CONDITION_REVIEW_REQUIRED,全既存branchで公式資料中の品目表記とcategoryの直接候補あり。 collector_status=ALL_EXISTING_BRANCHES_HAVE_DIRECT_CANDIDATE
M103,I001,DIRECT_ITEM,C-M103-06,ペットボトル,S-M103-01,text-match:ペットボトル + ペットボトル,FALSE,CATEGORY_SUPPORTED,全既存branchで公式資料中の品目表記とcategoryの直接候補あり。 collector_status=ALL_EXISTING_BRANCHES_HAVE_DIRECT_CANDIDATE
M103,I002,UNRESOLVED,,,,,TRUE,UNRESOLVED,直接記載・公式rule由来mapping・一意な一般則categoryのいずれでも決定できない。 collector_status=AMBIGUOUS_CATEGORY_CANDIDATES
M103,I003,UNRESOLVED,,,,,TRUE,UNRESOLVED,直接記載・公式rule由来mapping・一意な一般則categoryのいずれでも決定できない。 collector_status=AMBIGUOUS_CATEGORY_CANDIDATES
M103,I004,UNRESOLVED,,,,,FALSE,UNRESOLVED,直接記載・公式rule由来mapping・一意な一般則categoryのいずれでも決定できない。 collector_status=AMBIGUOUS_CATEGORY_CANDIDATES
M103,I005,UNRESOLVED,,,,,FALSE,UNRESOLVED,直接記載・公式rule由来mapping・一意な一般則categoryのいずれでも決定できない。 collector_status=NO_ITEM_MATCH_IN_FETCHED_OFFICIAL_SOURCES
M103,I006,UNRESOLVED,,,,,TRUE,UNRESOLVED,直接記載・公式rule由来mapping・一意な一般則categoryのいずれでも決定できない。 collector_status=NO_ITEM_MATCH_IN_FETCHED_OFFICIAL_SOURCES
M103,I007,UNRESOLVED,,,,,TRUE,UNRESOLVED,直接記載・公式rule由来mapping・一意な一般則categoryのいずれでも決定できない。 collector_status=AMBIGUOUS_CATEGORY_CANDIDATES
M103,I008,UNRESOLVED,,,,,TRUE,UNRESOLVED,直接記載・公式rule由来mapping・一意な一般則categoryのいずれでも決定できない。 collector_status=NO_ITEM_MATCH_IN_FETCHED_OFFICIAL_SOURCES
M103,I009,UNRESOLVED,,,,,TRUE,UNRESOLVED,直接記載・公式rule由来mapping・一意な一般則categoryのいずれでも決定できない。 collector_status=NO_ITEM_MATCH_IN_FETCHED_OFFICIAL_SOURCES
M103,I010,UNRESOLVED,,,,,TRUE,UNRESOLVED,直接記載・公式rule由来mapping・一意な一般則categoryのいずれでも決定できない。 collector_status=NO_ITEM_MATCH_IN_FETCHED_OFFICIAL_SOURCES
M103,I011,UNRESOLVED,,,,,TRUE,UNRESOLVED,直接記載・公式rule由来mapping・一意な一般則categoryのいずれでも決定できない。 collector_status=AMBIGUOUS_CATEGORY_CANDIDATES
M103,I012,UNRESOLVED,,,,,TRUE,UNRESOLVED,直接記載・公式rule由来mapping・一意な一般則categoryのいずれでも決定できない。 collector_status=AMBIGUOUS_CATEGORY_CANDIDATES
M103,I013,UNRESOLVED,,,,,FALSE,UNRESOLVED,直接記載・公式rule由来mapping・一意な一般則categoryのいずれでも決定できない。 collector_status=AMBIGUOUS_CATEGORY_CANDIDATES
M103,I014,UNRESOLVED,,,,,FALSE,UNRESOLVED,直接記載・公式rule由来mapping・一意な一般則categoryのいずれでも決定できない。 collector_status=AMBIGUOUS_CATEGORY_CANDIDATES
M103,I015,UNRESOLVED,,,,,FALSE,UNRESOLVED,直接記載・公式rule由来mapping・一意な一般則categoryのいずれでも決定できない。 collector_status=AMBIGUOUS_CATEGORY_CANDIDATES
M103,I016,UNRESOLVED,,,,,FALSE,UNRESOLVED,直接記載・公式rule由来mapping・一意な一般則categoryのいずれでも決定できない。 collector_status=AMBIGUOUS_CATEGORY_CANDIDATES
M103,I017,UNRESOLVED,,,,,TRUE,UNRESOLVED,直接記載・公式rule由来mapping・一意な一般則categoryのいずれでも決定できない。 collector_status=AMBIGUOUS_CATEGORY_CANDIDATES
M103,I018,UNRESOLVED,,,,,FALSE,UNRESOLVED,直接記載・公式rule由来mapping・一意な一般則categoryのいずれでも決定できない。 collector_status=AMBIGUOUS_CATEGORY_CANDIDATES
M103,I019,UNRESOLVED,,,,,FALSE,UNRESOLVED,直接記載・公式rule由来mapping・一意な一般則categoryのいずれでも決定できない。 collector_status=AMBIGUOUS_CATEGORY_CANDIDATES
M103,I020,UNRESOLVED,,,,,FALSE,UNRESOLVED,直接記載・公式rule由来mapping・一意な一般則categoryのいずれでも決定できない。 collector_status=AMBIGUOUS_CATEGORY_CANDIDATES
M103,I021,DIRECT_ITEM,C-M103-07,衣類・毛布類,S-M103-01,text-match:衣類 + 衣類・毛布類,FALSE,CATEGORY_SUPPORTED,全既存branchで公式資料中の品目表記とcategoryの直接候補あり。 collector_status=ALL_EXISTING_BRANCHES_HAVE_DIRECT_CANDIDATE
M103,I022,UNRESOLVED,,,,,TRUE,UNRESOLVED,直接記載・公式rule由来mapping・一意な一般則categoryのいずれでも決定できない。 collector_status=AMBIGUOUS_CATEGORY_CANDIDATES
M103,I023,DIRECT_ITEM,C-M103-08,もやさないごみ,S-M103-01,text-match:陶磁器 + もやさないごみ,FALSE,CATEGORY_SUPPORTED,全既存branchで公式資料中の品目表記とcategoryの直接候補あり。 collector_status=ALL_EXISTING_BRANCHES_HAVE_DIRECT_CANDIDATE
M103,I024,UNRESOLVED,,,,,FALSE,UNRESOLVED,直接記載・公式rule由来mapping・一意な一般則categoryのいずれでも決定できない。 collector_status=AMBIGUOUS_CATEGORY_CANDIDATES
M103,I025,UNRESOLVED,,,,,TRUE,UNRESOLVED,直接記載・公式rule由来mapping・一意な一般則categoryのいずれでも決定できない。 collector_status=AMBIGUOUS_CATEGORY_CANDIDATES
M103,I026,UNRESOLVED,,,,,TRUE,UNRESOLVED,直接記載・公式rule由来mapping・一意な一般則categoryのいずれでも決定できない。 collector_status=AMBIGUOUS_CATEGORY_CANDIDATES
M103,I027,UNRESOLVED,,,,,TRUE,UNRESOLVED,直接記載・公式rule由来mapping・一意な一般則categoryのいずれでも決定できない。 collector_status=AMBIGUOUS_CATEGORY_CANDIDATES
M103,I028,UNRESOLVED,,,,,TRUE,UNRESOLVED,直接記載・公式rule由来mapping・一意な一般則categoryのいずれでも決定できない。 collector_status=NO_ITEM_MATCH_IN_FETCHED_OFFICIAL_SOURCES
M103,I029,UNRESOLVED,,,,,TRUE,UNRESOLVED,直接記載・公式rule由来mapping・一意な一般則categoryのいずれでも決定できない。 collector_status=AMBIGUOUS_CATEGORY_CANDIDATES
M103,I030,DIRECT_ITEM,C-M103-10,有害ごみ,S-M103-01,text-match:蛍光灯 + 有害ごみ,TRUE,CATEGORY_SUPPORTED_CONDITION_REVIEW_REQUIRED,全既存branchで公式資料中の品目表記とcategoryの直接候補あり。 collector_status=ALL_EXISTING_BRANCHES_HAVE_DIRECT_CANDIDATE
M103,I031,UNRESOLVED,,,,,TRUE,UNRESOLVED,直接記載・公式rule由来mapping・一意な一般則categoryのいずれでも決定できない。 collector_status=NO_ITEM_MATCH_IN_FETCHED_OFFICIAL_SOURCES
M103,I032,DIRECT_ITEM,C-M103-04,カン,S-M103-01,text-match:スプレー缶 + カン,TRUE,CATEGORY_SUPPORTED_CONDITION_REVIEW_REQUIRED,全既存branchで公式資料中の品目表記とcategoryの直接候補あり。 collector_status=ALL_EXISTING_BRANCHES_HAVE_DIRECT_CANDIDATE
M103,I033,UNRESOLVED,,,,,TRUE,UNRESOLVED,直接記載・公式rule由来mapping・一意な一般則categoryのいずれでも決定できない。 collector_status=AMBIGUOUS_CATEGORY_CANDIDATES
M103,I034,DIRECT_ITEM,C-M103-08|C-M103-10,もやさないごみ|有害ごみ,S-M103-01,text-match:小型家電 + もやさないごみ|text-match:小型家電 + 有害ごみ,TRUE,CATEGORY_SUPPORTED_CONDITION_REVIEW_REQUIRED,全既存branchで公式資料中の品目表記とcategoryの直接候補あり。 collector_status=ALL_EXISTING_BRANCHES_HAVE_DIRECT_CANDIDATE
M103,I035,UNRESOLVED,,,,,TRUE,UNRESOLVED,直接記載・公式rule由来mapping・一意な一般則categoryのいずれでも決定できない。 collector_status=AMBIGUOUS_CATEGORY_CANDIDATES
M103,I036,UNRESOLVED,,,,,TRUE,UNRESOLVED,直接記載・公式rule由来mapping・一意な一般則categoryのいずれでも決定できない。 collector_status=AMBIGUOUS_CATEGORY_CANDIDATES
M103,I037,UNRESOLVED,,,,,TRUE,UNRESOLVED,直接記載・公式rule由来mapping・一意な一般則categoryのいずれでも決定できない。 collector_status=AMBIGUOUS_CATEGORY_CANDIDATES
M103,I038,UNRESOLVED,,,,,TRUE,UNRESOLVED,直接記載・公式rule由来mapping・一意な一般則categoryのいずれでも決定できない。 collector_status=ITEM_MATCH_WITHOUT_CATEGORY
M103,I039,UNRESOLVED,,,,,TRUE,UNRESOLVED,直接記載・公式rule由来mapping・一意な一般則categoryのいずれでも決定できない。 collector_status=AMBIGUOUS_CATEGORY_CANDIDATES
M103,I040,DIRECT_ITEM,C-M103-12,せん定枝,S-M103-01,text-match:せん定枝 + せん定枝,TRUE,CATEGORY_SUPPORTED_CONDITION_REVIEW_REQUIRED,全既存branchで公式資料中の品目表記とcategoryの直接候補あり。 collector_status=ALL_EXISTING_BRANCHES_HAVE_DIRECT_CANDIDATE
M104,I001,OFFICIAL_RULE_DERIVED,C-M104-08,ペットボトル,S-M104-02,ペットボトル,TRUE,CATEGORY_SUPPORTED_CONDITION_REVIEW_REQUIRED,品目の直接記載は必須とせず、既存mappingを支えるCURRENT公式category ruleから判定。 collector_status=NO_ITEM_MATCH_IN_FETCHED_OFFICIAL_SOURCES
M104,I002,UNRESOLVED,,,,,TRUE,UNRESOLVED,直接記載・公式rule由来mapping・一意な一般則categoryのいずれでも決定できない。 collector_status=NO_ITEM_MATCH_IN_FETCHED_OFFICIAL_SOURCES
M104,I003,UNRESOLVED,,,,,TRUE,UNRESOLVED,直接記載・公式rule由来mapping・一意な一般則categoryのいずれでも決定できない。 collector_status=NO_ITEM_MATCH_IN_FETCHED_OFFICIAL_SOURCES
M104,I004,UNRESOLVED,,,,,FALSE,UNRESOLVED,直接記載・公式rule由来mapping・一意な一般則categoryのいずれでも決定できない。 collector_status=NO_ITEM_MATCH_IN_FETCHED_OFFICIAL_SOURCES
M104,I005,UNRESOLVED,,,,,FALSE,UNRESOLVED,直接記載・公式rule由来mapping・一意な一般則categoryのいずれでも決定できない。 collector_status=NO_ITEM_MATCH_IN_FETCHED_OFFICIAL_SOURCES
M104,I006,UNRESOLVED,,,,,TRUE,UNRESOLVED,直接記載・公式rule由来mapping・一意な一般則categoryのいずれでも決定できない。 collector_status=NO_ITEM_MATCH_IN_FETCHED_OFFICIAL_SOURCES
M104,I007,UNRESOLVED,,,,,TRUE,UNRESOLVED,直接記載・公式rule由来mapping・一意な一般則categoryのいずれでも決定できない。 collector_status=NO_ITEM_MATCH_IN_FETCHED_OFFICIAL_SOURCES
M104,I008,UNRESOLVED,,,,,TRUE,UNRESOLVED,直接記載・公式rule由来mapping・一意な一般則categoryのいずれでも決定できない。 collector_status=NO_ITEM_MATCH_IN_FETCHED_OFFICIAL_SOURCES
M104,I009,UNRESOLVED,,,,,TRUE,UNRESOLVED,直接記載・公式rule由来mapping・一意な一般則categoryのいずれでも決定できない。 collector_status=NO_ITEM_MATCH_IN_FETCHED_OFFICIAL_SOURCES
M104,I010,UNRESOLVED,,,,,TRUE,UNRESOLVED,直接記載・公式rule由来mapping・一意な一般則categoryのいずれでも決定できない。 collector_status=NO_ITEM_MATCH_IN_FETCHED_OFFICIAL_SOURCES
M104,I011,UNRESOLVED,,,,,TRUE,UNRESOLVED,直接記載・公式rule由来mapping・一意な一般則categoryのいずれでも決定できない。 collector_status=NO_ITEM_MATCH_IN_FETCHED_OFFICIAL_SOURCES
M104,I012,UNRESOLVED,,,,,TRUE,UNRESOLVED,直接記載・公式rule由来mapping・一意な一般則categoryのいずれでも決定できない。 collector_status=NO_ITEM_MATCH_IN_FETCHED_OFFICIAL_SOURCES
M104,I013,OFFICIAL_RULE_DERIVED,C-M104-05,新聞,S-M104-02,新聞,FALSE,CATEGORY_SUPPORTED,品目の直接記載は必須とせず、既存mappingを支えるCURRENT公式category ruleから判定。 collector_status=NO_ITEM_MATCH_IN_FETCHED_OFFICIAL_SOURCES
M104,I014,OFFICIAL_RULE_DERIVED,C-M104-06,雑誌・雑がみ・ダンボール,S-M104-02,雑誌・雑がみ・ダンボール,FALSE,CATEGORY_SUPPORTED,品目の直接記載は必須とせず、既存mappingを支えるCURRENT公式category ruleから判定。 collector_status=NO_ITEM_MATCH_IN_FETCHED_OFFICIAL_SOURCES
M104,I015,OFFICIAL_RULE_DERIVED,C-M104-06,雑誌・雑がみ・ダンボール,S-M104-02,雑誌・雑がみ・ダンボール,FALSE,CATEGORY_SUPPORTED,品目の直接記載は必須とせず、既存mappingを支えるCURRENT公式category ruleから判定。 collector_status=NO_ITEM_MATCH_IN_FETCHED_OFFICIAL_SOURCES
M104,I016,UNRESOLVED,,,,,FALSE,UNRESOLVED,直接記載・公式rule由来mapping・一意な一般則categoryのいずれでも決定できない。 collector_status=NO_ITEM_MATCH_IN_FETCHED_OFFICIAL_SOURCES
M104,I017,UNRESOLVED,,,,,TRUE,UNRESOLVED,直接記載・公式rule由来mapping・一意な一般則categoryのいずれでも決定できない。 collector_status=NO_ITEM_MATCH_IN_FETCHED_OFFICIAL_SOURCES
M104,I018,OFFICIAL_RULE_DERIVED,C-M104-01,燃やせるごみ,S-M104-02,燃やせるごみ,FALSE,CATEGORY_SUPPORTED,品目の直接記載は必須とせず、既存mappingを支えるCURRENT公式category ruleから判定。 collector_status=NO_ITEM_MATCH_IN_FETCHED_OFFICIAL_SOURCES
M104,I019,UNRESOLVED,,,,,FALSE,UNRESOLVED,直接記載・公式rule由来mapping・一意な一般則categoryのいずれでも決定できない。 collector_status=NO_ITEM_MATCH_IN_FETCHED_OFFICIAL_SOURCES
M104,I020,UNRESOLVED,,,,,FALSE,UNRESOLVED,直接記載・公式rule由来mapping・一意な一般則categoryのいずれでも決定できない。 collector_status=NO_ITEM_MATCH_IN_FETCHED_OFFICIAL_SOURCES
M104,I021,UNRESOLVED,,,,,FALSE,UNRESOLVED,直接記載・公式rule由来mapping・一意な一般則categoryのいずれでも決定できない。 collector_status=NO_ITEM_MATCH_IN_FETCHED_OFFICIAL_SOURCES
M104,I022,UNRESOLVED,,,,,TRUE,UNRESOLVED,直接記載・公式rule由来mapping・一意な一般則categoryのいずれでも決定できない。 collector_status=NO_ITEM_MATCH_IN_FETCHED_OFFICIAL_SOURCES
M104,I023,OFFICIAL_RULE_DERIVED,C-M104-02|C-M104-04,危険ごみ|燃やせる粗大ごみ,S-M104-02,危険ごみ|燃やせる粗大ごみ,TRUE,CATEGORY_SUPPORTED_CONDITION_REVIEW_REQUIRED,品目の直接記載は必須とせず、既存mappingを支えるCURRENT公式category ruleから判定。 collector_status=NO_ITEM_MATCH_IN_FETCHED_OFFICIAL_SOURCES
M104,I024,UNRESOLVED,,,,,FALSE,UNRESOLVED,直接記載・公式rule由来mapping・一意な一般則categoryのいずれでも決定できない。 collector_status=NO_ITEM_MATCH_IN_FETCHED_OFFICIAL_SOURCES
M104,I025,UNRESOLVED,,,,,TRUE,UNRESOLVED,直接記載・公式rule由来mapping・一意な一般則categoryのいずれでも決定できない。 collector_status=NO_ITEM_MATCH_IN_FETCHED_OFFICIAL_SOURCES
M104,I026,OFFICIAL_RULE_DERIVED,C-M104-02,危険ごみ,S-M104-02,危険ごみ,TRUE,CATEGORY_SUPPORTED_CONDITION_REVIEW_REQUIRED,品目の直接記載は必須とせず、既存mappingを支えるCURRENT公式category ruleから判定。 collector_status=NO_ITEM_MATCH_IN_FETCHED_OFFICIAL_SOURCES
M104,I027,OFFICIAL_RULE_DERIVED,C-M104-10,有害ごみ,S-M104-02,有害ごみ,TRUE,CATEGORY_SUPPORTED_CONDITION_REVIEW_REQUIRED,品目の直接記載は必須とせず、既存mappingを支えるCURRENT公式category ruleから判定。 collector_status=NO_ITEM_MATCH_IN_FETCHED_OFFICIAL_SOURCES
M104,I028,UNRESOLVED,,,,,TRUE,UNRESOLVED,直接記載・公式rule由来mapping・一意な一般則categoryのいずれでも決定できない。 collector_status=NO_ITEM_MATCH_IN_FETCHED_OFFICIAL_SOURCES
M104,I029,UNRESOLVED,,,,,TRUE,UNRESOLVED,直接記載・公式rule由来mapping・一意な一般則categoryのいずれでも決定できない。 collector_status=NO_ITEM_MATCH_IN_FETCHED_OFFICIAL_SOURCES
M104,I030,OFFICIAL_RULE_DERIVED,C-M104-10,有害ごみ,S-M104-02,有害ごみ,TRUE,CATEGORY_SUPPORTED_CONDITION_REVIEW_REQUIRED,品目の直接記載は必須とせず、既存mappingを支えるCURRENT公式category ruleから判定。 collector_status=NO_ITEM_MATCH_IN_FETCHED_OFFICIAL_SOURCES
M104,I031,UNRESOLVED,,,,,TRUE,UNRESOLVED,直接記載・公式rule由来mapping・一意な一般則categoryのいずれでも決定できない。 collector_status=NO_ITEM_MATCH_IN_FETCHED_OFFICIAL_SOURCES
M104,I032,UNRESOLVED,,,,,TRUE,UNRESOLVED,直接記載・公式rule由来mapping・一意な一般則categoryのいずれでも決定できない。 collector_status=NO_ITEM_MATCH_IN_FETCHED_OFFICIAL_SOURCES
M104,I033,OFFICIAL_RULE_DERIVED,C-M104-10,有害ごみ,S-M104-02,有害ごみ,TRUE,CATEGORY_SUPPORTED_CONDITION_REVIEW_REQUIRED,品目の直接記載は必須とせず、既存mappingを支えるCURRENT公式category ruleから判定。 collector_status=NO_ITEM_MATCH_IN_FETCHED_OFFICIAL_SOURCES
M104,I034,UNRESOLVED,,,,,TRUE,UNRESOLVED,直接記載・公式rule由来mapping・一意な一般則categoryのいずれでも決定できない。 collector_status=NO_ITEM_MATCH_IN_FETCHED_OFFICIAL_SOURCES
M104,I035,UNRESOLVED,,,,,TRUE,UNRESOLVED,直接記載・公式rule由来mapping・一意な一般則categoryのいずれでも決定できない。 collector_status=NO_ITEM_MATCH_IN_FETCHED_OFFICIAL_SOURCES
M104,I036,UNRESOLVED,,,,,TRUE,UNRESOLVED,直接記載・公式rule由来mapping・一意な一般則categoryのいずれでも決定できない。 collector_status=NO_ITEM_MATCH_IN_FETCHED_OFFICIAL_SOURCES
M104,I037,UNRESOLVED,,,,,TRUE,UNRESOLVED,直接記載・公式rule由来mapping・一意な一般則categoryのいずれでも決定できない。 collector_status=NO_ITEM_MATCH_IN_FETCHED_OFFICIAL_SOURCES
M104,I038,UNRESOLVED,,,,,TRUE,UNRESOLVED,直接記載・公式rule由来mapping・一意な一般則categoryのいずれでも決定できない。 collector_status=NO_ITEM_MATCH_IN_FETCHED_OFFICIAL_SOURCES
M104,I039,UNRESOLVED,,,,,TRUE,UNRESOLVED,直接記載・公式rule由来mapping・一意な一般則categoryのいずれでも決定できない。 collector_status=NO_ITEM_MATCH_IN_FETCHED_OFFICIAL_SOURCES
M104,I040,UNRESOLVED,,,,,TRUE,UNRESOLVED,直接記載・公式rule由来mapping・一意な一般則categoryのいずれでも決定できない。 collector_status=NO_ITEM_MATCH_IN_FETCHED_OFFICIAL_SOURCES
M105,I001,OFFICIAL_RULE_DERIVED,C-M105-04,資源ごみ(2) ペットボトルなどプラスチック製の容器（限定7品目）,S-M105-02,資源ごみ(2) ペットボトルなどプラスチック製の容器（限定7品目）,FALSE,CATEGORY_SUPPORTED,品目の直接記載は必須とせず、既存mappingを支えるCURRENT公式category ruleから判定。 collector_status=NO_ITEM_MATCH_IN_FETCHED_OFFICIAL_SOURCES
M105,I002,UNRESOLVED,,,,,TRUE,UNRESOLVED,直接記載・公式rule由来mapping・一意な一般則categoryのいずれでも決定できない。 collector_status=NO_ITEM_MATCH_IN_FETCHED_OFFICIAL_SOURCES
M105,I003,UNRESOLVED,,,,,TRUE,UNRESOLVED,直接記載・公式rule由来mapping・一意な一般則categoryのいずれでも決定できない。 collector_status=NO_ITEM_MATCH_IN_FETCHED_OFFICIAL_SOURCES
M105,I004,UNRESOLVED,,,,,FALSE,UNRESOLVED,直接記載・公式rule由来mapping・一意な一般則categoryのいずれでも決定できない。 collector_status=NO_ITEM_MATCH_IN_FETCHED_OFFICIAL_SOURCES
M105,I005,UNRESOLVED,,,,,FALSE,UNRESOLVED,直接記載・公式rule由来mapping・一意な一般則categoryのいずれでも決定できない。 collector_status=NO_ITEM_MATCH_IN_FETCHED_OFFICIAL_SOURCES
M105,I006,OFFICIAL_RULE_DERIVED,C-M105-03,資源ごみ(1) びん・かん類,S-M105-02,資源ごみ(1) びん・かん類,TRUE,CATEGORY_SUPPORTED_CONDITION_REVIEW_REQUIRED,品目の直接記載は必須とせず、既存mappingを支えるCURRENT公式category ruleから判定。 collector_status=NO_ITEM_MATCH_IN_FETCHED_OFFICIAL_SOURCES
M105,I007,UNRESOLVED,,,,,TRUE,UNRESOLVED,直接記載・公式rule由来mapping・一意な一般則categoryのいずれでも決定できない。 collector_status=NO_ITEM_MATCH_IN_FETCHED_OFFICIAL_SOURCES
M105,I008,UNRESOLVED,,,,,TRUE,UNRESOLVED,直接記載・公式rule由来mapping・一意な一般則categoryのいずれでも決定できない。 collector_status=NO_ITEM_MATCH_IN_FETCHED_OFFICIAL_SOURCES
M105,I009,UNRESOLVED,,,,,TRUE,UNRESOLVED,直接記載・公式rule由来mapping・一意な一般則categoryのいずれでも決定できない。 collector_status=NO_ITEM_MATCH_IN_FETCHED_OFFICIAL_SOURCES
M105,I010,UNRESOLVED,,,,,TRUE,UNRESOLVED,直接記載・公式rule由来mapping・一意な一般則categoryのいずれでも決定できない。 collector_status=NO_ITEM_MATCH_IN_FETCHED_OFFICIAL_SOURCES
M105,I011,UNRESOLVED,,,,,TRUE,UNRESOLVED,直接記載・公式rule由来mapping・一意な一般則categoryのいずれでも決定できない。 collector_status=NO_ITEM_MATCH_IN_FETCHED_OFFICIAL_SOURCES
M105,I012,UNRESOLVED,,,,,TRUE,UNRESOLVED,直接記載・公式rule由来mapping・一意な一般則categoryのいずれでも決定できない。 collector_status=NO_ITEM_MATCH_IN_FETCHED_OFFICIAL_SOURCES
M105,I013,UNRESOLVED,,,,,FALSE,UNRESOLVED,直接記載・公式rule由来mapping・一意な一般則categoryのいずれでも決定できない。 collector_status=NO_ITEM_MATCH_IN_FETCHED_OFFICIAL_SOURCES
M105,I014,UNRESOLVED,,,,,FALSE,UNRESOLVED,直接記載・公式rule由来mapping・一意な一般則categoryのいずれでも決定できない。 collector_status=NO_ITEM_MATCH_IN_FETCHED_OFFICIAL_SOURCES
M105,I015,UNRESOLVED,,,,,FALSE,UNRESOLVED,直接記載・公式rule由来mapping・一意な一般則categoryのいずれでも決定できない。 collector_status=NO_ITEM_MATCH_IN_FETCHED_OFFICIAL_SOURCES
M105,I016,UNRESOLVED,,,,,FALSE,UNRESOLVED,直接記載・公式rule由来mapping・一意な一般則categoryのいずれでも決定できない。 collector_status=NO_ITEM_MATCH_IN_FETCHED_OFFICIAL_SOURCES
M105,I017,UNRESOLVED,,,,,TRUE,UNRESOLVED,直接記載・公式rule由来mapping・一意な一般則categoryのいずれでも決定できない。 collector_status=NO_ITEM_MATCH_IN_FETCHED_OFFICIAL_SOURCES
M105,I018,UNRESOLVED,,,,,FALSE,UNRESOLVED,直接記載・公式rule由来mapping・一意な一般則categoryのいずれでも決定できない。 collector_status=NO_ITEM_MATCH_IN_FETCHED_OFFICIAL_SOURCES
M105,I019,UNRESOLVED,,,,,FALSE,UNRESOLVED,直接記載・公式rule由来mapping・一意な一般則categoryのいずれでも決定できない。 collector_status=NO_ITEM_MATCH_IN_FETCHED_OFFICIAL_SOURCES
M105,I020,UNRESOLVED,,,,,FALSE,UNRESOLVED,直接記載・公式rule由来mapping・一意な一般則categoryのいずれでも決定できない。 collector_status=NO_ITEM_MATCH_IN_FETCHED_OFFICIAL_SOURCES
M105,I021,OFFICIAL_RULE_DERIVED,C-M105-06,資源ごみ(4) 布類,S-M105-02,資源ごみ(4) 布類,FALSE,CATEGORY_SUPPORTED,品目の直接記載は必須とせず、既存mappingを支えるCURRENT公式category ruleから判定。 collector_status=NO_ITEM_MATCH_IN_FETCHED_OFFICIAL_SOURCES
M105,I022,UNRESOLVED,,,,,TRUE,UNRESOLVED,直接記載・公式rule由来mapping・一意な一般則categoryのいずれでも決定できない。 collector_status=NO_ITEM_MATCH_IN_FETCHED_OFFICIAL_SOURCES
M105,I023,OFFICIAL_RULE_DERIVED,C-M105-08,埋立ごみ,S-M105-01,埋立ごみ,TRUE,CATEGORY_SUPPORTED_CONDITION_REVIEW_REQUIRED,品目の直接記載は必須とせず、既存mappingを支えるCURRENT公式category ruleから判定。 collector_status=NO_ITEM_MATCH_IN_FETCHED_OFFICIAL_SOURCES
M105,I024,UNRESOLVED,,,,,FALSE,UNRESOLVED,直接記載・公式rule由来mapping・一意な一般則categoryのいずれでも決定できない。 collector_status=NO_ITEM_MATCH_IN_FETCHED_OFFICIAL_SOURCES
M105,I025,UNRESOLVED,,,,,TRUE,UNRESOLVED,直接記載・公式rule由来mapping・一意な一般則categoryのいずれでも決定できない。 collector_status=NO_ITEM_MATCH_IN_FETCHED_OFFICIAL_SOURCES
M105,I026,UNRESOLVED,,,,,TRUE,UNRESOLVED,直接記載・公式rule由来mapping・一意な一般則categoryのいずれでも決定できない。 collector_status=NO_ITEM_MATCH_IN_FETCHED_OFFICIAL_SOURCES
M105,I027,UNRESOLVED,,,,,TRUE,UNRESOLVED,直接記載・公式rule由来mapping・一意な一般則categoryのいずれでも決定できない。 collector_status=NO_ITEM_MATCH_IN_FETCHED_OFFICIAL_SOURCES
M105,I028,UNRESOLVED,,,,,TRUE,UNRESOLVED,直接記載・公式rule由来mapping・一意な一般則categoryのいずれでも決定できない。 collector_status=NO_ITEM_MATCH_IN_FETCHED_OFFICIAL_SOURCES
M105,I029,OFFICIAL_RULE_DERIVED,C-M105-11,有害ごみ,S-M105-01,有害ごみ,TRUE,CATEGORY_SUPPORTED_CONDITION_REVIEW_REQUIRED,品目の直接記載は必須とせず、既存mappingを支えるCURRENT公式category ruleから判定。 collector_status=NO_ITEM_MATCH_IN_FETCHED_OFFICIAL_SOURCES
M105,I030,OFFICIAL_RULE_DERIVED,C-M105-11,有害ごみ,S-M105-01,有害ごみ,TRUE,CATEGORY_SUPPORTED_CONDITION_REVIEW_REQUIRED,品目の直接記載は必須とせず、既存mappingを支えるCURRENT公式category ruleから判定。 collector_status=NO_ITEM_MATCH_IN_FETCHED_OFFICIAL_SOURCES
M105,I031,UNRESOLVED,,,,,TRUE,UNRESOLVED,直接記載・公式rule由来mapping・一意な一般則categoryのいずれでも決定できない。 collector_status=NO_ITEM_MATCH_IN_FETCHED_OFFICIAL_SOURCES
M105,I032,OFFICIAL_RULE_DERIVED,C-M105-03,資源ごみ(1) びん・かん類,S-M105-02,資源ごみ(1) びん・かん類,TRUE,CATEGORY_SUPPORTED_CONDITION_REVIEW_REQUIRED,品目の直接記載は必須とせず、既存mappingを支えるCURRENT公式category ruleから判定。 collector_status=NO_ITEM_MATCH_IN_FETCHED_OFFICIAL_SOURCES
M105,I033,UNRESOLVED,,,,,TRUE,UNRESOLVED,直接記載・公式rule由来mapping・一意な一般則categoryのいずれでも決定できない。 collector_status=NO_ITEM_MATCH_IN_FETCHED_OFFICIAL_SOURCES
M105,I034,UNRESOLVED,,,,,TRUE,UNRESOLVED,直接記載・公式rule由来mapping・一意な一般則categoryのいずれでも決定できない。 collector_status=NO_ITEM_MATCH_IN_FETCHED_OFFICIAL_SOURCES
M105,I035,UNRESOLVED,,,,,TRUE,UNRESOLVED,直接記載・公式rule由来mapping・一意な一般則categoryのいずれでも決定できない。 collector_status=NO_ITEM_MATCH_IN_FETCHED_OFFICIAL_SOURCES
M105,I036,UNRESOLVED,,,,,TRUE,UNRESOLVED,直接記載・公式rule由来mapping・一意な一般則categoryのいずれでも決定できない。 collector_status=NO_ITEM_MATCH_IN_FETCHED_OFFICIAL_SOURCES
M105,I037,UNRESOLVED,,,,,TRUE,UNRESOLVED,直接記載・公式rule由来mapping・一意な一般則categoryのいずれでも決定できない。 collector_status=NO_ITEM_MATCH_IN_FETCHED_OFFICIAL_SOURCES
M105,I038,UNRESOLVED,,,,,TRUE,UNRESOLVED,直接記載・公式rule由来mapping・一意な一般則categoryのいずれでも決定できない。 collector_status=NO_ITEM_MATCH_IN_FETCHED_OFFICIAL_SOURCES
M105,I039,UNRESOLVED,,,,,TRUE,UNRESOLVED,直接記載・公式rule由来mapping・一意な一般則categoryのいずれでも決定できない。 collector_status=NO_ITEM_MATCH_IN_FETCHED_OFFICIAL_SOURCES
M105,I040,OFFICIAL_RULE_DERIVED,C-M105-07,資源ごみ(5) 剪定枝,S-M105-02,資源ごみ(5) 剪定枝,TRUE,CATEGORY_SUPPORTED_CONDITION_REVIEW_REQUIRED,品目の直接記載は必須とせず、既存mappingを支えるCURRENT公式category ruleから判定。 collector_status=NO_ITEM_MATCH_IN_FETCHED_OFFICIAL_SOURCES
M106,I001,DIRECT_ITEM,C-M106-06,ペットボトル,S-M106-01,text-match:ペットボトル + ペットボトル,FALSE,CATEGORY_SUPPORTED,全既存branchで公式資料中の品目表記とcategoryの直接候補あり。 collector_status=ALL_EXISTING_BRANCHES_HAVE_DIRECT_CANDIDATE
M106,I002,UNRESOLVED,,,,,TRUE,UNRESOLVED,直接記載・公式rule由来mapping・一意な一般則categoryのいずれでも決定できない。 collector_status=AMBIGUOUS_CATEGORY_CANDIDATES
M106,I003,UNRESOLVED,,,,,TRUE,UNRESOLVED,直接記載・公式rule由来mapping・一意な一般則categoryのいずれでも決定できない。 collector_status=AMBIGUOUS_CATEGORY_CANDIDATES
M106,I004,UNRESOLVED,,,,,FALSE,UNRESOLVED,直接記載・公式rule由来mapping・一意な一般則categoryのいずれでも決定できない。 collector_status=NO_ITEM_MATCH_IN_FETCHED_OFFICIAL_SOURCES
M106,I005,UNRESOLVED,,,,,FALSE,UNRESOLVED,直接記載・公式rule由来mapping・一意な一般則categoryのいずれでも決定できない。 collector_status=NO_ITEM_MATCH_IN_FETCHED_OFFICIAL_SOURCES
M106,I006,OFFICIAL_RULE_DERIVED,C-M106-09,びん類,S-M106-01,びん類,TRUE,CATEGORY_SUPPORTED_CONDITION_REVIEW_REQUIRED,品目の直接記載は必須とせず、既存mappingを支えるCURRENT公式category ruleから判定。 collector_status=NO_ITEM_MATCH_IN_FETCHED_OFFICIAL_SOURCES
M106,I007,UNRESOLVED,,,,,TRUE,UNRESOLVED,直接記載・公式rule由来mapping・一意な一般則categoryのいずれでも決定できない。 collector_status=NO_ITEM_MATCH_IN_FETCHED_OFFICIAL_SOURCES
M106,I008,UNRESOLVED,,,,,TRUE,UNRESOLVED,直接記載・公式rule由来mapping・一意な一般則categoryのいずれでも決定できない。 collector_status=NO_ITEM_MATCH_IN_FETCHED_OFFICIAL_SOURCES
M106,I009,GENERAL_RULE_DERIVED,C-M106-05,プラスチック製容器包装,S-M106-01,プラスチック製容器包装,TRUE,CATEGORY_SUPPORTED_CONDITION_REVIEW_REQUIRED,個別記載・既存mappingなし。一般的な材質/用途ルールと一意のCURRENT公式categoryが一致。 collector_status=AMBIGUOUS_CATEGORY_CANDIDATES
M106,I010,GENERAL_RULE_DERIVED,C-M106-05,プラスチック製容器包装,S-M106-01,プラスチック製容器包装,TRUE,CATEGORY_SUPPORTED_CONDITION_REVIEW_REQUIRED,個別記載・既存mappingなし。一般的な材質/用途ルールと一意のCURRENT公式categoryが一致。 collector_status=NO_ITEM_MATCH_IN_FETCHED_OFFICIAL_SOURCES
M106,I011,GENERAL_RULE_DERIVED,C-M106-05,プラスチック製容器包装,S-M106-01,プラスチック製容器包装,TRUE,CATEGORY_SUPPORTED_CONDITION_REVIEW_REQUIRED,個別記載・既存mappingなし。一般的な材質/用途ルールと一意のCURRENT公式categoryが一致。 collector_status=AMBIGUOUS_CATEGORY_CANDIDATES
M106,I012,GENERAL_RULE_DERIVED,C-M106-05,プラスチック製容器包装,S-M106-01,プラスチック製容器包装,TRUE,CATEGORY_SUPPORTED_CONDITION_REVIEW_REQUIRED,個別記載・既存mappingなし。一般的な材質/用途ルールと一意のCURRENT公式categoryが一致。 collector_status=NO_ITEM_MATCH_IN_FETCHED_OFFICIAL_SOURCES
M106,I013,UNRESOLVED,,,,,FALSE,UNRESOLVED,直接記載・公式rule由来mapping・一意な一般則categoryのいずれでも決定できない。 collector_status=AMBIGUOUS_CATEGORY_CANDIDATES
M106,I014,UNRESOLVED,,,,,FALSE,UNRESOLVED,直接記載・公式rule由来mapping・一意な一般則categoryのいずれでも決定できない。 collector_status=AMBIGUOUS_CATEGORY_CANDIDATES
M106,I015,UNRESOLVED,,,,,FALSE,UNRESOLVED,直接記載・公式rule由来mapping・一意な一般則categoryのいずれでも決定できない。 collector_status=AMBIGUOUS_CATEGORY_CANDIDATES
M106,I016,UNRESOLVED,,,,,FALSE,UNRESOLVED,直接記載・公式rule由来mapping・一意な一般則categoryのいずれでも決定できない。 collector_status=AMBIGUOUS_CATEGORY_CANDIDATES
M106,I017,DIRECT_ITEM,C-M106-04,紙パック,S-M106-01,text-match:紙パック + 紙パック,TRUE,CATEGORY_SUPPORTED_CONDITION_REVIEW_REQUIRED,全既存branchで公式資料中の品目表記とcategoryの直接候補あり。 collector_status=ALL_EXISTING_BRANCHES_HAVE_DIRECT_CANDIDATE
M106,I018,DIRECT_ITEM,C-M106-01,燃えるごみ,S-M106-01,text-match:生ごみ + 燃えるごみ,FALSE,CATEGORY_SUPPORTED,全既存branchで公式資料中の品目表記とcategoryの直接候補あり。 collector_status=ALL_EXISTING_BRANCHES_HAVE_DIRECT_CANDIDATE
M106,I019,GENERAL_RULE_DERIVED,C-M106-01,燃えるごみ,S-M106-01,燃えるごみ,FALSE,CATEGORY_SUPPORTED,個別記載・既存mappingなし。一般的な材質/用途ルールと一意のCURRENT公式categoryが一致。 collector_status=AMBIGUOUS_CATEGORY_CANDIDATES
M106,I020,GENERAL_RULE_DERIVED,C-M106-01,燃えるごみ,S-M106-01,燃えるごみ,FALSE,CATEGORY_SUPPORTED,個別記載・既存mappingなし。一般的な材質/用途ルールと一意のCURRENT公式categoryが一致。 collector_status=AMBIGUOUS_CATEGORY_CANDIDATES
M106,I021,DIRECT_ITEM,C-M106-01,燃えるごみ,S-M106-01,text-match:古着 + 燃えるごみ,FALSE,CATEGORY_SUPPORTED,全既存branchで公式資料中の品目表記とcategoryの直接候補あり。 collector_status=ALL_EXISTING_BRANCHES_HAVE_DIRECT_CANDIDATE
M106,I022,UNRESOLVED,,,,,TRUE,UNRESOLVED,直接記載・公式rule由来mapping・一意な一般則categoryのいずれでも決定できない。 collector_status=AMBIGUOUS_CATEGORY_CANDIDATES
M106,I023,UNRESOLVED,,,,,FALSE,UNRESOLVED,直接記載・公式rule由来mapping・一意な一般則categoryのいずれでも決定できない。 collector_status=AMBIGUOUS_CATEGORY_CANDIDATES
M106,I024,UNRESOLVED,,,,,FALSE,UNRESOLVED,直接記載・公式rule由来mapping・一意な一般則categoryのいずれでも決定できない。 collector_status=AMBIGUOUS_CATEGORY_CANDIDATES
M106,I025,UNRESOLVED,,,,,TRUE,UNRESOLVED,直接記載・公式rule由来mapping・一意な一般則categoryのいずれでも決定できない。 collector_status=NO_ITEM_MATCH_IN_FETCHED_OFFICIAL_SOURCES
M106,I026,UNRESOLVED,,,,,TRUE,UNRESOLVED,直接記載・公式rule由来mapping・一意な一般則categoryのいずれでも決定できない。 collector_status=NO_ITEM_MATCH_IN_FETCHED_OFFICIAL_SOURCES
M106,I027,DIRECT_ITEM,C-M106-12,有害ごみ,S-M106-01,text-match:乾電池 + 有害ごみ,TRUE,CATEGORY_SUPPORTED_CONDITION_REVIEW_REQUIRED,全既存branchで公式資料中の品目表記とcategoryの直接候補あり。 collector_status=ALL_EXISTING_BRANCHES_HAVE_DIRECT_CANDIDATE
M106,I028,DIRECT_ITEM,C-M106-12,有害ごみ,S-M106-01,text-match:ボタン電池 + 有害ごみ,TRUE,CATEGORY_SUPPORTED_CONDITION_REVIEW_REQUIRED,全既存branchで公式資料中の品目表記とcategoryの直接候補あり。 collector_status=ALL_EXISTING_BRANCHES_HAVE_DIRECT_CANDIDATE
M106,I029,UNRESOLVED,,,,,TRUE,UNRESOLVED,直接記載・公式rule由来mapping・一意な一般則categoryのいずれでも決定できない。 collector_status=NO_ITEM_MATCH_IN_FETCHED_OFFICIAL_SOURCES
M106,I030,DIRECT_ITEM,C-M106-12,有害ごみ,S-M106-01,text-match:蛍光管 + 有害ごみ,TRUE,CATEGORY_SUPPORTED_CONDITION_REVIEW_REQUIRED,全既存branchで公式資料中の品目表記とcategoryの直接候補あり。 collector_status=ALL_EXISTING_BRANCHES_HAVE_DIRECT_CANDIDATE
M106,I031,DIRECT_ITEM,C-M106-12,有害ごみ,S-M106-01,text-match:電球 + 有害ごみ,TRUE,CATEGORY_SUPPORTED_CONDITION_REVIEW_REQUIRED,全既存branchで公式資料中の品目表記とcategoryの直接候補あり。 collector_status=ALL_EXISTING_BRANCHES_HAVE_DIRECT_CANDIDATE
M106,I032,DIRECT_ITEM,C-M106-08,かん類,S-M106-01,text-match:スプレー缶 + かん類,TRUE,CATEGORY_SUPPORTED_CONDITION_REVIEW_REQUIRED,全既存branchで公式資料中の品目表記とcategoryの直接候補あり。 collector_status=ALL_EXISTING_BRANCHES_HAVE_DIRECT_CANDIDATE
M106,I033,UNRESOLVED,,,,,TRUE,UNRESOLVED,直接記載・公式rule由来mapping・一意な一般則categoryのいずれでも決定できない。 collector_status=AMBIGUOUS_CATEGORY_CANDIDATES
M106,I034,DIRECT_ITEM,C-M106-10,小型家電、電源コード、金物など,S-M106-01,text-match:小型家電 + 小型家電、電源コード、金物など,TRUE,CATEGORY_SUPPORTED_CONDITION_REVIEW_REQUIRED,全既存branchで公式資料中の品目表記とcategoryの直接候補あり。 collector_status=ALL_EXISTING_BRANCHES_HAVE_DIRECT_CANDIDATE
M106,I035,UNRESOLVED,,,,,TRUE,UNRESOLVED,直接記載・公式rule由来mapping・一意な一般則categoryのいずれでも決定できない。 collector_status=NO_ITEM_MATCH_IN_FETCHED_OFFICIAL_SOURCES
M106,I036,UNRESOLVED,,,,,TRUE,UNRESOLVED,直接記載・公式rule由来mapping・一意な一般則categoryのいずれでも決定できない。 collector_status=AMBIGUOUS_CATEGORY_CANDIDATES
M106,I037,UNRESOLVED,,,,,TRUE,UNRESOLVED,直接記載・公式rule由来mapping・一意な一般則categoryのいずれでも決定できない。 collector_status=AMBIGUOUS_CATEGORY_CANDIDATES
M106,I038,UNRESOLVED,,,,,TRUE,UNRESOLVED,直接記載・公式rule由来mapping・一意な一般則categoryのいずれでも決定できない。 collector_status=AMBIGUOUS_CATEGORY_CANDIDATES
M106,I039,UNRESOLVED,,,,,TRUE,UNRESOLVED,直接記載・公式rule由来mapping・一意な一般則categoryのいずれでも決定できない。 collector_status=AMBIGUOUS_CATEGORY_CANDIDATES
M106,I040,UNRESOLVED,,,,,TRUE,UNRESOLVED,直接記載・公式rule由来mapping・一意な一般則categoryのいずれでも決定できない。 collector_status=NO_ITEM_MATCH_IN_FETCHED_OFFICIAL_SOURCES
M107,I001,OFFICIAL_RULE_DERIVED,C-M107-07,資源ごみ（ペットボトル）,S-M107-01,資源ごみ（ペットボトル）,FALSE,CATEGORY_SUPPORTED,品目の直接記載は必須とせず、既存mappingを支えるCURRENT公式category ruleから判定。 collector_status=NO_ITEM_MATCH_IN_FETCHED_OFFICIAL_SOURCES
M107,I002,UNRESOLVED,,,,,TRUE,UNRESOLVED,直接記載・公式rule由来mapping・一意な一般則categoryのいずれでも決定できない。 collector_status=ONE_INFERRED_CATEGORY_CANDIDATE
M107,I003,UNRESOLVED,,,,,TRUE,UNRESOLVED,直接記載・公式rule由来mapping・一意な一般則categoryのいずれでも決定できない。 collector_status=NO_ITEM_MATCH_IN_FETCHED_OFFICIAL_SOURCES
M107,I004,UNRESOLVED,,,,,FALSE,UNRESOLVED,直接記載・公式rule由来mapping・一意な一般則categoryのいずれでも決定できない。 collector_status=NO_ITEM_MATCH_IN_FETCHED_OFFICIAL_SOURCES
M107,I005,UNRESOLVED,,,,,FALSE,UNRESOLVED,直接記載・公式rule由来mapping・一意な一般則categoryのいずれでも決定できない。 collector_status=NO_ITEM_MATCH_IN_FETCHED_OFFICIAL_SOURCES
M107,I006,OFFICIAL_RULE_DERIVED,C-M107-05,資源ごみ（びん・缶）,S-M107-01,資源ごみ（びん・缶）,TRUE,CATEGORY_SUPPORTED_CONDITION_REVIEW_REQUIRED,品目の直接記載は必須とせず、既存mappingを支えるCURRENT公式category ruleから判定。 collector_status=NO_ITEM_MATCH_IN_FETCHED_OFFICIAL_SOURCES
M107,I007,UNRESOLVED,,,,,TRUE,UNRESOLVED,直接記載・公式rule由来mapping・一意な一般則categoryのいずれでも決定できない。 collector_status=NO_ITEM_MATCH_IN_FETCHED_OFFICIAL_SOURCES
M107,I008,UNRESOLVED,,,,,TRUE,UNRESOLVED,直接記載・公式rule由来mapping・一意な一般則categoryのいずれでも決定できない。 collector_status=NO_ITEM_MATCH_IN_FETCHED_OFFICIAL_SOURCES
M107,I009,UNRESOLVED,,,,,TRUE,UNRESOLVED,直接記載・公式rule由来mapping・一意な一般則categoryのいずれでも決定できない。 collector_status=NO_ITEM_MATCH_IN_FETCHED_OFFICIAL_SOURCES
M107,I010,UNRESOLVED,,,,,TRUE,UNRESOLVED,直接記載・公式rule由来mapping・一意な一般則categoryのいずれでも決定できない。 collector_status=NO_ITEM_MATCH_IN_FETCHED_OFFICIAL_SOURCES
M107,I011,UNRESOLVED,,,,,TRUE,UNRESOLVED,直接記載・公式rule由来mapping・一意な一般則categoryのいずれでも決定できない。 collector_status=NO_ITEM_MATCH_IN_FETCHED_OFFICIAL_SOURCES
M107,I012,UNRESOLVED,,,,,TRUE,UNRESOLVED,直接記載・公式rule由来mapping・一意な一般則categoryのいずれでも決定できない。 collector_status=NO_ITEM_MATCH_IN_FETCHED_OFFICIAL_SOURCES
M107,I013,UNRESOLVED,,,,,FALSE,UNRESOLVED,直接記載・公式rule由来mapping・一意な一般則categoryのいずれでも決定できない。 collector_status=NO_ITEM_MATCH_IN_FETCHED_OFFICIAL_SOURCES
M107,I014,UNRESOLVED,,,,,FALSE,UNRESOLVED,直接記載・公式rule由来mapping・一意な一般則categoryのいずれでも決定できない。 collector_status=NO_ITEM_MATCH_IN_FETCHED_OFFICIAL_SOURCES
M107,I015,UNRESOLVED,,,,,FALSE,UNRESOLVED,直接記載・公式rule由来mapping・一意な一般則categoryのいずれでも決定できない。 collector_status=NO_ITEM_MATCH_IN_FETCHED_OFFICIAL_SOURCES
M107,I016,UNRESOLVED,,,,,FALSE,UNRESOLVED,直接記載・公式rule由来mapping・一意な一般則categoryのいずれでも決定できない。 collector_status=NO_ITEM_MATCH_IN_FETCHED_OFFICIAL_SOURCES
M107,I017,UNRESOLVED,,,,,TRUE,UNRESOLVED,直接記載・公式rule由来mapping・一意な一般則categoryのいずれでも決定できない。 collector_status=NO_ITEM_MATCH_IN_FETCHED_OFFICIAL_SOURCES
M107,I018,OFFICIAL_RULE_DERIVED,C-M107-01,燃えるごみ,S-M107-01,燃えるごみ,FALSE,CATEGORY_SUPPORTED,品目の直接記載は必須とせず、既存mappingを支えるCURRENT公式category ruleから判定。 collector_status=NO_ITEM_MATCH_IN_FETCHED_OFFICIAL_SOURCES
M107,I019,UNRESOLVED,,,,,FALSE,UNRESOLVED,一般則候補categoryが複数(2)のため自動決定しない。 collector_status=NO_ITEM_MATCH_IN_FETCHED_OFFICIAL_SOURCES
M107,I020,UNRESOLVED,,,,,FALSE,UNRESOLVED,一般則候補categoryが複数(2)のため自動決定しない。 collector_status=NO_ITEM_MATCH_IN_FETCHED_OFFICIAL_SOURCES
M107,I021,OFFICIAL_RULE_DERIVED,C-M107-01|C-M107-06,燃えるごみ|資源ごみ（古紙・布類）,S-M107-01,燃えるごみ|資源ごみ（古紙・布類）,FALSE,CATEGORY_SUPPORTED,品目の直接記載は必須とせず、既存mappingを支えるCURRENT公式category ruleから判定。 collector_status=NO_ITEM_MATCH_IN_FETCHED_OFFICIAL_SOURCES
M107,I022,UNRESOLVED,,,,,TRUE,UNRESOLVED,直接記載・公式rule由来mapping・一意な一般則categoryのいずれでも決定できない。 collector_status=NO_ITEM_MATCH_IN_FETCHED_OFFICIAL_SOURCES
M107,I023,OFFICIAL_RULE_DERIVED,C-M107-02,燃えないごみ（埋立てるごみ）,S-M107-01,燃えないごみ（埋立てるごみ）,FALSE,CATEGORY_SUPPORTED,品目の直接記載は必須とせず、既存mappingを支えるCURRENT公式category ruleから判定。 collector_status=NO_ITEM_MATCH_IN_FETCHED_OFFICIAL_SOURCES
M107,I024,UNRESOLVED,,,,,FALSE,UNRESOLVED,一般則候補categoryが複数(2)のため自動決定しない。 collector_status=NO_ITEM_MATCH_IN_FETCHED_OFFICIAL_SOURCES
M107,I025,UNRESOLVED,,,,,TRUE,UNRESOLVED,直接記載・公式rule由来mapping・一意な一般則categoryのいずれでも決定できない。 collector_status=NO_ITEM_MATCH_IN_FETCHED_OFFICIAL_SOURCES
M107,I026,UNRESOLVED,,,,,TRUE,UNRESOLVED,直接記載・公式rule由来mapping・一意な一般則categoryのいずれでも決定できない。 collector_status=NO_ITEM_MATCH_IN_FETCHED_OFFICIAL_SOURCES
M107,I027,OFFICIAL_RULE_DERIVED,C-M107-08,有害・危険ごみ,S-M107-02,有害・危険ごみ,TRUE,CATEGORY_SUPPORTED_CONDITION_REVIEW_REQUIRED,品目の直接記載は必須とせず、既存mappingを支えるCURRENT公式category ruleから判定。 collector_status=NO_ITEM_MATCH_IN_FETCHED_OFFICIAL_SOURCES
M107,I028,UNRESOLVED,,,,,TRUE,UNRESOLVED,直接記載・公式rule由来mapping・一意な一般則categoryのいずれでも決定できない。 collector_status=NO_ITEM_MATCH_IN_FETCHED_OFFICIAL_SOURCES
M107,I029,OFFICIAL_RULE_DERIVED,C-M107-08,有害・危険ごみ,S-M107-02,有害・危険ごみ,TRUE,CATEGORY_SUPPORTED_CONDITION_REVIEW_REQUIRED,品目の直接記載は必須とせず、既存mappingを支えるCURRENT公式category ruleから判定。 collector_status=NO_ITEM_MATCH_IN_FETCHED_OFFICIAL_SOURCES
M107,I030,OFFICIAL_RULE_DERIVED,C-M107-08,有害・危険ごみ,S-M107-02,有害・危険ごみ,TRUE,CATEGORY_SUPPORTED_CONDITION_REVIEW_REQUIRED,品目の直接記載は必須とせず、既存mappingを支えるCURRENT公式category ruleから判定。 collector_status=NO_ITEM_MATCH_IN_FETCHED_OFFICIAL_SOURCES
M107,I031,UNRESOLVED,,,,,TRUE,UNRESOLVED,直接記載・公式rule由来mapping・一意な一般則categoryのいずれでも決定できない。 collector_status=NO_ITEM_MATCH_IN_FETCHED_OFFICIAL_SOURCES
M107,I032,DIRECT_ITEM,C-M107-08,有害・危険ごみ,S-M107-02,text-match:スプレー缶 + 有害・危険ごみ,TRUE,CATEGORY_SUPPORTED_CONDITION_REVIEW_REQUIRED,全既存branchで公式資料中の品目表記とcategoryの直接候補あり。 collector_status=ALL_EXISTING_BRANCHES_HAVE_DIRECT_CANDIDATE
M107,I033,UNRESOLVED,,,,,TRUE,UNRESOLVED,直接記載・公式rule由来mapping・一意な一般則categoryのいずれでも決定できない。 collector_status=NO_ITEM_MATCH_IN_FETCHED_OFFICIAL_SOURCES
M107,I034,OFFICIAL_RULE_DERIVED,C-M107-03,燃える粗大ごみ,S-M107-01,燃える粗大ごみ,TRUE,CATEGORY_SUPPORTED_CONDITION_REVIEW_REQUIRED,品目の直接記載は必須とせず、既存mappingを支えるCURRENT公式category ruleから判定。 collector_status=NO_ITEM_MATCH_IN_FETCHED_OFFICIAL_SOURCES
M107,I035,UNRESOLVED,,,,,TRUE,UNRESOLVED,直接記載・公式rule由来mapping・一意な一般則categoryのいずれでも決定できない。 collector_status=NO_ITEM_MATCH_IN_FETCHED_OFFICIAL_SOURCES
M107,I036,UNRESOLVED,,,,,TRUE,UNRESOLVED,直接記載・公式rule由来mapping・一意な一般則categoryのいずれでも決定できない。 collector_status=NO_ITEM_MATCH_IN_FETCHED_OFFICIAL_SOURCES
M107,I037,UNRESOLVED,,,,,TRUE,UNRESOLVED,直接記載・公式rule由来mapping・一意な一般則categoryのいずれでも決定できない。 collector_status=NO_ITEM_MATCH_IN_FETCHED_OFFICIAL_SOURCES
M107,I038,UNRESOLVED,,,,,TRUE,UNRESOLVED,直接記載・公式rule由来mapping・一意な一般則categoryのいずれでも決定できない。 collector_status=NO_ITEM_MATCH_IN_FETCHED_OFFICIAL_SOURCES
M107,I039,UNRESOLVED,,,,,TRUE,UNRESOLVED,直接記載・公式rule由来mapping・一意な一般則categoryのいずれでも決定できない。 collector_status=NO_ITEM_MATCH_IN_FETCHED_OFFICIAL_SOURCES
M107,I040,UNRESOLVED,,,,,TRUE,UNRESOLVED,直接記載・公式rule由来mapping・一意な一般則categoryのいずれでも決定できない。 collector_status=NO_ITEM_MATCH_IN_FETCHED_OFFICIAL_SOURCES
M108,I001,OFFICIAL_RULE_DERIVED,C-M108-09,ペットボトル,S-M108-01,ペットボトル,FALSE,CATEGORY_SUPPORTED,品目の直接記載は必須とせず、既存mappingを支えるCURRENT公式category ruleから判定。 collector_status=NO_ITEM_MATCH_IN_FETCHED_OFFICIAL_SOURCES
M108,I002,UNRESOLVED,,,,,TRUE,UNRESOLVED,直接記載・公式rule由来mapping・一意な一般則categoryのいずれでも決定できない。 collector_status=NO_ITEM_MATCH_IN_FETCHED_OFFICIAL_SOURCES
M108,I003,UNRESOLVED,,,,,TRUE,UNRESOLVED,直接記載・公式rule由来mapping・一意な一般則categoryのいずれでも決定できない。 collector_status=NO_ITEM_MATCH_IN_FETCHED_OFFICIAL_SOURCES
M108,I004,UNRESOLVED,,,,,FALSE,UNRESOLVED,直接記載・公式rule由来mapping・一意な一般則categoryのいずれでも決定できない。 collector_status=NO_ITEM_MATCH_IN_FETCHED_OFFICIAL_SOURCES
M108,I005,UNRESOLVED,,,,,FALSE,UNRESOLVED,直接記載・公式rule由来mapping・一意な一般則categoryのいずれでも決定できない。 collector_status=NO_ITEM_MATCH_IN_FETCHED_OFFICIAL_SOURCES
M108,I006,UNRESOLVED,,,,,TRUE,UNRESOLVED,直接記載・公式rule由来mapping・一意な一般則categoryのいずれでも決定できない。 collector_status=NO_ITEM_MATCH_IN_FETCHED_OFFICIAL_SOURCES
M108,I007,OFFICIAL_RULE_DERIVED,C-M108-11,白色トレイ,S-M108-01,白色トレイ,TRUE,CATEGORY_SUPPORTED_CONDITION_REVIEW_REQUIRED,品目の直接記載は必須とせず、既存mappingを支えるCURRENT公式category ruleから判定。 collector_status=NO_ITEM_MATCH_IN_FETCHED_OFFICIAL_SOURCES
M108,I008,UNRESOLVED,,,,,TRUE,UNRESOLVED,直接記載・公式rule由来mapping・一意な一般則categoryのいずれでも決定できない。 collector_status=NO_ITEM_MATCH_IN_FETCHED_OFFICIAL_SOURCES
M108,I009,UNRESOLVED,,,,,TRUE,UNRESOLVED,直接記載・公式rule由来mapping・一意な一般則categoryのいずれでも決定できない。 collector_status=NO_ITEM_MATCH_IN_FETCHED_OFFICIAL_SOURCES
M108,I010,UNRESOLVED,,,,,TRUE,UNRESOLVED,直接記載・公式rule由来mapping・一意な一般則categoryのいずれでも決定できない。 collector_status=NO_ITEM_MATCH_IN_FETCHED_OFFICIAL_SOURCES
M108,I011,UNRESOLVED,,,,,TRUE,UNRESOLVED,直接記載・公式rule由来mapping・一意な一般則categoryのいずれでも決定できない。 collector_status=NO_ITEM_MATCH_IN_FETCHED_OFFICIAL_SOURCES
M108,I012,UNRESOLVED,,,,,TRUE,UNRESOLVED,直接記載・公式rule由来mapping・一意な一般則categoryのいずれでも決定できない。 collector_status=NO_ITEM_MATCH_IN_FETCHED_OFFICIAL_SOURCES
M108,I013,OFFICIAL_RULE_DERIVED,C-M108-03,新聞・雑誌・雑がみ,S-M108-01,新聞・雑誌・雑がみ,FALSE,CATEGORY_SUPPORTED,品目の直接記載は必須とせず、既存mappingを支えるCURRENT公式category ruleから判定。 collector_status=ITEM_MATCH_WITHOUT_CATEGORY
M108,I014,OFFICIAL_RULE_DERIVED,C-M108-04,ダンボール,S-M108-01,ダンボール,FALSE,CATEGORY_SUPPORTED,品目の直接記載は必須とせず、既存mappingを支えるCURRENT公式category ruleから判定。 collector_status=NO_ITEM_MATCH_IN_FETCHED_OFFICIAL_SOURCES
M108,I015,OFFICIAL_RULE_DERIVED,C-M108-03,新聞・雑誌・雑がみ,S-M108-01,新聞・雑誌・雑がみ,FALSE,CATEGORY_SUPPORTED,品目の直接記載は必須とせず、既存mappingを支えるCURRENT公式category ruleから判定。 collector_status=NO_ITEM_MATCH_IN_FETCHED_OFFICIAL_SOURCES
M108,I016,UNRESOLVED,,,,,FALSE,UNRESOLVED,直接記載・公式rule由来mapping・一意な一般則categoryのいずれでも決定できない。 collector_status=NO_ITEM_MATCH_IN_FETCHED_OFFICIAL_SOURCES
M108,I017,OFFICIAL_RULE_DERIVED,C-M108-10,紙パック,S-M108-01,紙パック,TRUE,CATEGORY_SUPPORTED_CONDITION_REVIEW_REQUIRED,品目の直接記載は必須とせず、既存mappingを支えるCURRENT公式category ruleから判定。 collector_status=NO_ITEM_MATCH_IN_FETCHED_OFFICIAL_SOURCES
M108,I018,UNRESOLVED,,,,,FALSE,UNRESOLVED,直接記載・公式rule由来mapping・一意な一般則categoryのいずれでも決定できない。 collector_status=ITEM_MATCH_WITHOUT_CATEGORY
M108,I019,GENERAL_RULE_DERIVED,C-M108-01,普通ごみ,S-M108-01,普通ごみ,FALSE,CATEGORY_SUPPORTED,個別記載・既存mappingなし。一般的な材質/用途ルールと一意のCURRENT公式categoryが一致。 collector_status=NO_ITEM_MATCH_IN_FETCHED_OFFICIAL_SOURCES
M108,I020,GENERAL_RULE_DERIVED,C-M108-01,普通ごみ,S-M108-01,普通ごみ,FALSE,CATEGORY_SUPPORTED,個別記載・既存mappingなし。一般的な材質/用途ルールと一意のCURRENT公式categoryが一致。 collector_status=NO_ITEM_MATCH_IN_FETCHED_OFFICIAL_SOURCES
M108,I021,OFFICIAL_RULE_DERIVED,C-M108-05,衣類,S-M108-01,衣類,FALSE,CATEGORY_SUPPORTED,品目の直接記載は必須とせず、既存mappingを支えるCURRENT公式category ruleから判定。 collector_status=NO_ITEM_MATCH_IN_FETCHED_OFFICIAL_SOURCES
M108,I022,UNRESOLVED,,,,,TRUE,UNRESOLVED,直接記載・公式rule由来mapping・一意な一般則categoryのいずれでも決定できない。 collector_status=NO_ITEM_MATCH_IN_FETCHED_OFFICIAL_SOURCES
M108,I023,OFFICIAL_RULE_DERIVED,C-M108-07,埋立ごみ,S-M108-01,埋立ごみ,FALSE,CATEGORY_SUPPORTED,品目の直接記載は必須とせず、既存mappingを支えるCURRENT公式category ruleから判定。 collector_status=NO_ITEM_MATCH_IN_FETCHED_OFFICIAL_SOURCES
M108,I024,UNRESOLVED,,,,,FALSE,UNRESOLVED,直接記載・公式rule由来mapping・一意な一般則categoryのいずれでも決定できない。 collector_status=NO_ITEM_MATCH_IN_FETCHED_OFFICIAL_SOURCES
M108,I025,UNRESOLVED,,,,,TRUE,UNRESOLVED,直接記載・公式rule由来mapping・一意な一般則categoryのいずれでも決定できない。 collector_status=NO_ITEM_MATCH_IN_FETCHED_OFFICIAL_SOURCES
M108,I026,UNRESOLVED,,,,,TRUE,UNRESOLVED,直接記載・公式rule由来mapping・一意な一般則categoryのいずれでも決定できない。 collector_status=NO_ITEM_MATCH_IN_FETCHED_OFFICIAL_SOURCES
M108,I027,OFFICIAL_RULE_DERIVED,C-M108-08,有害ごみ,S-M108-01,有害ごみ,TRUE,CATEGORY_SUPPORTED_CONDITION_REVIEW_REQUIRED,品目の直接記載は必須とせず、既存mappingを支えるCURRENT公式category ruleから判定。 collector_status=NO_ITEM_MATCH_IN_FETCHED_OFFICIAL_SOURCES
M108,I028,UNRESOLVED,,,,,TRUE,UNRESOLVED,直接記載・公式rule由来mapping・一意な一般則categoryのいずれでも決定できない。 collector_status=NO_ITEM_MATCH_IN_FETCHED_OFFICIAL_SOURCES
M108,I029,UNRESOLVED,,,,,TRUE,UNRESOLVED,直接記載・公式rule由来mapping・一意な一般則categoryのいずれでも決定できない。 collector_status=NO_ITEM_MATCH_IN_FETCHED_OFFICIAL_SOURCES
M108,I030,OFFICIAL_RULE_DERIVED,C-M108-08,有害ごみ,S-M108-01,有害ごみ,TRUE,CATEGORY_SUPPORTED_CONDITION_REVIEW_REQUIRED,品目の直接記載は必須とせず、既存mappingを支えるCURRENT公式category ruleから判定。 collector_status=NO_ITEM_MATCH_IN_FETCHED_OFFICIAL_SOURCES
M108,I031,UNRESOLVED,,,,,TRUE,UNRESOLVED,直接記載・公式rule由来mapping・一意な一般則categoryのいずれでも決定できない。 collector_status=NO_ITEM_MATCH_IN_FETCHED_OFFICIAL_SOURCES
M108,I032,UNRESOLVED,,,,,TRUE,UNRESOLVED,直接記載・公式rule由来mapping・一意な一般則categoryのいずれでも決定できない。 collector_status=NO_ITEM_MATCH_IN_FETCHED_OFFICIAL_SOURCES
M108,I033,UNRESOLVED,,,,,TRUE,UNRESOLVED,直接記載・公式rule由来mapping・一意な一般則categoryのいずれでも決定できない。 collector_status=NO_ITEM_MATCH_IN_FETCHED_OFFICIAL_SOURCES
M108,I034,UNRESOLVED,,,,,TRUE,UNRESOLVED,直接記載・公式rule由来mapping・一意な一般則categoryのいずれでも決定できない。 collector_status=NO_ITEM_MATCH_IN_FETCHED_OFFICIAL_SOURCES
M108,I035,OFFICIAL_RULE_DERIVED,C-M108-08,有害ごみ,S-M108-01,有害ごみ,TRUE,CATEGORY_SUPPORTED_CONDITION_REVIEW_REQUIRED,品目の直接記載は必須とせず、既存mappingを支えるCURRENT公式category ruleから判定。 collector_status=NO_ITEM_MATCH_IN_FETCHED_OFFICIAL_SOURCES
M108,I036,UNRESOLVED,,,,,TRUE,UNRESOLVED,直接記載・公式rule由来mapping・一意な一般則categoryのいずれでも決定できない。 collector_status=NO_ITEM_MATCH_IN_FETCHED_OFFICIAL_SOURCES
M108,I037,UNRESOLVED,,,,,TRUE,UNRESOLVED,直接記載・公式rule由来mapping・一意な一般則categoryのいずれでも決定できない。 collector_status=NO_ITEM_MATCH_IN_FETCHED_OFFICIAL_SOURCES
M108,I038,UNRESOLVED,,,,,TRUE,UNRESOLVED,直接記載・公式rule由来mapping・一意な一般則categoryのいずれでも決定できない。 collector_status=NO_ITEM_MATCH_IN_FETCHED_OFFICIAL_SOURCES
M108,I039,UNRESOLVED,,,,,TRUE,UNRESOLVED,直接記載・公式rule由来mapping・一意な一般則categoryのいずれでも決定できない。 collector_status=NO_ITEM_MATCH_IN_FETCHED_OFFICIAL_SOURCES
M108,I040,UNRESOLVED,,,,,TRUE,UNRESOLVED,直接記載・公式rule由来mapping・一意な一般則categoryのいずれでも決定できない。 collector_status=NO_ITEM_MATCH_IN_FETCHED_OFFICIAL_SOURCES
M109,I001,OFFICIAL_RULE_DERIVED,C-M109-07,ペットボトル,S-M109-01,ペットボトル,FALSE,CATEGORY_SUPPORTED,品目の直接記載は必須とせず、既存mappingを支えるCURRENT公式category ruleから判定。 collector_status=NO_ITEM_MATCH_IN_FETCHED_OFFICIAL_SOURCES
M109,I002,UNRESOLVED,,,,,TRUE,UNRESOLVED,直接記載・公式rule由来mapping・一意な一般則categoryのいずれでも決定できない。 collector_status=NO_ITEM_MATCH_IN_FETCHED_OFFICIAL_SOURCES
M109,I003,UNRESOLVED,,,,,TRUE,UNRESOLVED,直接記載・公式rule由来mapping・一意な一般則categoryのいずれでも決定できない。 collector_status=NO_ITEM_MATCH_IN_FETCHED_OFFICIAL_SOURCES
M109,I004,UNRESOLVED,,,,,FALSE,UNRESOLVED,直接記載・公式rule由来mapping・一意な一般則categoryのいずれでも決定できない。 collector_status=NO_ITEM_MATCH_IN_FETCHED_OFFICIAL_SOURCES
M109,I005,UNRESOLVED,,,,,FALSE,UNRESOLVED,直接記載・公式rule由来mapping・一意な一般則categoryのいずれでも決定できない。 collector_status=NO_ITEM_MATCH_IN_FETCHED_OFFICIAL_SOURCES
M109,I006,OFFICIAL_RULE_DERIVED,C-M109-05,ビン類,S-M109-01,ビン類,TRUE,CATEGORY_SUPPORTED_CONDITION_REVIEW_REQUIRED,品目の直接記載は必須とせず、既存mappingを支えるCURRENT公式category ruleから判定。 collector_status=NO_ITEM_MATCH_IN_FETCHED_OFFICIAL_SOURCES
M109,I007,UNRESOLVED,,,,,TRUE,UNRESOLVED,直接記載・公式rule由来mapping・一意な一般則categoryのいずれでも決定できない。 collector_status=NO_ITEM_MATCH_IN_FETCHED_OFFICIAL_SOURCES
M109,I008,UNRESOLVED,,,,,TRUE,UNRESOLVED,直接記載・公式rule由来mapping・一意な一般則categoryのいずれでも決定できない。 collector_status=NO_ITEM_MATCH_IN_FETCHED_OFFICIAL_SOURCES
M109,I009,UNRESOLVED,,,,,TRUE,UNRESOLVED,直接記載・公式rule由来mapping・一意な一般則categoryのいずれでも決定できない。 collector_status=NO_ITEM_MATCH_IN_FETCHED_OFFICIAL_SOURCES
M109,I010,UNRESOLVED,,,,,TRUE,UNRESOLVED,直接記載・公式rule由来mapping・一意な一般則categoryのいずれでも決定できない。 collector_status=NO_ITEM_MATCH_IN_FETCHED_OFFICIAL_SOURCES
M109,I011,UNRESOLVED,,,,,TRUE,UNRESOLVED,直接記載・公式rule由来mapping・一意な一般則categoryのいずれでも決定できない。 collector_status=NO_ITEM_MATCH_IN_FETCHED_OFFICIAL_SOURCES
M109,I012,UNRESOLVED,,,,,TRUE,UNRESOLVED,直接記載・公式rule由来mapping・一意な一般則categoryのいずれでも決定できない。 collector_status=NO_ITEM_MATCH_IN_FETCHED_OFFICIAL_SOURCES
M109,I013,UNRESOLVED,,,,,FALSE,UNRESOLVED,直接記載・公式rule由来mapping・一意な一般則categoryのいずれでも決定できない。 collector_status=NO_ITEM_MATCH_IN_FETCHED_OFFICIAL_SOURCES
M109,I014,UNRESOLVED,,,,,FALSE,UNRESOLVED,直接記載・公式rule由来mapping・一意な一般則categoryのいずれでも決定できない。 collector_status=NO_ITEM_MATCH_IN_FETCHED_OFFICIAL_SOURCES
M109,I015,UNRESOLVED,,,,,FALSE,UNRESOLVED,直接記載・公式rule由来mapping・一意な一般則categoryのいずれでも決定できない。 collector_status=NO_ITEM_MATCH_IN_FETCHED_OFFICIAL_SOURCES
M109,I016,UNRESOLVED,,,,,FALSE,UNRESOLVED,直接記載・公式rule由来mapping・一意な一般則categoryのいずれでも決定できない。 collector_status=NO_ITEM_MATCH_IN_FETCHED_OFFICIAL_SOURCES
M109,I017,UNRESOLVED,,,,,TRUE,UNRESOLVED,直接記載・公式rule由来mapping・一意な一般則categoryのいずれでも決定できない。 collector_status=NO_ITEM_MATCH_IN_FETCHED_OFFICIAL_SOURCES
M109,I018,OFFICIAL_RULE_DERIVED,C-M109-01,可燃ごみ,S-M109-01,可燃ごみ,FALSE,CATEGORY_SUPPORTED,品目の直接記載は必須とせず、既存mappingを支えるCURRENT公式category ruleから判定。 collector_status=NO_ITEM_MATCH_IN_FETCHED_OFFICIAL_SOURCES
M109,I019,GENERAL_RULE_DERIVED,C-M109-01,可燃ごみ,S-M109-01,可燃ごみ,FALSE,CATEGORY_SUPPORTED,個別記載・既存mappingなし。一般的な材質/用途ルールと一意のCURRENT公式categoryが一致。 collector_status=NO_ITEM_MATCH_IN_FETCHED_OFFICIAL_SOURCES
M109,I020,GENERAL_RULE_DERIVED,C-M109-01,可燃ごみ,S-M109-01,可燃ごみ,FALSE,CATEGORY_SUPPORTED,個別記載・既存mappingなし。一般的な材質/用途ルールと一意のCURRENT公式categoryが一致。 collector_status=NO_ITEM_MATCH_IN_FETCHED_OFFICIAL_SOURCES
M109,I021,OFFICIAL_RULE_DERIVED,C-M109-06,紙・布類,S-M109-01,紙・布類,FALSE,CATEGORY_SUPPORTED,品目の直接記載は必須とせず、既存mappingを支えるCURRENT公式category ruleから判定。 collector_status=NO_ITEM_MATCH_IN_FETCHED_OFFICIAL_SOURCES
M109,I022,UNRESOLVED,,,,,TRUE,UNRESOLVED,直接記載・公式rule由来mapping・一意な一般則categoryのいずれでも決定できない。 collector_status=NO_ITEM_MATCH_IN_FETCHED_OFFICIAL_SOURCES
M109,I023,OFFICIAL_RULE_DERIVED,C-M109-02,埋立ごみ,S-M109-01,埋立ごみ,FALSE,CATEGORY_SUPPORTED,品目の直接記載は必須とせず、既存mappingを支えるCURRENT公式category ruleから判定。 collector_status=NO_ITEM_MATCH_IN_FETCHED_OFFICIAL_SOURCES
M109,I024,UNRESOLVED,,,,,FALSE,UNRESOLVED,直接記載・公式rule由来mapping・一意な一般則categoryのいずれでも決定できない。 collector_status=NO_ITEM_MATCH_IN_FETCHED_OFFICIAL_SOURCES
M109,I025,UNRESOLVED,,,,,TRUE,UNRESOLVED,直接記載・公式rule由来mapping・一意な一般則categoryのいずれでも決定できない。 collector_status=NO_ITEM_MATCH_IN_FETCHED_OFFICIAL_SOURCES
M109,I026,UNRESOLVED,,,,,TRUE,UNRESOLVED,直接記載・公式rule由来mapping・一意な一般則categoryのいずれでも決定できない。 collector_status=NO_ITEM_MATCH_IN_FETCHED_OFFICIAL_SOURCES
M109,I027,OFFICIAL_RULE_DERIVED,C-M109-09,有害ごみ,S-M109-01,有害ごみ,TRUE,CATEGORY_SUPPORTED_CONDITION_REVIEW_REQUIRED,品目の直接記載は必須とせず、既存mappingを支えるCURRENT公式category ruleから判定。 collector_status=NO_ITEM_MATCH_IN_FETCHED_OFFICIAL_SOURCES
M109,I028,UNRESOLVED,,,,,TRUE,UNRESOLVED,直接記載・公式rule由来mapping・一意な一般則categoryのいずれでも決定できない。 collector_status=NO_ITEM_MATCH_IN_FETCHED_OFFICIAL_SOURCES
M109,I029,UNRESOLVED,,,,,TRUE,UNRESOLVED,直接記載・公式rule由来mapping・一意な一般則categoryのいずれでも決定できない。 collector_status=NO_ITEM_MATCH_IN_FETCHED_OFFICIAL_SOURCES
M109,I030,OFFICIAL_RULE_DERIVED,C-M109-09,有害ごみ,S-M109-01,有害ごみ,TRUE,CATEGORY_SUPPORTED_CONDITION_REVIEW_REQUIRED,品目の直接記載は必須とせず、既存mappingを支えるCURRENT公式category ruleから判定。 collector_status=NO_ITEM_MATCH_IN_FETCHED_OFFICIAL_SOURCES
M109,I031,UNRESOLVED,,,,,TRUE,UNRESOLVED,直接記載・公式rule由来mapping・一意な一般則categoryのいずれでも決定できない。 collector_status=NO_ITEM_MATCH_IN_FETCHED_OFFICIAL_SOURCES
M109,I032,OFFICIAL_RULE_DERIVED,C-M109-04,缶・金属類,S-M109-01,缶・金属類,TRUE,CATEGORY_SUPPORTED_CONDITION_REVIEW_REQUIRED,品目の直接記載は必須とせず、既存mappingを支えるCURRENT公式category ruleから判定。 collector_status=NO_ITEM_MATCH_IN_FETCHED_OFFICIAL_SOURCES
M109,I033,UNRESOLVED,,,,,TRUE,UNRESOLVED,直接記載・公式rule由来mapping・一意な一般則categoryのいずれでも決定できない。 collector_status=NO_ITEM_MATCH_IN_FETCHED_OFFICIAL_SOURCES
M109,I034,UNRESOLVED,,,,,TRUE,UNRESOLVED,直接記載・公式rule由来mapping・一意な一般則categoryのいずれでも決定できない。 collector_status=NO_ITEM_MATCH_IN_FETCHED_OFFICIAL_SOURCES
M109,I035,UNRESOLVED,,,,,TRUE,UNRESOLVED,直接記載・公式rule由来mapping・一意な一般則categoryのいずれでも決定できない。 collector_status=NO_ITEM_MATCH_IN_FETCHED_OFFICIAL_SOURCES
M109,I036,UNRESOLVED,,,,,TRUE,UNRESOLVED,直接記載・公式rule由来mapping・一意な一般則categoryのいずれでも決定できない。 collector_status=NO_ITEM_MATCH_IN_FETCHED_OFFICIAL_SOURCES
M109,I037,UNRESOLVED,,,,,TRUE,UNRESOLVED,直接記載・公式rule由来mapping・一意な一般則categoryのいずれでも決定できない。 collector_status=NO_ITEM_MATCH_IN_FETCHED_OFFICIAL_SOURCES
M109,I038,UNRESOLVED,,,,,TRUE,UNRESOLVED,直接記載・公式rule由来mapping・一意な一般則categoryのいずれでも決定できない。 collector_status=NO_ITEM_MATCH_IN_FETCHED_OFFICIAL_SOURCES
M109,I039,UNRESOLVED,,,,,TRUE,UNRESOLVED,直接記載・公式rule由来mapping・一意な一般則categoryのいずれでも決定できない。 collector_status=NO_ITEM_MATCH_IN_FETCHED_OFFICIAL_SOURCES
M109,I040,UNRESOLVED,,,,,TRUE,UNRESOLVED,直接記載・公式rule由来mapping・一意な一般則categoryのいずれでも決定できない。 collector_status=NO_ITEM_MATCH_IN_FETCHED_OFFICIAL_SOURCES
M110,I001,UNRESOLVED,,,,,FALSE,UNRESOLVED,直接記載・公式rule由来mapping・一意な一般則categoryのいずれでも決定できない。 collector_status=NO_ITEM_MATCH_IN_FETCHED_OFFICIAL_SOURCES
M110,I002,UNRESOLVED,,,,,TRUE,UNRESOLVED,直接記載・公式rule由来mapping・一意な一般則categoryのいずれでも決定できない。 collector_status=NO_ITEM_MATCH_IN_FETCHED_OFFICIAL_SOURCES
M110,I003,UNRESOLVED,,,,,TRUE,UNRESOLVED,直接記載・公式rule由来mapping・一意な一般則categoryのいずれでも決定できない。 collector_status=NO_ITEM_MATCH_IN_FETCHED_OFFICIAL_SOURCES
M110,I004,UNRESOLVED,,,,,FALSE,UNRESOLVED,直接記載・公式rule由来mapping・一意な一般則categoryのいずれでも決定できない。 collector_status=NO_ITEM_MATCH_IN_FETCHED_OFFICIAL_SOURCES
M110,I005,UNRESOLVED,,,,,FALSE,UNRESOLVED,直接記載・公式rule由来mapping・一意な一般則categoryのいずれでも決定できない。 collector_status=NO_ITEM_MATCH_IN_FETCHED_OFFICIAL_SOURCES
M110,I006,UNRESOLVED,,,,,TRUE,UNRESOLVED,直接記載・公式rule由来mapping・一意な一般則categoryのいずれでも決定できない。 collector_status=NO_ITEM_MATCH_IN_FETCHED_OFFICIAL_SOURCES
M110,I007,UNRESOLVED,,,,,TRUE,UNRESOLVED,直接記載・公式rule由来mapping・一意な一般則categoryのいずれでも決定できない。 collector_status=NO_ITEM_MATCH_IN_FETCHED_OFFICIAL_SOURCES
M110,I008,UNRESOLVED,,,,,TRUE,UNRESOLVED,直接記載・公式rule由来mapping・一意な一般則categoryのいずれでも決定できない。 collector_status=NO_ITEM_MATCH_IN_FETCHED_OFFICIAL_SOURCES
M110,I009,UNRESOLVED,,,,,TRUE,UNRESOLVED,直接記載・公式rule由来mapping・一意な一般則categoryのいずれでも決定できない。 collector_status=NO_ITEM_MATCH_IN_FETCHED_OFFICIAL_SOURCES
M110,I010,UNRESOLVED,,,,,TRUE,UNRESOLVED,直接記載・公式rule由来mapping・一意な一般則categoryのいずれでも決定できない。 collector_status=NO_ITEM_MATCH_IN_FETCHED_OFFICIAL_SOURCES
M110,I011,UNRESOLVED,,,,,TRUE,UNRESOLVED,直接記載・公式rule由来mapping・一意な一般則categoryのいずれでも決定できない。 collector_status=NO_ITEM_MATCH_IN_FETCHED_OFFICIAL_SOURCES
M110,I012,UNRESOLVED,,,,,TRUE,UNRESOLVED,直接記載・公式rule由来mapping・一意な一般則categoryのいずれでも決定できない。 collector_status=NO_ITEM_MATCH_IN_FETCHED_OFFICIAL_SOURCES
M110,I013,UNRESOLVED,,,,,FALSE,UNRESOLVED,直接記載・公式rule由来mapping・一意な一般則categoryのいずれでも決定できない。 collector_status=NO_ITEM_MATCH_IN_FETCHED_OFFICIAL_SOURCES
M110,I014,UNRESOLVED,,,,,FALSE,UNRESOLVED,直接記載・公式rule由来mapping・一意な一般則categoryのいずれでも決定できない。 collector_status=NO_ITEM_MATCH_IN_FETCHED_OFFICIAL_SOURCES
M110,I015,UNRESOLVED,,,,,FALSE,UNRESOLVED,直接記載・公式rule由来mapping・一意な一般則categoryのいずれでも決定できない。 collector_status=NO_ITEM_MATCH_IN_FETCHED_OFFICIAL_SOURCES
M110,I016,UNRESOLVED,,,,,FALSE,UNRESOLVED,直接記載・公式rule由来mapping・一意な一般則categoryのいずれでも決定できない。 collector_status=NO_ITEM_MATCH_IN_FETCHED_OFFICIAL_SOURCES
M110,I017,UNRESOLVED,,,,,TRUE,UNRESOLVED,直接記載・公式rule由来mapping・一意な一般則categoryのいずれでも決定できない。 collector_status=NO_ITEM_MATCH_IN_FETCHED_OFFICIAL_SOURCES
M110,I018,OFFICIAL_RULE_DERIVED,C-M110-01,可燃ごみ,S-M110-01,可燃ごみ,FALSE,CATEGORY_SUPPORTED,品目の直接記載は必須とせず、既存mappingを支えるCURRENT公式category ruleから判定。 collector_status=NO_ITEM_MATCH_IN_FETCHED_OFFICIAL_SOURCES
M110,I019,GENERAL_RULE_DERIVED,C-M110-01,可燃ごみ,S-M110-01,可燃ごみ,FALSE,CATEGORY_SUPPORTED,個別記載・既存mappingなし。一般的な材質/用途ルールと一意のCURRENT公式categoryが一致。 collector_status=NO_ITEM_MATCH_IN_FETCHED_OFFICIAL_SOURCES
M110,I020,GENERAL_RULE_DERIVED,C-M110-01,可燃ごみ,S-M110-01,可燃ごみ,FALSE,CATEGORY_SUPPORTED,個別記載・既存mappingなし。一般的な材質/用途ルールと一意のCURRENT公式categoryが一致。 collector_status=NO_ITEM_MATCH_IN_FETCHED_OFFICIAL_SOURCES
M110,I021,OFFICIAL_RULE_DERIVED,C-M110-02,資源物（1）,S-M110-02,資源物（1）,FALSE,CATEGORY_SUPPORTED,品目の直接記載は必須とせず、既存mappingを支えるCURRENT公式category ruleから判定。 collector_status=NO_ITEM_MATCH_IN_FETCHED_OFFICIAL_SOURCES
M110,I022,UNRESOLVED,,,,,TRUE,UNRESOLVED,直接記載・公式rule由来mapping・一意な一般則categoryのいずれでも決定できない。 collector_status=NO_ITEM_MATCH_IN_FETCHED_OFFICIAL_SOURCES
M110,I023,OFFICIAL_RULE_DERIVED,C-M110-04,埋立ごみ,S-M110-01,埋立ごみ,FALSE,CATEGORY_SUPPORTED,品目の直接記載は必須とせず、既存mappingを支えるCURRENT公式category ruleから判定。 collector_status=NO_ITEM_MATCH_IN_FETCHED_OFFICIAL_SOURCES
M110,I024,UNRESOLVED,,,,,FALSE,UNRESOLVED,直接記載・公式rule由来mapping・一意な一般則categoryのいずれでも決定できない。 collector_status=NO_ITEM_MATCH_IN_FETCHED_OFFICIAL_SOURCES
M110,I025,UNRESOLVED,,,,,TRUE,UNRESOLVED,直接記載・公式rule由来mapping・一意な一般則categoryのいずれでも決定できない。 collector_status=NO_ITEM_MATCH_IN_FETCHED_OFFICIAL_SOURCES
M110,I026,UNRESOLVED,,,,,TRUE,UNRESOLVED,直接記載・公式rule由来mapping・一意な一般則categoryのいずれでも決定できない。 collector_status=NO_ITEM_MATCH_IN_FETCHED_OFFICIAL_SOURCES
M110,I027,OFFICIAL_RULE_DERIVED,C-M110-05,有害ごみ,S-M110-01,有害ごみ,TRUE,CATEGORY_SUPPORTED_CONDITION_REVIEW_REQUIRED,品目の直接記載は必須とせず、既存mappingを支えるCURRENT公式category ruleから判定。 collector_status=NO_ITEM_MATCH_IN_FETCHED_OFFICIAL_SOURCES
M110,I028,UNRESOLVED,,,,,TRUE,UNRESOLVED,直接記載・公式rule由来mapping・一意な一般則categoryのいずれでも決定できない。 collector_status=NO_ITEM_MATCH_IN_FETCHED_OFFICIAL_SOURCES
M110,I029,UNRESOLVED,,,,,TRUE,UNRESOLVED,直接記載・公式rule由来mapping・一意な一般則categoryのいずれでも決定できない。 collector_status=NO_ITEM_MATCH_IN_FETCHED_OFFICIAL_SOURCES
M110,I030,OFFICIAL_RULE_DERIVED,C-M110-05,有害ごみ,S-M110-01,有害ごみ,TRUE,CATEGORY_SUPPORTED_CONDITION_REVIEW_REQUIRED,品目の直接記載は必須とせず、既存mappingを支えるCURRENT公式category ruleから判定。 collector_status=NO_ITEM_MATCH_IN_FETCHED_OFFICIAL_SOURCES
M110,I031,UNRESOLVED,,,,,TRUE,UNRESOLVED,直接記載・公式rule由来mapping・一意な一般則categoryのいずれでも決定できない。 collector_status=NO_ITEM_MATCH_IN_FETCHED_OFFICIAL_SOURCES
M110,I032,UNRESOLVED,,,,,TRUE,UNRESOLVED,直接記載・公式rule由来mapping・一意な一般則categoryのいずれでも決定できない。 collector_status=NO_ITEM_MATCH_IN_FETCHED_OFFICIAL_SOURCES
M110,I033,UNRESOLVED,,,,,TRUE,UNRESOLVED,直接記載・公式rule由来mapping・一意な一般則categoryのいずれでも決定できない。 collector_status=NO_ITEM_MATCH_IN_FETCHED_OFFICIAL_SOURCES
M110,I034,UNRESOLVED,,,,,TRUE,UNRESOLVED,直接記載・公式rule由来mapping・一意な一般則categoryのいずれでも決定できない。 collector_status=NO_ITEM_MATCH_IN_FETCHED_OFFICIAL_SOURCES
M110,I035,UNRESOLVED,,,,,TRUE,UNRESOLVED,直接記載・公式rule由来mapping・一意な一般則categoryのいずれでも決定できない。 collector_status=NO_ITEM_MATCH_IN_FETCHED_OFFICIAL_SOURCES
M110,I036,UNRESOLVED,,,,,TRUE,UNRESOLVED,直接記載・公式rule由来mapping・一意な一般則categoryのいずれでも決定できない。 collector_status=NO_ITEM_MATCH_IN_FETCHED_OFFICIAL_SOURCES
M110,I037,UNRESOLVED,,,,,TRUE,UNRESOLVED,直接記載・公式rule由来mapping・一意な一般則categoryのいずれでも決定できない。 collector_status=NO_ITEM_MATCH_IN_FETCHED_OFFICIAL_SOURCES
M110,I038,UNRESOLVED,,,,,TRUE,UNRESOLVED,直接記載・公式rule由来mapping・一意な一般則categoryのいずれでも決定できない。 collector_status=NO_ITEM_MATCH_IN_FETCHED_OFFICIAL_SOURCES
M110,I039,UNRESOLVED,,,,,TRUE,UNRESOLVED,直接記載・公式rule由来mapping・一意な一般則categoryのいずれでも決定できない。 collector_status=NO_ITEM_MATCH_IN_FETCHED_OFFICIAL_SOURCES
M110,I040,UNRESOLVED,,,,,TRUE,UNRESOLVED,直接記載・公式rule由来mapping・一意な一般則categoryのいずれでも決定できない。 collector_status=NO_ITEM_MATCH_IN_FETCHED_OFFICIAL_SOURCES
M111,I001,DIRECT_ITEM,C-M111-13,ペットボトル,S-M111-01,text-match:ペットボトル + ペットボトル,FALSE,CATEGORY_SUPPORTED,全既存branchで公式資料中の品目表記とcategoryの直接候補あり。 collector_status=ALL_EXISTING_BRANCHES_HAVE_DIRECT_CANDIDATE
M111,I002,UNRESOLVED,,,,,TRUE,UNRESOLVED,直接記載・公式rule由来mapping・一意な一般則categoryのいずれでも決定できない。 collector_status=NO_ITEM_MATCH_IN_FETCHED_OFFICIAL_SOURCES
M111,I003,UNRESOLVED,,,,,TRUE,UNRESOLVED,直接記載・公式rule由来mapping・一意な一般則categoryのいずれでも決定できない。 collector_status=AMBIGUOUS_CATEGORY_CANDIDATES
M111,I004,OFFICIAL_RULE_DERIVED,C-M111-07,缶類,S-M111-01,缶類,TRUE,CATEGORY_SUPPORTED_CONDITION_REVIEW_REQUIRED,品目の直接記載は必須とせず、既存mappingを支えるCURRENT公式category ruleから判定。 collector_status=NO_ITEM_MATCH_IN_FETCHED_OFFICIAL_SOURCES
M111,I005,OFFICIAL_RULE_DERIVED,C-M111-07,缶類,S-M111-01,缶類,TRUE,CATEGORY_SUPPORTED_CONDITION_REVIEW_REQUIRED,品目の直接記載は必須とせず、既存mappingを支えるCURRENT公式category ruleから判定。 collector_status=NO_ITEM_MATCH_IN_FETCHED_OFFICIAL_SOURCES
M111,I006,OFFICIAL_RULE_DERIVED,C-M111-08,びん類,S-M111-01,びん類,TRUE,CATEGORY_SUPPORTED_CONDITION_REVIEW_REQUIRED,品目の直接記載は必須とせず、既存mappingを支えるCURRENT公式category ruleから判定。 collector_status=NO_ITEM_MATCH_IN_FETCHED_OFFICIAL_SOURCES
M111,I007,OFFICIAL_RULE_DERIVED,C-M111-14,白色トレイ,S-M111-01,白色トレイ,TRUE,CATEGORY_SUPPORTED_CONDITION_REVIEW_REQUIRED,品目の直接記載は必須とせず、既存mappingを支えるCURRENT公式category ruleから判定。 collector_status=NO_ITEM_MATCH_IN_FETCHED_OFFICIAL_SOURCES
M111,I008,UNRESOLVED,,,,,TRUE,UNRESOLVED,直接記載・公式rule由来mapping・一意な一般則categoryのいずれでも決定できない。 collector_status=NO_ITEM_MATCH_IN_FETCHED_OFFICIAL_SOURCES
M111,I009,UNRESOLVED,,,,,TRUE,UNRESOLVED,直接記載・公式rule由来mapping・一意な一般則categoryのいずれでも決定できない。 collector_status=NO_ITEM_MATCH_IN_FETCHED_OFFICIAL_SOURCES
M111,I010,UNRESOLVED,,,,,TRUE,UNRESOLVED,直接記載・公式rule由来mapping・一意な一般則categoryのいずれでも決定できない。 collector_status=NO_ITEM_MATCH_IN_FETCHED_OFFICIAL_SOURCES
M111,I011,UNRESOLVED,,,,,TRUE,UNRESOLVED,直接記載・公式rule由来mapping・一意な一般則categoryのいずれでも決定できない。 collector_status=NO_ITEM_MATCH_IN_FETCHED_OFFICIAL_SOURCES
M111,I012,UNRESOLVED,,,,,TRUE,UNRESOLVED,直接記載・公式rule由来mapping・一意な一般則categoryのいずれでも決定できない。 collector_status=NO_ITEM_MATCH_IN_FETCHED_OFFICIAL_SOURCES
M111,I013,UNRESOLVED,,,,,FALSE,UNRESOLVED,直接記載・公式rule由来mapping・一意な一般則categoryのいずれでも決定できない。 collector_status=AMBIGUOUS_CATEGORY_CANDIDATES
M111,I014,DIRECT_ITEM,C-M111-11,ダンボール,S-M111-01,text-match:ダンボール + ダンボール,FALSE,CATEGORY_SUPPORTED,全既存branchで公式資料中の品目表記とcategoryの直接候補あり。 collector_status=ALL_EXISTING_BRANCHES_HAVE_DIRECT_CANDIDATE
M111,I015,UNRESOLVED,,,,,FALSE,UNRESOLVED,直接記載・公式rule由来mapping・一意な一般則categoryのいずれでも決定できない。 collector_status=AMBIGUOUS_CATEGORY_CANDIDATES
M111,I016,UNRESOLVED,,,,,FALSE,UNRESOLVED,直接記載・公式rule由来mapping・一意な一般則categoryのいずれでも決定できない。 collector_status=AMBIGUOUS_CATEGORY_CANDIDATES
M111,I017,UNRESOLVED,,,,,TRUE,UNRESOLVED,直接記載・公式rule由来mapping・一意な一般則categoryのいずれでも決定できない。 collector_status=AMBIGUOUS_CATEGORY_CANDIDATES
M111,I018,DIRECT_ITEM,C-M111-01,もやせるごみ,S-M111-01,text-match:生ごみ + もやせるごみ,FALSE,CATEGORY_SUPPORTED,全既存branchで公式資料中の品目表記とcategoryの直接候補あり。 collector_status=ALL_EXISTING_BRANCHES_HAVE_DIRECT_CANDIDATE
M111,I019,GENERAL_RULE_DERIVED,C-M111-02,もえる粗大ごみ,S-M111-01,もえる粗大ごみ,FALSE,CATEGORY_SUPPORTED,個別記載・既存mappingなし。一般的な材質/用途ルールと一意のCURRENT公式categoryが一致。 collector_status=NO_ITEM_MATCH_IN_FETCHED_OFFICIAL_SOURCES
M111,I020,GENERAL_RULE_DERIVED,C-M111-02,もえる粗大ごみ,S-M111-01,もえる粗大ごみ,FALSE,CATEGORY_SUPPORTED,個別記載・既存mappingなし。一般的な材質/用途ルールと一意のCURRENT公式categoryが一致。 collector_status=NO_ITEM_MATCH_IN_FETCHED_OFFICIAL_SOURCES
M111,I021,DIRECT_ITEM,C-M111-12,衣類,S-M111-01,text-match:衣類 + 衣類,FALSE,CATEGORY_SUPPORTED,全既存branchで公式資料中の品目表記とcategoryの直接候補あり。 collector_status=ALL_EXISTING_BRANCHES_HAVE_DIRECT_CANDIDATE
M111,I022,UNRESOLVED,,,,,TRUE,UNRESOLVED,直接記載・公式rule由来mapping・一意な一般則categoryのいずれでも決定できない。 collector_status=NO_ITEM_MATCH_IN_FETCHED_OFFICIAL_SOURCES
M111,I023,OFFICIAL_RULE_DERIVED,C-M111-04,埋立ごみ,S-M111-01,埋立ごみ,FALSE,CATEGORY_SUPPORTED,品目の直接記載は必須とせず、既存mappingを支えるCURRENT公式category ruleから判定。 collector_status=NO_ITEM_MATCH_IN_FETCHED_OFFICIAL_SOURCES
M111,I024,GENERAL_RULE_DERIVED,C-M111-03,もえない粗大ごみ,S-M111-01,もえない粗大ごみ,FALSE,CATEGORY_SUPPORTED,個別記載・既存mappingなし。一般的な材質/用途ルールと一意のCURRENT公式categoryが一致。 collector_status=AMBIGUOUS_CATEGORY_CANDIDATES
M111,I025,UNRESOLVED,,,,,TRUE,UNRESOLVED,直接記載・公式rule由来mapping・一意な一般則categoryのいずれでも決定できない。 collector_status=NO_ITEM_MATCH_IN_FETCHED_OFFICIAL_SOURCES
M111,I026,UNRESOLVED,,,,,TRUE,UNRESOLVED,直接記載・公式rule由来mapping・一意な一般則categoryのいずれでも決定できない。 collector_status=AMBIGUOUS_CATEGORY_CANDIDATES
M111,I027,DIRECT_ITEM,C-M111-05,有害ごみ,S-M111-01,text-match:乾電池 + 有害ごみ,TRUE,CATEGORY_SUPPORTED_CONDITION_REVIEW_REQUIRED,全既存branchで公式資料中の品目表記とcategoryの直接候補あり。 collector_status=ALL_EXISTING_BRANCHES_HAVE_DIRECT_CANDIDATE
M111,I028,UNRESOLVED,,,,,TRUE,UNRESOLVED,直接記載・公式rule由来mapping・一意な一般則categoryのいずれでも決定できない。 collector_status=NO_ITEM_MATCH_IN_FETCHED_OFFICIAL_SOURCES
M111,I029,UNRESOLVED,,,,,TRUE,UNRESOLVED,直接記載・公式rule由来mapping・一意な一般則categoryのいずれでも決定できない。 collector_status=NO_ITEM_MATCH_IN_FETCHED_OFFICIAL_SOURCES
M111,I030,DIRECT_ITEM,C-M111-05,有害ごみ,S-M111-01,text-match:蛍光管 + 有害ごみ,TRUE,CATEGORY_SUPPORTED_CONDITION_REVIEW_REQUIRED,全既存branchで公式資料中の品目表記とcategoryの直接候補あり。 collector_status=ALL_EXISTING_BRANCHES_HAVE_DIRECT_CANDIDATE
M111,I031,UNRESOLVED,,,,,TRUE,UNRESOLVED,直接記載・公式rule由来mapping・一意な一般則categoryのいずれでも決定できない。 collector_status=NO_ITEM_MATCH_IN_FETCHED_OFFICIAL_SOURCES
M111,I032,DIRECT_ITEM,C-M111-07,缶類,S-M111-01,text-match:スプレー缶 + 缶類,TRUE,CATEGORY_SUPPORTED_CONDITION_REVIEW_REQUIRED,全既存branchで公式資料中の品目表記とcategoryの直接候補あり。 collector_status=ALL_EXISTING_BRANCHES_HAVE_DIRECT_CANDIDATE
M111,I033,UNRESOLVED,,,,,TRUE,UNRESOLVED,直接記載・公式rule由来mapping・一意な一般則categoryのいずれでも決定できない。 collector_status=AMBIGUOUS_CATEGORY_CANDIDATES
M111,I034,UNRESOLVED,,,,,TRUE,UNRESOLVED,直接記載・公式rule由来mapping・一意な一般則categoryのいずれでも決定できない。 collector_status=NO_ITEM_MATCH_IN_FETCHED_OFFICIAL_SOURCES
M111,I035,UNRESOLVED,,,,,TRUE,UNRESOLVED,直接記載・公式rule由来mapping・一意な一般則categoryのいずれでも決定できない。 collector_status=NO_ITEM_MATCH_IN_FETCHED_OFFICIAL_SOURCES
M111,I036,DIRECT_ITEM,C-M111-02,もえる粗大ごみ,S-M111-01,text-match:ふとん + もえる粗大ごみ,TRUE,CATEGORY_SUPPORTED_CONDITION_REVIEW_REQUIRED,全既存branchで公式資料中の品目表記とcategoryの直接候補あり。 collector_status=ALL_EXISTING_BRANCHES_HAVE_DIRECT_CANDIDATE
M111,I037,UNRESOLVED,,,,,TRUE,UNRESOLVED,直接記載・公式rule由来mapping・一意な一般則categoryのいずれでも決定できない。 collector_status=NO_ITEM_MATCH_IN_FETCHED_OFFICIAL_SOURCES
M111,I038,UNRESOLVED,,,,,TRUE,UNRESOLVED,直接記載・公式rule由来mapping・一意な一般則categoryのいずれでも決定できない。 collector_status=ITEM_MATCH_WITHOUT_CATEGORY
M111,I039,UNRESOLVED,,,,,TRUE,UNRESOLVED,直接記載・公式rule由来mapping・一意な一般則categoryのいずれでも決定できない。 collector_status=NO_ITEM_MATCH_IN_FETCHED_OFFICIAL_SOURCES
M111,I040,UNRESOLVED,,,,,TRUE,UNRESOLVED,直接記載・公式rule由来mapping・一意な一般則categoryのいずれでも決定できない。 collector_status=NO_ITEM_MATCH_IN_FETCHED_OFFICIAL_SOURCES
M112,I001,DIRECT_ITEM,C-M112-13,ペットボトル,S-M112-02,text-match:ペットボトル + ペットボトル,FALSE,CATEGORY_SUPPORTED,全既存branchで公式資料中の品目表記とcategoryの直接候補あり。 collector_status=ALL_EXISTING_BRANCHES_HAVE_DIRECT_CANDIDATE
M112,I002,UNRESOLVED,,,,,TRUE,UNRESOLVED,直接記載・公式rule由来mapping・一意な一般則categoryのいずれでも決定できない。 collector_status=AMBIGUOUS_CATEGORY_CANDIDATES
M112,I003,UNRESOLVED,,,,,TRUE,UNRESOLVED,直接記載・公式rule由来mapping・一意な一般則categoryのいずれでも決定できない。 collector_status=AMBIGUOUS_CATEGORY_CANDIDATES
M112,I004,UNRESOLVED,,,,,FALSE,UNRESOLVED,直接記載・公式rule由来mapping・一意な一般則categoryのいずれでも決定できない。 collector_status=AMBIGUOUS_CATEGORY_CANDIDATES
M112,I005,UNRESOLVED,,,,,FALSE,UNRESOLVED,直接記載・公式rule由来mapping・一意な一般則categoryのいずれでも決定できない。 collector_status=AMBIGUOUS_CATEGORY_CANDIDATES
M112,I006,UNRESOLVED,,,,,TRUE,UNRESOLVED,直接記載・公式rule由来mapping・一意な一般則categoryのいずれでも決定できない。 collector_status=NO_ITEM_MATCH_IN_FETCHED_OFFICIAL_SOURCES
M112,I007,UNRESOLVED,,,,,TRUE,UNRESOLVED,直接記載・公式rule由来mapping・一意な一般則categoryのいずれでも決定できない。 collector_status=NO_ITEM_MATCH_IN_FETCHED_OFFICIAL_SOURCES
M112,I008,UNRESOLVED,,,,,TRUE,UNRESOLVED,直接記載・公式rule由来mapping・一意な一般則categoryのいずれでも決定できない。 collector_status=NO_ITEM_MATCH_IN_FETCHED_OFFICIAL_SOURCES
M112,I009,UNRESOLVED,,,,,TRUE,UNRESOLVED,直接記載・公式rule由来mapping・一意な一般則categoryのいずれでも決定できない。 collector_status=NO_ITEM_MATCH_IN_FETCHED_OFFICIAL_SOURCES
M112,I010,UNRESOLVED,,,,,TRUE,UNRESOLVED,直接記載・公式rule由来mapping・一意な一般則categoryのいずれでも決定できない。 collector_status=NO_ITEM_MATCH_IN_FETCHED_OFFICIAL_SOURCES
M112,I011,UNRESOLVED,,,,,TRUE,UNRESOLVED,直接記載・公式rule由来mapping・一意な一般則categoryのいずれでも決定できない。 collector_status=NO_ITEM_MATCH_IN_FETCHED_OFFICIAL_SOURCES
M112,I012,UNRESOLVED,,,,,TRUE,UNRESOLVED,直接記載・公式rule由来mapping・一意な一般則categoryのいずれでも決定できない。 collector_status=NO_ITEM_MATCH_IN_FETCHED_OFFICIAL_SOURCES
M112,I013,UNRESOLVED,,,,,FALSE,UNRESOLVED,直接記載・公式rule由来mapping・一意な一般則categoryのいずれでも決定できない。 collector_status=NO_ITEM_MATCH_IN_FETCHED_OFFICIAL_SOURCES
M112,I014,UNRESOLVED,,,,,FALSE,UNRESOLVED,直接記載・公式rule由来mapping・一意な一般則categoryのいずれでも決定できない。 collector_status=NO_ITEM_MATCH_IN_FETCHED_OFFICIAL_SOURCES
M112,I015,UNRESOLVED,,,,,FALSE,UNRESOLVED,直接記載・公式rule由来mapping・一意な一般則categoryのいずれでも決定できない。 collector_status=NO_ITEM_MATCH_IN_FETCHED_OFFICIAL_SOURCES
M112,I016,UNRESOLVED,,,,,FALSE,UNRESOLVED,直接記載・公式rule由来mapping・一意な一般則categoryのいずれでも決定できない。 collector_status=NO_ITEM_MATCH_IN_FETCHED_OFFICIAL_SOURCES
M112,I017,UNRESOLVED,,,,,TRUE,UNRESOLVED,直接記載・公式rule由来mapping・一意な一般則categoryのいずれでも決定できない。 collector_status=NO_ITEM_MATCH_IN_FETCHED_OFFICIAL_SOURCES
M112,I018,OFFICIAL_RULE_DERIVED,C-M112-01,燃えるごみ,S-M112-02,燃えるごみ,TRUE,CATEGORY_SUPPORTED_CONDITION_REVIEW_REQUIRED,品目の直接記載は必須とせず、既存mappingを支えるCURRENT公式category ruleから判定。 collector_status=NO_ITEM_MATCH_IN_FETCHED_OFFICIAL_SOURCES
M112,I019,GENERAL_RULE_DERIVED,C-M112-01,燃えるごみ,S-M112-02,燃えるごみ,TRUE,CATEGORY_SUPPORTED_CONDITION_REVIEW_REQUIRED,個別記載・既存mappingなし。一般的な材質/用途ルールと一意のCURRENT公式categoryが一致。 collector_status=NO_ITEM_MATCH_IN_FETCHED_OFFICIAL_SOURCES
M112,I020,GENERAL_RULE_DERIVED,C-M112-01,燃えるごみ,S-M112-02,燃えるごみ,TRUE,CATEGORY_SUPPORTED_CONDITION_REVIEW_REQUIRED,個別記載・既存mappingなし。一般的な材質/用途ルールと一意のCURRENT公式categoryが一致。 collector_status=NO_ITEM_MATCH_IN_FETCHED_OFFICIAL_SOURCES
M112,I021,DIRECT_ITEM,C-M112-06,衣類・布類,S-M112-02,text-match:衣類 + 衣類・布類,FALSE,CATEGORY_SUPPORTED,全既存branchで公式資料中の品目表記とcategoryの直接候補あり。 collector_status=ALL_EXISTING_BRANCHES_HAVE_DIRECT_CANDIDATE
M112,I022,UNRESOLVED,,,,,TRUE,UNRESOLVED,直接記載・公式rule由来mapping・一意な一般則categoryのいずれでも決定できない。 collector_status=AMBIGUOUS_CATEGORY_CANDIDATES
M112,I023,GENERAL_RULE_DERIVED,C-M112-11,その他不燃物,S-M112-02,その他不燃物,TRUE,CATEGORY_SUPPORTED_CONDITION_REVIEW_REQUIRED,個別記載・既存mappingなし。一般的な材質/用途ルールと一意のCURRENT公式categoryが一致。 collector_status=NO_ITEM_MATCH_IN_FETCHED_OFFICIAL_SOURCES
M112,I024,GENERAL_RULE_DERIVED,C-M112-11,その他不燃物,S-M112-02,その他不燃物,TRUE,CATEGORY_SUPPORTED_CONDITION_REVIEW_REQUIRED,個別記載・既存mappingなし。一般的な材質/用途ルールと一意のCURRENT公式categoryが一致。 collector_status=NO_ITEM_MATCH_IN_FETCHED_OFFICIAL_SOURCES
M112,I025,OFFICIAL_RULE_DERIVED,C-M112-10,陶器・ガラス類,S-M112-02,陶器・ガラス類,TRUE,CATEGORY_SUPPORTED_CONDITION_REVIEW_REQUIRED,品目の直接記載は必須とせず、既存mappingを支えるCURRENT公式category ruleから判定。 collector_status=NO_ITEM_MATCH_IN_FETCHED_OFFICIAL_SOURCES
M112,I026,DIRECT_ITEM,C-M112-08,金属類,S-M112-02,text-match:刃物 + 金属類,TRUE,CATEGORY_SUPPORTED_CONDITION_REVIEW_REQUIRED,全既存branchで公式資料中の品目表記とcategoryの直接候補あり。 collector_status=ALL_EXISTING_BRANCHES_HAVE_DIRECT_CANDIDATE
M112,I027,UNRESOLVED,,,,,TRUE,UNRESOLVED,直接記載・公式rule由来mapping・一意な一般則categoryのいずれでも決定できない。 collector_status=NO_ITEM_MATCH_IN_FETCHED_OFFICIAL_SOURCES
M112,I028,UNRESOLVED,,,,,TRUE,UNRESOLVED,直接記載・公式rule由来mapping・一意な一般則categoryのいずれでも決定できない。 collector_status=NO_ITEM_MATCH_IN_FETCHED_OFFICIAL_SOURCES
M112,I029,UNRESOLVED,,,,,TRUE,UNRESOLVED,直接記載・公式rule由来mapping・一意な一般則categoryのいずれでも決定できない。 collector_status=NO_ITEM_MATCH_IN_FETCHED_OFFICIAL_SOURCES
M112,I030,DIRECT_ITEM,C-M112-09,小型電化製品及び有害物,S-M112-02,text-match:蛍光灯 + 小型電化製品及び有害物,TRUE,CATEGORY_SUPPORTED_CONDITION_REVIEW_REQUIRED,全既存branchで公式資料中の品目表記とcategoryの直接候補あり。 collector_status=ALL_EXISTING_BRANCHES_HAVE_DIRECT_CANDIDATE
M112,I031,UNRESOLVED,,,,,TRUE,UNRESOLVED,直接記載・公式rule由来mapping・一意な一般則categoryのいずれでも決定できない。 collector_status=NO_ITEM_MATCH_IN_FETCHED_OFFICIAL_SOURCES
M112,I032,DIRECT_ITEM,C-M112-03,缶,S-M112-02,text-match:スプレー缶 + 缶,TRUE,CATEGORY_SUPPORTED_CONDITION_REVIEW_REQUIRED,全既存branchで公式資料中の品目表記とcategoryの直接候補あり。 collector_status=ALL_EXISTING_BRANCHES_HAVE_DIRECT_CANDIDATE
M112,I033,OFFICIAL_RULE_DERIVED,C-M112-09,小型電化製品及び有害物,S-M112-02,小型電化製品及び有害物,TRUE,CATEGORY_SUPPORTED_CONDITION_REVIEW_REQUIRED,品目の直接記載は必須とせず、既存mappingを支えるCURRENT公式category ruleから判定。 collector_status=AMBIGUOUS_CATEGORY_CANDIDATES
M112,I034,UNRESOLVED,,,,,TRUE,UNRESOLVED,直接記載・公式rule由来mapping・一意な一般則categoryのいずれでも決定できない。 collector_status=NO_ITEM_MATCH_IN_FETCHED_OFFICIAL_SOURCES
M112,I035,UNRESOLVED,,,,,TRUE,UNRESOLVED,直接記載・公式rule由来mapping・一意な一般則categoryのいずれでも決定できない。 collector_status=NO_ITEM_MATCH_IN_FETCHED_OFFICIAL_SOURCES
M112,I036,UNRESOLVED,,,,,TRUE,UNRESOLVED,直接記載・公式rule由来mapping・一意な一般則categoryのいずれでも決定できない。 collector_status=NO_ITEM_MATCH_IN_FETCHED_OFFICIAL_SOURCES
M112,I037,UNRESOLVED,,,,,TRUE,UNRESOLVED,直接記載・公式rule由来mapping・一意な一般則categoryのいずれでも決定できない。 collector_status=ITEM_MATCH_WITHOUT_CATEGORY
M112,I038,UNRESOLVED,,,,,TRUE,UNRESOLVED,直接記載・公式rule由来mapping・一意な一般則categoryのいずれでも決定できない。 collector_status=AMBIGUOUS_CATEGORY_CANDIDATES
M112,I039,UNRESOLVED,,,,,TRUE,UNRESOLVED,直接記載・公式rule由来mapping・一意な一般則categoryのいずれでも決定できない。 collector_status=NO_ITEM_MATCH_IN_FETCHED_OFFICIAL_SOURCES
M112,I040,UNRESOLVED,,,,,TRUE,UNRESOLVED,直接記載・公式rule由来mapping・一意な一般則categoryのいずれでも決定できない。 collector_status=NO_ITEM_MATCH_IN_FETCHED_OFFICIAL_SOURCES
M113,I001,OFFICIAL_RULE_DERIVED,C-M113-06,ペットボトル,S-M113-02,ペットボトル,FALSE,CATEGORY_SUPPORTED,品目の直接記載は必須とせず、既存mappingを支えるCURRENT公式category ruleから判定。 collector_status=NO_ITEM_MATCH_IN_FETCHED_OFFICIAL_SOURCES
M113,I002,UNRESOLVED,,,,,TRUE,UNRESOLVED,直接記載・公式rule由来mapping・一意な一般則categoryのいずれでも決定できない。 collector_status=NO_ITEM_MATCH_IN_FETCHED_OFFICIAL_SOURCES
M113,I003,UNRESOLVED,,,,,TRUE,UNRESOLVED,直接記載・公式rule由来mapping・一意な一般則categoryのいずれでも決定できない。 collector_status=NO_ITEM_MATCH_IN_FETCHED_OFFICIAL_SOURCES
M113,I004,UNRESOLVED,,,,,FALSE,UNRESOLVED,直接記載・公式rule由来mapping・一意な一般則categoryのいずれでも決定できない。 collector_status=NO_ITEM_MATCH_IN_FETCHED_OFFICIAL_SOURCES
M113,I005,UNRESOLVED,,,,,FALSE,UNRESOLVED,直接記載・公式rule由来mapping・一意な一般則categoryのいずれでも決定できない。 collector_status=NO_ITEM_MATCH_IN_FETCHED_OFFICIAL_SOURCES
M113,I006,OFFICIAL_RULE_DERIVED,C-M113-09,びん類,S-M113-02,びん類,TRUE,CATEGORY_SUPPORTED_CONDITION_REVIEW_REQUIRED,品目の直接記載は必須とせず、既存mappingを支えるCURRENT公式category ruleから判定。 collector_status=NO_ITEM_MATCH_IN_FETCHED_OFFICIAL_SOURCES
M113,I007,UNRESOLVED,,,,,TRUE,UNRESOLVED,直接記載・公式rule由来mapping・一意な一般則categoryのいずれでも決定できない。 collector_status=NO_ITEM_MATCH_IN_FETCHED_OFFICIAL_SOURCES
M113,I008,UNRESOLVED,,,,,TRUE,UNRESOLVED,直接記載・公式rule由来mapping・一意な一般則categoryのいずれでも決定できない。 collector_status=NO_ITEM_MATCH_IN_FETCHED_OFFICIAL_SOURCES
M113,I009,GENERAL_RULE_DERIVED,C-M113-05,プラスチック製容器包装,S-M113-02,プラスチック製容器包装,TRUE,CATEGORY_SUPPORTED_CONDITION_REVIEW_REQUIRED,個別記載・既存mappingなし。一般的な材質/用途ルールと一意のCURRENT公式categoryが一致。 collector_status=NO_ITEM_MATCH_IN_FETCHED_OFFICIAL_SOURCES
M113,I010,GENERAL_RULE_DERIVED,C-M113-05,プラスチック製容器包装,S-M113-02,プラスチック製容器包装,TRUE,CATEGORY_SUPPORTED_CONDITION_REVIEW_REQUIRED,個別記載・既存mappingなし。一般的な材質/用途ルールと一意のCURRENT公式categoryが一致。 collector_status=NO_ITEM_MATCH_IN_FETCHED_OFFICIAL_SOURCES
M113,I011,GENERAL_RULE_DERIVED,C-M113-05,プラスチック製容器包装,S-M113-02,プラスチック製容器包装,TRUE,CATEGORY_SUPPORTED_CONDITION_REVIEW_REQUIRED,個別記載・既存mappingなし。一般的な材質/用途ルールと一意のCURRENT公式categoryが一致。 collector_status=NO_ITEM_MATCH_IN_FETCHED_OFFICIAL_SOURCES
M113,I012,GENERAL_RULE_DERIVED,C-M113-05,プラスチック製容器包装,S-M113-02,プラスチック製容器包装,TRUE,CATEGORY_SUPPORTED_CONDITION_REVIEW_REQUIRED,個別記載・既存mappingなし。一般的な材質/用途ルールと一意のCURRENT公式categoryが一致。 collector_status=NO_ITEM_MATCH_IN_FETCHED_OFFICIAL_SOURCES
M113,I013,UNRESOLVED,,,,,FALSE,UNRESOLVED,直接記載・公式rule由来mapping・一意な一般則categoryのいずれでも決定できない。 collector_status=NO_ITEM_MATCH_IN_FETCHED_OFFICIAL_SOURCES
M113,I014,UNRESOLVED,,,,,FALSE,UNRESOLVED,直接記載・公式rule由来mapping・一意な一般則categoryのいずれでも決定できない。 collector_status=NO_ITEM_MATCH_IN_FETCHED_OFFICIAL_SOURCES
M113,I015,UNRESOLVED,,,,,FALSE,UNRESOLVED,直接記載・公式rule由来mapping・一意な一般則categoryのいずれでも決定できない。 collector_status=NO_ITEM_MATCH_IN_FETCHED_OFFICIAL_SOURCES
M113,I016,UNRESOLVED,,,,,FALSE,UNRESOLVED,直接記載・公式rule由来mapping・一意な一般則categoryのいずれでも決定できない。 collector_status=NO_ITEM_MATCH_IN_FETCHED_OFFICIAL_SOURCES
M113,I017,OFFICIAL_RULE_DERIVED,C-M113-04,紙パック,S-M113-02,紙パック,TRUE,CATEGORY_SUPPORTED_CONDITION_REVIEW_REQUIRED,品目の直接記載は必須とせず、既存mappingを支えるCURRENT公式category ruleから判定。 collector_status=NO_ITEM_MATCH_IN_FETCHED_OFFICIAL_SOURCES
M113,I018,OFFICIAL_RULE_DERIVED,C-M113-01,燃えるごみ,S-M113-02,燃えるごみ,FALSE,CATEGORY_SUPPORTED,品目の直接記載は必須とせず、既存mappingを支えるCURRENT公式category ruleから判定。 collector_status=NO_ITEM_MATCH_IN_FETCHED_OFFICIAL_SOURCES
M113,I019,GENERAL_RULE_DERIVED,C-M113-01,燃えるごみ,S-M113-02,燃えるごみ,FALSE,CATEGORY_SUPPORTED,個別記載・既存mappingなし。一般的な材質/用途ルールと一意のCURRENT公式categoryが一致。 collector_status=NO_ITEM_MATCH_IN_FETCHED_OFFICIAL_SOURCES
M113,I020,GENERAL_RULE_DERIVED,C-M113-01,燃えるごみ,S-M113-02,燃えるごみ,FALSE,CATEGORY_SUPPORTED,個別記載・既存mappingなし。一般的な材質/用途ルールと一意のCURRENT公式categoryが一致。 collector_status=NO_ITEM_MATCH_IN_FETCHED_OFFICIAL_SOURCES
M113,I021,UNRESOLVED,,,,,FALSE,UNRESOLVED,直接記載・公式rule由来mapping・一意な一般則categoryのいずれでも決定できない。 collector_status=NO_ITEM_MATCH_IN_FETCHED_OFFICIAL_SOURCES
M113,I022,UNRESOLVED,,,,,TRUE,UNRESOLVED,直接記載・公式rule由来mapping・一意な一般則categoryのいずれでも決定できない。 collector_status=NO_ITEM_MATCH_IN_FETCHED_OFFICIAL_SOURCES
M113,I023,UNRESOLVED,,,,,FALSE,UNRESOLVED,直接記載・公式rule由来mapping・一意な一般則categoryのいずれでも決定できない。 collector_status=NO_ITEM_MATCH_IN_FETCHED_OFFICIAL_SOURCES
M113,I024,UNRESOLVED,,,,,FALSE,UNRESOLVED,直接記載・公式rule由来mapping・一意な一般則categoryのいずれでも決定できない。 collector_status=NO_ITEM_MATCH_IN_FETCHED_OFFICIAL_SOURCES
M113,I025,UNRESOLVED,,,,,TRUE,UNRESOLVED,直接記載・公式rule由来mapping・一意な一般則categoryのいずれでも決定できない。 collector_status=NO_ITEM_MATCH_IN_FETCHED_OFFICIAL_SOURCES
M113,I026,UNRESOLVED,,,,,TRUE,UNRESOLVED,直接記載・公式rule由来mapping・一意な一般則categoryのいずれでも決定できない。 collector_status=NO_ITEM_MATCH_IN_FETCHED_OFFICIAL_SOURCES
M113,I027,OFFICIAL_RULE_DERIVED,C-M113-12,有害ごみ,S-M113-02,有害ごみ,TRUE,CATEGORY_SUPPORTED_CONDITION_REVIEW_REQUIRED,品目の直接記載は必須とせず、既存mappingを支えるCURRENT公式category ruleから判定。 collector_status=NO_ITEM_MATCH_IN_FETCHED_OFFICIAL_SOURCES
M113,I028,UNRESOLVED,,,,,TRUE,UNRESOLVED,直接記載・公式rule由来mapping・一意な一般則categoryのいずれでも決定できない。 collector_status=NO_ITEM_MATCH_IN_FETCHED_OFFICIAL_SOURCES
M113,I029,UNRESOLVED,,,,,TRUE,UNRESOLVED,直接記載・公式rule由来mapping・一意な一般則categoryのいずれでも決定できない。 collector_status=NO_ITEM_MATCH_IN_FETCHED_OFFICIAL_SOURCES
M113,I030,OFFICIAL_RULE_DERIVED,C-M113-12,有害ごみ,S-M113-02,有害ごみ,TRUE,CATEGORY_SUPPORTED_CONDITION_REVIEW_REQUIRED,品目の直接記載は必須とせず、既存mappingを支えるCURRENT公式category ruleから判定。 collector_status=NO_ITEM_MATCH_IN_FETCHED_OFFICIAL_SOURCES
M113,I031,UNRESOLVED,,,,,TRUE,UNRESOLVED,直接記載・公式rule由来mapping・一意な一般則categoryのいずれでも決定できない。 collector_status=NO_ITEM_MATCH_IN_FETCHED_OFFICIAL_SOURCES
M113,I032,OFFICIAL_RULE_DERIVED,C-M113-08,かん類,S-M113-02,かん類,TRUE,CATEGORY_SUPPORTED_CONDITION_REVIEW_REQUIRED,品目の直接記載は必須とせず、既存mappingを支えるCURRENT公式category ruleから判定。 collector_status=NO_ITEM_MATCH_IN_FETCHED_OFFICIAL_SOURCES
M113,I033,UNRESOLVED,,,,,TRUE,UNRESOLVED,直接記載・公式rule由来mapping・一意な一般則categoryのいずれでも決定できない。 collector_status=NO_ITEM_MATCH_IN_FETCHED_OFFICIAL_SOURCES
M113,I034,OFFICIAL_RULE_DERIVED,C-M113-10,小型家電、電源コード、金物など,S-M113-02,小型家電、電源コード、金物など,TRUE,CATEGORY_SUPPORTED_CONDITION_REVIEW_REQUIRED,品目の直接記載は必須とせず、既存mappingを支えるCURRENT公式category ruleから判定。 collector_status=NO_ITEM_MATCH_IN_FETCHED_OFFICIAL_SOURCES
M113,I035,UNRESOLVED,,,,,TRUE,UNRESOLVED,直接記載・公式rule由来mapping・一意な一般則categoryのいずれでも決定できない。 collector_status=NO_ITEM_MATCH_IN_FETCHED_OFFICIAL_SOURCES
M113,I036,UNRESOLVED,,,,,TRUE,UNRESOLVED,直接記載・公式rule由来mapping・一意な一般則categoryのいずれでも決定できない。 collector_status=NO_ITEM_MATCH_IN_FETCHED_OFFICIAL_SOURCES
M113,I037,UNRESOLVED,,,,,TRUE,UNRESOLVED,直接記載・公式rule由来mapping・一意な一般則categoryのいずれでも決定できない。 collector_status=NO_ITEM_MATCH_IN_FETCHED_OFFICIAL_SOURCES
M113,I038,UNRESOLVED,,,,,TRUE,UNRESOLVED,直接記載・公式rule由来mapping・一意な一般則categoryのいずれでも決定できない。 collector_status=NO_ITEM_MATCH_IN_FETCHED_OFFICIAL_SOURCES
M113,I039,UNRESOLVED,,,,,TRUE,UNRESOLVED,直接記載・公式rule由来mapping・一意な一般則categoryのいずれでも決定できない。 collector_status=NO_ITEM_MATCH_IN_FETCHED_OFFICIAL_SOURCES
M113,I040,UNRESOLVED,,,,,TRUE,UNRESOLVED,直接記載・公式rule由来mapping・一意な一般則categoryのいずれでも決定できない。 collector_status=NO_ITEM_MATCH_IN_FETCHED_OFFICIAL_SOURCES
M114,I001,OFFICIAL_RULE_DERIVED,C-M114-07,ペットボトル,S-M114-01,ペットボトル,FALSE,CATEGORY_SUPPORTED,品目の直接記載は必須とせず、既存mappingを支えるCURRENT公式category ruleから判定。 collector_status=NO_ITEM_MATCH_IN_FETCHED_OFFICIAL_SOURCES
M114,I002,UNRESOLVED,,,,,TRUE,UNRESOLVED,直接記載・公式rule由来mapping・一意な一般則categoryのいずれでも決定できない。 collector_status=NO_ITEM_MATCH_IN_FETCHED_OFFICIAL_SOURCES
M114,I003,UNRESOLVED,,,,,TRUE,UNRESOLVED,直接記載・公式rule由来mapping・一意な一般則categoryのいずれでも決定できない。 collector_status=NO_ITEM_MATCH_IN_FETCHED_OFFICIAL_SOURCES
M114,I004,UNRESOLVED,,,,,FALSE,UNRESOLVED,直接記載・公式rule由来mapping・一意な一般則categoryのいずれでも決定できない。 collector_status=NO_ITEM_MATCH_IN_FETCHED_OFFICIAL_SOURCES
M114,I005,UNRESOLVED,,,,,FALSE,UNRESOLVED,直接記載・公式rule由来mapping・一意な一般則categoryのいずれでも決定できない。 collector_status=NO_ITEM_MATCH_IN_FETCHED_OFFICIAL_SOURCES
M114,I006,UNRESOLVED,,,,,TRUE,UNRESOLVED,直接記載・公式rule由来mapping・一意な一般則categoryのいずれでも決定できない。 collector_status=NO_ITEM_MATCH_IN_FETCHED_OFFICIAL_SOURCES
M114,I007,UNRESOLVED,,,,,TRUE,UNRESOLVED,直接記載・公式rule由来mapping・一意な一般則categoryのいずれでも決定できない。 collector_status=NO_ITEM_MATCH_IN_FETCHED_OFFICIAL_SOURCES
M114,I008,UNRESOLVED,,,,,TRUE,UNRESOLVED,直接記載・公式rule由来mapping・一意な一般則categoryのいずれでも決定できない。 collector_status=NO_ITEM_MATCH_IN_FETCHED_OFFICIAL_SOURCES
M114,I009,UNRESOLVED,,,,,TRUE,UNRESOLVED,直接記載・公式rule由来mapping・一意な一般則categoryのいずれでも決定できない。 collector_status=NO_ITEM_MATCH_IN_FETCHED_OFFICIAL_SOURCES
M114,I010,UNRESOLVED,,,,,TRUE,UNRESOLVED,直接記載・公式rule由来mapping・一意な一般則categoryのいずれでも決定できない。 collector_status=NO_ITEM_MATCH_IN_FETCHED_OFFICIAL_SOURCES
M114,I011,UNRESOLVED,,,,,TRUE,UNRESOLVED,直接記載・公式rule由来mapping・一意な一般則categoryのいずれでも決定できない。 collector_status=NO_ITEM_MATCH_IN_FETCHED_OFFICIAL_SOURCES
M114,I012,UNRESOLVED,,,,,TRUE,UNRESOLVED,直接記載・公式rule由来mapping・一意な一般則categoryのいずれでも決定できない。 collector_status=NO_ITEM_MATCH_IN_FETCHED_OFFICIAL_SOURCES
M114,I013,UNRESOLVED,,,,,FALSE,UNRESOLVED,直接記載・公式rule由来mapping・一意な一般則categoryのいずれでも決定できない。 collector_status=NO_ITEM_MATCH_IN_FETCHED_OFFICIAL_SOURCES
M114,I014,UNRESOLVED,,,,,FALSE,UNRESOLVED,直接記載・公式rule由来mapping・一意な一般則categoryのいずれでも決定できない。 collector_status=NO_ITEM_MATCH_IN_FETCHED_OFFICIAL_SOURCES
M114,I015,UNRESOLVED,,,,,FALSE,UNRESOLVED,直接記載・公式rule由来mapping・一意な一般則categoryのいずれでも決定できない。 collector_status=NO_ITEM_MATCH_IN_FETCHED_OFFICIAL_SOURCES
M114,I016,UNRESOLVED,,,,,FALSE,UNRESOLVED,直接記載・公式rule由来mapping・一意な一般則categoryのいずれでも決定できない。 collector_status=NO_ITEM_MATCH_IN_FETCHED_OFFICIAL_SOURCES
M114,I017,UNRESOLVED,,,,,TRUE,UNRESOLVED,直接記載・公式rule由来mapping・一意な一般則categoryのいずれでも決定できない。 collector_status=NO_ITEM_MATCH_IN_FETCHED_OFFICIAL_SOURCES
M114,I018,OFFICIAL_RULE_DERIVED,C-M114-01,可燃ごみ,S-M114-01,可燃ごみ,TRUE,CATEGORY_SUPPORTED_CONDITION_REVIEW_REQUIRED,品目の直接記載は必須とせず、既存mappingを支えるCURRENT公式category ruleから判定。 collector_status=NO_ITEM_MATCH_IN_FETCHED_OFFICIAL_SOURCES
M114,I019,UNRESOLVED,,,,,FALSE,UNRESOLVED,一般則候補categoryが複数(2)のため自動決定しない。 collector_status=NO_ITEM_MATCH_IN_FETCHED_OFFICIAL_SOURCES
M114,I020,UNRESOLVED,,,,,FALSE,UNRESOLVED,一般則候補categoryが複数(2)のため自動決定しない。 collector_status=NO_ITEM_MATCH_IN_FETCHED_OFFICIAL_SOURCES
M114,I021,UNRESOLVED,,,,,FALSE,UNRESOLVED,直接記載・公式rule由来mapping・一意な一般則categoryのいずれでも決定できない。 collector_status=NO_ITEM_MATCH_IN_FETCHED_OFFICIAL_SOURCES
M114,I022,UNRESOLVED,,,,,TRUE,UNRESOLVED,直接記載・公式rule由来mapping・一意な一般則categoryのいずれでも決定できない。 collector_status=NO_ITEM_MATCH_IN_FETCHED_OFFICIAL_SOURCES
M114,I023,OFFICIAL_RULE_DERIVED,C-M114-03,ビン・陶磁器類,S-M114-01,ビン・陶磁器類,FALSE,CATEGORY_SUPPORTED,品目の直接記載は必須とせず、既存mappingを支えるCURRENT公式category ruleから判定。 collector_status=NO_ITEM_MATCH_IN_FETCHED_OFFICIAL_SOURCES
M114,I024,UNRESOLVED,,,,,FALSE,UNRESOLVED,直接記載・公式rule由来mapping・一意な一般則categoryのいずれでも決定できない。 collector_status=NO_ITEM_MATCH_IN_FETCHED_OFFICIAL_SOURCES
M114,I025,UNRESOLVED,,,,,TRUE,UNRESOLVED,直接記載・公式rule由来mapping・一意な一般則categoryのいずれでも決定できない。 collector_status=NO_ITEM_MATCH_IN_FETCHED_OFFICIAL_SOURCES
M114,I026,OFFICIAL_RULE_DERIVED,C-M114-04,缶類・刃物類,S-M114-01,缶類・刃物類,TRUE,CATEGORY_SUPPORTED_CONDITION_REVIEW_REQUIRED,品目の直接記載は必須とせず、既存mappingを支えるCURRENT公式category ruleから判定。 collector_status=NO_ITEM_MATCH_IN_FETCHED_OFFICIAL_SOURCES
M114,I027,OFFICIAL_RULE_DERIVED,C-M114-10,有害ごみ,S-M114-01,有害ごみ,TRUE,CATEGORY_SUPPORTED_CONDITION_REVIEW_REQUIRED,品目の直接記載は必須とせず、既存mappingを支えるCURRENT公式category ruleから判定。 collector_status=NO_ITEM_MATCH_IN_FETCHED_OFFICIAL_SOURCES
M114,I028,UNRESOLVED,,,,,TRUE,UNRESOLVED,直接記載・公式rule由来mapping・一意な一般則categoryのいずれでも決定できない。 collector_status=NO_ITEM_MATCH_IN_FETCHED_OFFICIAL_SOURCES
M114,I029,UNRESOLVED,,,,,TRUE,UNRESOLVED,直接記載・公式rule由来mapping・一意な一般則categoryのいずれでも決定できない。 collector_status=NO_ITEM_MATCH_IN_FETCHED_OFFICIAL_SOURCES
M114,I030,OFFICIAL_RULE_DERIVED,C-M114-10,有害ごみ,S-M114-01,有害ごみ,TRUE,CATEGORY_SUPPORTED_CONDITION_REVIEW_REQUIRED,品目の直接記載は必須とせず、既存mappingを支えるCURRENT公式category ruleから判定。 collector_status=NO_ITEM_MATCH_IN_FETCHED_OFFICIAL_SOURCES
M114,I031,UNRESOLVED,,,,,TRUE,UNRESOLVED,直接記載・公式rule由来mapping・一意な一般則categoryのいずれでも決定できない。 collector_status=NO_ITEM_MATCH_IN_FETCHED_OFFICIAL_SOURCES
M114,I032,OFFICIAL_RULE_DERIVED,C-M114-04,缶類・刃物類,S-M114-01,缶類・刃物類,TRUE,CATEGORY_SUPPORTED_CONDITION_REVIEW_REQUIRED,品目の直接記載は必須とせず、既存mappingを支えるCURRENT公式category ruleから判定。 collector_status=NO_ITEM_MATCH_IN_FETCHED_OFFICIAL_SOURCES
M114,I033,UNRESOLVED,,,,,TRUE,UNRESOLVED,直接記載・公式rule由来mapping・一意な一般則categoryのいずれでも決定できない。 collector_status=NO_ITEM_MATCH_IN_FETCHED_OFFICIAL_SOURCES
M114,I034,UNRESOLVED,,,,,TRUE,UNRESOLVED,直接記載・公式rule由来mapping・一意な一般則categoryのいずれでも決定できない。 collector_status=NO_ITEM_MATCH_IN_FETCHED_OFFICIAL_SOURCES
M114,I035,OFFICIAL_RULE_DERIVED,C-M114-10,有害ごみ,S-M114-01,有害ごみ,TRUE,CATEGORY_SUPPORTED_CONDITION_REVIEW_REQUIRED,品目の直接記載は必須とせず、既存mappingを支えるCURRENT公式category ruleから判定。 collector_status=NO_ITEM_MATCH_IN_FETCHED_OFFICIAL_SOURCES
M114,I036,UNRESOLVED,,,,,TRUE,UNRESOLVED,直接記載・公式rule由来mapping・一意な一般則categoryのいずれでも決定できない。 collector_status=NO_ITEM_MATCH_IN_FETCHED_OFFICIAL_SOURCES
M114,I037,UNRESOLVED,,,,,TRUE,UNRESOLVED,直接記載・公式rule由来mapping・一意な一般則categoryのいずれでも決定できない。 collector_status=NO_ITEM_MATCH_IN_FETCHED_OFFICIAL_SOURCES
M114,I038,UNRESOLVED,,,,,TRUE,UNRESOLVED,直接記載・公式rule由来mapping・一意な一般則categoryのいずれでも決定できない。 collector_status=NO_ITEM_MATCH_IN_FETCHED_OFFICIAL_SOURCES
M114,I039,UNRESOLVED,,,,,TRUE,UNRESOLVED,直接記載・公式rule由来mapping・一意な一般則categoryのいずれでも決定できない。 collector_status=NO_ITEM_MATCH_IN_FETCHED_OFFICIAL_SOURCES
M114,I040,UNRESOLVED,,,,,TRUE,UNRESOLVED,直接記載・公式rule由来mapping・一意な一般則categoryのいずれでも決定できない。 collector_status=NO_ITEM_MATCH_IN_FETCHED_OFFICIAL_SOURCES
M115,I001,OFFICIAL_RULE_DERIVED,C-M115-04,ペットボトル,S-M115-01,ペットボトル,FALSE,CATEGORY_SUPPORTED,品目の直接記載は必須とせず、既存mappingを支えるCURRENT公式category ruleから判定。 collector_status=NO_ITEM_MATCH_IN_FETCHED_OFFICIAL_SOURCES
M115,I002,UNRESOLVED,,,,,TRUE,UNRESOLVED,直接記載・公式rule由来mapping・一意な一般則categoryのいずれでも決定できない。 collector_status=NO_ITEM_MATCH_IN_FETCHED_OFFICIAL_SOURCES
M115,I003,UNRESOLVED,,,,,TRUE,UNRESOLVED,直接記載・公式rule由来mapping・一意な一般則categoryのいずれでも決定できない。 collector_status=NO_ITEM_MATCH_IN_FETCHED_OFFICIAL_SOURCES
M115,I004,UNRESOLVED,,,,,FALSE,UNRESOLVED,直接記載・公式rule由来mapping・一意な一般則categoryのいずれでも決定できない。 collector_status=NO_ITEM_MATCH_IN_FETCHED_OFFICIAL_SOURCES
M115,I005,UNRESOLVED,,,,,FALSE,UNRESOLVED,直接記載・公式rule由来mapping・一意な一般則categoryのいずれでも決定できない。 collector_status=NO_ITEM_MATCH_IN_FETCHED_OFFICIAL_SOURCES
M115,I006,OFFICIAL_RULE_DERIVED,C-M115-03,びん・缶,S-M115-01,びん・缶,TRUE,CATEGORY_SUPPORTED_CONDITION_REVIEW_REQUIRED,品目の直接記載は必須とせず、既存mappingを支えるCURRENT公式category ruleから判定。 collector_status=NO_ITEM_MATCH_IN_FETCHED_OFFICIAL_SOURCES
M115,I007,UNRESOLVED,,,,,TRUE,UNRESOLVED,直接記載・公式rule由来mapping・一意な一般則categoryのいずれでも決定できない。 collector_status=NO_ITEM_MATCH_IN_FETCHED_OFFICIAL_SOURCES
M115,I008,UNRESOLVED,,,,,TRUE,UNRESOLVED,直接記載・公式rule由来mapping・一意な一般則categoryのいずれでも決定できない。 collector_status=NO_ITEM_MATCH_IN_FETCHED_OFFICIAL_SOURCES
M115,I009,GENERAL_RULE_DERIVED,C-M115-02,容器包装プラスチック,S-M115-01,容器包装プラスチック,TRUE,CATEGORY_SUPPORTED_CONDITION_REVIEW_REQUIRED,個別記載・既存mappingなし。一般的な材質/用途ルールと一意のCURRENT公式categoryが一致。 collector_status=NO_ITEM_MATCH_IN_FETCHED_OFFICIAL_SOURCES
M115,I010,GENERAL_RULE_DERIVED,C-M115-02,容器包装プラスチック,S-M115-01,容器包装プラスチック,TRUE,CATEGORY_SUPPORTED_CONDITION_REVIEW_REQUIRED,個別記載・既存mappingなし。一般的な材質/用途ルールと一意のCURRENT公式categoryが一致。 collector_status=NO_ITEM_MATCH_IN_FETCHED_OFFICIAL_SOURCES
M115,I011,GENERAL_RULE_DERIVED,C-M115-02,容器包装プラスチック,S-M115-01,容器包装プラスチック,TRUE,CATEGORY_SUPPORTED_CONDITION_REVIEW_REQUIRED,個別記載・既存mappingなし。一般的な材質/用途ルールと一意のCURRENT公式categoryが一致。 collector_status=NO_ITEM_MATCH_IN_FETCHED_OFFICIAL_SOURCES
M115,I012,GENERAL_RULE_DERIVED,C-M115-02,容器包装プラスチック,S-M115-01,容器包装プラスチック,TRUE,CATEGORY_SUPPORTED_CONDITION_REVIEW_REQUIRED,個別記載・既存mappingなし。一般的な材質/用途ルールと一意のCURRENT公式categoryが一致。 collector_status=NO_ITEM_MATCH_IN_FETCHED_OFFICIAL_SOURCES
M115,I013,UNRESOLVED,,,,,FALSE,UNRESOLVED,直接記載・公式rule由来mapping・一意な一般則categoryのいずれでも決定できない。 collector_status=NO_ITEM_MATCH_IN_FETCHED_OFFICIAL_SOURCES
M115,I014,UNRESOLVED,,,,,FALSE,UNRESOLVED,直接記載・公式rule由来mapping・一意な一般則categoryのいずれでも決定できない。 collector_status=NO_ITEM_MATCH_IN_FETCHED_OFFICIAL_SOURCES
M115,I015,UNRESOLVED,,,,,FALSE,UNRESOLVED,直接記載・公式rule由来mapping・一意な一般則categoryのいずれでも決定できない。 collector_status=NO_ITEM_MATCH_IN_FETCHED_OFFICIAL_SOURCES
M115,I016,UNRESOLVED,,,,,FALSE,UNRESOLVED,直接記載・公式rule由来mapping・一意な一般則categoryのいずれでも決定できない。 collector_status=NO_ITEM_MATCH_IN_FETCHED_OFFICIAL_SOURCES
M115,I017,UNRESOLVED,,,,,TRUE,UNRESOLVED,直接記載・公式rule由来mapping・一意な一般則categoryのいずれでも決定できない。 collector_status=NO_ITEM_MATCH_IN_FETCHED_OFFICIAL_SOURCES
M115,I018,OFFICIAL_RULE_DERIVED,C-M115-01,可燃ごみ,S-M115-01,可燃ごみ,TRUE,CATEGORY_SUPPORTED_CONDITION_REVIEW_REQUIRED,品目の直接記載は必須とせず、既存mappingを支えるCURRENT公式category ruleから判定。 collector_status=NO_ITEM_MATCH_IN_FETCHED_OFFICIAL_SOURCES
M115,I019,GENERAL_RULE_DERIVED,C-M115-01,可燃ごみ,S-M115-01,可燃ごみ,TRUE,CATEGORY_SUPPORTED_CONDITION_REVIEW_REQUIRED,個別記載・既存mappingなし。一般的な材質/用途ルールと一意のCURRENT公式categoryが一致。 collector_status=NO_ITEM_MATCH_IN_FETCHED_OFFICIAL_SOURCES
M115,I020,GENERAL_RULE_DERIVED,C-M115-01,可燃ごみ,S-M115-01,可燃ごみ,TRUE,CATEGORY_SUPPORTED_CONDITION_REVIEW_REQUIRED,個別記載・既存mappingなし。一般的な材質/用途ルールと一意のCURRENT公式categoryが一致。 collector_status=NO_ITEM_MATCH_IN_FETCHED_OFFICIAL_SOURCES
M115,I021,UNRESOLVED,,,,,FALSE,UNRESOLVED,直接記載・公式rule由来mapping・一意な一般則categoryのいずれでも決定できない。 collector_status=NO_ITEM_MATCH_IN_FETCHED_OFFICIAL_SOURCES
M115,I022,UNRESOLVED,,,,,TRUE,UNRESOLVED,直接記載・公式rule由来mapping・一意な一般則categoryのいずれでも決定できない。 collector_status=NO_ITEM_MATCH_IN_FETCHED_OFFICIAL_SOURCES
M115,I023,OFFICIAL_RULE_DERIVED,C-M115-06,不燃物,S-M115-01,不燃物,FALSE,CATEGORY_SUPPORTED,品目の直接記載は必須とせず、既存mappingを支えるCURRENT公式category ruleから判定。 collector_status=NO_ITEM_MATCH_IN_FETCHED_OFFICIAL_SOURCES
M115,I024,GENERAL_RULE_DERIVED,C-M115-06,不燃物,S-M115-01,不燃物,FALSE,CATEGORY_SUPPORTED,個別記載・既存mappingなし。一般的な材質/用途ルールと一意のCURRENT公式categoryが一致。 collector_status=NO_ITEM_MATCH_IN_FETCHED_OFFICIAL_SOURCES
M115,I025,UNRESOLVED,,,,,TRUE,UNRESOLVED,直接記載・公式rule由来mapping・一意な一般則categoryのいずれでも決定できない。 collector_status=NO_ITEM_MATCH_IN_FETCHED_OFFICIAL_SOURCES
M115,I026,UNRESOLVED,,,,,TRUE,UNRESOLVED,直接記載・公式rule由来mapping・一意な一般則categoryのいずれでも決定できない。 collector_status=NO_ITEM_MATCH_IN_FETCHED_OFFICIAL_SOURCES
M115,I027,OFFICIAL_RULE_DERIVED,C-M115-09,電池類,S-M115-01,電池類,TRUE,CATEGORY_SUPPORTED_CONDITION_REVIEW_REQUIRED,品目の直接記載は必須とせず、既存mappingを支えるCURRENT公式category ruleから判定。 collector_status=NO_ITEM_MATCH_IN_FETCHED_OFFICIAL_SOURCES
M115,I028,OFFICIAL_RULE_DERIVED,C-M115-09,電池類,S-M115-01,電池類,TRUE,CATEGORY_SUPPORTED_CONDITION_REVIEW_REQUIRED,品目の直接記載は必須とせず、既存mappingを支えるCURRENT公式category ruleから判定。 collector_status=NO_ITEM_MATCH_IN_FETCHED_OFFICIAL_SOURCES
M115,I029,OFFICIAL_RULE_DERIVED,C-M115-08,充電式小型家電,S-M115-01,充電式小型家電,TRUE,CATEGORY_SUPPORTED_CONDITION_REVIEW_REQUIRED,品目の直接記載は必須とせず、既存mappingを支えるCURRENT公式category ruleから判定。 collector_status=NO_ITEM_MATCH_IN_FETCHED_OFFICIAL_SOURCES
M115,I030,OFFICIAL_RULE_DERIVED,C-M115-10,蛍光灯類,S-M115-01,蛍光灯類,TRUE,CATEGORY_SUPPORTED_CONDITION_REVIEW_REQUIRED,品目の直接記載は必須とせず、既存mappingを支えるCURRENT公式category ruleから判定。 collector_status=NO_ITEM_MATCH_IN_FETCHED_OFFICIAL_SOURCES
M115,I031,OFFICIAL_RULE_DERIVED,C-M115-10,蛍光灯類,S-M115-01,蛍光灯類,TRUE,CATEGORY_SUPPORTED_CONDITION_REVIEW_REQUIRED,品目の直接記載は必須とせず、既存mappingを支えるCURRENT公式category ruleから判定。 collector_status=NO_ITEM_MATCH_IN_FETCHED_OFFICIAL_SOURCES
M115,I032,OFFICIAL_RULE_DERIVED,C-M115-07,発火性危険ごみ,S-M115-01,発火性危険ごみ,TRUE,CATEGORY_SUPPORTED_CONDITION_REVIEW_REQUIRED,品目の直接記載は必須とせず、既存mappingを支えるCURRENT公式category ruleから判定。 collector_status=NO_ITEM_MATCH_IN_FETCHED_OFFICIAL_SOURCES
M115,I033,OFFICIAL_RULE_DERIVED,C-M115-07,発火性危険ごみ,S-M115-01,発火性危険ごみ,TRUE,CATEGORY_SUPPORTED_CONDITION_REVIEW_REQUIRED,品目の直接記載は必須とせず、既存mappingを支えるCURRENT公式category ruleから判定。 collector_status=NO_ITEM_MATCH_IN_FETCHED_OFFICIAL_SOURCES
M115,I034,OFFICIAL_RULE_DERIVED,C-M115-08,充電式小型家電,S-M115-01,充電式小型家電,TRUE,CATEGORY_SUPPORTED_CONDITION_REVIEW_REQUIRED,品目の直接記載は必須とせず、既存mappingを支えるCURRENT公式category ruleから判定。 collector_status=NO_ITEM_MATCH_IN_FETCHED_OFFICIAL_SOURCES
M115,I035,UNRESOLVED,,,,,TRUE,UNRESOLVED,直接記載・公式rule由来mapping・一意な一般則categoryのいずれでも決定できない。 collector_status=NO_ITEM_MATCH_IN_FETCHED_OFFICIAL_SOURCES
M115,I036,UNRESOLVED,,,,,TRUE,UNRESOLVED,直接記載・公式rule由来mapping・一意な一般則categoryのいずれでも決定できない。 collector_status=NO_ITEM_MATCH_IN_FETCHED_OFFICIAL_SOURCES
M115,I037,UNRESOLVED,,,,,TRUE,UNRESOLVED,直接記載・公式rule由来mapping・一意な一般則categoryのいずれでも決定できない。 collector_status=NO_ITEM_MATCH_IN_FETCHED_OFFICIAL_SOURCES
M115,I038,UNRESOLVED,,,,,TRUE,UNRESOLVED,直接記載・公式rule由来mapping・一意な一般則categoryのいずれでも決定できない。 collector_status=NO_ITEM_MATCH_IN_FETCHED_OFFICIAL_SOURCES
M115,I039,UNRESOLVED,,,,,TRUE,UNRESOLVED,直接記載・公式rule由来mapping・一意な一般則categoryのいずれでも決定できない。 collector_status=NO_ITEM_MATCH_IN_FETCHED_OFFICIAL_SOURCES
M115,I040,UNRESOLVED,,,,,TRUE,UNRESOLVED,直接記載・公式rule由来mapping・一意な一般則categoryのいずれでも決定できない。 collector_status=NO_ITEM_MATCH_IN_FETCHED_OFFICIAL_SOURCES
M116,I001,DIRECT_ITEM,C-M116-10,ペットボトル,S-M116-01,text-match:ペットボトル + ペットボトル,FALSE,CATEGORY_SUPPORTED,全既存branchで公式資料中の品目表記とcategoryの直接候補あり。 collector_status=ALL_EXISTING_BRANCHES_HAVE_DIRECT_CANDIDATE
M116,I002,UNRESOLVED,,,,,TRUE,UNRESOLVED,直接記載・公式rule由来mapping・一意な一般則categoryのいずれでも決定できない。 collector_status=NO_ITEM_MATCH_IN_FETCHED_OFFICIAL_SOURCES
M116,I003,UNRESOLVED,,,,,TRUE,UNRESOLVED,直接記載・公式rule由来mapping・一意な一般則categoryのいずれでも決定できない。 collector_status=AMBIGUOUS_CATEGORY_CANDIDATES
M116,I004,DIRECT_ITEM,C-M116-04,アルミ缶,S-M116-01,text-match:アルミ缶 + アルミ缶,FALSE,CATEGORY_SUPPORTED,全既存branchで公式資料中の品目表記とcategoryの直接候補あり。 collector_status=ALL_EXISTING_BRANCHES_HAVE_DIRECT_CANDIDATE
M116,I005,DIRECT_ITEM,C-M116-03,スチール缶,S-M116-01,text-match:スチール缶 + スチール缶,FALSE,CATEGORY_SUPPORTED,全既存branchで公式資料中の品目表記とcategoryの直接候補あり。 collector_status=ALL_EXISTING_BRANCHES_HAVE_DIRECT_CANDIDATE
M116,I006,UNRESOLVED,,,,,TRUE,UNRESOLVED,直接記載・公式rule由来mapping・一意な一般則categoryのいずれでも決定できない。 collector_status=AMBIGUOUS_CATEGORY_CANDIDATES
M116,I007,DIRECT_ITEM,C-M116-12,白色トレー,S-M116-01,text-match:白色トレー + 白色トレー,TRUE,CATEGORY_SUPPORTED_CONDITION_REVIEW_REQUIRED,全既存branchで公式資料中の品目表記とcategoryの直接候補あり。 collector_status=ALL_EXISTING_BRANCHES_HAVE_DIRECT_CANDIDATE
M116,I008,UNRESOLVED,,,,,TRUE,UNRESOLVED,直接記載・公式rule由来mapping・一意な一般則categoryのいずれでも決定できない。 collector_status=NO_ITEM_MATCH_IN_FETCHED_OFFICIAL_SOURCES
M116,I009,GENERAL_RULE_DERIVED,C-M116-15,容器包装外のプラスチック,S-M116-01,容器包装外のプラスチック,TRUE,CATEGORY_SUPPORTED_CONDITION_REVIEW_REQUIRED,個別記載・既存mappingなし。一般的な材質/用途ルールと一意のCURRENT公式categoryが一致。 collector_status=NO_ITEM_MATCH_IN_FETCHED_OFFICIAL_SOURCES
M116,I010,GENERAL_RULE_DERIVED,C-M116-15,容器包装外のプラスチック,S-M116-01,容器包装外のプラスチック,TRUE,CATEGORY_SUPPORTED_CONDITION_REVIEW_REQUIRED,個別記載・既存mappingなし。一般的な材質/用途ルールと一意のCURRENT公式categoryが一致。 collector_status=NO_ITEM_MATCH_IN_FETCHED_OFFICIAL_SOURCES
M116,I011,GENERAL_RULE_DERIVED,C-M116-15,容器包装外のプラスチック,S-M116-01,容器包装外のプラスチック,TRUE,CATEGORY_SUPPORTED_CONDITION_REVIEW_REQUIRED,個別記載・既存mappingなし。一般的な材質/用途ルールと一意のCURRENT公式categoryが一致。 collector_status=NO_ITEM_MATCH_IN_FETCHED_OFFICIAL_SOURCES
M116,I012,GENERAL_RULE_DERIVED,C-M116-15,容器包装外のプラスチック,S-M116-01,容器包装外のプラスチック,TRUE,CATEGORY_SUPPORTED_CONDITION_REVIEW_REQUIRED,個別記載・既存mappingなし。一般的な材質/用途ルールと一意のCURRENT公式categoryが一致。 collector_status=NO_ITEM_MATCH_IN_FETCHED_OFFICIAL_SOURCES
M116,I013,UNRESOLVED,,,,,FALSE,UNRESOLVED,直接記載・公式rule由来mapping・一意な一般則categoryのいずれでも決定できない。 collector_status=AMBIGUOUS_CATEGORY_CANDIDATES
M116,I014,UNRESOLVED,,,,,FALSE,UNRESOLVED,直接記載・公式rule由来mapping・一意な一般則categoryのいずれでも決定できない。 collector_status=AMBIGUOUS_CATEGORY_CANDIDATES
M116,I015,UNRESOLVED,,,,,FALSE,UNRESOLVED,直接記載・公式rule由来mapping・一意な一般則categoryのいずれでも決定できない。 collector_status=AMBIGUOUS_CATEGORY_CANDIDATES
M116,I016,UNRESOLVED,,,,,FALSE,UNRESOLVED,直接記載・公式rule由来mapping・一意な一般則categoryのいずれでも決定できない。 collector_status=NO_ITEM_MATCH_IN_FETCHED_OFFICIAL_SOURCES
M116,I017,UNRESOLVED,,,,,TRUE,UNRESOLVED,直接記載・公式rule由来mapping・一意な一般則categoryのいずれでも決定できない。 collector_status=AMBIGUOUS_CATEGORY_CANDIDATES
M116,I018,OFFICIAL_RULE_DERIVED,C-M116-01,燃やしてよいごみ,S-M116-01,燃やしてよいごみ,FALSE,CATEGORY_SUPPORTED,品目の直接記載は必須とせず、既存mappingを支えるCURRENT公式category ruleから判定。 collector_status=NO_ITEM_MATCH_IN_FETCHED_OFFICIAL_SOURCES
M116,I019,UNRESOLVED,,,,,FALSE,UNRESOLVED,直接記載・公式rule由来mapping・一意な一般則categoryのいずれでも決定できない。 collector_status=AMBIGUOUS_CATEGORY_CANDIDATES
M116,I020,UNRESOLVED,,,,,FALSE,UNRESOLVED,直接記載・公式rule由来mapping・一意な一般則categoryのいずれでも決定できない。 collector_status=AMBIGUOUS_CATEGORY_CANDIDATES
M116,I021,OFFICIAL_RULE_DERIVED,C-M116-01|C-M116-18,燃やしてよいごみ|資源化しているごみ,S-M116-01,燃やしてよいごみ|資源化しているごみ,FALSE,CATEGORY_SUPPORTED,品目の直接記載は必須とせず、既存mappingを支えるCURRENT公式category ruleから判定。 collector_status=PARTIAL_EXISTING_BRANCH_EVIDENCE
M116,I022,UNRESOLVED,,,,,TRUE,UNRESOLVED,直接記載・公式rule由来mapping・一意な一般則categoryのいずれでも決定できない。 collector_status=NO_ITEM_MATCH_IN_FETCHED_OFFICIAL_SOURCES
M116,I023,DIRECT_ITEM,C-M116-16,不燃物,S-M116-01,text-match:陶磁器 + 不燃物,FALSE,CATEGORY_SUPPORTED,全既存branchで公式資料中の品目表記とcategoryの直接候補あり。 collector_status=ALL_EXISTING_BRANCHES_HAVE_DIRECT_CANDIDATE
M116,I024,GENERAL_RULE_DERIVED,C-M116-16,不燃物,S-M116-01,不燃物,FALSE,CATEGORY_SUPPORTED,個別記載・既存mappingなし。一般的な材質/用途ルールと一意のCURRENT公式categoryが一致。 collector_status=AMBIGUOUS_CATEGORY_CANDIDATES
M116,I025,UNRESOLVED,,,,,TRUE,UNRESOLVED,直接記載・公式rule由来mapping・一意な一般則categoryのいずれでも決定できない。 collector_status=NO_ITEM_MATCH_IN_FETCHED_OFFICIAL_SOURCES
M116,I026,OFFICIAL_RULE_DERIVED,C-M116-14,金属類,S-M116-01,金属類,TRUE,CATEGORY_SUPPORTED_CONDITION_REVIEW_REQUIRED,品目の直接記載は必須とせず、既存mappingを支えるCURRENT公式category ruleから判定。 collector_status=NO_ITEM_MATCH_IN_FETCHED_OFFICIAL_SOURCES
M116,I027,DIRECT_ITEM,C-M116-21,有害ごみ,S-M116-01,text-match:乾電池 + 有害ごみ,TRUE,CATEGORY_SUPPORTED_CONDITION_REVIEW_REQUIRED,全既存branchで公式資料中の品目表記とcategoryの直接候補あり。 collector_status=ALL_EXISTING_BRANCHES_HAVE_DIRECT_CANDIDATE
M116,I028,UNRESOLVED,,,,,TRUE,UNRESOLVED,直接記載・公式rule由来mapping・一意な一般則categoryのいずれでも決定できない。 collector_status=AMBIGUOUS_CATEGORY_CANDIDATES
M116,I029,UNRESOLVED,,,,,TRUE,UNRESOLVED,直接記載・公式rule由来mapping・一意な一般則categoryのいずれでも決定できない。 collector_status=NO_ITEM_MATCH_IN_FETCHED_OFFICIAL_SOURCES
M116,I030,DIRECT_ITEM,C-M116-21,有害ごみ,S-M116-01,text-match:蛍光灯 + 有害ごみ,TRUE,CATEGORY_SUPPORTED_CONDITION_REVIEW_REQUIRED,全既存branchで公式資料中の品目表記とcategoryの直接候補あり。 collector_status=ALL_EXISTING_BRANCHES_HAVE_DIRECT_CANDIDATE
M116,I031,UNRESOLVED,,,,,TRUE,UNRESOLVED,直接記載・公式rule由来mapping・一意な一般則categoryのいずれでも決定できない。 collector_status=AMBIGUOUS_CATEGORY_CANDIDATES
M116,I032,DIRECT_ITEM,C-M116-05,その他の缶,S-M116-01,text-match:スプレー缶 + その他の缶,TRUE,CATEGORY_SUPPORTED_CONDITION_REVIEW_REQUIRED,全既存branchで公式資料中の品目表記とcategoryの直接候補あり。 collector_status=ALL_EXISTING_BRANCHES_HAVE_DIRECT_CANDIDATE
M116,I033,UNRESOLVED,,,,,TRUE,UNRESOLVED,直接記載・公式rule由来mapping・一意な一般則categoryのいずれでも決定できない。 collector_status=AMBIGUOUS_CATEGORY_CANDIDATES
M116,I034,UNRESOLVED,,,,,TRUE,UNRESOLVED,直接記載・公式rule由来mapping・一意な一般則categoryのいずれでも決定できない。 collector_status=NO_ITEM_MATCH_IN_FETCHED_OFFICIAL_SOURCES
M116,I035,UNRESOLVED,,,,,TRUE,UNRESOLVED,直接記載・公式rule由来mapping・一意な一般則categoryのいずれでも決定できない。 collector_status=NO_ITEM_MATCH_IN_FETCHED_OFFICIAL_SOURCES
M116,I036,DIRECT_ITEM,C-M116-19,粗大ごみ,S-M116-01,text-match:ふとん + 粗大ごみ,TRUE,CATEGORY_SUPPORTED_CONDITION_REVIEW_REQUIRED,全既存branchで公式資料中の品目表記とcategoryの直接候補あり。 collector_status=ALL_EXISTING_BRANCHES_HAVE_DIRECT_CANDIDATE
M116,I037,OFFICIAL_RULE_DERIVED,C-M116-20,特定家庭用機器廃棄物,S-M116-01,特定家庭用機器廃棄物,TRUE,CATEGORY_SUPPORTED_CONDITION_REVIEW_REQUIRED,品目の直接記載は必須とせず、既存mappingを支えるCURRENT公式category ruleから判定。 collector_status=NO_ITEM_MATCH_IN_FETCHED_OFFICIAL_SOURCES
M116,I038,UNRESOLVED,,,,,TRUE,UNRESOLVED,直接記載・公式rule由来mapping・一意な一般則categoryのいずれでも決定できない。 collector_status=AMBIGUOUS_CATEGORY_CANDIDATES
M116,I039,UNRESOLVED,,,,,TRUE,UNRESOLVED,直接記載・公式rule由来mapping・一意な一般則categoryのいずれでも決定できない。 collector_status=AMBIGUOUS_CATEGORY_CANDIDATES
M116,I040,UNRESOLVED,,,,,TRUE,UNRESOLVED,直接記載・公式rule由来mapping・一意な一般則categoryのいずれでも決定できない。 collector_status=ONE_INFERRED_CATEGORY_CANDIDATE
M117,I001,OFFICIAL_RULE_DERIVED,C-M117-03,資源ごみ（ペットボトル）,S-M117-02,資源ごみ（ペットボトル）,FALSE,CATEGORY_SUPPORTED,品目の直接記載は必須とせず、既存mappingを支えるCURRENT公式category ruleから判定。 collector_status=NO_ITEM_MATCH_IN_FETCHED_OFFICIAL_SOURCES
M117,I002,UNRESOLVED,,,,,TRUE,UNRESOLVED,直接記載・公式rule由来mapping・一意な一般則categoryのいずれでも決定できない。 collector_status=NO_ITEM_MATCH_IN_FETCHED_OFFICIAL_SOURCES
M117,I003,UNRESOLVED,,,,,TRUE,UNRESOLVED,直接記載・公式rule由来mapping・一意な一般則categoryのいずれでも決定できない。 collector_status=NO_ITEM_MATCH_IN_FETCHED_OFFICIAL_SOURCES
M117,I004,UNRESOLVED,,,,,FALSE,UNRESOLVED,直接記載・公式rule由来mapping・一意な一般則categoryのいずれでも決定できない。 collector_status=NO_ITEM_MATCH_IN_FETCHED_OFFICIAL_SOURCES
M117,I005,UNRESOLVED,,,,,FALSE,UNRESOLVED,直接記載・公式rule由来mapping・一意な一般則categoryのいずれでも決定できない。 collector_status=NO_ITEM_MATCH_IN_FETCHED_OFFICIAL_SOURCES
M117,I006,OFFICIAL_RULE_DERIVED,C-M117-02,資源ごみ（びん・缶）,S-M117-02,資源ごみ（びん・缶）,TRUE,CATEGORY_SUPPORTED_CONDITION_REVIEW_REQUIRED,品目の直接記載は必須とせず、既存mappingを支えるCURRENT公式category ruleから判定。 collector_status=NO_ITEM_MATCH_IN_FETCHED_OFFICIAL_SOURCES
M117,I007,UNRESOLVED,,,,,TRUE,UNRESOLVED,直接記載・公式rule由来mapping・一意な一般則categoryのいずれでも決定できない。 collector_status=NO_ITEM_MATCH_IN_FETCHED_OFFICIAL_SOURCES
M117,I008,UNRESOLVED,,,,,TRUE,UNRESOLVED,直接記載・公式rule由来mapping・一意な一般則categoryのいずれでも決定できない。 collector_status=NO_ITEM_MATCH_IN_FETCHED_OFFICIAL_SOURCES
M117,I009,GENERAL_RULE_DERIVED,C-M117-04,資源ごみ（プラスチック製容器包装）,S-M117-02,資源ごみ（プラスチック製容器包装）,TRUE,CATEGORY_SUPPORTED_CONDITION_REVIEW_REQUIRED,個別記載・既存mappingなし。一般的な材質/用途ルールと一意のCURRENT公式categoryが一致。 collector_status=NO_ITEM_MATCH_IN_FETCHED_OFFICIAL_SOURCES
M117,I010,GENERAL_RULE_DERIVED,C-M117-04,資源ごみ（プラスチック製容器包装）,S-M117-02,資源ごみ（プラスチック製容器包装）,TRUE,CATEGORY_SUPPORTED_CONDITION_REVIEW_REQUIRED,個別記載・既存mappingなし。一般的な材質/用途ルールと一意のCURRENT公式categoryが一致。 collector_status=NO_ITEM_MATCH_IN_FETCHED_OFFICIAL_SOURCES
M117,I011,GENERAL_RULE_DERIVED,C-M117-04,資源ごみ（プラスチック製容器包装）,S-M117-02,資源ごみ（プラスチック製容器包装）,TRUE,CATEGORY_SUPPORTED_CONDITION_REVIEW_REQUIRED,個別記載・既存mappingなし。一般的な材質/用途ルールと一意のCURRENT公式categoryが一致。 collector_status=NO_ITEM_MATCH_IN_FETCHED_OFFICIAL_SOURCES
M117,I012,GENERAL_RULE_DERIVED,C-M117-04,資源ごみ（プラスチック製容器包装）,S-M117-02,資源ごみ（プラスチック製容器包装）,TRUE,CATEGORY_SUPPORTED_CONDITION_REVIEW_REQUIRED,個別記載・既存mappingなし。一般的な材質/用途ルールと一意のCURRENT公式categoryが一致。 collector_status=NO_ITEM_MATCH_IN_FETCHED_OFFICIAL_SOURCES
M117,I013,OFFICIAL_RULE_DERIVED,C-M117-06,新聞紙,S-M117-02,新聞紙,FALSE,CATEGORY_SUPPORTED,品目の直接記載は必須とせず、既存mappingを支えるCURRENT公式category ruleから判定。 collector_status=NO_ITEM_MATCH_IN_FETCHED_OFFICIAL_SOURCES
M117,I014,OFFICIAL_RULE_DERIVED,C-M117-08,ダンボール,S-M117-02,ダンボール,FALSE,CATEGORY_SUPPORTED,品目の直接記載は必須とせず、既存mappingを支えるCURRENT公式category ruleから判定。 collector_status=NO_ITEM_MATCH_IN_FETCHED_OFFICIAL_SOURCES
M117,I015,OFFICIAL_RULE_DERIVED,C-M117-07,雑誌類,S-M117-02,雑誌類,FALSE,CATEGORY_SUPPORTED,品目の直接記載は必須とせず、既存mappingを支えるCURRENT公式category ruleから判定。 collector_status=NO_ITEM_MATCH_IN_FETCHED_OFFICIAL_SOURCES
M117,I016,UNRESOLVED,,,,,FALSE,UNRESOLVED,直接記載・公式rule由来mapping・一意な一般則categoryのいずれでも決定できない。 collector_status=NO_ITEM_MATCH_IN_FETCHED_OFFICIAL_SOURCES
M117,I017,UNRESOLVED,,,,,TRUE,UNRESOLVED,直接記載・公式rule由来mapping・一意な一般則categoryのいずれでも決定できない。 collector_status=NO_ITEM_MATCH_IN_FETCHED_OFFICIAL_SOURCES
M117,I018,OFFICIAL_RULE_DERIVED,C-M117-01,燃やせるごみ,S-M117-02,燃やせるごみ,FALSE,CATEGORY_SUPPORTED,品目の直接記載は必須とせず、既存mappingを支えるCURRENT公式category ruleから判定。 collector_status=NO_ITEM_MATCH_IN_FETCHED_OFFICIAL_SOURCES
M117,I019,UNRESOLVED,,,,,FALSE,UNRESOLVED,直接記載・公式rule由来mapping・一意な一般則categoryのいずれでも決定できない。 collector_status=NO_ITEM_MATCH_IN_FETCHED_OFFICIAL_SOURCES
M117,I020,UNRESOLVED,,,,,FALSE,UNRESOLVED,直接記載・公式rule由来mapping・一意な一般則categoryのいずれでも決定できない。 collector_status=NO_ITEM_MATCH_IN_FETCHED_OFFICIAL_SOURCES
M117,I021,UNRESOLVED,,,,,FALSE,UNRESOLVED,直接記載・公式rule由来mapping・一意な一般則categoryのいずれでも決定できない。 collector_status=NO_ITEM_MATCH_IN_FETCHED_OFFICIAL_SOURCES
M117,I022,UNRESOLVED,,,,,TRUE,UNRESOLVED,直接記載・公式rule由来mapping・一意な一般則categoryのいずれでも決定できない。 collector_status=NO_ITEM_MATCH_IN_FETCHED_OFFICIAL_SOURCES
M117,I023,OFFICIAL_RULE_DERIVED,C-M117-09,燃やせないごみ,S-M117-03,燃やせないごみ,FALSE,CATEGORY_SUPPORTED,品目の直接記載は必須とせず、既存mappingを支えるCURRENT公式category ruleから判定。 collector_status=NO_ITEM_MATCH_IN_FETCHED_OFFICIAL_SOURCES
M117,I024,UNRESOLVED,,,,,FALSE,UNRESOLVED,直接記載・公式rule由来mapping・一意な一般則categoryのいずれでも決定できない。 collector_status=NO_ITEM_MATCH_IN_FETCHED_OFFICIAL_SOURCES
M117,I025,UNRESOLVED,,,,,TRUE,UNRESOLVED,直接記載・公式rule由来mapping・一意な一般則categoryのいずれでも決定できない。 collector_status=NO_ITEM_MATCH_IN_FETCHED_OFFICIAL_SOURCES
M117,I026,UNRESOLVED,,,,,TRUE,UNRESOLVED,直接記載・公式rule由来mapping・一意な一般則categoryのいずれでも決定できない。 collector_status=NO_ITEM_MATCH_IN_FETCHED_OFFICIAL_SOURCES
M117,I027,OFFICIAL_RULE_DERIVED,C-M117-10,有害ごみ,S-M117-03,有害ごみ,TRUE,CATEGORY_SUPPORTED_CONDITION_REVIEW_REQUIRED,品目の直接記載は必須とせず、既存mappingを支えるCURRENT公式category ruleから判定。 collector_status=NO_ITEM_MATCH_IN_FETCHED_OFFICIAL_SOURCES
M117,I028,UNRESOLVED,,,,,TRUE,UNRESOLVED,直接記載・公式rule由来mapping・一意な一般則categoryのいずれでも決定できない。 collector_status=NO_ITEM_MATCH_IN_FETCHED_OFFICIAL_SOURCES
M117,I029,OFFICIAL_RULE_DERIVED,C-M117-10,有害ごみ,S-M117-03,有害ごみ,TRUE,CATEGORY_SUPPORTED_CONDITION_REVIEW_REQUIRED,品目の直接記載は必須とせず、既存mappingを支えるCURRENT公式category ruleから判定。 collector_status=NO_ITEM_MATCH_IN_FETCHED_OFFICIAL_SOURCES
M117,I030,OFFICIAL_RULE_DERIVED,C-M117-10,有害ごみ,S-M117-03,有害ごみ,TRUE,CATEGORY_SUPPORTED_CONDITION_REVIEW_REQUIRED,品目の直接記載は必須とせず、既存mappingを支えるCURRENT公式category ruleから判定。 collector_status=NO_ITEM_MATCH_IN_FETCHED_OFFICIAL_SOURCES
M117,I031,UNRESOLVED,,,,,TRUE,UNRESOLVED,直接記載・公式rule由来mapping・一意な一般則categoryのいずれでも決定できない。 collector_status=NO_ITEM_MATCH_IN_FETCHED_OFFICIAL_SOURCES
M117,I032,UNRESOLVED,,,,,TRUE,UNRESOLVED,直接記載・公式rule由来mapping・一意な一般則categoryのいずれでも決定できない。 collector_status=NO_ITEM_MATCH_IN_FETCHED_OFFICIAL_SOURCES
M117,I033,UNRESOLVED,,,,,TRUE,UNRESOLVED,直接記載・公式rule由来mapping・一意な一般則categoryのいずれでも決定できない。 collector_status=NO_ITEM_MATCH_IN_FETCHED_OFFICIAL_SOURCES
M117,I034,OFFICIAL_RULE_DERIVED,C-M117-09,燃やせないごみ,S-M117-03,燃やせないごみ,TRUE,CATEGORY_SUPPORTED_CONDITION_REVIEW_REQUIRED,品目の直接記載は必須とせず、既存mappingを支えるCURRENT公式category ruleから判定。 collector_status=NO_ITEM_MATCH_IN_FETCHED_OFFICIAL_SOURCES
M117,I035,UNRESOLVED,,,,,TRUE,UNRESOLVED,直接記載・公式rule由来mapping・一意な一般則categoryのいずれでも決定できない。 collector_status=NO_ITEM_MATCH_IN_FETCHED_OFFICIAL_SOURCES
M117,I036,UNRESOLVED,,,,,TRUE,UNRESOLVED,直接記載・公式rule由来mapping・一意な一般則categoryのいずれでも決定できない。 collector_status=NO_ITEM_MATCH_IN_FETCHED_OFFICIAL_SOURCES
M117,I037,UNRESOLVED,,,,,TRUE,UNRESOLVED,直接記載・公式rule由来mapping・一意な一般則categoryのいずれでも決定できない。 collector_status=NO_ITEM_MATCH_IN_FETCHED_OFFICIAL_SOURCES
M117,I038,UNRESOLVED,,,,,TRUE,UNRESOLVED,直接記載・公式rule由来mapping・一意な一般則categoryのいずれでも決定できない。 collector_status=NO_ITEM_MATCH_IN_FETCHED_OFFICIAL_SOURCES
M117,I039,UNRESOLVED,,,,,TRUE,UNRESOLVED,直接記載・公式rule由来mapping・一意な一般則categoryのいずれでも決定できない。 collector_status=NO_ITEM_MATCH_IN_FETCHED_OFFICIAL_SOURCES
M117,I040,UNRESOLVED,,,,,TRUE,UNRESOLVED,直接記載・公式rule由来mapping・一意な一般則categoryのいずれでも決定できない。 collector_status=NO_ITEM_MATCH_IN_FETCHED_OFFICIAL_SOURCES
M118,I001,OFFICIAL_RULE_DERIVED,C-M118-07,ペットボトル,S-M118-01,ペットボトル,FALSE,CATEGORY_SUPPORTED,品目の直接記載は必須とせず、既存mappingを支えるCURRENT公式category ruleから判定。 collector_status=NO_ITEM_MATCH_IN_FETCHED_OFFICIAL_SOURCES
M118,I002,UNRESOLVED,,,,,TRUE,UNRESOLVED,直接記載・公式rule由来mapping・一意な一般則categoryのいずれでも決定できない。 collector_status=NO_ITEM_MATCH_IN_FETCHED_OFFICIAL_SOURCES
M118,I003,UNRESOLVED,,,,,TRUE,UNRESOLVED,直接記載・公式rule由来mapping・一意な一般則categoryのいずれでも決定できない。 collector_status=NO_ITEM_MATCH_IN_FETCHED_OFFICIAL_SOURCES
M118,I004,UNRESOLVED,,,,,FALSE,UNRESOLVED,直接記載・公式rule由来mapping・一意な一般則categoryのいずれでも決定できない。 collector_status=NO_ITEM_MATCH_IN_FETCHED_OFFICIAL_SOURCES
M118,I005,UNRESOLVED,,,,,FALSE,UNRESOLVED,直接記載・公式rule由来mapping・一意な一般則categoryのいずれでも決定できない。 collector_status=NO_ITEM_MATCH_IN_FETCHED_OFFICIAL_SOURCES
M118,I006,OFFICIAL_RULE_DERIVED,C-M118-06,びん・缶,S-M118-02,びん・缶,TRUE,CATEGORY_SUPPORTED_CONDITION_REVIEW_REQUIRED,品目の直接記載は必須とせず、既存mappingを支えるCURRENT公式category ruleから判定。 collector_status=NO_ITEM_MATCH_IN_FETCHED_OFFICIAL_SOURCES
M118,I007,UNRESOLVED,,,,,TRUE,UNRESOLVED,直接記載・公式rule由来mapping・一意な一般則categoryのいずれでも決定できない。 collector_status=NO_ITEM_MATCH_IN_FETCHED_OFFICIAL_SOURCES
M118,I008,UNRESOLVED,,,,,TRUE,UNRESOLVED,直接記載・公式rule由来mapping・一意な一般則categoryのいずれでも決定できない。 collector_status=NO_ITEM_MATCH_IN_FETCHED_OFFICIAL_SOURCES
M118,I009,GENERAL_RULE_DERIVED,C-M118-02,プラスチック製容器包装,S-M118-01,プラスチック製容器包装,TRUE,CATEGORY_SUPPORTED_CONDITION_REVIEW_REQUIRED,個別記載・既存mappingなし。一般的な材質/用途ルールと一意のCURRENT公式categoryが一致。 collector_status=NO_ITEM_MATCH_IN_FETCHED_OFFICIAL_SOURCES
M118,I010,GENERAL_RULE_DERIVED,C-M118-02,プラスチック製容器包装,S-M118-01,プラスチック製容器包装,TRUE,CATEGORY_SUPPORTED_CONDITION_REVIEW_REQUIRED,個別記載・既存mappingなし。一般的な材質/用途ルールと一意のCURRENT公式categoryが一致。 collector_status=NO_ITEM_MATCH_IN_FETCHED_OFFICIAL_SOURCES
M118,I011,GENERAL_RULE_DERIVED,C-M118-02,プラスチック製容器包装,S-M118-01,プラスチック製容器包装,TRUE,CATEGORY_SUPPORTED_CONDITION_REVIEW_REQUIRED,個別記載・既存mappingなし。一般的な材質/用途ルールと一意のCURRENT公式categoryが一致。 collector_status=NO_ITEM_MATCH_IN_FETCHED_OFFICIAL_SOURCES
M118,I012,GENERAL_RULE_DERIVED,C-M118-02,プラスチック製容器包装,S-M118-01,プラスチック製容器包装,TRUE,CATEGORY_SUPPORTED_CONDITION_REVIEW_REQUIRED,個別記載・既存mappingなし。一般的な材質/用途ルールと一意のCURRENT公式categoryが一致。 collector_status=NO_ITEM_MATCH_IN_FETCHED_OFFICIAL_SOURCES
M118,I013,OFFICIAL_RULE_DERIVED,C-M118-10,古紙（新聞）,S-M118-01,古紙（新聞）,FALSE,CATEGORY_SUPPORTED,品目の直接記載は必須とせず、既存mappingを支えるCURRENT公式category ruleから判定。 collector_status=NO_ITEM_MATCH_IN_FETCHED_OFFICIAL_SOURCES
M118,I014,OFFICIAL_RULE_DERIVED,C-M118-12,古紙（ダンボール）,S-M118-01,古紙（ダンボール）,FALSE,CATEGORY_SUPPORTED,品目の直接記載は必須とせず、既存mappingを支えるCURRENT公式category ruleから判定。 collector_status=NO_ITEM_MATCH_IN_FETCHED_OFFICIAL_SOURCES
M118,I015,OFFICIAL_RULE_DERIVED,C-M118-11,古紙（雑誌・雑がみ）,S-M118-01,古紙（雑誌・雑がみ）,FALSE,CATEGORY_SUPPORTED,品目の直接記載は必須とせず、既存mappingを支えるCURRENT公式category ruleから判定。 collector_status=NO_ITEM_MATCH_IN_FETCHED_OFFICIAL_SOURCES
M118,I016,UNRESOLVED,,,,,FALSE,UNRESOLVED,直接記載・公式rule由来mapping・一意な一般則categoryのいずれでも決定できない。 collector_status=NO_ITEM_MATCH_IN_FETCHED_OFFICIAL_SOURCES
M118,I017,UNRESOLVED,,,,,TRUE,UNRESOLVED,直接記載・公式rule由来mapping・一意な一般則categoryのいずれでも決定できない。 collector_status=NO_ITEM_MATCH_IN_FETCHED_OFFICIAL_SOURCES
M118,I018,OFFICIAL_RULE_DERIVED,C-M118-01,月・水・金の燃やせるごみ,S-M118-01,月・水・金の燃やせるごみ,FALSE,CATEGORY_SUPPORTED,品目の直接記載は必須とせず、既存mappingを支えるCURRENT公式category ruleから判定。 collector_status=NO_ITEM_MATCH_IN_FETCHED_OFFICIAL_SOURCES
M118,I019,UNRESOLVED,,,,,FALSE,UNRESOLVED,直接記載・公式rule由来mapping・一意な一般則categoryのいずれでも決定できない。 collector_status=NO_ITEM_MATCH_IN_FETCHED_OFFICIAL_SOURCES
M118,I020,UNRESOLVED,,,,,FALSE,UNRESOLVED,直接記載・公式rule由来mapping・一意な一般則categoryのいずれでも決定できない。 collector_status=NO_ITEM_MATCH_IN_FETCHED_OFFICIAL_SOURCES
M118,I021,UNRESOLVED,,,,,FALSE,UNRESOLVED,直接記載・公式rule由来mapping・一意な一般則categoryのいずれでも決定できない。 collector_status=NO_ITEM_MATCH_IN_FETCHED_OFFICIAL_SOURCES
M118,I022,UNRESOLVED,,,,,TRUE,UNRESOLVED,直接記載・公式rule由来mapping・一意な一般則categoryのいずれでも決定できない。 collector_status=NO_ITEM_MATCH_IN_FETCHED_OFFICIAL_SOURCES
M118,I023,OFFICIAL_RULE_DERIVED,C-M118-03,燃やせないごみ,S-M118-01,燃やせないごみ,FALSE,CATEGORY_SUPPORTED,品目の直接記載は必須とせず、既存mappingを支えるCURRENT公式category ruleから判定。 collector_status=NO_ITEM_MATCH_IN_FETCHED_OFFICIAL_SOURCES
M118,I024,UNRESOLVED,,,,,FALSE,UNRESOLVED,直接記載・公式rule由来mapping・一意な一般則categoryのいずれでも決定できない。 collector_status=NO_ITEM_MATCH_IN_FETCHED_OFFICIAL_SOURCES
M118,I025,UNRESOLVED,,,,,TRUE,UNRESOLVED,直接記載・公式rule由来mapping・一意な一般則categoryのいずれでも決定できない。 collector_status=NO_ITEM_MATCH_IN_FETCHED_OFFICIAL_SOURCES
M118,I026,UNRESOLVED,,,,,TRUE,UNRESOLVED,直接記載・公式rule由来mapping・一意な一般則categoryのいずれでも決定できない。 collector_status=NO_ITEM_MATCH_IN_FETCHED_OFFICIAL_SOURCES
M118,I027,OFFICIAL_RULE_DERIVED,C-M118-05,危険ごみ,S-M118-01,危険ごみ,TRUE,CATEGORY_SUPPORTED_CONDITION_REVIEW_REQUIRED,品目の直接記載は必須とせず、既存mappingを支えるCURRENT公式category ruleから判定。 collector_status=NO_ITEM_MATCH_IN_FETCHED_OFFICIAL_SOURCES
M118,I028,UNRESOLVED,,,,,TRUE,UNRESOLVED,直接記載・公式rule由来mapping・一意な一般則categoryのいずれでも決定できない。 collector_status=NO_ITEM_MATCH_IN_FETCHED_OFFICIAL_SOURCES
M118,I029,OFFICIAL_RULE_DERIVED,C-M118-14,充電式電池,S-M118-03,充電式電池,TRUE,CATEGORY_SUPPORTED_CONDITION_REVIEW_REQUIRED,品目の直接記載は必須とせず、既存mappingを支えるCURRENT公式category ruleから判定。 collector_status=NO_ITEM_MATCH_IN_FETCHED_OFFICIAL_SOURCES
M118,I030,OFFICIAL_RULE_DERIVED,C-M118-05,危険ごみ,S-M118-01,危険ごみ,TRUE,CATEGORY_SUPPORTED_CONDITION_REVIEW_REQUIRED,品目の直接記載は必須とせず、既存mappingを支えるCURRENT公式category ruleから判定。 collector_status=NO_ITEM_MATCH_IN_FETCHED_OFFICIAL_SOURCES
M118,I031,UNRESOLVED,,,,,TRUE,UNRESOLVED,直接記載・公式rule由来mapping・一意な一般則categoryのいずれでも決定できない。 collector_status=NO_ITEM_MATCH_IN_FETCHED_OFFICIAL_SOURCES
M118,I032,OFFICIAL_RULE_DERIVED,C-M118-06,びん・缶,S-M118-02,びん・缶,TRUE,CATEGORY_SUPPORTED_CONDITION_REVIEW_REQUIRED,品目の直接記載は必須とせず、既存mappingを支えるCURRENT公式category ruleから判定。 collector_status=NO_ITEM_MATCH_IN_FETCHED_OFFICIAL_SOURCES
M118,I033,UNRESOLVED,,,,,TRUE,UNRESOLVED,直接記載・公式rule由来mapping・一意な一般則categoryのいずれでも決定できない。 collector_status=NO_ITEM_MATCH_IN_FETCHED_OFFICIAL_SOURCES
M118,I034,UNRESOLVED,,,,,TRUE,UNRESOLVED,直接記載・公式rule由来mapping・一意な一般則categoryのいずれでも決定できない。 collector_status=NO_ITEM_MATCH_IN_FETCHED_OFFICIAL_SOURCES
M118,I035,UNRESOLVED,,,,,TRUE,UNRESOLVED,直接記載・公式rule由来mapping・一意な一般則categoryのいずれでも決定できない。 collector_status=NO_ITEM_MATCH_IN_FETCHED_OFFICIAL_SOURCES
M118,I036,UNRESOLVED,,,,,TRUE,UNRESOLVED,直接記載・公式rule由来mapping・一意な一般則categoryのいずれでも決定できない。 collector_status=NO_ITEM_MATCH_IN_FETCHED_OFFICIAL_SOURCES
M118,I037,UNRESOLVED,,,,,TRUE,UNRESOLVED,直接記載・公式rule由来mapping・一意な一般則categoryのいずれでも決定できない。 collector_status=NO_ITEM_MATCH_IN_FETCHED_OFFICIAL_SOURCES
M118,I038,UNRESOLVED,,,,,TRUE,UNRESOLVED,直接記載・公式rule由来mapping・一意な一般則categoryのいずれでも決定できない。 collector_status=NO_ITEM_MATCH_IN_FETCHED_OFFICIAL_SOURCES
M118,I039,UNRESOLVED,,,,,TRUE,UNRESOLVED,直接記載・公式rule由来mapping・一意な一般則categoryのいずれでも決定できない。 collector_status=NO_ITEM_MATCH_IN_FETCHED_OFFICIAL_SOURCES
M118,I040,OFFICIAL_RULE_DERIVED,C-M118-04,月1回収集の燃やせるごみ,S-M118-01,月1回収集の燃やせるごみ,TRUE,CATEGORY_SUPPORTED_CONDITION_REVIEW_REQUIRED,品目の直接記載は必須とせず、既存mappingを支えるCURRENT公式category ruleから判定。 collector_status=NO_ITEM_MATCH_IN_FETCHED_OFFICIAL_SOURCES
M119,I001,OFFICIAL_RULE_DERIVED,C-M119-07,ペットボトル,S-M119-06,ペットボトル,FALSE,CATEGORY_SUPPORTED,品目の直接記載は必須とせず、既存mappingを支えるCURRENT公式category ruleから判定。 collector_status=NO_ITEM_MATCH_IN_FETCHED_OFFICIAL_SOURCES
M119,I002,UNRESOLVED,,,,,TRUE,UNRESOLVED,直接記載・公式rule由来mapping・一意な一般則categoryのいずれでも決定できない。 collector_status=NO_ITEM_MATCH_IN_FETCHED_OFFICIAL_SOURCES
M119,I003,UNRESOLVED,,,,,TRUE,UNRESOLVED,直接記載・公式rule由来mapping・一意な一般則categoryのいずれでも決定できない。 collector_status=NO_ITEM_MATCH_IN_FETCHED_OFFICIAL_SOURCES
M119,I004,UNRESOLVED,,,,,FALSE,UNRESOLVED,直接記載・公式rule由来mapping・一意な一般則categoryのいずれでも決定できない。 collector_status=NO_ITEM_MATCH_IN_FETCHED_OFFICIAL_SOURCES
M119,I005,UNRESOLVED,,,,,FALSE,UNRESOLVED,直接記載・公式rule由来mapping・一意な一般則categoryのいずれでも決定できない。 collector_status=NO_ITEM_MATCH_IN_FETCHED_OFFICIAL_SOURCES
M119,I006,OFFICIAL_RULE_DERIVED,C-M119-09,びん,S-M119-06,びん,TRUE,CATEGORY_SUPPORTED_CONDITION_REVIEW_REQUIRED,品目の直接記載は必須とせず、既存mappingを支えるCURRENT公式category ruleから判定。 collector_status=NO_ITEM_MATCH_IN_FETCHED_OFFICIAL_SOURCES
M119,I007,UNRESOLVED,,,,,TRUE,UNRESOLVED,直接記載・公式rule由来mapping・一意な一般則categoryのいずれでも決定できない。 collector_status=NO_ITEM_MATCH_IN_FETCHED_OFFICIAL_SOURCES
M119,I008,UNRESOLVED,,,,,TRUE,UNRESOLVED,直接記載・公式rule由来mapping・一意な一般則categoryのいずれでも決定できない。 collector_status=NO_ITEM_MATCH_IN_FETCHED_OFFICIAL_SOURCES
M119,I009,GENERAL_RULE_DERIVED,C-M119-08,プラスチック製容器包装,S-M119-06,プラスチック製容器包装,TRUE,CATEGORY_SUPPORTED_CONDITION_REVIEW_REQUIRED,個別記載・既存mappingなし。一般的な材質/用途ルールと一意のCURRENT公式categoryが一致。 collector_status=NO_ITEM_MATCH_IN_FETCHED_OFFICIAL_SOURCES
M119,I010,GENERAL_RULE_DERIVED,C-M119-08,プラスチック製容器包装,S-M119-06,プラスチック製容器包装,TRUE,CATEGORY_SUPPORTED_CONDITION_REVIEW_REQUIRED,個別記載・既存mappingなし。一般的な材質/用途ルールと一意のCURRENT公式categoryが一致。 collector_status=NO_ITEM_MATCH_IN_FETCHED_OFFICIAL_SOURCES
M119,I011,GENERAL_RULE_DERIVED,C-M119-08,プラスチック製容器包装,S-M119-06,プラスチック製容器包装,TRUE,CATEGORY_SUPPORTED_CONDITION_REVIEW_REQUIRED,個別記載・既存mappingなし。一般的な材質/用途ルールと一意のCURRENT公式categoryが一致。 collector_status=NO_ITEM_MATCH_IN_FETCHED_OFFICIAL_SOURCES
M119,I012,GENERAL_RULE_DERIVED,C-M119-08,プラスチック製容器包装,S-M119-06,プラスチック製容器包装,TRUE,CATEGORY_SUPPORTED_CONDITION_REVIEW_REQUIRED,個別記載・既存mappingなし。一般的な材質/用途ルールと一意のCURRENT公式categoryが一致。 collector_status=NO_ITEM_MATCH_IN_FETCHED_OFFICIAL_SOURCES
M119,I013,OFFICIAL_RULE_DERIVED,C-M119-03,新聞,S-M119-02,新聞,FALSE,CATEGORY_SUPPORTED,品目の直接記載は必須とせず、既存mappingを支えるCURRENT公式category ruleから判定。 collector_status=NO_ITEM_MATCH_IN_FETCHED_OFFICIAL_SOURCES
M119,I014,OFFICIAL_RULE_DERIVED,C-M119-04,ダンボール,S-M119-02,ダンボール,FALSE,CATEGORY_SUPPORTED,品目の直接記載は必須とせず、既存mappingを支えるCURRENT公式category ruleから判定。 collector_status=NO_ITEM_MATCH_IN_FETCHED_OFFICIAL_SOURCES
M119,I015,UNRESOLVED,,,,,FALSE,UNRESOLVED,直接記載・公式rule由来mapping・一意な一般則categoryのいずれでも決定できない。 collector_status=NO_ITEM_MATCH_IN_FETCHED_OFFICIAL_SOURCES
M119,I016,UNRESOLVED,,,,,FALSE,UNRESOLVED,直接記載・公式rule由来mapping・一意な一般則categoryのいずれでも決定できない。 collector_status=NO_ITEM_MATCH_IN_FETCHED_OFFICIAL_SOURCES
M119,I017,OFFICIAL_RULE_DERIVED,C-M119-05,紙パック,S-M119-02,紙パック,TRUE,CATEGORY_SUPPORTED_CONDITION_REVIEW_REQUIRED,品目の直接記載は必須とせず、既存mappingを支えるCURRENT公式category ruleから判定。 collector_status=NO_ITEM_MATCH_IN_FETCHED_OFFICIAL_SOURCES
M119,I018,OFFICIAL_RULE_DERIVED,C-M119-14,燃やせるごみ,S-M119-06,燃やせるごみ,FALSE,CATEGORY_SUPPORTED,品目の直接記載は必須とせず、既存mappingを支えるCURRENT公式category ruleから判定。 collector_status=NO_ITEM_MATCH_IN_FETCHED_OFFICIAL_SOURCES
M119,I019,UNRESOLVED,,,,,FALSE,UNRESOLVED,直接記載・公式rule由来mapping・一意な一般則categoryのいずれでも決定できない。 collector_status=NO_ITEM_MATCH_IN_FETCHED_OFFICIAL_SOURCES
M119,I020,UNRESOLVED,,,,,FALSE,UNRESOLVED,直接記載・公式rule由来mapping・一意な一般則categoryのいずれでも決定できない。 collector_status=NO_ITEM_MATCH_IN_FETCHED_OFFICIAL_SOURCES
M119,I021,UNRESOLVED,,,,,FALSE,UNRESOLVED,直接記載・公式rule由来mapping・一意な一般則categoryのいずれでも決定できない。 collector_status=NO_ITEM_MATCH_IN_FETCHED_OFFICIAL_SOURCES
M119,I022,UNRESOLVED,,,,,TRUE,UNRESOLVED,直接記載・公式rule由来mapping・一意な一般則categoryのいずれでも決定できない。 collector_status=NO_ITEM_MATCH_IN_FETCHED_OFFICIAL_SOURCES
M119,I023,OFFICIAL_RULE_DERIVED,C-M119-15,燃やせないごみ,S-M119-06,燃やせないごみ,FALSE,CATEGORY_SUPPORTED,品目の直接記載は必須とせず、既存mappingを支えるCURRENT公式category ruleから判定。 collector_status=NO_ITEM_MATCH_IN_FETCHED_OFFICIAL_SOURCES
M119,I024,UNRESOLVED,,,,,FALSE,UNRESOLVED,直接記載・公式rule由来mapping・一意な一般則categoryのいずれでも決定できない。 collector_status=NO_ITEM_MATCH_IN_FETCHED_OFFICIAL_SOURCES
M119,I025,UNRESOLVED,,,,,TRUE,UNRESOLVED,直接記載・公式rule由来mapping・一意な一般則categoryのいずれでも決定できない。 collector_status=NO_ITEM_MATCH_IN_FETCHED_OFFICIAL_SOURCES
M119,I026,UNRESOLVED,,,,,TRUE,UNRESOLVED,直接記載・公式rule由来mapping・一意な一般則categoryのいずれでも決定できない。 collector_status=NO_ITEM_MATCH_IN_FETCHED_OFFICIAL_SOURCES
M119,I027,OFFICIAL_RULE_DERIVED,C-M119-12,有害ごみ(1),S-M119-04,有害ごみ(1),TRUE,CATEGORY_SUPPORTED_CONDITION_REVIEW_REQUIRED,品目の直接記載は必須とせず、既存mappingを支えるCURRENT公式category ruleから判定。 collector_status=NO_ITEM_MATCH_IN_FETCHED_OFFICIAL_SOURCES
M119,I028,OFFICIAL_RULE_DERIVED,C-M119-13,有害ごみ(2),S-M119-05,有害ごみ(2),TRUE,CATEGORY_SUPPORTED_CONDITION_REVIEW_REQUIRED,品目の直接記載は必須とせず、既存mappingを支えるCURRENT公式category ruleから判定。 collector_status=NO_ITEM_MATCH_IN_FETCHED_OFFICIAL_SOURCES
M119,I029,OFFICIAL_RULE_DERIVED,C-M119-13,有害ごみ(2),S-M119-05,有害ごみ(2),TRUE,CATEGORY_SUPPORTED_CONDITION_REVIEW_REQUIRED,品目の直接記載は必須とせず、既存mappingを支えるCURRENT公式category ruleから判定。 collector_status=NO_ITEM_MATCH_IN_FETCHED_OFFICIAL_SOURCES
M119,I030,OFFICIAL_RULE_DERIVED,C-M119-12,有害ごみ(1),S-M119-04,有害ごみ(1),TRUE,CATEGORY_SUPPORTED_CONDITION_REVIEW_REQUIRED,品目の直接記載は必須とせず、既存mappingを支えるCURRENT公式category ruleから判定。 collector_status=NO_ITEM_MATCH_IN_FETCHED_OFFICIAL_SOURCES
M119,I031,UNRESOLVED,,,,,TRUE,UNRESOLVED,直接記載・公式rule由来mapping・一意な一般則categoryのいずれでも決定できない。 collector_status=NO_ITEM_MATCH_IN_FETCHED_OFFICIAL_SOURCES
M119,I032,OFFICIAL_RULE_DERIVED,C-M119-12,有害ごみ(1),S-M119-04,有害ごみ(1),TRUE,CATEGORY_SUPPORTED_CONDITION_REVIEW_REQUIRED,品目の直接記載は必須とせず、既存mappingを支えるCURRENT公式category ruleから判定。 collector_status=NO_ITEM_MATCH_IN_FETCHED_OFFICIAL_SOURCES
M119,I033,UNRESOLVED,,,,,TRUE,UNRESOLVED,直接記載・公式rule由来mapping・一意な一般則categoryのいずれでも決定できない。 collector_status=NO_ITEM_MATCH_IN_FETCHED_OFFICIAL_SOURCES
M119,I034,OFFICIAL_RULE_DERIVED,C-M119-11,金属・小型家電製品,S-M119-03,金属・小型家電製品,TRUE,CATEGORY_SUPPORTED_CONDITION_REVIEW_REQUIRED,品目の直接記載は必須とせず、既存mappingを支えるCURRENT公式category ruleから判定。 collector_status=NO_ITEM_MATCH_IN_FETCHED_OFFICIAL_SOURCES
M119,I035,UNRESOLVED,,,,,TRUE,UNRESOLVED,直接記載・公式rule由来mapping・一意な一般則categoryのいずれでも決定できない。 collector_status=NO_ITEM_MATCH_IN_FETCHED_OFFICIAL_SOURCES
M119,I036,UNRESOLVED,,,,,TRUE,UNRESOLVED,直接記載・公式rule由来mapping・一意な一般則categoryのいずれでも決定できない。 collector_status=NO_ITEM_MATCH_IN_FETCHED_OFFICIAL_SOURCES
M119,I037,UNRESOLVED,,,,,TRUE,UNRESOLVED,直接記載・公式rule由来mapping・一意な一般則categoryのいずれでも決定できない。 collector_status=NO_ITEM_MATCH_IN_FETCHED_OFFICIAL_SOURCES
M119,I038,UNRESOLVED,,,,,TRUE,UNRESOLVED,直接記載・公式rule由来mapping・一意な一般則categoryのいずれでも決定できない。 collector_status=NO_ITEM_MATCH_IN_FETCHED_OFFICIAL_SOURCES
M119,I039,UNRESOLVED,,,,,TRUE,UNRESOLVED,直接記載・公式rule由来mapping・一意な一般則categoryのいずれでも決定できない。 collector_status=NO_ITEM_MATCH_IN_FETCHED_OFFICIAL_SOURCES
M119,I040,UNRESOLVED,,,,,TRUE,UNRESOLVED,直接記載・公式rule由来mapping・一意な一般則categoryのいずれでも決定できない。 collector_status=NO_ITEM_MATCH_IN_FETCHED_OFFICIAL_SOURCES
M121,I001,OFFICIAL_RULE_DERIVED,C-M121-07,ペットボトル,S-M121-02,ペットボトル,FALSE,CATEGORY_SUPPORTED,品目の直接記載は必須とせず、既存mappingを支えるCURRENT公式category ruleから判定。 collector_status=NO_ITEM_MATCH_IN_FETCHED_OFFICIAL_SOURCES
M121,I002,UNRESOLVED,,,,,TRUE,UNRESOLVED,直接記載・公式rule由来mapping・一意な一般則categoryのいずれでも決定できない。 collector_status=NO_ITEM_MATCH_IN_FETCHED_OFFICIAL_SOURCES
M121,I003,UNRESOLVED,,,,,TRUE,UNRESOLVED,直接記載・公式rule由来mapping・一意な一般則categoryのいずれでも決定できない。 collector_status=NO_ITEM_MATCH_IN_FETCHED_OFFICIAL_SOURCES
M121,I004,UNRESOLVED,,,,,FALSE,UNRESOLVED,直接記載・公式rule由来mapping・一意な一般則categoryのいずれでも決定できない。 collector_status=NO_ITEM_MATCH_IN_FETCHED_OFFICIAL_SOURCES
M121,I005,UNRESOLVED,,,,,FALSE,UNRESOLVED,直接記載・公式rule由来mapping・一意な一般則categoryのいずれでも決定できない。 collector_status=NO_ITEM_MATCH_IN_FETCHED_OFFICIAL_SOURCES
M121,I006,OFFICIAL_RULE_DERIVED,C-M121-09,びん類,S-M121-02,びん類,TRUE,CATEGORY_SUPPORTED_CONDITION_REVIEW_REQUIRED,品目の直接記載は必須とせず、既存mappingを支えるCURRENT公式category ruleから判定。 collector_status=NO_ITEM_MATCH_IN_FETCHED_OFFICIAL_SOURCES
M121,I007,UNRESOLVED,,,,,TRUE,UNRESOLVED,直接記載・公式rule由来mapping・一意な一般則categoryのいずれでも決定できない。 collector_status=NO_ITEM_MATCH_IN_FETCHED_OFFICIAL_SOURCES
M121,I008,UNRESOLVED,,,,,TRUE,UNRESOLVED,直接記載・公式rule由来mapping・一意な一般則categoryのいずれでも決定できない。 collector_status=NO_ITEM_MATCH_IN_FETCHED_OFFICIAL_SOURCES
M121,I009,GENERAL_RULE_DERIVED,C-M121-03,プラスチック製容器包装,S-M121-02,プラスチック製容器包装,TRUE,CATEGORY_SUPPORTED_CONDITION_REVIEW_REQUIRED,個別記載・既存mappingなし。一般的な材質/用途ルールと一意のCURRENT公式categoryが一致。 collector_status=NO_ITEM_MATCH_IN_FETCHED_OFFICIAL_SOURCES
M121,I010,GENERAL_RULE_DERIVED,C-M121-03,プラスチック製容器包装,S-M121-02,プラスチック製容器包装,TRUE,CATEGORY_SUPPORTED_CONDITION_REVIEW_REQUIRED,個別記載・既存mappingなし。一般的な材質/用途ルールと一意のCURRENT公式categoryが一致。 collector_status=NO_ITEM_MATCH_IN_FETCHED_OFFICIAL_SOURCES
M121,I011,GENERAL_RULE_DERIVED,C-M121-03,プラスチック製容器包装,S-M121-02,プラスチック製容器包装,TRUE,CATEGORY_SUPPORTED_CONDITION_REVIEW_REQUIRED,個別記載・既存mappingなし。一般的な材質/用途ルールと一意のCURRENT公式categoryが一致。 collector_status=NO_ITEM_MATCH_IN_FETCHED_OFFICIAL_SOURCES
M121,I012,GENERAL_RULE_DERIVED,C-M121-03,プラスチック製容器包装,S-M121-02,プラスチック製容器包装,TRUE,CATEGORY_SUPPORTED_CONDITION_REVIEW_REQUIRED,個別記載・既存mappingなし。一般的な材質/用途ルールと一意のCURRENT公式categoryが一致。 collector_status=NO_ITEM_MATCH_IN_FETCHED_OFFICIAL_SOURCES
M121,I013,UNRESOLVED,,,,,FALSE,UNRESOLVED,直接記載・公式rule由来mapping・一意な一般則categoryのいずれでも決定できない。 collector_status=NO_ITEM_MATCH_IN_FETCHED_OFFICIAL_SOURCES
M121,I014,UNRESOLVED,,,,,FALSE,UNRESOLVED,直接記載・公式rule由来mapping・一意な一般則categoryのいずれでも決定できない。 collector_status=NO_ITEM_MATCH_IN_FETCHED_OFFICIAL_SOURCES
M121,I015,UNRESOLVED,,,,,FALSE,UNRESOLVED,直接記載・公式rule由来mapping・一意な一般則categoryのいずれでも決定できない。 collector_status=NO_ITEM_MATCH_IN_FETCHED_OFFICIAL_SOURCES
M121,I016,UNRESOLVED,,,,,FALSE,UNRESOLVED,直接記載・公式rule由来mapping・一意な一般則categoryのいずれでも決定できない。 collector_status=NO_ITEM_MATCH_IN_FETCHED_OFFICIAL_SOURCES
M121,I017,OFFICIAL_RULE_DERIVED,C-M121-05,紙パック,S-M121-02,紙パック,TRUE,CATEGORY_SUPPORTED_CONDITION_REVIEW_REQUIRED,品目の直接記載は必須とせず、既存mappingを支えるCURRENT公式category ruleから判定。 collector_status=NO_ITEM_MATCH_IN_FETCHED_OFFICIAL_SOURCES
M121,I018,OFFICIAL_RULE_DERIVED,C-M121-01,燃やせるごみ（可燃ごみ）,S-M121-03,燃やせるごみ（可燃ごみ）,FALSE,CATEGORY_SUPPORTED,品目の直接記載は必須とせず、既存mappingを支えるCURRENT公式category ruleから判定。 collector_status=NO_ITEM_MATCH_IN_FETCHED_OFFICIAL_SOURCES
M121,I019,GENERAL_RULE_DERIVED,C-M121-01,燃やせるごみ（可燃ごみ）,S-M121-03,燃やせるごみ（可燃ごみ）,FALSE,CATEGORY_SUPPORTED,個別記載・既存mappingなし。一般的な材質/用途ルールと一意のCURRENT公式categoryが一致。 collector_status=NO_ITEM_MATCH_IN_FETCHED_OFFICIAL_SOURCES
M121,I020,GENERAL_RULE_DERIVED,C-M121-01,燃やせるごみ（可燃ごみ）,S-M121-03,燃やせるごみ（可燃ごみ）,FALSE,CATEGORY_SUPPORTED,個別記載・既存mappingなし。一般的な材質/用途ルールと一意のCURRENT公式categoryが一致。 collector_status=NO_ITEM_MATCH_IN_FETCHED_OFFICIAL_SOURCES
M121,I021,UNRESOLVED,,,,,FALSE,UNRESOLVED,直接記載・公式rule由来mapping・一意な一般則categoryのいずれでも決定できない。 collector_status=NO_ITEM_MATCH_IN_FETCHED_OFFICIAL_SOURCES
M121,I022,UNRESOLVED,,,,,TRUE,UNRESOLVED,直接記載・公式rule由来mapping・一意な一般則categoryのいずれでも決定できない。 collector_status=NO_ITEM_MATCH_IN_FETCHED_OFFICIAL_SOURCES
M121,I023,OFFICIAL_RULE_DERIVED,C-M121-16,陶磁器、ガラス類,S-M121-02,陶磁器、ガラス類,FALSE,CATEGORY_SUPPORTED,品目の直接記載は必須とせず、既存mappingを支えるCURRENT公式category ruleから判定。 collector_status=NO_ITEM_MATCH_IN_FETCHED_OFFICIAL_SOURCES
M121,I024,GENERAL_RULE_DERIVED,C-M121-17,燃やせないごみ（不燃ごみ）,S-M121-02,燃やせないごみ（不燃ごみ）,FALSE,CATEGORY_SUPPORTED,個別記載・既存mappingなし。一般的な材質/用途ルールと一意のCURRENT公式categoryが一致。 collector_status=NO_ITEM_MATCH_IN_FETCHED_OFFICIAL_SOURCES
M121,I025,UNRESOLVED,,,,,TRUE,UNRESOLVED,直接記載・公式rule由来mapping・一意な一般則categoryのいずれでも決定できない。 collector_status=NO_ITEM_MATCH_IN_FETCHED_OFFICIAL_SOURCES
M121,I026,UNRESOLVED,,,,,TRUE,UNRESOLVED,直接記載・公式rule由来mapping・一意な一般則categoryのいずれでも決定できない。 collector_status=NO_ITEM_MATCH_IN_FETCHED_OFFICIAL_SOURCES
M121,I027,OFFICIAL_RULE_DERIVED,C-M121-12,乾電池類,S-M121-02,乾電池類,TRUE,CATEGORY_SUPPORTED_CONDITION_REVIEW_REQUIRED,品目の直接記載は必須とせず、既存mappingを支えるCURRENT公式category ruleから判定。 collector_status=NO_ITEM_MATCH_IN_FETCHED_OFFICIAL_SOURCES
M121,I028,UNRESOLVED,,,,,TRUE,UNRESOLVED,直接記載・公式rule由来mapping・一意な一般則categoryのいずれでも決定できない。 collector_status=NO_ITEM_MATCH_IN_FETCHED_OFFICIAL_SOURCES
M121,I029,UNRESOLVED,,,,,TRUE,UNRESOLVED,直接記載・公式rule由来mapping・一意な一般則categoryのいずれでも決定できない。 collector_status=NO_ITEM_MATCH_IN_FETCHED_OFFICIAL_SOURCES
M121,I030,OFFICIAL_RULE_DERIVED,C-M121-14,蛍光管,S-M121-02,蛍光管,TRUE,CATEGORY_SUPPORTED_CONDITION_REVIEW_REQUIRED,品目の直接記載は必須とせず、既存mappingを支えるCURRENT公式category ruleから判定。 collector_status=NO_ITEM_MATCH_IN_FETCHED_OFFICIAL_SOURCES
M121,I031,UNRESOLVED,,,,,TRUE,UNRESOLVED,直接記載・公式rule由来mapping・一意な一般則categoryのいずれでも決定できない。 collector_status=NO_ITEM_MATCH_IN_FETCHED_OFFICIAL_SOURCES
M121,I032,OFFICIAL_RULE_DERIVED,C-M121-11,スプレー缶類,S-M121-02,スプレー缶類,TRUE,CATEGORY_SUPPORTED_CONDITION_REVIEW_REQUIRED,品目の直接記載は必須とせず、既存mappingを支えるCURRENT公式category ruleから判定。 collector_status=NO_ITEM_MATCH_IN_FETCHED_OFFICIAL_SOURCES
M121,I033,OFFICIAL_RULE_DERIVED,C-M121-15,ライター類,S-M121-02,ライター類,TRUE,CATEGORY_SUPPORTED_CONDITION_REVIEW_REQUIRED,品目の直接記載は必須とせず、既存mappingを支えるCURRENT公式category ruleから判定。 collector_status=NO_ITEM_MATCH_IN_FETCHED_OFFICIAL_SOURCES
M121,I034,OFFICIAL_RULE_DERIVED,C-M121-17,燃やせないごみ（不燃ごみ）,S-M121-02,燃やせないごみ（不燃ごみ）,TRUE,CATEGORY_SUPPORTED_CONDITION_REVIEW_REQUIRED,品目の直接記載は必須とせず、既存mappingを支えるCURRENT公式category ruleから判定。 collector_status=NO_ITEM_MATCH_IN_FETCHED_OFFICIAL_SOURCES
M121,I035,UNRESOLVED,,,,,TRUE,UNRESOLVED,直接記載・公式rule由来mapping・一意な一般則categoryのいずれでも決定できない。 collector_status=NO_ITEM_MATCH_IN_FETCHED_OFFICIAL_SOURCES
M121,I036,UNRESOLVED,,,,,TRUE,UNRESOLVED,直接記載・公式rule由来mapping・一意な一般則categoryのいずれでも決定できない。 collector_status=NO_ITEM_MATCH_IN_FETCHED_OFFICIAL_SOURCES
M121,I037,UNRESOLVED,,,,,TRUE,UNRESOLVED,直接記載・公式rule由来mapping・一意な一般則categoryのいずれでも決定できない。 collector_status=NO_ITEM_MATCH_IN_FETCHED_OFFICIAL_SOURCES
M121,I038,UNRESOLVED,,,,,TRUE,UNRESOLVED,直接記載・公式rule由来mapping・一意な一般則categoryのいずれでも決定できない。 collector_status=NO_ITEM_MATCH_IN_FETCHED_OFFICIAL_SOURCES
M121,I039,UNRESOLVED,,,,,TRUE,UNRESOLVED,直接記載・公式rule由来mapping・一意な一般則categoryのいずれでも決定できない。 collector_status=NO_ITEM_MATCH_IN_FETCHED_OFFICIAL_SOURCES
M121,I040,UNRESOLVED,,,,,TRUE,UNRESOLVED,直接記載・公式rule由来mapping・一意な一般則categoryのいずれでも決定できない。 collector_status=NO_ITEM_MATCH_IN_FETCHED_OFFICIAL_SOURCES
M122,I001,DIRECT_ITEM,C-M122-09,ペットボトル,S-M122-01,text-match:ペットボトル + ペットボトル,FALSE,CATEGORY_SUPPORTED,全既存branchで公式資料中の品目表記とcategoryの直接候補あり。 collector_status=ALL_EXISTING_BRANCHES_HAVE_DIRECT_CANDIDATE
M122,I002,UNRESOLVED,,,,,TRUE,UNRESOLVED,直接記載・公式rule由来mapping・一意な一般則categoryのいずれでも決定できない。 collector_status=AMBIGUOUS_CATEGORY_CANDIDATES
M122,I003,UNRESOLVED,,,,,TRUE,UNRESOLVED,直接記載・公式rule由来mapping・一意な一般則categoryのいずれでも決定できない。 collector_status=AMBIGUOUS_CATEGORY_CANDIDATES
M122,I004,UNRESOLVED,,,,,FALSE,UNRESOLVED,直接記載・公式rule由来mapping・一意な一般則categoryのいずれでも決定できない。 collector_status=NO_ITEM_MATCH_IN_FETCHED_OFFICIAL_SOURCES
M122,I005,UNRESOLVED,,,,,FALSE,UNRESOLVED,直接記載・公式rule由来mapping・一意な一般則categoryのいずれでも決定できない。 collector_status=NO_ITEM_MATCH_IN_FETCHED_OFFICIAL_SOURCES
M122,I006,OFFICIAL_RULE_DERIVED,C-M122-08,びん・かん類,S-M122-01,びん・かん類,TRUE,CATEGORY_SUPPORTED_CONDITION_REVIEW_REQUIRED,品目の直接記載は必須とせず、既存mappingを支えるCURRENT公式category ruleから判定。 collector_status=NO_ITEM_MATCH_IN_FETCHED_OFFICIAL_SOURCES
M122,I007,UNRESOLVED,,,,,TRUE,UNRESOLVED,直接記載・公式rule由来mapping・一意な一般則categoryのいずれでも決定できない。 collector_status=NO_ITEM_MATCH_IN_FETCHED_OFFICIAL_SOURCES
M122,I008,UNRESOLVED,,,,,TRUE,UNRESOLVED,直接記載・公式rule由来mapping・一意な一般則categoryのいずれでも決定できない。 collector_status=NO_ITEM_MATCH_IN_FETCHED_OFFICIAL_SOURCES
M122,I009,GENERAL_RULE_DERIVED,C-M122-12,プラスチック製容器包装,S-M122-01,プラスチック製容器包装,TRUE,CATEGORY_SUPPORTED_CONDITION_REVIEW_REQUIRED,個別記載・既存mappingなし。一般的な材質/用途ルールと一意のCURRENT公式categoryが一致。 collector_status=NO_ITEM_MATCH_IN_FETCHED_OFFICIAL_SOURCES
M122,I010,GENERAL_RULE_DERIVED,C-M122-12,プラスチック製容器包装,S-M122-01,プラスチック製容器包装,TRUE,CATEGORY_SUPPORTED_CONDITION_REVIEW_REQUIRED,個別記載・既存mappingなし。一般的な材質/用途ルールと一意のCURRENT公式categoryが一致。 collector_status=NO_ITEM_MATCH_IN_FETCHED_OFFICIAL_SOURCES
M122,I011,GENERAL_RULE_DERIVED,C-M122-12,プラスチック製容器包装,S-M122-01,プラスチック製容器包装,TRUE,CATEGORY_SUPPORTED_CONDITION_REVIEW_REQUIRED,個別記載・既存mappingなし。一般的な材質/用途ルールと一意のCURRENT公式categoryが一致。 collector_status=NO_ITEM_MATCH_IN_FETCHED_OFFICIAL_SOURCES
M122,I012,GENERAL_RULE_DERIVED,C-M122-12,プラスチック製容器包装,S-M122-01,プラスチック製容器包装,TRUE,CATEGORY_SUPPORTED_CONDITION_REVIEW_REQUIRED,個別記載・既存mappingなし。一般的な材質/用途ルールと一意のCURRENT公式categoryが一致。 collector_status=NO_ITEM_MATCH_IN_FETCHED_OFFICIAL_SOURCES
M122,I013,DIRECT_ITEM,C-M122-04,新聞紙,S-M122-01,text-match:新聞 + 新聞紙,FALSE,CATEGORY_SUPPORTED,全既存branchで公式資料中の品目表記とcategoryの直接候補あり。 collector_status=ALL_EXISTING_BRANCHES_HAVE_DIRECT_CANDIDATE
M122,I014,DIRECT_ITEM,C-M122-06,ダンボール,S-M122-01,text-match:ダンボール + ダンボール,FALSE,CATEGORY_SUPPORTED,全既存branchで公式資料中の品目表記とcategoryの直接候補あり。 collector_status=ALL_EXISTING_BRANCHES_HAVE_DIRECT_CANDIDATE
M122,I015,DIRECT_ITEM,C-M122-05,雑誌類・雑がみ,S-M122-01,text-match:雑誌 + 雑誌類・雑がみ,FALSE,CATEGORY_SUPPORTED,全既存branchで公式資料中の品目表記とcategoryの直接候補あり。 collector_status=ALL_EXISTING_BRANCHES_HAVE_DIRECT_CANDIDATE
M122,I016,UNRESOLVED,,,,,FALSE,UNRESOLVED,直接記載・公式rule由来mapping・一意な一般則categoryのいずれでも決定できない。 collector_status=AMBIGUOUS_CATEGORY_CANDIDATES
M122,I017,UNRESOLVED,,,,,TRUE,UNRESOLVED,直接記載・公式rule由来mapping・一意な一般則categoryのいずれでも決定できない。 collector_status=NO_ITEM_MATCH_IN_FETCHED_OFFICIAL_SOURCES
M122,I018,DIRECT_ITEM,C-M122-01,燃やす袋ごみ,S-M122-01,text-match:生ごみ + 燃やす袋ごみ,FALSE,CATEGORY_SUPPORTED,全既存branchで公式資料中の品目表記とcategoryの直接候補あり。 collector_status=ALL_EXISTING_BRANCHES_HAVE_DIRECT_CANDIDATE
M122,I019,UNRESOLVED,,,,,FALSE,UNRESOLVED,一般則候補categoryが複数(2)のため自動決定しない。 collector_status=NO_ITEM_MATCH_IN_FETCHED_OFFICIAL_SOURCES
M122,I020,UNRESOLVED,,,,,FALSE,UNRESOLVED,一般則候補categoryが複数(2)のため自動決定しない。 collector_status=NO_ITEM_MATCH_IN_FETCHED_OFFICIAL_SOURCES
M122,I021,DIRECT_ITEM,C-M122-07,衣類,S-M122-01,text-match:衣類 + 衣類,FALSE,CATEGORY_SUPPORTED,全既存branchで公式資料中の品目表記とcategoryの直接候補あり。 collector_status=ALL_EXISTING_BRANCHES_HAVE_DIRECT_CANDIDATE
M122,I022,UNRESOLVED,,,,,TRUE,UNRESOLVED,直接記載・公式rule由来mapping・一意な一般則categoryのいずれでも決定できない。 collector_status=NO_ITEM_MATCH_IN_FETCHED_OFFICIAL_SOURCES
M122,I023,DIRECT_ITEM,C-M122-16,埋立ごみ,S-M122-01,text-match:陶磁器 + 埋立ごみ,FALSE,CATEGORY_SUPPORTED,全既存branchで公式資料中の品目表記とcategoryの直接候補あり。 collector_status=ALL_EXISTING_BRANCHES_HAVE_DIRECT_CANDIDATE
M122,I024,GENERAL_RULE_DERIVED,C-M122-14,大型不燃ごみ,S-M122-01,大型不燃ごみ,FALSE,CATEGORY_SUPPORTED,個別記載・既存mappingなし。一般的な材質/用途ルールと一意のCURRENT公式categoryが一致。 collector_status=AMBIGUOUS_CATEGORY_CANDIDATES
M122,I025,UNRESOLVED,,,,,TRUE,UNRESOLVED,直接記載・公式rule由来mapping・一意な一般則categoryのいずれでも決定できない。 collector_status=NO_ITEM_MATCH_IN_FETCHED_OFFICIAL_SOURCES
M122,I026,UNRESOLVED,,,,,TRUE,UNRESOLVED,直接記載・公式rule由来mapping・一意な一般則categoryのいずれでも決定できない。 collector_status=NO_ITEM_MATCH_IN_FETCHED_OFFICIAL_SOURCES
M122,I027,DIRECT_ITEM,C-M122-15,有害ごみ,S-M122-01,text-match:乾電池 + 有害ごみ,TRUE,CATEGORY_SUPPORTED_CONDITION_REVIEW_REQUIRED,全既存branchで公式資料中の品目表記とcategoryの直接候補あり。 collector_status=ALL_EXISTING_BRANCHES_HAVE_DIRECT_CANDIDATE
M122,I028,UNRESOLVED,,,,,TRUE,UNRESOLVED,直接記載・公式rule由来mapping・一意な一般則categoryのいずれでも決定できない。 collector_status=NO_ITEM_MATCH_IN_FETCHED_OFFICIAL_SOURCES
M122,I029,UNRESOLVED,,,,,TRUE,UNRESOLVED,直接記載・公式rule由来mapping・一意な一般則categoryのいずれでも決定できない。 collector_status=NO_ITEM_MATCH_IN_FETCHED_OFFICIAL_SOURCES
M122,I030,DIRECT_ITEM,C-M122-15,有害ごみ,S-M122-01,text-match:蛍光管 + 有害ごみ,TRUE,CATEGORY_SUPPORTED_CONDITION_REVIEW_REQUIRED,全既存branchで公式資料中の品目表記とcategoryの直接候補あり。 collector_status=ALL_EXISTING_BRANCHES_HAVE_DIRECT_CANDIDATE
M122,I031,UNRESOLVED,,,,,TRUE,UNRESOLVED,直接記載・公式rule由来mapping・一意な一般則categoryのいずれでも決定できない。 collector_status=NO_ITEM_MATCH_IN_FETCHED_OFFICIAL_SOURCES
M122,I032,OFFICIAL_RULE_DERIVED,C-M122-10,金属類,S-M122-02,金属類,TRUE,CATEGORY_SUPPORTED_CONDITION_REVIEW_REQUIRED,品目の直接記載は必須とせず、既存mappingを支えるCURRENT公式category ruleから判定。 collector_status=NO_ITEM_MATCH_IN_FETCHED_OFFICIAL_SOURCES
M122,I033,UNRESOLVED,,,,,TRUE,UNRESOLVED,直接記載・公式rule由来mapping・一意な一般則categoryのいずれでも決定できない。 collector_status=AMBIGUOUS_CATEGORY_CANDIDATES
M122,I034,DIRECT_ITEM,C-M122-11,小型家電品,S-M122-01,text-match:小型家電 + 小型家電品,TRUE,CATEGORY_SUPPORTED_CONDITION_REVIEW_REQUIRED,全既存branchで公式資料中の品目表記とcategoryの直接候補あり。 collector_status=ALL_EXISTING_BRANCHES_HAVE_DIRECT_CANDIDATE
M122,I035,UNRESOLVED,,,,,TRUE,UNRESOLVED,直接記載・公式rule由来mapping・一意な一般則categoryのいずれでも決定できない。 collector_status=NO_ITEM_MATCH_IN_FETCHED_OFFICIAL_SOURCES
M122,I036,UNRESOLVED,,,,,TRUE,UNRESOLVED,直接記載・公式rule由来mapping・一意な一般則categoryのいずれでも決定できない。 collector_status=AMBIGUOUS_CATEGORY_CANDIDATES
M122,I037,UNRESOLVED,,,,,TRUE,UNRESOLVED,直接記載・公式rule由来mapping・一意な一般則categoryのいずれでも決定できない。 collector_status=NO_ITEM_MATCH_IN_FETCHED_OFFICIAL_SOURCES
M122,I038,UNRESOLVED,,,,,TRUE,UNRESOLVED,直接記載・公式rule由来mapping・一意な一般則categoryのいずれでも決定できない。 collector_status=AMBIGUOUS_CATEGORY_CANDIDATES
M122,I039,UNRESOLVED,,,,,TRUE,UNRESOLVED,直接記載・公式rule由来mapping・一意な一般則categoryのいずれでも決定できない。 collector_status=NO_ITEM_MATCH_IN_FETCHED_OFFICIAL_SOURCES
M122,I040,UNRESOLVED,,,,,TRUE,UNRESOLVED,直接記載・公式rule由来mapping・一意な一般則categoryのいずれでも決定できない。 collector_status=NO_ITEM_MATCH_IN_FETCHED_OFFICIAL_SOURCES
M124,I001,OFFICIAL_RULE_DERIVED,C-M124-10,ペットボトル,S-M124-03,ペットボトル,FALSE,CATEGORY_SUPPORTED,品目の直接記載は必須とせず、既存mappingを支えるCURRENT公式category ruleから判定。 collector_status=NO_ITEM_MATCH_IN_FETCHED_OFFICIAL_SOURCES
M124,I002,UNRESOLVED,,,,,TRUE,UNRESOLVED,直接記載・公式rule由来mapping・一意な一般則categoryのいずれでも決定できない。 collector_status=NO_ITEM_MATCH_IN_FETCHED_OFFICIAL_SOURCES
M124,I003,UNRESOLVED,,,,,TRUE,UNRESOLVED,直接記載・公式rule由来mapping・一意な一般則categoryのいずれでも決定できない。 collector_status=NO_ITEM_MATCH_IN_FETCHED_OFFICIAL_SOURCES
M124,I004,UNRESOLVED,,,,,FALSE,UNRESOLVED,直接記載・公式rule由来mapping・一意な一般則categoryのいずれでも決定できない。 collector_status=NO_ITEM_MATCH_IN_FETCHED_OFFICIAL_SOURCES
M124,I005,UNRESOLVED,,,,,FALSE,UNRESOLVED,直接記載・公式rule由来mapping・一意な一般則categoryのいずれでも決定できない。 collector_status=NO_ITEM_MATCH_IN_FETCHED_OFFICIAL_SOURCES
M124,I006,OFFICIAL_RULE_DERIVED,C-M124-08,びん・缶類,S-M124-03,びん・缶類,TRUE,CATEGORY_SUPPORTED_CONDITION_REVIEW_REQUIRED,品目の直接記載は必須とせず、既存mappingを支えるCURRENT公式category ruleから判定。 collector_status=NO_ITEM_MATCH_IN_FETCHED_OFFICIAL_SOURCES
M124,I007,UNRESOLVED,,,,,TRUE,UNRESOLVED,直接記載・公式rule由来mapping・一意な一般則categoryのいずれでも決定できない。 collector_status=NO_ITEM_MATCH_IN_FETCHED_OFFICIAL_SOURCES
M124,I008,UNRESOLVED,,,,,TRUE,UNRESOLVED,直接記載・公式rule由来mapping・一意な一般則categoryのいずれでも決定できない。 collector_status=NO_ITEM_MATCH_IN_FETCHED_OFFICIAL_SOURCES
M124,I009,UNRESOLVED,,,,,TRUE,UNRESOLVED,直接記載・公式rule由来mapping・一意な一般則categoryのいずれでも決定できない。 collector_status=NO_ITEM_MATCH_IN_FETCHED_OFFICIAL_SOURCES
M124,I010,UNRESOLVED,,,,,TRUE,UNRESOLVED,直接記載・公式rule由来mapping・一意な一般則categoryのいずれでも決定できない。 collector_status=NO_ITEM_MATCH_IN_FETCHED_OFFICIAL_SOURCES
M124,I011,UNRESOLVED,,,,,TRUE,UNRESOLVED,直接記載・公式rule由来mapping・一意な一般則categoryのいずれでも決定できない。 collector_status=NO_ITEM_MATCH_IN_FETCHED_OFFICIAL_SOURCES
M124,I012,UNRESOLVED,,,,,TRUE,UNRESOLVED,直接記載・公式rule由来mapping・一意な一般則categoryのいずれでも決定できない。 collector_status=NO_ITEM_MATCH_IN_FETCHED_OFFICIAL_SOURCES
M124,I013,OFFICIAL_RULE_DERIVED,C-M124-04,新聞類,S-M124-03,新聞類,FALSE,CATEGORY_SUPPORTED,品目の直接記載は必須とせず、既存mappingを支えるCURRENT公式category ruleから判定。 collector_status=NO_ITEM_MATCH_IN_FETCHED_OFFICIAL_SOURCES
M124,I014,OFFICIAL_RULE_DERIVED,C-M124-06,段ボール,S-M124-03,段ボール,FALSE,CATEGORY_SUPPORTED,品目の直接記載は必須とせず、既存mappingを支えるCURRENT公式category ruleから判定。 collector_status=NO_ITEM_MATCH_IN_FETCHED_OFFICIAL_SOURCES
M124,I015,OFFICIAL_RULE_DERIVED,C-M124-05,雑誌類・雑がみ,S-M124-03,雑誌類・雑がみ,FALSE,CATEGORY_SUPPORTED,品目の直接記載は必須とせず、既存mappingを支えるCURRENT公式category ruleから判定。 collector_status=NO_ITEM_MATCH_IN_FETCHED_OFFICIAL_SOURCES
M124,I016,UNRESOLVED,,,,,FALSE,UNRESOLVED,直接記載・公式rule由来mapping・一意な一般則categoryのいずれでも決定できない。 collector_status=NO_ITEM_MATCH_IN_FETCHED_OFFICIAL_SOURCES
M124,I017,UNRESOLVED,,,,,TRUE,UNRESOLVED,直接記載・公式rule由来mapping・一意な一般則categoryのいずれでも決定できない。 collector_status=NO_ITEM_MATCH_IN_FETCHED_OFFICIAL_SOURCES
M124,I018,OFFICIAL_RULE_DERIVED,C-M124-01,可燃ごみ,S-M124-02,可燃ごみ,FALSE,CATEGORY_SUPPORTED,品目の直接記載は必須とせず、既存mappingを支えるCURRENT公式category ruleから判定。 collector_status=NO_ITEM_MATCH_IN_FETCHED_OFFICIAL_SOURCES
M124,I019,UNRESOLVED,,,,,FALSE,UNRESOLVED,一般則候補categoryが複数(2)のため自動決定しない。 collector_status=NO_ITEM_MATCH_IN_FETCHED_OFFICIAL_SOURCES
M124,I020,UNRESOLVED,,,,,FALSE,UNRESOLVED,一般則候補categoryが複数(2)のため自動決定しない。 collector_status=NO_ITEM_MATCH_IN_FETCHED_OFFICIAL_SOURCES
M124,I021,OFFICIAL_RULE_DERIVED,C-M124-07,古布類,S-M124-03,古布類,FALSE,CATEGORY_SUPPORTED,品目の直接記載は必須とせず、既存mappingを支えるCURRENT公式category ruleから判定。 collector_status=NO_ITEM_MATCH_IN_FETCHED_OFFICIAL_SOURCES
M124,I022,UNRESOLVED,,,,,TRUE,UNRESOLVED,直接記載・公式rule由来mapping・一意な一般則categoryのいずれでも決定できない。 collector_status=NO_ITEM_MATCH_IN_FETCHED_OFFICIAL_SOURCES
M124,I023,OFFICIAL_RULE_DERIVED,C-M124-15,陶磁器・ガラス・ゴム類,S-M124-03,陶磁器・ガラス・ゴム類,FALSE,CATEGORY_SUPPORTED,品目の直接記載は必須とせず、既存mappingを支えるCURRENT公式category ruleから判定。 collector_status=NO_ITEM_MATCH_IN_FETCHED_OFFICIAL_SOURCES
M124,I024,UNRESOLVED,,,,,FALSE,UNRESOLVED,直接記載・公式rule由来mapping・一意な一般則categoryのいずれでも決定できない。 collector_status=NO_ITEM_MATCH_IN_FETCHED_OFFICIAL_SOURCES
M124,I025,UNRESOLVED,,,,,TRUE,UNRESOLVED,直接記載・公式rule由来mapping・一意な一般則categoryのいずれでも決定できない。 collector_status=NO_ITEM_MATCH_IN_FETCHED_OFFICIAL_SOURCES
M124,I026,UNRESOLVED,,,,,TRUE,UNRESOLVED,直接記載・公式rule由来mapping・一意な一般則categoryのいずれでも決定できない。 collector_status=NO_ITEM_MATCH_IN_FETCHED_OFFICIAL_SOURCES
M124,I027,OFFICIAL_RULE_DERIVED,C-M124-14,有害ごみ,S-M124-03,有害ごみ,TRUE,CATEGORY_SUPPORTED_CONDITION_REVIEW_REQUIRED,品目の直接記載は必須とせず、既存mappingを支えるCURRENT公式category ruleから判定。 collector_status=NO_ITEM_MATCH_IN_FETCHED_OFFICIAL_SOURCES
M124,I028,UNRESOLVED,,,,,TRUE,UNRESOLVED,直接記載・公式rule由来mapping・一意な一般則categoryのいずれでも決定できない。 collector_status=NO_ITEM_MATCH_IN_FETCHED_OFFICIAL_SOURCES
M124,I029,UNRESOLVED,,,,,TRUE,UNRESOLVED,直接記載・公式rule由来mapping・一意な一般則categoryのいずれでも決定できない。 collector_status=NO_ITEM_MATCH_IN_FETCHED_OFFICIAL_SOURCES
M124,I030,OFFICIAL_RULE_DERIVED,C-M124-14,有害ごみ,S-M124-03,有害ごみ,TRUE,CATEGORY_SUPPORTED_CONDITION_REVIEW_REQUIRED,品目の直接記載は必須とせず、既存mappingを支えるCURRENT公式category ruleから判定。 collector_status=NO_ITEM_MATCH_IN_FETCHED_OFFICIAL_SOURCES
M124,I031,UNRESOLVED,,,,,TRUE,UNRESOLVED,直接記載・公式rule由来mapping・一意な一般則categoryのいずれでも決定できない。 collector_status=NO_ITEM_MATCH_IN_FETCHED_OFFICIAL_SOURCES
M124,I032,OFFICIAL_RULE_DERIVED,C-M124-09,金属類,S-M124-04,金属類,TRUE,CATEGORY_SUPPORTED_CONDITION_REVIEW_REQUIRED,品目の直接記載は必須とせず、既存mappingを支えるCURRENT公式category ruleから判定。 collector_status=NO_ITEM_MATCH_IN_FETCHED_OFFICIAL_SOURCES
M124,I033,UNRESOLVED,,,,,TRUE,UNRESOLVED,直接記載・公式rule由来mapping・一意な一般則categoryのいずれでも決定できない。 collector_status=NO_ITEM_MATCH_IN_FETCHED_OFFICIAL_SOURCES
M124,I034,OFFICIAL_RULE_DERIVED,C-M124-11,小型家電製品,S-M124-03,小型家電製品,TRUE,CATEGORY_SUPPORTED_CONDITION_REVIEW_REQUIRED,品目の直接記載は必須とせず、既存mappingを支えるCURRENT公式category ruleから判定。 collector_status=NO_ITEM_MATCH_IN_FETCHED_OFFICIAL_SOURCES
M124,I035,UNRESOLVED,,,,,TRUE,UNRESOLVED,直接記載・公式rule由来mapping・一意な一般則categoryのいずれでも決定できない。 collector_status=NO_ITEM_MATCH_IN_FETCHED_OFFICIAL_SOURCES
M124,I036,UNRESOLVED,,,,,TRUE,UNRESOLVED,直接記載・公式rule由来mapping・一意な一般則categoryのいずれでも決定できない。 collector_status=NO_ITEM_MATCH_IN_FETCHED_OFFICIAL_SOURCES
M124,I037,UNRESOLVED,,,,,TRUE,UNRESOLVED,直接記載・公式rule由来mapping・一意な一般則categoryのいずれでも決定できない。 collector_status=NO_ITEM_MATCH_IN_FETCHED_OFFICIAL_SOURCES
M124,I038,UNRESOLVED,,,,,TRUE,UNRESOLVED,直接記載・公式rule由来mapping・一意な一般則categoryのいずれでも決定できない。 collector_status=NO_ITEM_MATCH_IN_FETCHED_OFFICIAL_SOURCES
M124,I039,UNRESOLVED,,,,,TRUE,UNRESOLVED,直接記載・公式rule由来mapping・一意な一般則categoryのいずれでも決定できない。 collector_status=NO_ITEM_MATCH_IN_FETCHED_OFFICIAL_SOURCES
M124,I040,UNRESOLVED,,,,,TRUE,UNRESOLVED,直接記載・公式rule由来mapping・一意な一般則categoryのいずれでも決定できない。 collector_status=NO_ITEM_MATCH_IN_FETCHED_OFFICIAL_SOURCES
M125,I001,DIRECT_ITEM,C-M125-15,ペットボトル,S-M125-03,text-match:ペットボトル + ペットボトル,FALSE,CATEGORY_SUPPORTED,全既存branchで公式資料中の品目表記とcategoryの直接候補あり。 collector_status=ALL_EXISTING_BRANCHES_HAVE_DIRECT_CANDIDATE
M125,I002,UNRESOLVED,,,,,TRUE,UNRESOLVED,直接記載・公式rule由来mapping・一意な一般則categoryのいずれでも決定できない。 collector_status=NO_ITEM_MATCH_IN_FETCHED_OFFICIAL_SOURCES
M125,I003,UNRESOLVED,,,,,TRUE,UNRESOLVED,直接記載・公式rule由来mapping・一意な一般則categoryのいずれでも決定できない。 collector_status=NO_ITEM_MATCH_IN_FETCHED_OFFICIAL_SOURCES
M125,I004,UNRESOLVED,,,,,FALSE,UNRESOLVED,直接記載・公式rule由来mapping・一意な一般則categoryのいずれでも決定できない。 collector_status=AMBIGUOUS_CATEGORY_CANDIDATES
M125,I005,UNRESOLVED,,,,,FALSE,UNRESOLVED,直接記載・公式rule由来mapping・一意な一般則categoryのいずれでも決定できない。 collector_status=AMBIGUOUS_CATEGORY_CANDIDATES
M125,I006,UNRESOLVED,,,,,TRUE,UNRESOLVED,直接記載・公式rule由来mapping・一意な一般則categoryのいずれでも決定できない。 collector_status=NO_ITEM_MATCH_IN_FETCHED_OFFICIAL_SOURCES
M125,I007,UNRESOLVED,,,,,TRUE,UNRESOLVED,直接記載・公式rule由来mapping・一意な一般則categoryのいずれでも決定できない。 collector_status=NO_ITEM_MATCH_IN_FETCHED_OFFICIAL_SOURCES
M125,I008,UNRESOLVED,,,,,TRUE,UNRESOLVED,直接記載・公式rule由来mapping・一意な一般則categoryのいずれでも決定できない。 collector_status=NO_ITEM_MATCH_IN_FETCHED_OFFICIAL_SOURCES
M125,I009,GENERAL_RULE_DERIVED,C-M125-09,プラスチック製容器包装類,S-M125-02,プラスチック製容器包装類,TRUE,CATEGORY_SUPPORTED_CONDITION_REVIEW_REQUIRED,個別記載・既存mappingなし。一般的な材質/用途ルールと一意のCURRENT公式categoryが一致。 collector_status=AMBIGUOUS_CATEGORY_CANDIDATES
M125,I010,GENERAL_RULE_DERIVED,C-M125-09,プラスチック製容器包装類,S-M125-02,プラスチック製容器包装類,TRUE,CATEGORY_SUPPORTED_CONDITION_REVIEW_REQUIRED,個別記載・既存mappingなし。一般的な材質/用途ルールと一意のCURRENT公式categoryが一致。 collector_status=NO_ITEM_MATCH_IN_FETCHED_OFFICIAL_SOURCES
M125,I011,GENERAL_RULE_DERIVED,C-M125-09,プラスチック製容器包装類,S-M125-02,プラスチック製容器包装類,TRUE,CATEGORY_SUPPORTED_CONDITION_REVIEW_REQUIRED,個別記載・既存mappingなし。一般的な材質/用途ルールと一意のCURRENT公式categoryが一致。 collector_status=NO_ITEM_MATCH_IN_FETCHED_OFFICIAL_SOURCES
M125,I012,GENERAL_RULE_DERIVED,C-M125-09,プラスチック製容器包装類,S-M125-02,プラスチック製容器包装類,TRUE,CATEGORY_SUPPORTED_CONDITION_REVIEW_REQUIRED,個別記載・既存mappingなし。一般的な材質/用途ルールと一意のCURRENT公式categoryが一致。 collector_status=AMBIGUOUS_CATEGORY_CANDIDATES
M125,I013,DIRECT_ITEM,C-M125-03,新聞,S-M125-03,text-match:新聞 + 新聞,FALSE,CATEGORY_SUPPORTED,全既存branchで公式資料中の品目表記とcategoryの直接候補あり。 collector_status=ALL_EXISTING_BRANCHES_HAVE_DIRECT_CANDIDATE
M125,I014,DIRECT_ITEM,C-M125-04,ダンボール,S-M125-03,text-match:ダンボール + ダンボール,FALSE,CATEGORY_SUPPORTED,全既存branchで公式資料中の品目表記とcategoryの直接候補あり。 collector_status=ALL_EXISTING_BRANCHES_HAVE_DIRECT_CANDIDATE
M125,I015,DIRECT_ITEM,C-M125-05,雑誌・雑紙,S-M125-03,text-match:雑誌 + 雑誌・雑紙,FALSE,CATEGORY_SUPPORTED,全既存branchで公式資料中の品目表記とcategoryの直接候補あり。 collector_status=ALL_EXISTING_BRANCHES_HAVE_DIRECT_CANDIDATE
M125,I016,DIRECT_ITEM,C-M125-05,雑誌・雑紙,S-M125-03,text-match:紙箱 + 雑誌・雑紙,FALSE,CATEGORY_SUPPORTED,全既存branchで公式資料中の品目表記とcategoryの直接候補あり。 collector_status=ALL_EXISTING_BRANCHES_HAVE_DIRECT_CANDIDATE
M125,I017,UNRESOLVED,,,,,TRUE,UNRESOLVED,直接記載・公式rule由来mapping・一意な一般則categoryのいずれでも決定できない。 collector_status=AMBIGUOUS_CATEGORY_CANDIDATES
M125,I018,DIRECT_ITEM,C-M125-01,燃えるごみ,S-M125-03,text-match:生ごみ + 燃えるごみ,FALSE,CATEGORY_SUPPORTED,全既存branchで公式資料中の品目表記とcategoryの直接候補あり。 collector_status=ALL_EXISTING_BRANCHES_HAVE_DIRECT_CANDIDATE
M125,I019,GENERAL_RULE_DERIVED,C-M125-01,燃えるごみ,S-M125-02,燃えるごみ,FALSE,CATEGORY_SUPPORTED,個別記載・既存mappingなし。一般的な材質/用途ルールと一意のCURRENT公式categoryが一致。 collector_status=NO_ITEM_MATCH_IN_FETCHED_OFFICIAL_SOURCES
M125,I020,GENERAL_RULE_DERIVED,C-M125-01,燃えるごみ,S-M125-02,燃えるごみ,FALSE,CATEGORY_SUPPORTED,個別記載・既存mappingなし。一般的な材質/用途ルールと一意のCURRENT公式categoryが一致。 collector_status=AMBIGUOUS_CATEGORY_CANDIDATES
M125,I021,DIRECT_ITEM,C-M125-07,衣類,S-M125-03,text-match:衣類 + 衣類,FALSE,CATEGORY_SUPPORTED,全既存branchで公式資料中の品目表記とcategoryの直接候補あり。 collector_status=ALL_EXISTING_BRANCHES_HAVE_DIRECT_CANDIDATE
M125,I022,UNRESOLVED,,,,,TRUE,UNRESOLVED,直接記載・公式rule由来mapping・一意な一般則categoryのいずれでも決定できない。 collector_status=NO_ITEM_MATCH_IN_FETCHED_OFFICIAL_SOURCES
M125,I023,DIRECT_ITEM,C-M125-16,燃えないごみ,S-M125-03,text-match:茶わん + 燃えないごみ,FALSE,CATEGORY_SUPPORTED,全既存branchで公式資料中の品目表記とcategoryの直接候補あり。 collector_status=ALL_EXISTING_BRANCHES_HAVE_DIRECT_CANDIDATE
M125,I024,GENERAL_RULE_DERIVED,C-M125-16,燃えないごみ,S-M125-02,燃えないごみ,FALSE,CATEGORY_SUPPORTED,個別記載・既存mappingなし。一般的な材質/用途ルールと一意のCURRENT公式categoryが一致。 collector_status=NO_ITEM_MATCH_IN_FETCHED_OFFICIAL_SOURCES
M125,I025,UNRESOLVED,,,,,TRUE,UNRESOLVED,直接記載・公式rule由来mapping・一意な一般則categoryのいずれでも決定できない。 collector_status=NO_ITEM_MATCH_IN_FETCHED_OFFICIAL_SOURCES
M125,I026,UNRESOLVED,,,,,TRUE,UNRESOLVED,直接記載・公式rule由来mapping・一意な一般則categoryのいずれでも決定できない。 collector_status=NO_ITEM_MATCH_IN_FETCHED_OFFICIAL_SOURCES
M125,I027,DIRECT_ITEM,C-M125-17,電池類,S-M125-03,text-match:乾電池 + 電池類,TRUE,CATEGORY_SUPPORTED_CONDITION_REVIEW_REQUIRED,全既存branchで公式資料中の品目表記とcategoryの直接候補あり。 collector_status=ALL_EXISTING_BRANCHES_HAVE_DIRECT_CANDIDATE
M125,I028,UNRESOLVED,,,,,TRUE,UNRESOLVED,直接記載・公式rule由来mapping・一意な一般則categoryのいずれでも決定できない。 collector_status=AMBIGUOUS_CATEGORY_CANDIDATES
M125,I029,UNRESOLVED,,,,,TRUE,UNRESOLVED,直接記載・公式rule由来mapping・一意な一般則categoryのいずれでも決定できない。 collector_status=NO_ITEM_MATCH_IN_FETCHED_OFFICIAL_SOURCES
M125,I030,DIRECT_ITEM,C-M125-18,蛍光灯（管）,S-M125-03,text-match:蛍光灯 + 蛍光灯（管）,TRUE,CATEGORY_SUPPORTED_CONDITION_REVIEW_REQUIRED,全既存branchで公式資料中の品目表記とcategoryの直接候補あり。 collector_status=ALL_EXISTING_BRANCHES_HAVE_DIRECT_CANDIDATE
M125,I031,UNRESOLVED,,,,,TRUE,UNRESOLVED,直接記載・公式rule由来mapping・一意な一般則categoryのいずれでも決定できない。 collector_status=NO_ITEM_MATCH_IN_FETCHED_OFFICIAL_SOURCES
M125,I032,UNRESOLVED,,,,,TRUE,UNRESOLVED,直接記載・公式rule由来mapping・一意な一般則categoryのいずれでも決定できない。 collector_status=AMBIGUOUS_CATEGORY_CANDIDATES
M125,I033,UNRESOLVED,,,,,TRUE,UNRESOLVED,直接記載・公式rule由来mapping・一意な一般則categoryのいずれでも決定できない。 collector_status=NO_ITEM_MATCH_IN_FETCHED_OFFICIAL_SOURCES
M125,I034,DIRECT_ITEM,C-M125-16,燃えないごみ,S-M125-03,text-match:小型家電 + 燃えないごみ,TRUE,CATEGORY_SUPPORTED_CONDITION_REVIEW_REQUIRED,全既存branchで公式資料中の品目表記とcategoryの直接候補あり。 collector_status=ALL_EXISTING_BRANCHES_HAVE_DIRECT_CANDIDATE
M125,I035,UNRESOLVED,,,,,TRUE,UNRESOLVED,直接記載・公式rule由来mapping・一意な一般則categoryのいずれでも決定できない。 collector_status=NO_ITEM_MATCH_IN_FETCHED_OFFICIAL_SOURCES
M125,I036,UNRESOLVED,,,,,TRUE,UNRESOLVED,直接記載・公式rule由来mapping・一意な一般則categoryのいずれでも決定できない。 collector_status=AMBIGUOUS_CATEGORY_CANDIDATES
M125,I037,UNRESOLVED,,,,,TRUE,UNRESOLVED,直接記載・公式rule由来mapping・一意な一般則categoryのいずれでも決定できない。 collector_status=NO_ITEM_MATCH_IN_FETCHED_OFFICIAL_SOURCES
M125,I038,UNRESOLVED,,,,,TRUE,UNRESOLVED,直接記載・公式rule由来mapping・一意な一般則categoryのいずれでも決定できない。 collector_status=AMBIGUOUS_CATEGORY_CANDIDATES
M125,I039,UNRESOLVED,,,,,TRUE,UNRESOLVED,直接記載・公式rule由来mapping・一意な一般則categoryのいずれでも決定できない。 collector_status=NO_ITEM_MATCH_IN_FETCHED_OFFICIAL_SOURCES
M125,I040,UNRESOLVED,,,,,TRUE,UNRESOLVED,直接記載・公式rule由来mapping・一意な一般則categoryのいずれでも決定できない。 collector_status=AMBIGUOUS_CATEGORY_CANDIDATES
M126,I001,OFFICIAL_RULE_DERIVED,C-M126-08,ペットボトル,S-M126-04,ペットボトル,FALSE,CATEGORY_SUPPORTED,品目の直接記載は必須とせず、既存mappingを支えるCURRENT公式category ruleから判定。 collector_status=NO_ITEM_MATCH_IN_FETCHED_OFFICIAL_SOURCES
M126,I002,UNRESOLVED,,,,,TRUE,UNRESOLVED,直接記載・公式rule由来mapping・一意な一般則categoryのいずれでも決定できない。 collector_status=NO_ITEM_MATCH_IN_FETCHED_OFFICIAL_SOURCES
M126,I003,UNRESOLVED,,,,,TRUE,UNRESOLVED,直接記載・公式rule由来mapping・一意な一般則categoryのいずれでも決定できない。 collector_status=NO_ITEM_MATCH_IN_FETCHED_OFFICIAL_SOURCES
M126,I004,UNRESOLVED,,,,,FALSE,UNRESOLVED,直接記載・公式rule由来mapping・一意な一般則categoryのいずれでも決定できない。 collector_status=NO_ITEM_MATCH_IN_FETCHED_OFFICIAL_SOURCES
M126,I005,UNRESOLVED,,,,,FALSE,UNRESOLVED,直接記載・公式rule由来mapping・一意な一般則categoryのいずれでも決定できない。 collector_status=NO_ITEM_MATCH_IN_FETCHED_OFFICIAL_SOURCES
M126,I006,UNRESOLVED,,,,,TRUE,UNRESOLVED,直接記載・公式rule由来mapping・一意な一般則categoryのいずれでも決定できない。 collector_status=NO_ITEM_MATCH_IN_FETCHED_OFFICIAL_SOURCES
M126,I007,UNRESOLVED,,,,,TRUE,UNRESOLVED,直接記載・公式rule由来mapping・一意な一般則categoryのいずれでも決定できない。 collector_status=NO_ITEM_MATCH_IN_FETCHED_OFFICIAL_SOURCES
M126,I008,UNRESOLVED,,,,,TRUE,UNRESOLVED,直接記載・公式rule由来mapping・一意な一般則categoryのいずれでも決定できない。 collector_status=NO_ITEM_MATCH_IN_FETCHED_OFFICIAL_SOURCES
M126,I009,UNRESOLVED,,,,,TRUE,UNRESOLVED,直接記載・公式rule由来mapping・一意な一般則categoryのいずれでも決定できない。 collector_status=NO_ITEM_MATCH_IN_FETCHED_OFFICIAL_SOURCES
M126,I010,UNRESOLVED,,,,,TRUE,UNRESOLVED,直接記載・公式rule由来mapping・一意な一般則categoryのいずれでも決定できない。 collector_status=NO_ITEM_MATCH_IN_FETCHED_OFFICIAL_SOURCES
M126,I011,UNRESOLVED,,,,,TRUE,UNRESOLVED,直接記載・公式rule由来mapping・一意な一般則categoryのいずれでも決定できない。 collector_status=NO_ITEM_MATCH_IN_FETCHED_OFFICIAL_SOURCES
M126,I012,UNRESOLVED,,,,,TRUE,UNRESOLVED,直接記載・公式rule由来mapping・一意な一般則categoryのいずれでも決定できない。 collector_status=NO_ITEM_MATCH_IN_FETCHED_OFFICIAL_SOURCES
M126,I013,OFFICIAL_RULE_DERIVED,C-M126-09,新聞・チラシ,S-M126-04,新聞・チラシ,FALSE,CATEGORY_SUPPORTED,品目の直接記載は必須とせず、既存mappingを支えるCURRENT公式category ruleから判定。 collector_status=NO_ITEM_MATCH_IN_FETCHED_OFFICIAL_SOURCES
M126,I014,OFFICIAL_RULE_DERIVED,C-M126-10,段ボール,S-M126-04,段ボール,FALSE,CATEGORY_SUPPORTED,品目の直接記載は必須とせず、既存mappingを支えるCURRENT公式category ruleから判定。 collector_status=NO_ITEM_MATCH_IN_FETCHED_OFFICIAL_SOURCES
M126,I015,OFFICIAL_RULE_DERIVED,C-M126-11,雑誌・本・その他の紙,S-M126-04,雑誌・本・その他の紙,FALSE,CATEGORY_SUPPORTED,品目の直接記載は必須とせず、既存mappingを支えるCURRENT公式category ruleから判定。 collector_status=NO_ITEM_MATCH_IN_FETCHED_OFFICIAL_SOURCES
M126,I016,UNRESOLVED,,,,,FALSE,UNRESOLVED,直接記載・公式rule由来mapping・一意な一般則categoryのいずれでも決定できない。 collector_status=NO_ITEM_MATCH_IN_FETCHED_OFFICIAL_SOURCES
M126,I017,UNRESOLVED,,,,,TRUE,UNRESOLVED,直接記載・公式rule由来mapping・一意な一般則categoryのいずれでも決定できない。 collector_status=NO_ITEM_MATCH_IN_FETCHED_OFFICIAL_SOURCES
M126,I018,OFFICIAL_RULE_DERIVED,C-M126-01,可燃ごみ,S-M126-05,可燃ごみ,TRUE,CATEGORY_SUPPORTED_CONDITION_REVIEW_REQUIRED,品目の直接記載は必須とせず、既存mappingを支えるCURRENT公式category ruleから判定。 collector_status=NO_ITEM_MATCH_IN_FETCHED_OFFICIAL_SOURCES
M126,I019,GENERAL_RULE_DERIVED,C-M126-01,可燃ごみ,S-M126-05,可燃ごみ,TRUE,CATEGORY_SUPPORTED_CONDITION_REVIEW_REQUIRED,個別記載・既存mappingなし。一般的な材質/用途ルールと一意のCURRENT公式categoryが一致。 collector_status=NO_ITEM_MATCH_IN_FETCHED_OFFICIAL_SOURCES
M126,I020,GENERAL_RULE_DERIVED,C-M126-01,可燃ごみ,S-M126-05,可燃ごみ,TRUE,CATEGORY_SUPPORTED_CONDITION_REVIEW_REQUIRED,個別記載・既存mappingなし。一般的な材質/用途ルールと一意のCURRENT公式categoryが一致。 collector_status=NO_ITEM_MATCH_IN_FETCHED_OFFICIAL_SOURCES
M126,I021,UNRESOLVED,,,,,FALSE,UNRESOLVED,直接記載・公式rule由来mapping・一意な一般則categoryのいずれでも決定できない。 collector_status=NO_ITEM_MATCH_IN_FETCHED_OFFICIAL_SOURCES
M126,I022,UNRESOLVED,,,,,TRUE,UNRESOLVED,直接記載・公式rule由来mapping・一意な一般則categoryのいずれでも決定できない。 collector_status=NO_ITEM_MATCH_IN_FETCHED_OFFICIAL_SOURCES
M126,I023,GENERAL_RULE_DERIVED,C-M126-02,不燃ごみ,S-M126-06,不燃ごみ,TRUE,CATEGORY_SUPPORTED_CONDITION_REVIEW_REQUIRED,個別記載・既存mappingなし。一般的な材質/用途ルールと一意のCURRENT公式categoryが一致。 collector_status=NO_ITEM_MATCH_IN_FETCHED_OFFICIAL_SOURCES
M126,I024,GENERAL_RULE_DERIVED,C-M126-02,不燃ごみ,S-M126-06,不燃ごみ,TRUE,CATEGORY_SUPPORTED_CONDITION_REVIEW_REQUIRED,個別記載・既存mappingなし。一般的な材質/用途ルールと一意のCURRENT公式categoryが一致。 collector_status=NO_ITEM_MATCH_IN_FETCHED_OFFICIAL_SOURCES
M126,I025,UNRESOLVED,,,,,TRUE,UNRESOLVED,直接記載・公式rule由来mapping・一意な一般則categoryのいずれでも決定できない。 collector_status=NO_ITEM_MATCH_IN_FETCHED_OFFICIAL_SOURCES
M126,I026,UNRESOLVED,,,,,TRUE,UNRESOLVED,直接記載・公式rule由来mapping・一意な一般則categoryのいずれでも決定できない。 collector_status=NO_ITEM_MATCH_IN_FETCHED_OFFICIAL_SOURCES
M126,I027,OFFICIAL_RULE_DERIVED,C-M126-06,乾電池,S-M126-03,乾電池,TRUE,CATEGORY_SUPPORTED_CONDITION_REVIEW_REQUIRED,品目の直接記載は必須とせず、既存mappingを支えるCURRENT公式category ruleから判定。 collector_status=NO_ITEM_MATCH_IN_FETCHED_OFFICIAL_SOURCES
M126,I028,UNRESOLVED,,,,,TRUE,UNRESOLVED,直接記載・公式rule由来mapping・一意な一般則categoryのいずれでも決定できない。 collector_status=NO_ITEM_MATCH_IN_FETCHED_OFFICIAL_SOURCES
M126,I029,UNRESOLVED,,,,,TRUE,UNRESOLVED,直接記載・公式rule由来mapping・一意な一般則categoryのいずれでも決定できない。 collector_status=NO_ITEM_MATCH_IN_FETCHED_OFFICIAL_SOURCES
M126,I030,OFFICIAL_RULE_DERIVED,C-M126-02,不燃ごみ,S-M126-06,不燃ごみ,TRUE,CATEGORY_SUPPORTED_CONDITION_REVIEW_REQUIRED,品目の直接記載は必須とせず、既存mappingを支えるCURRENT公式category ruleから判定。 collector_status=NO_ITEM_MATCH_IN_FETCHED_OFFICIAL_SOURCES
M126,I031,UNRESOLVED,,,,,TRUE,UNRESOLVED,直接記載・公式rule由来mapping・一意な一般則categoryのいずれでも決定できない。 collector_status=NO_ITEM_MATCH_IN_FETCHED_OFFICIAL_SOURCES
M126,I032,OFFICIAL_RULE_DERIVED,C-M126-03,カン・金属類,S-M126-02,カン・金属類,TRUE,CATEGORY_SUPPORTED_CONDITION_REVIEW_REQUIRED,品目の直接記載は必須とせず、既存mappingを支えるCURRENT公式category ruleから判定。 collector_status=NO_ITEM_MATCH_IN_FETCHED_OFFICIAL_SOURCES
M126,I033,UNRESOLVED,,,,,TRUE,UNRESOLVED,直接記載・公式rule由来mapping・一意な一般則categoryのいずれでも決定できない。 collector_status=NO_ITEM_MATCH_IN_FETCHED_OFFICIAL_SOURCES
M126,I034,UNRESOLVED,,,,,TRUE,UNRESOLVED,直接記載・公式rule由来mapping・一意な一般則categoryのいずれでも決定できない。 collector_status=NO_ITEM_MATCH_IN_FETCHED_OFFICIAL_SOURCES
M126,I035,UNRESOLVED,,,,,TRUE,UNRESOLVED,直接記載・公式rule由来mapping・一意な一般則categoryのいずれでも決定できない。 collector_status=NO_ITEM_MATCH_IN_FETCHED_OFFICIAL_SOURCES
M126,I036,UNRESOLVED,,,,,TRUE,UNRESOLVED,直接記載・公式rule由来mapping・一意な一般則categoryのいずれでも決定できない。 collector_status=NO_ITEM_MATCH_IN_FETCHED_OFFICIAL_SOURCES
M126,I037,UNRESOLVED,,,,,TRUE,UNRESOLVED,直接記載・公式rule由来mapping・一意な一般則categoryのいずれでも決定できない。 collector_status=NO_ITEM_MATCH_IN_FETCHED_OFFICIAL_SOURCES
M126,I038,UNRESOLVED,,,,,TRUE,UNRESOLVED,直接記載・公式rule由来mapping・一意な一般則categoryのいずれでも決定できない。 collector_status=NO_ITEM_MATCH_IN_FETCHED_OFFICIAL_SOURCES
M126,I039,UNRESOLVED,,,,,TRUE,UNRESOLVED,直接記載・公式rule由来mapping・一意な一般則categoryのいずれでも決定できない。 collector_status=NO_ITEM_MATCH_IN_FETCHED_OFFICIAL_SOURCES
M126,I040,UNRESOLVED,,,,,TRUE,UNRESOLVED,直接記載・公式rule由来mapping・一意な一般則categoryのいずれでも決定できない。 collector_status=NO_ITEM_MATCH_IN_FETCHED_OFFICIAL_SOURCES
M128,I001,DIRECT_ITEM,C-M128-07,ペットボトル,S-M128-01,text-match:ペットボトル + ペットボトル,FALSE,CATEGORY_SUPPORTED,全既存branchで公式資料中の品目表記とcategoryの直接候補あり。 collector_status=ALL_EXISTING_BRANCHES_HAVE_DIRECT_CANDIDATE
M128,I002,UNRESOLVED,,,,,TRUE,UNRESOLVED,直接記載・公式rule由来mapping・一意な一般則categoryのいずれでも決定できない。 collector_status=ONE_INFERRED_CATEGORY_CANDIDATE
M128,I003,UNRESOLVED,,,,,TRUE,UNRESOLVED,直接記載・公式rule由来mapping・一意な一般則categoryのいずれでも決定できない。 collector_status=NO_ITEM_MATCH_IN_FETCHED_OFFICIAL_SOURCES
M128,I004,UNRESOLVED,,,,,FALSE,UNRESOLVED,直接記載・公式rule由来mapping・一意な一般則categoryのいずれでも決定できない。 collector_status=NO_ITEM_MATCH_IN_FETCHED_OFFICIAL_SOURCES
M128,I005,UNRESOLVED,,,,,FALSE,UNRESOLVED,直接記載・公式rule由来mapping・一意な一般則categoryのいずれでも決定できない。 collector_status=NO_ITEM_MATCH_IN_FETCHED_OFFICIAL_SOURCES
M128,I006,OFFICIAL_RULE_DERIVED,C-M128-06,びん・缶類,S-M128-01,びん・缶類,TRUE,CATEGORY_SUPPORTED_CONDITION_REVIEW_REQUIRED,品目の直接記載は必須とせず、既存mappingを支えるCURRENT公式category ruleから判定。 collector_status=NO_ITEM_MATCH_IN_FETCHED_OFFICIAL_SOURCES
M128,I007,UNRESOLVED,,,,,TRUE,UNRESOLVED,直接記載・公式rule由来mapping・一意な一般則categoryのいずれでも決定できない。 collector_status=NO_ITEM_MATCH_IN_FETCHED_OFFICIAL_SOURCES
M128,I008,UNRESOLVED,,,,,TRUE,UNRESOLVED,直接記載・公式rule由来mapping・一意な一般則categoryのいずれでも決定できない。 collector_status=NO_ITEM_MATCH_IN_FETCHED_OFFICIAL_SOURCES
M128,I009,GENERAL_RULE_DERIVED,C-M128-09,容器包装プラスチック,S-M128-01,容器包装プラスチック,TRUE,CATEGORY_SUPPORTED_CONDITION_REVIEW_REQUIRED,個別記載・既存mappingなし。一般的な材質/用途ルールと一意のCURRENT公式categoryが一致。 collector_status=NO_ITEM_MATCH_IN_FETCHED_OFFICIAL_SOURCES
M128,I010,GENERAL_RULE_DERIVED,C-M128-09,容器包装プラスチック,S-M128-01,容器包装プラスチック,TRUE,CATEGORY_SUPPORTED_CONDITION_REVIEW_REQUIRED,個別記載・既存mappingなし。一般的な材質/用途ルールと一意のCURRENT公式categoryが一致。 collector_status=NO_ITEM_MATCH_IN_FETCHED_OFFICIAL_SOURCES
M128,I011,GENERAL_RULE_DERIVED,C-M128-09,容器包装プラスチック,S-M128-01,容器包装プラスチック,TRUE,CATEGORY_SUPPORTED_CONDITION_REVIEW_REQUIRED,個別記載・既存mappingなし。一般的な材質/用途ルールと一意のCURRENT公式categoryが一致。 collector_status=NO_ITEM_MATCH_IN_FETCHED_OFFICIAL_SOURCES
M128,I012,GENERAL_RULE_DERIVED,C-M128-09,容器包装プラスチック,S-M128-01,容器包装プラスチック,TRUE,CATEGORY_SUPPORTED_CONDITION_REVIEW_REQUIRED,個別記載・既存mappingなし。一般的な材質/用途ルールと一意のCURRENT公式categoryが一致。 collector_status=NO_ITEM_MATCH_IN_FETCHED_OFFICIAL_SOURCES
M128,I013,UNRESOLVED,,,,,FALSE,UNRESOLVED,直接記載・公式rule由来mapping・一意な一般則categoryのいずれでも決定できない。 collector_status=NO_ITEM_MATCH_IN_FETCHED_OFFICIAL_SOURCES
M128,I014,UNRESOLVED,,,,,FALSE,UNRESOLVED,直接記載・公式rule由来mapping・一意な一般則categoryのいずれでも決定できない。 collector_status=NO_ITEM_MATCH_IN_FETCHED_OFFICIAL_SOURCES
M128,I015,UNRESOLVED,,,,,FALSE,UNRESOLVED,直接記載・公式rule由来mapping・一意な一般則categoryのいずれでも決定できない。 collector_status=NO_ITEM_MATCH_IN_FETCHED_OFFICIAL_SOURCES
M128,I016,UNRESOLVED,,,,,FALSE,UNRESOLVED,直接記載・公式rule由来mapping・一意な一般則categoryのいずれでも決定できない。 collector_status=NO_ITEM_MATCH_IN_FETCHED_OFFICIAL_SOURCES
M128,I017,UNRESOLVED,,,,,TRUE,UNRESOLVED,直接記載・公式rule由来mapping・一意な一般則categoryのいずれでも決定できない。 collector_status=NO_ITEM_MATCH_IN_FETCHED_OFFICIAL_SOURCES
M128,I018,OFFICIAL_RULE_DERIVED,C-M128-01,燃やせるごみ,S-M128-01,燃やせるごみ,TRUE,CATEGORY_SUPPORTED_CONDITION_REVIEW_REQUIRED,品目の直接記載は必須とせず、既存mappingを支えるCURRENT公式category ruleから判定。 collector_status=NO_ITEM_MATCH_IN_FETCHED_OFFICIAL_SOURCES
M128,I019,UNRESOLVED,,,,,FALSE,UNRESOLVED,直接記載・公式rule由来mapping・一意な一般則categoryのいずれでも決定できない。 collector_status=NO_ITEM_MATCH_IN_FETCHED_OFFICIAL_SOURCES
M128,I020,UNRESOLVED,,,,,FALSE,UNRESOLVED,直接記載・公式rule由来mapping・一意な一般則categoryのいずれでも決定できない。 collector_status=NO_ITEM_MATCH_IN_FETCHED_OFFICIAL_SOURCES
M128,I021,DIRECT_ITEM,C-M128-04,衣類,S-M128-01,text-match:衣類 + 衣類,FALSE,CATEGORY_SUPPORTED,全既存branchで公式資料中の品目表記とcategoryの直接候補あり。 collector_status=ALL_EXISTING_BRANCHES_HAVE_DIRECT_CANDIDATE
M128,I022,UNRESOLVED,,,,,TRUE,UNRESOLVED,直接記載・公式rule由来mapping・一意な一般則categoryのいずれでも決定できない。 collector_status=NO_ITEM_MATCH_IN_FETCHED_OFFICIAL_SOURCES
M128,I023,OFFICIAL_RULE_DERIVED,C-M128-13,処理困難物,S-M128-02,処理困難物,TRUE,CATEGORY_SUPPORTED_CONDITION_REVIEW_REQUIRED,品目の直接記載は必須とせず、既存mappingを支えるCURRENT公式category ruleから判定。 collector_status=NO_ITEM_MATCH_IN_FETCHED_OFFICIAL_SOURCES
M128,I024,UNRESOLVED,,,,,FALSE,UNRESOLVED,直接記載・公式rule由来mapping・一意な一般則categoryのいずれでも決定できない。 collector_status=NO_ITEM_MATCH_IN_FETCHED_OFFICIAL_SOURCES
M128,I025,UNRESOLVED,,,,,TRUE,UNRESOLVED,直接記載・公式rule由来mapping・一意な一般則categoryのいずれでも決定できない。 collector_status=NO_ITEM_MATCH_IN_FETCHED_OFFICIAL_SOURCES
M128,I026,OFFICIAL_RULE_DERIVED,C-M128-13,処理困難物,S-M128-02,処理困難物,TRUE,CATEGORY_SUPPORTED_CONDITION_REVIEW_REQUIRED,品目の直接記載は必須とせず、既存mappingを支えるCURRENT公式category ruleから判定。 collector_status=NO_ITEM_MATCH_IN_FETCHED_OFFICIAL_SOURCES
M128,I027,OFFICIAL_RULE_DERIVED,C-M128-13,処理困難物,S-M128-02,処理困難物,TRUE,CATEGORY_SUPPORTED_CONDITION_REVIEW_REQUIRED,品目の直接記載は必須とせず、既存mappingを支えるCURRENT公式category ruleから判定。 collector_status=NO_ITEM_MATCH_IN_FETCHED_OFFICIAL_SOURCES
M128,I028,UNRESOLVED,,,,,TRUE,UNRESOLVED,直接記載・公式rule由来mapping・一意な一般則categoryのいずれでも決定できない。 collector_status=NO_ITEM_MATCH_IN_FETCHED_OFFICIAL_SOURCES
M128,I029,UNRESOLVED,,,,,TRUE,UNRESOLVED,直接記載・公式rule由来mapping・一意な一般則categoryのいずれでも決定できない。 collector_status=NO_ITEM_MATCH_IN_FETCHED_OFFICIAL_SOURCES
M128,I030,UNRESOLVED,,,,,TRUE,UNRESOLVED,直接記載・公式rule由来mapping・一意な一般則categoryのいずれでも決定できない。 collector_status=NO_ITEM_MATCH_IN_FETCHED_OFFICIAL_SOURCES
M128,I031,UNRESOLVED,,,,,TRUE,UNRESOLVED,直接記載・公式rule由来mapping・一意な一般則categoryのいずれでも決定できない。 collector_status=NO_ITEM_MATCH_IN_FETCHED_OFFICIAL_SOURCES
M128,I032,DIRECT_ITEM,C-M128-13,処理困難物,S-M128-02,text-match:スプレー缶 + 処理困難物,TRUE,CATEGORY_SUPPORTED_CONDITION_REVIEW_REQUIRED,全既存branchで公式資料中の品目表記とcategoryの直接候補あり。 collector_status=ALL_EXISTING_BRANCHES_HAVE_DIRECT_CANDIDATE
M128,I033,UNRESOLVED,,,,,TRUE,UNRESOLVED,直接記載・公式rule由来mapping・一意な一般則categoryのいずれでも決定できない。 collector_status=NO_ITEM_MATCH_IN_FETCHED_OFFICIAL_SOURCES
M128,I034,DIRECT_ITEM,C-M128-12,使用済小型家電,S-M128-01,text-match:小型家電 + 使用済小型家電,TRUE,CATEGORY_SUPPORTED_CONDITION_REVIEW_REQUIRED,全既存branchで公式資料中の品目表記とcategoryの直接候補あり。 collector_status=ALL_EXISTING_BRANCHES_HAVE_DIRECT_CANDIDATE
M128,I035,UNRESOLVED,,,,,TRUE,UNRESOLVED,直接記載・公式rule由来mapping・一意な一般則categoryのいずれでも決定できない。 collector_status=NO_ITEM_MATCH_IN_FETCHED_OFFICIAL_SOURCES
M128,I036,UNRESOLVED,,,,,TRUE,UNRESOLVED,直接記載・公式rule由来mapping・一意な一般則categoryのいずれでも決定できない。 collector_status=NO_ITEM_MATCH_IN_FETCHED_OFFICIAL_SOURCES
M128,I037,UNRESOLVED,,,,,TRUE,UNRESOLVED,直接記載・公式rule由来mapping・一意な一般則categoryのいずれでも決定できない。 collector_status=NO_ITEM_MATCH_IN_FETCHED_OFFICIAL_SOURCES
M128,I038,UNRESOLVED,,,,,TRUE,UNRESOLVED,直接記載・公式rule由来mapping・一意な一般則categoryのいずれでも決定できない。 collector_status=AMBIGUOUS_CATEGORY_CANDIDATES
M128,I039,UNRESOLVED,,,,,TRUE,UNRESOLVED,直接記載・公式rule由来mapping・一意な一般則categoryのいずれでも決定できない。 collector_status=NO_ITEM_MATCH_IN_FETCHED_OFFICIAL_SOURCES
M128,I040,UNRESOLVED,,,,,TRUE,UNRESOLVED,直接記載・公式rule由来mapping・一意な一般則categoryのいずれでも決定できない。 collector_status=NO_ITEM_MATCH_IN_FETCHED_OFFICIAL_SOURCES
M129,I001,OFFICIAL_RULE_DERIVED,C-M129-09,ペットボトル,S-M129-01,ペットボトル,FALSE,CATEGORY_SUPPORTED,品目の直接記載は必須とせず、既存mappingを支えるCURRENT公式category ruleから判定。 collector_status=NO_ITEM_MATCH_IN_FETCHED_OFFICIAL_SOURCES
M129,I002,UNRESOLVED,,,,,TRUE,UNRESOLVED,直接記載・公式rule由来mapping・一意な一般則categoryのいずれでも決定できない。 collector_status=NO_ITEM_MATCH_IN_FETCHED_OFFICIAL_SOURCES
M129,I003,UNRESOLVED,,,,,TRUE,UNRESOLVED,直接記載・公式rule由来mapping・一意な一般則categoryのいずれでも決定できない。 collector_status=NO_ITEM_MATCH_IN_FETCHED_OFFICIAL_SOURCES
M129,I004,UNRESOLVED,,,,,FALSE,UNRESOLVED,直接記載・公式rule由来mapping・一意な一般則categoryのいずれでも決定できない。 collector_status=NO_ITEM_MATCH_IN_FETCHED_OFFICIAL_SOURCES
M129,I005,UNRESOLVED,,,,,FALSE,UNRESOLVED,直接記載・公式rule由来mapping・一意な一般則categoryのいずれでも決定できない。 collector_status=NO_ITEM_MATCH_IN_FETCHED_OFFICIAL_SOURCES
M129,I006,OFFICIAL_RULE_DERIVED,C-M129-03,空びん,S-M129-01,空びん,TRUE,CATEGORY_SUPPORTED_CONDITION_REVIEW_REQUIRED,品目の直接記載は必須とせず、既存mappingを支えるCURRENT公式category ruleから判定。 collector_status=NO_ITEM_MATCH_IN_FETCHED_OFFICIAL_SOURCES
M129,I007,OFFICIAL_RULE_DERIVED,C-M129-12,発泡スチロール・白色トレイ,S-M129-01,発泡スチロール・白色トレイ,TRUE,CATEGORY_SUPPORTED_CONDITION_REVIEW_REQUIRED,品目の直接記載は必須とせず、既存mappingを支えるCURRENT公式category ruleから判定。 collector_status=NO_ITEM_MATCH_IN_FETCHED_OFFICIAL_SOURCES
M129,I008,UNRESOLVED,,,,,TRUE,UNRESOLVED,直接記載・公式rule由来mapping・一意な一般則categoryのいずれでも決定できない。 collector_status=NO_ITEM_MATCH_IN_FETCHED_OFFICIAL_SOURCES
M129,I009,UNRESOLVED,,,,,TRUE,UNRESOLVED,直接記載・公式rule由来mapping・一意な一般則categoryのいずれでも決定できない。 collector_status=NO_ITEM_MATCH_IN_FETCHED_OFFICIAL_SOURCES
M129,I010,UNRESOLVED,,,,,TRUE,UNRESOLVED,直接記載・公式rule由来mapping・一意な一般則categoryのいずれでも決定できない。 collector_status=NO_ITEM_MATCH_IN_FETCHED_OFFICIAL_SOURCES
M129,I011,UNRESOLVED,,,,,TRUE,UNRESOLVED,直接記載・公式rule由来mapping・一意な一般則categoryのいずれでも決定できない。 collector_status=NO_ITEM_MATCH_IN_FETCHED_OFFICIAL_SOURCES
M129,I012,OFFICIAL_RULE_DERIVED,C-M129-12,発泡スチロール・白色トレイ,S-M129-01,発泡スチロール・白色トレイ,TRUE,CATEGORY_SUPPORTED_CONDITION_REVIEW_REQUIRED,品目の直接記載は必須とせず、既存mappingを支えるCURRENT公式category ruleから判定。 collector_status=NO_ITEM_MATCH_IN_FETCHED_OFFICIAL_SOURCES
M129,I013,OFFICIAL_RULE_DERIVED,C-M129-05,新聞,S-M129-01,新聞,FALSE,CATEGORY_SUPPORTED,品目の直接記載は必須とせず、既存mappingを支えるCURRENT公式category ruleから判定。 collector_status=NO_ITEM_MATCH_IN_FETCHED_OFFICIAL_SOURCES
M129,I014,OFFICIAL_RULE_DERIVED,C-M129-07,ダンボール,S-M129-01,ダンボール,FALSE,CATEGORY_SUPPORTED,品目の直接記載は必須とせず、既存mappingを支えるCURRENT公式category ruleから判定。 collector_status=NO_ITEM_MATCH_IN_FETCHED_OFFICIAL_SOURCES
M129,I015,OFFICIAL_RULE_DERIVED,C-M129-06,雑誌類,S-M129-01,雑誌類,FALSE,CATEGORY_SUPPORTED,品目の直接記載は必須とせず、既存mappingを支えるCURRENT公式category ruleから判定。 collector_status=NO_ITEM_MATCH_IN_FETCHED_OFFICIAL_SOURCES
M129,I016,UNRESOLVED,,,,,FALSE,UNRESOLVED,直接記載・公式rule由来mapping・一意な一般則categoryのいずれでも決定できない。 collector_status=NO_ITEM_MATCH_IN_FETCHED_OFFICIAL_SOURCES
M129,I017,OFFICIAL_RULE_DERIVED,C-M129-08,紙パック,S-M129-01,紙パック,TRUE,CATEGORY_SUPPORTED_CONDITION_REVIEW_REQUIRED,品目の直接記載は必須とせず、既存mappingを支えるCURRENT公式category ruleから判定。 collector_status=NO_ITEM_MATCH_IN_FETCHED_OFFICIAL_SOURCES
M129,I018,OFFICIAL_RULE_DERIVED,C-M129-01,燃やせるごみ,S-M129-01,燃やせるごみ,FALSE,CATEGORY_SUPPORTED,品目の直接記載は必須とせず、既存mappingを支えるCURRENT公式category ruleから判定。 collector_status=NO_ITEM_MATCH_IN_FETCHED_OFFICIAL_SOURCES
M129,I019,UNRESOLVED,,,,,FALSE,UNRESOLVED,直接記載・公式rule由来mapping・一意な一般則categoryのいずれでも決定できない。 collector_status=NO_ITEM_MATCH_IN_FETCHED_OFFICIAL_SOURCES
M129,I020,UNRESOLVED,,,,,FALSE,UNRESOLVED,直接記載・公式rule由来mapping・一意な一般則categoryのいずれでも決定できない。 collector_status=NO_ITEM_MATCH_IN_FETCHED_OFFICIAL_SOURCES
M129,I021,OFFICIAL_RULE_DERIVED,C-M129-11,古着・布類,S-M129-01,古着・布類,FALSE,CATEGORY_SUPPORTED,品目の直接記載は必須とせず、既存mappingを支えるCURRENT公式category ruleから判定。 collector_status=NO_ITEM_MATCH_IN_FETCHED_OFFICIAL_SOURCES
M129,I022,UNRESOLVED,,,,,TRUE,UNRESOLVED,直接記載・公式rule由来mapping・一意な一般則categoryのいずれでも決定できない。 collector_status=NO_ITEM_MATCH_IN_FETCHED_OFFICIAL_SOURCES
M129,I023,OFFICIAL_RULE_DERIVED,C-M129-02,燃やせないごみ,S-M129-01,燃やせないごみ,FALSE,CATEGORY_SUPPORTED,品目の直接記載は必須とせず、既存mappingを支えるCURRENT公式category ruleから判定。 collector_status=NO_ITEM_MATCH_IN_FETCHED_OFFICIAL_SOURCES
M129,I024,UNRESOLVED,,,,,FALSE,UNRESOLVED,直接記載・公式rule由来mapping・一意な一般則categoryのいずれでも決定できない。 collector_status=NO_ITEM_MATCH_IN_FETCHED_OFFICIAL_SOURCES
M129,I025,UNRESOLVED,,,,,TRUE,UNRESOLVED,直接記載・公式rule由来mapping・一意な一般則categoryのいずれでも決定できない。 collector_status=NO_ITEM_MATCH_IN_FETCHED_OFFICIAL_SOURCES
M129,I026,UNRESOLVED,,,,,TRUE,UNRESOLVED,直接記載・公式rule由来mapping・一意な一般則categoryのいずれでも決定できない。 collector_status=NO_ITEM_MATCH_IN_FETCHED_OFFICIAL_SOURCES
M129,I027,UNRESOLVED,,,,,TRUE,UNRESOLVED,直接記載・公式rule由来mapping・一意な一般則categoryのいずれでも決定できない。 collector_status=NO_ITEM_MATCH_IN_FETCHED_OFFICIAL_SOURCES
M129,I028,UNRESOLVED,,,,,TRUE,UNRESOLVED,直接記載・公式rule由来mapping・一意な一般則categoryのいずれでも決定できない。 collector_status=NO_ITEM_MATCH_IN_FETCHED_OFFICIAL_SOURCES
M129,I029,UNRESOLVED,,,,,TRUE,UNRESOLVED,直接記載・公式rule由来mapping・一意な一般則categoryのいずれでも決定できない。 collector_status=NO_ITEM_MATCH_IN_FETCHED_OFFICIAL_SOURCES
M129,I030,UNRESOLVED,,,,,TRUE,UNRESOLVED,直接記載・公式rule由来mapping・一意な一般則categoryのいずれでも決定できない。 collector_status=NO_ITEM_MATCH_IN_FETCHED_OFFICIAL_SOURCES
M129,I031,UNRESOLVED,,,,,TRUE,UNRESOLVED,直接記載・公式rule由来mapping・一意な一般則categoryのいずれでも決定できない。 collector_status=NO_ITEM_MATCH_IN_FETCHED_OFFICIAL_SOURCES
M129,I032,UNRESOLVED,,,,,TRUE,UNRESOLVED,直接記載・公式rule由来mapping・一意な一般則categoryのいずれでも決定できない。 collector_status=NO_ITEM_MATCH_IN_FETCHED_OFFICIAL_SOURCES
M129,I033,UNRESOLVED,,,,,TRUE,UNRESOLVED,直接記載・公式rule由来mapping・一意な一般則categoryのいずれでも決定できない。 collector_status=NO_ITEM_MATCH_IN_FETCHED_OFFICIAL_SOURCES
M129,I034,UNRESOLVED,,,,,TRUE,UNRESOLVED,直接記載・公式rule由来mapping・一意な一般則categoryのいずれでも決定できない。 collector_status=NO_ITEM_MATCH_IN_FETCHED_OFFICIAL_SOURCES
M129,I035,UNRESOLVED,,,,,TRUE,UNRESOLVED,直接記載・公式rule由来mapping・一意な一般則categoryのいずれでも決定できない。 collector_status=NO_ITEM_MATCH_IN_FETCHED_OFFICIAL_SOURCES
M129,I036,UNRESOLVED,,,,,TRUE,UNRESOLVED,直接記載・公式rule由来mapping・一意な一般則categoryのいずれでも決定できない。 collector_status=NO_ITEM_MATCH_IN_FETCHED_OFFICIAL_SOURCES
M129,I037,UNRESOLVED,,,,,TRUE,UNRESOLVED,直接記載・公式rule由来mapping・一意な一般則categoryのいずれでも決定できない。 collector_status=NO_ITEM_MATCH_IN_FETCHED_OFFICIAL_SOURCES
M129,I038,UNRESOLVED,,,,,TRUE,UNRESOLVED,直接記載・公式rule由来mapping・一意な一般則categoryのいずれでも決定できない。 collector_status=NO_ITEM_MATCH_IN_FETCHED_OFFICIAL_SOURCES
M129,I039,UNRESOLVED,,,,,TRUE,UNRESOLVED,直接記載・公式rule由来mapping・一意な一般則categoryのいずれでも決定できない。 collector_status=NO_ITEM_MATCH_IN_FETCHED_OFFICIAL_SOURCES
M129,I040,UNRESOLVED,,,,,TRUE,UNRESOLVED,直接記載・公式rule由来mapping・一意な一般則categoryのいずれでも決定できない。 collector_status=NO_ITEM_MATCH_IN_FETCHED_OFFICIAL_SOURCES
M130,I001,DIRECT_ITEM,C-M130-05,ペットボトル,S-M130-01,text-match:ペットボトル + ペットボトル,FALSE,CATEGORY_SUPPORTED,全既存branchで公式資料中の品目表記とcategoryの直接候補あり。 collector_status=ALL_EXISTING_BRANCHES_HAVE_DIRECT_CANDIDATE
M130,I002,UNRESOLVED,,,,,TRUE,UNRESOLVED,直接記載・公式rule由来mapping・一意な一般則categoryのいずれでも決定できない。 collector_status=NO_ITEM_MATCH_IN_FETCHED_OFFICIAL_SOURCES
M130,I003,UNRESOLVED,,,,,TRUE,UNRESOLVED,直接記載・公式rule由来mapping・一意な一般則categoryのいずれでも決定できない。 collector_status=NO_ITEM_MATCH_IN_FETCHED_OFFICIAL_SOURCES
M130,I004,UNRESOLVED,,,,,FALSE,UNRESOLVED,直接記載・公式rule由来mapping・一意な一般則categoryのいずれでも決定できない。 collector_status=NO_ITEM_MATCH_IN_FETCHED_OFFICIAL_SOURCES
M130,I005,UNRESOLVED,,,,,FALSE,UNRESOLVED,直接記載・公式rule由来mapping・一意な一般則categoryのいずれでも決定できない。 collector_status=NO_ITEM_MATCH_IN_FETCHED_OFFICIAL_SOURCES
M130,I006,UNRESOLVED,,,,,TRUE,UNRESOLVED,直接記載・公式rule由来mapping・一意な一般則categoryのいずれでも決定できない。 collector_status=NO_ITEM_MATCH_IN_FETCHED_OFFICIAL_SOURCES
M130,I007,UNRESOLVED,,,,,TRUE,UNRESOLVED,直接記載・公式rule由来mapping・一意な一般則categoryのいずれでも決定できない。 collector_status=NO_ITEM_MATCH_IN_FETCHED_OFFICIAL_SOURCES
M130,I008,UNRESOLVED,,,,,TRUE,UNRESOLVED,直接記載・公式rule由来mapping・一意な一般則categoryのいずれでも決定できない。 collector_status=NO_ITEM_MATCH_IN_FETCHED_OFFICIAL_SOURCES
M130,I009,GENERAL_RULE_DERIVED,C-M130-02,容器包装プラスチック,S-M130-01,容器包装プラスチック,TRUE,CATEGORY_SUPPORTED_CONDITION_REVIEW_REQUIRED,個別記載・既存mappingなし。一般的な材質/用途ルールと一意のCURRENT公式categoryが一致。 collector_status=NO_ITEM_MATCH_IN_FETCHED_OFFICIAL_SOURCES
M130,I010,GENERAL_RULE_DERIVED,C-M130-02,容器包装プラスチック,S-M130-01,容器包装プラスチック,TRUE,CATEGORY_SUPPORTED_CONDITION_REVIEW_REQUIRED,個別記載・既存mappingなし。一般的な材質/用途ルールと一意のCURRENT公式categoryが一致。 collector_status=NO_ITEM_MATCH_IN_FETCHED_OFFICIAL_SOURCES
M130,I011,GENERAL_RULE_DERIVED,C-M130-02,容器包装プラスチック,S-M130-01,容器包装プラスチック,TRUE,CATEGORY_SUPPORTED_CONDITION_REVIEW_REQUIRED,個別記載・既存mappingなし。一般的な材質/用途ルールと一意のCURRENT公式categoryが一致。 collector_status=NO_ITEM_MATCH_IN_FETCHED_OFFICIAL_SOURCES
M130,I012,GENERAL_RULE_DERIVED,C-M130-02,容器包装プラスチック,S-M130-01,容器包装プラスチック,TRUE,CATEGORY_SUPPORTED_CONDITION_REVIEW_REQUIRED,個別記載・既存mappingなし。一般的な材質/用途ルールと一意のCURRENT公式categoryが一致。 collector_status=NO_ITEM_MATCH_IN_FETCHED_OFFICIAL_SOURCES
M130,I013,UNRESOLVED,,,,,FALSE,UNRESOLVED,直接記載・公式rule由来mapping・一意な一般則categoryのいずれでも決定できない。 collector_status=NO_ITEM_MATCH_IN_FETCHED_OFFICIAL_SOURCES
M130,I014,UNRESOLVED,,,,,FALSE,UNRESOLVED,直接記載・公式rule由来mapping・一意な一般則categoryのいずれでも決定できない。 collector_status=NO_ITEM_MATCH_IN_FETCHED_OFFICIAL_SOURCES
M130,I015,UNRESOLVED,,,,,FALSE,UNRESOLVED,直接記載・公式rule由来mapping・一意な一般則categoryのいずれでも決定できない。 collector_status=NO_ITEM_MATCH_IN_FETCHED_OFFICIAL_SOURCES
M130,I016,UNRESOLVED,,,,,FALSE,UNRESOLVED,直接記載・公式rule由来mapping・一意な一般則categoryのいずれでも決定できない。 collector_status=NO_ITEM_MATCH_IN_FETCHED_OFFICIAL_SOURCES
M130,I017,UNRESOLVED,,,,,TRUE,UNRESOLVED,直接記載・公式rule由来mapping・一意な一般則categoryのいずれでも決定できない。 collector_status=NO_ITEM_MATCH_IN_FETCHED_OFFICIAL_SOURCES
M130,I018,OFFICIAL_RULE_DERIVED,C-M130-01,燃やせるごみ,S-M130-01,燃やせるごみ,TRUE,CATEGORY_SUPPORTED_CONDITION_REVIEW_REQUIRED,品目の直接記載は必須とせず、既存mappingを支えるCURRENT公式category ruleから判定。 collector_status=NO_ITEM_MATCH_IN_FETCHED_OFFICIAL_SOURCES
M130,I019,UNRESOLVED,,,,,FALSE,UNRESOLVED,直接記載・公式rule由来mapping・一意な一般則categoryのいずれでも決定できない。 collector_status=NO_ITEM_MATCH_IN_FETCHED_OFFICIAL_SOURCES
M130,I020,UNRESOLVED,,,,,FALSE,UNRESOLVED,直接記載・公式rule由来mapping・一意な一般則categoryのいずれでも決定できない。 collector_status=NO_ITEM_MATCH_IN_FETCHED_OFFICIAL_SOURCES
M130,I021,UNRESOLVED,,,,,FALSE,UNRESOLVED,直接記載・公式rule由来mapping・一意な一般則categoryのいずれでも決定できない。 collector_status=NO_ITEM_MATCH_IN_FETCHED_OFFICIAL_SOURCES
M130,I022,UNRESOLVED,,,,,TRUE,UNRESOLVED,直接記載・公式rule由来mapping・一意な一般則categoryのいずれでも決定できない。 collector_status=NO_ITEM_MATCH_IN_FETCHED_OFFICIAL_SOURCES
M130,I023,OFFICIAL_RULE_DERIVED,C-M130-08,埋立ごみ,S-M130-01,埋立ごみ,FALSE,CATEGORY_SUPPORTED,品目の直接記載は必須とせず、既存mappingを支えるCURRENT公式category ruleから判定。 collector_status=NO_ITEM_MATCH_IN_FETCHED_OFFICIAL_SOURCES
M130,I024,UNRESOLVED,,,,,FALSE,UNRESOLVED,直接記載・公式rule由来mapping・一意な一般則categoryのいずれでも決定できない。 collector_status=NO_ITEM_MATCH_IN_FETCHED_OFFICIAL_SOURCES
M130,I025,UNRESOLVED,,,,,TRUE,UNRESOLVED,直接記載・公式rule由来mapping・一意な一般則categoryのいずれでも決定できない。 collector_status=NO_ITEM_MATCH_IN_FETCHED_OFFICIAL_SOURCES
M130,I026,UNRESOLVED,,,,,TRUE,UNRESOLVED,直接記載・公式rule由来mapping・一意な一般則categoryのいずれでも決定できない。 collector_status=NO_ITEM_MATCH_IN_FETCHED_OFFICIAL_SOURCES
M130,I027,OFFICIAL_RULE_DERIVED,C-M130-09,有害ごみ,S-M130-02,有害ごみ,TRUE,CATEGORY_SUPPORTED_CONDITION_REVIEW_REQUIRED,品目の直接記載は必須とせず、既存mappingを支えるCURRENT公式category ruleから判定。 collector_status=NO_ITEM_MATCH_IN_FETCHED_OFFICIAL_SOURCES
M130,I028,UNRESOLVED,,,,,TRUE,UNRESOLVED,直接記載・公式rule由来mapping・一意な一般則categoryのいずれでも決定できない。 collector_status=NO_ITEM_MATCH_IN_FETCHED_OFFICIAL_SOURCES
M130,I029,UNRESOLVED,,,,,TRUE,UNRESOLVED,直接記載・公式rule由来mapping・一意な一般則categoryのいずれでも決定できない。 collector_status=NO_ITEM_MATCH_IN_FETCHED_OFFICIAL_SOURCES
M130,I030,OFFICIAL_RULE_DERIVED,C-M130-09,有害ごみ,S-M130-02,有害ごみ,TRUE,CATEGORY_SUPPORTED_CONDITION_REVIEW_REQUIRED,品目の直接記載は必須とせず、既存mappingを支えるCURRENT公式category ruleから判定。 collector_status=NO_ITEM_MATCH_IN_FETCHED_OFFICIAL_SOURCES
M130,I031,UNRESOLVED,,,,,TRUE,UNRESOLVED,直接記載・公式rule由来mapping・一意な一般則categoryのいずれでも決定できない。 collector_status=NO_ITEM_MATCH_IN_FETCHED_OFFICIAL_SOURCES
M130,I032,OFFICIAL_RULE_DERIVED,C-M130-06,空カン,S-M130-02,空カン,TRUE,CATEGORY_SUPPORTED_CONDITION_REVIEW_REQUIRED,品目の直接記載は必須とせず、既存mappingを支えるCURRENT公式category ruleから判定。 collector_status=NO_ITEM_MATCH_IN_FETCHED_OFFICIAL_SOURCES
M130,I033,UNRESOLVED,,,,,TRUE,UNRESOLVED,直接記載・公式rule由来mapping・一意な一般則categoryのいずれでも決定できない。 collector_status=NO_ITEM_MATCH_IN_FETCHED_OFFICIAL_SOURCES
M130,I034,OFFICIAL_RULE_DERIVED,C-M130-07,金属類,S-M130-01,金属類,TRUE,CATEGORY_SUPPORTED_CONDITION_REVIEW_REQUIRED,品目の直接記載は必須とせず、既存mappingを支えるCURRENT公式category ruleから判定。 collector_status=NO_ITEM_MATCH_IN_FETCHED_OFFICIAL_SOURCES
M130,I035,OFFICIAL_RULE_DERIVED,C-M130-09,有害ごみ,S-M130-02,有害ごみ,TRUE,CATEGORY_SUPPORTED_CONDITION_REVIEW_REQUIRED,品目の直接記載は必須とせず、既存mappingを支えるCURRENT公式category ruleから判定。 collector_status=NO_ITEM_MATCH_IN_FETCHED_OFFICIAL_SOURCES
M130,I036,UNRESOLVED,,,,,TRUE,UNRESOLVED,直接記載・公式rule由来mapping・一意な一般則categoryのいずれでも決定できない。 collector_status=NO_ITEM_MATCH_IN_FETCHED_OFFICIAL_SOURCES
M130,I037,OFFICIAL_RULE_DERIVED,C-M130-11,特定家庭用機器,S-M130-03,特定家庭用機器,TRUE,CATEGORY_SUPPORTED_CONDITION_REVIEW_REQUIRED,品目の直接記載は必須とせず、既存mappingを支えるCURRENT公式category ruleから判定。 collector_status=NO_ITEM_MATCH_IN_FETCHED_OFFICIAL_SOURCES
M130,I038,DIRECT_ITEM,C-M130-12,家庭用パソコン,S-M130-01,text-match:パソコン + 家庭用パソコン,TRUE,CATEGORY_SUPPORTED_CONDITION_REVIEW_REQUIRED,全既存branchで公式資料中の品目表記とcategoryの直接候補あり。 collector_status=ALL_EXISTING_BRANCHES_HAVE_DIRECT_CANDIDATE
M130,I039,UNRESOLVED,,,,,TRUE,UNRESOLVED,直接記載・公式rule由来mapping・一意な一般則categoryのいずれでも決定できない。 collector_status=NO_ITEM_MATCH_IN_FETCHED_OFFICIAL_SOURCES
M130,I040,UNRESOLVED,,,,,TRUE,UNRESOLVED,直接記載・公式rule由来mapping・一意な一般則categoryのいずれでも決定できない。 collector_status=NO_ITEM_MATCH_IN_FETCHED_OFFICIAL_SOURCES
M131,I001,OFFICIAL_RULE_DERIVED,C-M131-05,ペットボトル,S-M131-01,ペットボトル,FALSE,CATEGORY_SUPPORTED,品目の直接記載は必須とせず、既存mappingを支えるCURRENT公式category ruleから判定。 collector_status=NO_ITEM_MATCH_IN_FETCHED_OFFICIAL_SOURCES
M131,I002,UNRESOLVED,,,,,TRUE,UNRESOLVED,直接記載・公式rule由来mapping・一意な一般則categoryのいずれでも決定できない。 collector_status=NO_ITEM_MATCH_IN_FETCHED_OFFICIAL_SOURCES
M131,I003,UNRESOLVED,,,,,TRUE,UNRESOLVED,直接記載・公式rule由来mapping・一意な一般則categoryのいずれでも決定できない。 collector_status=NO_ITEM_MATCH_IN_FETCHED_OFFICIAL_SOURCES
M131,I004,UNRESOLVED,,,,,FALSE,UNRESOLVED,直接記載・公式rule由来mapping・一意な一般則categoryのいずれでも決定できない。 collector_status=NO_ITEM_MATCH_IN_FETCHED_OFFICIAL_SOURCES
M131,I005,UNRESOLVED,,,,,FALSE,UNRESOLVED,直接記載・公式rule由来mapping・一意な一般則categoryのいずれでも決定できない。 collector_status=NO_ITEM_MATCH_IN_FETCHED_OFFICIAL_SOURCES
M131,I006,OFFICIAL_RULE_DERIVED,C-M131-06,リサイクルびん,S-M131-01,リサイクルびん,TRUE,CATEGORY_SUPPORTED_CONDITION_REVIEW_REQUIRED,品目の直接記載は必須とせず、既存mappingを支えるCURRENT公式category ruleから判定。 collector_status=NO_ITEM_MATCH_IN_FETCHED_OFFICIAL_SOURCES
M131,I007,UNRESOLVED,,,,,TRUE,UNRESOLVED,直接記載・公式rule由来mapping・一意な一般則categoryのいずれでも決定できない。 collector_status=NO_ITEM_MATCH_IN_FETCHED_OFFICIAL_SOURCES
M131,I008,UNRESOLVED,,,,,TRUE,UNRESOLVED,直接記載・公式rule由来mapping・一意な一般則categoryのいずれでも決定できない。 collector_status=NO_ITEM_MATCH_IN_FETCHED_OFFICIAL_SOURCES
M131,I009,UNRESOLVED,,,,,TRUE,UNRESOLVED,直接記載・公式rule由来mapping・一意な一般則categoryのいずれでも決定できない。 collector_status=NO_ITEM_MATCH_IN_FETCHED_OFFICIAL_SOURCES
M131,I010,UNRESOLVED,,,,,TRUE,UNRESOLVED,直接記載・公式rule由来mapping・一意な一般則categoryのいずれでも決定できない。 collector_status=NO_ITEM_MATCH_IN_FETCHED_OFFICIAL_SOURCES
M131,I011,UNRESOLVED,,,,,TRUE,UNRESOLVED,直接記載・公式rule由来mapping・一意な一般則categoryのいずれでも決定できない。 collector_status=NO_ITEM_MATCH_IN_FETCHED_OFFICIAL_SOURCES
M131,I012,UNRESOLVED,,,,,TRUE,UNRESOLVED,直接記載・公式rule由来mapping・一意な一般則categoryのいずれでも決定できない。 collector_status=NO_ITEM_MATCH_IN_FETCHED_OFFICIAL_SOURCES
M131,I013,OFFICIAL_RULE_DERIVED,C-M131-10,新聞・雑誌、ダンボール,S-M131-01,新聞・雑誌、ダンボール,TRUE,CATEGORY_SUPPORTED_CONDITION_REVIEW_REQUIRED,品目の直接記載は必須とせず、既存mappingを支えるCURRENT公式category ruleから判定。 collector_status=NO_ITEM_MATCH_IN_FETCHED_OFFICIAL_SOURCES
M131,I014,OFFICIAL_RULE_DERIVED,C-M131-10,新聞・雑誌、ダンボール,S-M131-01,新聞・雑誌、ダンボール,TRUE,CATEGORY_SUPPORTED_CONDITION_REVIEW_REQUIRED,品目の直接記載は必須とせず、既存mappingを支えるCURRENT公式category ruleから判定。 collector_status=NO_ITEM_MATCH_IN_FETCHED_OFFICIAL_SOURCES
M131,I015,OFFICIAL_RULE_DERIVED,C-M131-10,新聞・雑誌、ダンボール,S-M131-01,新聞・雑誌、ダンボール,TRUE,CATEGORY_SUPPORTED_CONDITION_REVIEW_REQUIRED,品目の直接記載は必須とせず、既存mappingを支えるCURRENT公式category ruleから判定。 collector_status=NO_ITEM_MATCH_IN_FETCHED_OFFICIAL_SOURCES
M131,I016,UNRESOLVED,,,,,FALSE,UNRESOLVED,直接記載・公式rule由来mapping・一意な一般則categoryのいずれでも決定できない。 collector_status=NO_ITEM_MATCH_IN_FETCHED_OFFICIAL_SOURCES
M131,I017,UNRESOLVED,,,,,TRUE,UNRESOLVED,直接記載・公式rule由来mapping・一意な一般則categoryのいずれでも決定できない。 collector_status=NO_ITEM_MATCH_IN_FETCHED_OFFICIAL_SOURCES
M131,I018,OFFICIAL_RULE_DERIVED,C-M131-01,焼却ごみ,S-M131-01,焼却ごみ,TRUE,CATEGORY_SUPPORTED_CONDITION_REVIEW_REQUIRED,品目の直接記載は必須とせず、既存mappingを支えるCURRENT公式category ruleから判定。 collector_status=NO_ITEM_MATCH_IN_FETCHED_OFFICIAL_SOURCES
M131,I019,UNRESOLVED,,,,,FALSE,UNRESOLVED,直接記載・公式rule由来mapping・一意な一般則categoryのいずれでも決定できない。 collector_status=NO_ITEM_MATCH_IN_FETCHED_OFFICIAL_SOURCES
M131,I020,UNRESOLVED,,,,,FALSE,UNRESOLVED,直接記載・公式rule由来mapping・一意な一般則categoryのいずれでも決定できない。 collector_status=NO_ITEM_MATCH_IN_FETCHED_OFFICIAL_SOURCES
M131,I021,OFFICIAL_RULE_DERIVED,C-M131-11,リサイクル衣類,S-M131-01,リサイクル衣類,FALSE,CATEGORY_SUPPORTED,品目の直接記載は必須とせず、既存mappingを支えるCURRENT公式category ruleから判定。 collector_status=NO_ITEM_MATCH_IN_FETCHED_OFFICIAL_SOURCES
M131,I022,UNRESOLVED,,,,,TRUE,UNRESOLVED,直接記載・公式rule由来mapping・一意な一般則categoryのいずれでも決定できない。 collector_status=NO_ITEM_MATCH_IN_FETCHED_OFFICIAL_SOURCES
M131,I023,GENERAL_RULE_DERIVED,C-M131-03,金属・不燃ごみ,S-M131-01,金属・不燃ごみ,FALSE,CATEGORY_SUPPORTED,個別記載・既存mappingなし。一般的な材質/用途ルールと一意のCURRENT公式categoryが一致。 collector_status=NO_ITEM_MATCH_IN_FETCHED_OFFICIAL_SOURCES
M131,I024,GENERAL_RULE_DERIVED,C-M131-03,金属・不燃ごみ,S-M131-01,金属・不燃ごみ,FALSE,CATEGORY_SUPPORTED,個別記載・既存mappingなし。一般的な材質/用途ルールと一意のCURRENT公式categoryが一致。 collector_status=NO_ITEM_MATCH_IN_FETCHED_OFFICIAL_SOURCES
M131,I025,UNRESOLVED,,,,,TRUE,UNRESOLVED,直接記載・公式rule由来mapping・一意な一般則categoryのいずれでも決定できない。 collector_status=NO_ITEM_MATCH_IN_FETCHED_OFFICIAL_SOURCES
M131,I026,UNRESOLVED,,,,,TRUE,UNRESOLVED,直接記載・公式rule由来mapping・一意な一般則categoryのいずれでも決定できない。 collector_status=NO_ITEM_MATCH_IN_FETCHED_OFFICIAL_SOURCES
M131,I027,UNRESOLVED,,,,,TRUE,UNRESOLVED,直接記載・公式rule由来mapping・一意な一般則categoryのいずれでも決定できない。 collector_status=NO_ITEM_MATCH_IN_FETCHED_OFFICIAL_SOURCES
M131,I028,UNRESOLVED,,,,,TRUE,UNRESOLVED,直接記載・公式rule由来mapping・一意な一般則categoryのいずれでも決定できない。 collector_status=NO_ITEM_MATCH_IN_FETCHED_OFFICIAL_SOURCES
M131,I029,UNRESOLVED,,,,,TRUE,UNRESOLVED,直接記載・公式rule由来mapping・一意な一般則categoryのいずれでも決定できない。 collector_status=NO_ITEM_MATCH_IN_FETCHED_OFFICIAL_SOURCES
M131,I030,OFFICIAL_RULE_DERIVED,C-M131-08,蛍光灯類,S-M131-01,蛍光灯類,TRUE,CATEGORY_SUPPORTED_CONDITION_REVIEW_REQUIRED,品目の直接記載は必須とせず、既存mappingを支えるCURRENT公式category ruleから判定。 collector_status=NO_ITEM_MATCH_IN_FETCHED_OFFICIAL_SOURCES
M131,I031,UNRESOLVED,,,,,TRUE,UNRESOLVED,直接記載・公式rule由来mapping・一意な一般則categoryのいずれでも決定できない。 collector_status=NO_ITEM_MATCH_IN_FETCHED_OFFICIAL_SOURCES
M131,I032,OFFICIAL_RULE_DERIVED,C-M131-09,電池・ライター・スプレー類,S-M131-01,電池・ライター・スプレー類,TRUE,CATEGORY_SUPPORTED_CONDITION_REVIEW_REQUIRED,品目の直接記載は必須とせず、既存mappingを支えるCURRENT公式category ruleから判定。 collector_status=NO_ITEM_MATCH_IN_FETCHED_OFFICIAL_SOURCES
M131,I033,OFFICIAL_RULE_DERIVED,C-M131-09,電池・ライター・スプレー類,S-M131-01,電池・ライター・スプレー類,TRUE,CATEGORY_SUPPORTED_CONDITION_REVIEW_REQUIRED,品目の直接記載は必須とせず、既存mappingを支えるCURRENT公式category ruleから判定。 collector_status=NO_ITEM_MATCH_IN_FETCHED_OFFICIAL_SOURCES
M131,I034,UNRESOLVED,,,,,TRUE,UNRESOLVED,直接記載・公式rule由来mapping・一意な一般則categoryのいずれでも決定できない。 collector_status=NO_ITEM_MATCH_IN_FETCHED_OFFICIAL_SOURCES
M131,I035,UNRESOLVED,,,,,TRUE,UNRESOLVED,直接記載・公式rule由来mapping・一意な一般則categoryのいずれでも決定できない。 collector_status=NO_ITEM_MATCH_IN_FETCHED_OFFICIAL_SOURCES
M131,I036,UNRESOLVED,,,,,TRUE,UNRESOLVED,直接記載・公式rule由来mapping・一意な一般則categoryのいずれでも決定できない。 collector_status=NO_ITEM_MATCH_IN_FETCHED_OFFICIAL_SOURCES
M131,I037,UNRESOLVED,,,,,TRUE,UNRESOLVED,直接記載・公式rule由来mapping・一意な一般則categoryのいずれでも決定できない。 collector_status=NO_ITEM_MATCH_IN_FETCHED_OFFICIAL_SOURCES
M131,I038,UNRESOLVED,,,,,TRUE,UNRESOLVED,直接記載・公式rule由来mapping・一意な一般則categoryのいずれでも決定できない。 collector_status=NO_ITEM_MATCH_IN_FETCHED_OFFICIAL_SOURCES
M131,I039,UNRESOLVED,,,,,TRUE,UNRESOLVED,直接記載・公式rule由来mapping・一意な一般則categoryのいずれでも決定できない。 collector_status=NO_ITEM_MATCH_IN_FETCHED_OFFICIAL_SOURCES
M131,I040,UNRESOLVED,,,,,TRUE,UNRESOLVED,直接記載・公式rule由来mapping・一意な一般則categoryのいずれでも決定できない。 collector_status=NO_ITEM_MATCH_IN_FETCHED_OFFICIAL_SOURCES
M132,I001,DIRECT_ITEM,C-M132-13,ペットボトル,S-M132-02,text-match:ペットボトル + ペットボトル,FALSE,CATEGORY_SUPPORTED,全既存branchで公式資料中の品目表記とcategoryの直接候補あり。 collector_status=ALL_EXISTING_BRANCHES_HAVE_DIRECT_CANDIDATE
M132,I002,UNRESOLVED,,,,,TRUE,UNRESOLVED,直接記載・公式rule由来mapping・一意な一般則categoryのいずれでも決定できない。 collector_status=ONE_INFERRED_CATEGORY_CANDIDATE
M132,I003,UNRESOLVED,,,,,TRUE,UNRESOLVED,直接記載・公式rule由来mapping・一意な一般則categoryのいずれでも決定できない。 collector_status=ONE_INFERRED_CATEGORY_CANDIDATE
M132,I004,UNRESOLVED,,,,,FALSE,UNRESOLVED,直接記載・公式rule由来mapping・一意な一般則categoryのいずれでも決定できない。 collector_status=NO_ITEM_MATCH_IN_FETCHED_OFFICIAL_SOURCES
M132,I005,UNRESOLVED,,,,,FALSE,UNRESOLVED,直接記載・公式rule由来mapping・一意な一般則categoryのいずれでも決定できない。 collector_status=NO_ITEM_MATCH_IN_FETCHED_OFFICIAL_SOURCES
M132,I006,UNRESOLVED,,,,,TRUE,UNRESOLVED,直接記載・公式rule由来mapping・一意な一般則categoryのいずれでも決定できない。 collector_status=NO_ITEM_MATCH_IN_FETCHED_OFFICIAL_SOURCES
M132,I007,UNRESOLVED,,,,,TRUE,UNRESOLVED,直接記載・公式rule由来mapping・一意な一般則categoryのいずれでも決定できない。 collector_status=NO_ITEM_MATCH_IN_FETCHED_OFFICIAL_SOURCES
M132,I008,UNRESOLVED,,,,,TRUE,UNRESOLVED,直接記載・公式rule由来mapping・一意な一般則categoryのいずれでも決定できない。 collector_status=NO_ITEM_MATCH_IN_FETCHED_OFFICIAL_SOURCES
M132,I009,UNRESOLVED,,,,,TRUE,UNRESOLVED,直接記載・公式rule由来mapping・一意な一般則categoryのいずれでも決定できない。 collector_status=NO_ITEM_MATCH_IN_FETCHED_OFFICIAL_SOURCES
M132,I010,UNRESOLVED,,,,,TRUE,UNRESOLVED,直接記載・公式rule由来mapping・一意な一般則categoryのいずれでも決定できない。 collector_status=NO_ITEM_MATCH_IN_FETCHED_OFFICIAL_SOURCES
M132,I011,UNRESOLVED,,,,,TRUE,UNRESOLVED,直接記載・公式rule由来mapping・一意な一般則categoryのいずれでも決定できない。 collector_status=NO_ITEM_MATCH_IN_FETCHED_OFFICIAL_SOURCES
M132,I012,UNRESOLVED,,,,,TRUE,UNRESOLVED,直接記載・公式rule由来mapping・一意な一般則categoryのいずれでも決定できない。 collector_status=NO_ITEM_MATCH_IN_FETCHED_OFFICIAL_SOURCES
M132,I013,OFFICIAL_RULE_DERIVED,C-M132-03,新聞紙・チラシ,S-M132-01,新聞紙・チラシ,FALSE,CATEGORY_SUPPORTED,品目の直接記載は必須とせず、既存mappingを支えるCURRENT公式category ruleから判定。 collector_status=AMBIGUOUS_CATEGORY_CANDIDATES
M132,I014,DIRECT_ITEM,C-M132-05,段ボール,S-M132-01,text-match:段ボール + 段ボール,FALSE,CATEGORY_SUPPORTED,全既存branchで公式資料中の品目表記とcategoryの直接候補あり。 collector_status=ALL_EXISTING_BRANCHES_HAVE_DIRECT_CANDIDATE
M132,I015,DIRECT_ITEM,C-M132-04,雑誌,S-M132-01,text-match:雑誌 + 雑誌,FALSE,CATEGORY_SUPPORTED,全既存branchで公式資料中の品目表記とcategoryの直接候補あり。 collector_status=ALL_EXISTING_BRANCHES_HAVE_DIRECT_CANDIDATE
M132,I016,UNRESOLVED,,,,,FALSE,UNRESOLVED,直接記載・公式rule由来mapping・一意な一般則categoryのいずれでも決定できない。 collector_status=NO_ITEM_MATCH_IN_FETCHED_OFFICIAL_SOURCES
M132,I017,DIRECT_ITEM,C-M132-06,紙パック,S-M132-01,text-match:紙パック + 紙パック,TRUE,CATEGORY_SUPPORTED_CONDITION_REVIEW_REQUIRED,全既存branchで公式資料中の品目表記とcategoryの直接候補あり。 collector_status=ALL_EXISTING_BRANCHES_HAVE_DIRECT_CANDIDATE
M132,I018,DIRECT_ITEM,C-M132-01,燃えるごみ,S-M132-01,text-match:生ごみ + 燃えるごみ,TRUE,CATEGORY_SUPPORTED_CONDITION_REVIEW_REQUIRED,全既存branchで公式資料中の品目表記とcategoryの直接候補あり。 collector_status=ALL_EXISTING_BRANCHES_HAVE_DIRECT_CANDIDATE
M132,I019,GENERAL_RULE_DERIVED,C-M132-01,燃えるごみ,S-M132-01,燃えるごみ,TRUE,CATEGORY_SUPPORTED_CONDITION_REVIEW_REQUIRED,個別記載・既存mappingなし。一般的な材質/用途ルールと一意のCURRENT公式categoryが一致。 collector_status=NO_ITEM_MATCH_IN_FETCHED_OFFICIAL_SOURCES
M132,I020,GENERAL_RULE_DERIVED,C-M132-01,燃えるごみ,S-M132-01,燃えるごみ,TRUE,CATEGORY_SUPPORTED_CONDITION_REVIEW_REQUIRED,個別記載・既存mappingなし。一般的な材質/用途ルールと一意のCURRENT公式categoryが一致。 collector_status=NO_ITEM_MATCH_IN_FETCHED_OFFICIAL_SOURCES
M132,I021,UNRESOLVED,,,,,FALSE,UNRESOLVED,直接記載・公式rule由来mapping・一意な一般則categoryのいずれでも決定できない。 collector_status=ITEM_MATCH_WITHOUT_CATEGORY
M132,I022,UNRESOLVED,,,,,TRUE,UNRESOLVED,直接記載・公式rule由来mapping・一意な一般則categoryのいずれでも決定できない。 collector_status=NO_ITEM_MATCH_IN_FETCHED_OFFICIAL_SOURCES
M132,I023,DIRECT_ITEM,C-M132-08,ガラス・灰類,S-M132-01,text-match:陶磁器 + ガラス・灰類,FALSE,CATEGORY_SUPPORTED,全既存branchで公式資料中の品目表記とcategoryの直接候補あり。 collector_status=ALL_EXISTING_BRANCHES_HAVE_DIRECT_CANDIDATE
M132,I024,UNRESOLVED,,,,,FALSE,UNRESOLVED,直接記載・公式rule由来mapping・一意な一般則categoryのいずれでも決定できない。 collector_status=AMBIGUOUS_CATEGORY_CANDIDATES
M132,I025,UNRESOLVED,,,,,TRUE,UNRESOLVED,直接記載・公式rule由来mapping・一意な一般則categoryのいずれでも決定できない。 collector_status=NO_ITEM_MATCH_IN_FETCHED_OFFICIAL_SOURCES
M132,I026,UNRESOLVED,,,,,TRUE,UNRESOLVED,直接記載・公式rule由来mapping・一意な一般則categoryのいずれでも決定できない。 collector_status=NO_ITEM_MATCH_IN_FETCHED_OFFICIAL_SOURCES
M132,I027,UNRESOLVED,,,,,TRUE,UNRESOLVED,直接記載・公式rule由来mapping・一意な一般則categoryのいずれでも決定できない。 collector_status=ITEM_MATCH_WITHOUT_CATEGORY
M132,I028,UNRESOLVED,,,,,TRUE,UNRESOLVED,直接記載・公式rule由来mapping・一意な一般則categoryのいずれでも決定できない。 collector_status=NO_ITEM_MATCH_IN_FETCHED_OFFICIAL_SOURCES
M132,I029,UNRESOLVED,,,,,TRUE,UNRESOLVED,直接記載・公式rule由来mapping・一意な一般則categoryのいずれでも決定できない。 collector_status=NO_ITEM_MATCH_IN_FETCHED_OFFICIAL_SOURCES
M132,I030,DIRECT_ITEM,C-M132-08,ガラス・灰類,S-M132-01,text-match:蛍光灯 + ガラス・灰類,TRUE,CATEGORY_SUPPORTED_CONDITION_REVIEW_REQUIRED,全既存branchで公式資料中の品目表記とcategoryの直接候補あり。 collector_status=ALL_EXISTING_BRANCHES_HAVE_DIRECT_CANDIDATE
M132,I031,DIRECT_ITEM,C-M132-08,ガラス・灰類,S-M132-01,text-match:電球 + ガラス・灰類,TRUE,CATEGORY_SUPPORTED_CONDITION_REVIEW_REQUIRED,全既存branchで公式資料中の品目表記とcategoryの直接候補あり。 collector_status=ALL_EXISTING_BRANCHES_HAVE_DIRECT_CANDIDATE
M132,I032,DIRECT_ITEM,C-M132-09,金属類,S-M132-01,text-match:スプレー缶 + 金属類,TRUE,CATEGORY_SUPPORTED_CONDITION_REVIEW_REQUIRED,全既存branchで公式資料中の品目表記とcategoryの直接候補あり。 collector_status=ALL_EXISTING_BRANCHES_HAVE_DIRECT_CANDIDATE
M132,I033,UNRESOLVED,,,,,TRUE,UNRESOLVED,直接記載・公式rule由来mapping・一意な一般則categoryのいずれでも決定できない。 collector_status=NO_ITEM_MATCH_IN_FETCHED_OFFICIAL_SOURCES
M132,I034,DIRECT_ITEM,C-M132-10,小型家電,S-M132-01,text-match:小型家電 + 小型家電,TRUE,CATEGORY_SUPPORTED_CONDITION_REVIEW_REQUIRED,全既存branchで公式資料中の品目表記とcategoryの直接候補あり。 collector_status=ALL_EXISTING_BRANCHES_HAVE_DIRECT_CANDIDATE
M132,I035,UNRESOLVED,,,,,TRUE,UNRESOLVED,直接記載・公式rule由来mapping・一意な一般則categoryのいずれでも決定できない。 collector_status=NO_ITEM_MATCH_IN_FETCHED_OFFICIAL_SOURCES
M132,I036,UNRESOLVED,,,,,TRUE,UNRESOLVED,直接記載・公式rule由来mapping・一意な一般則categoryのいずれでも決定できない。 collector_status=NO_ITEM_MATCH_IN_FETCHED_OFFICIAL_SOURCES
M132,I037,UNRESOLVED,,,,,TRUE,UNRESOLVED,直接記載・公式rule由来mapping・一意な一般則categoryのいずれでも決定できない。 collector_status=NO_ITEM_MATCH_IN_FETCHED_OFFICIAL_SOURCES
M132,I038,UNRESOLVED,,,,,TRUE,UNRESOLVED,直接記載・公式rule由来mapping・一意な一般則categoryのいずれでも決定できない。 collector_status=ITEM_MATCH_WITHOUT_CATEGORY
M132,I039,UNRESOLVED,,,,,TRUE,UNRESOLVED,直接記載・公式rule由来mapping・一意な一般則categoryのいずれでも決定できない。 collector_status=NO_ITEM_MATCH_IN_FETCHED_OFFICIAL_SOURCES
M132,I040,UNRESOLVED,,,,,TRUE,UNRESOLVED,直接記載・公式rule由来mapping・一意な一般則categoryのいずれでも決定できない。 collector_status=NO_ITEM_MATCH_IN_FETCHED_OFFICIAL_SOURCES
M133,I001,OFFICIAL_RULE_DERIVED,C-M133-14,ペットボトル,S-M133-01,ペットボトル,FALSE,CATEGORY_SUPPORTED,品目の直接記載は必須とせず、既存mappingを支えるCURRENT公式category ruleから判定。 collector_status=NO_ITEM_MATCH_IN_FETCHED_OFFICIAL_SOURCES
M133,I002,UNRESOLVED,,,,,TRUE,UNRESOLVED,直接記載・公式rule由来mapping・一意な一般則categoryのいずれでも決定できない。 collector_status=NO_ITEM_MATCH_IN_FETCHED_OFFICIAL_SOURCES
M133,I003,UNRESOLVED,,,,,TRUE,UNRESOLVED,直接記載・公式rule由来mapping・一意な一般則categoryのいずれでも決定できない。 collector_status=NO_ITEM_MATCH_IN_FETCHED_OFFICIAL_SOURCES
M133,I004,UNRESOLVED,,,,,FALSE,UNRESOLVED,直接記載・公式rule由来mapping・一意な一般則categoryのいずれでも決定できない。 collector_status=NO_ITEM_MATCH_IN_FETCHED_OFFICIAL_SOURCES
M133,I005,UNRESOLVED,,,,,FALSE,UNRESOLVED,直接記載・公式rule由来mapping・一意な一般則categoryのいずれでも決定できない。 collector_status=NO_ITEM_MATCH_IN_FETCHED_OFFICIAL_SOURCES
M133,I006,UNRESOLVED,,,,,TRUE,UNRESOLVED,直接記載・公式rule由来mapping・一意な一般則categoryのいずれでも決定できない。 collector_status=NO_ITEM_MATCH_IN_FETCHED_OFFICIAL_SOURCES
M133,I007,UNRESOLVED,,,,,TRUE,UNRESOLVED,直接記載・公式rule由来mapping・一意な一般則categoryのいずれでも決定できない。 collector_status=NO_ITEM_MATCH_IN_FETCHED_OFFICIAL_SOURCES
M133,I008,UNRESOLVED,,,,,TRUE,UNRESOLVED,直接記載・公式rule由来mapping・一意な一般則categoryのいずれでも決定できない。 collector_status=NO_ITEM_MATCH_IN_FETCHED_OFFICIAL_SOURCES
M133,I009,UNRESOLVED,,,,,TRUE,UNRESOLVED,直接記載・公式rule由来mapping・一意な一般則categoryのいずれでも決定できない。 collector_status=NO_ITEM_MATCH_IN_FETCHED_OFFICIAL_SOURCES
M133,I010,UNRESOLVED,,,,,TRUE,UNRESOLVED,直接記載・公式rule由来mapping・一意な一般則categoryのいずれでも決定できない。 collector_status=NO_ITEM_MATCH_IN_FETCHED_OFFICIAL_SOURCES
M133,I011,UNRESOLVED,,,,,TRUE,UNRESOLVED,直接記載・公式rule由来mapping・一意な一般則categoryのいずれでも決定できない。 collector_status=NO_ITEM_MATCH_IN_FETCHED_OFFICIAL_SOURCES
M133,I012,UNRESOLVED,,,,,TRUE,UNRESOLVED,直接記載・公式rule由来mapping・一意な一般則categoryのいずれでも決定できない。 collector_status=NO_ITEM_MATCH_IN_FETCHED_OFFICIAL_SOURCES
M133,I013,OFFICIAL_RULE_DERIVED,C-M133-09,新聞,S-M133-03,新聞,FALSE,CATEGORY_SUPPORTED,品目の直接記載は必須とせず、既存mappingを支えるCURRENT公式category ruleから判定。 collector_status=NO_ITEM_MATCH_IN_FETCHED_OFFICIAL_SOURCES
M133,I014,OFFICIAL_RULE_DERIVED,C-M133-11,段ボール,S-M133-03,段ボール,FALSE,CATEGORY_SUPPORTED,品目の直接記載は必須とせず、既存mappingを支えるCURRENT公式category ruleから判定。 collector_status=NO_ITEM_MATCH_IN_FETCHED_OFFICIAL_SOURCES
M133,I015,OFFICIAL_RULE_DERIVED,C-M133-10,雑誌,S-M133-03,雑誌,FALSE,CATEGORY_SUPPORTED,品目の直接記載は必須とせず、既存mappingを支えるCURRENT公式category ruleから判定。 collector_status=NO_ITEM_MATCH_IN_FETCHED_OFFICIAL_SOURCES
M133,I016,UNRESOLVED,,,,,FALSE,UNRESOLVED,直接記載・公式rule由来mapping・一意な一般則categoryのいずれでも決定できない。 collector_status=NO_ITEM_MATCH_IN_FETCHED_OFFICIAL_SOURCES
M133,I017,OFFICIAL_RULE_DERIVED,C-M133-13,紙パック,S-M133-03,紙パック,TRUE,CATEGORY_SUPPORTED_CONDITION_REVIEW_REQUIRED,品目の直接記載は必須とせず、既存mappingを支えるCURRENT公式category ruleから判定。 collector_status=NO_ITEM_MATCH_IN_FETCHED_OFFICIAL_SOURCES
M133,I018,OFFICIAL_RULE_DERIVED,C-M133-01,可燃ごみ,S-M133-01,可燃ごみ,TRUE,CATEGORY_SUPPORTED_CONDITION_REVIEW_REQUIRED,品目の直接記載は必須とせず、既存mappingを支えるCURRENT公式category ruleから判定。 collector_status=NO_ITEM_MATCH_IN_FETCHED_OFFICIAL_SOURCES
M133,I019,GENERAL_RULE_DERIVED,C-M133-01,可燃ごみ,S-M133-01,可燃ごみ,TRUE,CATEGORY_SUPPORTED_CONDITION_REVIEW_REQUIRED,個別記載・既存mappingなし。一般的な材質/用途ルールと一意のCURRENT公式categoryが一致。 collector_status=NO_ITEM_MATCH_IN_FETCHED_OFFICIAL_SOURCES
M133,I020,GENERAL_RULE_DERIVED,C-M133-01,可燃ごみ,S-M133-01,可燃ごみ,TRUE,CATEGORY_SUPPORTED_CONDITION_REVIEW_REQUIRED,個別記載・既存mappingなし。一般的な材質/用途ルールと一意のCURRENT公式categoryが一致。 collector_status=NO_ITEM_MATCH_IN_FETCHED_OFFICIAL_SOURCES
M133,I021,OFFICIAL_RULE_DERIVED,C-M133-12,古着,S-M133-03,古着,FALSE,CATEGORY_SUPPORTED,品目の直接記載は必須とせず、既存mappingを支えるCURRENT公式category ruleから判定。 collector_status=NO_ITEM_MATCH_IN_FETCHED_OFFICIAL_SOURCES
M133,I022,UNRESOLVED,,,,,TRUE,UNRESOLVED,直接記載・公式rule由来mapping・一意な一般則categoryのいずれでも決定できない。 collector_status=NO_ITEM_MATCH_IN_FETCHED_OFFICIAL_SOURCES
M133,I023,UNRESOLVED,,,,,FALSE,UNRESOLVED,直接記載・公式rule由来mapping・一意な一般則categoryのいずれでも決定できない。 collector_status=NO_ITEM_MATCH_IN_FETCHED_OFFICIAL_SOURCES
M133,I024,UNRESOLVED,,,,,FALSE,UNRESOLVED,直接記載・公式rule由来mapping・一意な一般則categoryのいずれでも決定できない。 collector_status=NO_ITEM_MATCH_IN_FETCHED_OFFICIAL_SOURCES
M133,I025,UNRESOLVED,,,,,TRUE,UNRESOLVED,直接記載・公式rule由来mapping・一意な一般則categoryのいずれでも決定できない。 collector_status=NO_ITEM_MATCH_IN_FETCHED_OFFICIAL_SOURCES
M133,I026,UNRESOLVED,,,,,TRUE,UNRESOLVED,直接記載・公式rule由来mapping・一意な一般則categoryのいずれでも決定できない。 collector_status=NO_ITEM_MATCH_IN_FETCHED_OFFICIAL_SOURCES
M133,I027,UNRESOLVED,,,,,TRUE,UNRESOLVED,直接記載・公式rule由来mapping・一意な一般則categoryのいずれでも決定できない。 collector_status=NO_ITEM_MATCH_IN_FETCHED_OFFICIAL_SOURCES
M133,I028,UNRESOLVED,,,,,TRUE,UNRESOLVED,直接記載・公式rule由来mapping・一意な一般則categoryのいずれでも決定できない。 collector_status=NO_ITEM_MATCH_IN_FETCHED_OFFICIAL_SOURCES
M133,I029,UNRESOLVED,,,,,TRUE,UNRESOLVED,直接記載・公式rule由来mapping・一意な一般則categoryのいずれでも決定できない。 collector_status=NO_ITEM_MATCH_IN_FETCHED_OFFICIAL_SOURCES
M133,I030,UNRESOLVED,,,,,TRUE,UNRESOLVED,直接記載・公式rule由来mapping・一意な一般則categoryのいずれでも決定できない。 collector_status=NO_ITEM_MATCH_IN_FETCHED_OFFICIAL_SOURCES
M133,I031,UNRESOLVED,,,,,TRUE,UNRESOLVED,直接記載・公式rule由来mapping・一意な一般則categoryのいずれでも決定できない。 collector_status=NO_ITEM_MATCH_IN_FETCHED_OFFICIAL_SOURCES
M133,I032,OFFICIAL_RULE_DERIVED,C-M133-04,缶,S-M133-02,缶,TRUE,CATEGORY_SUPPORTED_CONDITION_REVIEW_REQUIRED,品目の直接記載は必須とせず、既存mappingを支えるCURRENT公式category ruleから判定。 collector_status=NO_ITEM_MATCH_IN_FETCHED_OFFICIAL_SOURCES
M133,I033,UNRESOLVED,,,,,TRUE,UNRESOLVED,直接記載・公式rule由来mapping・一意な一般則categoryのいずれでも決定できない。 collector_status=NO_ITEM_MATCH_IN_FETCHED_OFFICIAL_SOURCES
M133,I034,OFFICIAL_RULE_DERIVED,C-M133-05,金属類,S-M133-02,金属類,TRUE,CATEGORY_SUPPORTED_CONDITION_REVIEW_REQUIRED,品目の直接記載は必須とせず、既存mappingを支えるCURRENT公式category ruleから判定。 collector_status=NO_ITEM_MATCH_IN_FETCHED_OFFICIAL_SOURCES
M133,I035,UNRESOLVED,,,,,TRUE,UNRESOLVED,直接記載・公式rule由来mapping・一意な一般則categoryのいずれでも決定できない。 collector_status=NO_ITEM_MATCH_IN_FETCHED_OFFICIAL_SOURCES
M133,I036,UNRESOLVED,,,,,TRUE,UNRESOLVED,直接記載・公式rule由来mapping・一意な一般則categoryのいずれでも決定できない。 collector_status=NO_ITEM_MATCH_IN_FETCHED_OFFICIAL_SOURCES
M133,I037,UNRESOLVED,,,,,TRUE,UNRESOLVED,直接記載・公式rule由来mapping・一意な一般則categoryのいずれでも決定できない。 collector_status=NO_ITEM_MATCH_IN_FETCHED_OFFICIAL_SOURCES
M133,I038,UNRESOLVED,,,,,TRUE,UNRESOLVED,直接記載・公式rule由来mapping・一意な一般則categoryのいずれでも決定できない。 collector_status=NO_ITEM_MATCH_IN_FETCHED_OFFICIAL_SOURCES
M133,I039,UNRESOLVED,,,,,TRUE,UNRESOLVED,直接記載・公式rule由来mapping・一意な一般則categoryのいずれでも決定できない。 collector_status=NO_ITEM_MATCH_IN_FETCHED_OFFICIAL_SOURCES
M133,I040,UNRESOLVED,,,,,TRUE,UNRESOLVED,直接記載・公式rule由来mapping・一意な一般則categoryのいずれでも決定できない。 collector_status=NO_ITEM_MATCH_IN_FETCHED_OFFICIAL_SOURCES
M134,I001,OFFICIAL_RULE_DERIVED,C-M134-14,ペットボトル,S-M134-01,ペットボトル,FALSE,CATEGORY_SUPPORTED,品目の直接記載は必須とせず、既存mappingを支えるCURRENT公式category ruleから判定。 collector_status=NO_ITEM_MATCH_IN_FETCHED_OFFICIAL_SOURCES
M134,I002,UNRESOLVED,,,,,TRUE,UNRESOLVED,直接記載・公式rule由来mapping・一意な一般則categoryのいずれでも決定できない。 collector_status=NO_ITEM_MATCH_IN_FETCHED_OFFICIAL_SOURCES
M134,I003,UNRESOLVED,,,,,TRUE,UNRESOLVED,直接記載・公式rule由来mapping・一意な一般則categoryのいずれでも決定できない。 collector_status=NO_ITEM_MATCH_IN_FETCHED_OFFICIAL_SOURCES
M134,I004,UNRESOLVED,,,,,FALSE,UNRESOLVED,直接記載・公式rule由来mapping・一意な一般則categoryのいずれでも決定できない。 collector_status=NO_ITEM_MATCH_IN_FETCHED_OFFICIAL_SOURCES
M134,I005,UNRESOLVED,,,,,FALSE,UNRESOLVED,直接記載・公式rule由来mapping・一意な一般則categoryのいずれでも決定できない。 collector_status=NO_ITEM_MATCH_IN_FETCHED_OFFICIAL_SOURCES
M134,I006,UNRESOLVED,,,,,TRUE,UNRESOLVED,直接記載・公式rule由来mapping・一意な一般則categoryのいずれでも決定できない。 collector_status=NO_ITEM_MATCH_IN_FETCHED_OFFICIAL_SOURCES
M134,I007,UNRESOLVED,,,,,TRUE,UNRESOLVED,直接記載・公式rule由来mapping・一意な一般則categoryのいずれでも決定できない。 collector_status=NO_ITEM_MATCH_IN_FETCHED_OFFICIAL_SOURCES
M134,I008,UNRESOLVED,,,,,TRUE,UNRESOLVED,直接記載・公式rule由来mapping・一意な一般則categoryのいずれでも決定できない。 collector_status=NO_ITEM_MATCH_IN_FETCHED_OFFICIAL_SOURCES
M134,I009,UNRESOLVED,,,,,TRUE,UNRESOLVED,直接記載・公式rule由来mapping・一意な一般則categoryのいずれでも決定できない。 collector_status=NO_ITEM_MATCH_IN_FETCHED_OFFICIAL_SOURCES
M134,I010,UNRESOLVED,,,,,TRUE,UNRESOLVED,直接記載・公式rule由来mapping・一意な一般則categoryのいずれでも決定できない。 collector_status=NO_ITEM_MATCH_IN_FETCHED_OFFICIAL_SOURCES
M134,I011,UNRESOLVED,,,,,TRUE,UNRESOLVED,直接記載・公式rule由来mapping・一意な一般則categoryのいずれでも決定できない。 collector_status=NO_ITEM_MATCH_IN_FETCHED_OFFICIAL_SOURCES
M134,I012,UNRESOLVED,,,,,TRUE,UNRESOLVED,直接記載・公式rule由来mapping・一意な一般則categoryのいずれでも決定できない。 collector_status=NO_ITEM_MATCH_IN_FETCHED_OFFICIAL_SOURCES
M134,I013,OFFICIAL_RULE_DERIVED,C-M134-09,新聞,S-M134-03,新聞,FALSE,CATEGORY_SUPPORTED,品目の直接記載は必須とせず、既存mappingを支えるCURRENT公式category ruleから判定。 collector_status=NO_ITEM_MATCH_IN_FETCHED_OFFICIAL_SOURCES
M134,I014,OFFICIAL_RULE_DERIVED,C-M134-11,段ボール,S-M134-03,段ボール,FALSE,CATEGORY_SUPPORTED,品目の直接記載は必須とせず、既存mappingを支えるCURRENT公式category ruleから判定。 collector_status=NO_ITEM_MATCH_IN_FETCHED_OFFICIAL_SOURCES
M134,I015,OFFICIAL_RULE_DERIVED,C-M134-10,雑誌,S-M134-03,雑誌,FALSE,CATEGORY_SUPPORTED,品目の直接記載は必須とせず、既存mappingを支えるCURRENT公式category ruleから判定。 collector_status=NO_ITEM_MATCH_IN_FETCHED_OFFICIAL_SOURCES
M134,I016,UNRESOLVED,,,,,FALSE,UNRESOLVED,直接記載・公式rule由来mapping・一意な一般則categoryのいずれでも決定できない。 collector_status=NO_ITEM_MATCH_IN_FETCHED_OFFICIAL_SOURCES
M134,I017,OFFICIAL_RULE_DERIVED,C-M134-13,紙パック,S-M134-03,紙パック,TRUE,CATEGORY_SUPPORTED_CONDITION_REVIEW_REQUIRED,品目の直接記載は必須とせず、既存mappingを支えるCURRENT公式category ruleから判定。 collector_status=NO_ITEM_MATCH_IN_FETCHED_OFFICIAL_SOURCES
M134,I018,OFFICIAL_RULE_DERIVED,C-M134-01,可燃ごみ,S-M134-01,可燃ごみ,TRUE,CATEGORY_SUPPORTED_CONDITION_REVIEW_REQUIRED,品目の直接記載は必須とせず、既存mappingを支えるCURRENT公式category ruleから判定。 collector_status=NO_ITEM_MATCH_IN_FETCHED_OFFICIAL_SOURCES
M134,I019,GENERAL_RULE_DERIVED,C-M134-01,可燃ごみ,S-M134-01,可燃ごみ,TRUE,CATEGORY_SUPPORTED_CONDITION_REVIEW_REQUIRED,個別記載・既存mappingなし。一般的な材質/用途ルールと一意のCURRENT公式categoryが一致。 collector_status=NO_ITEM_MATCH_IN_FETCHED_OFFICIAL_SOURCES
M134,I020,GENERAL_RULE_DERIVED,C-M134-01,可燃ごみ,S-M134-01,可燃ごみ,TRUE,CATEGORY_SUPPORTED_CONDITION_REVIEW_REQUIRED,個別記載・既存mappingなし。一般的な材質/用途ルールと一意のCURRENT公式categoryが一致。 collector_status=NO_ITEM_MATCH_IN_FETCHED_OFFICIAL_SOURCES
M134,I021,OFFICIAL_RULE_DERIVED,C-M134-12,古着,S-M134-03,古着,FALSE,CATEGORY_SUPPORTED,品目の直接記載は必須とせず、既存mappingを支えるCURRENT公式category ruleから判定。 collector_status=NO_ITEM_MATCH_IN_FETCHED_OFFICIAL_SOURCES
M134,I022,UNRESOLVED,,,,,TRUE,UNRESOLVED,直接記載・公式rule由来mapping・一意な一般則categoryのいずれでも決定できない。 collector_status=NO_ITEM_MATCH_IN_FETCHED_OFFICIAL_SOURCES
M134,I023,UNRESOLVED,,,,,FALSE,UNRESOLVED,直接記載・公式rule由来mapping・一意な一般則categoryのいずれでも決定できない。 collector_status=NO_ITEM_MATCH_IN_FETCHED_OFFICIAL_SOURCES
M134,I024,UNRESOLVED,,,,,FALSE,UNRESOLVED,直接記載・公式rule由来mapping・一意な一般則categoryのいずれでも決定できない。 collector_status=NO_ITEM_MATCH_IN_FETCHED_OFFICIAL_SOURCES
M134,I025,UNRESOLVED,,,,,TRUE,UNRESOLVED,直接記載・公式rule由来mapping・一意な一般則categoryのいずれでも決定できない。 collector_status=NO_ITEM_MATCH_IN_FETCHED_OFFICIAL_SOURCES
M134,I026,UNRESOLVED,,,,,TRUE,UNRESOLVED,直接記載・公式rule由来mapping・一意な一般則categoryのいずれでも決定できない。 collector_status=NO_ITEM_MATCH_IN_FETCHED_OFFICIAL_SOURCES
M134,I027,UNRESOLVED,,,,,TRUE,UNRESOLVED,直接記載・公式rule由来mapping・一意な一般則categoryのいずれでも決定できない。 collector_status=NO_ITEM_MATCH_IN_FETCHED_OFFICIAL_SOURCES
M134,I028,UNRESOLVED,,,,,TRUE,UNRESOLVED,直接記載・公式rule由来mapping・一意な一般則categoryのいずれでも決定できない。 collector_status=NO_ITEM_MATCH_IN_FETCHED_OFFICIAL_SOURCES
M134,I029,UNRESOLVED,,,,,TRUE,UNRESOLVED,直接記載・公式rule由来mapping・一意な一般則categoryのいずれでも決定できない。 collector_status=NO_ITEM_MATCH_IN_FETCHED_OFFICIAL_SOURCES
M134,I030,UNRESOLVED,,,,,TRUE,UNRESOLVED,直接記載・公式rule由来mapping・一意な一般則categoryのいずれでも決定できない。 collector_status=NO_ITEM_MATCH_IN_FETCHED_OFFICIAL_SOURCES
M134,I031,UNRESOLVED,,,,,TRUE,UNRESOLVED,直接記載・公式rule由来mapping・一意な一般則categoryのいずれでも決定できない。 collector_status=NO_ITEM_MATCH_IN_FETCHED_OFFICIAL_SOURCES
M134,I032,OFFICIAL_RULE_DERIVED,C-M134-04,缶,S-M134-02,缶,TRUE,CATEGORY_SUPPORTED_CONDITION_REVIEW_REQUIRED,品目の直接記載は必須とせず、既存mappingを支えるCURRENT公式category ruleから判定。 collector_status=NO_ITEM_MATCH_IN_FETCHED_OFFICIAL_SOURCES
M134,I033,UNRESOLVED,,,,,TRUE,UNRESOLVED,直接記載・公式rule由来mapping・一意な一般則categoryのいずれでも決定できない。 collector_status=NO_ITEM_MATCH_IN_FETCHED_OFFICIAL_SOURCES
M134,I034,OFFICIAL_RULE_DERIVED,C-M134-05,金属類,S-M134-02,金属類,TRUE,CATEGORY_SUPPORTED_CONDITION_REVIEW_REQUIRED,品目の直接記載は必須とせず、既存mappingを支えるCURRENT公式category ruleから判定。 collector_status=NO_ITEM_MATCH_IN_FETCHED_OFFICIAL_SOURCES
M134,I035,UNRESOLVED,,,,,TRUE,UNRESOLVED,直接記載・公式rule由来mapping・一意な一般則categoryのいずれでも決定できない。 collector_status=NO_ITEM_MATCH_IN_FETCHED_OFFICIAL_SOURCES
M134,I036,UNRESOLVED,,,,,TRUE,UNRESOLVED,直接記載・公式rule由来mapping・一意な一般則categoryのいずれでも決定できない。 collector_status=NO_ITEM_MATCH_IN_FETCHED_OFFICIAL_SOURCES
M134,I037,UNRESOLVED,,,,,TRUE,UNRESOLVED,直接記載・公式rule由来mapping・一意な一般則categoryのいずれでも決定できない。 collector_status=NO_ITEM_MATCH_IN_FETCHED_OFFICIAL_SOURCES
M134,I038,UNRESOLVED,,,,,TRUE,UNRESOLVED,直接記載・公式rule由来mapping・一意な一般則categoryのいずれでも決定できない。 collector_status=NO_ITEM_MATCH_IN_FETCHED_OFFICIAL_SOURCES
M134,I039,UNRESOLVED,,,,,TRUE,UNRESOLVED,直接記載・公式rule由来mapping・一意な一般則categoryのいずれでも決定できない。 collector_status=NO_ITEM_MATCH_IN_FETCHED_OFFICIAL_SOURCES
M134,I040,UNRESOLVED,,,,,TRUE,UNRESOLVED,直接記載・公式rule由来mapping・一意な一般則categoryのいずれでも決定できない。 collector_status=NO_ITEM_MATCH_IN_FETCHED_OFFICIAL_SOURCES
M135,I001,UNRESOLVED,,,,,FALSE,UNRESOLVED,直接記載・公式rule由来mapping・一意な一般則categoryのいずれでも決定できない。 collector_status=NO_ITEM_MATCH_IN_FETCHED_OFFICIAL_SOURCES
M135,I002,UNRESOLVED,,,,,TRUE,UNRESOLVED,直接記載・公式rule由来mapping・一意な一般則categoryのいずれでも決定できない。 collector_status=NO_ITEM_MATCH_IN_FETCHED_OFFICIAL_SOURCES
M135,I003,UNRESOLVED,,,,,TRUE,UNRESOLVED,直接記載・公式rule由来mapping・一意な一般則categoryのいずれでも決定できない。 collector_status=NO_ITEM_MATCH_IN_FETCHED_OFFICIAL_SOURCES
M135,I004,UNRESOLVED,,,,,FALSE,UNRESOLVED,直接記載・公式rule由来mapping・一意な一般則categoryのいずれでも決定できない。 collector_status=NO_ITEM_MATCH_IN_FETCHED_OFFICIAL_SOURCES
M135,I005,UNRESOLVED,,,,,FALSE,UNRESOLVED,直接記載・公式rule由来mapping・一意な一般則categoryのいずれでも決定できない。 collector_status=NO_ITEM_MATCH_IN_FETCHED_OFFICIAL_SOURCES
M135,I006,UNRESOLVED,,,,,TRUE,UNRESOLVED,直接記載・公式rule由来mapping・一意な一般則categoryのいずれでも決定できない。 collector_status=NO_ITEM_MATCH_IN_FETCHED_OFFICIAL_SOURCES
M135,I007,UNRESOLVED,,,,,TRUE,UNRESOLVED,直接記載・公式rule由来mapping・一意な一般則categoryのいずれでも決定できない。 collector_status=NO_ITEM_MATCH_IN_FETCHED_OFFICIAL_SOURCES
M135,I008,UNRESOLVED,,,,,TRUE,UNRESOLVED,直接記載・公式rule由来mapping・一意な一般則categoryのいずれでも決定できない。 collector_status=NO_ITEM_MATCH_IN_FETCHED_OFFICIAL_SOURCES
M135,I009,UNRESOLVED,,,,,TRUE,UNRESOLVED,直接記載・公式rule由来mapping・一意な一般則categoryのいずれでも決定できない。 collector_status=NO_ITEM_MATCH_IN_FETCHED_OFFICIAL_SOURCES
M135,I010,UNRESOLVED,,,,,TRUE,UNRESOLVED,直接記載・公式rule由来mapping・一意な一般則categoryのいずれでも決定できない。 collector_status=NO_ITEM_MATCH_IN_FETCHED_OFFICIAL_SOURCES
M135,I011,UNRESOLVED,,,,,TRUE,UNRESOLVED,直接記載・公式rule由来mapping・一意な一般則categoryのいずれでも決定できない。 collector_status=NO_ITEM_MATCH_IN_FETCHED_OFFICIAL_SOURCES
M135,I012,UNRESOLVED,,,,,TRUE,UNRESOLVED,直接記載・公式rule由来mapping・一意な一般則categoryのいずれでも決定できない。 collector_status=NO_ITEM_MATCH_IN_FETCHED_OFFICIAL_SOURCES
M135,I013,UNRESOLVED,,,,,FALSE,UNRESOLVED,直接記載・公式rule由来mapping・一意な一般則categoryのいずれでも決定できない。 collector_status=NO_ITEM_MATCH_IN_FETCHED_OFFICIAL_SOURCES
M135,I014,UNRESOLVED,,,,,FALSE,UNRESOLVED,直接記載・公式rule由来mapping・一意な一般則categoryのいずれでも決定できない。 collector_status=NO_ITEM_MATCH_IN_FETCHED_OFFICIAL_SOURCES
M135,I015,UNRESOLVED,,,,,FALSE,UNRESOLVED,直接記載・公式rule由来mapping・一意な一般則categoryのいずれでも決定できない。 collector_status=NO_ITEM_MATCH_IN_FETCHED_OFFICIAL_SOURCES
M135,I016,UNRESOLVED,,,,,FALSE,UNRESOLVED,直接記載・公式rule由来mapping・一意な一般則categoryのいずれでも決定できない。 collector_status=NO_ITEM_MATCH_IN_FETCHED_OFFICIAL_SOURCES
M135,I017,UNRESOLVED,,,,,TRUE,UNRESOLVED,直接記載・公式rule由来mapping・一意な一般則categoryのいずれでも決定できない。 collector_status=NO_ITEM_MATCH_IN_FETCHED_OFFICIAL_SOURCES
M135,I018,UNRESOLVED,,,,,FALSE,UNRESOLVED,直接記載・公式rule由来mapping・一意な一般則categoryのいずれでも決定できない。 collector_status=NO_ITEM_MATCH_IN_FETCHED_OFFICIAL_SOURCES
M135,I019,GENERAL_RULE_DERIVED,C-M135-01,可燃ごみ,S-M135-02,可燃ごみ,TRUE,CATEGORY_SUPPORTED_CONDITION_REVIEW_REQUIRED,個別記載・既存mappingなし。一般的な材質/用途ルールと一意のCURRENT公式categoryが一致。 collector_status=NO_ITEM_MATCH_IN_FETCHED_OFFICIAL_SOURCES
M135,I020,GENERAL_RULE_DERIVED,C-M135-01,可燃ごみ,S-M135-02,可燃ごみ,TRUE,CATEGORY_SUPPORTED_CONDITION_REVIEW_REQUIRED,個別記載・既存mappingなし。一般的な材質/用途ルールと一意のCURRENT公式categoryが一致。 collector_status=NO_ITEM_MATCH_IN_FETCHED_OFFICIAL_SOURCES
M135,I021,UNRESOLVED,,,,,FALSE,UNRESOLVED,直接記載・公式rule由来mapping・一意な一般則categoryのいずれでも決定できない。 collector_status=NO_ITEM_MATCH_IN_FETCHED_OFFICIAL_SOURCES
M135,I022,UNRESOLVED,,,,,TRUE,UNRESOLVED,直接記載・公式rule由来mapping・一意な一般則categoryのいずれでも決定できない。 collector_status=NO_ITEM_MATCH_IN_FETCHED_OFFICIAL_SOURCES
M135,I023,OFFICIAL_RULE_DERIVED,C-M135-02,不燃ごみ,S-M135-02,不燃ごみ,TRUE,CATEGORY_SUPPORTED_CONDITION_REVIEW_REQUIRED,品目の直接記載は必須とせず、既存mappingを支えるCURRENT公式category ruleから判定。 collector_status=ITEM_MATCH_WITHOUT_CATEGORY
M135,I024,GENERAL_RULE_DERIVED,C-M135-02,不燃ごみ,S-M135-02,不燃ごみ,TRUE,CATEGORY_SUPPORTED_CONDITION_REVIEW_REQUIRED,個別記載・既存mappingなし。一般的な材質/用途ルールと一意のCURRENT公式categoryが一致。 collector_status=NO_ITEM_MATCH_IN_FETCHED_OFFICIAL_SOURCES
M135,I025,UNRESOLVED,,,,,TRUE,UNRESOLVED,直接記載・公式rule由来mapping・一意な一般則categoryのいずれでも決定できない。 collector_status=NO_ITEM_MATCH_IN_FETCHED_OFFICIAL_SOURCES
M135,I026,UNRESOLVED,,,,,TRUE,UNRESOLVED,直接記載・公式rule由来mapping・一意な一般則categoryのいずれでも決定できない。 collector_status=NO_ITEM_MATCH_IN_FETCHED_OFFICIAL_SOURCES
M135,I027,UNRESOLVED,,,,,TRUE,UNRESOLVED,直接記載・公式rule由来mapping・一意な一般則categoryのいずれでも決定できない。 collector_status=NO_ITEM_MATCH_IN_FETCHED_OFFICIAL_SOURCES
M135,I028,UNRESOLVED,,,,,TRUE,UNRESOLVED,直接記載・公式rule由来mapping・一意な一般則categoryのいずれでも決定できない。 collector_status=NO_ITEM_MATCH_IN_FETCHED_OFFICIAL_SOURCES
M135,I029,UNRESOLVED,,,,,TRUE,UNRESOLVED,直接記載・公式rule由来mapping・一意な一般則categoryのいずれでも決定できない。 collector_status=NO_ITEM_MATCH_IN_FETCHED_OFFICIAL_SOURCES
M135,I030,OFFICIAL_RULE_DERIVED,C-M135-02,不燃ごみ,S-M135-02,不燃ごみ,TRUE,CATEGORY_SUPPORTED_CONDITION_REVIEW_REQUIRED,品目の直接記載は必須とせず、既存mappingを支えるCURRENT公式category ruleから判定。 collector_status=NO_ITEM_MATCH_IN_FETCHED_OFFICIAL_SOURCES
M135,I031,UNRESOLVED,,,,,TRUE,UNRESOLVED,直接記載・公式rule由来mapping・一意な一般則categoryのいずれでも決定できない。 collector_status=NO_ITEM_MATCH_IN_FETCHED_OFFICIAL_SOURCES
M135,I032,UNRESOLVED,,,,,TRUE,UNRESOLVED,直接記載・公式rule由来mapping・一意な一般則categoryのいずれでも決定できない。 collector_status=NO_ITEM_MATCH_IN_FETCHED_OFFICIAL_SOURCES
M135,I033,UNRESOLVED,,,,,TRUE,UNRESOLVED,直接記載・公式rule由来mapping・一意な一般則categoryのいずれでも決定できない。 collector_status=NO_ITEM_MATCH_IN_FETCHED_OFFICIAL_SOURCES
M135,I034,UNRESOLVED,,,,,TRUE,UNRESOLVED,直接記載・公式rule由来mapping・一意な一般則categoryのいずれでも決定できない。 collector_status=NO_ITEM_MATCH_IN_FETCHED_OFFICIAL_SOURCES
M135,I035,UNRESOLVED,,,,,TRUE,UNRESOLVED,直接記載・公式rule由来mapping・一意な一般則categoryのいずれでも決定できない。 collector_status=NO_ITEM_MATCH_IN_FETCHED_OFFICIAL_SOURCES
M135,I036,UNRESOLVED,,,,,TRUE,UNRESOLVED,直接記載・公式rule由来mapping・一意な一般則categoryのいずれでも決定できない。 collector_status=NO_ITEM_MATCH_IN_FETCHED_OFFICIAL_SOURCES
M135,I037,UNRESOLVED,,,,,TRUE,UNRESOLVED,直接記載・公式rule由来mapping・一意な一般則categoryのいずれでも決定できない。 collector_status=NO_ITEM_MATCH_IN_FETCHED_OFFICIAL_SOURCES
M135,I038,UNRESOLVED,,,,,TRUE,UNRESOLVED,直接記載・公式rule由来mapping・一意な一般則categoryのいずれでも決定できない。 collector_status=NO_ITEM_MATCH_IN_FETCHED_OFFICIAL_SOURCES
M135,I039,UNRESOLVED,,,,,TRUE,UNRESOLVED,直接記載・公式rule由来mapping・一意な一般則categoryのいずれでも決定できない。 collector_status=NO_ITEM_MATCH_IN_FETCHED_OFFICIAL_SOURCES
M135,I040,UNRESOLVED,,,,,TRUE,UNRESOLVED,直接記載・公式rule由来mapping・一意な一般則categoryのいずれでも決定できない。 collector_status=NO_ITEM_MATCH_IN_FETCHED_OFFICIAL_SOURCES
M137,I001,OFFICIAL_RULE_DERIVED,C-M137-04,ペットボトル,S-M137-01,ペットボトル,FALSE,CATEGORY_SUPPORTED,品目の直接記載は必須とせず、既存mappingを支えるCURRENT公式category ruleから判定。 collector_status=NO_ITEM_MATCH_IN_FETCHED_OFFICIAL_SOURCES
M137,I002,UNRESOLVED,,,,,TRUE,UNRESOLVED,直接記載・公式rule由来mapping・一意な一般則categoryのいずれでも決定できない。 collector_status=NO_ITEM_MATCH_IN_FETCHED_OFFICIAL_SOURCES
M137,I003,UNRESOLVED,,,,,TRUE,UNRESOLVED,直接記載・公式rule由来mapping・一意な一般則categoryのいずれでも決定できない。 collector_status=NO_ITEM_MATCH_IN_FETCHED_OFFICIAL_SOURCES
M137,I004,UNRESOLVED,,,,,FALSE,UNRESOLVED,直接記載・公式rule由来mapping・一意な一般則categoryのいずれでも決定できない。 collector_status=NO_ITEM_MATCH_IN_FETCHED_OFFICIAL_SOURCES
M137,I005,UNRESOLVED,,,,,FALSE,UNRESOLVED,直接記載・公式rule由来mapping・一意な一般則categoryのいずれでも決定できない。 collector_status=NO_ITEM_MATCH_IN_FETCHED_OFFICIAL_SOURCES
M137,I006,OFFICIAL_RULE_DERIVED,C-M137-05,ビン類,S-M137-02,ビン類,TRUE,CATEGORY_SUPPORTED_CONDITION_REVIEW_REQUIRED,品目の直接記載は必須とせず、既存mappingを支えるCURRENT公式category ruleから判定。 collector_status=NO_ITEM_MATCH_IN_FETCHED_OFFICIAL_SOURCES
M137,I007,UNRESOLVED,,,,,TRUE,UNRESOLVED,直接記載・公式rule由来mapping・一意な一般則categoryのいずれでも決定できない。 collector_status=NO_ITEM_MATCH_IN_FETCHED_OFFICIAL_SOURCES
M137,I008,UNRESOLVED,,,,,TRUE,UNRESOLVED,直接記載・公式rule由来mapping・一意な一般則categoryのいずれでも決定できない。 collector_status=NO_ITEM_MATCH_IN_FETCHED_OFFICIAL_SOURCES
M137,I009,GENERAL_RULE_DERIVED,C-M137-02,プラスチック容器包装,S-M137-02,プラスチック容器包装,TRUE,CATEGORY_SUPPORTED_CONDITION_REVIEW_REQUIRED,個別記載・既存mappingなし。一般的な材質/用途ルールと一意のCURRENT公式categoryが一致。 collector_status=NO_ITEM_MATCH_IN_FETCHED_OFFICIAL_SOURCES
M137,I010,GENERAL_RULE_DERIVED,C-M137-02,プラスチック容器包装,S-M137-02,プラスチック容器包装,TRUE,CATEGORY_SUPPORTED_CONDITION_REVIEW_REQUIRED,個別記載・既存mappingなし。一般的な材質/用途ルールと一意のCURRENT公式categoryが一致。 collector_status=NO_ITEM_MATCH_IN_FETCHED_OFFICIAL_SOURCES
M137,I011,GENERAL_RULE_DERIVED,C-M137-02,プラスチック容器包装,S-M137-02,プラスチック容器包装,TRUE,CATEGORY_SUPPORTED_CONDITION_REVIEW_REQUIRED,個別記載・既存mappingなし。一般的な材質/用途ルールと一意のCURRENT公式categoryが一致。 collector_status=NO_ITEM_MATCH_IN_FETCHED_OFFICIAL_SOURCES
M137,I012,GENERAL_RULE_DERIVED,C-M137-02,プラスチック容器包装,S-M137-02,プラスチック容器包装,TRUE,CATEGORY_SUPPORTED_CONDITION_REVIEW_REQUIRED,個別記載・既存mappingなし。一般的な材質/用途ルールと一意のCURRENT公式categoryが一致。 collector_status=NO_ITEM_MATCH_IN_FETCHED_OFFICIAL_SOURCES
M137,I013,UNRESOLVED,,,,,FALSE,UNRESOLVED,直接記載・公式rule由来mapping・一意な一般則categoryのいずれでも決定できない。 collector_status=NO_ITEM_MATCH_IN_FETCHED_OFFICIAL_SOURCES
M137,I014,UNRESOLVED,,,,,FALSE,UNRESOLVED,直接記載・公式rule由来mapping・一意な一般則categoryのいずれでも決定できない。 collector_status=NO_ITEM_MATCH_IN_FETCHED_OFFICIAL_SOURCES
M137,I015,UNRESOLVED,,,,,FALSE,UNRESOLVED,直接記載・公式rule由来mapping・一意な一般則categoryのいずれでも決定できない。 collector_status=NO_ITEM_MATCH_IN_FETCHED_OFFICIAL_SOURCES
M137,I016,UNRESOLVED,,,,,FALSE,UNRESOLVED,直接記載・公式rule由来mapping・一意な一般則categoryのいずれでも決定できない。 collector_status=NO_ITEM_MATCH_IN_FETCHED_OFFICIAL_SOURCES
M137,I017,UNRESOLVED,,,,,TRUE,UNRESOLVED,直接記載・公式rule由来mapping・一意な一般則categoryのいずれでも決定できない。 collector_status=NO_ITEM_MATCH_IN_FETCHED_OFFICIAL_SOURCES
M137,I018,OFFICIAL_RULE_DERIVED,C-M137-01,燃やせるごみ,S-M137-02,燃やせるごみ,FALSE,CATEGORY_SUPPORTED,品目の直接記載は必須とせず、既存mappingを支えるCURRENT公式category ruleから判定。 collector_status=NO_ITEM_MATCH_IN_FETCHED_OFFICIAL_SOURCES
M137,I019,UNRESOLVED,,,,,FALSE,UNRESOLVED,直接記載・公式rule由来mapping・一意な一般則categoryのいずれでも決定できない。 collector_status=NO_ITEM_MATCH_IN_FETCHED_OFFICIAL_SOURCES
M137,I020,UNRESOLVED,,,,,FALSE,UNRESOLVED,直接記載・公式rule由来mapping・一意な一般則categoryのいずれでも決定できない。 collector_status=NO_ITEM_MATCH_IN_FETCHED_OFFICIAL_SOURCES
M137,I021,UNRESOLVED,,,,,FALSE,UNRESOLVED,直接記載・公式rule由来mapping・一意な一般則categoryのいずれでも決定できない。 collector_status=NO_ITEM_MATCH_IN_FETCHED_OFFICIAL_SOURCES
M137,I022,UNRESOLVED,,,,,TRUE,UNRESOLVED,直接記載・公式rule由来mapping・一意な一般則categoryのいずれでも決定できない。 collector_status=NO_ITEM_MATCH_IN_FETCHED_OFFICIAL_SOURCES
M137,I023,UNRESOLVED,,,,,FALSE,UNRESOLVED,直接記載・公式rule由来mapping・一意な一般則categoryのいずれでも決定できない。 collector_status=NO_ITEM_MATCH_IN_FETCHED_OFFICIAL_SOURCES
M137,I024,UNRESOLVED,,,,,FALSE,UNRESOLVED,直接記載・公式rule由来mapping・一意な一般則categoryのいずれでも決定できない。 collector_status=NO_ITEM_MATCH_IN_FETCHED_OFFICIAL_SOURCES
M137,I025,UNRESOLVED,,,,,TRUE,UNRESOLVED,直接記載・公式rule由来mapping・一意な一般則categoryのいずれでも決定できない。 collector_status=NO_ITEM_MATCH_IN_FETCHED_OFFICIAL_SOURCES
M137,I026,UNRESOLVED,,,,,TRUE,UNRESOLVED,直接記載・公式rule由来mapping・一意な一般則categoryのいずれでも決定できない。 collector_status=NO_ITEM_MATCH_IN_FETCHED_OFFICIAL_SOURCES
M137,I027,OFFICIAL_RULE_DERIVED,C-M137-08,有害ごみ,S-M137-02,有害ごみ,TRUE,CATEGORY_SUPPORTED_CONDITION_REVIEW_REQUIRED,品目の直接記載は必須とせず、既存mappingを支えるCURRENT公式category ruleから判定。 collector_status=NO_ITEM_MATCH_IN_FETCHED_OFFICIAL_SOURCES
M137,I028,UNRESOLVED,,,,,TRUE,UNRESOLVED,直接記載・公式rule由来mapping・一意な一般則categoryのいずれでも決定できない。 collector_status=NO_ITEM_MATCH_IN_FETCHED_OFFICIAL_SOURCES
M137,I029,UNRESOLVED,,,,,TRUE,UNRESOLVED,直接記載・公式rule由来mapping・一意な一般則categoryのいずれでも決定できない。 collector_status=NO_ITEM_MATCH_IN_FETCHED_OFFICIAL_SOURCES
M137,I030,OFFICIAL_RULE_DERIVED,C-M137-08,有害ごみ,S-M137-02,有害ごみ,TRUE,CATEGORY_SUPPORTED_CONDITION_REVIEW_REQUIRED,品目の直接記載は必須とせず、既存mappingを支えるCURRENT公式category ruleから判定。 collector_status=NO_ITEM_MATCH_IN_FETCHED_OFFICIAL_SOURCES
M137,I031,OFFICIAL_RULE_DERIVED,C-M137-08,有害ごみ,S-M137-02,有害ごみ,TRUE,CATEGORY_SUPPORTED_CONDITION_REVIEW_REQUIRED,品目の直接記載は必須とせず、既存mappingを支えるCURRENT公式category ruleから判定。 collector_status=NO_ITEM_MATCH_IN_FETCHED_OFFICIAL_SOURCES
M137,I032,UNRESOLVED,,,,,TRUE,UNRESOLVED,直接記載・公式rule由来mapping・一意な一般則categoryのいずれでも決定できない。 collector_status=NO_ITEM_MATCH_IN_FETCHED_OFFICIAL_SOURCES
M137,I033,OFFICIAL_RULE_DERIVED,C-M137-08,有害ごみ,S-M137-02,有害ごみ,TRUE,CATEGORY_SUPPORTED_CONDITION_REVIEW_REQUIRED,品目の直接記載は必須とせず、既存mappingを支えるCURRENT公式category ruleから判定。 collector_status=NO_ITEM_MATCH_IN_FETCHED_OFFICIAL_SOURCES
M137,I034,OFFICIAL_RULE_DERIVED,C-M137-11,小型家電,S-M137-03,小型家電,TRUE,CATEGORY_SUPPORTED_CONDITION_REVIEW_REQUIRED,品目の直接記載は必須とせず、既存mappingを支えるCURRENT公式category ruleから判定。 collector_status=NO_ITEM_MATCH_IN_FETCHED_OFFICIAL_SOURCES
M137,I035,UNRESOLVED,,,,,TRUE,UNRESOLVED,直接記載・公式rule由来mapping・一意な一般則categoryのいずれでも決定できない。 collector_status=NO_ITEM_MATCH_IN_FETCHED_OFFICIAL_SOURCES
M137,I036,UNRESOLVED,,,,,TRUE,UNRESOLVED,直接記載・公式rule由来mapping・一意な一般則categoryのいずれでも決定できない。 collector_status=NO_ITEM_MATCH_IN_FETCHED_OFFICIAL_SOURCES
M137,I037,UNRESOLVED,,,,,TRUE,UNRESOLVED,直接記載・公式rule由来mapping・一意な一般則categoryのいずれでも決定できない。 collector_status=NO_ITEM_MATCH_IN_FETCHED_OFFICIAL_SOURCES
M137,I038,UNRESOLVED,,,,,TRUE,UNRESOLVED,直接記載・公式rule由来mapping・一意な一般則categoryのいずれでも決定できない。 collector_status=NO_ITEM_MATCH_IN_FETCHED_OFFICIAL_SOURCES
M137,I039,UNRESOLVED,,,,,TRUE,UNRESOLVED,直接記載・公式rule由来mapping・一意な一般則categoryのいずれでも決定できない。 collector_status=NO_ITEM_MATCH_IN_FETCHED_OFFICIAL_SOURCES
M137,I040,UNRESOLVED,,,,,TRUE,UNRESOLVED,直接記載・公式rule由来mapping・一意な一般則categoryのいずれでも決定できない。 collector_status=NO_ITEM_MATCH_IN_FETCHED_OFFICIAL_SOURCES
M138,I001,OFFICIAL_RULE_DERIVED,C-M138-13,ペットボトル,S-M138-02,ペットボトル,FALSE,CATEGORY_SUPPORTED,品目の直接記載は必須とせず、既存mappingを支えるCURRENT公式category ruleから判定。 collector_status=NO_ITEM_MATCH_IN_FETCHED_OFFICIAL_SOURCES
M138,I002,UNRESOLVED,,,,,TRUE,UNRESOLVED,直接記載・公式rule由来mapping・一意な一般則categoryのいずれでも決定できない。 collector_status=NO_ITEM_MATCH_IN_FETCHED_OFFICIAL_SOURCES
M138,I003,UNRESOLVED,,,,,TRUE,UNRESOLVED,直接記載・公式rule由来mapping・一意な一般則categoryのいずれでも決定できない。 collector_status=NO_ITEM_MATCH_IN_FETCHED_OFFICIAL_SOURCES
M138,I004,OFFICIAL_RULE_DERIVED,C-M138-04,空かん(アルミ・スチール),S-M138-02,空かん(アルミ・スチール),FALSE,CATEGORY_SUPPORTED,品目の直接記載は必須とせず、既存mappingを支えるCURRENT公式category ruleから判定。 collector_status=NO_ITEM_MATCH_IN_FETCHED_OFFICIAL_SOURCES
M138,I005,OFFICIAL_RULE_DERIVED,C-M138-04,空かん(アルミ・スチール),S-M138-02,空かん(アルミ・スチール),FALSE,CATEGORY_SUPPORTED,品目の直接記載は必須とせず、既存mappingを支えるCURRENT公式category ruleから判定。 collector_status=NO_ITEM_MATCH_IN_FETCHED_OFFICIAL_SOURCES
M138,I006,OFFICIAL_RULE_DERIVED,C-M138-11,生きびん,S-M138-04,生きびん,TRUE,CATEGORY_SUPPORTED_CONDITION_REVIEW_REQUIRED,品目の直接記載は必須とせず、既存mappingを支えるCURRENT公式category ruleから判定。 collector_status=NO_ITEM_MATCH_IN_FETCHED_OFFICIAL_SOURCES
M138,I007,OFFICIAL_RULE_DERIVED,C-M138-14,白色トレイ,S-M138-02,白色トレイ,TRUE,CATEGORY_SUPPORTED_CONDITION_REVIEW_REQUIRED,品目の直接記載は必須とせず、既存mappingを支えるCURRENT公式category ruleから判定。 collector_status=NO_ITEM_MATCH_IN_FETCHED_OFFICIAL_SOURCES
M138,I008,UNRESOLVED,,,,,TRUE,UNRESOLVED,直接記載・公式rule由来mapping・一意な一般則categoryのいずれでも決定できない。 collector_status=NO_ITEM_MATCH_IN_FETCHED_OFFICIAL_SOURCES
M138,I009,UNRESOLVED,,,,,TRUE,UNRESOLVED,直接記載・公式rule由来mapping・一意な一般則categoryのいずれでも決定できない。 collector_status=NO_ITEM_MATCH_IN_FETCHED_OFFICIAL_SOURCES
M138,I010,UNRESOLVED,,,,,TRUE,UNRESOLVED,直接記載・公式rule由来mapping・一意な一般則categoryのいずれでも決定できない。 collector_status=NO_ITEM_MATCH_IN_FETCHED_OFFICIAL_SOURCES
M138,I011,UNRESOLVED,,,,,TRUE,UNRESOLVED,直接記載・公式rule由来mapping・一意な一般則categoryのいずれでも決定できない。 collector_status=NO_ITEM_MATCH_IN_FETCHED_OFFICIAL_SOURCES
M138,I012,UNRESOLVED,,,,,TRUE,UNRESOLVED,直接記載・公式rule由来mapping・一意な一般則categoryのいずれでも決定できない。 collector_status=NO_ITEM_MATCH_IN_FETCHED_OFFICIAL_SOURCES
M138,I013,OFFICIAL_RULE_DERIVED,C-M138-08,新聞紙,S-M138-02,新聞紙,FALSE,CATEGORY_SUPPORTED,品目の直接記載は必須とせず、既存mappingを支えるCURRENT公式category ruleから判定。 collector_status=NO_ITEM_MATCH_IN_FETCHED_OFFICIAL_SOURCES
M138,I014,OFFICIAL_RULE_DERIVED,C-M138-09,段ボール,S-M138-02,段ボール,FALSE,CATEGORY_SUPPORTED,品目の直接記載は必須とせず、既存mappingを支えるCURRENT公式category ruleから判定。 collector_status=NO_ITEM_MATCH_IN_FETCHED_OFFICIAL_SOURCES
M138,I015,OFFICIAL_RULE_DERIVED,C-M138-10,雑誌,S-M138-02,雑誌,FALSE,CATEGORY_SUPPORTED,品目の直接記載は必須とせず、既存mappingを支えるCURRENT公式category ruleから判定。 collector_status=NO_ITEM_MATCH_IN_FETCHED_OFFICIAL_SOURCES
M138,I016,UNRESOLVED,,,,,FALSE,UNRESOLVED,直接記載・公式rule由来mapping・一意な一般則categoryのいずれでも決定できない。 collector_status=NO_ITEM_MATCH_IN_FETCHED_OFFICIAL_SOURCES
M138,I017,UNRESOLVED,,,,,TRUE,UNRESOLVED,直接記載・公式rule由来mapping・一意な一般則categoryのいずれでも決定できない。 collector_status=NO_ITEM_MATCH_IN_FETCHED_OFFICIAL_SOURCES
M138,I018,UNRESOLVED,,,,,FALSE,UNRESOLVED,直接記載・公式rule由来mapping・一意な一般則categoryのいずれでも決定できない。 collector_status=NO_ITEM_MATCH_IN_FETCHED_OFFICIAL_SOURCES
M138,I019,GENERAL_RULE_DERIVED,C-M138-01,可燃ごみ,S-M138-05,可燃ごみ,TRUE,CATEGORY_SUPPORTED_CONDITION_REVIEW_REQUIRED,個別記載・既存mappingなし。一般的な材質/用途ルールと一意のCURRENT公式categoryが一致。 collector_status=NO_ITEM_MATCH_IN_FETCHED_OFFICIAL_SOURCES
M138,I020,GENERAL_RULE_DERIVED,C-M138-01,可燃ごみ,S-M138-05,可燃ごみ,TRUE,CATEGORY_SUPPORTED_CONDITION_REVIEW_REQUIRED,個別記載・既存mappingなし。一般的な材質/用途ルールと一意のCURRENT公式categoryが一致。 collector_status=NO_ITEM_MATCH_IN_FETCHED_OFFICIAL_SOURCES
M138,I021,OFFICIAL_RULE_DERIVED,C-M138-06,布,S-M138-02,布,FALSE,CATEGORY_SUPPORTED,品目の直接記載は必須とせず、既存mappingを支えるCURRENT公式category ruleから判定。 collector_status=NO_ITEM_MATCH_IN_FETCHED_OFFICIAL_SOURCES
M138,I022,UNRESOLVED,,,,,TRUE,UNRESOLVED,直接記載・公式rule由来mapping・一意な一般則categoryのいずれでも決定できない。 collector_status=NO_ITEM_MATCH_IN_FETCHED_OFFICIAL_SOURCES
M138,I023,GENERAL_RULE_DERIVED,C-M138-02,不燃ごみ,S-M138-05,不燃ごみ,TRUE,CATEGORY_SUPPORTED_CONDITION_REVIEW_REQUIRED,個別記載・既存mappingなし。一般的な材質/用途ルールと一意のCURRENT公式categoryが一致。 collector_status=NO_ITEM_MATCH_IN_FETCHED_OFFICIAL_SOURCES
M138,I024,GENERAL_RULE_DERIVED,C-M138-02,不燃ごみ,S-M138-05,不燃ごみ,TRUE,CATEGORY_SUPPORTED_CONDITION_REVIEW_REQUIRED,個別記載・既存mappingなし。一般的な材質/用途ルールと一意のCURRENT公式categoryが一致。 collector_status=NO_ITEM_MATCH_IN_FETCHED_OFFICIAL_SOURCES
M138,I025,UNRESOLVED,,,,,TRUE,UNRESOLVED,直接記載・公式rule由来mapping・一意な一般則categoryのいずれでも決定できない。 collector_status=NO_ITEM_MATCH_IN_FETCHED_OFFICIAL_SOURCES
M138,I026,UNRESOLVED,,,,,TRUE,UNRESOLVED,直接記載・公式rule由来mapping・一意な一般則categoryのいずれでも決定できない。 collector_status=NO_ITEM_MATCH_IN_FETCHED_OFFICIAL_SOURCES
M138,I027,OFFICIAL_RULE_DERIVED,C-M138-16,乾電池,S-M138-04,乾電池,TRUE,CATEGORY_SUPPORTED_CONDITION_REVIEW_REQUIRED,品目の直接記載は必須とせず、既存mappingを支えるCURRENT公式category ruleから判定。 collector_status=NO_ITEM_MATCH_IN_FETCHED_OFFICIAL_SOURCES
M138,I028,UNRESOLVED,,,,,TRUE,UNRESOLVED,直接記載・公式rule由来mapping・一意な一般則categoryのいずれでも決定できない。 collector_status=NO_ITEM_MATCH_IN_FETCHED_OFFICIAL_SOURCES
M138,I029,UNRESOLVED,,,,,TRUE,UNRESOLVED,直接記載・公式rule由来mapping・一意な一般則categoryのいずれでも決定できない。 collector_status=NO_ITEM_MATCH_IN_FETCHED_OFFICIAL_SOURCES
M138,I030,OFFICIAL_RULE_DERIVED,C-M138-17,蛍光管,S-M138-02,蛍光管,TRUE,CATEGORY_SUPPORTED_CONDITION_REVIEW_REQUIRED,品目の直接記載は必須とせず、既存mappingを支えるCURRENT公式category ruleから判定。 collector_status=NO_ITEM_MATCH_IN_FETCHED_OFFICIAL_SOURCES
M138,I031,OFFICIAL_RULE_DERIVED,C-M138-17,蛍光管,S-M138-02,蛍光管,TRUE,CATEGORY_SUPPORTED_CONDITION_REVIEW_REQUIRED,品目の直接記載は必須とせず、既存mappingを支えるCURRENT公式category ruleから判定。 collector_status=NO_ITEM_MATCH_IN_FETCHED_OFFICIAL_SOURCES
M138,I032,UNRESOLVED,,,,,TRUE,UNRESOLVED,直接記載・公式rule由来mapping・一意な一般則categoryのいずれでも決定できない。 collector_status=NO_ITEM_MATCH_IN_FETCHED_OFFICIAL_SOURCES
M138,I033,UNRESOLVED,,,,,TRUE,UNRESOLVED,直接記載・公式rule由来mapping・一意な一般則categoryのいずれでも決定できない。 collector_status=NO_ITEM_MATCH_IN_FETCHED_OFFICIAL_SOURCES
M138,I034,OFFICIAL_RULE_DERIVED,C-M138-18,小型家電,S-M138-04,小型家電,TRUE,CATEGORY_SUPPORTED_CONDITION_REVIEW_REQUIRED,品目の直接記載は必須とせず、既存mappingを支えるCURRENT公式category ruleから判定。 collector_status=NO_ITEM_MATCH_IN_FETCHED_OFFICIAL_SOURCES
M138,I035,UNRESOLVED,,,,,TRUE,UNRESOLVED,直接記載・公式rule由来mapping・一意な一般則categoryのいずれでも決定できない。 collector_status=NO_ITEM_MATCH_IN_FETCHED_OFFICIAL_SOURCES
M138,I036,UNRESOLVED,,,,,TRUE,UNRESOLVED,直接記載・公式rule由来mapping・一意な一般則categoryのいずれでも決定できない。 collector_status=NO_ITEM_MATCH_IN_FETCHED_OFFICIAL_SOURCES
M138,I037,UNRESOLVED,,,,,TRUE,UNRESOLVED,直接記載・公式rule由来mapping・一意な一般則categoryのいずれでも決定できない。 collector_status=NO_ITEM_MATCH_IN_FETCHED_OFFICIAL_SOURCES
M138,I038,UNRESOLVED,,,,,TRUE,UNRESOLVED,直接記載・公式rule由来mapping・一意な一般則categoryのいずれでも決定できない。 collector_status=NO_ITEM_MATCH_IN_FETCHED_OFFICIAL_SOURCES
M138,I039,OFFICIAL_RULE_DERIVED,C-M138-15,廃食油,S-M138-04,廃食油,TRUE,CATEGORY_SUPPORTED_CONDITION_REVIEW_REQUIRED,品目の直接記載は必須とせず、既存mappingを支えるCURRENT公式category ruleから判定。 collector_status=NO_ITEM_MATCH_IN_FETCHED_OFFICIAL_SOURCES
M138,I040,UNRESOLVED,,,,,TRUE,UNRESOLVED,直接記載・公式rule由来mapping・一意な一般則categoryのいずれでも決定できない。 collector_status=NO_ITEM_MATCH_IN_FETCHED_OFFICIAL_SOURCES
M140,I001,OFFICIAL_RULE_DERIVED,C-M140-05,ペットボトル,S-M140-01,ペットボトル,FALSE,CATEGORY_SUPPORTED,品目の直接記載は必須とせず、既存mappingを支えるCURRENT公式category ruleから判定。 collector_status=NO_ITEM_MATCH_IN_FETCHED_OFFICIAL_SOURCES
M140,I002,UNRESOLVED,,,,,TRUE,UNRESOLVED,直接記載・公式rule由来mapping・一意な一般則categoryのいずれでも決定できない。 collector_status=NO_ITEM_MATCH_IN_FETCHED_OFFICIAL_SOURCES
M140,I003,UNRESOLVED,,,,,TRUE,UNRESOLVED,直接記載・公式rule由来mapping・一意な一般則categoryのいずれでも決定できない。 collector_status=NO_ITEM_MATCH_IN_FETCHED_OFFICIAL_SOURCES
M140,I004,OFFICIAL_RULE_DERIVED,C-M140-03,缶類,S-M140-01,缶類,TRUE,CATEGORY_SUPPORTED_CONDITION_REVIEW_REQUIRED,品目の直接記載は必須とせず、既存mappingを支えるCURRENT公式category ruleから判定。 collector_status=NO_ITEM_MATCH_IN_FETCHED_OFFICIAL_SOURCES
M140,I005,OFFICIAL_RULE_DERIVED,C-M140-03,缶類,S-M140-01,缶類,TRUE,CATEGORY_SUPPORTED_CONDITION_REVIEW_REQUIRED,品目の直接記載は必須とせず、既存mappingを支えるCURRENT公式category ruleから判定。 collector_status=NO_ITEM_MATCH_IN_FETCHED_OFFICIAL_SOURCES
M140,I006,OFFICIAL_RULE_DERIVED,C-M140-04,びん類,S-M140-01,びん類,TRUE,CATEGORY_SUPPORTED_CONDITION_REVIEW_REQUIRED,品目の直接記載は必須とせず、既存mappingを支えるCURRENT公式category ruleから判定。 collector_status=NO_ITEM_MATCH_IN_FETCHED_OFFICIAL_SOURCES
M140,I007,UNRESOLVED,,,,,TRUE,UNRESOLVED,直接記載・公式rule由来mapping・一意な一般則categoryのいずれでも決定できない。 collector_status=NO_ITEM_MATCH_IN_FETCHED_OFFICIAL_SOURCES
M140,I008,UNRESOLVED,,,,,TRUE,UNRESOLVED,直接記載・公式rule由来mapping・一意な一般則categoryのいずれでも決定できない。 collector_status=NO_ITEM_MATCH_IN_FETCHED_OFFICIAL_SOURCES
M140,I009,GENERAL_RULE_DERIVED,C-M140-07,プラスチック製容器包装,S-M140-01,プラスチック製容器包装,TRUE,CATEGORY_SUPPORTED_CONDITION_REVIEW_REQUIRED,個別記載・既存mappingなし。一般的な材質/用途ルールと一意のCURRENT公式categoryが一致。 collector_status=NO_ITEM_MATCH_IN_FETCHED_OFFICIAL_SOURCES
M140,I010,GENERAL_RULE_DERIVED,C-M140-07,プラスチック製容器包装,S-M140-01,プラスチック製容器包装,TRUE,CATEGORY_SUPPORTED_CONDITION_REVIEW_REQUIRED,個別記載・既存mappingなし。一般的な材質/用途ルールと一意のCURRENT公式categoryが一致。 collector_status=NO_ITEM_MATCH_IN_FETCHED_OFFICIAL_SOURCES
M140,I011,GENERAL_RULE_DERIVED,C-M140-07,プラスチック製容器包装,S-M140-01,プラスチック製容器包装,TRUE,CATEGORY_SUPPORTED_CONDITION_REVIEW_REQUIRED,個別記載・既存mappingなし。一般的な材質/用途ルールと一意のCURRENT公式categoryが一致。 collector_status=NO_ITEM_MATCH_IN_FETCHED_OFFICIAL_SOURCES
M140,I012,GENERAL_RULE_DERIVED,C-M140-07,プラスチック製容器包装,S-M140-01,プラスチック製容器包装,TRUE,CATEGORY_SUPPORTED_CONDITION_REVIEW_REQUIRED,個別記載・既存mappingなし。一般的な材質/用途ルールと一意のCURRENT公式categoryが一致。 collector_status=NO_ITEM_MATCH_IN_FETCHED_OFFICIAL_SOURCES
M140,I013,OFFICIAL_RULE_DERIVED,C-M140-12,新聞,S-M140-01,新聞,FALSE,CATEGORY_SUPPORTED,品目の直接記載は必須とせず、既存mappingを支えるCURRENT公式category ruleから判定。 collector_status=NO_ITEM_MATCH_IN_FETCHED_OFFICIAL_SOURCES
M140,I014,OFFICIAL_RULE_DERIVED,C-M140-14,ダンボール,S-M140-01,ダンボール,FALSE,CATEGORY_SUPPORTED,品目の直接記載は必須とせず、既存mappingを支えるCURRENT公式category ruleから判定。 collector_status=NO_ITEM_MATCH_IN_FETCHED_OFFICIAL_SOURCES
M140,I015,OFFICIAL_RULE_DERIVED,C-M140-13,雑誌,S-M140-01,雑誌,FALSE,CATEGORY_SUPPORTED,品目の直接記載は必須とせず、既存mappingを支えるCURRENT公式category ruleから判定。 collector_status=NO_ITEM_MATCH_IN_FETCHED_OFFICIAL_SOURCES
M140,I016,UNRESOLVED,,,,,FALSE,UNRESOLVED,直接記載・公式rule由来mapping・一意な一般則categoryのいずれでも決定できない。 collector_status=NO_ITEM_MATCH_IN_FETCHED_OFFICIAL_SOURCES
M140,I017,OFFICIAL_RULE_DERIVED,C-M140-15,紙パック,S-M140-01,紙パック,TRUE,CATEGORY_SUPPORTED_CONDITION_REVIEW_REQUIRED,品目の直接記載は必須とせず、既存mappingを支えるCURRENT公式category ruleから判定。 collector_status=NO_ITEM_MATCH_IN_FETCHED_OFFICIAL_SOURCES
M140,I018,OFFICIAL_RULE_DERIVED,C-M140-01,燃やせるごみ（可燃ごみ）,S-M140-01,燃やせるごみ（可燃ごみ）,TRUE,CATEGORY_SUPPORTED_CONDITION_REVIEW_REQUIRED,品目の直接記載は必須とせず、既存mappingを支えるCURRENT公式category ruleから判定。 collector_status=NO_ITEM_MATCH_IN_FETCHED_OFFICIAL_SOURCES
M140,I019,GENERAL_RULE_DERIVED,C-M140-01,燃やせるごみ（可燃ごみ）,S-M140-01,燃やせるごみ（可燃ごみ）,TRUE,CATEGORY_SUPPORTED_CONDITION_REVIEW_REQUIRED,個別記載・既存mappingなし。一般的な材質/用途ルールと一意のCURRENT公式categoryが一致。 collector_status=NO_ITEM_MATCH_IN_FETCHED_OFFICIAL_SOURCES
M140,I020,GENERAL_RULE_DERIVED,C-M140-01,燃やせるごみ（可燃ごみ）,S-M140-01,燃やせるごみ（可燃ごみ）,TRUE,CATEGORY_SUPPORTED_CONDITION_REVIEW_REQUIRED,個別記載・既存mappingなし。一般的な材質/用途ルールと一意のCURRENT公式categoryが一致。 collector_status=NO_ITEM_MATCH_IN_FETCHED_OFFICIAL_SOURCES
M140,I021,OFFICIAL_RULE_DERIVED,C-M140-16,衣類,S-M140-01,衣類,FALSE,CATEGORY_SUPPORTED,品目の直接記載は必須とせず、既存mappingを支えるCURRENT公式category ruleから判定。 collector_status=NO_ITEM_MATCH_IN_FETCHED_OFFICIAL_SOURCES
M140,I022,UNRESOLVED,,,,,TRUE,UNRESOLVED,直接記載・公式rule由来mapping・一意な一般則categoryのいずれでも決定できない。 collector_status=NO_ITEM_MATCH_IN_FETCHED_OFFICIAL_SOURCES
M140,I023,OFFICIAL_RULE_DERIVED,C-M140-02,燃やせないごみ（不燃ごみ）,S-M140-01,燃やせないごみ（不燃ごみ）,TRUE,CATEGORY_SUPPORTED_CONDITION_REVIEW_REQUIRED,品目の直接記載は必須とせず、既存mappingを支えるCURRENT公式category ruleから判定。 collector_status=NO_ITEM_MATCH_IN_FETCHED_OFFICIAL_SOURCES
M140,I024,GENERAL_RULE_DERIVED,C-M140-02,燃やせないごみ（不燃ごみ）,S-M140-01,燃やせないごみ（不燃ごみ）,TRUE,CATEGORY_SUPPORTED_CONDITION_REVIEW_REQUIRED,個別記載・既存mappingなし。一般的な材質/用途ルールと一意のCURRENT公式categoryが一致。 collector_status=NO_ITEM_MATCH_IN_FETCHED_OFFICIAL_SOURCES
M140,I025,UNRESOLVED,,,,,TRUE,UNRESOLVED,直接記載・公式rule由来mapping・一意な一般則categoryのいずれでも決定できない。 collector_status=NO_ITEM_MATCH_IN_FETCHED_OFFICIAL_SOURCES
M140,I026,UNRESOLVED,,,,,TRUE,UNRESOLVED,直接記載・公式rule由来mapping・一意な一般則categoryのいずれでも決定できない。 collector_status=NO_ITEM_MATCH_IN_FETCHED_OFFICIAL_SOURCES
M140,I027,OFFICIAL_RULE_DERIVED,C-M140-09,有害ごみ,S-M140-01,有害ごみ,TRUE,CATEGORY_SUPPORTED_CONDITION_REVIEW_REQUIRED,品目の直接記載は必須とせず、既存mappingを支えるCURRENT公式category ruleから判定。 collector_status=NO_ITEM_MATCH_IN_FETCHED_OFFICIAL_SOURCES
M140,I028,OFFICIAL_RULE_DERIVED,C-M140-09,有害ごみ,S-M140-01,有害ごみ,TRUE,CATEGORY_SUPPORTED_CONDITION_REVIEW_REQUIRED,品目の直接記載は必須とせず、既存mappingを支えるCURRENT公式category ruleから判定。 collector_status=NO_ITEM_MATCH_IN_FETCHED_OFFICIAL_SOURCES
M140,I029,UNRESOLVED,,,,,TRUE,UNRESOLVED,直接記載・公式rule由来mapping・一意な一般則categoryのいずれでも決定できない。 collector_status=NO_ITEM_MATCH_IN_FETCHED_OFFICIAL_SOURCES
M140,I030,OFFICIAL_RULE_DERIVED,C-M140-09,有害ごみ,S-M140-01,有害ごみ,TRUE,CATEGORY_SUPPORTED_CONDITION_REVIEW_REQUIRED,品目の直接記載は必須とせず、既存mappingを支えるCURRENT公式category ruleから判定。 collector_status=NO_ITEM_MATCH_IN_FETCHED_OFFICIAL_SOURCES
M140,I031,OFFICIAL_RULE_DERIVED,C-M140-09,有害ごみ,S-M140-01,有害ごみ,TRUE,CATEGORY_SUPPORTED_CONDITION_REVIEW_REQUIRED,品目の直接記載は必須とせず、既存mappingを支えるCURRENT公式category ruleから判定。 collector_status=NO_ITEM_MATCH_IN_FETCHED_OFFICIAL_SOURCES
M140,I032,UNRESOLVED,,,,,TRUE,UNRESOLVED,直接記載・公式rule由来mapping・一意な一般則categoryのいずれでも決定できない。 collector_status=NO_ITEM_MATCH_IN_FETCHED_OFFICIAL_SOURCES
M140,I033,OFFICIAL_RULE_DERIVED,C-M140-09,有害ごみ,S-M140-01,有害ごみ,TRUE,CATEGORY_SUPPORTED_CONDITION_REVIEW_REQUIRED,品目の直接記載は必須とせず、既存mappingを支えるCURRENT公式category ruleから判定。 collector_status=NO_ITEM_MATCH_IN_FETCHED_OFFICIAL_SOURCES
M140,I034,UNRESOLVED,,,,,TRUE,UNRESOLVED,直接記載・公式rule由来mapping・一意な一般則categoryのいずれでも決定できない。 collector_status=NO_ITEM_MATCH_IN_FETCHED_OFFICIAL_SOURCES
M140,I035,UNRESOLVED,,,,,TRUE,UNRESOLVED,直接記載・公式rule由来mapping・一意な一般則categoryのいずれでも決定できない。 collector_status=NO_ITEM_MATCH_IN_FETCHED_OFFICIAL_SOURCES
M140,I036,UNRESOLVED,,,,,TRUE,UNRESOLVED,直接記載・公式rule由来mapping・一意な一般則categoryのいずれでも決定できない。 collector_status=NO_ITEM_MATCH_IN_FETCHED_OFFICIAL_SOURCES
M140,I037,UNRESOLVED,,,,,TRUE,UNRESOLVED,直接記載・公式rule由来mapping・一意な一般則categoryのいずれでも決定できない。 collector_status=NO_ITEM_MATCH_IN_FETCHED_OFFICIAL_SOURCES
M140,I038,UNRESOLVED,,,,,TRUE,UNRESOLVED,直接記載・公式rule由来mapping・一意な一般則categoryのいずれでも決定できない。 collector_status=NO_ITEM_MATCH_IN_FETCHED_OFFICIAL_SOURCES
M140,I039,OFFICIAL_RULE_DERIVED,C-M140-10,廃食用油（天ぷら油）,S-M140-03,廃食用油（天ぷら油）,TRUE,CATEGORY_SUPPORTED_CONDITION_REVIEW_REQUIRED,品目の直接記載は必須とせず、既存mappingを支えるCURRENT公式category ruleから判定。 collector_status=NO_ITEM_MATCH_IN_FETCHED_OFFICIAL_SOURCES
M140,I040,UNRESOLVED,,,,,TRUE,UNRESOLVED,直接記載・公式rule由来mapping・一意な一般則categoryのいずれでも決定できない。 collector_status=NO_ITEM_MATCH_IN_FETCHED_OFFICIAL_SOURCES
M141,I001,DIRECT_ITEM,C-M141-03,ペットボトル,S-M141-01,text-match:ペットボトル + ペットボトル,FALSE,CATEGORY_SUPPORTED,全既存branchで公式資料中の品目表記とcategoryの直接候補あり。 collector_status=ALL_EXISTING_BRANCHES_HAVE_DIRECT_CANDIDATE
M141,I002,UNRESOLVED,,,,,TRUE,UNRESOLVED,直接記載・公式rule由来mapping・一意な一般則categoryのいずれでも決定できない。 collector_status=ONE_INFERRED_CATEGORY_CANDIDATE
M141,I003,UNRESOLVED,,,,,TRUE,UNRESOLVED,直接記載・公式rule由来mapping・一意な一般則categoryのいずれでも決定できない。 collector_status=ONE_INFERRED_CATEGORY_CANDIDATE
M141,I004,UNRESOLVED,,,,,FALSE,UNRESOLVED,直接記載・公式rule由来mapping・一意な一般則categoryのいずれでも決定できない。 collector_status=NO_ITEM_MATCH_IN_FETCHED_OFFICIAL_SOURCES
M141,I005,UNRESOLVED,,,,,FALSE,UNRESOLVED,直接記載・公式rule由来mapping・一意な一般則categoryのいずれでも決定できない。 collector_status=NO_ITEM_MATCH_IN_FETCHED_OFFICIAL_SOURCES
M141,I006,OFFICIAL_RULE_DERIVED,C-M141-02,びん・缶,S-M141-02,びん・缶,TRUE,CATEGORY_SUPPORTED_CONDITION_REVIEW_REQUIRED,品目の直接記載は必須とせず、既存mappingを支えるCURRENT公式category ruleから判定。 collector_status=NO_ITEM_MATCH_IN_FETCHED_OFFICIAL_SOURCES
M141,I007,UNRESOLVED,,,,,TRUE,UNRESOLVED,直接記載・公式rule由来mapping・一意な一般則categoryのいずれでも決定できない。 collector_status=NO_ITEM_MATCH_IN_FETCHED_OFFICIAL_SOURCES
M141,I008,UNRESOLVED,,,,,TRUE,UNRESOLVED,直接記載・公式rule由来mapping・一意な一般則categoryのいずれでも決定できない。 collector_status=NO_ITEM_MATCH_IN_FETCHED_OFFICIAL_SOURCES
M141,I009,UNRESOLVED,,,,,TRUE,UNRESOLVED,直接記載・公式rule由来mapping・一意な一般則categoryのいずれでも決定できない。 collector_status=AMBIGUOUS_CATEGORY_CANDIDATES
M141,I010,UNRESOLVED,,,,,TRUE,UNRESOLVED,直接記載・公式rule由来mapping・一意な一般則categoryのいずれでも決定できない。 collector_status=NO_ITEM_MATCH_IN_FETCHED_OFFICIAL_SOURCES
M141,I011,UNRESOLVED,,,,,TRUE,UNRESOLVED,直接記載・公式rule由来mapping・一意な一般則categoryのいずれでも決定できない。 collector_status=NO_ITEM_MATCH_IN_FETCHED_OFFICIAL_SOURCES
M141,I012,DIRECT_ITEM,C-M141-07,発泡スチロール,S-M141-03,text-match:発泡スチロール + 発泡スチロール,TRUE,CATEGORY_SUPPORTED_CONDITION_REVIEW_REQUIRED,全既存branchで公式資料中の品目表記とcategoryの直接候補あり。 collector_status=ALL_EXISTING_BRANCHES_HAVE_DIRECT_CANDIDATE
M141,I013,UNRESOLVED,,,,,FALSE,UNRESOLVED,直接記載・公式rule由来mapping・一意な一般則categoryのいずれでも決定できない。 collector_status=NO_ITEM_MATCH_IN_FETCHED_OFFICIAL_SOURCES
M141,I014,UNRESOLVED,,,,,FALSE,UNRESOLVED,直接記載・公式rule由来mapping・一意な一般則categoryのいずれでも決定できない。 collector_status=NO_ITEM_MATCH_IN_FETCHED_OFFICIAL_SOURCES
M141,I015,UNRESOLVED,,,,,FALSE,UNRESOLVED,直接記載・公式rule由来mapping・一意な一般則categoryのいずれでも決定できない。 collector_status=NO_ITEM_MATCH_IN_FETCHED_OFFICIAL_SOURCES
M141,I016,UNRESOLVED,,,,,FALSE,UNRESOLVED,直接記載・公式rule由来mapping・一意な一般則categoryのいずれでも決定できない。 collector_status=NO_ITEM_MATCH_IN_FETCHED_OFFICIAL_SOURCES
M141,I017,UNRESOLVED,,,,,TRUE,UNRESOLVED,直接記載・公式rule由来mapping・一意な一般則categoryのいずれでも決定できない。 collector_status=NO_ITEM_MATCH_IN_FETCHED_OFFICIAL_SOURCES
M141,I018,DIRECT_ITEM,C-M141-01,固形燃料用ごみ（燃えるごみ）,S-M141-02,text-match:生ごみ + 固形燃料用ごみ（燃えるごみ）,FALSE,CATEGORY_SUPPORTED,全既存branchで公式資料中の品目表記とcategoryの直接候補あり。 collector_status=ALL_EXISTING_BRANCHES_HAVE_DIRECT_CANDIDATE
M141,I019,GENERAL_RULE_DERIVED,C-M141-01,固形燃料用ごみ（燃えるごみ）,S-M141-02,固形燃料用ごみ（燃えるごみ）,FALSE,CATEGORY_SUPPORTED,個別記載・既存mappingなし。一般的な材質/用途ルールと一意のCURRENT公式categoryが一致。 collector_status=NO_ITEM_MATCH_IN_FETCHED_OFFICIAL_SOURCES
M141,I020,GENERAL_RULE_DERIVED,C-M141-01,固形燃料用ごみ（燃えるごみ）,S-M141-02,固形燃料用ごみ（燃えるごみ）,FALSE,CATEGORY_SUPPORTED,個別記載・既存mappingなし。一般的な材質/用途ルールと一意のCURRENT公式categoryが一致。 collector_status=NO_ITEM_MATCH_IN_FETCHED_OFFICIAL_SOURCES
M141,I021,UNRESOLVED,,,,,FALSE,UNRESOLVED,直接記載・公式rule由来mapping・一意な一般則categoryのいずれでも決定できない。 collector_status=ONE_INFERRED_CATEGORY_CANDIDATE
M141,I022,UNRESOLVED,,,,,TRUE,UNRESOLVED,直接記載・公式rule由来mapping・一意な一般則categoryのいずれでも決定できない。 collector_status=NO_ITEM_MATCH_IN_FETCHED_OFFICIAL_SOURCES
M141,I023,DIRECT_ITEM,C-M141-04,燃えないゴミ,S-M141-02,text-match:茶碗 + 燃えないゴミ,FALSE,CATEGORY_SUPPORTED,全既存branchで公式資料中の品目表記とcategoryの直接候補あり。 collector_status=ALL_EXISTING_BRANCHES_HAVE_DIRECT_CANDIDATE
M141,I024,GENERAL_RULE_DERIVED,C-M141-04,燃えないゴミ,S-M141-02,燃えないゴミ,FALSE,CATEGORY_SUPPORTED,個別記載・既存mappingなし。一般的な材質/用途ルールと一意のCURRENT公式categoryが一致。 collector_status=NO_ITEM_MATCH_IN_FETCHED_OFFICIAL_SOURCES
M141,I025,UNRESOLVED,,,,,TRUE,UNRESOLVED,直接記載・公式rule由来mapping・一意な一般則categoryのいずれでも決定できない。 collector_status=NO_ITEM_MATCH_IN_FETCHED_OFFICIAL_SOURCES
M141,I026,UNRESOLVED,,,,,TRUE,UNRESOLVED,直接記載・公式rule由来mapping・一意な一般則categoryのいずれでも決定できない。 collector_status=NO_ITEM_MATCH_IN_FETCHED_OFFICIAL_SOURCES
M141,I027,UNRESOLVED,,,,,TRUE,UNRESOLVED,直接記載・公式rule由来mapping・一意な一般則categoryのいずれでも決定できない。 collector_status=NO_ITEM_MATCH_IN_FETCHED_OFFICIAL_SOURCES
M141,I028,UNRESOLVED,,,,,TRUE,UNRESOLVED,直接記載・公式rule由来mapping・一意な一般則categoryのいずれでも決定できない。 collector_status=ONE_INFERRED_CATEGORY_CANDIDATE
M141,I029,UNRESOLVED,,,,,TRUE,UNRESOLVED,直接記載・公式rule由来mapping・一意な一般則categoryのいずれでも決定できない。 collector_status=NO_ITEM_MATCH_IN_FETCHED_OFFICIAL_SOURCES
M141,I030,UNRESOLVED,,,,,TRUE,UNRESOLVED,直接記載・公式rule由来mapping・一意な一般則categoryのいずれでも決定できない。 collector_status=NO_ITEM_MATCH_IN_FETCHED_OFFICIAL_SOURCES
M141,I031,UNRESOLVED,,,,,TRUE,UNRESOLVED,直接記載・公式rule由来mapping・一意な一般則categoryのいずれでも決定できない。 collector_status=NO_ITEM_MATCH_IN_FETCHED_OFFICIAL_SOURCES
M141,I032,DIRECT_ITEM,C-M141-02,びん・缶,S-M141-02,text-match:スプレー缶 + びん・缶,TRUE,CATEGORY_SUPPORTED_CONDITION_REVIEW_REQUIRED,全既存branchで公式資料中の品目表記とcategoryの直接候補あり。 collector_status=ALL_EXISTING_BRANCHES_HAVE_DIRECT_CANDIDATE
M141,I033,UNRESOLVED,,,,,TRUE,UNRESOLVED,直接記載・公式rule由来mapping・一意な一般則categoryのいずれでも決定できない。 collector_status=NO_ITEM_MATCH_IN_FETCHED_OFFICIAL_SOURCES
M141,I034,UNRESOLVED,,,,,TRUE,UNRESOLVED,直接記載・公式rule由来mapping・一意な一般則categoryのいずれでも決定できない。 collector_status=NO_ITEM_MATCH_IN_FETCHED_OFFICIAL_SOURCES
M141,I035,UNRESOLVED,,,,,TRUE,UNRESOLVED,直接記載・公式rule由来mapping・一意な一般則categoryのいずれでも決定できない。 collector_status=NO_ITEM_MATCH_IN_FETCHED_OFFICIAL_SOURCES
M141,I036,UNRESOLVED,,,,,TRUE,UNRESOLVED,直接記載・公式rule由来mapping・一意な一般則categoryのいずれでも決定できない。 collector_status=AMBIGUOUS_CATEGORY_CANDIDATES
M141,I037,UNRESOLVED,,,,,TRUE,UNRESOLVED,直接記載・公式rule由来mapping・一意な一般則categoryのいずれでも決定できない。 collector_status=NO_ITEM_MATCH_IN_FETCHED_OFFICIAL_SOURCES
M141,I038,UNRESOLVED,,,,,TRUE,UNRESOLVED,直接記載・公式rule由来mapping・一意な一般則categoryのいずれでも決定できない。 collector_status=NO_ITEM_MATCH_IN_FETCHED_OFFICIAL_SOURCES
M141,I039,UNRESOLVED,,,,,TRUE,UNRESOLVED,直接記載・公式rule由来mapping・一意な一般則categoryのいずれでも決定できない。 collector_status=NO_ITEM_MATCH_IN_FETCHED_OFFICIAL_SOURCES
M141,I040,UNRESOLVED,,,,,TRUE,UNRESOLVED,直接記載・公式rule由来mapping・一意な一般則categoryのいずれでも決定できない。 collector_status=NO_ITEM_MATCH_IN_FETCHED_OFFICIAL_SOURCES
M142,I001,OFFICIAL_RULE_DERIVED,C-M142-04,ペットボトル,S-M142-02,ペットボトル,TRUE,CATEGORY_SUPPORTED_CONDITION_REVIEW_REQUIRED,品目の直接記載は必須とせず、既存mappingを支えるCURRENT公式category ruleから判定。 collector_status=NO_ITEM_MATCH_IN_FETCHED_OFFICIAL_SOURCES
M142,I002,UNRESOLVED,,,,,TRUE,UNRESOLVED,直接記載・公式rule由来mapping・一意な一般則categoryのいずれでも決定できない。 collector_status=NO_ITEM_MATCH_IN_FETCHED_OFFICIAL_SOURCES
M142,I003,UNRESOLVED,,,,,TRUE,UNRESOLVED,直接記載・公式rule由来mapping・一意な一般則categoryのいずれでも決定できない。 collector_status=NO_ITEM_MATCH_IN_FETCHED_OFFICIAL_SOURCES
M142,I004,UNRESOLVED,,,,,FALSE,UNRESOLVED,直接記載・公式rule由来mapping・一意な一般則categoryのいずれでも決定できない。 collector_status=NO_ITEM_MATCH_IN_FETCHED_OFFICIAL_SOURCES
M142,I005,UNRESOLVED,,,,,FALSE,UNRESOLVED,直接記載・公式rule由来mapping・一意な一般則categoryのいずれでも決定できない。 collector_status=NO_ITEM_MATCH_IN_FETCHED_OFFICIAL_SOURCES
M142,I006,OFFICIAL_RULE_DERIVED,C-M142-03,かん・びん,S-M142-02,かん・びん,TRUE,CATEGORY_SUPPORTED_CONDITION_REVIEW_REQUIRED,品目の直接記載は必須とせず、既存mappingを支えるCURRENT公式category ruleから判定。 collector_status=NO_ITEM_MATCH_IN_FETCHED_OFFICIAL_SOURCES
M142,I007,UNRESOLVED,,,,,TRUE,UNRESOLVED,直接記載・公式rule由来mapping・一意な一般則categoryのいずれでも決定できない。 collector_status=NO_ITEM_MATCH_IN_FETCHED_OFFICIAL_SOURCES
M142,I008,UNRESOLVED,,,,,TRUE,UNRESOLVED,直接記載・公式rule由来mapping・一意な一般則categoryのいずれでも決定できない。 collector_status=NO_ITEM_MATCH_IN_FETCHED_OFFICIAL_SOURCES
M142,I009,UNRESOLVED,,,,,TRUE,UNRESOLVED,直接記載・公式rule由来mapping・一意な一般則categoryのいずれでも決定できない。 collector_status=NO_ITEM_MATCH_IN_FETCHED_OFFICIAL_SOURCES
M142,I010,UNRESOLVED,,,,,TRUE,UNRESOLVED,直接記載・公式rule由来mapping・一意な一般則categoryのいずれでも決定できない。 collector_status=NO_ITEM_MATCH_IN_FETCHED_OFFICIAL_SOURCES
M142,I011,UNRESOLVED,,,,,TRUE,UNRESOLVED,直接記載・公式rule由来mapping・一意な一般則categoryのいずれでも決定できない。 collector_status=NO_ITEM_MATCH_IN_FETCHED_OFFICIAL_SOURCES
M142,I012,UNRESOLVED,,,,,TRUE,UNRESOLVED,直接記載・公式rule由来mapping・一意な一般則categoryのいずれでも決定できない。 collector_status=NO_ITEM_MATCH_IN_FETCHED_OFFICIAL_SOURCES
M142,I013,UNRESOLVED,,,,,FALSE,UNRESOLVED,直接記載・公式rule由来mapping・一意な一般則categoryのいずれでも決定できない。 collector_status=NO_ITEM_MATCH_IN_FETCHED_OFFICIAL_SOURCES
M142,I014,UNRESOLVED,,,,,FALSE,UNRESOLVED,直接記載・公式rule由来mapping・一意な一般則categoryのいずれでも決定できない。 collector_status=NO_ITEM_MATCH_IN_FETCHED_OFFICIAL_SOURCES
M142,I015,UNRESOLVED,,,,,FALSE,UNRESOLVED,直接記載・公式rule由来mapping・一意な一般則categoryのいずれでも決定できない。 collector_status=NO_ITEM_MATCH_IN_FETCHED_OFFICIAL_SOURCES
M142,I016,UNRESOLVED,,,,,FALSE,UNRESOLVED,直接記載・公式rule由来mapping・一意な一般則categoryのいずれでも決定できない。 collector_status=NO_ITEM_MATCH_IN_FETCHED_OFFICIAL_SOURCES
M142,I017,OFFICIAL_RULE_DERIVED,C-M142-07,紙パック・トレイ,S-M142-03,紙パック・トレイ,TRUE,CATEGORY_SUPPORTED_CONDITION_REVIEW_REQUIRED,品目の直接記載は必須とせず、既存mappingを支えるCURRENT公式category ruleから判定。 collector_status=NO_ITEM_MATCH_IN_FETCHED_OFFICIAL_SOURCES
M142,I018,UNRESOLVED,,,,,FALSE,UNRESOLVED,直接記載・公式rule由来mapping・一意な一般則categoryのいずれでも決定できない。 collector_status=NO_ITEM_MATCH_IN_FETCHED_OFFICIAL_SOURCES
M142,I019,GENERAL_RULE_DERIVED,C-M142-01,家庭ごみ,S-M142-01,家庭ごみ,FALSE,CATEGORY_SUPPORTED,個別記載・既存mappingなし。一般的な材質/用途ルールと一意のCURRENT公式categoryが一致。 collector_status=NO_ITEM_MATCH_IN_FETCHED_OFFICIAL_SOURCES
M142,I020,GENERAL_RULE_DERIVED,C-M142-01,家庭ごみ,S-M142-01,家庭ごみ,FALSE,CATEGORY_SUPPORTED,個別記載・既存mappingなし。一般的な材質/用途ルールと一意のCURRENT公式categoryが一致。 collector_status=NO_ITEM_MATCH_IN_FETCHED_OFFICIAL_SOURCES
M142,I021,OFFICIAL_RULE_DERIVED,C-M142-14,古着,S-M142-03,古着,FALSE,CATEGORY_SUPPORTED,品目の直接記載は必須とせず、既存mappingを支えるCURRENT公式category ruleから判定。 collector_status=NO_ITEM_MATCH_IN_FETCHED_OFFICIAL_SOURCES
M142,I022,UNRESOLVED,,,,,TRUE,UNRESOLVED,直接記載・公式rule由来mapping・一意な一般則categoryのいずれでも決定できない。 collector_status=NO_ITEM_MATCH_IN_FETCHED_OFFICIAL_SOURCES
M142,I023,UNRESOLVED,,,,,FALSE,UNRESOLVED,直接記載・公式rule由来mapping・一意な一般則categoryのいずれでも決定できない。 collector_status=NO_ITEM_MATCH_IN_FETCHED_OFFICIAL_SOURCES
M142,I024,UNRESOLVED,,,,,FALSE,UNRESOLVED,直接記載・公式rule由来mapping・一意な一般則categoryのいずれでも決定できない。 collector_status=NO_ITEM_MATCH_IN_FETCHED_OFFICIAL_SOURCES
M142,I025,UNRESOLVED,,,,,TRUE,UNRESOLVED,直接記載・公式rule由来mapping・一意な一般則categoryのいずれでも決定できない。 collector_status=NO_ITEM_MATCH_IN_FETCHED_OFFICIAL_SOURCES
M142,I026,UNRESOLVED,,,,,TRUE,UNRESOLVED,直接記載・公式rule由来mapping・一意な一般則categoryのいずれでも決定できない。 collector_status=NO_ITEM_MATCH_IN_FETCHED_OFFICIAL_SOURCES
M142,I027,OFFICIAL_RULE_DERIVED,C-M142-12,電池,S-M142-03,電池,TRUE,CATEGORY_SUPPORTED_CONDITION_REVIEW_REQUIRED,品目の直接記載は必須とせず、既存mappingを支えるCURRENT公式category ruleから判定。 collector_status=NO_ITEM_MATCH_IN_FETCHED_OFFICIAL_SOURCES
M142,I028,UNRESOLVED,,,,,TRUE,UNRESOLVED,直接記載・公式rule由来mapping・一意な一般則categoryのいずれでも決定できない。 collector_status=NO_ITEM_MATCH_IN_FETCHED_OFFICIAL_SOURCES
M142,I029,UNRESOLVED,,,,,TRUE,UNRESOLVED,直接記載・公式rule由来mapping・一意な一般則categoryのいずれでも決定できない。 collector_status=NO_ITEM_MATCH_IN_FETCHED_OFFICIAL_SOURCES
M142,I030,OFFICIAL_RULE_DERIVED,C-M142-08,蛍光管,S-M142-03,蛍光管,TRUE,CATEGORY_SUPPORTED_CONDITION_REVIEW_REQUIRED,品目の直接記載は必須とせず、既存mappingを支えるCURRENT公式category ruleから判定。 collector_status=NO_ITEM_MATCH_IN_FETCHED_OFFICIAL_SOURCES
M142,I031,UNRESOLVED,,,,,TRUE,UNRESOLVED,直接記載・公式rule由来mapping・一意な一般則categoryのいずれでも決定できない。 collector_status=NO_ITEM_MATCH_IN_FETCHED_OFFICIAL_SOURCES
M142,I032,UNRESOLVED,,,,,TRUE,UNRESOLVED,直接記載・公式rule由来mapping・一意な一般則categoryのいずれでも決定できない。 collector_status=NO_ITEM_MATCH_IN_FETCHED_OFFICIAL_SOURCES
M142,I033,UNRESOLVED,,,,,TRUE,UNRESOLVED,直接記載・公式rule由来mapping・一意な一般則categoryのいずれでも決定できない。 collector_status=NO_ITEM_MATCH_IN_FETCHED_OFFICIAL_SOURCES
M142,I034,UNRESOLVED,,,,,TRUE,UNRESOLVED,直接記載・公式rule由来mapping・一意な一般則categoryのいずれでも決定できない。 collector_status=NO_ITEM_MATCH_IN_FETCHED_OFFICIAL_SOURCES
M142,I035,UNRESOLVED,,,,,TRUE,UNRESOLVED,直接記載・公式rule由来mapping・一意な一般則categoryのいずれでも決定できない。 collector_status=NO_ITEM_MATCH_IN_FETCHED_OFFICIAL_SOURCES
M142,I036,UNRESOLVED,,,,,TRUE,UNRESOLVED,直接記載・公式rule由来mapping・一意な一般則categoryのいずれでも決定できない。 collector_status=NO_ITEM_MATCH_IN_FETCHED_OFFICIAL_SOURCES
M142,I037,UNRESOLVED,,,,,TRUE,UNRESOLVED,既存mappingの全branchをCURRENT公式category ruleで裏付けられないため未解決。 collector_status=NO_ITEM_MATCH_IN_FETCHED_OFFICIAL_SOURCES
M142,I038,UNRESOLVED,,,,,TRUE,UNRESOLVED,直接記載・公式rule由来mapping・一意な一般則categoryのいずれでも決定できない。 collector_status=NO_ITEM_MATCH_IN_FETCHED_OFFICIAL_SOURCES
M142,I039,UNRESOLVED,,,,,TRUE,UNRESOLVED,直接記載・公式rule由来mapping・一意な一般則categoryのいずれでも決定できない。 collector_status=NO_ITEM_MATCH_IN_FETCHED_OFFICIAL_SOURCES
M142,I040,UNRESOLVED,,,,,TRUE,UNRESOLVED,直接記載・公式rule由来mapping・一意な一般則categoryのいずれでも決定できない。 collector_status=NO_ITEM_MATCH_IN_FETCHED_OFFICIAL_SOURCES
M143,I001,DIRECT_ITEM,C-M143-06,ペットボトル,S-M143-03,text-match:ペットボトル + ペットボトル,FALSE,CATEGORY_SUPPORTED,全既存branchで公式資料中の品目表記とcategoryの直接候補あり。 collector_status=ALL_EXISTING_BRANCHES_HAVE_DIRECT_CANDIDATE
M143,I002,UNRESOLVED,,,,,TRUE,UNRESOLVED,直接記載・公式rule由来mapping・一意な一般則categoryのいずれでも決定できない。 collector_status=NO_ITEM_MATCH_IN_FETCHED_OFFICIAL_SOURCES
M143,I003,UNRESOLVED,,,,,TRUE,UNRESOLVED,直接記載・公式rule由来mapping・一意な一般則categoryのいずれでも決定できない。 collector_status=NO_ITEM_MATCH_IN_FETCHED_OFFICIAL_SOURCES
M143,I004,UNRESOLVED,,,,,FALSE,UNRESOLVED,直接記載・公式rule由来mapping・一意な一般則categoryのいずれでも決定できない。 collector_status=AMBIGUOUS_CATEGORY_CANDIDATES
M143,I005,UNRESOLVED,,,,,FALSE,UNRESOLVED,直接記載・公式rule由来mapping・一意な一般則categoryのいずれでも決定できない。 collector_status=AMBIGUOUS_CATEGORY_CANDIDATES
M143,I006,UNRESOLVED,,,,,TRUE,UNRESOLVED,直接記載・公式rule由来mapping・一意な一般則categoryのいずれでも決定できない。 collector_status=NO_ITEM_MATCH_IN_FETCHED_OFFICIAL_SOURCES
M143,I007,UNRESOLVED,,,,,TRUE,UNRESOLVED,直接記載・公式rule由来mapping・一意な一般則categoryのいずれでも決定できない。 collector_status=NO_ITEM_MATCH_IN_FETCHED_OFFICIAL_SOURCES
M143,I008,UNRESOLVED,,,,,TRUE,UNRESOLVED,直接記載・公式rule由来mapping・一意な一般則categoryのいずれでも決定できない。 collector_status=NO_ITEM_MATCH_IN_FETCHED_OFFICIAL_SOURCES
M143,I009,UNRESOLVED,,,,,TRUE,UNRESOLVED,直接記載・公式rule由来mapping・一意な一般則categoryのいずれでも決定できない。 collector_status=NO_ITEM_MATCH_IN_FETCHED_OFFICIAL_SOURCES
M143,I010,UNRESOLVED,,,,,TRUE,UNRESOLVED,直接記載・公式rule由来mapping・一意な一般則categoryのいずれでも決定できない。 collector_status=NO_ITEM_MATCH_IN_FETCHED_OFFICIAL_SOURCES
M143,I011,UNRESOLVED,,,,,TRUE,UNRESOLVED,直接記載・公式rule由来mapping・一意な一般則categoryのいずれでも決定できない。 collector_status=ITEM_MATCH_WITHOUT_CATEGORY
M143,I012,UNRESOLVED,,,,,TRUE,UNRESOLVED,直接記載・公式rule由来mapping・一意な一般則categoryのいずれでも決定できない。 collector_status=NO_ITEM_MATCH_IN_FETCHED_OFFICIAL_SOURCES
M143,I013,DIRECT_ITEM,C-M143-07,古紙（新聞）,S-M143-03,text-match:新聞 + 古紙（新聞）,FALSE,CATEGORY_SUPPORTED,全既存branchで公式資料中の品目表記とcategoryの直接候補あり。 collector_status=ALL_EXISTING_BRANCHES_HAVE_DIRECT_CANDIDATE
M143,I014,DIRECT_ITEM,C-M143-08,古紙（ダンボール）,S-M143-03,text-match:ダンボール + 古紙（ダンボール）,FALSE,CATEGORY_SUPPORTED,全既存branchで公式資料中の品目表記とcategoryの直接候補あり。 collector_status=ALL_EXISTING_BRANCHES_HAVE_DIRECT_CANDIDATE
M143,I015,UNRESOLVED,,,,,FALSE,UNRESOLVED,直接記載・公式rule由来mapping・一意な一般則categoryのいずれでも決定できない。 collector_status=AMBIGUOUS_CATEGORY_CANDIDATES
M143,I016,UNRESOLVED,,,,,FALSE,UNRESOLVED,直接記載・公式rule由来mapping・一意な一般則categoryのいずれでも決定できない。 collector_status=AMBIGUOUS_CATEGORY_CANDIDATES
M143,I017,UNRESOLVED,,,,,TRUE,UNRESOLVED,直接記載・公式rule由来mapping・一意な一般則categoryのいずれでも決定できない。 collector_status=NO_ITEM_MATCH_IN_FETCHED_OFFICIAL_SOURCES
M143,I018,DIRECT_ITEM,C-M143-01,燃えるごみ,S-M143-03,text-match:生ごみ + 燃えるごみ,TRUE,CATEGORY_SUPPORTED_CONDITION_REVIEW_REQUIRED,全既存branchで公式資料中の品目表記とcategoryの直接候補あり。 collector_status=ALL_EXISTING_BRANCHES_HAVE_DIRECT_CANDIDATE
M143,I019,GENERAL_RULE_DERIVED,C-M143-01,燃えるごみ,S-M143-02,燃えるごみ,TRUE,CATEGORY_SUPPORTED_CONDITION_REVIEW_REQUIRED,個別記載・既存mappingなし。一般的な材質/用途ルールと一意のCURRENT公式categoryが一致。 collector_status=NO_ITEM_MATCH_IN_FETCHED_OFFICIAL_SOURCES
M143,I020,GENERAL_RULE_DERIVED,C-M143-01,燃えるごみ,S-M143-02,燃えるごみ,TRUE,CATEGORY_SUPPORTED_CONDITION_REVIEW_REQUIRED,個別記載・既存mappingなし。一般的な材質/用途ルールと一意のCURRENT公式categoryが一致。 collector_status=ITEM_MATCH_WITHOUT_CATEGORY
M143,I021,DIRECT_ITEM,C-M143-10,布類（リサイクル可能なもの）,S-M143-03,text-match:衣類 + 布類（リサイクル可能なもの）,FALSE,CATEGORY_SUPPORTED,全既存branchで公式資料中の品目表記とcategoryの直接候補あり。 collector_status=ALL_EXISTING_BRANCHES_HAVE_DIRECT_CANDIDATE
M143,I022,UNRESOLVED,,,,,TRUE,UNRESOLVED,直接記載・公式rule由来mapping・一意な一般則categoryのいずれでも決定できない。 collector_status=NO_ITEM_MATCH_IN_FETCHED_OFFICIAL_SOURCES
M143,I023,DIRECT_ITEM,C-M143-02,燃えないごみ,S-M143-03,text-match:陶磁器 + 燃えないごみ,TRUE,CATEGORY_SUPPORTED_CONDITION_REVIEW_REQUIRED,全既存branchで公式資料中の品目表記とcategoryの直接候補あり。 collector_status=ALL_EXISTING_BRANCHES_HAVE_DIRECT_CANDIDATE
M143,I024,GENERAL_RULE_DERIVED,C-M143-02,燃えないごみ,S-M143-02,燃えないごみ,TRUE,CATEGORY_SUPPORTED_CONDITION_REVIEW_REQUIRED,個別記載・既存mappingなし。一般的な材質/用途ルールと一意のCURRENT公式categoryが一致。 collector_status=NO_ITEM_MATCH_IN_FETCHED_OFFICIAL_SOURCES
M143,I025,UNRESOLVED,,,,,TRUE,UNRESOLVED,直接記載・公式rule由来mapping・一意な一般則categoryのいずれでも決定できない。 collector_status=NO_ITEM_MATCH_IN_FETCHED_OFFICIAL_SOURCES
M143,I026,UNRESOLVED,,,,,TRUE,UNRESOLVED,直接記載・公式rule由来mapping・一意な一般則categoryのいずれでも決定できない。 collector_status=NO_ITEM_MATCH_IN_FETCHED_OFFICIAL_SOURCES
M143,I027,DIRECT_ITEM,C-M143-03,有害物（乾電池・蛍光灯）,S-M143-03,text-match:乾電池 + 有害物（乾電池・蛍光灯）,TRUE,CATEGORY_SUPPORTED_CONDITION_REVIEW_REQUIRED,全既存branchで公式資料中の品目表記とcategoryの直接候補あり。 collector_status=ALL_EXISTING_BRANCHES_HAVE_DIRECT_CANDIDATE
M143,I028,UNRESOLVED,,,,,TRUE,UNRESOLVED,直接記載・公式rule由来mapping・一意な一般則categoryのいずれでも決定できない。 collector_status=NO_ITEM_MATCH_IN_FETCHED_OFFICIAL_SOURCES
M143,I029,UNRESOLVED,,,,,TRUE,UNRESOLVED,直接記載・公式rule由来mapping・一意な一般則categoryのいずれでも決定できない。 collector_status=NO_ITEM_MATCH_IN_FETCHED_OFFICIAL_SOURCES
M143,I030,DIRECT_ITEM,C-M143-03,有害物（乾電池・蛍光灯）,S-M143-03,text-match:蛍光灯 + 有害物（乾電池・蛍光灯）,TRUE,CATEGORY_SUPPORTED_CONDITION_REVIEW_REQUIRED,全既存branchで公式資料中の品目表記とcategoryの直接候補あり。 collector_status=ALL_EXISTING_BRANCHES_HAVE_DIRECT_CANDIDATE
M143,I031,UNRESOLVED,,,,,TRUE,UNRESOLVED,直接記載・公式rule由来mapping・一意な一般則categoryのいずれでも決定できない。 collector_status=NO_ITEM_MATCH_IN_FETCHED_OFFICIAL_SOURCES
M143,I032,UNRESOLVED,,,,,TRUE,UNRESOLVED,直接記載・公式rule由来mapping・一意な一般則categoryのいずれでも決定できない。 collector_status=NO_ITEM_MATCH_IN_FETCHED_OFFICIAL_SOURCES
M143,I033,UNRESOLVED,,,,,TRUE,UNRESOLVED,直接記載・公式rule由来mapping・一意な一般則categoryのいずれでも決定できない。 collector_status=NO_ITEM_MATCH_IN_FETCHED_OFFICIAL_SOURCES
M143,I034,DIRECT_ITEM,C-M143-11,小型家電（使用済小型電子機器）,S-M143-03,text-match:小型家電 + 小型家電（使用済小型電子機器）,TRUE,CATEGORY_SUPPORTED_CONDITION_REVIEW_REQUIRED,全既存branchで公式資料中の品目表記とcategoryの直接候補あり。 collector_status=ALL_EXISTING_BRANCHES_HAVE_DIRECT_CANDIDATE
M143,I035,UNRESOLVED,,,,,TRUE,UNRESOLVED,直接記載・公式rule由来mapping・一意な一般則categoryのいずれでも決定できない。 collector_status=NO_ITEM_MATCH_IN_FETCHED_OFFICIAL_SOURCES
M143,I036,DIRECT_ITEM,C-M143-02,燃えないごみ,S-M143-03,text-match:布団 + 燃えないごみ,TRUE,CATEGORY_SUPPORTED_CONDITION_REVIEW_REQUIRED,全既存branchで公式資料中の品目表記とcategoryの直接候補あり。 collector_status=ALL_EXISTING_BRANCHES_HAVE_DIRECT_CANDIDATE
M143,I037,UNRESOLVED,,,,,TRUE,UNRESOLVED,直接記載・公式rule由来mapping・一意な一般則categoryのいずれでも決定できない。 collector_status=NO_ITEM_MATCH_IN_FETCHED_OFFICIAL_SOURCES
M143,I038,DIRECT_ITEM,C-M143-11,小型家電（使用済小型電子機器）,S-M143-03,text-match:パソコン + 小型家電（使用済小型電子機器）,TRUE,CATEGORY_SUPPORTED_CONDITION_REVIEW_REQUIRED,全既存branchで公式資料中の品目表記とcategoryの直接候補あり。 collector_status=ALL_EXISTING_BRANCHES_HAVE_DIRECT_CANDIDATE
M143,I039,UNRESOLVED,,,,,TRUE,UNRESOLVED,直接記載・公式rule由来mapping・一意な一般則categoryのいずれでも決定できない。 collector_status=NO_ITEM_MATCH_IN_FETCHED_OFFICIAL_SOURCES
M143,I040,UNRESOLVED,,,,,TRUE,UNRESOLVED,直接記載・公式rule由来mapping・一意な一般則categoryのいずれでも決定できない。 collector_status=ITEM_MATCH_WITHOUT_CATEGORY
